r_p,T_3 (K),eps_r,P,B,A
15.9841723,1400,0.6699124315,0.3565260941,0.71076436,0.5016094139
10.07546449,1400,0.7268169782,0.3982646457,0.7165756995,0.555788657
14.9526539,1400,0.2695920155,0.3593241393,0.7079928715,0.5075250808
10.70147109,1400,0.849445106,0.4052655498,0.7195195581,0.5632446614
23.01369638,1400,0.2111497166,0.3587502881,0.7229692209,0.496217927
7.12542148,1400,0.2265968097,0.3320834054,0.6917784996,0.4800429698
9.424132232,1400,0.009662237357,0.3293713909,0.6876301183,0.4789950034
7.773065265,1400,0.4466612378,0.3668839299,0.7059679173,0.5196892392
5.96012029,1400,0.4934472526,0.3622969329,0.7091689785,0.5108753257
7.336989884,1400,0.01130350914,0.308229809,0.6773907002,0.455025156
20.79497609,1400,0.7236695641,0.3527762659,0.7190660039,0.490603455
23.1741919,1400,0.4921684515,0.3556449973,0.7232353227,0.4917417419
6.016826746,1400,0.4331739452,0.3516572803,0.7048162125,0.498934721
6.070654269,1400,0.2983472093,0.3296241842,0.6946465409,0.4745207307
12.82613466,1400,0.4470854878,0.3677242207,0.7081796658,0.5192527242
17.61814308,1400,0.161077822,0.3590144832,0.7125958438,0.5038122048
14.09739265,1400,0.503563568,0.3654428083,0.7095445078,0.5150385977
5.911033422,1400,0.6942112968,0.4058712413,0.7227695367,0.561550011
5.184720381,1400,0.8311179608,0.4462178971,0.7341425025,0.6078082874
14.31089629,1400,0.235911115,0.3591557717,0.7067445407,0.5081832982
20.55811199,1400,0.589071848,0.3554739448,0.7186224,0.4946602622
21.66160758,1400,0.1555473643,0.3599415276,0.7206428699,0.4994728216
9.400002194,1400,0.5064830099,0.3772792062,0.7089264109,0.5321838775
22.17620056,1400,0.7101603377,0.3524573092,0.721546642,0.4884747411
13.33876982,1400,0.537076842,0.3694074367,0.709888039,0.520374223
8.217710867,1400,0.1702144324,0.3355187625,0.6914166751,0.4852627577
20.63897888,1400,0.9185488285,0.3479430489,0.7187744793,0.4840781899
21.98613843,1400,0.8793663361,0.3484684503,0.7212155556,0.4831682395
21.48721358,1400,0.5549519909,0.355792449,0.7203312061,0.4939289677
6.882812808,1400,0.6743170334,0.4026606114,0.7193570653,0.5597506869
21.17306886,1400,0.4540888876,0.3574318223,0.7197626946,0.4965967603
9.208940749,1400,0.8063035484,0.4139890109,0.7209568179,0.5742216464
9.114050476,1400,0.3985822965,0.3654037729,0.7043310873,0.5187954635
23.6936767,1400,0.7455687986,0.3503597268,0.7240829055,0.4838668668
23.95018065,1400,0.3519787072,0.3566502212,0.7244938931,0.4922749861
15.69928449,1400,0.6530219182,0.3584648901,0.7107837045,0.5043234501
20.95687092,1400,0.1584106697,0.36017753,0.7193660131,0.5006874434
10.71459424,1400,0.6959220154,0.3914379463,0.7148000915,0.5476187692
21.4170788,1400,0.04999196364,0.360365827,0.7202050799,0.5003655724
14.45383569,1400,0.3048058025,0.3604837221,0.70763877,0.5094177106
19.02108634,1400,0.01584160644,0.3603829621,0.7155996656,0.5036097408
7.535803106,1400,0.624524592,0.3935254774,0.7155773907,0.5499411839
21.88840553,1400,0.5360766006,0.3559048457,0.7210440758,0.4935965187
12.81063347,1400,0.7022938269,0.3784349646,0.7130146732,0.5307534036
18.45896052,1400,0.2522003883,0.3591560915,0.7144263726,0.5027195317
21.00752385,1400,0.3162005001,0.3590579611,0.7194593546,0.4990663597
13.42994989,1400,0.6198849467,0.3716338043,0.7112021661,0.5225431277
21.51718889,1400,0.9076123826,0.3479495734,0.7203849736,0.4830050405
7.669798112,1400,0.4516366959,0.3671312938,0.7062166811,0.5198564458
14.87091865,1400,0.5208657738,0.3624732977,0.7099073227,0.5105924198
14.0632516,1400,0.7824375789,0.3714947909,0.7131708785,0.5209057214
20.31141876,1400,0.02116949288,0.3606300182,0.7181543616,0.5021622613
12.11062453,1400,0.1993008366,0.3560661413,0.702186558,0.5070819674
17.81991215,1400,0.6782335644,0.3528244756,0.7130437555,0.4948146209
7.456228128,1400,0.4151668147,0.3608025909,0.7040838935,0.5124426141
10.41257889,1400,0.6789102768,0.3916242438,0.7145776809,0.5480499241
10.10667086,1400,0.6114035991,0.3866115292,0.7125752634,0.542555361
6.47034496,1400,0.6573185533,0.3987308239,0.7191809621,0.5544234969
15.62414803,1400,0.07547624438,0.3571924551,0.7081302092,0.5044163495
10.12897449,1400,0.3552713293,0.3632992468,0.7035766819,0.5163605561
18.94088824,1400,0.5574952347,0.3557798929,0.7154346259,0.4972919678
14.11410953,1400,0.8961571705,0.3733420229,0.7147126535,0.5223666059
17.25559826,1400,0.8811217976,0.3475217352,0.711776644,0.4882454885
6.79411685,1400,0.8747279925,0.4488631909,0.7305586311,0.6144109066
11.74624824,1400,0.1040558812,0.3496684155,0.6990108075,0.5002332035
9.850223323,1400,0.2273488761,0.351303672,0.6983186022,0.503070763
8.793401971,1400,0.9287411892,0.4368649654,0.7268492391,0.6010393103
23.26560159,1400,0.4099183542,0.3566783972,0.7233859739,0.4930678919
8.409963388,1400,0.3528549567,0.3577232574,0.7015216179,0.509924781
17.89010115,1400,0.6118564833,0.3541562256,0.7131982615,0.496574718
19.86539988,1400,0.3047310266,0.3592529417,0.7172920377,0.5008461308
23.61571926,1400,0.1538513486,0.3585057214,0.7239570247,0.4952030427
18.12736262,1400,0.7010287469,0.3526101951,0.7137156417,0.4940485741
10.66203833,1400,0.6705945511,0.3895584912,0.7140722182,0.5455449481
18.18609747,1400,0.7437356209,0.3517331077,0.7138425695,0.4927320431
14.62230458,1400,0.3894507734,0.3616393997,0.7086140427,0.5103474924
19.92642991,1400,0.06164212661,0.360567991,0.7174112845,0.502595929
16.74526411,1400,0.1902714075,0.3578158957,0.7105908044,0.5035470392
4.370638721,1400,0.5003087017,0.3385783853,0.7114543801,0.4758961288
16.71264985,1400,0.7688993258,0.3500942701,0.7106770679,0.4926207499
12.32531295,1400,0.2760734511,0.3603249195,0.7042661983,0.5116317102
20.33522912,1400,0.06835738307,0.3605671053,0.7181998081,0.5020428872
11.12881376,1400,0.4872937629,0.3736277423,0.7084591465,0.5273807871
9.035589252,1400,0.4056489839,0.365975998,0.7045816242,0.5194231377
21.78498185,1400,0.36306073,0.3582844479,0.7208616901,0.4970224563
7.733068386,1400,0.3373506367,0.3519202063,0.6998561428,0.5028464919
5.366303838,1400,0.0440413313,0.2796707385,0.6679278566,0.418713991
17.78557301,1400,0.7343558871,0.3516133771,0.7129679209,0.49316858
22.43863034,1400,0.4880030631,0.3562989787,0.7219986891,0.4934897861
21.2542191,1400,0.2897584229,0.3592202921,0.719910439,0.4989791405
17.52685156,1400,0.6384702581,0.3533204632,0.7123913238,0.4959640178
15.66213384,1400,0.3300628993,0.3586362482,0.7092049549,0.5056877363
22.11513668,1400,0.5250663597,0.355948385,0.7214406113,0.4933855669
22.52099307,1400,0.3345813087,0.358130014,0.7221393626,0.4959292244
16.52819675,1400,0.4177114018,0.3557876571,0.7101749404,0.5009859357
20.56814112,1400,0.3288332671,0.3590233728,0.7186412967,0.4995863367
11.5005547,1400,0.7499571938,0.390360614,0.715433313,0.5456282325
10.68800605,1400,0.4315962281,0.369957226,0.7066128212,0.5235642701
12.41564034,1400,0.8190422924,0.3869745422,0.7158695687,0.5405657107
21.9795447,1400,0.3500310128,0.3583188322,0.7212040128,0.4968342187
16.420746,1400,0.673823263,0.3535619434,0.71060648,0.4975495628
21.20114224,1400,0.8919569646,0.3485175476,0.7198138762,0.4841773118
18.56563144,1400,0.496132295,0.3565420244,0.7146520204,0.4989029825
5.305680191,1400,0.1324091966,0.2908999197,0.6771134471,0.429617697
20.0312616,1400,0.5837925884,0.3555924747,0.7176151796,0.4955197225
14.00150154,1400,0.1226851024,0.3560710405,0.7049036081,0.5051343708
15.4570362,1400,0.4882485757,0.359726109,0.7098431234,0.5067684635
11.39521923,1400,0.6295698298,0.3826908395,0.7123356971,0.5372338366
21.30590532,1400,0.4998061996,0.3567352494,0.7200042169,0.4954627224
12.88235441,1400,0.9450411831,0.3881746688,0.7177290645,0.5408373271
16.36249401,1400,0.5927573056,0.3548162117,0.7104081919,0.4994539981
16.92176609,1400,0.8355964086,0.3482915742,0.7110053829,0.4898578585
18.06122235,1400,0.780727767,0.3507949435,0.7135721672,0.4916040166
8.086337614,1400,0.6525114676,0.3974828464,0.7162428689,0.5549553981
7.263479059,1400,0.4110318704,0.3589898881,0.7037396196,0.5101174896
13.25810322,1400,0.7144501088,0.3758061039,0.712872388,0.5271716372
22.34088845,1400,0.6481769752,0.3536234937,0.7218310084,0.4898978979
8.340626013,1400,0.06674357492,0.3254648176,0.6859550907,0.4744695709
17.76203498,1400,0.9470519351,0.3462115658,0.7129158462,0.485627536
23.31276292,1400,0.7626913309,0.3503523678,0.7234634451,0.4842710025
15.90637781,1400,0.01649446132,0.3570990237,0.7085949155,0.5039536918
10.07774591,1400,0.3149756216,0.3597092099,0.7020501046,0.512369712
19.93317863,1400,0.1166333345,0.3604248653,0.7174244462,0.5023872092
12.27088037,1400,0.7773714214,0.3860302135,0.7151422125,0.539795032
12.31885052,1400,0.7583325219,0.3846411171,0.7146604996,0.5382151628
5.640174551,1400,0.4601925655,0.3521612038,0.7068910497,0.4981831414
18.8470068,1400,0.8769690972,0.3488733192,0.7152404465,0.4877706803
20.18652288,1400,0.8536569801,0.3497526448,0.7179150093,0.4871783432
6.359977276,1400,0.9160503176,0.46543779,0.7343888391,0.6337756856
21.61881171,1400,0.5078148719,0.3564837494,0.7205666449,0.494726965
7.257898016,1400,0.2224523275,0.3329268818,0.6918541561,0.4812096289
17.6469772,1400,0.3616354127,0.3575145453,0.7126601983,0.5016620069
20.53260869,1400,0.1572563905,0.3602576126,0.7185743014,0.5013505379
8.421111577,1400,0.1699435975,0.3371354609,0.6920173919,0.4871777283
12.72573999,1400,0.1717833998,0.3558427065,0.7028887606,0.5062574997
23.56079356,1400,0.3032174294,0.3575378572,0.7238680589,0.4939268321
9.047207599,1400,0.04035663115,0.3291126714,0.6875091544,0.4787029659
17.75007828,1400,0.1475307264,0.3592037777,0.7128893646,0.5038702995
17.24238757,1400,0.597359981,0.353761344,0.7117464364,0.4970328278
15.1054632,1400,0.4157896017,0.3605963844,0.7091936531,0.5084596892
5.461021398,1400,0.661643065,0.3954625043,0.7217896835,0.5478915997
6.432470136,1400,0.8142334302,0.4358116443,0.7284524609,0.5982705361
4.887466597,1400,0.02050868681,0.2653562068,0.6613864048,0.4012120674
7.120165305,1400,0.5784552314,0.3850881848,0.713558161,0.5396731562
12.23275866,1400,0.3845431868,0.3658337369,0.7065002094,0.5178112222
20.06447999,1400,0.4145205587,0.358103167,0.7176795434,0.49897363
18.98876478,1400,0.8041634472,0.3507822346,0.7155332434,0.4902389063
8.057364882,1400,0.3313463245,0.3532246143,0.6999567793,0.5046377502
10.52741255,1400,0.438088097,0.3705301924,0.7067323748,0.5242864281
18.99032571,1400,0.9422509644,0.3471289351,0.7155364541,0.4851310274
8.710009062,1400,0.2007578261,0.3425273785,0.6944340598,0.493246801
5.320073856,1400,0.4770055746,0.3511357971,0.7083760804,0.495691211
21.55913622,1400,0.8933960291,0.3483226158,0.7204600773,0.4834724738
7.34700843,1400,0.7041882703,0.4079156976,0.7200668833,0.5664969561
20.97448722,1400,0.5433767392,0.356162319,0.719398504,0.4950834858
18.82540846,1400,0.8545016099,0.3494520356,0.7151956229,0.4886104227
7.242683908,1400,0.0099450162,0.3068466764,0.6767488316,0.4534129385
6.549417445,1400,0.2950228056,0.3352416021,0.6952755279,0.4821708641
12.64018592,1400,0.5090652986,0.370923158,0.7092986993,0.5229435192
4.358077746,1400,0.5743419962,0.3572885147,0.7179919242,0.4976219128
9.749545581,1400,0.649332094,0.3918136036,0.7142101308,0.5485970958
18.3464833,1400,0.4897616488,0.3564951163,0.7141868814,0.4991622299
20.98768219,1400,0.1607922891,0.3601586403,0.7194228206,0.500621651
23.44940569,1400,0.9351175893,0.3456911027,0.7236869347,0.4776804529
22.95653408,1400,0.1506414325,0.3591246203,0.7228739515,0.4968011636
9.790364343,1400,0.3892745971,0.3658122789,0.7045028762,0.5192488083
14.70432673,1400,0.6775179321,0.3650737355,0.7114046151,0.5131731334
20.56700034,1400,0.9049709838,0.3483355838,0.7186391477,0.4847155696
5.912895965,1400,0.8314408306,0.4434709207,0.7312552793,0.6064515817
22.48483023,1400,0.846353492,0.3490017692,0.7220776673,0.4833299588
7.791621867,1400,0.07428193126,0.3207299407,0.6840405918,0.4688755967
6.208071923,1400,0.8034176931,0.4340318005,0.7285631813,0.5957366658
20.70524452,1400,0.6314363993,0.3546755664,0.7188986109,0.4933596491
12.36330955,1400,0.6177962702,0.3771967711,0.711567203,0.5300929688
9.284791831,1400,0.7646705169,0.4078994368,0.7191928911,0.5671627763
7.653239926,1400,0.257019279,0.3410326919,0.6949996695,0.4906947541
18.84242748,1400,0.2602685334,0.3593137838,0.7152309477,0.5023744918
23.28926637,1400,0.568853736,0.3543089865,0.7234248693,0.4897661133
17.94003475,1400,0.1741347048,0.3592508781,0.7133077738,0.5036407723
8.008925327,1400,0.2519179948,0.3432537224,0.6954815332,0.4935482915
13.96130954,1400,0.3946682223,0.3633331281,0.7081317806,0.513086883
16.84338519,1400,0.01877918657,0.3584717153,0.7108218678,0.5043059752
9.789219365,1400,0.7517172755,0.4028439139,0.7178681439,0.5611670016
14.58202833,1400,0.6151880909,0.3650608074,0.7108075252,0.5135860194
5.936574109,1400,0.1236893489,0.301662215,0.6793494096,0.4440457455
16.62376052,1400,0.5685672862,0.3536299651,0.7103633957,0.497815579
19.34614976,1400,0.1121017593,0.3603223574,0.7162608523,0.5030602416
5.656077334,1400,0.9436118792,0.4845338205,0.7389775226,0.6556814052
8.494363427,1400,0.578674255,0.3863327383,0.71235943,0.5423283837
21.71573657,1400,0.4326300189,0.3574939384,0.7207390433,0.4960102298
8.233278816,1400,0.1343318071,0.3317017667,0.6894298636,0.4811247441
9.244074304,1400,0.01900452784,0.3287531331,0.6872940811,0.4783296439
8.88873745,1400,0.8042237389,0.4163123878,0.7215388899,0.5769784465
20.0024529,1400,0.7185535026,0.352963864,0.7175592647,0.491895069
4.724957902,1400,0.05748696942,0.2663684509,0.6648218452,0.4006613995
20.94119187,1400,0.2882443771,0.3593248886,0.71933707,0.4995222735
16.6301944,1400,0.6426179938,0.3525897027,0.710470218,0.4962765416
20.91167292,1400,0.4883594603,0.3570253738,0.7192825138,0.4963632049
13.919449,1400,0.6420887702,0.3694295908,0.7113467977,0.5193382355
8.153710094,1400,0.9219450995,0.4439173019,0.7284533926,0.609396986
6.835648343,1400,0.003301364606,0.300416305,0.6737704682,0.4458733636
14.01820896,1400,0.5498248231,0.3667989113,0.710108958,0.5165389159
20.1635188,1400,0.3074071243,0.3592476093,0.7178707461,0.5004349477
20.14106768,1400,0.2808656076,0.3594773351,0.7178274932,0.5007851309
10.93817676,1400,0.908364694,0.4081594885,0.7208080008,0.5662527164
12.60308896,1400,0.5481138572,0.3728100566,0.7100704468,0.5250324926
12.85941803,1400,0.7732737464,0.3810568303,0.7143470214,0.5334337778
19.41052079,1400,0.2374351006,0.359699473,0.7163903326,0.5020998422
8.966140421,1400,0.4636704002,0.3723150441,0.7070923634,0.526543721
4.948724096,1400,0.5100702765,0.3524844944,0.7114295667,0.4954594396
13.39966524,1400,0.07132022531,0.3531548307,0.7027630047,0.5025233661
14.46477244,1400,0.1939668017,0.3582363363,0.7065886078,0.5069942146
7.578174574,1400,0.7101350891,0.4083879026,0.7199181401,0.5672699157
19.92657219,1400,0.1272824319,0.3603861133,0.7174115621,0.5023422152
17.92765833,1400,0.8137538047,0.3498974356,0.7132806617,0.4905466451
14.27958714,1400,0.2183259841,0.3587583639,0.7065103173,0.507789278
9.652839242,1400,0.2228516336,0.3500242543,0.6977067545,0.5016781793
5.310415868,1400,0.535216225,0.3635522285,0.7129157709,0.5099511658
23.95514478,1400,0.2280164003,0.3577256856,0.724501799,0.4937540336
9.099066059,1400,0.416686887,0.367322215,0.7051052164,0.5209466707
17.84835412,1400,0.9298839369,0.3467758875,0.713106445,0.4862890947
9.238603097,1400,0.3465831362,0.3603114463,0.702206471,0.5131132526
5.237381429,1400,0.8817761431,0.4649463671,0.7371592234,0.6307271921
10.69687611,1400,0.1039980426,0.3452333171,0.6960038562,0.4960221327
7.06455583,1400,0.5353490684,0.3775075347,0.7111215591,0.530862171
23.75287463,1400,0.3990987118,0.3563289874,0.7241781901,0.4920460078
5.372307268,1400,0.07222222709,0.2836855131,0.6710789131,0.422730483
10.42983751,1400,0.2269260939,0.3534855028,0.6995248006,0.5053223309
12.73665487,1400,0.4340924056,0.3673777798,0.7078849482,0.5189795048
10.65336962,1400,0.1668711432,0.3497064028,0.6979914377,0.5010181843
20.64642771,1400,0.2158814486,0.359920975,0.7187884547,0.5007328271
16.66464086,1400,0.6847152159,0.3517541282,0.7105325342,0.495057033
16.95623597,1400,0.5437369664,0.3543118715,0.711085792,0.4982688102
15.55363692,1400,0.2698566401,0.358585446,0.7088122185,0.5058962538
9.25374546,1400,0.452017247,0.3713832941,0.7066805529,0.5255320704
7.468251058,1400,0.1650204208,0.3278944181,0.6887002521,0.4761061393
8.646415186,1400,0.9179978811,0.4369092778,0.7268283259,0.601117571
7.097092068,1400,0.21662988,0.3304648954,0.6910218843,0.4782263818
7.33514199,1400,0.7202269733,0.4110011823,0.7209296436,0.5700988799
15.24573133,1400,0.3304444105,0.3595208193,0.7087591696,0.5072538524
16.10682294,1400,0.407947307,0.3573329973,0.7098646286,0.5033818885
14.51586821,1400,0.8920782058,0.3692405826,0.7140433265,0.5171122939
9.829133367,1400,0.6375133181,0.3902487167,0.7137079905,0.5467904548
5.613916121,1400,0.2687551643,0.3178163126,0.6912446459,0.4597739954
21.7772314,1400,0.9129548158,0.3476649868,0.7208479839,0.4823000058
21.67514918,1400,0.03735070741,0.3602725495,0.7206669546,0.4999154563
11.89777918,1400,0.8354531934,0.3926741867,0.7170386349,0.5476332342
18.14334335,1400,0.3593501199,0.3579740176,0.7137502213,0.501539624
5.181886178,1400,0.4273044476,0.3388104873,0.7043828157,0.4810033405
10.96355556,1400,0.04620712316,0.3424418843,0.6949595669,0.4927508026
15.28107912,1400,0.6737420696,0.3612068441,0.7110892272,0.5079627568
14.58469255,1400,0.3655453328,0.3613441355,0.708359838,0.5101138095
20.47109538,1400,0.09854872695,0.3604844781,0.7184580176,0.5017474498
20.80303459,1400,0.03582843275,0.3605620504,0.719080998,0.5014206347
8.858706629,1400,0.5390494605,0.3811257079,0.7103921893,0.5365004199
20.32516005,1400,0.08714242863,0.3605245782,0.7181805966,0.501997102
11.1538491,1400,0.3558112741,0.364421472,0.7047187553,0.5171161819
5.307494221,1400,0.73246865,0.4141908446,0.7271063208,0.5696427506
19.90135631,1400,0.6379660976,0.3545965207,0.7173623419,0.4943060153
19.96973942,1400,0.08974490381,0.3605095703,0.7174956634,0.5024553996
22.32338663,1400,0.08995600869,0.3598111585,0.7218008979,0.4984908713
8.557055673,1400,0.08081591634,0.3289009952,0.6876343797,0.4783079568
14.39544198,1400,0.1287904733,0.3567348116,0.7058243564,0.5054158423
16.65693142,1400,0.848714312,0.3492765783,0.7109475796,0.4912831667
14.3936911,1400,0.5355896838,0.3648117901,0.7099713303,0.5138401714
4.219236924,1400,0.3704692546,0.3056337094,0.6989963407,0.4372465085
6.960431201,1400,0.5959929697,0.387794449,0.71475193,0.5425580998
17.64499684,1400,0.9461035874,0.3461311287,0.7126557821,0.4856918829
6.60576981,1400,0.8271676476,0.4381051833,0.7286155614,0.6012844173
16.94276101,1400,0.01352238464,0.3586072255,0.7110543799,0.5043316456
17.07672485,1400,0.5292533201,0.3546929135,0.7113654526,0.4986085733
6.421368342,1400,0.4867169586,0.3651869547,0.7084608891,0.5154652294
18.73684498,1400,0.904509235,0.3480778501,0.7150112306,0.4868145215
5.920543475,1400,0.06002468462,0.2927237185,0.6732319816,0.4348036436
12.08895465,1400,0.7448796835,0.3856566764,0.7146166947,0.5396692791
10.32256994,1400,0.03454530718,0.3378686619,0.6922829675,0.4880499417
7.975545195,1400,0.759931442,0.4155064816,0.7215362537,0.5758636235
11.09404157,1400,0.02045026751,0.3413665998,0.6945991413,0.4914584247
15.93882488,1400,0.7925795155,0.3560646544,0.7114220997,0.5004970391
7.591157071,1400,0.5442969754,0.3806350363,0.7112669633,0.5351507323
11.13005205,1400,0.04735852215,0.3433848346,0.6955543008,0.4936851576
9.148294634,1400,0.5272852051,0.3796574269,0.7098079531,0.5348734475
17.36592337,1400,0.5451174188,0.3547806593,0.712027924,0.4982679013
20.88232894,1400,0.6870613089,0.3535339888,0.7192281968,0.4915463414
23.28530469,1400,0.685411123,0.3520905973,0.7234183609,0.4867039825
20.95229131,1400,0.6150812035,0.3549246669,0.7193575618,0.4933911671
18.57384284,1400,0.5188726435,0.3562062378,0.7146693313,0.498421049
7.684656748,1400,0.4367763949,0.3650969536,0.7054018392,0.5175730106
22.95395523,1400,0.3487167545,0.3576492976,0.7228696473,0.4947631968
16.74870121,1400,0.2309440424,0.3575720449,0.7105989235,0.5031981236
9.94745903,1400,0.2375028987,0.352588511,0.6989177272,0.5044778481
13.25875957,1400,0.002238997816,0.350012211,0.701281573,0.4991036761
5.133704922,1400,0.1799614318,0.2944125001,0.6812717575,0.4321513358
21.51941123,1400,0.3121631001,0.3589187937,0.7203889566,0.4982291724
18.34219846,1400,0.3065661807,0.3586338749,0.714177726,0.5021633438
8.779270783,1400,0.3325313892,0.3570808825,0.7009915726,0.5093939734
12.3054001,1400,0.4801819313,0.3705492663,0.7086176685,0.522918469
20.54866297,1400,0.7838647319,0.3514514275,0.7186045871,0.4890748456
20.26810691,1400,0.425993227,0.3579615166,0.7180715423,0.4985039729
7.270977379,1400,0.7218654693,0.4115063088,0.7211522957,0.5706233083
10.26959153,1400,0.6331440253,0.3880522814,0.7131984952,0.5441013743
8.927202484,1400,0.6946455684,0.4007624796,0.7169531486,0.5589800121
5.360361516,1400,0.07907179079,0.2843910076,0.6717476078,0.4233599112
12.76232749,1400,0.6610776329,0.3769903308,0.7122472478,0.529296999
19.49786407,1400,0.6790577622,0.3537261467,0.7165652666,0.4936412121
7.200446757,1400,0.1464747543,0.3226541046,0.6864959448,0.4700014721
6.906801921,1400,0.2393553707,0.3314055479,0.6920907388,0.4788469623
13.97711994,1400,0.5485728235,0.3669582086,0.7100911672,0.5167761909
12.3102997,1400,0.7856747493,0.38614792,0.7152774472,0.5398575357
6.840356796,1400,0.8582606766,0.4441949593,0.7295309576,0.6088774639
13.41417631,1400,0.2810179072,0.3606843642,0.705962795,0.5109112928
23.8452435,1400,0.2459889799,0.3577164016,0.7243263449,0.4938608186
21.13178093,1400,0.4226941387,0.3578545944,0.7196872849,0.4972362329
19.44254667,1400,0.3603039385,0.3586290492,0.7164545755,0.5005607632
23.7564161,1400,0.1189082898,0.3585046826,0.7241838821,0.4950464812
4.234765294,1400,0.4415685101,0.3213829201,0.7061254397,0.4551357337
18.57364444,1400,0.2057278966,0.3595384696,0.7146689131,0.5030839638
16.43332017,1400,0.8540266906,0.3511887206,0.7112161767,0.4937861823
20.3177356,1400,0.05292666099,0.3605952482,0.7181664242,0.5021054118
4.8200221,1400,0.3244946383,0.3119024748,0.6949074184,0.4488403298
16.47518913,1400,0.05724713326,0.3579223486,0.7099563986,0.5041469438
16.12661601,1400,0.1816194575,0.3577985119,0.7094042921,0.5043647408
17.00516557,1400,0.7126970352,0.3512373753,0.7111996231,0.4938660876
11.7106146,1400,0.9179381563,0.400093738,0.7194505878,0.5561100996
21.70478363,1400,0.8745947082,0.3487584405,0.720719604,0.4839030859
8.764312962,1400,0.3577828886,0.3598224889,0.7021621705,0.512449266
19.53004135,1400,0.06416954482,0.3604962393,0.7166294948,0.5030441001
17.16712807,1400,0.3683924153,0.3569181842,0.7115738599,0.5015897918
20.89161891,1400,0.6690297588,0.3538997605,0.719245402,0.4920431323
14.26526128,1400,0.6933915705,0.3682649604,0.7118345984,0.5173462504
12.8657794,1400,0.8613253574,0.3847262002,0.716073157,0.5372721997
10.55701938,1400,0.8271236185,0.4045248206,0.7190966395,0.5625458365
23.03789761,1400,0.4180217861,0.3567811193,0.7230094773,0.4934667255
23.85645115,1400,0.5128135466,0.3546515172,0.7243442783,0.4896173377
10.70939008,1400,0.7691768047,0.3978730055,0.7170491698,0.5548754845
8.230037159,1400,0.05924059713,0.3236066522,0.6850384498,0.4723919545
6.898036422,1400,0.352007723,0.3473591599,0.6997279294,0.4964203161
23.06067975,1400,0.6379259026,0.353254199,0.7230473306,0.4885630361
16.51627674,1400,0.4482378121,0.3555325466,0.7101963216,0.5006116419
19.18659582,1400,0.3478769701,0.3586788312,0.7159378577,0.5009915698
16.57525653,1400,0.3012577103,0.3567769766,0.7101869051,0.5023705366
4.646565205,1400,0.04320500254,0.2622592576,0.6623363551,0.3959608371
15.44577105,1400,0.6562423274,0.3600931851,0.7108944854,0.5065353474
12.64587518,1400,0.4528084348,0.3684030097,0.7081964644,0.5201988829
6.304353193,1400,0.8198124049,0.4380110563,0.7291928832,0.6006792804
10.96973653,1400,0.7648821489,0.395503211,0.7165462397,0.5519576953
6.313641069,1400,0.6813042302,0.4037011087,0.7209733115,0.5599390467
5.692566233,1400,0.3102955232,0.3259279477,0.6949572454,0.4689899269
19.67496475,1400,0.9446453412,0.3472355952,0.716917335,0.4843453746
14.20626531,1400,0.671553008,0.3682599958,0.7115973799,0.5175117365
13.64055494,1400,0.06763469132,0.3536246323,0.7033333158,0.50278385
9.266373162,1400,0.1023504321,0.3366355208,0.6913457544,0.4869278775
6.871201466,1400,0.6573783523,0.3992858838,0.7184167877,0.5557858484
14.85163312,1400,0.445946468,0.3617270668,0.709266655,0.5100015125
11.95606696,1400,0.841037059,0.392470881,0.7170805266,0.5473177229
16.60408852,1400,0.5172955604,0.3543774588,0.7103026173,0.4989105349
11.65369233,1400,0.6186318504,0.3807319685,0.7119109446,0.5348028028
16.44750492,1400,0.7180030375,0.3528371872,0.7107202841,0.4964501437
17.59254869,1400,0.2442014775,0.358498363,0.7125386228,0.5031283239
14.75421818,1400,0.3958341304,0.3613894497,0.7087772346,0.5098773381
17.57802437,1400,0.3997479564,0.3570212,0.7125061101,0.5010780889
20.52522811,1400,0.02356627308,0.3606139924,0.7185603696,0.5018562221
19.47701699,1400,0.05058325756,0.3605058203,0.7165235919,0.503131822
5.35850141,1400,0.4280297864,0.3418498836,0.7044234848,0.4852902991
20.65390347,1400,0.4967054723,0.3569555503,0.718802475,0.4965975532
13.95089068,1400,0.09604706384,0.3552051285,0.7044685231,0.5042171749
9.471713778,1400,0.3780432644,0.3641233008,0.7037733173,0.5173871925
7.285552871,1400,0.2488971706,0.3366496904,0.6936580683,0.4853251274
17.33133582,1400,0.4319481993,0.3563655309,0.7119493359,0.5005490038
14.62778045,1400,0.1870898718,0.358130376,0.7068190009,0.5066790444
15.03945868,1400,0.02985028559,0.3557024999,0.7065137175,0.5034615622
7.941304094,1400,0.5206000472,0.3778710677,0.7098479631,0.532326762
4.438008993,1400,0.3979071511,0.3172138003,0.7017869789,0.452008672
11.57611059,1400,0.5652821273,0.377663532,0.7105766486,0.5314888023
17.81998721,1400,0.5477772412,0.3551921908,0.7130439211,0.4981350801
8.235738628,1400,0.7113038146,0.4061881266,0.718769029,0.5651163451
19.40561888,1400,0.3040600713,0.3591685204,0.7163804892,0.5013655813
9.441635832,1400,0.805310249,0.4119234589,0.7204528761,0.5717562835
16.89552621,1400,0.9297536013,0.3457562068,0.7109440513,0.4863339193
17.96944361,1400,0.6095914869,0.3542645338,0.7133721151,0.4966055251
23.53617853,1400,0.01429304451,0.3589353603,0.7238281145,0.4958848007
17.16468874,1400,0.2028326856,0.3582927165,0.7115682523,0.5035254388
15.4955763,1400,0.9029352772,0.3596165723,0.712726647,0.5045645112
11.59092528,1400,0.1030449496,0.3490295814,0.6985554696,0.4996447621
20.70266221,1400,0.2922851059,0.3593391943,0.7188937818,0.4998501912
10.08854129,1400,0.3104069702,0.3593423433,0.701898297,0.5119578503
18.30001472,1400,0.2146977772,0.3593040203,0.7140874661,0.5031652807
7.844833463,1400,0.7323381268,0.4113439636,0.7204901125,0.5709224269
21.80363331,1400,0.1163084144,0.3600309975,0.720894652,0.4994224836
13.44773574,1400,0.06248649981,0.3529496441,0.7027558448,0.5022365117
17.17357672,1400,0.302566614,0.3575700189,0.7115886798,0.5024953728
15.24786379,1400,0.1991964745,0.3582734685,0.7079883292,0.5060443141
6.217551237,1400,0.9265148951,0.4705973706,0.735541486,0.6397971828
8.651945045,1400,0.5698716246,0.3850768641,0.7118554638,0.5409481049
8.300787175,1400,0.3765282093,0.3600635145,0.7026028899,0.5124708704
8.467271624,1400,0.5294892484,0.3798176081,0.7100959995,0.5348820559
21.38285802,1400,0.7484394022,0.3520343571,0.720143374,0.4888392643
23.2365951,1400,0.4136069159,0.3566594269,0.7233382394,0.4930742045
20.2113934,1400,0.8093554338,0.3508696633,0.7179628014,0.4887017302
23.99544214,1400,0.1253654344,0.3582255483,0.7245659104,0.4944002238
11.40611787,1400,0.3181702867,0.3620785074,0.7039716105,0.5143368028
10.41634557,1400,0.5026559874,0.3760057651,0.7088151815,0.5304708124
7.66156842,1400,0.2100754159,0.3352948324,0.6921563554,0.4844206512
23.46579843,1400,0.8520881407,0.3479765729,0.7237136499,0.4808207955
18.36478189,1400,0.4140610556,0.3575139182,0.7142259535,0.500561365
6.457883153,1400,0.2723196679,0.3307669198,0.6934220496,0.4770066369
11.04511834,1400,0.7426853234,0.3931453055,0.7158024903,0.54923713
15.69794332,1400,0.1867109965,0.3580128224,0.7086923362,0.5051738309
8.615855766,1400,0.6879356371,0.4011529182,0.7171157756,0.5593977037
17.5185628,1400,0.8470107352,0.3486903406,0.7123726965,0.4894774074
20.09486138,1400,0.5120643421,0.3567643555,0.7177383076,0.4970674572
15.07389451,1400,0.1148835536,0.3571363509,0.7071461249,0.5050389705
6.716840395,1400,0.8357782155,0.439516238,0.7287286336,0.6031274438
21.50719095,1400,0.5711315041,0.3555105462,0.7203670492,0.4935130592
22.26735474,1400,0.5110275737,0.356070082,0.7217043242,0.4933739068
7.488622258,1400,0.7207303975,0.4106164426,0.7206357664,0.5697974784
18.68552162,1400,0.5544851589,0.3557041644,0.7149039336,0.4975551927
13.59314756,1400,0.6680148804,0.3721094147,0.7118826284,0.5227117503
7.633988066,1400,0.4995855253,0.373966735,0.7088362082,0.527578488
4.46272158,1400,0.872418231,0.4647603219,0.7404201864,0.6276980699
13.12074809,1400,0.7304354565,0.3773611465,0.7132734406,0.5290553734
18.84354415,1400,0.7188844906,0.3526688817,0.7152332642,0.4930823263
23.6063949,1400,0.8491886987,0.3479061465,0.7239419377,0.4805718918
15.9820182,1400,0.08155747589,0.3575621365,0.7089254189,0.5043720072
12.03124379,1400,0.3930251862,0.3664794638,0.7065177852,0.5187122978
14.62055282,1400,0.4523562798,0.3625985207,0.7091990151,0.51127894
7.371508705,1400,0.11502075,0.3207844011,0.6849759718,0.4683148232
16.56376052,1400,0.8002122376,0.3508165847,0.7108862648,0.4934918595
12.65330732,1400,0.8022997163,0.3840601875,0.7151849962,0.5370081721
7.777747321,1400,0.2300486657,0.3387594908,0.6936714923,0.4883572333
21.32045669,1400,0.8014645238,0.3508113607,0.7200305732,0.4872173123
21.24447426,1400,0.4238939399,0.3578025035,0.7198927302,0.4970219707
19.23961432,1400,0.7600031711,0.3519107973,0.7160455134,0.4914642864
8.948598784,1400,0.2583107823,0.349973552,0.6977792288,0.5015534106
22.54700625,1400,0.6655025273,0.3531300233,0.7221836747,0.4889753613
16.76109137,1400,0.9137793187,0.3472234181,0.7110349957,0.4883352018
11.73524323,1400,0.1542993855,0.3526096773,0.7002688134,0.5035347435
6.768219839,1400,0.7753416632,0.4246231326,0.7252700515,0.5854690011
21.6849436,1400,0.1675242078,0.359873405,0.7206843644,0.4993495388
15.84701276,1400,0.1598768515,0.3578473937,0.7088647366,0.5048175981
17.33574437,1400,0.7447797811,0.3509325467,0.7119593624,0.4929109234
14.93040143,1400,0.3146078394,0.35993781,0.7082968799,0.5081736489
16.86751482,1400,0.3332585126,0.3568959697,0.7108784631,0.5020492085
10.59066917,1400,0.6984352281,0.392389802,0.7150118868,0.5487878024
13.93730503,1400,0.1425122771,0.3565597063,0.7050028547,0.5057564007
22.39788388,1400,0.1303909175,0.3596294604,0.7219288847,0.4981508124
12.07828081,1400,0.7892330073,0.3882818793,0.7156646712,0.5425472221
21.27932296,1400,0.4186514608,0.3578559944,0.719956018,0.4970525775
9.139518033,1400,0.6892917968,0.3991038282,0.7164413778,0.5570641794
21.85158704,1400,0.04924807118,0.3601709177,0.7209792562,0.4995579479
20.54134384,1400,0.1872522087,0.360104519,0.7185907831,0.501125992
17.07984536,1400,0.9415620871,0.3456530443,0.7113726666,0.485895875
22.61891823,1400,0.3984748133,0.3573580674,0.7223058804,0.4947461693
13.82911939,1400,0.5003199059,0.3663976585,0.7094300986,0.5164675973
17.35988781,1400,0.5728957299,0.3543164698,0.7120142227,0.4976255509
10.07290201,1400,0.4555027372,0.3721245394,0.7071185309,0.526254826
18.5026925,1400,0.8762980592,0.3487127864,0.7145190549,0.4880384701
7.329481592,1400,0.8671717904,0.4417340284,0.7284242773,0.6064240884
18.58328433,1400,0.0864133824,0.3600529761,0.714689225,0.5037895684
18.42338179,1400,0.1588325406,0.3596931639,0.7143507911,0.5035245545
6.509310167,1400,0.08210335817,0.3053198777,0.6785185565,0.449980144
8.862904125,1400,0.4775197474,0.3737819845,0.7076839773,0.5281764128
7.040620123,1400,0.5737758138,0.3840435178,0.7133748062,0.538347464
23.11995909,1400,0.8758733828,0.3476803757,0.7231456324,0.4807888759
6.370479453,1400,0.9054719447,0.462065519,0.7337664601,0.6297174157
15.5758546,1400,0.8375164775,0.3589766304,0.7120955731,0.5041129926
19.36726788,1400,0.3873338971,0.3583106281,0.7163033829,0.5002218845
16.74538042,1400,0.7435085065,0.3502531645,0.7106000417,0.492897754
7.59696663,1400,0.1288857065,0.3249210314,0.6867928215,0.47309905
9.046591392,1400,0.1191122088,0.3366527426,0.6913968957,0.4869167691
11.60207201,1400,0.8530376708,0.3966897038,0.7179783098,0.5525093145
7.379086055,1400,0.1192587465,0.3213798824,0.6852983474,0.4689634575
20.64880308,1400,0.940313987,0.3473206,0.7187929101,0.4831998133
12.672807,1400,0.09328573778,0.3521038965,0.7012476569,0.502110621
15.56581828,1400,0.7632052797,0.3591984338,0.7115612836,0.5048032293
5.666993709,1400,0.195018978,0.3072473902,0.6847871276,0.4486757678
8.985581078,1400,0.3540719724,0.3602399808,0.7022403694,0.5129867158
15.54642687,1400,0.01756479074,0.3564855372,0.7077147308,0.5037136033
4.579218213,1400,0.6485476032,0.3824102311,0.7234157121,0.5286175358
18.12502422,1400,0.8984306204,0.3478679084,0.713710579,0.4874075272
4.855690596,1400,0.2148380657,0.2936726543,0.6838712882,0.4294267933
13.95040471,1400,0.6373165693,0.3691350973,0.7112695426,0.5189806047
12.6284406,1400,0.198635468,0.3569134139,0.7032093408,0.5075493074
17.60443228,1400,0.7984576643,0.3499745157,0.7125652022,0.491147357
23.53757764,1400,0.5593232274,0.3542296269,0.7238303862,0.4893820895
10.95430061,1400,0.2757300754,0.3585663321,0.702082082,0.5107185346
12.56374979,1400,0.6416279772,0.3772739312,0.7119713928,0.5299004076
6.829509923,1400,0.8001450738,0.4301042832,0.726451455,0.592061975
11.64940665,1400,0.6391329979,0.3820557338,0.7124327406,0.5362691971
8.668449582,1400,0.6082328751,0.3900786386,0.7135505733,0.5466727282
18.77903223,1400,0.3247879165,0.3587287392,0.7150991854,0.5016489272
23.41778917,1400,0.840015326,0.348341068,0.7236353514,0.4813765212
22.78224867,1400,0.123309954,0.3593764222,0.7225818578,0.497350464
12.03753485,1400,0.7991799521,0.389208415,0.715954895,0.5436214176
20.38409604,1400,0.621250551,0.3549106559,0.7182928964,0.4941029734
23.81761851,1400,0.1795183494,0.3581697687,0.7242821022,0.4945169397
5.764565071,1400,0.2596720831,0.31888582,0.6908160568,0.4616074233
21.29655738,1400,0.5549248868,0.3558693166,0.7199872748,0.4942716754
7.494450106,1400,0.9322512253,0.4549036186,0.7310583648,0.6222534897
6.763448611,1400,0.7195452869,0.4121676268,0.7221702037,0.5707347447
17.39783346,1400,0.1174064567,0.3589594251,0.7121002757,0.5040855022
13.30922148,1400,0.8103589588,0.3786639825,0.7144864975,0.5299805998
11.17301117,1400,0.1319250132,0.349279406,0.6982323925,0.500233747
19.43147978,1400,0.3552157016,0.3586796922,0.7164323889,0.5006469525
21.90766417,1400,0.7020821866,0.3527943012,0.7210779332,0.4892596
16.03147878,1400,0.2046318256,0.3578705176,0.7092948319,0.504544093
23.00063234,1400,0.3404875374,0.3576948892,0.7229474708,0.4947730004
19.55678384,1400,0.3626834844,0.3586314745,0.7166827862,0.5004047557
18.69196323,1400,0.3028313417,0.3588842529,0.7149174183,0.5019939978
19.21194529,1400,0.8030038063,0.3508904924,0.7159893714,0.490077795
6.242933908,1400,0.8585241127,0.4493299669,0.7316210843,0.6141566673
9.525140732,1400,0.6736459103,0.3954688586,0.7153513469,0.5528316405
5.928315801,1400,0.7798781539,0.4284266491,0.7280792618,0.588434078
16.24282732,1400,0.5736299072,0.3556661153,0.7103595429,0.5006846446
11.19148887,1400,0.4523136905,0.3710734053,0.7074899695,0.5244928145
21.22024751,1400,0.448352158,0.357493231,0.7198486651,0.4966227602
20.438992,1400,0.2099218697,0.3599815625,0.7183971768,0.5010898903
23.10345591,1400,0.5298357432,0.3551276568,0.7231182934,0.4911058952
7.931064941,1400,0.2874508781,0.3469805512,0.6973317453,0.4975831856
21.93079491,1400,0.3927257088,0.3578733318,0.7211185546,0.4962753067
16.6121046,1400,0.8059574418,0.3503292619,0.7108599009,0.4928246219
16.24258486,1400,0.09152641059,0.3577588501,0.7094881036,0.5042492584
7.101999946,1400,0.1603884086,0.3232539751,0.6871182592,0.4704488213
7.88376315,1400,0.2460963998,0.3415817914,0.6948682836,0.4915777558
16.14182806,1400,0.5292789125,0.3565247782,0.7102182778,0.5019932453
21.73076941,1400,0.09815336528,0.3601244369,0.7207657059,0.4996414701
8.279358202,1400,0.7065448216,0.405264187,0.71847634,0.5640605883
6.660561979,1400,0.04776628563,0.3032428838,0.6764447505,0.4482892114
10.37367978,1400,0.1017697517,0.3434188997,0.694940691,0.4941700841
6.256671997,1400,0.7634559714,0.4233836819,0.7260592184,0.5831255512
20.32999854,1400,0.04228054204,0.3606096922,0.7181898296,0.5021091602
15.86346588,1400,0.5973803387,0.3576444263,0.7104620437,0.5033969506
14.20565524,1400,0.8901760928,0.3723050393,0.7144862434,0.5210807664
13.06272664,1400,0.6720152739,0.3755851565,0.7122662407,0.5273100634
14.43179688,1400,0.03215708894,0.354446483,0.7049738021,0.5027796521
14.13854461,1400,0.5349044342,0.3659358621,0.7099328461,0.5154513757
12.30612257,1400,0.6658221369,0.3799392058,0.7126385711,0.5331443193
16.2328576,1400,0.547644516,0.3559325725,0.7102862771,0.5011114308
10.43112208,1400,0.7719339153,0.4002723996,0.7175558752,0.5578274994
18.41216149,1400,0.26510976,0.3590278449,0.7143269219,0.5026099869
19.39904189,1400,0.9027165205,0.3483665003,0.7163672778,0.4862959422
5.512017223,1400,0.2263112219,0.3092452585,0.6871545886,0.4500373913
23.35498326,1400,0.1618712766,0.3587206399,0.7235326534,0.495790533
22.65853025,1400,0.7322992397,0.3516239494,0.7223730136,0.4867622998
23.69278874,1400,0.5196065466,0.3547196122,0.7240814742,0.4898890868
14.08990898,1400,0.7863761127,0.3713548427,0.7131969166,0.520690477
23.81967744,1400,0.8856366088,0.3466929549,0.7242854016,0.4786689807
15.73247457,1400,0.03633722529,0.3569836938,0.7082368424,0.5040456419
19.13208497,1400,0.1549198393,0.3600810569,0.7158268296,0.5030281655
6.431725753,1400,0.9322916647,0.469545448,0.7349877622,0.6388479811
15.06650832,1400,0.3522193159,0.3601027692,0.7087157647,0.508106052
8.37604348,1400,0.8960198765,0.4362834846,0.7266667212,0.6003900715
21.57738415,1400,0.9035996783,0.3480319199,0.7204926986,0.4830471156
16.56112177,1400,0.0180233231,0.3580678992,0.7101531189,0.5042122462
19.98329415,1400,0.7354907206,0.3525926355,0.7175220303,0.4914032192
17.08100818,1400,0.1894435616,0.3582662763,0.7113753544,0.5036248081
23.89450133,1400,0.9151559813,0.3457809356,0.7244050935,0.4773309005
18.8718583,1400,0.01568534148,0.3603147742,0.7152919515,0.5037310618
17.17054362,1400,0.907782013,0.346704937,0.7115817101,0.4872313778
13.03946917,1400,0.827371459,0.3816952816,0.7151560794,0.5337230468
7.185119373,1400,0.8118079963,0.4305475988,0.7260493312,0.5930004757
20.92461957,1400,0.4884529623,0.357020811,0.7193064519,0.496340343
9.244330779,1400,0.2653110452,0.3521566799,0.6986743092,0.504035536
13.82281247,1400,0.2583406882,0.3598566044,0.7062461899,0.5095342242
13.31874552,1400,0.4019768506,0.3649272073,0.7077266234,0.5156330074
9.562016677,1400,0.6538991187,0.3930741336,0.7145645313,0.5500890632
23.72426512,1400,0.7378341777,0.3505030166,0.7241321731,0.484031824
5.258182965,1400,0.7127827005,0.408185233,0.7259239869,0.5622974862
21.22618047,1400,0.8797744135,0.348838635,0.7198594615,0.4845926929
9.986960371,1400,0.3870276355,0.3658874522,0.7045890718,0.5192919772
17.88510729,1400,0.5678976228,0.3549186119,0.7131872907,0.4976513415
22.17789601,1400,0.14769156,0.3596995389,0.7215495814,0.4985098019
13.43150357,1400,0.7611642062,0.3760430358,0.7135042776,0.5270368345
13.42085315,1400,0.3943091603,0.3644673139,0.7076886866,0.5150107962
22.57934185,1400,0.1581199934,0.3593835316,0.7222386782,0.497596629
16.66220297,1400,0.2360482163,0.3574139148,0.710394037,0.5031206573
13.63441203,1400,0.3295978402,0.3620936843,0.7069524871,0.5121895614
23.97676298,1400,0.1170796136,0.3582761378,0.7245362074,0.4944903156
18.7029108,1400,0.074504955,0.3601497275,0.7149403239,0.503747957
4.398856439,1400,0.04122537783,0.2550071092,0.6599635233,0.386395763
8.969613657,1400,0.4698829838,0.3730288027,0.7073645501,0.5273501515
8.605844277,1400,0.2585280181,0.3480526694,0.6970972167,0.4992885656
14.71138856,1400,0.4849543657,0.3627195298,0.7095427318,0.5112018114
7.103170733,1400,0.3576153645,0.3499787908,0.7003186641,0.4997422014
18.09175919,1400,0.06945615028,0.3597482047,0.7136384809,0.5041042689
16.06439169,1400,0.7453080746,0.3554145768,0.7110719374,0.4998292832
21.36040921,1400,0.4066760141,0.3579731799,0.7201028358,0.4971139706
11.97923568,1400,0.01590480449,0.3455074009,0.6975038879,0.4953483513
18.3358279,1400,0.4666316089,0.3568135482,0.7141641097,0.4996240268
19.77995616,1400,0.3521782097,0.3587828291,0.717124409,0.5003076518
21.75594859,1400,0.1742183308,0.3598055159,0.7208103189,0.499168098
16.8157284,1400,0.1807246265,0.3579653738,0.7107568897,0.5036396819
11.05045308,1400,0.6152591718,0.3832360951,0.7121337465,0.5381518528
12.31642484,1400,0.8702388853,0.3906287063,0.7171638037,0.544685474
16.63898484,1400,0.9182114975,0.3483254197,0.7112177054,0.4897592075
11.54387628,1400,0.3924982783,0.3668167977,0.7060968273,0.5194992862
4.371827838,1400,0.2899167708,0.2942994003,0.6906146607,0.426141258
19.86642713,1400,0.08695172851,0.3605062615,0.7172940481,0.5025920157
9.61493917,1400,0.3507850234,0.3618089911,0.7028239151,0.5147932267
19.4187535,1400,0.3356079837,0.3588755232,0.7164068583,0.5009381458
6.898001558,1400,0.3561565291,0.3479762213,0.7000007874,0.4971083284
15.05790339,1400,0.1358744152,0.3574366742,0.7072495401,0.5053897585
19.93175215,1400,0.007781057984,0.36062334,0.7174216646,0.5026658071
5.481640353,1400,0.435731918,0.3452169615,0.7050297961,0.4896487544
10.46297699,1400,0.8451810835,0.4071866955,0.7198447361,0.5656590582
17.0189019,1400,0.5899417024,0.3536209183,0.7112315148,0.4971952324
21.8532821,1400,0.05538770418,0.360160535,0.720982243,0.4995414777
11.21055185,1400,0.3544100126,0.3643510059,0.7047404412,0.5170002807
4.664638536,1400,0.3148887497,0.3065078706,0.6937355023,0.4418223799
8.314844102,1400,0.8489822986,0.4285294114,0.724784084,0.5912511338
7.79757152,1400,0.4096804881,0.3619155109,0.7039644821,0.5141104702
19.44584393,1400,0.7329800216,0.3525731812,0.7164611831,0.492103675
18.24725838,1400,0.7380982193,0.3519018549,0.7139742611,0.4928775084
16.00016517,1400,0.06891827185,0.3575219507,0.7089362791,0.5043075961
18.20916703,1400,0.516325691,0.3560039058,0.7138923001,0.4986801311
8.419807202,1400,0.08541853211,0.3281507943,0.6873460848,0.4774171289
6.018199731,1400,0.8449695911,0.4469400382,0.7316668622,0.6108518252
21.43727115,1400,0.2771496042,0.3592585484,0.7202414392,0.4988029414
11.11246992,1400,0.8528059491,0.4015048509,0.7188492596,0.5585383104
22.12595776,1400,0.1467150523,0.3597352051,0.7214594244,0.4986215343
11.52206611,1400,0.4868242034,0.3728072444,0.7085434668,0.5261600196
19.78557297,1400,0.9176623867,0.3480154209,0.7171354529,0.4852854777
11.7089866,1400,0.1409011291,0.3517330226,0.6998611218,0.5025754563
6.414043844,1400,0.7327559742,0.4156139618,0.7238059496,0.5742063354
7.735229626,1400,0.8545321844,0.4350911715,0.7266057907,0.5987994825
18.31217473,1400,0.352706863,0.3581676444,0.7141135081,0.5015556215
21.9171431,1400,0.3101761902,0.3587449112,0.7210945855,0.4975004922
19.79246819,1400,0.7615808767,0.3519900106,0.7171490057,0.4908185158
14.82458879,1400,0.4143191485,0.3614326643,0.7089861861,0.5097880204
15.19262319,1400,0.05556098593,0.3563911588,0.7070470923,0.5040557591
8.39281302,1400,0.1092803763,0.3304164528,0.6885832639,0.4798496713
11.17069644,1400,0.6536073914,0.3855314319,0.7131449963,0.5406073574
21.48170799,1400,0.5071848217,0.3565543696,0.7203213216,0.4949934965
22.71073873,1400,0.8673303065,0.3482702035,0.7224612976,0.4820607065
19.18299397,1400,0.9173838309,0.3479007866,0.7159305322,0.4859421005
4.807238143,1400,0.4907215189,0.3455621909,0.7099933021,0.4867119026
23.26161761,1400,0.3891896131,0.3569309711,0.7233794216,0.4934215163
20.86486704,1400,0.09206555723,0.360443546,0.7191958342,0.5011757978
23.20415762,1400,0.8008150883,0.3495412961,0.7232847809,0.4832692535
21.38242718,1400,0.5434663972,0.356024783,0.7201425964,0.4943809529
19.00837863,1400,0.5210640196,0.3563906044,0.7155735656,0.4980488682
23.15523931,1400,0.192589287,0.3587397175,0.7232040052,0.4960422162
12.5588135,1400,0.04568143605,0.3494494111,0.6999794386,0.4992281085
8.590763106,1400,0.3753202632,0.3611436212,0.7028171469,0.513851466
13.87606321,1400,0.2735467931,0.3602661356,0.7065186637,0.5099173653
16.45258884,1400,0.3495775597,0.3566167375,0.7100544847,0.5022385538
23.31732794,1400,0.3820567164,0.3569618688,0.7234709348,0.4934018102
20.93274772,1400,0.08467403042,0.3604475518,0.7193214724,0.5010938303
18.84578189,1400,0.8279357046,0.3501361806,0.7152379059,0.4895380652
12.03273591,1400,0.9037350835,0.3955584108,0.718459291,0.5505648208
9.602703117,1400,0.1019013321,0.338880744,0.6924658721,0.4893825929
15.47234417,1400,0.8244988404,0.3599076525,0.7121104267,0.5054098901
7.167581435,1400,0.340685584,0.348091051,0.6993238752,0.4977537066
11.22974443,1400,0.2862423171,0.3597755964,0.7028312808,0.511894684
19.03976108,1400,0.9221474905,0.3477183971,0.7156379864,0.4858858861
8.284650807,1400,0.3252593079,0.3538007588,0.6999507622,0.5054652098
4.743388325,1400,0.3448268046,0.3139747042,0.6967848762,0.4506049355
13.60995657,1400,0.5700406876,0.3692200646,0.710396308,0.5197381523
21.37068118,1400,0.8224084081,0.3502724428,0.7201213908,0.4864074964
22.13385553,1400,0.03975592449,0.3600262246,0.7214731488,0.4990154176
14.50114138,1400,0.4735898282,0.3633475657,0.7093501013,0.5122260009
12.2881928,1400,0.7150487076,0.3826031802,0.713735598,0.5360573037
9.879333995,1400,0.3459528731,0.3619856001,0.7029459339,0.5149551091
21.15690154,1400,0.9254793272,0.3475990767,0.7197331853,0.482955467
22.9614672,1400,0.8302380769,0.3490257593,0.7228821836,0.4828252338
14.05945203,1400,0.7145722969,0.3701133476,0.7122484072,0.5196408217
9.864268962,1400,0.2081569756,0.3496838025,0.6975933475,0.501271699
20.74441564,1400,0.2345336998,0.3597811784,0.7189717822,0.5004107078
5.22187519,1400,0.8041248024,0.4367349311,0.732216875,0.5964557033
4.920417641,1400,0.388231101,0.3261847212,0.700955826,0.4653427636
12.76575509,1400,0.7409939665,0.380409929,0.7138142567,0.5329256532
17.60602853,1400,0.4200407635,0.3568058303,0.7125687709,0.5007317818
18.30157094,1400,0.5090924836,0.3561795604,0.7140908,0.4987874937
17.18827713,1400,0.8718005499,0.3476905116,0.7116224405,0.4885884589
9.423714246,1400,0.8213555687,0.4141488988,0.7210933129,0.5743346823
8.885926215,1400,0.1876275636,0.3423424143,0.6942487553,0.4931120318
12.99434057,1400,0.6239679282,0.3741548713,0.7114321557,0.5259178522
5.707393854,1400,0.4333120925,0.3478902883,0.7048218982,0.4935860948
8.293765903,1400,0.1817420871,0.3374167908,0.6922864707,0.4873947492
7.083449701,1400,0.5475271527,0.3796467559,0.7118163689,0.5333492912
20.56861757,1400,0.5647029745,0.3558925359,0.7186421941,0.4952291123
23.47007585,1400,0.2936037354,0.3577130614,0.7237206174,0.4942695466
7.114472504,1400,0.7127991112,0.4101124021,0.7210061043,0.5688057282
6.673298286,1400,0.2226024017,0.3263362348,0.6902589881,0.4727736116
16.56086705,1400,0.6124974388,0.353423223,0.7104315354,0.4974768228
18.56090416,1400,0.6991273643,0.3529396882,0.7146420508,0.4938691864
20.02542338,1400,0.8846606178,0.3489347882,0.7176038554,0.4862498795
6.230492563,1400,0.8541356538,0.448148479,0.7314163661,0.6127132229
5.000466263,1400,0.3999279979,0.3300731743,0.7020216609,0.4701751993
19.43719236,1400,0.7942743581,0.3511626975,0.7164438431,0.4901468565
12.76920363,1400,0.9136120734,0.3880371648,0.7172994053,0.5409695894
8.184029957,1400,0.6696434871,0.3998904467,0.7169167659,0.557792014
13.65809467,1400,0.8155869467,0.3757525556,0.714132682,0.5261663065
17.72066865,1400,0.1484409026,0.3591718774,0.7128241446,0.5038716494
6.099790824,1400,0.6941814718,0.4063110321,0.7222816638,0.562538207
5.237785163,1400,0.664963023,0.3946523567,0.7226352622,0.5461293925
18.31839078,1400,0.5800900657,0.3550489566,0.7141268132,0.4971791424
5.027607739,1400,0.4835521219,0.3479089799,0.7091538386,0.4905973302
4.504014677,1400,0.878286799,0.4674181366,0.7406002086,0.6311342221
14.68599804,1400,0.3775100775,0.3613002858,0.7085604629,0.509907488
20.73365457,1400,0.6075170356,0.3551142209,0.7189516957,0.4939333519
13.23758024,1400,0.5386778352,0.3698775571,0.7099077418,0.521022008
18.82458634,1400,0.08151073077,0.3601979913,0.7151939156,0.5036368228
20.03753814,1400,0.3096443087,0.3592230762,0.71762735,0.5005704927
8.059967539,1400,0.3491481499,0.3554532847,0.7009185178,0.5071249734
13.42024489,1400,0.2670049609,0.3602035475,0.7057603198,0.510376593
20.18257443,1400,0.9453351401,0.3472354977,0.7179074159,0.4836772682
23.76952026,1400,0.1309658611,0.3584459605,0.7242049356,0.4949510047
11.37904956,1400,0.6839866046,0.3865614601,0.7138079232,0.5415482898
11.50801151,1400,0.7861503107,0.3928334816,0.7163763655,0.5483618675
14.24534327,1400,0.2469256374,0.3594275511,0.7067576284,0.5085584317
9.467733534,1400,0.6128752224,0.3888053618,0.7130813207,0.5452468751
6.785627466,1400,0.03881404968,0.3039701139,0.676408867,0.4493881271
18.75244135,1400,0.9074309263,0.3480051019,0.7150437723,0.486690627
11.4913072,1400,0.6813229968,0.3857088866,0.7136384862,0.5404821826
10.02856607,1400,0.9335720827,0.4217242248,0.7237259122,0.5827126231
6.633646628,1400,0.6669554783,0.4010199483,0.7194267861,0.5574159262
18.31304851,1400,0.02274325183,0.359977722,0.7141153787,0.5040890208
16.96848345,1400,0.4100338721,0.3561967319,0.7111143187,0.5008993948
12.92614369,1400,0.5670110952,0.3722586208,0.7104103132,0.524005091
13.74465375,1400,0.9174610815,0.3776721615,0.7156437723,0.5277376484
20.00043175,1400,0.8443126601,0.3499949503,0.7175553385,0.4877602207
12.639912,1400,0.3865915515,0.3654587142,0.7068986517,0.5169888404
17.62784665,1400,0.03126285435,0.3593871313,0.712617514,0.5043198129
16.10167363,1400,0.8332395968,0.3543589151,0.7114839532,0.498056089
18.09802133,1400,0.80623753,0.3502161793,0.7136520645,0.4907379895
9.581916425,1400,0.1711760666,0.3449696566,0.6953739552,0.4960922882
16.94379314,1400,0.8836629215,0.3470787566,0.7110567869,0.4881167904
9.786286397,1400,0.4833214161,0.3747999449,0.7080551817,0.5293371965
9.015563929,1400,0.8796439015,0.4263638901,0.7242820769,0.5886710492
20.20727122,1400,0.1300768564,0.3603896233,0.7179548846,0.5019669495
8.230497696,1400,0.8844439902,0.4358083603,0.7265726807,0.5998138547
21.06675647,1400,0.2319208139,0.3597250661,0.7195681924,0.4999179645
9.147344991,1400,0.145714747,0.3399287515,0.6929903428,0.4905245146
11.02748046,1400,0.355539626,0.3643351275,0.7045736768,0.5171001124
17.62860613,1400,0.5579159394,0.3548466508,0.7126192096,0.4979470748
14.1271936,1400,0.9118429033,0.3735210927,0.7149189873,0.5224663204
20.3419904,1400,0.5692214421,0.3558392287,0.7182127026,0.4954510376
7.423703976,1400,0.4505577971,0.3657829847,0.7061125538,0.5180236249
20.8418891,1400,0.7292042642,0.3526437638,0.719153203,0.4903597207
22.32979045,1400,0.8186970022,0.3498218602,0.7218119182,0.4846440622
8.404589904,1400,0.6528152519,0.3968019951,0.7158379571,0.5543181823
21.49507981,1400,0.2892479224,0.3591334638,0.7203453239,0.4985573611
8.938521642,1400,0.7261522378,0.4049492866,0.7182400125,0.5638077516
10.29427051,1400,0.2337115709,0.353559492,0.6994853806,0.5054565854
21.01823256,1400,0.1608712578,0.3601503571,0.7194790565,0.5005710088
11.75463215,1400,0.09718374972,0.3492919785,0.6988575816,0.4998042344
23.85248786,1400,0.1986884819,0.3580241364,0.7243379377,0.4942777643
22.11928123,1400,0.2547216208,0.3590953479,0.7214478181,0.4977426488
15.04962573,1400,0.2271641238,0.3586918885,0.7078393125,0.5067419711
20.07513596,1400,0.7606816644,0.3520271854,0.7177001655,0.4904933875
12.82604561,1400,0.2410795385,0.3590258421,0.7043786357,0.5097057518
18.67396077,1400,0.1016706131,0.360063775,0.7148797196,0.5036704289
8.367666034,1400,0.08610816189,0.3277478999,0.6871778178,0.4769477294
9.297752084,1400,0.7855236055,0.4105136014,0.7199761654,0.5701766547
17.73078354,1400,0.4485793786,0.3565637241,0.7128465892,0.5001969982
9.617454149,1400,0.7657582127,0.4056786089,0.7186584356,0.5644943255
23.2500542,1400,0.8647257362,0.3478563688,0.7233603965,0.48088943
9.879943893,1400,0.7599188617,0.4031253141,0.7180163998,0.5614430453
16.76149218,1400,0.3521710826,0.3565616634,0.7106291223,0.501754927
6.322091708,1400,0.8277297767,0.4400678612,0.7295862521,0.6031745526
13.0815074,1400,0.5540331833,0.3710831015,0.7101673419,0.5225290993
20.62151646,1400,0.4234949156,0.357961611,0.7187416949,0.4980393006
21.771687,1400,0.1981437774,0.3596657737,0.7208381756,0.498954947
18.77596504,1400,0.1416833616,0.3599769707,0.7150927981,0.5033989597
12.32346744,1400,0.1366130514,0.3532664773,0.7012632288,0.5037573094
9.700546081,1400,0.1402588287,0.3428780446,0.69440565,0.4937719683
8.37016976,1400,0.3167112194,0.3532672131,0.6996340385,0.5049314266
10.60916201,1400,0.7450647061,0.3964485176,0.716446599,0.5533538971
7.714183511,1400,0.4836494964,0.3719087062,0.70796109,0.5253236534
14.18774159,1400,0.7409585687,0.3696915158,0.7124949727,0.5188689464
7.48618566,1400,0.8689251871,0.4405640661,0.7280293933,0.6051459874
8.14808469,1400,0.1111301415,0.3283948968,0.6877749932,0.4774743194
20.85256697,1400,0.335962106,0.3589045916,0.7191730202,0.4990518019
10.55792727,1400,0.06808473485,0.3418352343,0.6943300725,0.492323821
18.11039349,1400,0.2335266426,0.3590386475,0.7136788865,0.5030815039
8.140528234,1400,0.5602862162,0.3837942989,0.7117302068,0.5392412675
13.80487648,1400,0.05583338252,0.3536301786,0.7036015022,0.5026000904
10.78395338,1400,0.8178986182,0.4016027044,0.718410507,0.5590156331
19.02696955,1400,0.2225534314,0.3596649652,0.7156117425,0.5025979086
9.167411601,1400,0.06946329293,0.3328219266,0.6894250952,0.4827528458
23.14355278,1400,0.569563952,0.3544313922,0.7231846801,0.4900980371
23.24117049,1400,0.5408187046,0.3548247851,0.7233457733,0.4905327414
11.83909967,1400,0.90739202,0.3979275767,0.7189252164,0.5535034349
16.78838042,1400,0.5277679627,0.354338971,0.7106925213,0.4985826646
7.706559473,1400,0.5283073214,0.3784693195,0.7103492557,0.5327932935
13.19276088,1400,0.8776983535,0.3821279936,0.7158673934,0.5337971768
22.30480595,1400,0.8264985367,0.3496427634,0.7217689028,0.4844248097
13.03064492,1400,0.2626174154,0.3600159019,0.7050948326,0.5105921717
20.3287606,1400,0.01849817925,0.3606309705,0.7181874676,0.5021404394
5.907605212,1400,0.140681187,0.3035439413,0.6807748045,0.445880105
23.30449536,1400,0.5311327727,0.3549224928,0.7234498766,0.4905972124
8.772563841,1400,0.6755990228,0.3988364788,0.7163634396,0.5567515827
13.76117042,1400,0.768329028,0.3736246353,0.7132802997,0.5238117966
6.470639808,1400,0.7664738377,0.4235866672,0.7256101104,0.5837662144
17.73613639,1400,0.4814253424,0.3561202524,0.7128584613,0.4995665643
11.54274397,1400,0.8287055878,0.3955368442,0.7174425077,0.5513150391
11.13732116,1400,0.408375845,0.3680620273,0.7062100718,0.5211792384
14.33625489,1400,0.685917971,0.3676545054,0.7117007267,0.5165858227
23.01578728,1400,0.6513820251,0.3530303035,0.7229727007,0.4883037813
5.14299991,1400,0.6130656148,0.3800844179,0.7191074825,0.5285502197
6.788799387,1400,0.2609532064,0.3330698454,0.6933289028,0.4803922698
4.657304644,1400,0.7093372477,0.4022801129,0.7277962593,0.5527372637
16.87556703,1400,0.7269745716,0.3507644294,0.7108973295,0.4934108132
8.50373642,1400,0.7701728069,0.4139761664,0.7208997561,0.5742492807
9.606772686,1400,0.2706990295,0.3542285862,0.6995761011,0.5063474662
5.972392466,1400,0.2183858844,0.3158903798,0.6878643517,0.4592335378
12.32787232,1400,0.3059877837,0.361822565,0.704908951,0.5132897865
13.14126588,1400,0.7492427986,0.3778962297,0.7135923464,0.5295687819
10.12398102,1400,0.4369984726,0.3704644655,0.7064849363,0.5243770199
20.69512481,1400,0.2834066414,0.3594159425,0.7188796825,0.4999667556
8.016810111,1400,0.419508783,0.3642561859,0.7046146479,0.5169580095
17.27753773,1400,0.1769824564,0.3585687985,0.7118267547,0.5037304318
23.641071,1400,0.3537633957,0.3569583283,0.7239980113,0.4930377193
14.07526225,1400,0.7381285101,0.3704855701,0.7125532012,0.5199409245
10.16999512,1400,0.651648127,0.3902423329,0.7139043574,0.5466311122
4.303338222,1400,0.4272397772,0.3200212407,0.7046830588,0.4541349998
22.79494464,1400,0.1934330395,0.3590357285,0.7226032187,0.4968642808
9.989976584,1400,0.09284483126,0.3405246042,0.6933738544,0.4911125536
6.640038445,1400,0.6867570379,0.4052038331,0.7205712162,0.5623369682
16.94932302,1400,0.3168537439,0.3571598494,0.7110696803,0.5022853024
21.53678541,1400,0.5567935858,0.3557400595,0.7204200798,0.4937953139
13.66790723,1400,0.03347545861,0.3525094322,0.7029352113,0.501482109
9.907313482,1400,0.5914007559,0.3852798907,0.711991227,0.5411301096
14.34091619,1400,0.2982944747,0.3604885767,0.7074313635,0.5095739252
18.24638583,1400,0.05799758156,0.3598881493,0.7139723857,0.5040645219
14.30809977,1400,0.2395720726,0.3592387364,0.7067779979,0.5082766264
21.32224549,1400,0.6342771771,0.3544431238,0.7200338118,0.4922589995
14.4410209,1400,0.1221501382,0.3566322528,0.7058576213,0.5052467269
9.358842502,1400,0.906607889,0.4264078261,0.7244538093,0.5885921512
5.744447903,1400,0.6269717662,0.3888520173,0.7187372952,0.5410210655
10.55556406,1400,0.4851631939,0.374354392,0.7082660906,0.5285504938
7.450085777,1400,0.6247983497,0.3935599379,0.7157060409,0.5498904794
19.38712751,1400,0.7276537118,0.3526753905,0.7163433325,0.4923273164
18.65458897,1400,0.46470349,0.3570383492,0.7148391087,0.499466726
5.533919852,1400,0.3520668034,0.3305448419,0.6982373034,0.4733990011
14.16472859,1400,0.6706674715,0.3685124814,0.7116081772,0.5178586941
15.36843533,1400,0.1862546378,0.3581095309,0.7081241037,0.5057157764
12.44581744,1400,0.8321477542,0.3873687106,0.7161112484,0.5409337048
15.71157766,1400,0.1242933996,0.3576382894,0.7084932235,0.5047871703
23.6669344,1400,0.04504291476,0.3587776581,0.7240397752,0.4955220285
20.03728133,1400,0.9054998314,0.3483661712,0.7176268521,0.4854419399
11.46476893,1400,0.09300869508,0.3479064044,0.6979243004,0.4984873062
13.60109567,1400,0.4502839617,0.3657750473,0.7086404361,0.5161645154
14.66329291,1400,0.07299900031,0.3558578836,0.7059183817,0.5041062718
18.82839213,1400,0.8645346961,0.3491926209,0.7152018184,0.4882434746
19.57056669,1400,0.7869746411,0.3513647154,0.7167102207,0.4902465533
12.4336637,1400,0.3677961675,0.3648140443,0.7063306871,0.5164918515
11.45997727,1400,0.8076597305,0.3947762877,0.717017315,0.5505812473
13.82007577,1400,0.05290843118,0.353572382,0.7036035449,0.5025164876
10.00068255,1400,0.1090543574,0.3419384895,0.6940514406,0.4926702395
22.36459375,1400,0.4243827703,0.357220239,0.7218717501,0.4948527755
9.273145133,1400,0.5298446532,0.3798837214,0.7098856685,0.5351336677
18.27782559,1400,0.1713027918,0.3595324768,0.7140398963,0.5035187511
8.172559426,1400,0.7306815355,0.4095676041,0.7197759489,0.5690209638
22.14027468,1400,0.7793708991,0.3509112689,0.7214842997,0.4863740889
6.262591498,1400,0.5408281134,0.3740754596,0.7121538,0.5252734165
22.80880695,1400,0.6194124564,0.3538224099,0.7226265269,0.489633852
9.082168091,1400,0.7178099706,0.4030572422,0.7176730668,0.5616167874
23.28516633,1400,0.3814281606,0.3569990334,0.7234181336,0.4934891963
11.28125146,1400,0.6478798677,0.3845425882,0.7129055632,0.539401862
4.550486874,1400,0.4383803897,0.3285628122,0.7055887234,0.4656576859
15.57111376,1400,0.4018309654,0.3590735727,0.7094476261,0.506131192
5.481908672,1400,0.5771337413,0.3750544462,0.7157577917,0.5239963163
19.99449309,1400,0.9008451846,0.348493856,0.7175437999,0.4856760745
12.55078118,1400,0.1951622649,0.3566314679,0.7029860242,0.5073094707
7.268676539,1400,0.2678196287,0.3389879121,0.6948448176,0.4878613232
22.05812918,1400,0.3884416581,0.3578507703,0.7213413325,0.4960907607
7.430428295,1400,0.1864175575,0.330133206,0.6899804568,0.4784674736
7.281858197,1400,0.4926037909,0.3714972597,0.7085355384,0.5243170449
14.60476085,1400,0.1787014712,0.3579613819,0.7067036508,0.5065226159
15.68252458,1400,0.2438312779,0.3582989232,0.7088831864,0.5054414184
22.55865928,1400,0.7780628614,0.3506461899,0.7222035067,0.4855226908
18.70519937,1400,0.5395915819,0.3559558119,0.7149451104,0.4978785179
18.38926657,1400,0.8428092674,0.3495125706,0.7142781674,0.4893227689
15.97487965,1400,0.2958789318,0.3579539311,0.7094420928,0.5045569395
13.00085868,1400,0.1043266546,0.3534726317,0.702288394,0.5033154964
18.15243189,1400,0.7753617429,0.3509894187,0.7137698725,0.4917403104
8.676623174,1400,0.744334318,0.408998279,0.7194528147,0.5684852025
6.887076182,1400,0.8898601803,0.4518512106,0.7310325036,0.6181000275
16.77727704,1400,0.8358768863,0.3484366936,0.7107825234,0.4902156175
10.0483184,1400,0.6819558697,0.3938307267,0.7150644507,0.5507625589
14.6485442,1400,0.2190942074,0.3587293203,0.7071318982,0.5073018502
17.14271309,1400,0.6758420843,0.3521659874,0.7115176952,0.4949504275
23.63383327,1400,0.1449608228,0.3585272479,0.7239863149,0.4952127416
11.40194748,1400,0.3675367058,0.365263954,0.7053037154,0.5178817949
13.92700459,1400,0.3354266652,0.3618855248,0.7073601595,0.511600095
5.351956739,1400,0.3389599019,0.325146759,0.6969171558,0.466550086
7.3908985,1400,0.7665331494,0.4198502187,0.7231903578,0.5805528436
23.20583892,1400,0.5720915662,0.3543308354,0.7232875537,0.4898893028
10.41654868,1400,0.3181113985,0.3607206832,0.7026343688,0.5133832035
23.6746608,1400,0.7062283472,0.3512555874,0.724052242,0.4851246458
23.80653482,1400,0.6589065633,0.3521017478,0.7242643353,0.4861508854
10.06318005,1400,0.1171202834,0.3429623368,0.6945613468,0.4937826419
16.71875529,1400,0.5368237576,0.3541003359,0.7105281234,0.4983621678
13.18410626,1400,0.6455161071,0.3738826911,0.7117302676,0.5253151483
23.08171833,1400,0.34418919,0.357587227,0.7230822503,0.4945318833
14.19064317,1400,0.7922587973,0.3706276989,0.7131679553,0.5196920251
13.72273864,1400,0.05805586978,0.353500129,0.7034161569,0.5025476392
23.71159437,1400,0.2263201343,0.3579957389,0.7241117733,0.4943929268
15.62436544,1400,0.275863788,0.3585128512,0.7089321861,0.5057082444
20.76298192,1400,0.009297285323,0.3605871605,0.7190064106,0.5015075737
12.47545299,1400,0.3655273432,0.3646688947,0.7063251222,0.516290421
6.16341126,1400,0.2044170426,0.3167791365,0.6872952376,0.4609069279
22.96548151,1400,0.7978260211,0.3498332233,0.722888881,0.4839377565
21.79575493,1400,0.5495692039,0.3557346346,0.7208807327,0.4934722465
14.54289917,1400,0.2423287645,0.3592028854,0.7071705673,0.507943772
15.29564118,1400,0.8524309401,0.3615038686,0.7125523148,0.5073365998
22.24171729,1400,0.4402149441,0.3570965867,0.7216600475,0.4948265986
9.354633729,1400,0.4523126525,0.3715199106,0.7067288207,0.5256894861
12.16521887,1400,0.2372272775,0.3581724069,0.7031499382,0.5093826898
19.07998742,1400,0.6258071517,0.3546367536,0.7157203908,0.4954962275
18.13758568,1400,0.7301155968,0.3519970433,0.7137377666,0.4931741878
6.90838956,1400,0.7900632164,0.4273426426,0.7256812902,0.5888847465
11.69454473,1400,0.7412409106,0.3883447581,0.7149767972,0.543157148
20.82748578,1400,0.4322154033,0.3578135713,0.719126454,0.4975669707
13.00539658,1400,0.7464404202,0.3788275211,0.7136775392,0.5308104855
9.583116669,1400,0.09460240394,0.338103566,0.692082436,0.4885307709
5.796953122,1400,0.8280598214,0.4430107256,0.7314842363,0.6056326351
14.14502002,1400,0.2764908468,0.3601786728,0.7069343924,0.5094937757
11.79966343,1400,0.3881252547,0.3663953002,0.7062044707,0.5188232521
15.91502624,1400,0.9255866522,0.3553626226,0.7122920369,0.4989001761
10.65373147,1400,0.4705000095,0.3730545782,0.7078246959,0.5270437445
4.962592517,1400,0.1798326153,0.2905553938,0.680545797,0.4269446599
23.26030402,1400,0.2453710417,0.3582999228,0.7233772609,0.4953154352
21.19339692,1400,0.4462085622,0.3575307957,0.7197997629,0.4967086878
13.33863608,1400,0.1050225824,0.3542826297,0.7031279133,0.5038665412
21.51583613,1400,0.04205855575,0.3603370483,0.7203825489,0.5002023562
22.72470536,1400,0.7618154146,0.3508976116,0.7224848771,0.4856816008
23.56803988,1400,0.2175276633,0.3581994146,0.7238798092,0.4948327195
4.472239032,1400,0.7219990074,0.4043795658,0.7294848827,0.5543357723
11.76158844,1400,0.5750955799,0.3775666552,0.7107830987,0.5311981333
13.26551936,1400,0.4908900615,0.3681221083,0.7091258992,0.519120947
7.772115903,1400,0.8113430714,0.4262413625,0.7244521827,0.5883636942
20.19206913,1400,0.4475527406,0.3576838269,0.7179256728,0.4982184653
17.99782564,1400,0.9272242873,0.3469741318,0.7134341,0.4863436327
19.75246614,1400,0.9111565248,0.3481936082,0.7170703078,0.485578059
19.04150722,1400,0.8997832732,0.3483384265,0.7156415673,0.4867498513
21.65455861,1400,0.4091737107,0.3578177197,0.7206303262,0.4965343626
14.54999061,1400,0.4677027254,0.3630774124,0.7093126692,0.5118721661
23.13657156,1400,0.4140237235,0.3567445789,0.7231731307,0.4933045266
23.71175129,1400,0.7207594516,0.3508984327,0.724112026,0.4845913617
17.36694465,1400,0.20162548,0.3585346998,0.7120302419,0.5035385841
22.29597006,1400,0.880660655,0.3482284392,0.7217536775,0.4824754622
22.73713091,1400,0.001637584993,0.3596374939,0.7225058414,0.4977641332
18.01720566,1400,0.3060650719,0.3583918868,0.7134763631,0.5023178136
18.62478658,1400,0.7489591257,0.3518969616,0.7147765404,0.4923174471
8.868732106,1400,0.0265429546,0.3262587364,0.6860282466,0.4755762434
6.712705374,1400,0.1285151074,0.3142280706,0.6832360661,0.4599114218
13.15363107,1400,0.8754233873,0.3824366612,0.715887842,0.534213097
19.89028737,1400,0.005976751068,0.3606193482,0.7173407141,0.5027169672
10.70962356,1400,0.0839279301,0.3438210242,0.6953674608,0.4944450863
12.21640013,1400,0.4263568536,0.368003647,0.7074046042,0.5202166409
5.398256241,1400,0.6671073635,0.3964518643,0.7223378587,0.5488454738
22.36151304,1400,0.2973329907,0.3585916228,0.721866458,0.4967561781
11.6788672,1400,0.5978761341,0.3793120611,0.7113761741,0.5332088351
18.45850079,1400,0.9151894308,0.3476311954,0.714425397,0.4865885184
23.93557288,1400,0.67513968,0.3516280376,0.724470618,0.4853585899
5.71067979,1400,0.7771751683,0.4279612937,0.7286469289,0.5873369896
5.812289535,1400,0.007104444281,0.2837776196,0.667161064,0.4253509908
10.96410197,1400,0.3441379915,0.3634744843,0.7041626935,0.5161796949
9.131510396,1400,0.7819600216,0.4112914751,0.7201530769,0.5711167366
7.169606874,1400,0.5085657223,0.3735305029,0.7094987489,0.5264709818
19.73457827,1400,0.6620441091,0.3541101447,0.7170350594,0.4938533201
7.542443437,1400,0.366676401,0.3545534159,0.7013294618,0.5055447335
22.38198013,1400,0.7312882903,0.3518541127,0.7219016014,0.4873989919
17.02592057,1400,0.1311550869,0.3584680922,0.7112477992,0.5039988773
13.912919,1400,0.5987262165,0.3684462817,0.7107595069,0.5183838952
19.65663225,1400,0.2508298854,0.3596613865,0.7168810531,0.501703016
14.46443616,1400,0.6589015651,0.3663900435,0.7113210687,0.5150839187
10.16042319,1400,0.7335633102,0.3984068341,0.716688636,0.5558994717
13.57878479,1400,0.8308364767,0.3768964696,0.7144821009,0.5275100232
18.86991135,1400,0.195593832,0.3597585717,0.7152879192,0.502956309
22.00986672,1400,0.3701958669,0.35808521,0.721257062,0.4964737663
21.99617555,1400,0.2084504757,0.3594850494,0.7212331189,0.4984311451
7.379840697,1400,0.246777457,0.3372786862,0.6937430353,0.4861723564
15.6572523,1400,0.5861647491,0.3588337455,0.7104214153,0.5050998433
4.899568461,1400,0.539980558,0.358647929,0.7139445064,0.5023470673
12.38750876,1400,0.5446078617,0.3734780335,0.7100038011,0.5260225832
5.425785216,1400,0.1505342721,0.296035865,0.6795428605,0.4356397251
10.79333426,1400,0.1109815162,0.3462014328,0.6965206877,0.4970440059
13.64636515,1400,0.1362862288,0.3559635471,0.7042950228,0.5054182346
11.02958415,1400,0.7233825098,0.391717183,0.7152654331,0.547652892
19.75550512,1400,0.2011811025,0.3600080696,0.7170762927,0.5020498841
21.2031483,1400,0.2457429907,0.3595861831,0.7198175307,0.4995518555
20.10905438,1400,0.05684076384,0.3605887282,0.7177657264,0.5023766321
19.02650466,1400,0.2563745098,0.3594275684,0.7156107883,0.5022668387
10.27045498,1400,0.8243777414,0.406877834,0.7195369528,0.5654717696
20.55854501,1400,0.2542300382,0.3596667628,0.7186232161,0.5004942155
4.569166956,1400,0.8555846412,0.4569542611,0.7386928424,0.6185984687
18.00852217,1400,0.5746940295,0.3549080716,0.7134574327,0.4974481382
7.892028058,1400,0.1174655216,0.326630552,0.6871866565,0.4753156204
11.70941115,1400,0.009203802948,0.3438367614,0.6964243983,0.4937172825
18.59316637,1400,0.3111908959,0.35875273,0.714710035,0.5019556358
7.452739284,1400,0.3662311969,0.3538765663,0.7012128642,0.5046635399
18.26761203,1400,0.2225814701,0.3592304546,0.7140179788,0.5031112174
6.707370263,1400,0.4403892206,0.3595190837,0.7053829798,0.5096792721
18.22131322,1400,0.2394091522,0.3590830191,0.7139184555,0.5029748375
22.77694026,1400,0.5074785325,0.3557532104,0.7225729226,0.4923422941
17.94533095,1400,0.1145196751,0.3595059533,0.7133193695,0.5039901742
11.71162471,1400,0.5644677899,0.3771111434,0.7105300007,0.5307462641
15.42586463,1400,0.5614702573,0.3600576384,0.7102782057,0.5069248015
17.77530741,1400,0.4418202854,0.3566936334,0.712945219,0.5003100153
13.3251219,1400,0.1260470854,0.3550493741,0.7034231498,0.5047450801
16.24605368,1400,0.7741157181,0.3537290229,0.7110630233,0.4974650788
10.04053269,1400,0.6264308379,0.3883162063,0.7131432712,0.544513595
23.60093962,1400,0.5312757696,0.3546288013,0.7239331079,0.4898640461
23.70434244,1400,0.8686383717,0.347283357,0.7241000924,0.4796068398
18.10677794,1400,0.7602413064,0.351302694,0.7136710503,0.492247365
8.348388338,1400,0.07592476464,0.3265000341,0.6865169968,0.4755891488
6.57947499,1400,0.5442445142,0.3767332229,0.7120603922,0.5290748186
8.154481059,1400,0.9086598037,0.4413023356,0.7278634679,0.6062982345
21.33008584,1400,0.5488245992,0.3559575205,0.7200480032,0.4943524862
19.71242378,1400,0.8521984307,0.3497699822,0.7169913546,0.4878301251
22.5444734,1400,0.688020848,0.3526691743,0.7221793626,0.4883401446
9.81361504,1400,0.03132033503,0.3341996186,0.6902078124,0.4842014428
5.593876737,1400,0.1677623945,0.3018375202,0.6819555839,0.4426058344
14.99318891,1400,0.1373526659,0.3574190145,0.7071296874,0.5054504441
21.9924983,1400,0.06102060812,0.3600761049,0.7212266853,0.4992551056
12.32498573,1400,0.6600795331,0.3795345249,0.7125007949,0.5326794406
14.38968694,1400,0.2170348802,0.358726109,0.7066823253,0.5076200383
9.328238397,1400,0.6315234584,0.3913576639,0.7139270247,0.5481760045
9.644080819,1400,0.5822981466,0.3850244368,0.7117993169,0.5409171204
6.508230992,1400,0.1316862497,0.311776772,0.6826212859,0.4567346176
15.98105206,1400,0.1913154693,0.3578893694,0.7091816685,0.504651185
10.39006353,1400,0.01188975993,0.3365411549,0.6916915357,0.4865480313
8.105865598,1400,0.7995264724,0.4215956339,0.7230816537,0.583053977
8.977663631,1400,0.7755835252,0.411531054,0.720192321,0.5714182753
22.51547715,1400,0.6622131467,0.3532197942,0.7221299592,0.4891360477
16.35306519,1400,0.889173462,0.3514711013,0.71147138,0.4940059589
19.29490494,1400,0.3356922417,0.358837986,0.7161574352,0.5010601976
7.955889781,1400,0.07873015871,0.3229535327,0.6850380069,0.4714388537
11.52429931,1400,0.7245285944,0.3884388997,0.7147386221,0.5434698611
13.24377005,1400,0.8668231259,0.3812286868,0.7155875027,0.532749224
12.0355541,1400,0.6830449386,0.3825109204,0.713228263,0.5363092579
11.11565562,1400,0.783403883,0.3958492902,0.7168694175,0.5521916273
11.24432552,1400,0.5456867605,0.377466044,0.7101056377,0.5315632266
14.68134153,1400,0.3889421549,0.3614817315,0.7086580599,0.5100933044
5.228302803,1400,0.5838572024,0.3738304417,0.7167373701,0.5215724158
18.43737216,1400,0.1384710801,0.3597906756,0.7143805306,0.5036400912
14.21567857,1400,0.5119512961,0.3651423917,0.7096737677,0.5145214721
7.649299561,1400,0.07082496438,0.3187745126,0.6831742284,0.46660793
15.89357645,1400,0.4603143099,0.3579395639,0.7098995995,0.504211531
11.50790258,1400,0.1104707473,0.3491739338,0.6985269381,0.4998718228
14.56397682,1400,0.8740885092,0.3685347429,0.7137491233,0.5163365262
11.35963985,1400,0.6958581596,0.3875192512,0.7141459086,0.5426331601
19.24056008,1400,0.4430911175,0.3575884869,0.7160474308,0.4993921792
4.500701789,1400,0.106496474,0.2674708078,0.6695181557,0.3994974677
16.24825478,1400,0.06465002719,0.3577314945,0.7094691306,0.5042241855
8.700295709,1400,0.3971052473,0.3640612215,0.7039464468,0.517171758
6.856057879,1400,0.3495923789,0.3466092415,0.6995196902,0.4954960473
13.18706874,1400,0.0716986491,0.3526055003,0.7022114155,0.5021358133
9.034284557,1400,0.1315078218,0.3377698351,0.6919577442,0.4881365054
22.76901535,1400,0.1907847116,0.35907118,0.7225595789,0.4969433531
6.43763456,1400,0.3121902189,0.3365103345,0.696330849,0.4832621375
7.003662554,1400,0.455071151,0.36402825,0.7063358974,0.5153755478
12.63244469,1400,0.1585202103,0.3550558507,0.702429488,0.5054683164
6.441904493,1400,0.4803155691,0.3642102296,0.7080287755,0.5144003214
14.86599006,1400,0.4923413639,0.362192865,0.709662748,0.5103732245
8.094672245,1400,0.05385941832,0.3216740394,0.6841099779,0.4702080802
11.07721118,1400,0.8374618491,0.4005772392,0.7184742462,0.5575387585
10.15003769,1400,0.3902526679,0.3663647162,0.7048464924,0.5197794416
23.24370102,1400,0.7631722911,0.3504076021,0.7233499393,0.4844233517
18.76344054,1400,0.04706149147,0.3602310743,0.7150667042,0.5037726861
10.4758359,1400,0.5833434912,0.3828111571,0.7114392763,0.5380798753
9.882707943,1400,0.8015837501,0.4077862388,0.7194792325,0.5667797212
20.75431697,1400,0.5291629727,0.3564413428,0.7189902536,0.4957526768
11.82069076,1400,0.2106418961,0.356121567,0.7018718329,0.5073883155
11.4631008,1400,0.6127983683,0.3812355099,0.7118535214,0.5355533104
13.32536207,1400,0.07307150314,0.3530292024,0.7025964755,0.5024636682
11.08818036,1400,0.0178393667,0.3411562835,0.6944968198,0.4912279996
8.922124957,1400,0.4883048911,0.3751054892,0.7081641962,0.5296871703
15.0358178,1400,0.3929667724,0.3605891182,0.7089784777,0.5086037581
22.1137846,1400,0.1433422487,0.3597569639,0.7214382599,0.4986663223
7.27806816,1400,0.3010078677,0.34353728,0.6969818573,0.4928927151
21.30560186,1400,0.5512289248,0.3559271645,0.720003667,0.4943407664
13.79986867,1400,0.8984937435,0.3766004404,0.7152472894,0.5265317968
6.086623172,1400,0.3452743433,0.3373946938,0.6983072868,0.4831607806
15.87017034,1400,0.8037232676,0.3565663707,0.7115527439,0.5011102462
5.706352331,1400,0.7041185774,0.4077710453,0.7239718999,0.5632415365
16.75109898,1400,0.3028148603,0.3570178078,0.7106045865,0.5024141619
10.65094739,1400,0.5470306285,0.379243793,0.7102311336,0.5339723579
5.209908735,1400,0.8895360508,0.4682184422,0.7377775166,0.6346336554
14.67507131,1400,0.5162983831,0.3632791779,0.7098238449,0.5117877915
5.155467399,1400,0.1444505653,0.2894642789,0.6776382634,0.4271663726
21.55478971,1400,0.2623196579,0.359328374,0.7204523026,0.4987538699
17.31069283,1400,0.1407712903,0.3587740517,0.7119023496,0.5039652585
11.26308533,1400,0.3683495809,0.3653066638,0.7051873055,0.5180278501
9.846980541,1400,0.714006624,0.3983017249,0.7164353163,0.5559493172
15.55065099,1400,0.03139827687,0.3566495901,0.7077830103,0.5038967946
12.23182034,1400,0.7717281887,0.3860416073,0.7150638346,0.5398701328
19.22366599,1400,0.78369159,0.3513558059,0.7160131642,0.4907113772
23.41078648,1400,0.3910520539,0.3567687344,0.7236239158,0.4930306014
16.58915972,1400,0.8459435493,0.3499186089,0.7110122385,0.4921414709
7.813095789,1400,0.8315190933,0.429816823,0.7253029669,0.5926031502
4.839330303,1400,0.4556871656,0.33844247,0.7069497128,0.478736272
23.68519416,1400,0.9123539873,0.3460950238,0.7240692306,0.4779860947
19.49168979,1400,0.8228188276,0.3504778892,0.7165529289,0.4891165399
15.23548311,1400,0.6430610739,0.3613934535,0.7108730159,0.5083797605
8.104275321,1400,0.4474250399,0.3682748487,0.7060967797,0.5215642661
14.83908713,1400,0.1168028068,0.3569503828,0.7066633208,0.5051208579
8.434710455,1400,0.5024160612,0.3762684065,0.7088287992,0.5308311498
8.321026912,1400,0.8950073827,0.4367366206,0.7267789038,0.600920883
22.06858481,1400,0.6593740709,0.3535794738,0.7213595622,0.4901570483
16.26240231,1400,0.0486812766,0.3577192009,0.7094827937,0.5041971477
7.414502479,1400,0.5319121494,0.3782106621,0.7107002501,0.5321662151
9.240275356,1400,0.6101817265,0.3891113639,0.7131521874,0.5456217772
8.437716937,1400,0.2181615115,0.3425191991,0.6946396791,0.4930890207
7.583883254,1400,0.3878745983,0.3577334355,0.7025935667,0.509161274
15.36443671,1400,0.6703775552,0.3606447954,0.7110267138,0.5072169419
19.22573275,1400,0.8229349599,0.3504058698,0.7160173581,0.4893818088
4.700561101,1400,0.7571906705,0.4188047021,0.7311349456,0.5728145052
17.26184451,1400,0.4269120724,0.3563496134,0.7117909179,0.5006380447
17.77954871,1400,0.8449812381,0.3489909275,0.7129546002,0.48949951
12.21737796,1400,0.3787068808,0.3655483601,0.7063584105,0.5175111596
15.53349389,1400,0.478855299,0.359386683,0.7098205488,0.5063063948
22.43135416,1400,0.06278183326,0.359800693,0.7219862342,0.4983484116
18.59399104,1400,0.4720896067,0.3569018453,0.7147117711,0.4993647225
17.02344296,1400,0.2347848578,0.3579142072,0.7112420516,0.5032241927
8.427818583,1400,0.5551571234,0.3831929966,0.7113131273,0.5387121113
20.74737448,1400,0.04684145727,0.360558918,0.718977303,0.5014885957
11.5844249,1400,0.009658903038,0.3432417028,0.6960051047,0.4931597491
20.59328672,1400,0.08848890341,0.360499216,0.7186886309,0.5016069554
11.07691212,1400,0.9480100825,0.4100411379,0.7216531428,0.5681969822
9.189824887,1400,0.06450557201,0.3325308179,0.6892721184,0.4824376454
14.19548497,1400,0.852287037,0.3717013122,0.7139751344,0.5206082037
7.565378714,1400,0.682070271,0.4034073405,0.7185137163,0.5614469583
10.63872586,1400,0.1146143638,0.3457397144,0.6961906564,0.4966164243
21.08638999,1400,0.3984133852,0.3581646331,0.7196041939,0.4977244938
7.34919588,1400,0.8698401264,0.4421444903,0.7284954807,0.6069282542
20.55463477,1400,0.136155214,0.3603462982,0.7186158459,0.5014449657
17.34133874,1400,0.7318332923,0.3512235061,0.7119720818,0.4933107844
23.2742705,1400,0.2439576434,0.3582974836,0.7234002272,0.4952963383
19.94273395,1400,0.2531456842,0.359684295,0.717443073,0.5013419301
7.693719557,1400,0.8938421215,0.443740385,0.7285867714,0.6090426047
21.63101082,1400,0.8325764599,0.3498949999,0.7205883901,0.485568467
15.11791901,1400,0.4491901114,0.3608313475,0.7094376214,0.5086160314
7.170923459,1400,0.3386043594,0.3478243217,0.6991966675,0.4974627853
21.24117793,1400,0.5024099104,0.3567195887,0.7198867379,0.495521823
16.58296467,1400,0.3536188707,0.3562894341,0.7102053164,0.5016710321
21.32360764,1400,0.9231431198,0.3475995751,0.7200362777,0.4827528638
10.07339306,1400,0.3388660673,0.3617708772,0.7029176832,0.5146703317
22.12528784,1400,0.920529533,0.3472381736,0.72145826,0.4813004339
16.9642864,1400,0.8256650159,0.3485933467,0.7111045456,0.4902139198
14.41226834,1400,0.4810872532,0.3638009,0.7093917721,0.5128349586
22.38598094,1400,0.7529303888,0.3513618038,0.7219084669,0.4867124018
17.38442772,1400,0.9013362582,0.3471201189,0.7120698979,0.4874804004
18.19479647,1400,0.06501998662,0.3598370774,0.7138613299,0.5040713965
17.61801201,1400,0.3230587356,0.3578716713,0.712595551,0.5022086803
16.39938025,1400,0.5551469014,0.3549947399,0.7103236432,0.4997647808
9.658147591,1400,0.3598961486,0.3627824307,0.7032340443,0.5158772298
10.89745669,1400,0.3630393127,0.3647964988,0.7046600415,0.5176914786
7.916988601,1400,0.4226746879,0.3642376956,0.7047316447,0.5168459488
13.7574339,1400,0.5006233334,0.3666744896,0.7094146328,0.5168690814
21.82882435,1400,0.5233587569,0.3561390686,0.7209391217,0.4939932623
10.85678351,1400,0.297860997,0.3599804142,0.702608493,0.5123485095
14.32233494,1400,0.4921094763,0.3643387498,0.7094787135,0.5135302059
14.54243895,1400,0.416754341,0.3622908674,0.7088111908,0.5111246438
5.883209057,1400,0.1830929316,0.3092234446,0.6844967049,0.4517530068
16.17262144,1400,0.426510669,0.3570125995,0.7099552622,0.5028663333
14.57555092,1400,0.7930536662,0.3674098552,0.7127667633,0.5154699604
14.31176376,1400,0.7438594574,0.3688000594,0.7124261229,0.517667794
22.56365328,1400,0.5778237515,0.3547672009,0.7222120025,0.4912230753
4.627221443,1400,0.2606110258,0.2958250231,0.6880435596,0.4299510096
20.06317121,1400,0.283550131,0.3594523928,0.7176770097,0.500855382
19.44404743,1400,0.6311132261,0.3546517236,0.7164575832,0.4950072857
20.96557801,1400,0.1602551939,0.3601667217,0.7193820759,0.5006612393
6.335505674,1400,0.5480807706,0.3759777384,0.7125517538,0.527649727
10.76398398,1400,0.2285009511,0.3546703793,0.7002587911,0.5064847221
7.928446738,1400,0.2191977103,0.3387283063,0.6934116762,0.4884952445
10.85053214,1400,0.5372678019,0.3779517404,0.709903933,0.5323984314
18.31546049,1400,0.5300593089,0.3558678125,0.7141205417,0.4983301722
14.47208404,1400,0.4896325948,0.3637176207,0.7095026729,0.5126374214
20.9216976,1400,0.7033832543,0.3531816727,0.7193010506,0.4910067521
7.229912616,1400,0.2953864681,0.3423402493,0.6965395637,0.4914871561
13.65351114,1400,0.1361150728,0.3559687705,0.7043083415,0.5054160935
17.29047299,1400,0.197110093,0.3584742802,0.7118562666,0.5035767711
18.95131316,1400,0.6772905322,0.3535847521,0.7154561228,0.4942088562
16.35858847,1400,0.7200688228,0.3534615305,0.7107782952,0.4972880192
21.37305188,1400,0.1347431814,0.360151276,0.7201256718,0.500122812
5.68746214,1400,0.882941276,0.4617510026,0.7352386707,0.6280287218
11.43005127,1400,0.2539013523,0.3579958725,0.7022620917,0.5097753057
23.22475553,1400,0.1109774123,0.3590474452,0.7233187368,0.4963889735
21.40864056,1400,0.08853352994,0.3602902231,0.7201898744,0.5002711589
12.44101456,1400,0.3071776544,0.3618925067,0.7050857429,0.5132602813
4.162281541,1400,0.007628621272,0.2430367767,0.6526719217,0.3723720426
12.37000864,1400,0.7654336591,0.3846083805,0.7147569028,0.5380967698
17.39486427,1400,0.3804568612,0.3570480275,0.7120935497,0.5014060689
17.16069761,1400,0.531542341,0.3547595431,0.7115590757,0.4985665354
10.79859553,1400,0.2817127129,0.358683054,0.7020133833,0.5109347807
11.0782257,1400,0.3306589433,0.3626240474,0.7039011827,0.5151632875
12.04374288,1400,0.1319524436,0.3522415963,0.7004737459,0.5028619536
19.45320941,1400,0.2089189013,0.359897759,0.7164759388,0.502316602
11.66987168,1400,0.8499006631,0.3958071094,0.7177797859,0.5514325106
16.01651087,1400,0.6307125276,0.3565642425,0.7105831199,0.5017910397
16.01494223,1400,0.101741386,0.3576620861,0.7090389316,0.5044322253
20.30313711,1400,0.4795255671,0.3572413572,0.7181385408,0.497454651
11.37087824,1400,0.01521754968,0.3424978959,0.6954176497,0.4925067634
5.236948768,1400,0.1443839033,0.2912192416,0.6780266384,0.4295100297
21.18341912,1400,0.5657129479,0.3557283596,0.7197815732,0.4942170969
13.52134146,1400,0.4531080961,0.3660915893,0.7086407484,0.5166109768
5.570861425,1400,0.08167404204,0.2890598078,0.6733028895,0.4293161552
14.19886212,1400,0.8767069373,0.3721226038,0.7143083304,0.5209551505
9.133355243,1400,0.4147465733,0.3671846934,0.7050431276,0.5207974931
10.25376245,1400,0.5501761125,0.3804794739,0.7104162429,0.5355725994
16.43899025,1400,0.3913228925,0.3563309092,0.7100841285,0.5018150595
15.73483974,1400,0.8696260923,0.3574238093,0.7121421104,0.5018995564
12.71505139,1400,0.3678877346,0.3645400903,0.706606703,0.5159023948
18.85636007,1400,0.9449534247,0.3469959904,0.7152598401,0.4851327741
20.0403737,1400,0.06610595755,0.3605687037,0.7176328469,0.5024417504
6.701878217,1400,0.1121360058,0.311963905,0.6818989647,0.4574928563
5.268522048,1400,0.4313877372,0.3410707001,0.7047097415,0.4839874916
23.0909594,1400,0.4078487297,0.3568611031,0.7230975775,0.4935172156
13.27585621,1400,0.4124518169,0.3653782158,0.7078615235,0.5161718834
10.27606602,1400,0.8605123671,0.4106297847,0.7207149257,0.5697534074
10.39794644,1400,0.0924378753,0.3428222816,0.6946782602,0.4934979273
20.21452441,1400,0.3168390726,0.3591609301,0.7179688135,0.500245865
21.86492497,1400,0.6009371164,0.3548091853,0.7210027517,0.492105175
17.21107232,1400,0.03247009363,0.3589303437,0.7116747288,0.5043460575
21.73628197,1400,0.08765469558,0.360150645,0.720775478,0.499671057
9.425746071,1400,0.3875960155,0.3649774567,0.7041224249,0.5183437479
23.13730364,1400,0.5241005434,0.355188649,0.723174342,0.4911521723
17.62776227,1400,0.8141426054,0.3496181095,0.7126173257,0.4906112957
19.02274111,1400,0.7145184029,0.3528398683,0.7156030629,0.493066459
13.70562103,1400,0.8859491351,0.3772286141,0.7151962105,0.5274477249
12.79489827,1400,0.3928651782,0.3655099385,0.7071497414,0.5168777094
19.4892604,1400,0.3176737976,0.3590662146,0.7165480732,0.5011055475
4.377147241,1400,0.4612704556,0.3295432334,0.7078602354,0.4655484472
14.0469504,1400,0.4297487073,0.3639581412,0.7086248356,0.5136118901
22.1813777,1400,0.01089769433,0.3600191608,0.7215556168,0.4989485944
23.9838977,1400,0.9248100525,0.345400312,0.7245475558,0.4767117206
17.31931823,1400,0.6632393342,0.3526206318,0.7119219897,0.4953079648
7.94932033,1400,0.2244110257,0.3395176373,0.6937676597,0.489382335
19.67145778,1400,0.1176499809,0.3603841245,0.7169103972,0.5026906094
18.37621484,1400,0.5910188081,0.3548985032,0.7142503439,0.4968825094
12.94676059,1400,0.2687028404,0.3602430784,0.7050719766,0.5109309267
7.935930205,1400,0.177069256,0.3338618168,0.6909523363,0.4831908067
16.29676379,1400,0.1055172851,0.3577864648,0.709612611,0.5041996989
4.444896822,1400,0.8719509808,0.4645740519,0.7404848874,0.6273916724
18.31222718,1400,0.138918904,0.3597035094,0.7141136204,0.5037062718
14.79573805,1400,0.2264377418,0.3588073118,0.7074314407,0.5071972932
22.35362542,1400,0.2607836714,0.3589006905,0.721852905,0.4971936638
21.91655897,1400,0.5090848952,0.3563123797,0.7210935596,0.4941278076
21.63237783,1400,0.3128438926,0.3588626674,0.7205908259,0.4980117072
19.33696355,1400,0.5239986465,0.3564618811,0.7162423358,0.4976833444
17.00781873,1400,0.1615782234,0.3583157032,0.7112057852,0.5038143821
8.394394175,1400,0.3820402898,0.3611419306,0.7029654705,0.5137406398
17.42920664,1400,0.1027342524,0.3590406943,0.7121712678,0.5041493677
16.79459778,1400,0.1293252876,0.3581673599,0.7107071651,0.5039591233
7.739464,1400,0.9186811916,0.4485704478,0.7296058595,0.6148120139
23.24689284,1400,0.1812962986,0.3587206838,0.7233551934,0.4959122255
18.16487015,1400,0.9059045136,0.3476929996,0.7137967488,0.4871036471
10.26157099,1400,0.2075915323,0.3513184848,0.6984770931,0.5029778189
11.93712981,1400,0.009711821872,0.3449590472,0.6972109294,0.4947699938
10.50912095,1400,0.7039692933,0.3933727814,0.7152780751,0.5499578347
16.53225344,1400,0.4010734298,0.3559322847,0.7101644718,0.5011969746
21.42214797,1400,0.8885061028,0.3485205065,0.7202142112,0.4839122875
21.53924853,1400,0.2573050848,0.3593736789,0.7204244899,0.4988360112
19.97667282,1400,0.123440939,0.3604047493,0.7175091528,0.5022998632
11.05411443,1400,0.3568349837,0.3644421286,0.7046406738,0.5172027988
8.008945338,1400,0.884832853,0.438336616,0.7272242102,0.6027530572
10.08740798,1400,0.7472760886,0.4003085947,0.7172586106,0.5581091518
21.89054302,1400,0.5117540603,0.3562858778,0.7210478353,0.4941223874
22.50709446,1400,0.7834336626,0.3505571476,0.7221156639,0.4854584454
5.791099001,1400,0.8815281025,0.4603555012,0.7347200602,0.6265726582
21.18761515,1400,0.6057293809,0.3550241289,0.7197892238,0.4932334595
19.26052495,1400,0.6634387404,0.3539761889,0.7160878833,0.4943194784
13.71242736,1400,0.4504510376,0.3654536425,0.7087011039,0.515666817
20.37604067,1400,0.01242324986,0.360631572,0.7182775684,0.5020782882
11.64935244,1400,0.3993024096,0.3671691657,0.7063582416,0.5198058776
6.600350237,1400,0.3118644553,0.338338168,0.6965720502,0.4857188398
20.70499995,1400,0.7183323965,0.3529115991,0.7188981535,0.4909062534
13.60394758,1400,0.5156682201,0.3676801684,0.7095935641,0.5181560079
14.74794005,1400,0.815564317,0.3661890002,0.7128333643,0.5137091199
19.29331054,1400,0.1248018357,0.360261629,0.7161542127,0.5030503524
20.10179817,1400,0.4282185637,0.3579336222,0.7177517111,0.4986872433
17.14258664,1400,0.4096816986,0.3564192189,0.7115174041,0.5009283214
19.33835349,1400,0.2569690589,0.3595366641,0.7162451381,0.5019743171
15.87780455,1400,0.786894323,0.3566019031,0.7114447583,0.5012362504
7.096106766,1400,0.5198027315,0.3750418209,0.7101915186,0.5280854686
16.72305406,1400,0.4377264589,0.3555213447,0.7105382954,0.500354938
6.802023068,1400,0.8971279955,0.4547236279,0.7317118592,0.6214517671
5.333760364,1400,0.9259491968,0.4817717102,0.7394490454,0.6515279358
20.68403459,1400,0.1376293129,0.3603228717,0.7188589272,0.5012428143
22.43924848,1400,0.8890132961,0.3478963899,0.721999747,0.4818511244
14.89791583,1400,0.4824972939,0.3619608068,0.7095918951,0.5100971549
17.21509739,1400,0.3177444243,0.357482305,0.7116839537,0.5023048548
20.60182585,1400,0.8170870929,0.3506360898,0.7187046905,0.4878722714
11.41931106,1400,0.6496616604,0.3839498117,0.7128569368,0.5386071059
22.5127164,1400,0.2961799401,0.3584973506,0.7221252519,0.4964476034
22.70372615,1400,0.04907666274,0.359627205,0.7224494524,0.4977887433
5.704347589,1400,0.2400223581,0.3147985858,0.6889519337,0.4569238729
22.30784707,1400,0.8832354739,0.3481500824,0.7217741415,0.4823532216
22.17875542,1400,0.9019251748,0.347725447,0.7215510713,0.4819138393
5.65558622,1400,0.854918899,0.4524216818,0.7336745617,0.616651722
8.628830709,1400,0.7626399236,0.4120108141,0.7203258544,0.5719783783
4.319310382,1400,0.2245433434,0.2812058375,0.6830890048,0.4116679313
12.06325321,1400,0.8657081519,0.3929232079,0.7174932129,0.5476333446
4.5828148,1400,0.05461843547,0.2621449365,0.6633382775,0.3951904261
19.13650415,1400,0.6619173753,0.3539647491,0.7158358436,0.494477543
21.2704788,1400,0.2101951612,0.3598033876,0.7199399672,0.4997685974
14.69021873,1400,0.248263846,0.359227126,0.7074470407,0.5077795303
21.68310447,1400,0.6738264306,0.3535029355,0.720681096,0.490512291
23.90022709,1400,0.658872477,0.3519993579,0.7244142357,0.4859089462
13.68738064,1400,0.8442616326,0.3762726894,0.7145519528,0.5265854889
15.63871523,1400,0.9030393795,0.3582128909,0.7125239219,0.5027380553
14.8587458,1400,0.3406783696,0.3604054074,0.7084182882,0.5087466167
5.186499606,1400,0.03091327555,0.273912836,0.6650888402,0.4118439815
23.64839583,1400,0.6904157564,0.3516211918,0.7240098445,0.485658026
12.39843342,1400,0.380654817,0.3654698947,0.706565031,0.5172487721
23.45477954,1400,0.8234233451,0.3487294598,0.7236956947,0.4818730613
23.10106192,1400,0.08464730365,0.3592334987,0.7231143257,0.4967865881
12.39745059,1400,0.7647759268,0.3843579184,0.714710203,0.5377814907
19.25660574,1400,0.006307766505,0.3604766006,0.7160799459,0.5034027313
15.46562022,1400,0.1495401065,0.3577650324,0.7081202079,0.5052320615
4.921560604,1400,0.2484651075,0.3007881906,0.6875706399,0.4374651463
6.043592151,1400,0.5388251741,0.3720009684,0.7122531039,0.5222876059
15.44718603,1400,0.06659693088,0.3568960862,0.7076956899,0.5043072768
15.66445206,1400,0.5292938105,0.3588416674,0.7101235807,0.505322844
18.25718481,1400,0.8157499621,0.3501002551,0.7139955888,0.4903395211
23.65244294,1400,0.4862866804,0.3552685382,0.7240163808,0.4906912987
16.62707673,1400,0.4036454466,0.3558021563,0.7103104996,0.5009107376
10.51513296,1400,0.8762678322,0.4097718685,0.7207264961,0.5685539116
8.699628296,1400,0.02927154871,0.3250017599,0.6854181822,0.4741656529
21.30318084,1400,0.6886122548,0.3533672113,0.7199992799,0.4907882844
9.069307808,1400,0.8834979621,0.4263556399,0.7242990522,0.588645862
15.94531811,1400,0.2357312992,0.3579816612,0.7092397804,0.504739964
21.1337407,1400,0.5234744824,0.3564327492,0.719690868,0.4952581241
6.038650779,1400,0.36776079,0.340519857,0.699965906,0.4864806329
10.6974518,1400,0.04802479758,0.3411211295,0.6941089869,0.4914518267
14.35849807,1400,0.191319427,0.3581509178,0.7063713985,0.5070291897
5.851183952,1400,0.1087609796,0.2980903944,0.677531636,0.4399652777
20.15596318,1400,0.37115498,0.3586091585,0.7178561958,0.4995557057
4.79482896,1400,0.4951164653,0.3463269251,0.7103823186,0.4875218822
20.82761898,1400,0.4183812946,0.357988286,0.7191267015,0.4978097535
11.32817427,1400,0.09251186347,0.3473056544,0.6975136463,0.497919512
22.78885489,1400,0.6117170751,0.3539821705,0.7225929743,0.4898776809
8.755881443,1400,0.1113569504,0.3336715209,0.6900075914,0.4835765941
7.709549126,1400,0.844270199,0.4332474121,0.726190253,0.5966031771
12.874983,1400,0.7193426749,0.3787000751,0.7132888415,0.5309210702
14.21126663,1400,0.592954467,0.3667414426,0.7106319344,0.5160779087
23.76705742,1400,0.3852969835,0.3564771609,0.7242009797,0.4922351266
10.68266668,1400,0.3871865722,0.3665015732,0.705204368,0.5197097321
13.85038665,1400,0.1398406244,0.3563683396,0.7047844368,0.5056416133
21.07159865,1400,0.5218179285,0.3564777732,0.7195770748,0.4953990138
8.030781948,1400,0.4287250438,0.3655291315,0.7051038463,0.5184046766
10.01572264,1400,0.8997166841,0.4178407689,0.7226017018,0.5782449278
16.39645497,1400,0.5948977524,0.3545984089,0.7104113127,0.4991452171
6.070116086,1400,0.2643285526,0.3243234595,0.691931899,0.4687216472
21.3886478,1400,0.4830521844,0.3569495042,0.7201538216,0.4956573075
14.80833914,1400,0.09398147255,0.3564940823,0.7064217793,0.504647638
10.61839249,1400,0.5913100388,0.3830151006,0.7116302827,0.5382220374
7.487257435,1400,0.55302799,0.3817661976,0.7118107169,0.5363310618
8.631265249,1400,0.3974050202,0.3638665248,0.7039078182,0.5169235451
8.832019508,1400,0.8314151461,0.4208601152,0.7227782609,0.5822810923
17.32517666,1400,0.70256972,0.3518299934,0.7119353233,0.4941881402
11.55754526,1400,0.5034332707,0.3737819693,0.7089821418,0.5272092868
9.928243341,1400,0.3101728767,0.3588968182,0.701655666,0.5114999217
9.797747023,1400,0.8724745035,0.4169694434,0.7221533732,0.5773973492
19.2498623,1400,0.5011203559,0.3567820617,0.7160662846,0.4982528425
23.21275603,1400,0.5396868329,0.354869534,0.7232989595,0.4906263577
16.17674509,1400,0.9307741404,0.352701837,0.7119389459,0.49541023
12.84861349,1400,0.4515167096,0.3678526754,0.7082732905,0.5193654489
8.184506299,1400,0.4856407501,0.3735843258,0.7080348474,0.5276355072
6.813514031,1400,0.7140728966,0.4109196938,0.7217454163,0.5693416051
18.34646159,1400,0.6691962323,0.3534160425,0.714186835,0.4948509623
14.14771775,1400,0.7670459505,0.3705005118,0.7128755781,0.5197267562
5.243590279,1400,0.05100109244,0.2779528954,0.667846837,0.4161925759
5.179170445,1400,0.2129127099,0.3005716394,0.6847915334,0.4389242927
21.87509079,1400,0.4470020586,0.3572232903,0.7210206489,0.4954411374
9.852621174,1400,0.4521595665,0.3717999727,0.7069110942,0.525950117
15.85912111,1400,0.3994642813,0.3581671488,0.709655317,0.504705792
10.79495664,1400,0.2386022313,0.3555020984,0.7006425549,0.5073943852
9.956848059,1400,0.684651254,0.394579276,0.7152604483,0.5516581784
11.41702391,1400,0.929648752,0.4043727637,0.7203770703,0.5613348625
17.35216412,1400,0.8954260454,0.347245625,0.7119966816,0.4877068026
6.875674982,1400,0.4993445696,0.3704933831,0.7090738017,0.5225032742
14.40281597,1400,0.2328195618,0.3590635899,0.7068599849,0.5079698915
13.9997306,1400,0.1377988941,0.3565014408,0.7050788929,0.5056192213
11.56769454,1400,0.8252280659,0.3950611272,0.7173109262,0.5507529758
6.203085422,1400,0.6833530348,0.4039672686,0.7213565751,0.560010517
21.8263448,1400,0.8876412197,0.3483384707,0.7209347471,0.4831761434
23.79769089,1400,0.3138978374,0.3571959045,0.7242501521,0.4931941035
18.49796842,1400,0.2389888619,0.3592758026,0.7145090547,0.5028289008
6.782260278,1400,0.7069441242,0.4094437857,0.7214147258,0.5675567341
11.38597322,1400,0.2926018343,0.3604096909,0.7032464725,0.5124941326
15.5446951,1400,0.8362924995,0.3592561547,0.7121217998,0.5044869498
21.07398194,1400,0.5164750065,0.3565598916,0.7195814458,0.4955101242
9.764319543,1400,0.4802669381,0.3745071968,0.7079366921,0.5290122703
20.87944443,1400,0.3988504863,0.3582137035,0.7192228529,0.4980566204
8.884973367,1400,0.212395389,0.3448686987,0.6954502029,0.4958927286
18.72028806,1400,0.6517975266,0.3539802883,0.714976652,0.4950934933
22.77679518,1400,0.8872148263,0.3476768307,0.7225726783,0.4811652048
13.841686,1400,0.8750943724,0.3755927426,0.7148148622,0.5254405895
16.84835743,1400,0.4166066319,0.3559583178,0.7108335373,0.5007618508
6.171994555,1400,0.5420742016,0.3736579625,0.7123322722,0.5245557123
21.52269348,1400,0.3800382559,0.3582192963,0.7203948384,0.4972541129
9.418304993,1400,0.1845011205,0.3452823622,0.6955149009,0.4964413584
11.90498143,1400,0.6118523127,0.3791269946,0.7116275739,0.5327604053
20.2922814,1400,0.008595161533,0.3606360638,0.7181177919,0.5021962524
23.59581978,1400,0.1724509518,0.3584348453,0.7239248189,0.4951271678
20.38221937,1400,0.03300065937,0.3606175026,0.718289326,0.5020504823
22.11450001,1400,0.7556424227,0.3514831113,0.7214395041,0.4871969296
19.59340126,1400,0.2672445386,0.3595237225,0.7167556258,0.5015987451
12.12961379,1400,0.6560125129,0.3804471607,0.7125367222,0.5339334085
15.66712078,1400,0.6854836964,0.358602396,0.7109869505,0.5043726833
13.74615291,1400,0.5898041034,0.3690912995,0.7106668672,0.5193590929
17.61346897,1400,0.7417141109,0.3512895523,0.7125854008,0.4929788793
10.92701634,1400,0.2730090514,0.3583165082,0.7019538305,0.5104559483
21.77550597,1400,0.5579989094,0.355605003,0.7208449318,0.493316922
16.31486972,1400,0.9479999366,0.3511153341,0.7118304923,0.4932569451
16.82218459,1400,0.7923059356,0.3492144952,0.7107720687,0.4913171333
20.04180347,1400,0.4864075037,0.3571428707,0.7176356182,0.4976660323
10.06597125,1400,0.4827931573,0.3746158705,0.7080863867,0.5290539086
4.464315452,1400,0.5196786889,0.3454431071,0.7130160711,0.4844815161
20.42294875,1400,0.2391338808,0.3597895459,0.718366733,0.5008438301
8.55363916,1400,0.3871509565,0.362385695,0.7033544244,0.5152248745
22.41027383,1400,0.9055233457,0.3474608325,0.7219501252,0.4812809366
17.80179446,1400,0.6854430678,0.3526621222,0.7130037644,0.4946146707
13.79393741,1400,0.09738756332,0.3549506426,0.7041126486,0.5041105898
12.39514475,1400,0.8880212056,0.3907751024,0.717425707,0.5446906887
15.941433,1400,0.6060532253,0.3571546655,0.7104920005,0.5026863994
21.58570554,1400,0.42252818,0.3576838633,0.7205075645,0.4964331825
4.838674606,1400,0.7425467656,0.4147917306,0.7295221671,0.568580023
7.429328192,1400,0.715152359,0.4097591562,0.7204709005,0.5687379683
5.21828062,1400,0.632038515,0.3857629661,0.7203181346,0.5355452647
17.08098017,1400,0.3107674444,0.357383482,0.7113752897,0.5023838854
22.55393793,1400,0.1777567609,0.3593037788,0.7221954729,0.4975159666
23.10998582,1400,0.7066241832,0.3518036014,0.7231291133,0.4865017808
19.54578673,1400,0.9473785954,0.3471367895,0.7166608813,0.4843808258
20.884972,1400,0.7110855507,0.3530269326,0.7192330927,0.4908379999
15.53576846,1400,0.3963764272,0.359165521,0.7093936282,0.5062993333
11.95368262,1400,0.03223247933,0.3463233377,0.6978215074,0.4962921522
20.98691313,1400,0.1635711918,0.3601455384,0.7194214038,0.5006044252
15.14740361,1400,0.5611551654,0.3614836253,0.7102652344,0.5089417415
11.88037375,1400,0.1412755554,0.3522810892,0.7002942597,0.5030472324
5.862976214,1400,0.6667842287,0.3989812579,0.7211176823,0.5532817565
12.80292067,1400,0.6812654777,0.3775977843,0.712612828,0.5298778937
12.55198076,1400,0.8634673231,0.3879192192,0.7166213393,0.5413168683
10.20563999,1400,0.1320613888,0.3449463688,0.6955546082,0.4959299597
16.59273535,1400,0.3498341953,0.3563427038,0.7102286407,0.5017295605
14.04894077,1400,0.6973658386,0.3698258568,0.7120250566,0.5194000596
23.72351254,1400,0.2542099699,0.3577825156,0.7241309618,0.4940853719
14.53672792,1400,0.1374923981,0.3570725243,0.7062023959,0.505623496
16.97771143,1400,0.1794633228,0.358188329,0.7111357975,0.5036848521
8.55563121,1400,0.4698725533,0.3723686244,0.7072938702,0.5264694636
8.713188792,1400,0.8548199496,0.4256389239,0.7240282236,0.587876149
14.50875436,1400,0.05135502394,0.3550848373,0.7053513539,0.5034155465
18.47750636,1400,0.6371103768,0.3541236507,0.7144657068,0.4956482128
21.10320622,1400,0.2995714551,0.3591827359,0.719635,0.499117936
7.005401726,1400,0.64284476,0.3965773213,0.7173595141,0.5528292488
17.76929693,1400,0.6127250859,0.3540327191,0.7129319204,0.4965869938
14.07127899,1400,0.4681173642,0.3647574356,0.7091040649,0.5143919682
5.972399314,1400,0.901092473,0.4651501187,0.735114494,0.632758737
10.61089299,1400,0.6778553747,0.3904620619,0.7143467473,0.5466001817
6.694028723,1400,0.4472882667,0.3605517137,0.7058287855,0.5108203592
17.26627234,1400,0.3856685434,0.3568448281,0.7118010329,0.5013266512
21.83896237,1400,0.2515078803,0.3592758745,0.7209570025,0.4983319023
11.40888984,1400,0.08758324517,0.3473295542,0.6976097436,0.4978851821
5.786623095,1400,0.4418842542,0.3505162887,0.7054676361,0.4968566534
13.62299547,1400,0.8315276555,0.3765132578,0.7144343689,0.5270088816
22.07348863,1400,0.8671867059,0.3487404632,0.7213681088,0.4834431394
18.21403774,1400,0.6886856249,0.3529299001,0.7139027909,0.4943668867
21.69292853,1400,0.7249135451,0.3524163136,0.7206985514,0.4889926765
13.7174261,1400,0.2836020677,0.3606387694,0.7064261439,0.5105116401
12.10282128,1400,0.1230540653,0.3519310452,0.7004144383,0.5024611515
16.0990608,1400,0.7385004423,0.3552069705,0.7110158833,0.4995767026
21.08128595,1400,0.3746636763,0.3584387129,0.7195948383,0.4981118455
5.368886786,1400,0.6200396939,0.3841802374,0.7190858755,0.5342619714
16.09921485,1400,0.08772749494,0.357667949,0.7091853467,0.5043363496
20.47806769,1400,0.6333050952,0.3546748787,0.7184712172,0.4936521745
8.718444381,1400,0.6946356837,0.4016764982,0.7172553514,0.5600188237
21.93078934,1400,0.1552148443,0.3598081934,0.7211185448,0.4989584528
13.59557376,1400,0.4237029558,0.3649994079,0.7082533967,0.51535144
20.90271875,1400,0.7198293249,0.3528334871,0.7192659481,0.4905466302
11.94290898,1400,0.416144522,0.3678561299,0.7069896617,0.5203133085
21.45012227,1400,0.06833208562,0.3603208652,0.7202645599,0.5002618278
6.82448689,1400,0.3813199823,0.3511232804,0.7015836158,0.5004724633
13.08729849,1400,0.7446999045,0.3781395234,0.7135637722,0.529930944
17.92335791,1400,0.3171549451,0.3582114838,0.7132712362,0.5022093498
21.84288887,1400,0.6699375128,0.353498155,0.7209639253,0.4903132356
16.92356373,1400,0.9484507251,0.3452613345,0.7110095808,0.4855930832
9.141923837,1400,0.8309334908,0.4179786523,0.7220623125,0.5788678415
20.61518713,1400,0.3274098863,0.3590309544,0.7187298045,0.4995353638
17.16193181,1400,0.5725487435,0.3540947051,0.7115619137,0.4976302108
10.93583539,1400,0.6354151381,0.3853040354,0.7127904135,0.5405572636
19.96801912,1400,0.5814557873,0.3556297978,0.7174923156,0.4956565946
20.01412113,1400,0.8890192723,0.3488168628,0.7175819223,0.4861004047
7.924877985,1400,0.5970186778,0.3891309509,0.7137211903,0.5452142323
4.926551517,1400,0.3477955162,0.318551672,0.6972476516,0.4568701971
7.39351243,1400,0.864305659,0.440459949,0.728085197,0.6049566051
10.59282279,1400,0.08882945616,0.3435819665,0.695166685,0.4942440049
19.73919651,1400,0.2300547607,0.3598226653,0.7170441631,0.5018138126
16.56323953,1400,0.8548770681,0.3500143993,0.7110726592,0.4922343656
9.097877894,1400,0.06777845503,0.3321207569,0.6890754461,0.4819802516
16.19058718,1400,0.3880399964,0.3571517423,0.7098815781,0.5031145382
16.15045559,1400,0.3688058885,0.3573608594,0.7098057524,0.5034628956
23.89102831,1400,0.7095035973,0.3509491506,0.724399547,0.4844690365
21.85897844,1400,0.8391650093,0.3496038243,0.7209922785,0.4848926053
23.39337056,1400,0.2153543913,0.3583829441,0.723595459,0.4952808087
6.987235487,1400,0.3004113986,0.3407371586,0.6964375501,0.4892573046
7.461335744,1400,0.5728807066,0.3849096392,0.7129089911,0.5399141321
4.563560851,1400,0.5653552618,0.3590423078,0.7167193307,0.5009524544
5.330853616,1400,0.5769238596,0.3733705094,0.7160200396,0.5214525974
22.99789156,1400,0.6866331632,0.352328445,0.7229429059,0.4873530706
6.323978187,1400,0.7117228688,0.4107066753,0.7227895157,0.5682244503
7.035080044,1400,0.01999091072,0.3052243649,0.6763248951,0.4512984323
14.01158414,1400,0.1326186497,0.3563691986,0.7050430803,0.505457338
18.63686176,1400,0.5122274394,0.3563436526,0.7148019048,0.4985208492
11.39221574,1400,0.1168318995,0.3491348964,0.6983868012,0.4999162296
23.29934266,1400,0.9059699136,0.3466770496,0.7234414174,0.4792054219
20.40311172,1400,0.4510506478,0.3576285664,0.7183290536,0.4978617593
19.12939736,1400,0.928550751,0.3475695429,0.7158213464,0.4855534759
19.03518636,1400,0.4510836499,0.3574065427,0.7156286028,0.499430209
20.80987229,1400,0.4920077046,0.356995421,0.7190937155,0.4964518718
7.110039547,1400,0.8873562523,0.4487858991,0.7301446856,0.6146533803
6.114357939,1400,0.1327862607,0.3058970094,0.6809907706,0.4491940605
11.22724643,1400,0.1879758429,0.3532134225,0.7000079646,0.5045848625
12.01332785,1400,0.6885448851,0.3829634215,0.7133751866,0.5368331121
8.700567933,1400,0.4998964908,0.3762802487,0.7086842377,0.5309561419
23.41580694,1400,0.8563301923,0.3479154616,0.7236321147,0.4807905213
16.19264046,1400,0.8541797278,0.3533480844,0.711492528,0.4966293679
9.417630782,1400,0.6310030821,0.3910086301,0.7138256098,0.5477649228
21.15577784,1400,0.6029178985,0.3550858489,0.7197311334,0.4933590232
5.063572207,1400,0.2881485477,0.3106666116,0.6918215615,0.4490559834
21.57510248,1400,0.5917017182,0.355120905,0.7204886214,0.4928889846
6.409109111,1400,0.4530286732,0.3591410417,0.7062089656,0.5085478367
21.07084453,1400,0.00130348143,0.3605177156,0.7195756916,0.5010143058
19.59589362,1400,0.5522057832,0.3560749859,0.7167605782,0.4967837194
9.634791666,1400,0.0932850284,0.3383284514,0.6922015415,0.4887715948
23.69718526,1400,0.7532527455,0.3501791014,0.7240885602,0.4836136361
23.29735092,1400,0.2131081922,0.358487075,0.7234381471,0.4955324466
4.446908441,1400,0.2875632488,0.2959250235,0.6905104821,0.4285597846
22.55091287,1400,0.3712973368,0.3577212027,0.7221903245,0.4953281574
16.74765793,1400,0.4333510068,0.3556116802,0.7105964593,0.500441109
10.55067088,1400,0.8714778451,0.4089186872,0.7205019169,0.5675469802
23.37983211,1400,0.8977860258,0.3468256429,0.7235733217,0.4793234252
21.89730451,1400,0.1934420629,0.3596285654,0.7210597247,0.4987500385
21.32945942,1400,0.08484589491,0.3603290677,0.7200468696,0.5004244626
6.828568703,1400,0.3898386872,0.3524719656,0.7021443899,0.5019935652
16.10091917,1400,0.1297462671,0.3577602339,0.7092644227,0.5044102347
4.324572473,1400,0.335892765,0.3016872544,0.695459053,0.4337958548
8.19066112,1400,0.386119899,0.3607470259,0.7029957986,0.513156731
19.44546614,1400,0.06154204425,0.3604794794,0.7164604261,0.5031394146
5.858290455,1400,0.9174666712,0.4720918649,0.7365443642,0.6409550977
23.48319481,1400,0.5457359984,0.3545115266,0.7237419781,0.4898313726
17.31272305,1400,0.3763600881,0.3570016689,0.7119069734,0.5014723584
23.79114136,1400,0.2238403571,0.357929712,0.7242396448,0.4942144697
10.31400751,1400,0.5614751038,0.3813499113,0.7107798418,0.5365232508
8.078030742,1400,0.08705162562,0.325095166,0.6860613977,0.4738572482
11.18546574,1400,0.9307655249,0.4072202623,0.7209143172,0.5648663823
17.43071644,1400,0.6252623319,0.3534668828,0.7121746806,0.4963204849
16.3825836,1400,0.3660056154,0.3566977451,0.7100071835,0.5023861073
12.72295053,1400,0.1801344652,0.3562153686,0.7030422555,0.5066770395
22.30684077,1400,0.8193484754,0.3498216776,0.7217724081,0.4846703388
18.38146516,1400,0.7746121812,0.3511657501,0.7142615391,0.4916486902
18.69020879,1400,0.5687550704,0.3554693814,0.7149137461,0.497219956
19.56616056,1400,0.775613938,0.3516314707,0.7167014527,0.4906247495
20.42870738,1400,0.3748553652,0.3585588346,0.7183776636,0.4991230278
6.612685671,1400,0.7646863639,0.4227159438,0.7251070163,0.5829704227
16.64687889,1400,0.8548951975,0.3492672099,0.7109788175,0.4912484048
20.67701582,1400,0.2045323214,0.3599867003,0.7188457853,0.5007843236
22.49782595,1400,0.1858919738,0.3592996944,0.7220998511,0.4975761923
6.045527688,1400,0.3081664847,0.3308331489,0.695375644,0.4757617725
16.32734003,1400,0.6801639197,0.3541242313,0.7106632846,0.4983010083
9.838683296,1400,0.01421851777,0.3329365451,0.6895830113,0.4828085084
20.97210823,1400,0.1111093214,0.3603617601,0.719394118,0.5009239734
10.89936784,1400,0.4062333414,0.3679749611,0.7059702494,0.5212329576
18.88428251,1400,0.2143255994,0.359653201,0.7153176729,0.5027880824
6.240842854,1400,0.6118113901,0.3883012084,0.7167864411,0.5417251027
5.669468337,1400,0.4032796937,0.3418029538,0.7024820758,0.486564662
7.620473876,1400,0.2911479077,0.3451034913,0.6969818276,0.4951398697
8.686982734,1400,0.2506114257,0.3476809742,0.6968706015,0.4989175514
13.34898384,1400,0.5124592697,0.3685540049,0.7094949521,0.5194596577
20.29632447,1400,0.7841368543,0.3514731965,0.718125521,0.4894314242
12.01938653,1400,0.1333499483,0.3522469416,0.7004462026,0.5028893586
19.49436989,1400,0.4446602797,0.3576408248,0.7165582849,0.4991091895
19.59166622,1400,0.9461931476,0.3471788077,0.7167521778,0.4843777506
11.42053841,1400,0.3628081491,0.3649593441,0.7051950514,0.5175296443
14.11455559,1400,0.08493044018,0.355185801,0.7047283515,0.5040038481
12.17337383,1400,0.1739391549,0.3548448444,0.7017432829,0.5056619037
6.255931833,1400,0.5371658651,0.3733177608,0.7119186652,0.5243826002
8.910703149,1400,0.6140768473,0.3903653599,0.713588686,0.5470453323
4.459918414,1400,0.6409317006,0.3782205783,0.7232043702,0.522978834
5.591584244,1400,0.5974558894,0.3807899743,0.7170066048,0.5310829381
19.90308606,1400,0.5260792655,0.3565373629,0.7173657204,0.4970092001
11.88568136,1400,0.1088957796,0.3504423267,0.6995102,0.5009824399
16.51409332,1400,0.1994815141,0.3574643866,0.710053647,0.5034329281
10.34841623,1400,0.2211188725,0.3527375399,0.6991507642,0.5045228554
9.514413451,1400,0.5973957886,0.386965096,0.712451245,0.5431460731
16.82523146,1400,0.7971779105,0.3491029331,0.7107792299,0.4911552258
20.97501438,1400,0.5878358357,0.3554097773,0.7193994758,0.4940367477
13.41562627,1400,0.08637613313,0.3537576603,0.7030321337,0.5031884651
15.01930814,1400,0.5848942364,0.3623157163,0.7104554259,0.5099767038
23.8055819,1400,0.01280434887,0.3586624291,0.7242628074,0.4952103373
14.01885704,1400,0.6945335246,0.3699715565,0.7120067563,0.5196180419
12.33693994,1400,0.4281351769,0.3678865768,0.707519418,0.5199667563
9.215418006,1400,0.2821065952,0.3536971109,0.6993626411,0.5057420715
18.90794094,1400,0.8013192854,0.3508172367,0.7153666004,0.4904020352
13.9099246,1400,0.1137874854,0.3556674015,0.7045904203,0.5047860306
15.09209538,1400,0.7207100508,0.362721862,0.7115826315,0.5097396225
8.315921576,1400,0.2743351612,0.3480252796,0.6973365332,0.4990779387
20.27636122,1400,0.1840532815,0.3601396851,0.7180873409,0.5015262972
13.98764714,1400,0.6166368416,0.3684520287,0.7109805577,0.5182308078
23.61457872,1400,0.5865453673,0.3536777871,0.7239551797,0.4885354744
19.21902322,1400,0.04192475851,0.3604384355,0.7160037414,0.5034030057
8.024477498,1400,0.1101215325,0.32710732,0.6872439683,0.4759697212
14.53552797,1400,0.7939465759,0.3677572577,0.7128193913,0.5159192667
6.468793914,1400,0.4598398938,0.3608419551,0.7066608133,0.5106296378
18.54805454,1400,0.5209434505,0.3561591602,0.7146149373,0.4983931088
13.82295597,1400,0.5638225782,0.368042484,0.7102945663,0.5181547227
11.624105,1400,0.188494099,0.3543539865,0.7008984131,0.5055711069
19.86765238,1400,0.3325780234,0.358991822,0.717296446,0.5004790195
20.00603984,1400,0.4960865835,0.3569999952,0.7175662315,0.497515044
5.200556887,1400,0.2547628353,0.3078190479,0.6889450461,0.4467976794
19.9901918,1400,0.4234749861,0.3579882426,0.7175354402,0.4989136739
7.917945856,1400,0.619874022,0.3926500991,0.7148660461,0.5492638813
23.06808348,1400,0.3284464106,0.3577576576,0.7230596232,0.4947830664
17.81354048,1400,0.5517634269,0.3551217403,0.7130296965,0.4980462133
5.165856164,1400,0.8919062654,0.4695265073,0.738136146,0.6360974325
5.671247235,1400,0.4366930293,0.3480492062,0.7050838327,0.4936281191
8.776067163,1400,0.2986009779,0.3533562309,0.6993742018,0.5052463045
5.841889107,1400,0.7542739198,0.4214324782,0.7267738169,0.5798674477
14.27534803,1400,0.4939318778,0.3645540291,0.7094838175,0.5138299424
19.22335651,1400,0.05933996932,0.3604141886,0.7160125362,0.5033629585
23.55900796,1400,0.0008601573531,0.3589159467,0.7238651628,0.4958326013
15.64795494,1400,0.5953348083,0.3588757592,0.7104723244,0.505122785
6.035442632,1400,0.02018844587,0.2895819578,0.6700724393,0.4321651523
6.421891218,1400,0.1433990022,0.3120885405,0.6832162361,0.4567932142
23.10736221,1400,0.703759187,0.3518676449,0.7231247664,0.4865932703
23.81243762,1400,0.4332404397,0.3558373527,0.7242737985,0.4913022581
21.84968653,1400,0.8971889801,0.3480630471,0.720975907,0.4827665443
18.0935704,1400,0.9405321118,0.3466708926,0.7136424102,0.4857767526
18.48477294,1400,0.9358675371,0.3470655397,0.7144811067,0.4857588766
6.990119837,1400,0.3356805746,0.3458096928,0.6987706399,0.4948829745
4.505846472,1400,0.05329039394,0.2598097708,0.6625399703,0.3921420328
20.4201138,1400,0.6108593199,0.3550990275,0.7183613506,0.4943181133
13.16255211,1400,0.5475529694,0.3705023576,0.7100546194,0.5217941655
4.792121854,1400,0.156113146,0.2827596129,0.6771507439,0.4175726239
6.691967493,1400,0.322872865,0.3409815634,0.6974877294,0.4888710568
17.96348067,1400,0.8928151852,0.3478945758,0.7133590786,0.4876850751
6.671666799,1400,0.8704212834,0.4489061037,0.7307512951,0.6143076403
6.576515306,1400,0.9151190918,0.4624565206,0.7334974091,0.6304814644
14.89201707,1400,0.7944992727,0.3647718698,0.7124543686,0.5119933091
11.91087808,1400,0.7922628047,0.3898703699,0.715965592,0.544537858
9.047246618,1400,0.1605259348,0.3407011992,0.6933932803,0.4913534769
13.35633505,1400,0.9389923806,0.3825590116,0.7167068894,0.5337733141
18.61597763,1400,0.1003002587,0.360034521,0.7147580254,0.503715255
15.57515444,1400,0.7925583998,0.3590726258,0.7117625937,0.5044836986
9.483706397,1400,0.9149314925,0.4260717417,0.724444688,0.5881356421
18.84092323,1400,0.07919450137,0.3602116069,0.7152278268,0.5036319805
20.15199225,1400,0.9349087985,0.3475371014,0.7178485464,0.4841370832
16.51071585,1400,0.2661274586,0.3570759315,0.7100679154,0.5028757443
17.90619796,1400,0.5104597501,0.355850158,0.7132336011,0.4989251172
16.5704854,1400,0.3380996938,0.3564271588,0.7101755042,0.501886022
4.414744046,1400,0.3984878782,0.316743922,0.7018446213,0.451302058
17.30980436,1400,0.590242089,0.3539630422,0.711900326,0.4972087093
20.41621977,1400,0.8223418876,0.350532197,0.7183539562,0.4879658475
14.8782026,1400,0.5270202593,0.3625037202,0.7099615621,0.5105962626
18.81286103,1400,0.9244684056,0.3475593865,0.7151695569,0.4859817971
4.499501673,1400,0.2378084605,0.2885357021,0.6851964092,0.4210992617
20.76583276,1400,0.3239165224,0.3590398246,0.7190117248,0.4993518355
6.17332657,1400,0.4316122957,0.353097068,0.704717631,0.5010475862
7.277979921,1400,0.555480036,0.3816204672,0.7121105736,0.5359005769
8.27078853,1400,0.428311147,0.3663844884,0.7051922307,0.5195526446
14.29345546,1400,0.3593837977,0.3618311108,0.7080194859,0.5110468256
8.353293823,1400,0.3442919074,0.3564293721,0.7010208418,0.5084433313
15.34453237,1400,0.6918843308,0.360821943,0.7111947284,0.5073462001
8.707496804,1400,0.2642666885,0.3492733676,0.697586245,0.5006884383
23.82931293,1400,0.00237982435,0.3586398113,0.7243008382,0.4951531081
20.57912883,1400,0.2977986112,0.3593092958,0.7186619878,0.4999698076
4.40920676,1400,0.3356217348,0.3039413174,0.6955200623,0.4369986343
5.007317152,1400,0.4332672522,0.3369145622,0.7049274511,0.4779421792
14.23701102,1400,0.5339348559,0.3654815739,0.7099332434,0.5148111844
7.230206418,1400,0.02461206935,0.3083789417,0.677786329,0.4549795835
6.866218865,1400,0.6670247083,0.4011983577,0.7189755516,0.5580139085
13.54053987,1400,0.64846109,0.3718665988,0.7116073735,0.5225727173
6.020332843,1400,0.5422252057,0.3724936415,0.7125115139,0.5227896451
10.43191205,1400,0.1842627991,0.3501416626,0.6980429819,0.5016047315
5.30937475,1400,0.9240814681,0.4812938516,0.7394526234,0.6508785504
5.277424973,1400,0.5260455329,0.3610697991,0.7122573988,0.5069372389
15.8739376,1400,0.7574538606,0.3568018097,0.7112774061,0.5016352364
15.10407429,1400,0.7569350279,0.3628163718,0.7118957832,0.5096481541
22.18434917,1400,0.4613598768,0.3568476992,0.7215607669,0.4945497532
21.37613955,1400,0.8364667006,0.3499142765,0.7201312467,0.4859034768
18.97947839,1400,0.6382932863,0.3543614511,0.7155141365,0.4952542977
5.419348397,1400,0.128979409,0.2927427907,0.6773313489,0.4322002682
14.34216025,1400,0.947214962,0.3718724304,0.7150567837,0.5200599992
18.23352483,1400,0.144528814,0.359623378,0.7139447324,0.5037131891
9.497653274,1400,0.9361441994,0.4288520163,0.7251904124,0.5913647077
20.0350357,1400,0.6935300658,0.3534957724,0.7176224982,0.4925929347
6.082879529,1400,0.2585940801,0.3236325362,0.6914989076,0.4680159761
8.850039295,1400,0.5913004832,0.3876028916,0.7126634283,0.5438793071
13.9782843,1400,0.2362625363,0.3592172188,0.7062146157,0.5086516349
6.61747936,1400,0.502664553,0.3694583188,0.7094036119,0.5208012937
16.09006781,1400,0.8612307991,0.3542090376,0.7116512832,0.4977283762
13.72832835,1400,0.5985840739,0.3694159556,0.7107961272,0.5197213961
14.46026479,1400,0.4144815253,0.3624855175,0.7087313491,0.5114568701
4.263852518,1400,0.3377445135,0.3003390476,0.6955931287,0.4317740288
22.57632842,1400,0.5299561298,0.3555571099,0.722233556,0.4923021189
5.194862448,1400,0.4889404328,0.3517742877,0.7094325872,0.4958530156
12.96727232,1400,0.3005629695,0.3615401693,0.7056639558,0.5123404226
22.98267743,1400,0.0518892783,0.3594008096,0.7229175557,0.4971532463
10.69191784,1400,0.7934860521,0.4001986812,0.7178210059,0.5575187657
20.40375909,1400,0.4372769768,0.3578099904,0.7183302839,0.4981134702
9.78544877,1400,0.4744118684,0.3739326743,0.7077212047,0.5283615523
5.221989072,1400,0.009587643069,0.2718342983,0.662831456,0.4101107391
4.904485229,1400,0.1569864507,0.2856303038,0.6777905982,0.4214137885
23.50568209,1400,0.06755810917,0.3589000347,0.7237785622,0.4958699435
21.97767326,1400,0.3520973058,0.3582982746,0.7212007361,0.4968079713
19.2781373,1400,0.7833027656,0.3513815475,0.7161235307,0.4906716962
15.03179591,1400,0.05200250481,0.3560727179,0.7066409206,0.503894846
14.54119315,1400,0.8838106476,0.3688811389,0.7139021333,0.5167110752
23.0197807,1400,0.5522050812,0.3548356707,0.722979346,0.4907964144
14.87176073,1400,0.7513295934,0.3645877024,0.7120371153,0.5120346883
10.39047506,1400,0.6308394144,0.3873368626,0.7130321547,0.5432249584
13.94029238,1400,0.4144388148,0.3638759643,0.7083639126,0.5136850675
12.89675656,1400,0.5240200921,0.3706579566,0.7096218779,0.5223316363
19.05529112,1400,0.4559903167,0.3573490874,0.7156698226,0.4993211619
13.01223601,1400,0.327730866,0.3626042863,0.7061959097,0.5134613233
7.390346575,1400,0.8074643914,0.4282121359,0.7252631031,0.5904231637
21.44307429,1400,0.8079185076,0.3506012379,0.7202518816,0.4867758722
15.38034308,1400,0.3924588974,0.359608724,0.709250324,0.5070265206
6.150665,1400,0.341745864,0.3376405313,0.6981168728,0.4836447083
12.73256472,1400,0.2459211014,0.3591710105,0.7043114627,0.5099604785
5.505190575,1400,0.6322018495,0.3883636759,0.7196314901,0.539670208
10.40101679,1400,0.2982744752,0.3590884283,0.7019336368,0.5115703386
23.43711213,1400,0.652093541,0.3526221592,0.7236668865,0.4872713755
19.74140049,1400,0.5955943134,0.3553587196,0.7170485069,0.4955853282
19.39865162,1400,0.04135888636,0.3604967879,0.7163664937,0.5032295495
20.12312936,1400,0.8305479394,0.3503454055,0.7177928961,0.4880870338
19.53067803,1400,0.2727764924,0.3594657907,0.7166307645,0.5016053016
20.02892541,1400,0.5392687013,0.3563369521,0.7176106486,0.4965602904
17.67798866,1400,0.7725718723,0.3506538737,0.7127292833,0.4919874655
16.84573338,1400,0.6116081997,0.3530112583,0.7108273793,0.4966202323
20.92612405,1400,0.521293676,0.3565260065,0.7193092326,0.4956505357
14.92824642,1400,0.2764769018,0.3594431662,0.7080100904,0.5076808525
13.13466848,1400,0.6624817619,0.3747869492,0.7120528314,0.5263471089
9.920639278,1400,0.02503035253,0.3344270433,0.6903668889,0.4844192975
8.043012368,1400,0.6003051215,0.3896070638,0.7137672184,0.545846116
15.68837625,1400,0.5369506361,0.3587204964,0.7101663716,0.5051217725
11.16881578,1400,0.8323027943,0.3992923217,0.7181677887,0.5559875115
16.18291563,1400,0.3603415568,0.3573043514,0.7098169252,0.5033753617
6.004518779,1400,0.4632731964,0.3570333858,0.7069948731,0.5050013789
20.80787532,1400,0.4563051214,0.3574996424,0.7190900018,0.4971556294
5.572330645,1400,0.9408341028,0.4846466816,0.7392062831,0.6556311718
18.51511648,1400,0.1942269202,0.3595697978,0.7145453414,0.5032148094
6.502663792,1400,0.4555352929,0.3603857849,0.7063707409,0.5101935345
16.56988537,1400,0.1505746563,0.3577573205,0.7101740702,0.5037600435
18.55569229,1400,0.8411390064,0.3496553283,0.7146310559,0.489280903
6.78796909,1400,0.6525151861,0.3982444481,0.7182891941,0.554434692
6.807723551,1400,0.5536225313,0.3795905433,0.7124203789,0.5328181991
18.44516714,1400,0.09815325582,0.3599348769,0.7143970897,0.5038302676
4.734446996,1400,0.1401357253,0.2788390084,0.6750117219,0.4130876536
16.68932052,1400,0.6988263143,0.3513696393,0.7105473355,0.494505604
20.05133274,1400,0.5154628951,0.3567111139,0.7176540834,0.4970516049
5.879595349,1400,0.1381322006,0.3026995415,0.6804150384,0.4448748549
22.97650208,1400,0.2677137038,0.3583771967,0.7229072608,0.4957443591
11.09731837,1400,0.5705542968,0.3797254556,0.7108334506,0.5341975048
6.22248562,1400,0.8391145558,0.4438809822,0.7305843873,0.6075697618
10.41611977,1400,0.2836811534,0.3579533295,0.7014566873,0.5102999742
13.61474881,1400,0.4163895549,0.3647344985,0.7081614387,0.5150442802
23.13653283,1400,0.3105283208,0.3578691849,0.7231730666,0.4948596697
15.19387951,1400,0.9329832527,0.3626853729,0.7134618344,0.5083458644
10.65059906,1400,0.1755208583,0.3503428996,0.698273411,0.5017273952
15.60770728,1400,0.7737893574,0.3588451145,0.7115998043,0.5042793889
21.8329599,1400,0.8419750066,0.3495463102,0.7209464168,0.484843675
5.99658059,1400,0.3386093121,0.3351018423,0.6976842559,0.4803058683
19.87362743,1400,0.5073564946,0.3568218133,0.717308137,0.4974456512
11.00489821,1400,0.7040130731,0.3903402688,0.7147329048,0.5461344597
22.56765565,1400,0.4294368275,0.357012113,0.7222188097,0.4943267999
8.502497782,1400,0.383704578,0.3617814303,0.7031429651,0.5145204436
16.1031697,1400,0.2033002655,0.3578132747,0.7094063227,0.5043841071
20.75877618,1400,0.8502601377,0.3497627499,0.7189985694,0.4864582
10.87517047,1400,0.5542921085,0.3792044956,0.7104111749,0.5337817155
13.92778594,1400,0.6784428908,0.3702217072,0.7118430224,0.5200889741
5.570636362,1400,0.9140246591,0.4742286372,0.7376165385,0.6429202878
21.12012618,1400,0.06332269837,0.3604445188,0.7196659689,0.5008497475
7.614612116,1400,0.8841736702,0.442540674,0.7283721896,0.6075749188
6.801784351,1400,0.6306769142,0.3939647068,0.7169970462,0.5494648951
21.58697095,1400,0.6139764583,0.3547115773,0.7205098245,0.4923063714
17.21618512,1400,0.8024924665,0.3494639894,0.7116864462,0.4910364547
9.233349782,1400,0.624590838,0.390830635,0.7137368744,0.547583639
14.72032864,1400,0.03552449362,0.3551639876,0.7057481181,0.5032446825
4.507243032,1400,0.8034288412,0.4349115596,0.7353332015,0.5914482833
10.71446733,1400,0.1160021132,0.3462006588,0.6964577162,0.4970878358
21.1951119,1400,0.3128362978,0.3590339491,0.7198028884,0.4987948158
13.50285651,1400,0.5949562681,0.3704805585,0.7107899901,0.5212236577
9.662928841,1400,0.7413889141,0.4025080676,0.7176897464,0.5608385373
17.38061362,1400,0.09529864819,0.3590086688,0.7120612503,0.5041822858
9.307111046,1400,0.9499334667,0.433385981,0.7262256164,0.5967649326
23.90441259,1400,0.02744835037,0.3585486073,0.724420917,0.4949451332
7.733928066,1400,0.08556956033,0.3213804979,0.6845215969,0.4694965059
12.50889874,1400,0.1134521952,0.3526067707,0.7012311446,0.5028395749
4.950236182,1400,0.05677890764,0.2719503172,0.6664181543,0.4080775942
16.80918344,1400,0.939262526,0.3462992234,0.7110551318,0.4870216217
18.16800533,1400,0.7089802959,0.3524735461,0.71380352,0.4937963127
16.02368171,1400,0.4450440008,0.3574811475,0.7099163661,0.5035538897
10.93503051,1400,0.4487714445,0.371101803,0.7072683642,0.5246973028
13.70789798,1400,0.7096900356,0.3724917255,0.7124416066,0.5228382537
4.908482145,1400,0.3312504286,0.3150917256,0.6956712043,0.4529319651
12.72438049,1400,0.413298021,0.3665033005,0.707480706,0.5180399937
12.05449563,1400,0.4910639085,0.3717774863,0.7087853222,0.5245276315
7.625608358,1400,0.9497249532,0.4571596733,0.7314351601,0.6250173608
16.65233947,1400,0.1293803529,0.3579650392,0.7103705992,0.5039130836
11.43696108,1400,0.8183546935,0.3957582759,0.7173390985,0.5517031997
9.759329758,1400,0.2561387091,0.3534950381,0.6992733267,0.5055176919
23.00642672,1400,0.4345139893,0.3565969765,0.7229571194,0.4932477555
7.919776642,1400,0.3601878011,0.3560501609,0.7013572068,0.5076588043
9.303098584,1400,0.6245848384,0.3906251198,0.7136750831,0.5473430824
13.75663864,1400,0.3715565105,0.3631399355,0.7076550156,0.5131595586
21.06494844,1400,0.1174738945,0.3603159057,0.7195648752,0.500741376
12.87434742,1400,0.8994062915,0.3862767467,0.7168210071,0.5388747579
7.652669647,1400,0.793586288,0.4236541916,0.7238966975,0.5852412273
11.58310658,1400,0.5245258441,0.3750490057,0.7095282629,0.5285892406
17.7981035,1400,0.3262928225,0.3580137455,0.7129956119,0.5021261555
8.180603862,1400,0.09515294635,0.3269664827,0.6869591322,0.4759620585
11.82651337,1400,0.425857583,0.3685625646,0.7071446732,0.5211982478
8.891145196,1400,0.8652559158,0.4254811096,0.72401605,0.5876680628
13.34815365,1400,0.1706484432,0.3567443603,0.7041648266,0.5066205337
16.76094879,1400,0.004866790561,0.3583624801,0.7106278399,0.5042899531
20.51015388,1400,0.8778054781,0.3490847082,0.7185318977,0.485830496
15.63398083,1400,0.7124808063,0.3587764079,0.7111723865,0.5044858528
7.034117251,1400,0.4322410326,0.3606448284,0.7049365531,0.5115989898
14.08217221,1400,0.3838088155,0.3628028921,0.7081005891,0.5123606698
18.03965828,1400,0.8871856048,0.3481065892,0.7135252643,0.4878686244
15.51488205,1400,0.7921073338,0.3595728556,0.7118167781,0.5051480474
10.99541429,1400,0.2061041928,0.3537520816,0.7000385187,0.5053323098
12.63784526,1400,0.1655589151,0.355394503,0.7025796276,0.5058423117
15.31101913,1400,0.0474618491,0.3564609704,0.7072832699,0.5039861475
19.29312407,1400,0.7876220163,0.3512837253,0.7161538358,0.4905143389
12.31430013,1400,0.07241683124,0.3499303138,0.6998399831,0.5000147495
14.75513863,1400,0.2268809935,0.358831296,0.7073701007,0.5072751812
9.444578986,1400,0.5284697886,0.3796095573,0.7097952347,0.5348155901
13.28231375,1400,0.5448609616,0.3699035862,0.7100117471,0.5209823467
16.96404731,1400,0.5359340694,0.3544458,0.7111039887,0.4984443986
16.66902442,1400,0.3311623843,0.356639409,0.7104102374,0.5020189607
6.006797744,1400,0.3791964506,0.3420576836,0.7008054053,0.4880922449
6.815902259,1400,0.4772601958,0.366416465,0.7077262089,0.5177375945
12.09474555,1400,0.5670946237,0.3757778441,0.710525487,0.5288731382
12.71421602,1400,0.2698693768,0.3602238558,0.7047372883,0.5111462978
16.43091738,1400,0.7085648944,0.3530739505,0.7107013735,0.4967964938
16.40090626,1400,0.1099588281,0.357810764,0.7098215128,0.5040855448
18.53622763,1400,0.6548406256,0.3538186579,0.7145899635,0.4951352187
8.980910843,1400,0.2454720913,0.3488244671,0.6972436623,0.5002906243
14.24762584,1400,0.4974409435,0.3647293073,0.7095150233,0.5140543827
19.88658529,1400,0.2337159871,0.3598177543,0.7173334776,0.5016045752
13.26395518,1400,0.7729885957,0.3777711123,0.7138849863,0.5291764353
12.17056077,1400,0.4083358421,0.367136951,0.7069745158,0.5193071925
8.482265637,1400,0.1362990032,0.3340327115,0.6903882728,0.4838331193
5.926208083,1400,0.6840361875,0.4034109674,0.7220781072,0.5586805131
19.97539336,1400,0.5227009417,0.3565955636,0.7175066639,0.4969926852
22.76927504,1400,0.539877836,0.3552480402,0.7225600163,0.4916519489
13.53203768,1400,0.6296628384,0.3713610819,0.7113191372,0.5220737957
13.78908633,1400,0.6119742829,0.3694395422,0.7109724044,0.5196257125
6.547442534,1400,0.6195514859,0.3911148311,0.7167521887,0.5456765076
13.54477118,1400,0.7426553418,0.3746051642,0.7130910272,0.5253258699
13.15502814,1400,0.797641762,0.3795520746,0.7144527751,0.5312486532
10.16251052,1400,0.6344693376,0.3886183682,0.7133261927,0.5447975585
19.7578443,1400,0.6661024112,0.3540326204,0.7170808987,0.4937136395
20.56980387,1400,0.3824580399,0.3584588961,0.7186444286,0.4987986852
7.059833807,1400,0.4974096902,0.3711817478,0.7088853054,0.5236132629
13.19282297,1400,0.5923441064,0.3719567285,0.7108143781,0.5232825051
19.26385282,1400,0.02770664473,0.3604684175,0.7160946216,0.5033809871
23.60200996,1400,0.2728899102,0.3577587112,0.7239348405,0.4941863427
14.24706747,1400,0.002123017066,0.3531656552,0.7041692828,0.5015351618
9.486082854,1400,0.8739262155,0.4204715592,0.7229208661,0.5816287493
21.07201112,1400,0.5729241667,0.355641054,0.7195778313,0.4942357011
21.59411905,1400,0.5506094685,0.3558167366,0.7205225885,0.4938314805
7.273136355,1400,0.5085966485,0.3739869714,0.7094568834,0.5271454548
4.548094819,1400,0.3427622885,0.3089116932,0.6963894047,0.4435904555
10.83289325,1400,0.157008353,0.349696567,0.6981213248,0.5009108798
19.74594999,1400,0.1639632284,0.3602059466,0.7170574717,0.5023390186
19.4492253,1400,0.1123822546,0.3603510827,0.716467958,0.5029549175
21.49991984,1400,0.04422206936,0.3603408668,0.7203540077,0.5002274755
14.72530683,1400,0.3331133,0.3605511055,0.7082134454,0.5090994923
8.401524568,1400,0.5250066922,0.3791733189,0.7099068613,0.5341169941
9.676638135,1400,0.04732117921,0.3345968261,0.6903618788,0.484668746
17.71930654,1400,0.711001822,0.352055549,0.712821121,0.4938904567
22.07727191,1400,0.9316724538,0.3469509721,0.7213747011,0.4809580535
5.939540577,1400,0.4200228484,0.348382706,0.7038371342,0.4949763077
19.54004946,1400,0.1179463189,0.3603552275,0.716649448,0.5028333288
23.25934203,1400,0.3278398294,0.3575930821,0.7233756784,0.4943393768
15.45151336,1400,0.9457669132,0.3600203987,0.7131716265,0.5048159312
19.6198454,1400,0.622053238,0.3548587438,0.7168081355,0.4950540126
13.17945696,1400,0.5060681959,0.3689517328,0.7093545468,0.5201231662
6.008557524,1400,0.8320412303,0.4431318396,0.7309398067,0.6062494278
21.26391073,1400,0.7895016755,0.3511231938,0.7199280423,0.4877198458
10.74540698,1400,0.7484257766,0.3957754621,0.7163652017,0.5524772298
12.44202249,1400,0.1473635885,0.3541018047,0.7017718076,0.504582545
10.37521493,1400,0.2310478708,0.3536255254,0.6995561888,0.5054998169
18.02157541,1400,0.4734777268,0.3564826012,0.7134858856,0.4996351132
12.24574917,1400,0.09784480946,0.3510290203,0.7002138128,0.5013169034
8.809067731,1400,0.3968220836,0.3643718915,0.7040171077,0.5175611324
8.037755945,1400,0.6582724649,0.3984789997,0.7165867035,0.5560792543
17.84773368,1400,0.6703623932,0.3530068372,0.7131050787,0.4950277985
15.87024937,1400,0.4985088194,0.3579396223,0.7100376664,0.5041135692
4.585003487,1400,0.02454325573,0.2579628107,0.6592827557,0.3912779585
19.63556118,1400,0.7596359546,0.3520131459,0.7168393052,0.4910628412
21.32009245,1400,0.283283475,0.359252088,0.7200299137,0.4989405039
18.2587694,1400,0.5113198443,0.3561157746,0.7139989923,0.4987622931
12.78843153,1400,0.549119153,0.3721112676,0.7100854193,0.5240373306
18.62681242,1400,0.4818872026,0.3567829705,0.714780797,0.4991501898
18.0340131,1400,0.1411793089,0.3594814158,0.7135129756,0.5038190308
23.60711843,1400,0.9463650072,0.3451947679,0.7239431086,0.4768258221
8.78649891,1400,0.1285858491,0.3356489532,0.690999641,0.4857440342
11.45266406,1400,0.5264822703,0.375549722,0.7095756725,0.5292595795
18.15331651,1400,0.01349669673,0.3598642102,0.7137717846,0.5041726473
15.29627821,1400,0.8144762587,0.3614301181,0.7122185708,0.5074707862
6.812595192,1400,0.5913028689,0.386500532,0.7146674032,0.5408117542
10.82114023,1400,0.121383999,0.3470792531,0.6969398473,0.4980046046
13.46835403,1400,0.6328895416,0.3718214542,0.7113946281,0.5226655354
9.128728724,1400,0.6909101808,0.3993584403,0.7165210213,0.5573576049
17.83664756,1400,0.4071336955,0.3571813432,0.7130806557,0.500898938
22.36454715,1400,0.1234790147,0.3596778371,0.72187167,0.4982573108
21.98285464,1400,0.09350810559,0.3600071006,0.7212098076,0.4991711106
12.73764721,1400,0.7358282733,0.3803933631,0.7137397032,0.5329581098
18.57743168,1400,0.3073482952,0.3587782075,0.7146768945,0.5020145611
6.951829629,1400,0.07036820809,0.3101433237,0.6798117015,0.4562194546
20.79629546,1400,0.1359288133,0.3603101469,0.7190684592,0.5010790591
4.561430066,1400,0.155162044,0.2766278864,0.6758933574,0.4092774154
22.4128099,1400,0.8488048112,0.3489916164,0.7219544713,0.4833983725
23.91655454,1400,0.1819028327,0.3580511581,0.7244402921,0.494245229
7.092118269,1400,0.5016997596,0.3720462844,0.7091278267,0.5246533423
20.7492874,1400,0.49954828,0.3568963874,0.7189808719,0.4963920479
19.39168935,1400,0.06782041341,0.3604525124,0.7163525027,0.5031775711
16.33278484,1400,0.2622975163,0.3574000588,0.7098311624,0.5035000966
4.299422896,1400,0.5205211645,0.3418730825,0.7134081371,0.4792110781
22.60076826,1400,0.7588854486,0.3510641422,0.7222750772,0.4860532411
7.327253825,1400,0.391907209,0.3566341695,0.7026337609,0.5075676539
13.12691032,1400,0.4206865354,0.3659963418,0.7078932649,0.5170219297
6.721012893,1400,0.2663546022,0.3330609078,0.6935611935,0.4802184882
20.58902216,1400,0.6483848326,0.3543701592,0.7186806078,0.4930843484
15.02822336,1400,0.4498746152,0.3611550439,0.709394257,0.5091034221
15.76714611,1400,0.6581057582,0.358011845,0.710787966,0.5036830421
19.03210823,1400,0.6112419458,0.3548859952,0.7156222877,0.4959124406
12.21177391,1400,0.2293818313,0.3578251459,0.7030591663,0.5089545276
14.93558192,1400,0.886395132,0.3650512101,0.7133650932,0.5117312489
20.52141514,1400,0.287613303,0.3594040845,0.7185531699,0.5001774393
15.44455522,1400,0.1928022419,0.358147501,0.7082874534,0.5056527534
4.783856898,1400,0.4102123766,0.3277654844,0.7029292963,0.4662851387
21.56361118,1400,0.4553701287,0.3572637639,0.7204680799,0.4958772969
22.10893465,1400,0.4891399006,0.3564987975,0.7214298241,0.4941558909
22.79892269,1400,0.07740643787,0.359500469,0.722609909,0.4975028221
10.01309813,1400,0.399706847,0.3670591287,0.7050745158,0.5205962214
12.71993645,1400,0.833420676,0.3848877674,0.7157315618,0.5377543593
18.63995787,1400,0.248906894,0.3592904781,0.7148084054,0.5026388545
23.8700482,1400,0.8675223277,0.3471292018,0.7243660226,0.4792179519
18.90134683,1400,0.3296604456,0.3587421525,0.71535297,0.5014897086
17.13487117,1400,0.08608940161,0.3587462195,0.7114996368,0.5042113881
16.70121014,1400,0.677128257,0.3516178134,0.7105045951,0.4948846437
7.087194033,1400,0.1420519234,0.3207612817,0.6857551951,0.4677489635
12.68615023,1400,0.4616597252,0.3686943213,0.7083876507,0.5204697188
4.612433967,1400,0.9317622444,0.4930542551,0.7435913437,0.663071537
5.333123481,1400,0.7932394078,0.4330952826,0.731060193,0.5924208249
20.34780251,1400,0.7824432832,0.3515093159,0.7182237831,0.4894147536
7.588851088,1400,0.3099768205,0.3473007402,0.6980495103,0.4975302397
21.57170487,1400,0.1227709711,0.3601166936,0.7204825492,0.4998270867
20.67796273,1400,0.8101813335,0.3507924396,0.7188475586,0.4879928094
17.70137088,1400,0.8734992165,0.348181662,0.7127812842,0.4884831711
16.3443728,1400,0.4337469059,0.3563293837,0.7100771993,0.5018178081
4.780899358,1400,0.2675044499,0.3007911032,0.6891489024,0.4364675068
23.40903436,1400,0.5407147436,0.3546669732,0.723621054,0.4901280459
20.97112687,1400,0.7420789797,0.3523231013,0.7193923086,0.4897509983
21.95908623,1400,0.1958732312,0.3595811064,0.7211681747,0.4986092275
5.953658997,1400,0.6725064164,0.4007170119,0.7212690583,0.5555721645
12.01871374,1400,0.3568089277,0.3645109446,0.705668509,0.5165469905
7.302880823,1400,0.2613350859,0.3384524265,0.6945009962,0.4873318085
11.61018916,1400,0.261189935,0.3587481482,0.7027655191,0.5104805777
17.35831952,1400,0.2685763159,0.3580669569,0.7120106617,0.5028954989
16.2934326,1400,0.1598863028,0.3577399199,0.7096608531,0.5040998363
11.21654033,1400,0.2629811524,0.3581945396,0.702145838,0.5101426516
17.61535269,1400,0.8279737244,0.3492652963,0.7125896098,0.4901352637
13.2679437,1400,0.4196089569,0.3656450721,0.7079711569,0.5164688822
15.11340311,1400,0.5661976569,0.3616892038,0.7103029485,0.5092041425
7.440326416,1400,0.7107161977,0.4088985134,0.7202198678,0.5677412296
15.70929937,1400,0.07001436317,0.357236526,0.7082987481,0.504358545
18.48488651,1400,0.2297392509,0.3593308696,0.7144813474,0.502925473
14.88863759,1400,0.6270691692,0.3634042177,0.7108441195,0.5112291256
12.05193517,1400,0.2503711752,0.3587300125,0.7032511461,0.5101022792
18.92322366,1400,0.4396174465,0.3575086033,0.7153981705,0.49973374
12.51867539,1400,0.209806157,0.3572802068,0.7032188981,0.5080640007
11.86991191,1400,0.8710749084,0.3952185993,0.7179631006,0.5504720215
13.01897127,1400,0.6546842801,0.375195803,0.7119785323,0.5269762864
7.900275771,1400,0.6583511203,0.3987632407,0.7167881879,0.5563194922
23.2673091,1400,0.2327163042,0.3583839838,0.7233887818,0.495423751
20.85301344,1400,0.09079249176,0.3604494861,0.7191738486,0.5011993788
14.55481238,1400,0.9286386253,0.3693222897,0.7144470446,0.5169344496
14.94571879,1400,0.3564616568,0.3604189617,0.7086282196,0.5086150279
6.562120266,1400,0.3575016351,0.3449028256,0.6997299208,0.4929085
15.52019737,1400,0.2966081216,0.3587797822,0.7088928984,0.5061128177
16.52083156,1400,0.8226148033,0.3508553192,0.7110019757,0.4934660257
22.00629574,1400,0.1863084187,0.3596090471,0.7212508186,0.4985908339
5.089573801,1400,0.8601193491,0.4573825282,0.7364552262,0.6210595185
21.99176084,1400,0.5338621284,0.3558821361,0.721225395,0.493440939
19.73617484,1400,0.6129969172,0.3550444531,0.7170382069,0.4951541629
8.947836975,1400,0.1964013365,0.3436320669,0.6948375417,0.4945502312
15.88946562,1400,0.8560508421,0.3560753738,0.7118594099,0.5002046315
5.265798291,1400,0.2665096607,0.3110710195,0.6902211574,0.4506831125
4.513008718,1400,0.18462846,0.2800190624,0.6791599596,0.4123020777
11.96632009,1400,0.3544037568,0.3643957264,0.7055567595,0.5164655026
4.322077052,1400,0.1702230938,0.2722574439,0.676543345,0.4024242436
10.4107666,1400,0.7990239219,0.403078245,0.7184605182,0.5610304739
16.11426432,1400,0.756502117,0.354936974,0.7110882318,0.4991461793
11.95562172,1400,0.2186674216,0.3568373787,0.7023315763,0.5080753745
18.83309179,1400,0.694479674,0.3531795258,0.7152115748,0.4938112557
13.45123147,1400,0.8695970936,0.3792810501,0.715317303,0.5302277025
16.03392807,1400,0.6244895602,0.3564968924,0.7105537888,0.5017169678
4.53890424,1400,0.6781969695,0.3908622192,0.7258682304,0.5384754461
22.13736814,1400,0.2708098578,0.3589587573,0.7214792511,0.4975316431
18.76658358,1400,0.9280223834,0.3474376755,0.7150732543,0.4858770391
13.16518226,1400,0.9369764176,0.3846285674,0.7170269625,0.5364213447
17.65036553,1400,0.2838178003,0.3582512509,0.7126677531,0.5026904184
15.44488573,1400,0.5646908801,0.3599658459,0.7102990763,0.5067806758
8.951842233,1400,0.4236239473,0.3677663886,0.7053222873,0.5214160891
20.06149718,1400,0.3404027938,0.3589294993,0.7176737687,0.5001290488
11.27062695,1400,0.3696207287,0.3653928541,0.7052302649,0.5181185101
15.86390605,1400,0.3108982588,0.3581741131,0.7093567221,0.5049280594
14.29716617,1400,0.2238142624,0.3588839971,0.7065968946,0.5079048604
20.81683791,1400,0.4583306715,0.3574702021,0.7191066663,0.4971031682
17.14843933,1400,0.5323906524,0.3547315459,0.7115308758,0.4985469471
5.170264688,1400,0.7921316451,0.4326626767,0.7316301094,0.5913680576
13.86882617,1400,0.4096695232,0.3639325562,0.7082514587,0.5138465326
16.94910429,1400,0.4534682635,0.3556230593,0.7110691704,0.5001244241
23.33232874,1400,0.5728494985,0.3541989904,0.7234955349,0.4895662423
17.40063861,1400,0.3657973196,0.3572142065,0.712106629,0.5016302222
17.00666572,1400,0.3978164029,0.3563900317,0.7112031074,0.5011086538
20.45015572,1400,0.2749157101,0.3595162692,0.7184183457,0.5004274617
4.239638934,1400,0.3607229317,0.3042291919,0.6979915855,0.4358636956
8.10271564,1400,0.09146235181,0.3258174403,0.6864279222,0.4746564493
8.653761326,1400,0.7719122784,0.4132446787,0.7206730446,0.5734149235
4.643231947,1400,0.8132313636,0.4393686218,0.7353778998,0.5974732473
11.2176772,1400,0.4664372403,0.3720152099,0.7078972331,0.5255214917
4.569803552,1400,0.6922795748,0.3957431314,0.726837687,0.5444724984
12.3078474,1400,0.3932366836,0.3661921307,0.70675283,0.5181332357
4.983668583,1400,0.3941790372,0.3286141888,0.7015081704,0.4684395745
14.79916895,1400,0.2758075924,0.3595777294,0.7078300663,0.5080000788
15.47609206,1400,0.2656147845,0.3586640701,0.7086874244,0.5060962813
17.77620933,1400,0.01290213713,0.3595424042,0.7129472141,0.5043043819
16.27507633,1400,0.7855547249,0.3533725362,0.7110871247,0.4969468916
12.47591682,1400,0.7756911631,0.3842762594,0.7148516228,0.5375608688
6.63378393,1400,0.2327972727,0.3272689398,0.6909059652,0.4736808717
11.07189955,1400,0.4013181959,0.3675874455,0.705956725,0.5206940206
6.000348918,1400,0.1528281001,0.3068253191,0.6822701096,0.4497123863
7.407943134,1400,0.6494446881,0.3978457766,0.7170749469,0.5548175659
18.40732413,1400,0.2641655012,0.3590319331,0.7143166264,0.5026229544
15.5813423,1400,0.2310843701,0.3583362391,0.7086813544,0.5056380232
10.09574443,1400,0.1171313622,0.3431436666,0.6946611632,0.4939727233
19.17551457,1400,0.8243551875,0.3503545239,0.7159153155,0.4893798419
11.38248131,1400,0.2800500216,0.3595948928,0.702897229,0.5115895724
10.99774316,1400,0.9020307538,0.406918615,0.7204951908,0.5647763097
16.35363421,1400,0.650606501,0.3542660578,0.7105640829,0.498570173
5.644542374,1400,0.4369833095,0.3477462346,0.7051086815,0.4931810425
19.26930304,1400,0.6559727073,0.3541259488,0.7161056546,0.4945163419
19.08811076,1400,0.4619039637,0.3572820274,0.7157370083,0.4991805973
5.098450044,1400,0.4159223932,0.3350745375,0.7034228542,0.4763486649
18.46002547,1400,0.3865054291,0.3579005121,0.7144286324,0.5009604821
23.17309023,1400,0.2636461351,0.3582394991,0.723233503,0.495330343
19.58454996,1400,0.3534774448,0.3587346078,0.7167380325,0.500510077
21.11384367,1400,0.4925432764,0.3569080932,0.7196544731,0.4959436876
10.70263337,1400,0.01933078797,0.3390483814,0.6931436122,0.4891459366
13.95699083,1400,0.3773846767,0.3629101738,0.7079129329,0.5126480348
8.70286925,1400,0.06763147838,0.328841509,0.6875040929,0.4783120747
13.82586723,1400,0.3998225032,0.3637738053,0.7080902543,0.5137393194
19.64667074,1400,0.9275144474,0.3477216734,0.7168613226,0.4850612838
13.13196234,1400,0.4102876931,0.3656005627,0.7077215559,0.5165881407
8.964085742,1400,0.834223521,0.4200794204,0.7225906742,0.5813518433
14.00431531,1400,0.8186334619,0.3727660385,0.7137490447,0.5222648511
13.35580785,1400,0.7086020678,0.3749254755,0.7126945786,0.5260675284
20.11906152,1400,0.5343881401,0.3564175355,0.7177850459,0.4965519099
10.29872172,1400,0.08821345488,0.3419435683,0.6942049356,0.4925686217
15.91596909,1400,0.9251814227,0.3553560483,0.7122878125,0.498893905
22.82980998,1400,0.6555678893,0.3531059239,0.7226618118,0.4886184908
18.27412427,1400,0.1335521677,0.3596975613,0.7140319551,0.5037555515
8.854255727,1400,0.5523630695,0.382754679,0.7109742528,0.5383523771
20.7703093,1400,0.08326913909,0.360485033,0.7190200677,0.501356011
23.19150399,1400,0.2454482864,0.3583615687,0.7232639047,0.4954782982
10.04380125,1400,0.6494469873,0.3905844919,0.7139418087,0.5470816909
5.102352785,1400,0.9442294943,0.4928202655,0.74173511,0.6644154481
20.702715,1400,0.8854622682,0.3488429605,0.7188938805,0.4852495897
19.82159706,1400,0.06896673064,0.3605416277,0.7172062021,0.5027028861
15.50507757,1400,0.8551493501,0.3595860991,0.7123176333,0.5048114526
7.493164221,1400,0.9253535778,0.4532938619,0.7307326889,0.620327883
19.27647549,1400,0.3261011701,0.3589253168,0.7161201687,0.5012082224
8.51875881,1400,0.1863793489,0.3396496767,0.6931776597,0.4899893584
23.64923168,1400,0.02383989087,0.3588174061,0.7240111945,0.4955964891
10.04264636,1400,0.5149202535,0.377613673,0.7092235904,0.5324324771
16.77613061,1400,0.4568749287,0.3553451255,0.7106636517,0.5000187144
9.061281538,1400,0.318314452,0.3567427544,0.700728696,0.5091025334
11.8415253,1400,0.8257933053,0.3925841637,0.7168900742,0.5476211457
15.04795378,1400,0.06326721661,0.3562888606,0.7067534631,0.5041204312
19.37052249,1400,0.7514105231,0.3521434809,0.716309933,0.4916077032
9.601257813,1400,0.6290352671,0.3901731321,0.7135901086,0.5467748606
21.08998409,1400,0.6149031262,0.3548879801,0.7196107803,0.4931665698
17.42612571,1400,0.7754937197,0.3503335476,0.7121643024,0.4919279813
10.21466471,1400,0.3426956423,0.3623728309,0.7032275042,0.5152995705
6.981137057,1400,0.7123758706,0.4102921939,0.7212736255,0.5688440273
13.84842263,1400,0.5749149181,0.3681978119,0.7104452698,0.5182634435
18.34369629,1400,0.190585325,0.3594772982,0.7141809267,0.5033420592
15.71245748,1400,0.3577592582,0.3585768486,0.7093703277,0.5054861115
23.81674981,1400,0.01668319071,0.3586489775,0.72428071,0.4951795244
18.91272461,1400,0.4868667951,0.3568582131,0.7153764853,0.4988397305
18.31398385,1400,0.8227637439,0.349966164,0.714117381,0.4900681223
13.22312226,1400,0.3246558676,0.3623292548,0.7063955557,0.5129268607
11.02666528,1400,0.6065375753,0.3826765128,0.7118946014,0.5375465863
22.93958101,1400,0.5838070871,0.3543618502,0.7228456465,0.4902317001
12.88570706,1400,0.4193555009,0.3664501756,0.7077062374,0.5177998388
17.80325332,1400,0.5252484666,0.3555333162,0.7130069862,0.4986393164
17.9763469,1400,0.8223220729,0.3497269825,0.7133872014,0.4902344502
13.86771627,1400,0.7281139722,0.3718073946,0.7125871378,0.5217711279
11.02186153,1400,0.2095429024,0.3540710151,0.7001994501,0.5056716554
17.42632427,1400,0.2689920112,0.3581386303,0.7121647513,0.50288733
7.286427446,1400,0.3503104522,0.3504189147,0.7000696417,0.5005486509
6.661285683,1400,0.8380624996,0.4405088606,0.729032997,0.6042372052
17.86146681,1400,0.7661267949,0.350968553,0.7131353099,0.4921486121
23.14691837,1400,0.6505241981,0.3529297514,0.7231902466,0.4880178529
4.502107939,1400,0.4238833213,0.3242920753,0.7042611078,0.4604713674
9.164572569,1400,0.4848604161,0.3748891,0.7080335557,0.5294792838
18.46436711,1400,0.693064454,0.3530077026,0.714437844,0.4941055483
9.380634324,1400,0.5411987575,0.3810476666,0.7103153849,0.5364485618
13.68102457,1400,0.3482250999,0.3625912898,0.7072625339,0.5126685953
12.11594867,1400,0.3958901844,0.3665469067,0.7066530873,0.5187084204
17.66809531,1400,0.314141237,0.3580040988,0.7127072582,0.5023157751
9.324017824,1400,0.4818415018,0.3746347969,0.7079271561,0.529199641
12.678777,1400,0.1892464929,0.3565581461,0.7031269005,0.5071035482
17.16199582,1400,0.3032720375,0.3575498458,0.7115620609,0.5024858202
15.9148611,1400,0.6963591441,0.3568426652,0.7109231964,0.5019426389
22.24106579,1400,0.4195494578,0.3573628062,0.7216589216,0.49519627
21.68425722,1400,0.8761834012,0.3487266135,0.7206831447,0.4838834044
19.42920256,1400,0.7718605504,0.3516896858,0.7164278218,0.4908933951
4.269831198,1400,0.2999671755,0.2932675929,0.6915232664,0.4240892638
8.886124274,1400,0.5247374116,0.379395467,0.7097596649,0.5345407548
18.1096276,1400,0.008647536837,0.3598315469,0.7136772267,0.5041936795
5.358244469,1400,0.5976200482,0.3785964002,0.7174871603,0.5276699308
4.741077199,1400,0.7407261462,0.4134528266,0.7297783075,0.5665457884
10.39483858,1400,0.09778640062,0.343221354,0.6948621649,0.4939416352
6.248117928,1400,0.01046552328,0.2920445685,0.6705791696,0.435510946
7.000771641,1400,0.4644079479,0.3655008425,0.7069072753,0.5170421289
7.631051556,1400,0.518009423,0.3767165573,0.7098329006,0.5307116041
15.95898103,1400,0.2474564173,0.3579756483,0.7092908498,0.504695145
12.89095538,1400,0.1256604535,0.35412963,0.7024018406,0.5041695645
16.42168834,1400,0.1328105857,0.3577660772,0.7098726274,0.5039862975
7.930981747,1400,0.5104080801,0.3763943047,0.7093284482,0.530634723
7.877145138,1400,0.4378038288,0.3661082,0.7055225815,0.5189177634
11.03180849,1400,0.9352459754,0.409464196,0.7213871621,0.5676067132
11.27276515,1400,0.8090505349,0.3965234197,0.7173473713,0.5527634665
15.8840932,1400,0.7235503705,0.3569127127,0.7110826705,0.5019285766
7.844269894,1400,0.3782019417,0.357962661,0.702271121,0.5097214598
17.54911774,1400,0.687059083,0.3523878929,0.7124413147,0.4946202384
12.9561247,1400,0.5943236675,0.3731976837,0.710904544,0.5249617362
23.07773617,1400,0.3548920621,0.3574785836,0.7230756434,0.4943861501
12.63111506,1400,0.1370516942,0.3540482756,0.7020036484,0.5043396517
12.49229131,1400,0.6975945641,0.3803505922,0.7131796614,0.5333166561
8.174335154,1400,0.9299696118,0.445235241,0.728743501,0.6109628976
13.85368226,1400,0.9410302614,0.3770996721,0.7158324244,0.5267988138
7.664346607,1400,0.02949409463,0.3142963112,0.6804544163,0.4618917942
12.3864207,1400,0.407165511,0.3667756436,0.7071103698,0.5186964571
7.188008269,1400,0.252812535,0.336204773,0.6936873046,0.4846632925
11.34058896,1400,0.2751829434,0.359215994,0.7026960559,0.5111968268
9.365206867,1400,0.05675386018,0.3331551304,0.6895843256,0.4831245694
19.71151171,1400,0.7687338433,0.3518151717,0.7169895542,0.4906838176
19.20369247,1400,0.7078537732,0.3530474487,0.7159726087,0.4931018929
14.66130136,1400,0.09142278534,0.3562431644,0.70606909,0.504544342
6.010633547,1400,0.1606245919,0.3080994451,0.6830021365,0.4510958731
22.90093227,1400,0.09061011285,0.359385977,0.7227810318,0.4972266304
22.8521331,1400,0.687265302,0.3524402649,0.7226992754,0.4876720884
17.24498223,1400,0.04166684203,0.3589604849,0.7117523714,0.504333388
6.784719065,1400,0.8336517013,0.4384838333,0.7283970294,0.6019846534
13.90396346,1400,0.4551964232,0.3649963994,0.7088630435,0.5149039758
8.41052955,1400,0.6862101952,0.4016752026,0.7173434878,0.559948211
8.767988209,1400,0.4555869228,0.371056255,0.7066799986,0.5250697002
15.99195129,1400,0.3526890101,0.357847611,0.7096187486,0.5042815057
16.68668033,1400,0.3876756451,0.3560728193,0.7104521346,0.5011918495
23.79015568,1400,0.7636316434,0.3498362712,0.7242380632,0.4830404379
7.419218311,1400,0.5025301481,0.3736280362,0.7090597834,0.526934463
14.99691158,1400,0.5370613509,0.3620475126,0.7100641051,0.5098800376
7.126834382,1400,0.04581364464,0.3095133575,0.6788292716,0.4559516957
19.24757155,1400,0.5809466266,0.3555008158,0.7160616426,0.496466777
4.945192178,1400,0.3802732465,0.3251322151,0.7002458169,0.4643115421
10.13888524,1400,0.8301052113,0.4086963509,0.7199777014,0.5676514011
15.89146597,1400,0.1242306914,0.3576998595,0.7088469932,0.5046221017
23.35226722,1400,0.3251222713,0.3575333257,0.7235282054,0.4941525748
19.67849919,1400,0.5282726198,0.3564740415,0.7169243257,0.4972268741
8.352064714,1400,0.1467922542,0.3340747927,0.6905322211,0.4837931996
10.88647201,1400,0.7301946889,0.393236539,0.7156357945,0.5494925519
20.31695193,1400,0.07516752691,0.3605534254,0.7181649279,0.5020482222
12.16772344,1400,0.6750782275,0.3812588032,0.7129429958,0.5347675838
9.965968151,1400,0.4675008778,0.3732446367,0.7075135294,0.5275441686
7.245597313,1400,0.4109341945,0.3588562571,0.7037242603,0.5099387322
6.890775132,1400,0.329075547,0.3439118401,0.6981979947,0.49257065
15.46897932,1400,0.8780407709,0.3598991647,0.7125523539,0.5050845215
4.639197522,1400,0.7398268978,0.4122786649,0.7301265624,0.5646673962
20.40186836,1400,0.0998082829,0.3604859494,0.7183266905,0.5018412293
21.30214691,1400,0.06892271547,0.3603749051,0.7199974062,0.5005225047
4.701303984,1400,0.7516448052,0.4168766768,0.7307312886,0.5704924414
21.40189046,1400,0.532348794,0.3561960444,0.7201777061,0.4945946554
8.350836862,1400,0.2386261969,0.344190018,0.6955176252,0.4948688653
19.83277002,1400,0.5025939867,0.3568887382,0.7172281163,0.4975944613
8.189944403,1400,0.6704608729,0.3999997327,0.7169464588,0.5579213451
21.47415161,1400,0.4817287782,0.3569337453,0.7203077506,0.495529508
15.97522551,1400,0.3417873071,0.3579082604,0.7095711143,0.504400832
21.12572105,1400,0.8669486351,0.3492183646,0.7196762033,0.485243729
23.44952267,1400,0.5909479091,0.3537656712,0.7236871254,0.4888378676
20.21512723,1400,0.3015245784,0.3593005778,0.7179699709,0.500439562
18.55553323,1400,0.265309159,0.3591173461,0.7146307203,0.5025215624
17.73981945,1400,0.1986743004,0.3589363767,0.7128666277,0.5035112639
13.7311946,1400,0.4164737447,0.3644536716,0.7082438609,0.5145878302
20.40095321,1400,0.8632858599,0.349484592,0.7183249512,0.486527151
15.66338051,1400,0.3023983189,0.3585492063,0.7090913314,0.5056460155
19.66840082,1400,0.7051283264,0.3532180692,0.7169043486,0.4926990189
9.104716594,1400,0.311019734,0.3561634184,0.700465978,0.5084664061
23.17583429,1400,0.9464832852,0.3456313108,0.7232380352,0.4778942671
11.45052185,1400,0.3489156452,0.3640737054,0.7048544088,0.5165232718
21.58803948,1400,0.6767942426,0.3534886114,0.7205117328,0.4906077101
8.04033991,1400,0.4391590401,0.3669479263,0.7056506049,0.5200136211
22.59493236,1400,0.312528421,0.3582893551,0.722265167,0.4960634563
19.48733353,1400,0.8865008203,0.3488271145,0.7165442214,0.4868186834
4.190284019,1400,0.1071726194,0.2583537785,0.6675380192,0.3870248151
16.75068191,1400,0.4881443221,0.3548770409,0.7106036015,0.4994022548
11.59784667,1400,0.7021728129,0.3864467729,0.7140832253,0.5411788979
20.01492194,1400,0.6422034781,0.3545223734,0.7175834768,0.4940503577
18.31206085,1400,0.3956523422,0.3576963972,0.7141132644,0.5008958874
20.57307941,1400,0.1922167369,0.360073091,0.7186505976,0.5010405504
5.655117343,1400,0.3531631067,0.3326433427,0.6984523735,0.4762577311
23.79293238,1400,0.07254983983,0.3585994051,0.7242425184,0.4951371896
9.242571316,1400,0.4208473615,0.3680478892,0.70537027,0.521779702
12.73753383,1400,0.007016935682,0.3482633969,0.699753857,0.4976941441
15.87294866,1400,0.7039561365,0.3570973799,0.7109847921,0.5022574095
20.43437596,1400,0.6863819106,0.3536285737,0.7183884201,0.4922526085
8.941202493,1400,0.1589668691,0.339826749,0.6930053122,0.4903667303
7.849337232,1400,0.1272518564,0.3273186892,0.6876331603,0.4760077147
17.41729501,1400,0.3170065051,0.3577186874,0.7121443304,0.5023120625
13.73025292,1400,0.764526755,0.373772765,0.7132538463,0.5240389056
10.92519535,1400,0.6948505308,0.3900946356,0.7145483414,0.5459317628
21.34027823,1400,0.3161846648,0.3589523656,0.7200664433,0.4984989496
6.06479896,1400,0.3681467488,0.340916548,0.7000180315,0.4870110949
9.506567454,1400,0.5155004971,0.3781878571,0.7092765363,0.533202267
5.611838364,1400,0.6954818098,0.4051403168,0.7236713501,0.5598402047
23.04581085,1400,0.5133390235,0.3554381821,0.72302263,0.4916003557
20.52337685,1400,0.8849379708,0.348890783,0.7185568742,0.4855437273
13.35344001,1400,0.2527899643,0.3597071417,0.7054407908,0.5099040861
17.98564164,1400,0.9272367099,0.3469640868,0.713407504,0.4863476833
5.118832315,1400,0.03632834925,0.2731021178,0.6652135857,0.4105480159
20.40063504,1400,0.2656850754,0.3595935636,0.7183243464,0.500600551
13.98010962,1400,0.6477872684,0.3691940204,0.7113983837,0.5189694394
5.078824775,1400,0.5643920254,0.3672125002,0.7155488402,0.5131899873
15.61805445,1400,0.870547178,0.3585094812,0.7122975692,0.5033141999
18.76075975,1400,0.8126855132,0.3504730632,0.7150611164,0.4901302213
7.631123314,1400,0.03015592058,0.3139805714,0.6803287422,0.4615130185
15.68814597,1400,0.783091504,0.3581685373,0.7115919425,0.5033341665
16.04688601,1400,0.5634520035,0.356797798,0.7103191504,0.5023063193
15.6960233,1400,0.4935052693,0.3587128965,0.709956545,0.5052603557
16.0907111,1400,0.4323381925,0.3572829684,0.7099187368,0.5032730507
15.39318875,1400,0.06159848652,0.3567657503,0.707548077,0.5042282807
19.20441462,1400,0.593275108,0.3552714493,0.7159740759,0.4962071411
19.51064316,1400,0.0210529374,0.360545293,0.7165907885,0.5031397261
13.60356723,1400,0.1860394935,0.3575573343,0.7048979115,0.5072469764
11.3874335,1400,0.1194120337,0.3492821126,0.6984464689,0.5000842987
17.6394893,1400,0.8693616123,0.3482320467,0.7126434973,0.4886483186
22.35448417,1400,0.4097938508,0.3574091515,0.7218543808,0.495126387
5.953544232,1400,0.6852386392,0.4037894493,0.7220858941,0.5591986391
4.555832732,1400,0.2381480107,0.290094927,0.6854079021,0.4232442113
22.43853066,1400,0.1246295057,0.3596236497,0.7219985185,0.4980947196
14.84520213,1400,0.5406441675,0.3627972384,0.7100751031,0.5109279805
20.14393533,1400,0.1545483075,0.3602864963,0.7178330207,0.5019085022
22.09369687,1400,0.7964779499,0.3505295923,0.7214033069,0.4858996194
12.29987986,1400,0.7926836954,0.3866073691,0.7154473685,0.540371502
6.279463526,1400,0.4744852841,0.3617847437,0.7076924296,0.5112174845
21.19925864,1400,0.1882919119,0.3599560621,0.7198104445,0.5000706295
20.51359526,1400,0.1388495763,0.3603397952,0.7185383997,0.5014899625
19.77013314,1400,0.01451301828,0.3606007656,0.7171050865,0.5028562373
7.320208809,1400,0.8847836835,0.4458850563,0.729327256,0.6113648608
6.742556795,1400,0.9359561454,0.466311841,0.7339633204,0.6353339848
12.63422185,1400,0.8327333723,0.3856505538,0.7158433955,0.538735925
8.155936574,1400,0.1212322811,0.3295726541,0.68839708,0.4787537072
15.89023285,1400,0.5234922785,0.3577721983,0.7101440301,0.5038023037
19.61524134,1400,0.4152257181,0.3580410993,0.7167989989,0.499499999
17.81596507,1400,0.5900000498,0.3544793404,0.713035047,0.4971415387
5.524948936,1400,0.540478926,0.3673164123,0.7130097507,0.5151632387
22.28651823,1400,0.9476869773,0.3463426078,0.7217373835,0.4798734494
5.185579713,1400,0.3414589964,0.3225512021,0.6969435682,0.4628082054
15.59311122,1400,0.4796660875,0.3591429093,0.7098492531,0.505942505
10.98664411,1400,0.8831784296,0.4053844608,0.7199681532,0.5630588783
19.09793575,1400,0.1248497279,0.3601906823,0.7157570965,0.5032303334
10.36751942,1400,0.05979449449,0.3401120009,0.6933841252,0.4905102216
12.58762182,1400,0.5280950735,0.3719609715,0.709669645,0.5241325653
6.983551854,1400,0.03332666138,0.3060985679,0.6770832546,0.4520840914
21.59554989,1400,0.7811339081,0.3511785437,0.7205251429,0.4873924902
19.21749103,1400,0.9004302511,0.3483801696,0.7160006312,0.4865640538
4.430791529,1400,0.5199273242,0.3447647515,0.7131003322,0.4834729925
20.41343372,1400,0.3848728908,0.3584474323,0.7183486647,0.4989880957
15.00023446,1400,0.6278736659,0.3627447169,0.7108205468,0.5103182773
16.84536548,1400,0.8565077274,0.3476606628,0.7108265158,0.4890935483
6.067552334,1400,0.1155519168,0.3027616675,0.6792361372,0.4457384566
6.540402391,1400,0.8601719557,0.4473231474,0.7306507911,0.6122256389
8.408070003,1400,0.9272185724,0.4416221273,0.7279126565,0.606696591
16.32245435,1400,0.1367981467,0.3577661814,0.7096909373,0.5041154714
12.37840221,1400,0.431545666,0.367979022,0.707617278,0.5200254903
9.344430369,1400,0.1377236047,0.3404668315,0.693224457,0.4911350546
14.21111213,1400,0.1078394735,0.3559720811,0.7052050567,0.5047781176
5.439985398,1400,0.4090839705,0.3394783652,0.7028842354,0.4829790571
11.97475188,1400,0.3723695238,0.3653881978,0.7059868595,0.5175566555
5.318031782,1400,0.4980745739,0.3555432496,0.7100365616,0.5007393547
23.85488057,1400,0.04607205805,0.3585810551,0.7243417658,0.4950440138
21.92607529,1400,0.2652413922,0.3591243508,0.72111027,0.4980158593
19.66886117,1400,0.1632305528,0.360195974,0.7169052595,0.5024317638
12.336387,1400,0.2856299824,0.3608088196,0.7044868202,0.5121583672
22.2071459,1400,0.8092928976,0.3501408234,0.7216002525,0.4852282441
8.642004503,1400,0.9387224617,0.4405973933,0.7276990764,0.6054664731
10.99822624,1400,0.5834276223,0.3810351262,0.7112362852,0.5357363427
22.09842237,1400,0.2601651012,0.35906611,0.7214115325,0.4977271555
9.231132895,1400,0.2956460975,0.3551215198,0.6999845272,0.5073276708
18.43595628,1400,0.8273131807,0.3499317929,0.714377522,0.4898415503
20.35557299,1400,0.5336269482,0.3564234123,0.7182385918,0.4962465348
14.10031057,1400,0.4443769032,0.3641336776,0.7088326111,0.51370898
8.445937515,1400,0.007872856387,0.3204352006,0.6830174903,0.4691464056
21.69067763,1400,0.03640938658,0.3602663443,0.7206945528,0.4998877027
4.351877128,1400,0.2001517437,0.2780360473,0.6803224026,0.4086827749
17.13872507,1400,0.7098793544,0.3514612171,0.7115085127,0.4939662855
9.882198811,1400,0.3179621948,0.3594664173,0.7018855238,0.5121439396
11.8372109,1400,0.05115370834,0.3469139583,0.6979273971,0.4970631038
16.52279747,1400,0.2487447986,0.3571686457,0.7100783341,0.5029989348
21.67844365,1400,0.1642291185,0.3598926263,0.7206728116,0.499384215
10.25213493,1400,0.1936563826,0.3501496742,0.6979497243,0.5016832331
21.42114377,1400,0.3891370084,0.3581571645,0.7202124025,0.4972938028
23.14925927,1400,0.1532888398,0.3589478575,0.7231941178,0.4963368045
9.065104845,1400,0.4335180658,0.3690947757,0.7058153534,0.5229339004
5.662986106,1400,0.7199907711,0.4118634443,0.7251361661,0.5679808338
9.663992452,1400,0.1194373187,0.3408216415,0.6934167976,0.4915105067
4.772045856,1400,0.04773313822,0.2662097791,0.6639361457,0.4009569005
6.057234551,1400,0.3544574734,0.3385312317,0.6989738382,0.4843260408
14.20884585,1400,0.5056872908,0.3650453199,0.7095992,0.5144387422
15.93705953,1400,0.06748262958,0.3574543799,0.7087946066,0.5043130641
4.400752606,1400,0.9075047941,0.4823629878,0.7431771679,0.6490551765
20.46663666,1400,0.5282318536,0.3564993206,0.7184495739,0.4962064612
12.45901985,1400,0.7754023851,0.3843991222,0.71486604,0.5377218957
20.64196695,1400,0.6624159378,0.3540854084,0.7187800862,0.4926199476
21.68473681,1400,0.5243993278,0.3561960198,0.720683997,0.4942471615
4.41391522,1400,0.4901531227,0.3371604493,0.7104674488,0.4745614312
22.74034076,1400,0.7174602887,0.3518864499,0.722511255,0.4870324822
6.794755656,1400,0.7564331,0.4202179358,0.7241537505,0.5802882821
4.933867313,1400,0.004457948058,0.2643246899,0.6597214438,0.4006610554
7.012148983,1400,0.6826578645,0.4042754131,0.7195700688,0.5618291125
8.403465471,1400,0.706036873,0.4046707208,0.7182470557,0.5634143817
11.22780844,1400,0.5365094947,0.3768717217,0.7098524606,0.5309155671
12.37783185,1400,0.1181248433,0.3524736219,0.700999134,0.502816059
10.47190833,1400,0.347910673,0.3632120015,0.7037103359,0.5161385061
9.503559864,1400,0.5278311061,0.3794907564,0.7097593,0.5346752856
22.05336891,1400,0.6959369845,0.3528383323,0.7213330297,0.4891476167
7.571342942,1400,0.007974264623,0.3107895209,0.6784631383,0.4580787126
18.38838377,1400,0.2093425268,0.3593984114,0.7142762861,0.5031644174
4.509356302,1400,0.8559109475,0.4571336042,0.7390269478,0.6185614822
11.18359116,1400,0.06591447636,0.3448981792,0.6962912567,0.4953360765
9.396332363,1400,0.6645487725,0.3949717232,0.715148949,0.5522929507
14.12327745,1400,0.5679405608,0.3666913127,0.710335999,0.5162223416
5.647642557,1400,0.400795751,0.3410375333,0.7022781591,0.4856160325
14.82045597,1400,0.6769143112,0.3642945413,0.7113391359,0.5121249807
11.04280054,1400,0.4758595301,0.372952315,0.7081071526,0.5266890944
15.21446898,1400,0.3746909548,0.3599479514,0.7090040124,0.5076811204
19.09126996,1400,0.3306409044,0.3588146705,0.7157434689,0.5013174218
22.0601522,1400,0.04564638792,0.3600620492,0.7213448604,0.4991538291
21.20522,1400,0.7215592196,0.3527017041,0.7198213043,0.4899850865
21.48579877,1400,0.8503140621,0.3495087075,0.7203286662,0.4852072726
22.42075395,1400,0.4713784712,0.3565508587,0.7219680816,0.4938595872
12.84874195,1400,0.651008658,0.3760549884,0.7120035325,0.5281644981
19.29772181,1400,0.1160409998,0.3602939327,0.7161631278,0.5030891968
22.66478055,1400,0.6040534632,0.3542217794,0.7223835946,0.4903513619
4.553903997,1400,0.02919153029,0.2577484523,0.6596469634,0.3907369648
15.27927445,1400,0.5899433678,0.3609277244,0.7104724085,0.5080108954
20.55535731,1400,0.3022475675,0.3592727994,0.7186172079,0.4999501757
20.67169575,1400,0.737537876,0.3524960947,0.7188358207,0.4903707976
6.838998496,1400,0.3920438232,0.352902795,0.7022954194,0.5024990699
12.57171343,1400,0.5028157501,0.3708629385,0.7091607356,0.5229603387
23.9627928,1400,0.2809305906,0.3573128645,0.7245139758,0.4931759447
10.79748847,1400,0.7771401576,0.3978860824,0.7171597807,0.5548081377
6.878596097,1400,0.436707962,0.3602359217,0.7051771509,0.5108445746
12.51933379,1400,0.4126922258,0.366831296,0.7073218229,0.5186200738
23.6017383,1400,0.4942360334,0.3552026862,0.7239344007,0.4906559017
23.26166264,1400,0.8248781108,0.3488841632,0.7233794956,0.4822975566
22.24252187,1400,0.8590623435,0.3488436673,0.7216614379,0.4833896464
19.69958765,1400,0.8828480203,0.3489607231,0.7169660077,0.4867186441
17.1051899,1400,0.9158419253,0.3464057214,0.7114312041,0.4869138708
10.09684554,1400,0.8995096816,0.4168872147,0.7224061981,0.5770814477
16.2977383,1400,0.2418055054,0.3575323493,0.7097594185,0.5037373791
23.33406814,1400,0.7704219881,0.350149732,0.7234983863,0.483967537
10.41756906,1400,0.2100337487,0.3521098972,0.6989110014,0.5037979034
14.05492322,1400,0.1249204516,0.3562104283,0.7050475378,0.5052289515
22.98489216,1400,0.3756103616,0.3573314415,0.7229212471,0.4942881994
8.911335182,1400,0.1331666482,0.3370441725,0.6916413379,0.4873106248
8.905197707,1400,0.6305825,0.3924772191,0.7142933877,0.5494622041
14.01367636,1400,0.5978529859,0.3678913377,0.7107279484,0.5176261022
11.38089477,1400,0.1046269278,0.3483068384,0.6980108292,0.49899919
12.47458041,1400,0.3197857642,0.3624947765,0.7053884987,0.5138938006
6.225795857,1400,0.8173890756,0.4377705903,0.729317915,0.6002465884
6.673679208,1400,0.4399357558,0.3591737589,0.7053488641,0.5092143437
9.10598882,1400,0.8719589845,0.4242420398,0.7237548504,0.5861681473
16.05996959,1400,0.2154627869,0.3578505848,0.7093633772,0.5044672397
15.80970753,1400,0.2916985572,0.3582565115,0.7092281354,0.5051357857
10.77476894,1400,0.2289076172,0.3547321556,0.7002934901,0.5065478411
8.8640526,1400,0.1809790953,0.341520067,0.6938631183,0.4922009226
4.309756921,1400,0.6475997171,0.377566778,0.7242612741,0.5213129454
17.93101718,1400,0.2604993425,0.3586959405,0.7132880217,0.5028767196
20.07833772,1400,0.8607594432,0.3495698523,0.7177063594,0.4870652847
15.26334904,1400,0.156763428,0.3577969483,0.7077754395,0.5055232611
14.35058697,1400,0.119582843,0.356461902,0.7056365734,0.5051635862
19.95716541,1400,0.3232028192,0.3590911394,0.7174711865,0.5004955545
12.25602167,1400,0.2912290683,0.3610553312,0.7044903905,0.5125056864
16.96059986,1400,0.451659921,0.3556619602,0.7110959589,0.5001602888
6.037523581,1400,0.4063025941,0.3471269157,0.7028481801,0.4938860561
19.57100396,1400,0.6814236694,0.3536932687,0.7167110907,0.4934949008
9.984295032,1400,0.3276428986,0.3605884778,0.702389882,0.5133736789
19.28792782,1400,0.3774815299,0.3583973788,0.7161433313,0.5004548156
13.10897706,1400,0.1764802117,0.3566474915,0.7037704056,0.5067668215
19.08443935,1400,0.415050069,0.3578863354,0.7157294989,0.5000301594
11.27576466,1400,0.1056641608,0.3479460463,0.6977432903,0.4986734393
19.2753317,1400,0.9067278305,0.3482240813,0.7161178546,0.4862664421
17.75195611,1400,0.7658876152,0.3508764707,0.7128935249,0.4921863622
17.17552445,1400,0.07422566495,0.3588231739,0.7115931548,0.5042532682
19.6048659,1400,0.2116704941,0.359916856,0.7167784005,0.5021312803
15.70028026,1400,0.03092248974,0.3568858562,0.7081415645,0.5039752984
11.38705721,1400,0.12763535,0.3498084526,0.6986769501,0.5006726678
14.76603444,1400,0.03707404156,0.3552916208,0.7058764985,0.5033339707
16.72035731,1400,0.5550312824,0.3538105174,0.7105319146,0.4979516192
9.021029201,1400,0.787053998,0.4128205966,0.72057139,0.572907282
10.69044479,1400,0.6030632785,0.3837330795,0.7119614946,0.5389801027
15.00112655,1400,0.6268114746,0.3627315481,0.710811188,0.5103064699
11.00971622,1400,0.6874523481,0.3890038574,0.7142482455,0.5446339699
9.156682022,1400,0.8763840778,0.4243485836,0.7238035589,0.5862759009
19.67920037,1400,0.3503710206,0.3587853312,0.7169257124,0.5004498026
23.35576334,1400,0.6181176698,0.3533583794,0.7235339309,0.4883784496
22.92734634,1400,0.7781845496,0.3503413884,0.722825205,0.4846834145
19.4203493,1400,0.02852018457,0.3605160736,0.7164100607,0.5032258666
17.16099004,1400,0.5115378669,0.3550664976,0.7115597481,0.4989974468
15.38700224,1400,0.6572445733,0.3604731934,0.7109235523,0.5070491648
8.19245701,1400,0.02573920305,0.3196992357,0.6828465343,0.4681860706
10.8719705,1400,0.71100079,0.3917423155,0.7150831457,0.5478276448
12.94806553,1400,0.1634343646,0.3558632071,0.70320873,0.5060562987
12.8067585,1400,0.1383345977,0.3545013826,0.7024376232,0.5046731139
8.752393759,1400,0.4986388465,0.3761779424,0.7086239798,0.5308569187
7.285413765,1400,0.9272225454,0.4565139641,0.7315356932,0.6240487899
16.02869749,1400,0.5986172762,0.3566892769,0.710451683,0.5020598661
14.71721165,1400,0.04286246252,0.355314652,0.7058000349,0.5034211313
22.0950544,1400,0.7938728404,0.3505920102,0.7214056701,0.4859845503
18.72183194,1400,0.4077347042,0.3578065885,0.7149798777,0.5004428791
14.23781634,1400,0.7757260174,0.3699357123,0.7129007328,0.5189161622
4.634040156,1400,0.7476612768,0.4149478105,0.7307221412,0.5678599116
13.25380374,1400,0.3091711886,0.3617459541,0.7061841123,0.5122544501
10.06295041,1400,0.1583129211,0.3463787664,0.69615095,0.4975627289
13.69050988,1400,0.2131820157,0.3584875215,0.7054323615,0.5081812815
12.8681726,1400,0.467096454,0.3684409809,0.7085691506,0.5199788624
6.368492234,1400,0.2871116685,0.3318499762,0.694346616,0.4779312933
9.001168305,1400,0.4177911882,0.367228696,0.7050931635,0.5208229423
12.72613298,1400,0.8176273654,0.3841180313,0.7154003335,0.5369273863
7.194147928,1400,0.4858049965,0.3700027379,0.7081614521,0.5224835901
9.820798385,1400,0.303375167,0.3579750378,0.7012345459,0.5104925876
13.70239568,1400,0.7840723039,0.3745168579,0.7135844465,0.5248388747
19.11140443,1400,0.921471247,0.3477628634,0.7157846161,0.485848474
13.35964279,1400,0.7257738581,0.3754569303,0.7129796679,0.5266025768
17.79530177,1400,0.5542535475,0.3550645819,0.7129894223,0.4979941789
14.67399509,1400,0.5257688684,0.36340808,0.7099135654,0.5119046848
21.4323749,1400,0.8115375493,0.3505166424,0.7202326262,0.4866714304
11.18957024,1400,0.5099584372,0.3751050307,0.7091101043,0.5289799545
16.0137605,1400,0.07652520668,0.357566525,0.7089822368,0.5043377766
7.629760364,1400,0.7185028757,0.409730963,0.7202379921,0.5688827409
12.95730247,1400,0.6145911537,0.3739873076,0.7112749009,0.5257985444
8.053871387,1400,0.5476348154,0.3819176481,0.7111591799,0.5370353909
5.826021338,1400,0.4038947662,0.3440509648,0.7025860524,0.4896922785
9.154102239,1400,0.8539881332,0.4211376891,0.722937039,0.5825371594
8.252730463,1400,0.856549487,0.4304751735,0.7252799495,0.5935296762
16.82485918,1400,0.6831963617,0.3516127508,0.710778355,0.4946869138
8.301955709,1400,0.4005040364,0.363018367,0.7038154339,0.5157863121
10.18309249,1400,0.5615464913,0.3816846385,0.7108233405,0.536961319
10.07273085,1400,0.1036755009,0.3419075147,0.6940681001,0.4926137863
23.53709926,1400,0.8173503507,0.3487984787,0.7238296095,0.4818792629
13.06209145,1400,0.7327340081,0.3778774,0.713369343,0.5297079329
8.06298386,1400,0.3874374331,0.3603092916,0.7029579486,0.512561658
8.18254983,1400,0.5503529572,0.3824229789,0.7112203152,0.5376997404
16.78229282,1400,0.5126363653,0.3545616123,0.7106781773,0.4989060078
18.52883302,1400,0.06447119013,0.3600680468,0.7145743401,0.503891655
11.05971761,1400,0.3668208624,0.3651489753,0.7049392825,0.51798642
17.25493962,1400,0.6791327967,0.3522314493,0.7117751386,0.4948633778
16.28882238,1400,0.5600858026,0.3555344969,0.7103251161,0.5005236178
9.580631362,1400,0.6630435314,0.3940229139,0.7148896274,0.5511660804
19.97590978,1400,0.2013306355,0.3600332556,0.7175076685,0.5017831466
19.16372619,1400,0.1694179194,0.3600242699,0.715891319,0.5029035278
4.798202278,1400,0.06575089905,0.2694411371,0.6664142264,0.4043148037
14.14832538,1400,0.6513570405,0.3682382389,0.7113715135,0.5176454664
11.40039956,1400,0.6861023464,0.3865821072,0.7138455295,0.5415486841
23.50544967,1400,0.09899300742,0.3588220557,0.7237781842,0.4957624636
9.596191998,1400,0.2764721089,0.3547257621,0.6997933738,0.5069007158
6.775400281,1400,0.1844916671,0.3224225607,0.6877429724,0.4688125851
5.746511553,1400,0.1772798047,0.3060167473,0.6834548907,0.4477497367
14.66924701,1400,0.8685688779,0.3674596621,0.7135361679,0.514983933
21.64401992,1400,0.2513305799,0.3593722956,0.7206115641,0.4987045913
17.82376185,1400,0.4438038127,0.3567121716,0.7130522471,0.5002609178
17.0938834,1400,0.9330839926,0.3459104073,0.7114051017,0.4862354888
10.33873165,1400,0.8877485718,0.4128684597,0.7214719666,0.5722584921
10.53426771,1400,0.1475303155,0.3477395218,0.6970257743,0.4988904781
7.537613192,1400,0.5680490357,0.3842676041,0.7125808225,0.5392617819
10.79661952,1400,0.9232062268,0.4111895551,0.7215635247,0.5698591198
18.08135083,1400,0.9322253902,0.3468978167,0.713615892,0.4861127962
22.89634726,1400,0.2420797526,0.3586386022,0.7227733584,0.4961978718
10.88135901,1400,0.1631589263,0.3503252879,0.6984393035,0.5015830096
14.9762887,1400,0.7111416274,0.3635007162,0.7115733233,0.5108408428
18.04938518,1400,0.5961485939,0.3545696226,0.7135464284,0.4969117755
22.49829212,1400,0.3737296297,0.3577319783,0.7221006466,0.495404595
4.502823625,1400,0.2299996786,0.2872888876,0.6843324857,0.4198089286
15.81020535,1400,0.751117659,0.3573291017,0.7112895663,0.5023679787
13.33700153,1400,0.7694186423,0.3770614951,0.7137433886,0.5282871984
20.69904976,1400,0.3850764178,0.3584098574,0.7188870251,0.4985621453
22.72042791,1400,0.2693076229,0.3585702021,0.7224776573,0.4963062851
8.778648589,1400,0.45395282,0.3708842794,0.7066089299,0.5248791287
6.391184394,1400,0.4621461599,0.3605754289,0.7068269907,0.5101325129
4.546624745,1400,0.2711856998,0.2956187285,0.6889729818,0.4290715838
23.13202819,1400,0.8836805523,0.3474565839,0.7231656123,0.4804661311
8.942988213,1400,0.1454297729,0.3384911081,0.6923476943,0.4889033514
22.39191435,1400,0.8003971077,0.3502311347,0.7219186463,0.4851393388
10.1902136,1400,0.2041244632,0.3507480178,0.6981887985,0.5023684404
11.4999929,1400,0.3569258602,0.3645912812,0.7051214919,0.5170616487
22.99754043,1400,0.6799323584,0.3524681863,0.7229423211,0.48754676
14.73389518,1400,0.3048978304,0.3601053711,0.7079845579,0.5086344992
10.6289019,1400,0.3850062788,0.3663055111,0.7050871861,0.5195180373
17.16959076,1400,0.0005224006023,0.3588959339,0.7115795202,0.5043651815
7.951876497,1400,0.07991093903,0.3230424594,0.6850945271,0.4715297622
12.13030261,1400,0.2777590978,0.3602784716,0.7040043836,0.5117560061
22.35058005,1400,0.3282494876,0.3583106199,0.7218476709,0.4963798242
14.1445485,1400,0.160801327,0.3572822793,0.7056418318,0.5063224192
10.09649777,1400,0.8570584282,0.4120735277,0.7209723333,0.5715524835
21.00935893,1400,0.2366002707,0.3597082852,0.7194627315,0.4999679198
5.619296385,1400,0.4299100292,0.3460586156,0.7045608884,0.4911692109
12.67562195,1400,0.1287908081,0.3537680766,0.7019473543,0.5039809245
7.053773999,1400,0.02213116989,0.3057330552,0.6766007846,0.451866244
9.479547156,1400,0.2178977357,0.3487317287,0.6971085933,0.5002545258
20.2802772,1400,0.6330933172,0.3546951703,0.7180948335,0.493939176
19.60965608,1400,0.7048122685,0.3532148327,0.716787912,0.4927745388
7.620556177,1400,0.5173506016,0.3765861625,0.7098016842,0.5305512384
22.72877133,1400,0.06465172808,0.359581788,0.7224917385,0.497696747
8.163111273,1400,0.0216996779,0.3189697783,0.6824556737,0.4673853417
10.67722275,1400,0.8764798408,0.4080718552,0.7203974231,0.5664537963
5.21291896,1400,0.7245019116,0.4113850367,0.726883706,0.5659571584
8.298100488,1400,0.6232875585,0.3927486748,0.7146018282,0.5496049118
19.8325035,1400,0.5135196962,0.3567239987,0.7172275938,0.4973651346
5.910514518,1400,0.572130027,0.3778128001,0.714700899,0.528630649
19.45121922,1400,0.00461574248,0.3605361334,0.7164719524,0.503210394
16.74259116,1400,0.02829699349,0.3583253857,0.7105844891,0.5042685158
11.45039107,1400,0.109954579,0.3489209369,0.698354227,0.4996331709
19.90787208,1400,0.8238806722,0.3505077148,0.7173750669,0.4885975705
8.206899837,1400,0.7241468294,0.4083533869,0.719411124,0.5676217301
4.434028349,1400,0.5142530733,0.3434386923,0.7125928163,0.4819564336
12.13440444,1400,0.2676825105,0.3597475105,0.7037832659,0.5111623534
11.94954318,1400,0.7230157726,0.3853944955,0.7142508441,0.5395786349
9.053326951,1400,0.7285599354,0.4046331055,0.7181529289,0.5634358494
17.07410549,1400,0.7076786274,0.3514291193,0.7113593961,0.4940247099
10.17031952,1400,0.7427571425,0.3992745982,0.7169846837,0.5568802336
18.64229167,1400,0.03952358461,0.3601737396,0.7148133046,0.5038710629
16.94949328,1400,0.768739591,0.3499308509,0.7110700773,0.4921186562
10.02446734,1400,0.04812154299,0.3370416816,0.6917063426,0.4872612275
19.06264312,1400,0.01102813726,0.3604023471,0.7156848841,0.5035768605
13.92813128,1400,0.1554612976,0.3569268434,0.7051419487,0.5061772938
11.09837175,1400,0.9272190842,0.4079568017,0.7210061287,0.5658159972
6.820677226,1400,0.08872651969,0.3106333482,0.6806017056,0.456409888
7.222108334,1400,0.0459367009,0.31076497,0.6793381422,0.4574525567
18.36220706,1400,0.3556316986,0.3581718855,0.7142204582,0.5014864548
4.316865989,1400,0.61101642,0.366732961,0.7212144748,0.5084936226
17.54979797,1400,0.2128708486,0.3586631627,0.7124428408,0.5034272816
12.34287483,1400,0.4067591322,0.3668189164,0.7070690815,0.5187879459
18.93799294,1400,0.5906609358,0.3552138701,0.7154286532,0.4965049533
4.494691805,1400,0.6358700237,0.3773096727,0.7226841889,0.5220948217
4.406431488,1400,0.310740411,0.2991207158,0.6929111633,0.4316869631
15.11002524,1400,0.07611145588,0.356584744,0.7069793796,0.5043778564
22.64930588,1400,0.7054210641,0.3522199303,0.722357392,0.4875978764
8.258603333,1400,0.8113447404,0.4224841649,0.7232556068,0.5841422603
16.89240053,1400,0.9159002472,0.3461382155,0.7109367385,0.4868762532
13.15689597,1400,0.9196457765,0.3840639437,0.7167134615,0.5358681877
4.225148576,1400,0.1923961072,0.2729724481,0.6788495103,0.4021103999
14.55885345,1400,0.1708035157,0.357785146,0.7065474649,0.5063851528
17.26313814,1400,0.6633122637,0.3525556968,0.7117938734,0.4953058884
22.02849074,1400,0.9013185471,0.3478405474,0.7212896053,0.482248108
13.98732952,1400,0.6999354733,0.3703060782,0.7121012136,0.5200188837
14.46886029,1400,0.5852913386,0.365249841,0.7105103194,0.5140669052
20.40560898,1400,0.3169137801,0.3591529216,0.7183337992,0.4999805411
6.207917392,1400,0.5036293275,0.3665372835,0.709711725,0.5164593885
10.59888438,1400,0.6519612413,0.3882697956,0.713546592,0.5441407751
8.537189424,1400,0.6468948828,0.3956200011,0.7154068599,0.5530000105
15.02954384,1400,0.1375705057,0.3574447319,0.7072039668,0.5054337202
5.972291373,1400,0.8509609447,0.4490730341,0.7321921727,0.6133267341
21.60552931,1400,0.729305366,0.3523628359,0.7205429535,0.4890240536
13.23733644,1400,0.9309676746,0.3836006458,0.716779534,0.5351724311
20.9516945,1400,0.1369912098,0.3602720963,0.7193564602,0.500825552
21.18411641,1400,0.2678056333,0.3594246698,0.7197828447,0.499351537
19.50904184,1400,0.002721428348,0.3605512743,0.7165875914,0.5031503177
6.240472438,1400,0.535568579,0.3728954191,0.711828192,0.5238559294
18.85555607,1400,0.8330369828,0.350012785,0.7152581734,0.4893516746
6.509347326,1400,0.6766442893,0.4029417342,0.7202582365,0.5594406476
17.31195463,1400,0.03083474247,0.3590493873,0.7119052234,0.504349983
14.51184892,1400,0.2482431728,0.3593334772,0.7071779856,0.5081231098
13.3640134,1400,0.05937938065,0.3526060173,0.7024857761,0.5019404368
18.46453422,1400,0.07162225921,0.3600131233,0.7144381985,0.5039107988
23.1016325,1400,0.934495796,0.3460525678,0.7231152714,0.4785579581
11.02401926,1400,0.7542131505,0.3942236601,0.7161622057,0.5504669989
12.22850541,1400,0.3796600797,0.365587374,0.7063894992,0.5175436135
13.92439957,1400,0.6676258771,0.3699933328,0.7116954004,0.5198759645
8.163937285,1400,0.8403360878,0.4283927727,0.72478907,0.5910585444
9.724047903,1400,0.6393438255,0.390845163,0.7138670316,0.547504151
18.52409882,1400,0.9104879771,0.3477999759,0.714564334,0.4867301087
16.54162095,1400,0.641997807,0.3531626298,0.7104913114,0.4970681894
7.907576063,1400,0.6777253433,0.4018957438,0.7177250053,0.5599578402
11.89226784,1400,0.0387658818,0.3464307579,0.6977881425,0.4964698263
4.191092251,1400,0.06087413745,0.2514992877,0.6609947593,0.3804860541
21.46047616,1400,0.0490488517,0.3603501839,0.7202831767,0.5002896022
5.90499393,1400,0.05436858229,0.2916912253,0.672583062,0.4336880331
12.57127699,1400,0.9430659768,0.3916817086,0.7183046069,0.5452863657
14.94363984,1400,0.5596577204,0.3625019923,0.7102464501,0.5103890238
13.15560218,1400,0.6794928375,0.3752699548,0.7123393548,0.5268134525
17.51872205,1400,0.2880046336,0.3580827342,0.7123730545,0.5026618174
21.32744521,1400,0.3152192195,0.3589661203,0.7200432242,0.4985341272
17.83125419,1400,0.9185562952,0.3470783405,0.7130687679,0.4867389459
7.45413033,1400,0.6689851699,0.4012696326,0.7180281012,0.5588494823
16.31783373,1400,0.9261259561,0.3513535178,0.7117070213,0.4936771835
22.16222382,1400,0.5751178275,0.3550910271,0.7215224014,0.4921413755
16.99178451,1400,0.4560448998,0.3556439116,0.7111685289,0.5000838721
12.45698446,1400,0.2528165543,0.3592762305,0.7039879783,0.5103442695
22.90751182,1400,0.4733473267,0.3561504714,0.7227920403,0.4927426584
5.430896139,1400,0.9487496335,0.4899757752,0.7403568751,0.6618102589
7.729824411,1400,0.7096457161,0.4078173903,0.7196031694,0.5667253949
19.90830253,1400,0.8145831021,0.3507383845,0.7173759074,0.4889185444
7.473163762,1400,0.1200839228,0.322536443,0.6857296374,0.4703551158
15.81060533,1400,0.6809459186,0.3576376039,0.7108934783,0.5030818468
13.51672744,1400,0.4058029326,0.3646366814,0.7079364275,0.5150698103
13.04422699,1400,0.9250433758,0.3855094145,0.7170226525,0.5376530478
9.057365267,1400,0.9133414007,0.431045977,0.7255027616,0.5941341643
10.09219591,1400,0.4764556089,0.3740210431,0.7078676806,0.5283770588
22.12296196,1400,0.07742247796,0.3599673007,0.7214542171,0.4989468384
22.44578863,1400,0.6875562598,0.3527517673,0.7220109379,0.4885684534
9.334154087,1400,0.2957686576,0.3555523925,0.7001577107,0.5078175774
19.24276847,1400,0.1517382614,0.3601357052,0.7160519077,0.5029463665
22.47993219,1400,0.026210502,0.3598155293,0.7220693026,0.4983116275
13.30879661,1400,0.1057090945,0.354243613,0.7030664244,0.5038551134
19.30471613,1400,0.7689452351,0.351724644,0.7161772585,0.4911139523
15.69440021,1400,0.3699616998,0.3586449031,0.7094043099,0.5055578295
17.95065198,1400,0.4190463534,0.3571368398,0.7133310158,0.5006607479
13.30374264,1400,0.8235520274,0.3791601133,0.7147257281,0.530497362
6.457699785,1400,0.8600625288,0.447999328,0.730934951,0.6129127187
19.30944763,1400,0.06343098753,0.3604358199,0.7161868145,0.5032706727
11.7892725,1400,0.5762657478,0.37752687,0.710805177,0.5311256617
23.11582731,1400,0.03218270273,0.3593120179,0.7231387897,0.4968783627
22.79235965,1400,0.4112983078,0.3570685947,0.7225988705,0.4941449665
6.525841049,1400,0.6174120944,0.3906126563,0.7166573871,0.5450479733
16.39405296,1400,0.9090372965,0.3508261702,0.7115131649,0.4930705257
16.18159759,1400,0.002521284843,0.3574760734,0.709237389,0.5040288047
7.555481067,1400,0.6627540266,0.4000436498,0.717537708,0.5575228247
17.25625046,1400,0.35064388,0.3572098097,0.7117781347,0.5018555535
11.52090029,1400,0.647074141,0.3832413994,0.7127192603,0.537717192
6.939241104,1400,0.2570317984,0.3341890109,0.693398533,0.4819580587
12.65257826,1400,0.7583226028,0.3820452386,0.7142827491,0.5348655544
23.70508982,1400,0.660287816,0.3521829968,0.7241012964,0.4863725539
16.27829473,1400,0.2924710145,0.357369711,0.7098003691,0.5034791844
20.36684176,1400,0.09767170566,0.3604941462,0.7182600562,0.5018991981
4.985442957,1400,0.2234314899,0.2980689883,0.6852072079,0.4350056229
16.41596391,1400,0.2675041868,0.357233826,0.7099454019,0.5031849281
13.47684094,1400,0.1560978348,0.3563938212,0.7042125906,0.5060883971
8.407504119,1400,0.2908767001,0.3504910164,0.6983665417,0.5018725776
5.499421267,1400,0.8206805809,0.4417998559,0.7321737179,0.603408515
15.14430298,1400,0.4554149979,0.3607843083,0.7094955364,0.5085082143
15.30425209,1400,0.5748203988,0.3607346271,0.7103649926,0.5078158846
17.25014622,1400,0.09165976698,0.3588698098,0.7117641805,0.5041976256
7.123572182,1400,0.5855897762,0.3863427156,0.7139595912,0.5411268654
5.354001448,1400,0.05264822868,0.2805861336,0.6688029788,0.4195348144
9.502102658,1400,0.2012850184,0.3473001011,0.6964520406,0.4986705198
10.73279949,1400,0.08043758557,0.3436842306,0.6953234921,0.4942796188
23.06399787,1400,0.7514069383,0.3508474546,0.7230528403,0.485230726
9.773428049,1400,0.8276651635,0.4117853513,0.720612748,0.5714377833
4.843838822,1400,0.1269397362,0.2795738511,0.6740684373,0.4147558848
9.109149842,1400,0.1808938092,0.3431016169,0.6945301438,0.4940053645
16.08680114,1400,0.8931954181,0.3539481796,0.7118411111,0.4972291907
8.53676323,1400,0.6090263403,0.3903934093,0.7137059766,0.5469947318
23.14099118,1400,0.06209502093,0.359248013,0.7231804428,0.4967612394
16.31198583,1400,0.03973148381,0.3577594243,0.7095857856,0.5041806523
14.4768831,1400,0.8912946,0.3696175975,0.714091643,0.5176052697
12.56240899,1400,0.2011782861,0.3569341336,0.7031298331,0.5076361673
5.94368586,1400,0.8693965566,0.4550691186,0.733386984,0.6205034022
17.71583884,1400,0.005529006219,0.3594871533,0.7128134224,0.5043215265
8.6658308,1400,0.1997568497,0.3421215038,0.6942680475,0.4927801373
11.10592017,1400,0.650758027,0.3856526647,0.713113017,0.5408016059
23.06362108,1400,0.3354112352,0.3576922871,0.7230522147,0.494697727
10.75538086,1400,0.7225950941,0.3934716302,0.7155673656,0.5498736375
6.519851671,1400,0.380174134,0.348052763,0.70126454,0.4963216349
8.068738709,1400,0.4621718667,0.370118285,0.7068437029,0.523621111
19.87178543,1400,0.8742444569,0.3492074643,0.7173045333,0.4868329253
5.983582033,1400,0.8189680436,0.4394111481,0.73025256,0.6017248992
14.72569785,1400,0.572200417,0.3637376926,0.7103592711,0.5120475052
7.364919909,1400,0.1986578248,0.3309891402,0.6905849894,0.4792880605
12.41149216,1400,0.194002697,0.3563438457,0.7026815206,0.50711999
13.87256508,1400,0.8737197701,0.3752557392,0.7147473576,0.525018715
5.961094899,1400,0.351221326,0.3367187898,0.6986219943,0.48197565
5.876221176,1400,0.8325404657,0.4439980788,0.731457729,0.6070044259
16.80797591,1400,0.2276701502,0.3576763749,0.7107386545,0.5032459859
11.82428314,1400,0.3337713222,0.3632360437,0.7049012614,0.5153006011
13.04263404,1400,0.4350453201,0.3667279479,0.7080854421,0.5179148251
20.52939437,1400,0.655010722,0.3542491559,0.7185682346,0.4929930643
19.09058488,1400,0.9029647215,0.3482690668,0.715742068,0.4865845986
8.394743735,1400,0.8620657152,0.4300362733,0.7251472618,0.5930330237
21.48724864,1400,0.3891922155,0.3581295472,0.720331269,0.4971734015
18.34716404,1400,0.6895113827,0.3530055009,0.7141883357,0.4942750858
22.55536367,1400,0.03722180292,0.35975186,0.7221978991,0.4981347362
9.189672551,1400,0.4832940372,0.3747298803,0.707970562,0.5293014998
20.68680017,1400,0.6491016076,0.3543396092,0.7188641041,0.4929159867
21.53569972,1400,0.3869955082,0.3581343024,0.7204181358,0.4971200537
13.27218141,1400,0.8187275426,0.3792779087,0.714682246,0.5306944601
17.49035018,1400,0.869758209,0.3480740924,0.7123092214,0.4886558841
8.100932243,1400,0.6477890407,0.3967276341,0.7159974615,0.554090839
9.367942914,1400,0.5094438176,0.3776063055,0.7090467712,0.5325548621
4.990862019,1400,0.6449192957,0.386786032,0.7218791127,0.5358044376
5.213624041,1400,0.297145248,0.3152492766,0.6929582224,0.4549325867
5.780919476,1400,0.7687472006,0.4254859873,0.7278792516,0.5845557301
23.53430809,1400,0.07156270964,0.3588637513,0.7238250774,0.4957879501
18.96835873,1400,0.2067847872,0.3597385396,0.715491244,0.5027853837
5.137215367,1400,0.4446438189,0.3415533826,0.7058466779,0.4838917478
9.667946243,1400,0.01914019402,0.3320948807,0.6890933255,0.481930195
12.80935095,1400,0.1041489977,0.3529786775,0.7018059661,0.5029576471
18.50175954,1400,0.8782488715,0.3486604733,0.7145170802,0.4879666042
5.145224213,1400,0.7387485449,0.4153696988,0.7281035361,0.5704816392
10.82737321,1400,0.8198793873,0.4013877321,0.7183952042,0.5587283013
14.02837887,1400,0.7200341532,0.3704522732,0.7123457935,0.5200455686
10.30390564,1400,0.02974595472,0.3373746546,0.6920323489,0.4875128383
22.43416489,1400,0.5043253901,0.3560588445,0.721991046,0.4931624103
13.9239118,1400,0.6189217033,0.3688619003,0.7110297931,0.5187713706
6.472727762,1400,0.7900399416,0.4294092052,0.7269522698,0.5906979357
15.94453831,1400,0.1415178561,0.357775778,0.7089939581,0.5046245795
6.361060865,1400,0.401233842,0.3498628286,0.7026295692,0.4979335398
12.56569202,1400,0.6362652379,0.3770149555,0.7118608011,0.5296189295
5.37277907,1400,0.7204558563,0.4109679161,0.7260753053,0.5660127994
13.12191809,1400,0.3097218782,0.3618394723,0.7060242229,0.512502915
4.800107613,1400,0.7309753276,0.4106883013,0.7288397502,0.5634823035
16.692151,1400,0.74586825,0.3506200056,0.7106402355,0.4933860877
20.87530063,1400,0.7090930907,0.353072084,0.7192151746,0.4909130069
16.08661479,1400,0.6916262957,0.3556757444,0.7108152225,0.5003772192
4.436189817,1400,0.7499553101,0.4138855135,0.7317460352,0.5656136058
4.571986855,1400,0.2778082984,0.2974550961,0.6897363807,0.4312591078
4.583622953,1400,0.6988843016,0.3980406667,0.7272887968,0.547293824
8.440001312,1400,0.845047706,0.4266650368,0.7242942842,0.5890769072
22.08753027,1400,0.2944290372,0.3587899622,0.7213925699,0.4973574406
21.81000122,1400,0.3632545126,0.3582695988,0.7209058986,0.4969713793
4.19750367,1400,0.1560171168,0.2661932326,0.6741056854,0.3948835299
17.81675708,1400,0.2789770385,0.3584489553,0.7130367946,0.5027075153
15.95000896,1400,0.8644340254,0.3554646814,0.7118396333,0.4993606211
18.36391781,1400,0.8436491275,0.3494749447,0.7142241094,0.4893071237
6.653434437,1400,0.2373351753,0.32814944,0.6912933752,0.4746891143
8.124118479,1400,0.316127419,0.3517647428,0.6992327021,0.5030724989
16.3205322,1400,0.3280920435,0.3571018781,0.7098976065,0.5030329373
11.75740196,1400,0.5526001336,0.3762223093,0.7102287094,0.5297199399
13.51341305,1400,0.5309518617,0.3684956846,0.7098080482,0.5191483606
4.488516078,1400,0.6524493599,0.3821591393,0.7240274343,0.5278241144
16.73537374,1400,0.7823395317,0.3496938209,0.7106900103,0.4920483133
22.86111605,1400,0.8021217547,0.3498184217,0.7227143396,0.4840341509
5.483832766,1400,0.6385881316,0.3897778878,0.720128712,0.541261418
12.28280193,1400,0.9014918987,0.392705763,0.7179344409,0.5469939044
19.66343901,1400,0.4355350289,0.3577950403,0.7168945287,0.4990902092
17.85758453,1400,0.4356318545,0.356847948,0.7131267663,0.5003990383
8.497662292,1400,0.3866309801,0.3621100001,0.703281627,0.5148861937
9.395786094,1400,0.4831087442,0.3747922783,0.707988161,0.5293764768
21.42895535,1400,0.08696728348,0.3602864304,0.7202264699,0.5002404736
9.454699917,1400,0.8793872582,0.4215437784,0.7231979221,0.5828885364
15.76253511,1400,0.8937236505,0.3570493621,0.7122809169,0.5012760466
14.77790246,1400,0.5188528317,0.3628626092,0.7098699654,0.5111677165
10.63707567,1400,0.2118084891,0.3530226301,0.6994497176,0.5047148082
15.64629632,1400,0.222624389,0.3582335375,0.7087457829,0.505447152
16.16787987,1400,0.5244664974,0.3564299034,0.7102096879,0.50186573
13.23507189,1400,0.7536607787,0.3773308768,0.7135762853,0.5287884205
8.08188334,1400,0.4788292846,0.3724024048,0.7076938027,0.5262196776
17.16012546,1400,0.4945302796,0.3553166524,0.7115577599,0.4993504005
20.40105167,1400,0.7594033116,0.3520412845,0.7183251383,0.4900862656
22.80168782,1400,0.5529756037,0.3550060017,0.7226145586,0.4912798912
13.60767473,1400,0.4935622304,0.3670237253,0.7092713259,0.5174659004
9.352440425,1400,0.3656227355,0.3625846073,0.7031420633,0.515663372
20.64011226,1400,0.3710160502,0.3585767672,0.7187766061,0.4988709484
12.43019976,1400,0.1552103472,0.3544626182,0.7019087829,0.5049981234
18.52110094,1400,0.1043916182,0.3599649545,0.7145579963,0.503758906
19.21711932,1400,0.9307699414,0.3475345419,0.7159998766,0.4853835221
21.15723316,1400,0.1798894662,0.3600149723,0.7197337909,0.5002057384
10.86511455,1400,0.9059475567,0.4087736419,0.7208940787,0.5670370363
17.0613033,1400,0.7883564538,0.3496155224,0.7113297799,0.4914956919
13.90235709,1400,0.8748006529,0.3749890401,0.7147193809,0.5246661139
22.48702204,1400,0.09229172426,0.3596942911,0.7220814097,0.4981353712
22.7172855,1400,0.9012822476,0.3473378074,0.7224723523,0.4807627673
8.01913617,1400,0.06907796129,0.3225451087,0.6847118558,0.4710669254
8.86673185,1400,0.6092051122,0.3898400967,0.7134193007,0.5464389543
5.063070218,1400,0.7571948143,0.4208417867,0.7296809278,0.5767476861
4.478070475,1400,0.7143102867,0.4018263043,0.7288763898,0.5512955418
6.11442411,1400,0.5109190284,0.3671194809,0.7102770446,0.5168680077
11.15373442,1400,0.9347522163,0.4079413159,0.7210980725,0.5657223774
10.83921188,1400,0.3591966506,0.3644734011,0.7044810854,0.5173643532
6.292250459,1400,0.4143966484,0.3513648686,0.7035260487,0.4994340568
5.905739362,1400,0.7420006648,0.4181328356,0.7258074704,0.5760933205
8.265121307,1400,0.8350727679,0.4265458905,0.7242963054,0.5889107638
7.537233857,1400,0.306258316,0.3464096894,0.6977430494,0.4964717165
10.33058961,1400,0.6889588054,0.3930081902,0.7149920274,0.5496679336
11.74271326,1400,0.5211168422,0.3743712642,0.7094507853,0.5276916623
4.357171715,1400,0.7374251402,0.4084146632,0.7311506899,0.5585916404
9.621891372,1400,0.01324943296,0.3312362507,0.6886399566,0.4810006267
15.45254364,1400,0.2088847855,0.3582760798,0.7083782712,0.5057694375
8.798476343,1400,0.3695003354,0.3612616815,0.7027454859,0.5140718635
23.12303138,1400,0.0712702137,0.3592454832,0.7231507195,0.4967781591
13.77347274,1400,0.3687408797,0.3630306634,0.7076330283,0.5130210842
7.570155094,1400,0.7205949188,0.4103170269,0.7204626396,0.5695188124
15.11258459,1400,0.9060468494,0.3634145093,0.7133138592,0.5094735012
15.24878576,1400,0.5401203964,0.3608656476,0.710121126,0.5081747809
23.17413594,1400,0.4142606103,0.3567080168,0.7232352302,0.4932116162
9.433876785,1400,0.1251753372,0.339884481,0.6929398452,0.4904963733
7.3031749,1400,0.3522861565,0.3508271347,0.7002104825,0.5010309663
17.51371559,1400,0.288267571,0.3580752919,0.7123617989,0.5026593122
5.606197087,1400,0.4233352172,0.3446337245,0.7040460994,0.4895044867
22.69158634,1400,0.5585234531,0.3550005061,0.7224289371,0.491398514
6.959732387,1400,0.6483548617,0.3975926095,0.7177474107,0.5539450279
9.338365153,1400,0.7943245894,0.4113457174,0.7202369848,0.571125513
18.33931487,1400,0.3395142351,0.3583203037,0.7141715633,0.5017286071
5.565720293,1400,0.615782385,0.3848758128,0.7183470861,0.5357797369
5.781542832,1400,0.2400242294,0.3160940035,0.6891658464,0.458661736
7.705419252,1400,0.4934064896,0.373297558,0.708487252,0.5268938248
23.15949863,1400,0.8644758697,0.3479497432,0.7232110458,0.4811178497
22.75263624,1400,0.8259486401,0.3493140276,0.7225319842,0.4834582208
17.13791594,1400,0.9448730811,0.3456278433,0.7115066494,0.4857689575
8.320263066,1400,0.3377541034,0.3554810803,0.7006446484,0.5073628709
6.28501847,1400,0.07781450519,0.3012774132,0.6769695471,0.4450383544
15.24961506,1400,0.8391434962,0.3618938349,0.7124886975,0.5079292292
11.76321349,1400,0.5441503002,0.3756930384,0.7100197906,0.5291303755
10.53333668,1400,0.9196879043,0.4139827189,0.7220565321,0.5733383751
19.09978325,1400,0.2854193062,0.3592268528,0.7157608727,0.5018810982
7.096302748,1400,0.07130374559,0.3121638457,0.6805981688,0.4586610132
4.373279034,1400,0.8888559862,0.472983198,0.7420538736,0.6373973842
16.29679712,1400,0.06373983854,0.3577717418,0.7095733864,0.5042068215
7.184371442,1400,0.4347861672,0.3620326885,0.7051338306,0.5134240804
9.683737887,1400,0.7340556845,0.4015305308,0.7173897671,0.5597104241
6.433189401,1400,0.7935742867,0.4304725408,0.7272750331,0.591897867
22.4561633,1400,0.9445210558,0.3463101976,0.7220286826,0.479634959
4.553918127,1400,0.8494790896,0.4542843036,0.7383489077,0.6152705027
18.27850169,1400,0.4088641446,0.357516706,0.7140413467,0.5006946834
13.62621079,1400,0.2057487492,0.3582171475,0.7052151964,0.5079543795
9.894677495,1400,0.4958374789,0.3759550808,0.7085321294,0.5306111963
11.37306507,1400,0.6834306559,0.3865579253,0.7137983037,0.541550636
18.01771238,1400,0.944253173,0.3465062209,0.7134774675,0.4856582537
14.26071614,1400,0.8607449967,0.3712381502,0.7140010058,0.5199406544
11.20366629,1400,0.5627691247,0.3788018188,0.7105873372,0.5330827035
19.2500347,1400,0.2081740335,0.3598408201,0.7160666339,0.5025242108
21.6995967,1400,0.4973936072,0.3566018958,0.7207103945,0.4947922196
18.18617194,1400,0.4837103782,0.3564673275,0.7138427301,0.499363953
16.50847369,1400,0.5989067072,0.3539025278,0.7104120329,0.4981651652
16.05736809,1400,0.100903665,0.3576810561,0.7091237209,0.5043986621
20.69616477,1400,0.8701861904,0.3492538962,0.7188816282,0.485829492
18.61165302,1400,0.8193448236,0.3502319613,0.7147489323,0.4900069738
5.464029199,1400,0.7874400092,0.4312148097,0.7301856554,0.5905550273
13.55781086,1400,0.2930916333,0.3610209152,0.7063396058,0.511115209
18.33328672,1400,0.591062316,0.3548689065,0.7141586767,0.496904845
20.9926333,1400,0.006708507028,0.3605378869,0.7194319406,0.5011424523
6.911711421,1400,0.9481032209,0.46732328,0.7339426172,0.6367299964
10.92240152,1400,0.3196295286,0.3616628521,0.7033698682,0.5141858765
5.414988166,1400,0.3909130437,0.3356676754,0.7013825772,0.4785800024
23.9283614,1400,0.4719658981,0.3551819439,0.724459122,0.4902718913
23.11340617,1400,0.8565673721,0.3482031758,0.7231347794,0.4815190552
8.51835907,1400,0.1410472481,0.3348272114,0.6907646359,0.4847196774
9.344480988,1400,0.289148108,0.3549426912,0.6998907159,0.5071401623
17.02874226,1400,0.2121744514,0.3580678149,0.7112543438,0.503431463
19.86473798,1400,0.8206922901,0.3505841567,0.7172907422,0.4887615804
5.582413358,1400,0.8551666317,0.452955064,0.7339897098,0.6171136434
6.175799249,1400,0.6484166824,0.3959590276,0.7192333402,0.5505293003
17.69451838,1400,0.2625332448,0.3584639141,0.7127660524,0.5029194542
13.7452947,1400,0.6289669915,0.3701244552,0.7112295264,0.5204008572
17.81384863,1400,0.1121807904,0.359396718,0.7130303765,0.504041244
21.4889221,1400,0.3328759873,0.3587332494,0.7203342729,0.4980094144
17.76825415,1400,0.7007441596,0.3523162714,0.7129296127,0.4941810034
22.79978259,1400,0.8535642364,0.3485610148,0.722611355,0.4823630468
6.440815093,1400,0.7853982872,0.4283724717,0.7267840766,0.5894081688
13.98420896,1400,0.2305966851,0.3590642324,0.7061561552,0.5084770978
20.70840985,1400,0.7841698155,0.3514153444,0.7189045293,0.4888206014
12.2842816,1400,0.5849932435,0.3759191169,0.7108848045,0.5288045469
10.89510748,1400,0.2913298586,0.3595738233,0.7024649984,0.5118743626
13.82184652,1400,0.9130844269,0.3767423646,0.7154427996,0.526586283
14.73271215,1400,0.03406518717,0.3551587964,0.705767826,0.5032232745
20.22683213,1400,0.7278878584,0.3527605714,0.7179924364,0.4913151636
20.05796468,1400,0.6215086444,0.3549148752,0.7176669286,0.4945398221
10.02680314,1400,0.1916530162,0.3490032307,0.6973361147,0.5004806482
23.15180623,1400,0.7547217049,0.3506906137,0.7231983293,0.4849162387
15.38924005,1400,0.4997969378,0.3600519477,0.7098886252,0.5071949808
6.015520354,1400,0.1773928857,0.3105755356,0.6844884031,0.4537338168
10.48507478,1400,0.2030036382,0.3518096635,0.6988174883,0.5034356886
13.4934257,1400,0.07200785787,0.3534176119,0.7030162759,0.5027161163
22.63705758,1400,0.7621910096,0.350958946,0.7223366385,0.4858661838
15.55228862,1400,0.1425391928,0.3577235327,0.7082540174,0.5050780142
9.051862438,1400,0.4526030226,0.371187637,0.706635806,0.5252884638
19.06447538,1400,0.9337274988,0.3474001976,0.7156886367,0.4854068931
13.87499463,1400,0.3628894588,0.3626909219,0.7076535177,0.5125261343
14.79279326,1400,0.4688914903,0.3622083854,0.7094326026,0.5105606707
8.150547102,1400,0.03847061236,0.3206079929,0.6834246503,0.469119738
17.75055006,1400,0.8316769461,0.3493000896,0.7128904099,0.4899772598
19.14980422,1400,0.6991515175,0.3532123697,0.7158629585,0.4934078031
21.406363,1400,0.6671151782,0.353765619,0.7201857691,0.491214398
17.8982601,1400,0.9105394023,0.3473574022,0.7132161784,0.487029617
14.89721136,1400,0.5823019842,0.3629475871,0.710442567,0.5108753388
12.18037456,1400,0.7653870724,0.3861036822,0.714982646,0.540018257
21.82026889,1400,0.2146170771,0.3595405684,0.7209240251,0.4987218567
11.12492995,1400,0.9175047589,0.406807505,0.7206698924,0.5644852231
20.9823165,1400,0.2556698767,0.3595765756,0.7194129344,0.4998194478
20.23115011,1400,0.815811964,0.3507097282,0.7180007205,0.4884531703
19.61112498,1400,0.3414886755,0.3588628129,0.7167908281,0.5006520715
23.39384415,1400,0.1032060111,0.358916354,0.7235962332,0.4960174439
17.26862369,1400,0.2786103124,0.3578849522,0.7118064031,0.5027841146
4.976532956,1400,0.415269183,0.332673669,0.7033700102,0.4729710737
5.696638491,1400,0.8017299156,0.4352907278,0.7302351812,0.5960966262
9.348028715,1400,0.7354872396,0.4037872448,0.717957724,0.5624108931
20.81335902,1400,0.2188516289,0.3598730412,0.7191001988,0.5004490915
6.343301732,1400,0.5830520726,0.3829081882,0.7147927032,0.5356912382
9.957993524,1400,0.2707723037,0.355520206,0.7002094885,0.5077340594
22.83389446,1400,0.8838795875,0.3477194619,0.7226686696,0.4811602835
5.21883321,1400,0.1019960025,0.2846058418,0.673392406,0.4226448639
23.31645732,1400,0.5427222896,0.3547229647,0.7234695065,0.4903081077
7.07269048,1400,0.08533335658,0.3135602641,0.6815362652,0.4600786196
5.550650732,1400,0.09188528236,0.2900815548,0.6742364915,0.4302371029
7.999637636,1400,0.8957731371,0.440609335,0.727747713,0.6054424179
5.195006999,1400,0.2904147534,0.3137247273,0.6922986302,0.4531638712
5.899089789,1400,0.1827482909,0.3094390372,0.6845249024,0.4520493501
11.42223425,1400,0.7185568239,0.3887198921,0.7146915689,0.5438988075
5.566290976,1400,0.1426570054,0.2976290864,0.6794093948,0.4380703133
13.24463126,1400,0.9116811702,0.3828232386,0.7164084639,0.5343644832
5.011307128,1400,0.7142000553,0.4070169163,0.7268586316,0.5599670948
18.63980185,1400,0.2396955682,0.3593562,0.7148080778,0.5027310282
8.602004666,1400,0.3473791138,0.3579684244,0.7014777354,0.5103061812
5.542075215,1400,0.543120274,0.3680838347,0.7131803628,0.516116054
19.34134111,1400,0.660771631,0.3540528905,0.7162511608,0.4943138802
11.54335205,1400,0.8497416214,0.3970314564,0.7179944191,0.5529729004
18.2629403,1400,0.5471015348,0.355559904,0.7140079491,0.4979775147
18.35007391,1400,0.7447698543,0.3518242145,0.7141945516,0.4926167719
7.260567022,1400,0.4784358175,0.3691808783,0.707719766,0.5216483926
21.11569439,1400,0.7112561439,0.3529556525,0.71965786,0.4904492427
15.44243395,1400,0.4196912755,0.3595447712,0.7094486578,0.5067946317
20.68432521,1400,0.5467096494,0.3561727709,0.7188594713,0.4954692608
20.04515429,1400,0.4968324009,0.3569909162,0.7176421123,0.4974497874
6.408492268,1400,0.252184374,0.3271745931,0.6917869077,0.4729412908
14.03969157,1400,0.888045815,0.3739240012,0.7147096455,0.5231830906
21.78441068,1400,0.2886638015,0.3590056813,0.7208606802,0.4980236697
23.1461074,1400,0.5538021512,0.3546969531,0.7231889054,0.4904623819
17.33160995,1400,0.3692723888,0.3571002234,0.7119499595,0.5015805096
10.90813125,1400,0.2127302191,0.3539571231,0.7000571657,0.5056117421
12.90515075,1400,0.2978192823,0.3614417529,0.7055311561,0.512297366
18.24918865,1400,0.9335616024,0.3469810226,0.7139784094,0.4859825143
19.02352928,1400,0.3828023024,0.3582402096,0.7156046809,0.500611887
18.19777754,1400,0.8380761065,0.3495028285,0.7138677566,0.4895904392
18.65618071,1400,0.5374039772,0.3559639955,0.7148424474,0.4979614695
18.67765591,1400,0.6686820781,0.353625744,0.7148874608,0.4946593182
8.787164864,1400,0.3080231222,0.3544339209,0.6998413973,0.5064489215
17.84757872,1400,0.8143651733,0.3498143025,0.7131047374,0.4905510847
18.36278362,1400,0.7093489633,0.3526020915,0.7142216888,0.4936871801
21.94785798,1400,0.0220388011,0.3601486252,0.7211484899,0.4994098029
8.356300366,1400,0.453809013,0.3698850728,0.7064842772,0.5235574021
8.922290922,1400,0.6953556058,0.4008793397,0.7169896731,0.5591145238
20.03228843,1400,0.2763369277,0.3595102335,0.717617171,0.500977747
4.645563599,1400,0.5663542417,0.3608231715,0.7166126924,0.5035121137
21.48954378,1400,0.1448498521,0.3600639352,0.7203353888,0.4998559571
18.70471296,1400,0.5211655523,0.3562444806,0.7149440931,0.4982829903
7.514105845,1400,0.09012265315,0.3194692636,0.6838726396,0.4671473094
18.62185257,1400,0.3411061319,0.3584835255,0.7147703746,0.5015366308
18.84252849,1400,0.3530724333,0.3584793864,0.7152311572,0.5012077324
9.260592583,1400,0.9399139369,0.4325081814,0.7259754322,0.5957614572
17.49338273,1400,0.5268676737,0.3552055184,0.7123160497,0.4986628036
19.80997465,1400,0.9026808046,0.3484334833,0.7171833918,0.4858359623
14.72333337,1400,0.1337023425,0.3571582376,0.7065541706,0.5054930712
15.95199904,1400,0.1869513304,0.3578973036,0.7091223401,0.5047045952
11.88905741,1400,0.5254068803,0.3741789764,0.7095640783,0.5273364138
10.03946263,1400,0.6213589708,0.3878208154,0.7129671161,0.5439532997
9.074267284,1400,0.8299237792,0.4184497465,0.7221717919,0.5794324165
17.26044601,1400,0.7871457644,0.3498795301,0.7117877225,0.4915503864
23.91997664,1400,0.04064622098,0.3585183926,0.7244457508,0.4948864593
4.79044836,1400,0.725215258,0.4087293985,0.7284589288,0.5610877735
4.941781444,1400,0.7214585205,0.4087446487,0.7276244388,0.5617522267
23.8240177,1400,0.2760997198,0.3575030118,0.7242923558,0.4935893758
4.720709406,1400,0.8360076685,0.4486260295,0.7365874571,0.609060099
19.26271178,1400,0.7398280938,0.3523723189,0.7160923114,0.4920766685
6.355782917,1400,0.6808759114,0.4036714223,0.7208513175,0.5599926261
18.17801633,1400,0.08576573604,0.359778776,0.7138251327,0.5040152827
9.745401588,1400,0.06717151005,0.3367893794,0.6914719751,0.4870615029
19.73850733,1400,0.9154955021,0.348071231,0.7170428047,0.4854260146
16.21995504,1400,0.9248667454,0.3523357548,0.7118413681,0.494963865
11.83081332,1400,0.07239877018,0.3481279027,0.6984450741,0.4984327553
16.2208511,1400,0.5672758395,0.3558382757,0.7103405508,0.5009403945
23.60402297,1400,0.9130546637,0.3461629286,0.7239380988,0.4781664746
6.992129183,1400,0.8810777812,0.4484812217,0.7302183029,0.6141741722
15.19975065,1400,0.5443603919,0.3611256792,0.7101452069,0.5085237156
9.847987583,1400,0.4771093172,0.3741814128,0.7078357033,0.5286274923
9.456125038,1400,0.623111596,0.3899895808,0.7134863738,0.5465970971
20.0823836,1400,0.2435205406,0.3597637959,0.7177141847,0.5012633213
20.87383518,1400,0.5635398673,0.3558543094,0.7192124588,0.4947832939
8.317437236,1400,0.08805281624,0.3274902205,0.6870890155,0.4766343415
8.840174626,1400,0.1251597737,0.3357140465,0.6910049303,0.4858345169
8.730442901,1400,0.02820082197,0.3251779392,0.6854986194,0.4743670228
18.83735955,1400,0.1191043323,0.3600942886,0.7152204323,0.5034731565
21.38681723,1400,0.4946795626,0.3567804653,0.7201505187,0.4954248537
4.631958661,1400,0.6691225696,0.3893446606,0.7248387885,0.5371465584
12.24270972,1400,0.5003442002,0.3717450599,0.709037925,0.5242950296
11.28416785,1400,0.939229899,0.4067348334,0.7209322995,0.5641789578
4.482371811,1400,0.9256144542,0.4912073024,0.7439284554,0.6602883635
6.642421439,1400,0.9440173439,0.4701302745,0.7347751627,0.6398287509
