r_p,T_3 (K),eps_r,P,B,A
8.989485306,1400,0.01044222534,0.3257866536,0.7870357143,0.413941385
9.597998114,1400,0.3534213345,0.3620189635,0.7870357143,0.4599778091
13.19266566,1400,0.3602428024,0.363659304,0.7870357143,0.4620620099
23.38612788,1400,0.3891232671,0.3568149681,0.7870357143,0.4533656627
14.48616729,1400,0.1874010657,0.3581027946,0.7870357143,0.4550019625
8.912266263,1400,0.8462546001,0.4223644344,0.7870357143,0.5366521833
16.46293203,1400,0.7528805646,0.3522761542,0.7870357143,0.4475986894
9.712509237,1400,0.04030627486,0.3342465076,0.7870357143,0.424690394
14.31754092,1400,0.7532650812,0.368913156,0.7870357143,0.4687375036
17.00241414,1400,0.408851132,0.3562545521,0.7870357143,0.4526536034
22.2498212,1400,0.06842109025,0.35990898,0.7870357143,0.4572968843
12.29473148,1400,0.5874304503,0.3759965724,0.7870357143,0.4777376243
9.502532299,1400,0.8453348819,0.416537204,0.7870357143,0.5292481605
20.3321819,1400,0.2171406115,0.3599425629,0.7870357143,0.4573395544
18.854428,1400,0.3447808808,0.3585701247,0.7870357143,0.4555957477
14.61184863,1400,0.8232052394,0.3674668764,0.7870357143,0.4668998748
10.57076595,1400,0.6117411933,0.3849250951,0.7870357143,0.4890821193
4.345242796,1400,0.837350274,0.4485806749,0.7870357143,0.569962286
11.80575493,1400,0.5612281464,0.3765637262,0.7870357143,0.4784582445
13.84587132,1400,0.9098370923,0.3764091668,0.7870357143,0.4782618628
5.365926682,1400,0.8050630313,0.4369436177,0.7870357143,0.5551763532
15.59756222,1400,0.7868018726,0.3588993274,0.7870357143,0.4560140294
23.60237764,1400,0.3033644409,0.357494925,0.7870357143,0.4542296093
9.446950938,1400,0.5758733986,0.3847527563,0.7870357143,0.4888631473
15.87044893,1400,0.5057755819,0.3579186836,0.7870357143,0.4547680329
5.16381706,1400,0.4941115913,0.3524112184,0.7870357143,0.4477703006
6.421584072,1400,0.6716908386,0.4017426877,0.7870357143,0.5104503905
5.25617247,1400,0.05568039302,0.2788787065,0.7870357143,0.3543405991
18.50770072,1400,0.3332531593,0.3584926365,0.7870357143,0.4554972919
4.696738248,1400,0.9097805317,0.4812803846,0.7870357143,0.6115102223
11.74505509,1400,0.42412603,0.3685665053,0.7870357143,0.4682970526
5.080448268,1400,0.3165248127,0.3160069531,0.7870357143,0.4015153917
20.30268604,1400,0.8337731553,0.350255638,0.7870357143,0.4450314409
23.31925402,1400,0.386558888,0.3569080832,0.7870357143,0.4534839738
22.56972481,1400,0.5985461184,0.3543945002,0.7870357143,0.4502902394
18.20703022,1400,0.1658072496,0.3595073944,0.7870357143,0.4567866336
21.90684156,1400,0.04297082591,0.360150541,0.7870357143,0.4576038094
8.325665292,1400,0.4356455258,0.3674964945,0.7870357143,0.4669375072
4.581396783,1400,0.9241970485,0.4894881783,0.7870357143,0.621938966
14.16065544,1400,0.1093344901,0.3559356193,0.7870357143,0.4522483705
6.732617502,1400,0.6403771241,0.3957449779,0.7870357143,0.5028297582
9.977652749,1400,0.9458058897,0.4238720458,0.7870357143,0.5385677399
20.56966247,1400,0.7595669702,0.3520155623,0.7870357143,0.4472675838
7.824442327,1400,0.3309816306,0.3517081903,0.7870357143,0.4468770399
23.53963982,1400,0.2275359189,0.3581608248,0.7870357143,0.4550756952
8.029663672,1400,0.6798607847,0.4019174896,0.7870357143,0.5106724921
7.342238531,1400,0.6476578263,0.3975533344,0.7870357143,0.5051274385
13.71631019,1400,0.8763480958,0.3768625533,0.7870357143,0.4788379313
22.01106542,1400,0.2984296159,0.3587990406,0.7870357143,0.455886606
8.499283229,1400,0.3511874533,0.3579444942,0.7870357143,0.4548008276
13.81287055,1400,0.3785222513,0.3632264033,0.7870357143,0.4615119705
17.06961224,1400,0.6970693219,0.3516448603,0.7870357143,0.4467965735
20.8553302,1400,0.09224199802,0.3604450909,0.7870357143,0.4579780616
21.85951997,1400,0.809554977,0.3503499881,0.7870357143,0.4451513213
9.938916866,1400,0.5615751027,0.3822526744,0.7870357143,0.4856865673
18.42691646,1400,0.5769587285,0.3551747752,0.7870357143,0.4512816493
6.595588137,1400,0.3259916739,0.3404135644,0.7870357143,0.432526197
19.28575697,1400,0.8274625095,0.3503108972,0.7870357143,0.4451016527
5.691490204,1400,0.4513191631,0.3511037288,0.7870357143,0.4461090169
11.20128049,1400,0.2420858042,0.356761186,0.7870357143,0.4532973275
21.07900726,1400,0.623955141,0.3547230206,0.7870357143,0.4507076543
22.09205702,1400,0.06972575561,0.3600023372,0.7870357143,0.4574155031
6.763403247,1400,0.6178555831,0.3913957183,0.7870357143,0.4973036308
16.72877418,1400,0.0468908187,0.3582855782,0.7870357143,0.4552342056
4.829906662,1400,0.6252978798,0.37940504,0.7870357143,0.4820683904
11.41903604,1400,0.7209760008,0.3889118557,0.7870357143,0.4941476589
18.1143008,1400,0.7934268243,0.3505360502,0.7870357143,0.44538773
15.20374754,1400,0.5916241883,0.3613518002,0.7870357143,0.4591301177
19.12483757,1400,0.6898905882,0.3533958451,0.7870357143,0.4490213579
4.332681193,1400,0.2816034233,0.2916758775,0.7870357143,0.3706005613
17.73203443,1400,0.8516677758,0.3487771865,0.7870357143,0.4431529346
11.90063515,1400,0.7254981866,0.3858847777,0.7870357143,0.4903014828
17.30671079,1400,0.5165633861,0.3551604185,0.7870357143,0.4512634079
13.7909791,1400,0.4239313776,0.3645070716,0.7870357143,0.4631391752
13.18987885,1400,0.6671367003,0.3746126594,0.7870357143,0.4759792378
23.70181182,1400,0.1408449834,0.3584757574,0.7870357143,0.4554758455
17.20364936,1400,0.3398908303,0.3572563846,0.7870357143,0.4539265222
5.042193845,1400,0.3609084558,0.3233708606,0.7870357143,0.4108719016
10.66793008,1400,0.3856465496,0.3663753893,0.7870357143,0.4655130417
14.98935565,1400,0.5966290361,0.3625696933,0.7870357143,0.460677561
21.03423088,1400,0.04494577605,0.36049795,0.7870357143,0.4580452239
21.77847989,1400,0.3455090254,0.3584728058,0.7870357143,0.4554720952
20.40719841,1400,0.6233821702,0.3548689391,0.7870357143,0.4508930568
13.15280399,1400,0.5074676585,0.3690967719,0.7870357143,0.4689708043
12.21167922,1400,0.450425545,0.369253895,0.7870357143,0.4691704433
13.23347892,1400,0.3096950617,0.3617770187,0.7870357143,0.4596703963
8.014680973,1400,0.1584225195,0.3324325402,0.7870357143,0.4223855844
10.20508683,1400,0.2113253496,0.3513996048,0.7870357143,0.4464849541
19.56951559,1400,0.8229033397,0.3504910736,0.7870357143,0.4453305832
20.60663634,1400,0.4610427258,0.3574707282,0.7870357143,0.4541988651
17.72140391,1400,0.8677750493,0.3483503869,0.7870357143,0.4426106472
13.83406979,1400,0.8611914765,0.3753234182,0.7870357143,0.4768823211
7.571782484,1400,0.2711888866,0.3421409516,0.7870357143,0.4347209985
13.17136765,1400,0.2083669771,0.3579692837,0.7870357143,0.4548323249
4.875744872,1400,0.4479510971,0.3374948249,0.7870357143,0.4288176747
14.62148487,1400,0.09000357311,0.3561556294,0.7870357143,0.4525279132
23.53284017,1400,0.8322549607,0.3484234867,0.7870357143,0.4427035271
13.14023285,1400,0.2501714233,0.3595597861,0.7870357143,0.456853202
10.52575339,1400,0.1143682495,0.3451715081,0.7870357143,0.4385715945
16.05931909,1400,0.7437952051,0.3554652621,0.7870357143,0.4516507391
6.129990649,1400,0.6042165449,0.3861190806,0.7870357143,0.4905991858
7.628417989,1400,0.7307602896,0.4119607632,0.7870357143,0.5234333788
21.5379289,1400,0.4569309767,0.3572538589,0.7870357143,0.453923313
4.70147658,1400,0.4347934442,0.3311458869,0.7870357143,0.4207507752
10.37019145,1400,0.8325564742,0.4067985138,0.7870357143,0.5168742744
23.63933353,1400,0.8596642246,0.3475939504,0.7870357143,0.4416495264
13.81762879,1400,0.5904142631,0.3687405981,0.7870357143,0.4685182533
4.189786014,1400,0.05641088413,0.2508109639,0.7870357143,0.3186779956
6.916998603,1400,0.08591167982,0.3115885251,0.7870357143,0.3959013796
22.17531318,1400,0.629673639,0.3540913077,0.7870357143,0.4499050059
17.25534009,1400,0.03521873335,0.3589798001,0.7870357143,0.4561162773
8.699992296,1400,0.185975886,0.3409098232,0.7870357143,0.4331567386
6.427784656,1400,0.2072288548,0.3209763223,0.7870357143,0.4078294244
7.686931979,1400,0.6526480496,0.3981552209,0.7870357143,0.5058921897
14.74593033,1400,0.837917128,0.3664275214,0.7870357143,0.4655792802
11.80222565,1400,0.1983735604,0.3553704158,0.7870357143,0.4515302284
15.3097862,1400,0.5419517092,0.3605780554,0.7870357143,0.4581470051
17.70074222,1400,0.1507332837,0.3591427282,0.7870357143,0.4563232921
4.840610447,1400,0.4164527336,0.3302237847,0.7870357143,0.4195791611
22.67730113,1400,0.735634766,0.3515343946,0.7870357143,0.4466562168
7.313047519,1400,0.3586535827,0.3517980076,0.7870357143,0.4469911609
9.161548804,1400,0.8494404713,0.420414795,0.7870357143,0.5341749902
4.730638651,1400,0.7577168476,0.419199974,0.7870357143,0.5326314503
22.64826383,1400,0.8439119365,0.3489379552,0.7870357143,0.4433572059
16.99695708,1400,0.0490314823,0.3586455876,0.7870357143,0.4556916301
9.196564332,1400,0.5731616671,0.3848826962,0.7870357143,0.4890282477
5.225134621,1400,0.04322149122,0.276469599,0.7870357143,0.3512796103
11.11715881,1400,0.6140277461,0.3828553275,0.7870357143,0.4864522925
6.373717157,1400,0.1355831277,0.3103212089,0.7870357143,0.3942911399
4.821837189,1400,0.348481613,0.3164280668,0.7870357143,0.4020504547
19.83127549,1400,0.1440206423,0.3603085302,0.7870357143,0.457804549
21.27047245,1400,0.6154876629,0.3548157297,0.7870357143,0.4508254496
11.14780195,1400,0.759531897,0.3937164615,0.7870357143,0.5002523448
18.29512453,1400,0.5963250195,0.3547500949,0.7870357143,0.4507420547
9.145367241,1400,0.9481725164,0.435324251,0.7870357143,0.5531188015
12.24102386,1400,0.565588982,0.3751071765,0.7870357143,0.4766075665
20.26332571,1400,0.8047576433,0.3509793968,0.7870357143,0.4459510419
22.40391942,1400,0.3274948697,0.358281963,0.7870357143,0.4552296122
21.54881151,1400,0.5489709301,0.3558643702,0.7870357143,0.4521578421
15.0898214,1400,0.5050169885,0.3613732444,0.7870357143,0.4591573645
5.168865478,1400,0.4837638892,0.3502612037,0.7870357143,0.4450385126
21.34476858,1400,0.04568518786,0.3603989972,0.7870357143,0.4579194955
6.539781405,1400,0.2499368152,0.3285314088,0.7870357143,0.4174288445
13.55053608,1400,0.5797537828,0.3697885041,0.7870357143,0.4698497125
15.62653866,1400,0.7683705124,0.3587070209,0.7870357143,0.4557696867
11.86949559,1400,0.8737999043,0.395399042,0.7870357143,0.5023902153
10.21036112,1400,0.01978208085,0.3359786631,0.7870357143,0.4268912541
20.13860675,1400,0.9249471989,0.3478210419,0.7870357143,0.4419380666
21.81194208,1400,0.6341183377,0.3542202842,0.7870357143,0.4500688822
21.13252428,1400,0.2965640201,0.359200497,0.7870357143,0.4563966927
11.80338742,1400,0.742998243,0.3876593542,0.7870357143,0.4925562426
22.76649444,1400,0.911047704,0.347022849,0.7870357143,0.4409238903
20.67227143,1400,0.00879468522,0.3606023327,0.7870357143,0.4581778516
16.68280589,1400,0.8358171177,0.3492576934,0.7870357143,0.4437634622
12.21380052,1400,0.1905538992,0.3558036513,0.7870357143,0.4520806932
17.03371372,1400,0.4042703442,0.3563487763,0.7870357143,0.4527733238
21.87780715,1400,0.3599843839,0.3582693266,0.7870357143,0.4552135565
4.428437317,1400,0.7187144185,0.4026998507,0.7870357143,0.5116665526
20.65616961,1400,0.857562464,0.349594738,0.7870357143,0.4441917078
18.90525111,1400,0.6839025788,0.3534303088,0.7870357143,0.4490651471
13.00507516,1400,0.6155751749,0.3737739734,0.7870357143,0.4749136115
5.661754699,1400,0.225291707,0.3117754414,0.7870357143,0.3961388736
18.65992685,1400,0.9299101561,0.3473313631,0.7870357143,0.4413158854
10.53598666,1400,0.3582204435,0.3641156124,0.7870357143,0.4626417909
14.19971958,1400,0.7896337389,0.370502909,0.7870357143,0.4707574285
22.52697079,1400,0.7143965574,0.3521198412,0.7870357143,0.4474000796
4.727156904,1400,0.5096095539,0.3483954657,0.7870357143,0.442667924
13.52770077,1400,0.2858667845,0.3608033852,0.7870357143,0.458433307
13.86347203,1400,0.8446403474,0.3746408013,0.7870357143,0.4760149946
12.06496681,1400,0.7272217183,0.3848274078,0.7870357143,0.4889579987
17.3135375,1400,0.7948415939,0.3497571165,0.7870357143,0.4443980243
23.23316349,1400,0.7202992336,0.3513912879,0.7870357143,0.4464743868
14.13623139,1400,0.6084987707,0.3674530125,0.7870357143,0.4668822593
22.26695367,1400,0.5338358134,0.3557122678,0.7870357143,0.4519645822
13.43069182,1400,0.5523198889,0.3695080225,0.7870357143,0.4694933352
17.82590991,1400,0.1489032065,0.3592682701,0.7870357143,0.4564828045
21.63282351,1400,0.1850460502,0.3598059592,0.7870357143,0.4571659871
20.67957474,1400,0.5990678794,0.3552770312,0.7870357143,0.4514115748
18.59972795,1400,0.1237058966,0.3599484698,0.7870357143,0.4573470597
6.703416142,1400,0.07342369771,0.3070692041,0.7870357143,0.3901591739
16.14061666,1400,0.5371106089,0.3564788128,0.7870357143,0.4529385469
6.409108353,1400,0.6146881537,0.3896316335,0.7870357143,0.4950622017
9.112027875,1400,0.3412257904,0.3593280911,0.7870357143,0.4565588124
8.041118263,1400,0.342139075,0.3544695118,0.7870357143,0.4503855484
5.960163248,1400,0.2191984711,0.315818206,0.7870357143,0.4012755715
6.494819736,1400,0.2677924904,0.3305619268,0.7870357143,0.4200088011
16.11468943,1400,0.7353607734,0.3551158358,0.7870357143,0.4512067615
17.56029391,1400,0.3932000506,0.3570791272,0.7870357143,0.4537013006
22.77765637,1400,0.1717242977,0.3591673558,0.7870357143,0.4563545837
17.15503263,1400,0.3260554853,0.3573324887,0.7870357143,0.4540232194
16.28117568,1400,0.7945796298,0.3532232618,0.7870357143,0.4488020751
15.73807996,1400,0.03345297686,0.3569670174,0.7870357143,0.453558855
5.154073891,1400,0.7738196072,0.4265574491,0.7870357143,0.5419797874
9.416817632,1400,0.3115422035,0.3574117675,0.7870357143,0.4541239502
10.75882266,1400,0.05770702843,0.3421658722,0.7870357143,0.4347526624
8.606685751,1400,0.6695144358,0.3985849709,0.7870357143,0.506438226
6.243674133,1400,0.9094670801,0.4647911689,0.7870357143,0.5905591837
22.25294859,1400,0.2897705566,0.3587287627,0.7870357143,0.4557973116
14.48043242,1400,0.6523736608,0.366192692,0.7870357143,0.4652809083
14.5438566,1400,0.06880311339,0.3555593162,0.7870357143,0.4517702434
18.96430223,1400,0.4702179086,0.357116433,0.7870357143,0.453748701
13.90126268,1400,0.4766028504,0.3655387001,0.7870357143,0.4644499525
7.324918345,1400,0.641345977,0.3964309803,0.7870357143,0.5037013863
6.848393988,1400,0.001280066607,0.3003621592,0.7870357143,0.3816372672
7.141101298,1400,0.6786804598,0.4034008616,0.7870357143,0.5125572502
18.41727286,1400,0.07248901835,0.3599802993,0.7870357143,0.4573875019
23.6828913,1400,0.6029679396,0.3533097893,0.7870357143,0.4489120161
14.05638178,1400,0.2925379284,0.3606421673,0.7870357143,0.458228465
21.14857581,1400,0.004676797741,0.3604948341,0.7870357143,0.4580412649
5.817128541,1400,0.616414949,0.386896292,0.7870357143,0.491586703
5.467300752,1400,0.1946487753,0.3034935396,0.7870357143,0.385615969
13.10902414,1400,0.4704732438,0.3678855248,0.7870357143,0.4674318053
5.276040235,1400,0.1966085501,0.3000076931,0.7870357143,0.381186886
6.033761877,1400,0.3889793202,0.3440743963,0.7870357143,0.4371776148
22.77158947,1400,0.850251203,0.3486716603,0.7870357143,0.4430188541
18.67697636,1400,0.6107500342,0.3547277333,0.7870357143,0.4507136422
17.75360497,1400,0.9091175029,0.3472707525,0.7870357143,0.4412388741
14.67004957,1400,0.05863835253,0.3555621682,0.7870357143,0.4517738671
9.963878296,1400,0.7550684825,0.4019979288,0.7870357143,0.5107746974
15.88298047,1400,0.9498027866,0.3555224298,0.7870357143,0.4517233759
23.02943038,1400,0.7527386233,0.3508478762,0.7870357143,0.4457839331
23.38449473,1400,0.6167756957,0.3533556976,0.7870357143,0.4489703468
21.41966915,1400,0.4709172652,0.3571099249,0.7870357143,0.4537404319
11.56489725,1400,0.4868436827,0.3727150357,0.7870357143,0.4735681354
10.76521725,1400,0.02862007391,0.340092466,0.7870357143,0.4321182124
19.52649411,1400,0.3417273068,0.3588418939,0.7870357143,0.455941055
21.94617168,1400,0.5614207222,0.3554548671,0.7870357143,0.4516375313
17.78089806,1400,0.1755064988,0.3591011831,0.7870357143,0.4562705054
10.49547263,1400,0.7064594507,0.393682217,0.7870357143,0.500208834
8.735159371,1400,0.4381167021,0.368932545,0.7870357143,0.4687621391
11.40324717,1400,0.2280717779,0.3562923074,0.7870357143,0.452701575
15.18578596,1400,0.2760933,0.3591244523,0.7870357143,0.456300071
5.326287938,1400,0.400370805,0.3359957642,0.7870357143,0.4269129826
13.51490999,1400,0.5623363086,0.369438017,0.7870357143,0.4694043869
6.564797748,1400,0.8671587573,0.4490145599,0.7870357143,0.5705135762
21.09249659,1400,0.1416075662,0.3602158959,0.7870357143,0.4576868487
5.30166838,1400,0.5626347328,0.3696883166,0.7870357143,0.4697224152
5.688159823,1400,0.06150098317,0.2885877376,0.7870357143,0.3666768004
7.260184306,1400,0.03030819104,0.3094290839,0.7870357143,0.3931576144
20.89368536,1400,0.3563592709,0.3586862284,0.7870357143,0.4557432679
18.03769622,1400,0.2230339111,0.3590500231,0.7870357143,0.456205502
6.062234787,1400,0.5209953676,0.3686219946,0.7870357143,0.4683675568
19.53780471,1400,0.3421233722,0.3588405325,0.7870357143,0.4559393252
19.70229069,1400,0.6210450268,0.3548913031,0.7870357143,0.4509214723
13.46465631,1400,0.2335307058,0.359064096,0.7870357143,0.4562233829
14.55095317,1400,0.3170380098,0.3605753996,0.7870357143,0.4581436307
8.483631084,1400,0.8966070759,0.4351371987,0.7870357143,0.5528811346
11.09053784,1400,0.141638512,0.3496191325,0.7870357143,0.4442227032
15.37304553,1400,0.4205283234,0.3597760019,0.7870357143,0.4571279237
21.65897699,1400,0.9139300915,0.3477015228,0.7870357143,0.4417862068
17.30452079,1400,0.1120060567,0.3588725876,0.7870357143,0.4559800542
22.47006437,1400,0.7771425363,0.3507349476,0.7870357143,0.4456404471
12.69222301,1400,0.4311614828,0.3673440952,0.7870357143,0.4667438701
15.92876515,1400,0.2445793547,0.3580112463,0.7870357143,0.4548856422
23.44352224,1400,0.9220401771,0.3460751144,0.7870357143,0.4397197079
16.29526909,1400,0.4514068421,0.3563870546,0.7870357143,0.4528219598
17.42908193,1400,0.1694995826,0.3587764613,0.7870357143,0.4558579169
22.23428318,1400,0.223026374,0.3592497523,0.7870357143,0.456459276
11.25785007,1400,0.4725383708,0.3723704379,0.7870357143,0.4731302928
21.77321447,1400,0.409771512,0.3577525609,0.7870357143,0.454556959
18.47750589,1400,0.04714036909,0.3600638505,0.7870357143,0.4574936613
18.61536526,1400,0.09065195782,0.3600610349,0.7870357143,0.4574900838
21.43145368,1400,0.4677542486,0.3571494614,0.7870357143,0.4537906666
15.77513204,1400,0.6172537434,0.358091732,0.7870357143,0.4549879065
17.62289623,1400,0.5485076032,0.3549944689,0.7870357143,0.4510525538
10.55957435,1400,0.7607063295,0.3982391634,0.7870357143,0.5059988462
21.75342764,1400,0.1445540579,0.359946782,0.7870357143,0.4573449152
14.98189849,1400,0.8940081799,0.3646474861,0.7870357143,0.4633175846
11.91724682,1400,0.2889710144,0.3607272767,0.7870357143,0.4583366042
12.21198663,1400,0.3060939487,0.3618040358,0.7870357143,0.4597047239
15.35066225,1400,0.6361704481,0.3606579982,0.7870357143,0.4582485796
11.89752478,1400,0.2599902371,0.3590718814,0.7870357143,0.4562332749
19.65583636,1400,0.4900249892,0.3570475457,0.7870357143,0.4536611734
10.2962696,1400,0.4844566756,0.3745801296,0.7870357143,0.4759379058
10.31715332,1400,0.8055056252,0.4045232114,0.7870357143,0.5139832972
14.39140785,1400,0.6104717567,0.3660701063,0.7870357143,0.4651251521
15.14975306,1400,0.5498349311,0.3614028368,0.7870357143,0.4591949643
20.75193541,1400,0.5687834468,0.3557923031,0.7870357143,0.4520662743
8.684069069,1400,0.5107304784,0.3775990519,0.7870357143,0.4797737193
7.293003764,1400,0.5575895493,0.3820122072,0.7870357143,0.485381032
4.227453554,1400,0.4425425474,0.3214051213,0.7870357143,0.4083742522
15.05306371,1400,0.7063980899,0.3629222582,0.7870357143,0.4611255266
12.19906075,1400,0.215989341,0.357107183,0.7870357143,0.4537369481
13.99358977,1400,0.6485918943,0.3691298325,0.7870357143,0.4690128107
6.387936082,1400,0.261125471,0.3282197814,0.7870357143,0.4170328938
19.37184531,1400,0.3456237388,0.358761945,0.7870357143,0.4558394727
20.73804949,1400,0.2268868948,0.3598343626,0.7870357143,0.4572020761
10.90360108,1400,0.4890821084,0.37415429,0.7870357143,0.475396838
11.3297561,1400,0.6999999918,0.3880020104,0.7870357143,0.4929916183
10.93423342,1400,0.3185107032,0.3615977694,0.7870357143,0.4594426439
23.20385539,1400,0.4704215327,0.3559335344,0.7870357143,0.4522457214
20.99227149,1400,0.8581513203,0.3494941861,0.7870357143,0.4440639475
18.73899069,1400,0.7645638532,0.3516030648,0.7870357143,0.4467434684
14.70150157,1400,0.355999773,0.3609429791,0.7870357143,0.4586106737
10.01335801,1400,0.8611122912,0.4133768093,0.7870357143,0.5252325934
17.92421624,1400,0.2032049432,0.3590773944,0.7870357143,0.4562402797
23.95832414,1400,0.2675054878,0.3574283905,0.7870357143,0.4541450711
7.45315716,1400,0.6387590042,0.3959619662,0.7870357143,0.5031054615
7.93509208,1400,0.3825759973,0.3590315352,0.7870357143,0.4561820114
19.08122997,1400,0.1464331287,0.3600983636,0.7870357143,0.4575375134
21.66884479,1400,0.9263911743,0.3473431754,0.7870357143,0.441330894
9.467970338,1400,0.3610584923,0.3624322021,0.7870357143,0.4605028661
19.95346778,1400,0.6706756259,0.3539596489,0.7870357143,0.4497377215
11.16252932,1400,0.8258888204,0.3988361469,0.7870357143,0.5067573677
14.53623622,1400,0.9105054964,0.3692795911,0.7870357143,0.4692030926
17.58723056,1400,0.511346499,0.355538784,0.7870357143,0.4517441554
6.116225976,1400,0.8915260601,0.4605207599,0.7870357143,0.585133243
7.280625819,1400,0.1016128236,0.3181091194,0.7870357143,0.4041863839
17.0751181,1400,0.7675467266,0.3501157985,0.7870357143,0.4448537622
11.77678006,1400,0.3383754026,0.3634963855,0.7870357143,0.4618550072
5.016694918,1400,0.7298949622,0.4119015874,0.7870357143,0.5233581906
17.89420782,1400,0.6584515692,0.3532823298,0.7870357143,0.4488771264
6.481000335,1400,0.8346868034,0.440915259,0.7870357143,0.5602226824
9.960309089,1400,0.2674267944,0.3552363365,0.7870357143,0.4513598685
10.49286966,1400,0.7791460351,0.4004818493,0.7870357143,0.5088483814
21.04403329,1400,0.281517804,0.3593548804,0.7870357143,0.4565928507
9.186570831,1400,0.2846443761,0.3538242915,0.7870357143,0.4495657377
15.96410047,1400,0.6962787524,0.3564981496,0.7870357143,0.4529631161
20.08779728,1400,0.7733897342,0.3517330565,0.7870357143,0.4469086346
21.49035378,1400,0.1203711507,0.3601595799,0.7870357143,0.4576152942
8.722985863,1400,0.5740435936,0.3855611238,0.7870357143,0.4898902512
9.910783773,1400,0.08093231519,0.3390397655,0.7870357143,0.4307806613
16.2082623,1400,0.5941485672,0.3556886694,0.7870357143,0.4519345983
23.40953683,1400,0.7716111935,0.3500469586,0.7870357143,0.4447662949
19.02277984,1400,0.05833596539,0.3603376518,0.7870357143,0.4578415505
19.06014793,1400,0.5301727655,0.3562699823,0.7870357143,0.4526732088
22.14747644,1400,0.6269394885,0.3541609345,0.7870357143,0.4499934731
7.373556078,1400,0.107210034,0.3198730137,0.7870357143,0.4064275711
18.86961813,1400,0.3431387905,0.3585940389,0.7870357143,0.4556261328
6.309225402,1400,0.5204742574,0.3705221162,0.7870357143,0.470781833
17.16461748,1400,0.7307297184,0.3510454444,0.7870357143,0.4460349614
5.673905103,1400,0.5175880663,0.364112918,0.7870357143,0.4626383675
10.24261476,1400,0.7241056749,0.3969288828,0.7870357143,0.5043340163
20.78682421,1400,0.04754390709,0.3605507653,0.7870357143,0.4581123306
10.71792924,1400,0.07169570747,0.3429675098,0.7870357143,0.4357712154
6.209623784,1400,0.6053188526,0.3867790182,0.7870357143,0.4914376961
4.421578242,1400,0.6180320971,0.3708077637,0.7870357143,0.471144774
23.01245878,1400,0.3589987434,0.3574908932,0.7870357143,0.4542244866
9.924764011,1400,0.1911760254,0.348491743,0.7870357143,0.442790253
5.117853461,1400,0.3134700701,0.3162157548,0.7870357143,0.4017806931
21.38763499,1400,0.6834666715,0.3534401149,0.7870357143,0.4490776066
17.80307135,1400,0.5670732566,0.3548595299,0.7870357143,0.4508811017
10.95074062,1400,0.5001957687,0.3749040501,0.7870357143,0.476349476
16.43778106,1400,0.7952713075,0.3519248753,0.7870357143,0.4471523578
23.45536539,1400,0.1895827966,0.3584798078,0.7870357143,0.4554809919
9.672859522,1400,0.7763954407,0.4065321829,0.7870357143,0.516535877
20.88726984,1400,0.3088480957,0.3591556093,0.7870357143,0.4563396588
13.59060684,1400,0.4237129739,0.3650121107,0.7870357143,0.4637808731
20.43544705,1400,0.1867621303,0.3601170915,0.7870357143,0.4575613088
17.70523725,1400,0.8240322993,0.3494484841,0.7870357143,0.444005879
22.55890554,1400,0.8360695202,0.3492109154,0.7870357143,0.4437040264
11.83976877,1400,0.09822721424,0.3496651128,0.7870357143,0.4442811254
5.055218669,1400,0.04067676618,0.2722145999,0.7870357143,0.3458732494
21.41438411,1400,0.3666071769,0.3584129688,0.7870357143,0.455396067
11.57417812,1400,0.81323334,0.3941629896,0.7870357143,0.5008196991
17.46978974,1400,0.2609372113,0.3582476024,0.7870357143,0.455185954
18.99617056,1400,0.03016243947,0.3603625373,0.7870357143,0.4578731699
15.76973319,1400,0.2705713018,0.3582770807,0.7870357143,0.4552234088
12.64044673,1400,0.5882831853,0.3744547341,0.7870357143,0.4757785794
18.49693036,1400,0.4435690318,0.3572278617,0.7870357143,0.4538902813
14.82531217,1400,0.3668181522,0.3608218739,0.7870357143,0.4584567985
23.19277732,1400,0.7789215698,0.3500833027,0.7870357143,0.4448124733
20.36750234,1400,0.6000322946,0.3552995182,0.7870357143,0.4514401466
14.31912648,1400,0.6189426397,0.3666220491,0.7870357143,0.4658264453
23.12827896,1400,0.3177092132,0.3578089302,0.7870357143,0.4546285812
7.583657041,1400,0.920234273,0.4509242038,0.7870357143,0.5729399513
13.02531329,1400,0.2448343528,0.35930213,0.7870357143,0.4565258266
21.05781957,1400,0.4198703256,0.3579120687,0.7870357143,0.4547596281
17.19629735,1400,0.7361928619,0.3509634569,0.7870357143,0.4459307888
5.944666874,1400,0.4993845476,0.3632951353,0.7870357143,0.4615993007
6.651766016,1400,0.5370309082,0.3758157893,0.7870357143,0.477507923
18.38165094,1400,0.5566366631,0.3554860109,0.7870357143,0.4516771024
7.518985541,1400,0.02436367089,0.311988472,0.7870357143,0.3964095483
8.441578906,1400,0.6397506158,0.394841371,0.7870357143,0.5016816439
19.00659478,1400,0.01801552922,0.3603756319,0.7870357143,0.4578898077
13.2915901,1400,0.6292484863,0.3727057019,0.7870357143,0.473556276
20.48919772,1400,0.2387354569,0.3597867815,0.7870357143,0.4571416201
4.33862681,1400,0.001462370512,0.2476646738,0.7870357143,0.3146803497
6.093654888,1400,0.2809952089,0.3272319276,0.7870357143,0.4157777362
5.801233178,1400,0.587533583,0.3802933371,0.7870357143,0.4831970522
13.47076644,1400,0.1176542361,0.3550182168,0.7870357143,0.4510827277
11.41353368,1400,0.09087683953,0.3475595008,0.7870357143,0.4416057549
14.49083869,1400,0.6673425658,0.3663446887,0.7870357143,0.4654740338
14.9012167,1400,0.09562977733,0.3566411632,0.7870357143,0.4531448277
13.82827765,1400,0.6652197268,0.3705468358,0.7870357143,0.4708132415
16.75494253,1400,0.490801147,0.3548448823,0.7870357143,0.4508624905
11.95929211,1400,0.08284716016,0.3492206828,0.7870357143,0.4437164368
17.18780409,1400,0.4140672959,0.3564207417,0.7870357143,0.4528647623
12.0343597,1400,0.3238998756,0.3627141797,0.7870357143,0.4608611441
7.201779517,1400,0.2553699916,0.3366824104,0.7870357143,0.4277854287
11.73920053,1400,0.2949996062,0.360928929,0.7870357143,0.4585928217
9.289047063,1400,0.7284614998,0.4032619496,0.7870357143,0.5123807501
5.090919978,1400,0.4551630397,0.3429360028,0.7870357143,0.435731183
9.577331188,1400,0.7153963083,0.4000169966,0.7870357143,0.5082577441
23.72600274,1400,0.8951694576,0.3465332985,0.7870357143,0.4403018722
10.81989463,1400,0.5273506056,0.3772555812,0.7870357143,0.4793373088
8.789326386,1400,0.3880201835,0.3633133924,0.7870357143,0.4616224979
16.24761444,1400,0.634334342,0.3551014885,0.7870357143,0.4511885319
7.585947921,1400,0.6551867343,0.3987026636,0.7870357143,0.5065877651
8.416184443,1400,0.4459514708,0.3690628711,0.7870357143,0.4689277302
15.25075885,1400,0.319757893,0.3594225212,0.7870357143,0.4566787945
19.69235714,1400,0.9349417734,0.3475165377,0.7870357143,0.4415511664
19.13398953,1400,0.3804582236,0.3583105147,0.7870357143,0.4552658898
8.579597419,1400,0.6180062877,0.3915439273,0.7870357143,0.4974919437
21.47784284,1400,0.8465476435,0.3496100926,0.7870357143,0.4442112172
13.94078201,1400,0.6511776597,0.3695110893,0.7870357143,0.469497232
7.216865574,1400,0.1094737575,0.3182950409,0.7870357143,0.4044226141
23.0981495,1400,0.5778428684,0.3543284202,0.7870357143,0.4502062788
12.64279808,1400,0.6230189527,0.3759969163,0.7870357143,0.4777380613
20.29825038,1400,0.3877919862,0.3584206308,0.7870357143,0.4554058022
6.256294811,1400,0.9316812773,0.4717629719,0.7870357143,0.5994174893
10.71459541,1400,0.6330873237,0.3861279618,0.7870357143,0.4906104701
17.95441012,1400,0.2943169217,0.3584421725,0.7870357143,0.4554331729
10.84565574,1400,0.3664040893,0.365012586,0.7870357143,0.4637814769
22.05653215,1400,0.05529456139,0.3600497055,0.7870357143,0.4574756888
14.28020607,1400,0.3620707075,0.3619127488,0.7870357143,0.4598428536
21.94669426,1400,0.6652695083,0.35353396,0.7870357143,0.4491968453
8.129213993,1400,0.3252176449,0.3529012873,0.7870357143,0.4483929775
15.80762849,1400,0.1553909576,0.3578312457,0.7870357143,0.4546569351
22.19975963,1400,0.5664575764,0.3552159703,0.7870357143,0.4513339913
8.264446441,1400,0.8633273536,0.4315790792,0.7870357143,0.5483602222
7.922717494,1400,0.05452050806,0.3199473924,0.7870357143,0.406522076
7.510015031,1400,0.7139017336,0.4092838637,0.7870357143,0.5200321361
19.03584171,1400,0.5667732399,0.3556653673,0.7870357143,0.4519049908
6.036930191,1400,0.2459133085,0.3210248351,0.7870357143,0.4078910643
8.112077837,1400,0.7508527123,0.4132024169,0.7870357143,0.5250110121
20.77072286,1400,0.1403326014,0.3602970415,0.7870357143,0.4577899515
5.383042792,1400,0.9285628589,0.4822334991,0.7870357143,0.6127212404
8.085142185,1400,0.6150067668,0.3917803996,0.7870357143,0.4977924032
6.672781191,1400,0.1224074396,0.3128866959,0.7870357143,0.397550823
11.40219812,1400,0.5832616978,0.3795036084,0.7870357143,0.4821936305
7.506344606,1400,0.8346768882,0.4330290098,0.7870357143,0.5502024901
20.69819671,1400,0.1546252317,0.3602474702,0.7870357143,0.4577269667
5.166416404,1400,0.5057716161,0.3549975889,0.7870357143,0.451056518
13.39832221,1400,0.6232095788,0.3719132688,0.7870357143,0.4725494181
11.88866699,1400,0.2927175878,0.3609170005,0.7870357143,0.4585776655
23.11683345,1400,0.1200059332,0.3591119264,0.7870357143,0.4562841557
14.54000536,1400,0.3381719497,0.3609665612,0.7870357143,0.4586406368
5.70347359,1400,0.5550096676,0.3723342458,0.7870357143,0.4730843074
17.93495393,1400,0.892967991,0.3478671297,0.7870357143,0.4419966252
20.37717873,1400,0.4638661103,0.3574564592,0.7870357143,0.454180735
22.3579364,1400,0.7534236837,0.3513704221,0.7870357143,0.4464478749
21.73283846,1400,0.7571152687,0.3516711028,0.7870357143,0.4468299169
19.60103424,1400,0.1689805978,0.3601543518,0.7870357143,0.4576086514
23.01200038,1400,0.8958196601,0.347233354,0.7870357143,0.441191356
20.89209156,1400,0.2801844841,0.3594041883,0.7870357143,0.4566555009
5.417905102,1400,0.0158647801,0.2769742322,0.7870357143,0.3519207924
7.312415112,1400,0.4604402612,0.3666807653,0.7870357143,0.4659010496
5.991341214,1400,0.6114927295,0.3868957447,0.7870357143,0.4915860077
12.03583668,1400,0.5002348331,0.3723293795,0.7870357143,0.4730781244
16.53692543,1400,0.6502173177,0.3530864471,0.7870357143,0.4486282398
10.85119606,1400,0.3702799055,0.3653033207,0.7870357143,0.4641508817
12.89825891,1400,0.1704444523,0.3560782044,0.7870357143,0.4524295377
22.21666821,1400,0.5860006995,0.3548657902,0.7870357143,0.450889056
9.953348393,1400,0.4458260437,0.371230149,0.7870357143,0.4716814527
8.442089311,1400,0.6524516294,0.3966532167,0.7870357143,0.5039837577
20.05154525,1400,0.1595673387,0.3602597431,0.7870357143,0.4577425606
13.00371468,1400,0.8076702417,0.3812414719,0.7870357143,0.4844017431
8.881374542,1400,0.6906604875,0.4004318858,0.7870357143,0.5087848982
4.510032498,1400,0.3022562482,0.3002937935,0.7870357143,0.3815504024
17.8233955,1400,0.6162400834,0.3540178209,0.7870357143,0.4498116342
7.355438319,1400,0.7426605922,0.4152862943,0.7870357143,0.5276587667
5.738517772,1400,0.4510996444,0.351657929,0.7870357143,0.4468131783
9.899228743,1400,0.8761376108,0.4163316175,0.7870357143,0.5289869442
20.98425452,1400,0.3454591189,0.3587773331,0.7870357143,0.4558590247
12.3878528,1400,0.7688822484,0.3846432464,0.7870357143,0.4887240051
11.79519156,1400,0.3524414193,0.3643178136,0.7870357143,0.4628987059
21.79521276,1400,0.8002070765,0.3506156304,0.7870357143,0.4454888439
17.50162956,1400,0.8597861286,0.3483452207,0.7870357143,0.4426040831
19.64821309,1400,0.7336514862,0.3525987811,0.7870357143,0.448008616
6.228532233,1400,0.5492354439,0.3754792592,0.7870357143,0.4770803312
18.35215203,1400,0.4329375393,0.3572704578,0.7870357143,0.4539444034
9.615885661,1400,0.3039556977,0.3573724798,0.7870357143,0.4540740316
16.62685965,1400,0.2669638462,0.3571365196,0.7870357143,0.4537742229
18.65163057,1400,0.2630587086,0.359191163,0.7870357143,0.4563848329
13.53044046,1400,0.4229934887,0.3651390542,0.7870357143,0.4639421663
19.64039106,1400,0.2030626022,0.3599764837,0.7870357143,0.4573826539
19.39145436,1400,0.4982785197,0.356866729,0.7870357143,0.4534314295
4.34396306,1400,0.4261464843,0.3208438977,0.7870357143,0.4076611669
8.855406839,1400,0.4433533905,0.3698015222,0.7870357143,0.4698662532
22.20534356,1400,0.1723379502,0.35956555,0.7870357143,0.4568605255
5.744977121,1400,0.07104010279,0.2909652196,0.7870357143,0.3696976063
17.82262223,1400,0.5571279831,0.3550421672,0.7870357143,0.4511131589
5.860938194,1400,0.8807359337,0.4594696531,0.7870357143,0.5837977169
15.04242478,1400,0.5484916498,0.3619206705,0.7870357143,0.4598529189
13.88604752,1400,0.3892507758,0.3633616899,0.7870357143,0.4616838643
22.86382807,1400,0.9165471425,0.3467836509,0.7870357143,0.4406199676
4.999602731,1400,0.3840175408,0.3269434338,0.7870357143,0.4154111788
19.33840099,1400,0.3804796386,0.3583795984,0.7870357143,0.4553536668
10.00505835,1400,0.2244788974,0.3516982619,0.7870357143,0.446864425
6.571235522,1400,0.3030405866,0.3366891315,0.7870357143,0.4277939684
9.42189578,1400,0.654291512,0.3936733348,0.7870357143,0.5001975484
15.4121678,1400,0.3635133638,0.3593663905,0.7870357143,0.4566074753
12.07033384,1400,0.921779201,0.3962506892,0.7870357143,0.50347231
20.08824069,1400,0.7104267558,0.3531405021,0.7870357143,0.4486969214
22.49284462,1400,0.04153201787,0.3597911068,0.7870357143,0.4571471158
9.074451649,1400,0.7622872885,0.4090268853,0.7870357143,0.5197056219
15.12295222,1400,0.4223091221,0.3605964084,0.7870357143,0.4581703243
12.45204215,1400,0.2388132212,0.358593803,0.7870357143,0.455625833
16.35022998,1400,0.1765534556,0.3576790385,0.7870357143,0.4544635421
18.5741237,1400,0.923897146,0.347454812,0.7870357143,0.4414727384
10.57841998,1400,0.5108308589,0.3764293471,0.7870357143,0.4782875037
5.448676022,1400,0.6799365598,0.4001788493,0.7870357143,0.5084633925
5.407092246,1400,0.8071027622,0.4375585951,0.7870357143,0.5559577376
18.6827813,1400,0.7159876335,0.3526509852,0.7870357143,0.448074946
10.98755925,1400,0.819815755,0.3999335299,0.7870357143,0.508151692
21.59545406,1400,0.2887435682,0.3590945656,0.7870357143,0.4562620973
10.20864486,1400,0.1132426715,0.343443648,0.7870357143,0.436376192
4.55483097,1400,0.6793937924,0.3914602749,0.7870357143,0.4973856559
20.13577156,1400,0.7211224819,0.3529102917,0.7870357143,0.4484044184
16.28570837,1400,0.1612014743,0.357740736,0.7870357143,0.4545419343
17.02551086,1400,0.4814565572,0.3553378505,0.7870357143,0.4514888512
19.90914257,1400,0.1378162946,0.3603433718,0.7870357143,0.4578488184
22.07608561,1400,0.3451214534,0.3583140221,0.7870357143,0.4552703462
8.477019841,1400,0.5506278984,0.3825988713,0.7870357143,0.4861264417
11.49778764,1400,0.8547778917,0.3978438706,0.7870357143,0.505496591
17.44838834,1400,0.8138808816,0.3494439775,0.7870357143,0.4440001529
20.78936197,1400,0.1463832754,0.360267989,0.7870357143,0.4577530377
16.97357927,1400,0.2884503585,0.3574417241,0.7870357143,0.4541620127
17.71042022,1400,0.6303132074,0.3536542773,0.7870357143,0.4493497193
22.67671262,1400,0.06238739061,0.3596255328,0.7870357143,0.456936739
19.60525544,1400,0.211099243,0.359920481,0.7870357143,0.4573114974
16.52567615,1400,0.5606517499,0.3542610822,0.7870357143,0.4501207198
14.30242252,1400,0.5258351448,0.3650423983,0.7870357143,0.4638193562
16.97114454,1400,0.6786052124,0.3518978578,0.7870357143,0.4471180296
17.38677661,1400,0.8321033166,0.348928829,0.7870357143,0.4433456101
13.7188465,1400,0.7644652001,0.3738618706,0.7870357143,0.4750252928
10.82740334,1400,0.9301021324,0.4114744398,0.7870357143,0.522815461
17.38802193,1400,0.5635537382,0.354503849,0.7870357143,0.450429177
10.95223506,1400,0.5641635329,0.3797276502,0.7870357143,0.4824782958
21.26909867,1400,0.6073647801,0.3549654385,0.7870357143,0.4510156681
21.02950335,1400,0.5879565429,0.3553922888,0.7870357143,0.4515580199
6.365861641,1400,0.6014743139,0.3867442169,0.7870357143,0.4913934779
16.80611403,1400,0.5389165206,0.3541886713,0.7870357143,0.4500287152
10.93674603,1400,0.5301413057,0.3771874935,0.7870357143,0.4792507972
18.67079579,1400,0.8212941767,0.3502155473,0.7870357143,0.4449805021
17.05717311,1400,0.08452883856,0.3586535882,0.7870357143,0.4557017956
7.6382933,1400,0.3971985562,0.3593440849,0.7870357143,0.4565791341
10.82339325,1400,0.3670037668,0.3650432889,0.7870357143,0.4638204878
6.388469545,1400,0.4923409198,0.3659376128,0.7870357143,0.4649568072
14.14737701,1400,0.2004800389,0.3583044282,0.7870357143,0.4552581562
11.21696089,1400,0.3846018963,0.3664038859,0.7870357143,0.4655492493
5.003087886,1400,0.242812108,0.3016613096,0.7870357143,0.3832879552
18.22430089,1400,0.8506701056,0.3492012708,0.7870357143,0.4436917721
10.81174683,1400,0.4972801752,0.374937087,0.7870357143,0.4763914524
7.011612778,1400,0.3578208116,0.3492313455,0.7870357143,0.4437299847
12.0075712,1400,0.5526802032,0.3753208277,0.7870357143,0.4768790296
4.8377847,1400,0.6552595017,0.3878949846,0.7870357143,0.4928556323
10.60830684,1400,0.1092875586,0.3451941043,0.7870357143,0.438600305
13.16262066,1400,0.5056716864,0.3689971461,0.7870357143,0.4688442206
10.18387424,1400,0.01371752682,0.3353182171,0.7870357143,0.4260520977
6.063113685,1400,0.6628682987,0.3988384428,0.7870357143,0.5067602849
15.00030636,1400,0.2677144606,0.3592485061,0.7870357143,0.4564576926
18.55250724,1400,0.6163353092,0.3545556728,0.7870357143,0.4504950238
21.76798291,1400,0.6915992154,0.3530922983,0.7870357143,0.4486356742
23.64976387,1400,0.5197745913,0.3547616654,0.7870357143,0.450756756
18.61871526,1400,0.4631891277,0.3570387594,0.7870357143,0.4536500097
14.10118019,1400,0.613588846,0.3677515515,0.7870357143,0.4672615802
4.222395651,1400,0.1198844635,0.2613016168,0.7870357143,0.3320073182
23.73054459,1400,0.5081883266,0.3548576914,0.7870357143,0.4508787657
13.70655107,1400,0.6252658935,0.3702470531,0.7870357143,0.4704323404
8.250699842,1400,0.1441949118,0.3329310908,0.7870357143,0.4230190381
7.749201051,1400,0.7105582012,0.4079119585,0.7870357143,0.5182890066
5.019789113,1400,0.7601338921,0.4216189474,0.7870357143,0.5357049747
14.41203704,1400,0.6252905978,0.3661911651,0.7870357143,0.4652789682
6.452390993,1400,0.3249529504,0.3386429914,0.7870357143,0.430276524
21.42045653,1400,0.00163623269,0.3604013871,0.7870357143,0.457922532
16.43784529,1400,0.7685650788,0.3522694767,0.7870357143,0.447590205
10.71959617,1400,0.5112673132,0.3762030793,0.7870357143,0.47800001
15.08231653,1400,0.09371703438,0.3568226616,0.7870357143,0.4533754379
20.25657935,1400,0.5129462758,0.3567503012,0.7870357143,0.4532834974
21.04440277,1400,0.9006337404,0.3483347057,0.7870357143,0.4425907229
20.49569156,1400,0.02107883895,0.3606185238,0.7870357143,0.4581984238
19.09899547,1400,0.3826014943,0.3582730198,0.7870357143,0.4552182491
22.94147924,1400,0.9461833077,0.3458582308,0.7870357143,0.4394441377
7.848948822,1400,0.3036252521,0.34840597,0.7870357143,0.4426812706
23.03427513,1400,0.693230265,0.35215763,0.7870357143,0.4474480937
15.69006561,1400,0.6204773914,0.3585924973,0.7870357143,0.4556241741
16.9853141,1400,0.2648915325,0.3576465651,0.7870357143,0.4544222818
10.59365317,1400,0.8609963543,0.407445759,0.7870357143,0.517696658
17.966679,1400,0.1009220249,0.3595668726,0.7870357143,0.456862206
14.78640374,1400,0.1740660327,0.3579295988,0.7870357143,0.4547819016
15.77170694,1400,0.0101265756,0.3568169755,0.7870357143,0.4533682132
5.324692095,1400,0.08445971615,0.2843917642,0.7870357143,0.3613454371
12.59303464,1400,0.7401594262,0.3816600649,0.7870357143,0.4849336033
16.47881424,1400,0.4786830815,0.3553838971,0.7870357143,0.4515473576
11.71621973,1400,0.8897152859,0.3980709019,0.7870357143,0.5057850548
14.45993112,1400,0.4716230733,0.3634648764,0.7870357143,0.4618149721
8.146182423,1400,0.3339861702,0.3540706674,0.7870357143,0.4498787806
19.54499062,1400,0.8580221147,0.3495926193,0.7870357143,0.4441890158
22.51134492,1400,0.2585622954,0.3588093615,0.7870357143,0.4558997196
9.189553433,1400,0.1139847119,0.3371864362,0.7870357143,0.428425839
23.28488511,1400,0.8571212824,0.3480248056,0.7870357143,0.4421969668
12.8098535,1400,0.8741652469,0.3858404125,0.7870357143,0.4902451128
15.91058237,1400,0.6488104771,0.3571266863,0.7870357143,0.4537617287
23.85892638,1400,0.457874032,0.355455844,0.7870357143,0.4516387726
6.33510775,1400,0.2300737449,0.322968436,0.7870357143,0.4103605848
10.73893832,1400,0.7908173046,0.3995680342,0.7870357143,0.5076872968
16.14631011,1400,0.427856208,0.3571011297,0.7870357143,0.4537292567
17.69977747,1400,0.7987773,0.3500580618,0.7870357143,0.4447804026
20.69438744,1400,0.7566697731,0.3520596828,0.7870357143,0.4473236429
17.27281106,1400,0.3604489264,0.3571272119,0.7870357143,0.4537623966
23.89638415,1400,0.3315038473,0.3569194985,0.7870357143,0.4534984779
16.70330209,1400,0.0699837232,0.358210184,0.7870357143,0.4551384105
19.83492654,1400,0.6872978194,0.3536118546,0.7870357143,0.4492958175
16.45464955,1400,0.8899406668,0.350506279,0.7870357143,0.445349903
22.10898083,1400,0.3106503611,0.3586311372,0.7870357143,0.4556732695
17.76495402,1400,0.036378768,0.3595150406,0.7870357143,0.4567963488
8.240298583,1400,0.03048299313,0.3206867934,0.7870357143,0.4074615518
19.98873616,1400,0.8675091932,0.3493914046,0.7870357143,0.4439333543
5.299344755,1400,0.09863484529,0.285865496,0.7870357143,0.3632179466
6.635347008,1400,0.5062578202,0.3702103537,0.7870357143,0.4703857105
18.07421275,1400,0.6261964051,0.3540452827,0.7870357143,0.449846527
8.451046755,1400,0.2488159049,0.3460072575,0.7870357143,0.4396334896
4.622145196,1400,0.5961972882,0.3682871019,0.7870357143,0.4679420454
9.802451787,1400,0.8110831248,0.4095660137,0.7870357143,0.5203906331
12.33129684,1400,0.6876532275,0.3809019463,0.7870357143,0.4839703452
13.73218637,1400,0.3084832533,0.3613636827,0.7870357143,0.4591452156
19.3164291,1400,0.5730933084,0.3556568039,0.7870357143,0.4518941104
10.38467709,1400,0.7707697159,0.4005158908,0.7870357143,0.5088916341
11.86233459,1400,0.1616316111,0.3533968604,0.7870357143,0.4490226478
15.72662353,1400,0.5266173546,0.3585464755,0.7870357143,0.4555656992
4.251494861,1400,0.3435475279,0.3011295236,0.7870357143,0.382612273
13.8710123,1400,0.0959053113,0.3550515759,0.7870357143,0.4511251134
4.490015271,1400,0.7489065294,0.4140568499,0.7870357143,0.5260966465
5.985945461,1400,0.5756840158,0.3791383159,0.7870357143,0.4817294934
19.67515874,1400,0.7708456556,0.3517609825,0.7870357143,0.4469441172
22.20776428,1400,0.7134366135,0.3523657987,0.7870357143,0.4477125908
21.00318205,1400,0.3847064717,0.3583474019,0.7870357143,0.4553127583
5.898271413,1400,0.2519759194,0.3198242138,0.7870357143,0.4063655663
23.93473324,1400,0.6223366025,0.3526754767,0.7870357143,0.4481060647
11.70982131,1400,0.04537535672,0.3460176789,0.7870357143,0.4396467309
15.16151573,1400,0.4218401534,0.3604692304,0.7870357143,0.4580087331
12.40865908,1400,0.4653499562,0.3695576867,0.7870357143,0.4695564382
19.18897302,1400,0.8202604276,0.3504605768,0.7870357143,0.4452918342
6.037746707,1400,0.1189714388,0.3027316561,0.7870357143,0.3846479272
16.94123451,1400,0.5571532217,0.3540751921,0.7870357143,0.4498845295
5.307721529,1400,0.1204080904,0.2891863943,0.7870357143,0.3674374479
9.004105848,1400,0.3367777045,0.3584606397,0.7870357143,0.455456637
22.76490859,1400,0.2808013705,0.3584413789,0.7870357143,0.4554321646
7.801079111,1400,0.5733269385,0.3854535816,0.7870357143,0.4897536092
5.697539767,1400,0.6730527969,0.3997626446,0.7870357143,0.5079345668
10.68027377,1400,0.4720550885,0.3731492138,0.7870357143,0.4741197979
14.36019725,1400,0.5702280249,0.3655619789,0.7870357143,0.4644795303
22.77888885,1400,0.9044195618,0.3471985679,0.7870357143,0.4411471572
20.96411614,1400,0.4258992256,0.3578618213,0.7870357143,0.4546957842
21.1106042,1400,0.6463874703,0.3542847658,0.7870357143,0.4501508119
20.61747904,1400,0.4102925525,0.3581254504,0.7870357143,0.4550307488
9.522685588,1400,0.4170458731,0.3681046314,0.7870357143,0.4677102
18.30091067,1400,0.09033801833,0.3598577652,0.7870357143,0.4572318113
16.25879267,1400,0.170978409,0.3577383681,0.7870357143,0.4545389257
6.059272545,1400,0.3408351542,0.3363079417,0.7870357143,0.4273096324
21.31175242,1400,0.6677632636,0.3537905248,0.7870357143,0.449522834
14.68567807,1400,0.04654687948,0.3553309172,0.7870357143,0.4514800418
4.501158111,1400,0.479872245,0.3367535035,0.7870357143,0.4278757588
20.14754623,1400,0.6092225015,0.3551419812,0.7870357143,0.4512399815
17.41321792,1400,0.4645280776,0.3560279836,0.7870357143,0.4523657277
9.986334418,1400,0.1414700718,0.3445736776,0.7870357143,0.4378119967
14.63801456,1400,0.6626372295,0.3653324627,0.7870357143,0.4641879092
20.41143758,1400,0.08874293403,0.3605160015,0.7870357143,0.45806816
8.73646202,1400,0.945619578,0.4405177983,0.7870357143,0.5597176726
15.27082456,1400,0.1614402357,0.3578521366,0.7870357143,0.4546834789
21.81824542,1400,0.1108723056,0.3600419072,0.7870357143,0.4574657803
15.45807689,1400,0.06492834954,0.3568908886,0.7870357143,0.4534621265
19.85488293,1400,0.2965866193,0.3593237989,0.7870357143,0.4565533589
16.75943403,1400,0.681358639,0.3515604466,0.7870357143,0.4466893182
6.861685461,1400,0.1682917151,0.3213615075,0.7870357143,0.4083188369
6.815712394,1400,0.4306213026,0.3587859593,0.7870357143,0.455869985
13.57273307,1400,0.9017384987,0.3790369451,0.7870357143,0.4816006926
12.51019651,1400,0.7184064098,0.3812288693,0.7870357143,0.4843857304
9.766042007,1400,0.5293348673,0.3793615049,0.7870357143,0.4820130752
22.14394395,1400,0.8856433021,0.3481970911,0.7870357143,0.4424158711
10.0255326,1400,0.4869157163,0.3750230911,0.7870357143,0.4765007284
4.551332643,1400,0.2982400979,0.3006221027,0.7870357143,0.3819675489
20.79650341,1400,0.6954152325,0.3533805582,0.7870357143,0.4490019344
18.92899239,1400,0.9369633676,0.3472558775,0.7870357143,0.4412199742
5.627924135,1400,0.7848042505,0.4302948569,0.7870357143,0.5467285018
22.0548993,1400,0.2174585226,0.3593946323,0.7870357143,0.4566433591
12.90492453,1400,0.4124069396,0.3661299408,0.7870357143,0.4652011772
11.05403458,1400,0.2750317497,0.3587106745,0.7870357143,0.4557743289
21.90900547,1400,0.686689273,0.3531173779,0.7870357143,0.4486675401
21.13205322,1400,0.7964359903,0.3510041209,0.7870357143,0.4459824562
22.27227417,1400,0.7547728896,0.3513989517,0.7870357143,0.4464841244
9.949821358,1400,0.2876506046,0.356971351,0.7870357143,0.4535643612
9.288206844,1400,0.4758074919,0.3739690613,0.7870357143,0.4751614882
19.28034283,1400,0.8642297289,0.3493681616,0.7870357143,0.4439038219
23.43941217,1400,0.7955553617,0.3494401017,0.7870357143,0.4439952283
10.51496843,1400,0.4750764751,0.3735698906,0.7870357143,0.4746543057
22.6695814,1400,0.7903214827,0.3502650114,0.7870357143,0.4450433507
22.86857147,1400,0.06175191844,0.3594775739,0.7870357143,0.4567487439
19.21337921,1400,0.3051930677,0.3590978042,0.7870357143,0.4562662122
22.01618347,1400,0.7892014427,0.3507541817,0.7870357143,0.4456648858
9.086072379,1400,0.4976197296,0.3762828044,0.7870357143,0.478101308
13.57426297,1400,0.9299973724,0.3798623158,0.7870357143,0.4826494006
19.05335932,1400,0.7614696019,0.3518128629,0.7870357143,0.4470100359
14.37307162,1400,0.8534833785,0.3700577675,0.7870357143,0.4701918361
23.1986406,1400,0.05593763718,0.359207851,0.7870357143,0.4564060366
13.59811318,1400,0.2449066531,0.3594681118,0.7870357143,0.4567367214
17.63902177,1400,0.4703207356,0.3561820611,0.7870357143,0.4525614971
16.02784814,1400,0.8295037567,0.3550359692,0.7870357143,0.4511052838
14.02663753,1400,0.7380225306,0.370849375,0.7870357143,0.4711976449
9.84252804,1400,0.4001511411,0.3669025073,0.7870357143,0.4661827928
11.11302092,1400,0.9433684034,0.4091839592,0.7870357143,0.5199051984
20.17557276,1400,0.8884039091,0.3488315529,0.7870357143,0.4432220121
19.19892046,1400,0.7999487122,0.3509601467,0.7870357143,0.4459265829
15.04474406,1400,0.2110564,0.3584844889,0.7870357143,0.4554869397
15.32406835,1400,0.7566029737,0.3610957175,0.7870357143,0.4588047416
19.91023223,1400,0.02722372693,0.3606111771,0.7870357143,0.4581890892
14.48945606,1400,0.01322841821,0.3541118028,0.7870357143,0.4499310468
16.86270636,1400,0.7338242274,0.3505986163,0.7870357143,0.4454672258
10.10237018,1400,0.05326148459,0.3379653759,0.7870357143,0.4294155523
13.7518197,1400,0.1349870146,0.3560791801,0.7870357143,0.4524307775
16.54246611,1400,0.172971281,0.3576110581,0.7870357143,0.4543771669
22.22131552,1400,0.2179583046,0.3592911171,0.7870357143,0.4565118337
19.21680008,1400,0.6816662834,0.3535960136,0.7870357143,0.44927569
7.115453144,1400,0.03392801059,0.3079567411,0.7870357143,0.3912868699
13.87875951,1400,0.8830056397,0.3754181319,0.7870357143,0.4770026634
8.971016082,1400,0.9029556482,0.4304676368,0.7870357143,0.5469480343
21.95964886,1400,0.550908355,0.3556229033,0.7870357143,0.4518510366
10.45876267,1400,0.07754660846,0.3420057745,0.7870357143,0.4345492438
20.90941777,1400,0.04701996468,0.3605260044,0.7870357143,0.4580808696
17.82326179,1400,0.6702025123,0.352988349,0.7870357143,0.4485035972
8.65193403,1400,0.4076564077,0.3651334376,0.7870357143,0.4639350299
10.65578096,1400,0.1679953862,0.349800156,0.7870357143,0.4444527099
18.19819988,1400,0.643561317,0.3538123107,0.7870357143,0.449550515
18.60017882,1400,0.6541231081,0.3538697593,0.7870357143,0.4496235086
14.55420948,1400,0.4837202985,0.363308372,0.7870357143,0.461616119
21.78736376,1400,0.07867777536,0.3601477285,0.7870357143,0.4576002358
5.040014084,1400,0.5788193027,0.3701964359,0.7870357143,0.4703680267
23.93994146,1400,0.948955636,0.3447449617,0.7870357143,0.4380296287
18.52387125,1400,0.4918455867,0.3565793966,0.7870357143,0.4530663477
8.311778673,1400,0.2397807662,0.3440480523,0.7870357143,0.4371441423
14.07444569,1400,0.1781711478,0.3576879003,0.7870357143,0.4544748018
4.384873327,1400,0.5101502379,0.341311414,0.7870357143,0.4336669961
18.91610382,1400,0.7381343558,0.3522817064,0.7870357143,0.4476057439
6.605200946,1400,0.7665885242,0.4231900187,0.7870357143,0.5377011627
11.28003292,1400,0.9224027022,0.4054068022,0.7870357143,0.5151059791
17.3939957,1400,0.5253683703,0.3551225348,0.7870357143,0.4512152732
5.642631216,1400,0.7224196105,0.4124672486,0.7870357143,0.5240769143
22.52843522,1400,0.6714966198,0.3530223186,0.7870357143,0.4485467586
12.92523397,1400,0.1617443923,0.3557522214,0.7870357143,0.4520153469
15.70768175,1400,0.8878175806,0.3576020809,0.7870357143,0.4543657605
7.351186523,1400,0.4300164922,0.3623411446,0.7870357143,0.4603871693
12.41001045,1400,0.8746829732,0.3899167514,0.7870357143,0.4954244697
21.78026079,1400,0.3890784468,0.357995395,0.7870357143,0.4548655017
12.49222027,1400,0.04338778462,0.3490921865,0.7870357143,0.4435531706
6.26176978,1400,0.02316171254,0.2938733708,0.7870357143,0.3733926751
18.68367477,1400,0.085873262,0.3601124472,0.7870357143,0.4575554078
19.88121016,1400,0.5193907847,0.356639163,0.7870357143,0.4531422863
9.489837607,1400,0.09830953556,0.3378109158,0.7870357143,0.4292192968
17.15652846,1400,0.6790700905,0.35211766,0.7870357143,0.4473973082
22.27098858,1400,0.5236282425,0.355871849,0.7870357143,0.4521673446
4.692783293,1400,0.4339800183,0.3307857375,0.7870357143,0.4202931729
13.81586541,1400,0.1242412293,0.3558376002,0.7870357143,0.4521238283
13.60737827,1400,0.2769855376,0.3604864053,0.7870357143,0.4580305554
19.86978808,1400,0.485565492,0.3571423065,0.7870357143,0.4537815756
23.83563904,1400,0.2669715239,0.3575650881,0.7870357143,0.4543187578
20.71442826,1400,0.8227706544,0.3504725845,0.7870357143,0.4453070911
16.82192898,1400,0.7925996918,0.3492071991,0.7870357143,0.4436993046
23.48672365,1400,0.8962383315,0.3467593248,0.7870357143,0.440589059
15.274612,1400,0.03502096246,0.3562246491,0.7870357143,0.4526156089
7.643433642,1400,0.8248598659,0.4298946346,0.7870357143,0.5462199832
19.99678216,1400,0.1191639894,0.3604215401,0.7870357143,0.4579481383
19.065256,1400,0.2829123316,0.3592339088,0.7870357143,0.4564391454
13.90823381,1400,0.02091598861,0.3527722859,0.7870357143,0.4482290695
19.84239241,1400,0.4141244358,0.3580904782,0.7870357143,0.4549863134
4.72617176,1400,0.05155585551,0.265557024,0.7870357143,0.3374141976
22.53713279,1400,0.6693070509,0.3530603704,0.7870357143,0.4485951069
19.65288038,1400,0.005634502106,0.3605828379,0.7870357143,0.4581530817
8.308599127,1400,0.3410079989,0.35580845,0.7870357143,0.4520867904
19.14635143,1400,0.1101141951,0.3602601732,0.7870357143,0.457743107
19.77832314,1400,0.4285937136,0.3579020426,0.7870357143,0.454746889
21.23171112,1400,0.8592709327,0.3493820015,0.7870357143,0.4439214068
7.732618562,1400,0.909330103,0.446620193,0.7870357143,0.5674713166
4.19593003,1400,0.0196902686,0.245784645,0.7870357143,0.3122916032
22.63857313,1400,0.6480965812,0.3534069785,0.7870357143,0.4490355038
10.15762318,1400,0.3303762744,0.3612141031,0.7870357143,0.4589551612
19.85190515,1400,0.9044918701,0.3483868961,0.7870357143,0.4426570355
17.96151932,1400,0.6889141327,0.3527292358,0.7870357143,0.4481743705
12.55188782,1400,0.7632906636,0.3830663672,0.7870357143,0.4867204376
9.721255238,1400,0.01729106904,0.3323336562,0.7870357143,0.4222599434
23.25358265,1400,0.07461564302,0.3591220624,0.7870357143,0.4562970345
19.89077935,1400,0.9259606765,0.3477896115,0.7870357143,0.4418981314
20.62261198,1400,0.4967064077,0.356960462,0.7870357143,0.4535505257
14.47616711,1400,0.6715496332,0.3665013203,0.7870357143,0.4656730484
18.38135779,1400,0.4408414488,0.3571886775,0.7870357143,0.4538404941
19.27751079,1400,0.7808858337,0.35143828,0.7870357143,0.4465340945
17.26743184,1400,0.6966895038,0.3518872245,0.7870357143,0.447104519
17.10888566,1400,0.2943411952,0.3575628069,0.7870357143,0.4543158594
21.90256503,1400,0.2754257897,0.3590552428,0.7870357143,0.4562121341
6.85186789,1400,0.8035890214,0.4307860829,0.7870357143,0.5473526488
5.724155422,1400,0.3801468022,0.3384122582,0.7870357143,0.4299833566
7.987027205,1400,0.3305486932,0.352696028,0.7870357143,0.448132177
9.689852625,1400,0.4429081217,0.3708357302,0.7870357143,0.4711803079
12.0791898,1400,0.9013152558,0.3949034548,0.7870357143,0.501760527
18.33948617,1400,0.1847024337,0.359506582,0.7870357143,0.4567856012
7.673630268,1400,0.510200697,0.3756727792,0.7870357143,0.4773262158
8.875499228,1400,0.1601781982,0.3394908483,0.7870357143,0.4313538028
19.44322096,1400,0.4838833412,0.35708971,0.7870357143,0.453714747
23.70961943,1400,0.4404757561,0.3558504314,0.7870357143,0.4521401316
18.77483338,1400,0.5486269958,0.3558465519,0.7870357143,0.4521352024
9.428930181,1400,0.3946641642,0.3656961753,0.7870357143,0.464650039
9.584357081,1400,0.2088334396,0.3484153399,0.7870357143,0.4426931759
12.55113462,1400,0.1236835222,0.3532160507,0.7870357143,0.4487929128
22.23340512,1400,0.4809133734,0.3565403839,0.7870357143,0.4530167785
23.7437988,1400,0.1704239919,0.3582946624,0.7870357143,0.4552457479
12.54102011,1400,0.6946565169,0.3798899302,0.7870357143,0.4826844872
16.15878921,1400,0.6213398322,0.3557600746,0.7870357143,0.4520253251
12.18582169,1400,0.3827681972,0.3657870801,0.7870357143,0.4647655417
13.05053052,1400,0.53698358,0.3705726205,0.7870357143,0.4708460033
7.051459629,1400,0.2951283073,0.3406247786,0.7870357143,0.4327945637
12.91150877,1400,0.1525155965,0.3553328844,0.7870357143,0.4514825413
12.60517894,1400,0.6262547577,0.3763423841,0.7870357143,0.4781770093
18.02624833,1400,0.2243815464,0.3590318146,0.7870357143,0.4561823664
6.511448619,1400,0.9200929434,0.4647537346,0.7870357143,0.5905116199
12.86709439,1400,0.7872412801,0.3815787423,0.7870357143,0.4848302757
8.773830286,1400,0.571123361,0.3851464692,0.7870357143,0.4893633951
18.03297645,1400,0.5867401439,0.3547210935,0.7870357143,0.4507052057
22.96462117,1400,0.1023927563,0.359299799,0.7870357143,0.4565228649
16.76918137,1400,0.2125439881,0.3577192399,0.7870357143,0.4545146216
22.13344506,1400,0.675437476,0.3532144689,0.7870357143,0.448790903
8.846418466,1400,0.2073468212,0.3441068389,0.7870357143,0.437218836
14.94738561,1400,0.6383439782,0.3631452922,0.7870357143,0.4614089115
12.89321943,1400,0.9113421486,0.3865896177,0.7870357143,0.4911970457
6.951830727,1400,0.3668896304,0.3500555835,0.7870357143,0.4447772536
19.51999517,1400,0.638666053,0.3545262802,0.7870357143,0.4504576778
14.29333596,1400,0.5817507193,0.3661041549,0.7870357143,0.4651684139
8.214919442,1400,0.09086790952,0.3268304442,0.7870357143,0.4152676153
18.46509857,1400,0.8788619178,0.3486223761,0.7870357143,0.4429562341
11.73580545,1400,0.06228779077,0.3471430897,0.7870357143,0.441076667
16.52199124,1400,0.3765991155,0.3561901481,0.7870357143,0.4525717723
10.31314903,1400,0.7797107161,0.4019550217,0.7870357143,0.51072018
23.60014121,1400,0.4877337715,0.3553008132,0.7870357143,0.451441792
23.49211273,1400,0.4175093129,0.3563678021,0.7870357143,0.4527974977
8.940339274,1400,0.0005479355921,0.324410412,0.7870357143,0.4121927457
21.1283211,1400,0.2789776565,0.3593515965,0.7870357143,0.4565886783
9.204052713,1400,0.7684934672,0.4089637983,0.7870357143,0.5196254641
23.45992773,1400,0.6948178407,0.3517214968,0.7870357143,0.446893947
23.82723914,1400,0.09857410688,0.358496687,0.7870357143,0.4555024385
22.50950315,1400,0.1120344462,0.3596185817,0.7870357143,0.456927907
5.291469209,1400,0.4349046656,0.3421402164,0.7870357143,0.4347200644
19.37090128,1400,0.8824607329,0.3489092576,0.7870357143,0.443320743
21.66160031,1400,0.5354406312,0.3560318746,0.7870357143,0.4523706715
20.2216677,1400,0.6124563642,0.3550818771,0.7870357143,0.4511636138
8.610890007,1400,0.2289417698,0.3448699967,0.7870357143,0.438188497
16.4518894,1400,0.1155745952,0.3578083112,0.7870357143,0.4546277948
6.524252102,1400,0.4102274237,0.3529698214,0.7870357143,0.4484800563
14.45002631,1400,0.9365915245,0.3705427807,0.7870357143,0.4708080891
12.48950127,1400,0.1305222436,0.3533900247,0.7870357143,0.4490139625
20.75803156,1400,0.1584192194,0.3602197465,0.7870357143,0.4576917412
22.67046815,1400,0.03426441398,0.3596706207,0.7870357143,0.4569940273
23.6033491,1400,0.4854488958,0.3553311475,0.7870357143,0.4514803345
8.322259336,1400,0.8468482946,0.4280848941,0.7870357143,0.5439205443
14.40925215,1400,0.8638552488,0.3698758834,0.7870357143,0.4699607358
14.67394303,1400,0.4408564745,0.3622544662,0.7870357143,0.4602770366
21.71502296,1400,0.8125851207,0.350354083,0.7870357143,0.4451565242
15.45528958,1400,0.6817670869,0.3600499915,0.7870357143,0.4574760522
18.52460252,1400,0.2753667072,0.3590188724,0.7870357143,0.4561659222
17.36340067,1400,0.9038200799,0.347029862,0.7870357143,0.440932801
5.51173753,1400,0.8478855303,0.4508642546,0.7870357143,0.5728637804
8.701521288,1400,0.8907550703,0.4316267718,0.7870357143,0.54842082
12.62620027,1400,0.2642121753,0.3599286035,0.7870357143,0.4573218178
12.37820626,1400,0.2635337491,0.3597369983,0.7870357143,0.4570783661
4.763407685,1400,0.661262751,0.3887147353,0.7870357143,0.4938971997
23.05608615,1400,0.3918585325,0.3570834512,0.7870357143,0.4537067946
21.09169111,1400,0.5669087566,0.3557376923,0.7870357143,0.4519968863
6.099003438,1400,0.5978139602,0.3845779505,0.7870357143,0.4886410407
14.01660865,1400,0.5176023704,0.3660785202,0.7870357143,0.4651358427
6.035441364,1400,0.3816956068,0.3428455674,0.7870357143,0.4356162766
7.326062576,1400,0.496436594,0.3722953278,0.7870357143,0.4730348585
12.57561634,1400,0.6601944718,0.3780648242,0.7870357143,0.4803655252
19.6626975,1400,0.1857433543,0.3600795933,0.7870357143,0.4575136639
9.722357952,1400,0.9047063515,0.4218573724,0.7870357143,0.5360079151
17.23759392,1400,0.5592565039,0.3544054781,0.7870357143,0.4503041878
11.72942915,1400,0.4059248383,0.3675009132,0.7870357143,0.4669431215
5.758922784,1400,0.7178491796,0.4115345023,0.7870357143,0.5228917758
7.814688319,1400,0.5409295768,0.3805872156,0.7870357143,0.4835704513
11.96974167,1400,0.8933217211,0.3955916313,0.7870357143,0.5026349175
21.03265381,1400,0.249038853,0.3596127998,0.7870357143,0.4569205607
17.75747085,1400,0.879997889,0.3480611658,0.7870357143,0.4422431657
6.59667893,1400,0.01372983579,0.2980845824,0.7870357143,0.3787434001
13.88635874,1400,0.05008264008,0.3536462833,0.7870357143,0.4493395622
12.57855814,1400,0.4579928454,0.3687986115,0.7870357143,0.4685919645
13.35066507,1400,0.6879319839,0.3742869565,0.7870357143,0.4755654028
18.08105763,1400,0.7498307451,0.3515180348,0.7870357143,0.4466354302
15.203566,1400,0.8074124162,0.3622075787,0.7870357143,0.4602174617
5.438561772,1400,0.7530075479,0.4206887405,0.7870357143,0.5345230628
23.42749565,1400,0.6523590258,0.3526264043,0.7870357143,0.4480437138
10.81461304,1400,0.01377325867,0.3393106744,0.7870357143,0.4311248756
22.29855637,1400,0.802295297,0.3502508509,0.7870357143,0.4450253585
13.1547048,1400,0.4038626842,0.365318478,0.7870357143,0.4641701404
21.56195986,1400,0.2721258524,0.3592475624,0.7870357143,0.4564564935
23.81907742,1400,0.7848187325,0.3492993124,0.7870357143,0.4438163428
14.25655971,1400,0.7640479783,0.3695775546,0.7870357143,0.4695816821
9.29467137,1400,0.3041985674,0.3562323436,0.7870357143,0.4526253855
18.44475452,1400,0.8575892422,0.3491681422,0.7870357143,0.4436496792
15.93548017,1400,0.3941347215,0.3579335625,0.7870357143,0.4547869379
6.936952106,1400,0.4347371325,0.3603489477,0.7870357143,0.457855903
13.22289581,1400,0.7025898973,0.3756410008,0.7870357143,0.4772858384
22.60866549,1400,0.8926290622,0.3476659874,0.7870357143,0.4417410558
22.30069882,1400,0.2472110728,0.3590381183,0.7870357143,0.4561903759
16.28938529,1400,0.4471755629,0.3564411004,0.7870357143,0.4528906299
4.739563564,1400,0.5622863214,0.3614430384,0.7870357143,0.4592460442
23.49148312,1400,0.1824414613,0.358484604,0.7870357143,0.4554870859
7.84891761,1400,0.3884761898,0.3593449638,0.7870357143,0.4565802507
7.841113983,1400,0.7963315973,0.4229034279,0.7870357143,0.5373370233
14.13264265,1400,0.09808118704,0.3555838918,0.7870357143,0.4518014689
18.9515324,1400,0.6757061417,0.3536168364,0.7870357143,0.4493021472
6.468189298,1400,0.1790031681,0.3176023451,0.7870357143,0.4035424814
17.0895482,1400,0.1767199501,0.3583445789,0.7870357143,0.4553091713
15.60977043,1400,0.02004300861,0.3566266491,0.7870357143,0.4531263863
18.49728284,1400,0.2509059961,0.3591900483,0.7870357143,0.4563834166
7.678950042,1400,0.385134596,0.3579332967,0.7870357143,0.4547866002
7.177774914,1400,0.8449041146,0.4380408773,0.7870357143,0.5565705206
13.6928583,1400,0.7647458182,0.3740761055,0.7870357143,0.4752974975
23.5383012,1400,0.5144492983,0.3549585457,0.7870357143,0.4510069101
20.58269714,1400,0.3508680873,0.358800068,0.7870357143,0.4558879114
23.44637238,1400,0.6540435713,0.3525741631,0.7870357143,0.4479773366
13.20322622,1400,0.4577939061,0.3671542904,0.7870357143,0.466502706
22.27721382,1400,0.7359363915,0.351823296,0.7870357143,0.4470232921
15.13411514,1400,0.4855273996,0.3610446131,0.7870357143,0.4587398088
14.88602925,1400,0.6639193809,0.3637455185,0.7870357143,0.4621715532
12.3836368,1400,0.7740654274,0.3849421803,0.7870357143,0.4891038276
5.666467064,1400,0.585995838,0.3788279466,0.7870357143,0.4813351411
9.836290752,1400,0.4061879725,0.3674583347,0.7870357143,0.4668890218
12.98561287,1400,0.930476468,0.3863820201,0.7870357143,0.4909332742
5.354464593,1400,0.1837807197,0.2996145287,0.7870357143,0.3806873351
5.307508594,1400,0.7131240648,0.4085502692,0.7870357143,0.519100038
6.843585321,1400,0.847769059,0.4415333834,0.7870357143,0.5610080653
20.13961393,1400,0.8483145914,0.3498922947,0.7870357143,0.4445697805
22.13709205,1400,0.7283540052,0.3520848805,0.7870357143,0.4473556589
18.29857423,1400,0.3814099208,0.3578492432,0.7870357143,0.4546798026
9.979470993,1400,0.5027271989,0.3765395625,0.7870357143,0.4784275423
22.90836192,1400,0.4784805049,0.3560762592,0.7870357143,0.4524270662
5.99944984,1400,0.7589291591,0.4226091767,0.7870357143,0.5369631505
13.47966209,1400,0.4033853108,0.3646404092,0.7870357143,0.4633085927
14.2596751,1400,0.8536400728,0.3711234602,0.7870357143,0.4715458949
5.496019479,1400,0.2471282535,0.312252952,0.7870357143,0.396745594
18.96955996,1400,0.5723535401,0.3555434986,0.7870357143,0.4517501457
14.60792319,1400,0.005773763464,0.3542315332,0.7870357143,0.4500831751
9.521081347,1400,0.6289645499,0.3904363781,0.7870357143,0.4960847024
20.17145384,1400,0.7555981765,0.3521427566,0.7870357143,0.4474291957
10.3352494,1400,0.166843278,0.3483563431,0.7870357143,0.4426182151
5.404198671,1400,0.01518282495,0.2765908145,0.7870357143,0.3514336256
15.50979014,1400,0.5082125413,0.3595441118,0.7870357143,0.4568332864
6.870198954,1400,0.3567071702,0.3478038894,0.7870357143,0.4419162728
22.60677907,1400,0.1248393253,0.3595035672,0.7870357143,0.4567817707
5.376603382,1400,0.7581807915,0.4221177847,0.7870357143,0.5363387925
17.98946233,1400,0.8181665885,0.3498400176,0.7870357143,0.4445033576
10.02612352,1400,0.7157594495,0.3974239402,0.7870357143,0.5049630315
20.79796421,1400,0.4676698567,0.3573455491,0.7870357143,0.4540398138
12.82635432,1400,0.7859571081,0.3818644844,0.7870357143,0.4851933368
16.4141623,1400,0.6931901974,0.3533779752,0.7870357143,0.4489986525
12.70782844,1400,0.6764599092,0.3779919126,0.7870357143,0.4802728844
6.330825119,1400,0.4249755958,0.3535644035,0.7870357143,0.4492355265
5.012185059,1400,0.1507531244,0.287196863,0.7870357143,0.3649095686
10.56202814,1400,0.02936310988,0.3389476915,0.7870357143,0.430663673
18.98620513,1400,0.06516968459,0.3603094149,0.7870357143,0.457805673
8.364508993,1400,0.3120480709,0.3526911562,0.7870357143,0.4481259869
17.10891182,1400,0.286463914,0.3576294528,0.7870357143,0.4544005391
21.98938917,1400,0.05914530084,0.3600811733,0.7870357143,0.4575156714
7.971617565,1400,0.443939835,0.3673232002,0.7870357143,0.4667173212
12.53289674,1400,0.3151497759,0.3622665055,0.7870357143,0.4602923335
17.21467899,1400,0.885894382,0.3473480613,0.7870357143,0.4413371019
15.85088286,1400,0.01969950746,0.3570319675,0.7870357143,0.4536413799
20.02470703,1400,0.08652876946,0.360521989,0.7870357143,0.4580757676
6.113075698,1400,0.030964565,0.2923319587,0.7870357143,0.3714341718
20.34783795,1400,0.798611934,0.351122363,0.7870357143,0.4461326934
22.36207546,1400,0.0189200304,0.359900486,0.7870357143,0.4572860919
15.64941152,1400,0.6144270233,0.3588443087,0.7870357143,0.4559441232
6.699566912,1400,0.2633861752,0.3323895943,0.7870357143,0.4223310179
21.98022061,1400,0.7033571568,0.3527249587,0.7870357143,0.4481689361
10.74809821,1400,0.08090395795,0.3437965999,0.7870357143,0.4368246493
6.518455469,1400,0.715398015,0.4115151811,0.7870357143,0.5228672266
18.14011999,1400,0.1518657729,0.359520781,0.7870357143,0.4568036424
18.91361939,1400,0.8569728657,0.3494271701,0.7870357143,0.4439787976
14.8809539,1400,0.5119906742,0.3623374613,0.7870357143,0.4603824893
8.602329288,1400,0.4707795568,0.3725702717,0.7870357143,0.4733841996
12.37124372,1400,0.6503022549,0.3787751769,0.7870357143,0.4812680925
17.02042495,1400,0.2424914996,0.357856891,0.7870357143,0.4546895198
16.06212123,1400,0.6205395099,0.3563516995,0.7870357143,0.452777038
5.679558129,1400,0.1109434474,0.295245102,0.7870357143,0.3751355837
9.000777242,1400,0.09745754405,0.3342108473,0.7870357143,0.4246450843
18.32362206,1400,0.5497923653,0.3555587624,0.7870357143,0.4517695398
20.03352124,1400,0.3032869102,0.359280264,0.7870357143,0.4564980438
15.65101572,1400,0.5958024449,0.3588579146,0.7870357143,0.4559614107
20.17719545,1400,0.7267004431,0.352788123,0.7870357143,0.448249192
14.84661765,1400,0.4424112738,0.3617027584,0.7870357143,0.4595760419
17.15971003,1400,0.2051073114,0.3582732108,0.7870357143,0.4552184917
23.61321458,1400,0.5871125674,0.3536690809,0.7870357143,0.4493685286
14.51021092,1400,0.3581025405,0.361374322,0.7870357143,0.4591587338
22.3687681,1400,0.8959731501,0.3477569066,0.7870357143,0.4418565769
13.0331838,1400,0.4578845733,0.3676258788,0.7870357143,0.4671019016
12.19043782,1400,0.100548042,0.3509938116,0.7870357143,0.4459693572
14.39925017,1400,0.7165004408,0.3677083027,0.7870357143,0.4672066287
13.80601569,1400,0.2026938385,0.3582227678,0.7870357143,0.4551543994
13.18194996,1400,0.2823265141,0.3607846392,0.7870357143,0.4584094885
15.0318051,1400,0.2866847005,0.3594427409,0.7870357143,0.4567044854
21.19865243,1400,0.3631362556,0.3585285553,0.7870357143,0.45554293
19.5296895,1400,0.6963392043,0.3533772067,0.7870357143,0.448997676
9.07097798,1400,0.7001936947,0.4008210305,0.7870357143,0.5092793417
16.12456166,1400,0.806999337,0.3544018049,0.7870357143,0.4502995207
10.87559163,1400,0.7778204971,0.3973238858,0.7870357143,0.5048359034
5.869466894,1400,0.490353678,0.3607552829,0.7870357143,0.4583721886
13.76668233,1400,0.5533610521,0.368033973,0.7870357143,0.4676204222
4.803860413,1400,0.2614551341,0.3002855489,0.7870357143,0.381539927
10.88692934,1400,0.3813484439,0.3661370751,0.7870357143,0.465210242
15.94928073,1400,0.7067630164,0.3565378307,0.7870357143,0.4530135345
6.879841135,1400,0.1098820892,0.3140889584,0.7870357143,0.3990784061
15.30080122,1400,0.1948648425,0.3582118268,0.7870357143,0.4551404979
13.74094208,1400,0.2855956863,0.3606846538,0.7870357143,0.4582824481
4.189711344,1400,0.1682604855,0.2679201701,0.7870357143,0.3404167883
17.77398823,1400,0.5536610208,0.3550547579,0.7870357143,0.4511291564
21.06177433,1400,0.761675389,0.351849473,0.7870357143,0.4470565524
7.015119241,1400,0.1999721185,0.3273576324,0.7870357143,0.4159374555
19.27516139,1400,0.7476542284,0.3522013108,0.7870357143,0.447503594
19.84518112,1400,0.4536712745,0.3575833109,0.7870357143,0.4543419115
22.70931964,1400,0.1961119023,0.3590864989,0.7870357143,0.4562518478
6.098120647,1400,0.7112994136,0.410452273,0.7870357143,0.5215167058
22.95129124,1400,0.7365228988,0.3512861174,0.7870357143,0.4463407582
16.75278606,1400,0.2705168302,0.3572894664,0.7870357143,0.4539685556
13.79712511,1400,0.3798900561,0.3632946421,0.7870357143,0.461598674
20.72873098,1400,0.631898312,0.3546622575,0.7870357143,0.4506304492
5.156683636,1400,0.2212618942,0.3014376062,0.7870357143,0.3830037198
15.90768473,1400,0.9469196586,0.3552873895,0.7870357143,0.4514247359
19.29223386,1400,0.4306994287,0.357765012,0.7870357143,0.4545727792
4.520574426,1400,0.5123112535,0.3448606036,0.7870357143,0.4381765622
12.86575447,1400,0.9470571059,0.3884551389,0.7870357143,0.4935673589
23.41575918,1400,0.247112711,0.3581419066,0.7870357143,0.4550516579
13.34211782,1400,0.3596664581,0.3634368842,0.7870357143,0.4617794055
16.51058099,1400,0.9207590514,0.3495338491,0.7870357143,0.4441143429
15.40259526,1400,0.2843130417,0.3588929405,0.7870357143,0.4560059143
19.79441667,1400,0.406872852,0.3581723564,0.7870357143,0.4550903471
5.842028148,1400,0.1392337861,0.3021986878,0.7870357143,0.3839707427
6.85297943,1400,0.2820970734,0.3367642936,0.7870357143,0.4278894686
17.1825772,1400,0.9395797669,0.3458311023,0.7870357143,0.4394096684
13.652455,1400,0.008307505012,0.3515742874,0.7870357143,0.4467069041
12.36558217,1400,0.6776543109,0.38017973,0.7870357143,0.483052704
10.55752809,1400,0.5425562855,0.3791063307,0.7870357143,0.4816888533
19.37622438,1400,0.1876993007,0.3599995646,0.7870357143,0.4574119802
18.16612328,1400,0.4002344963,0.3575363587,0.7870357143,0.4542822545
22.30473625,1400,0.4253600781,0.3572478806,0.7870357143,0.4539157171
20.41826767,1400,0.7112374124,0.3531076977,0.7870357143,0.4486552406
5.331503839,1400,0.02702688333,0.2766103531,0.7870357143,0.3514584511
13.01393478,1400,0.5148565424,0.3698696719,0.7870357143,0.4699528435
4.478569388,1400,0.2685365204,0.2933481648,0.7870357143,0.3727253535
5.071661854,1400,0.4079664894,0.3330068199,0.7870357143,0.4231152588
5.047228766,1400,0.7284059443,0.4116290639,0.7870357143,0.5230119249
5.074251786,1400,0.7687762691,0.4246738368,0.7870357143,0.5395864877
8.020044011,1400,0.2390099961,0.3418073536,0.7870357143,0.4342971321
10.18026035,1400,0.4279894054,0.3696821347,0.7870357143,0.4697145606
13.40821274,1400,0.6701363136,0.3733431869,0.7870357143,0.4743662583
19.96642854,1400,0.4008956632,0.3582617442,0.7870357143,0.4552039224
14.41244316,1400,0.219140604,0.3587698332,0.7870357143,0.4558494954
6.425412949,1400,0.2065131301,0.3208427951,0.7870357143,0.4076597659
10.1814823,1400,0.91205029,0.4173371733,0.7870357143,0.5302645938
14.53414946,1400,0.7221610107,0.3668115938,0.7870357143,0.466067279
11.87371287,1400,0.8686810788,0.3950253844,0.7870357143,0.5019154497
9.587725096,1400,0.9250640521,0.4261755584,0.7870357143,0.5414945608
5.323760287,1400,0.1970385911,0.3010433073,0.7870357143,0.3825027274
5.56786179,1400,0.07745911817,0.2884170778,0.7870357143,0.3664599618
17.90963414,1400,0.6390219989,0.3536695961,0.7870357143,0.4493691832
5.71003737,1400,0.4229040109,0.3459806597,0.7870357143,0.4395996946
7.514316264,1400,0.1830349161,0.3305692092,0.7870357143,0.420018054
10.17173611,1400,0.2562616588,0.3549975053,0.7870357143,0.4510564118
16.8646881,1400,0.762582883,0.349960662,0.7870357143,0.4446566473
15.63409932,1400,0.0004676007921,0.3564607902,0.7870357143,0.4529156476
6.178564396,1400,0.2430072464,0.3226674385,0.7870357143,0.4099781403
10.22939802,1400,0.9096647104,0.4165040099,0.7870357143,0.5292059844
20.3657803,1400,0.676227443,0.3538428747,0.7870357143,0.4495893494
16.02540298,1400,0.1693601264,0.3578327517,0.7870357143,0.4546588487
10.40775998,1400,0.9292594023,0.4165111683,0.7870357143,0.5292150797
14.97841848,1400,0.7583733871,0.3638090972,0.7870357143,0.4622523357
7.573214875,1400,0.8908270024,0.4444548275,0.7870357143,0.5647200241
4.6884096,1400,0.8200948959,0.4422001688,0.7870357143,0.5618552764
9.80167265,1400,0.5054434824,0.3769565489,0.7870357143,0.4789573612
8.757204141,1400,0.2907787001,0.3524122826,0.7870357143,0.4477716528
13.57858694,1400,0.3515641558,0.3628389511,0.7870357143,0.4610196774
4.807174505,1400,0.1939494322,0.2891151357,0.7870357143,0.3673469074
7.406227635,1400,0.5891294266,0.3874965297,0.7870357143,0.4923493594
6.244515692,1400,0.6821469503,0.4037703335,0.7870357143,0.5130266978
4.679181729,1400,0.8449812845,0.4523338903,0.7870357143,0.5747310854
7.091545903,1400,0.7625798259,0.4204289036,0.7870357143,0.5341929166
12.19583369,1400,0.1520935594,0.353743322,0.7870357143,0.4494628586
23.33872116,1400,0.633057348,0.3530906745,0.7870357143,0.4486336111
15.5568079,1400,0.4601433596,0.359257575,0.7870357143,0.4564692154
11.1215478,1400,0.5710435717,0.3796777981,0.7870357143,0.4824149542
5.698486554,1400,0.1434945455,0.300229521,0.7870357143,0.3814687384
7.825857232,1400,0.6752515629,0.4016830274,0.7870357143,0.5103745867
16.52750478,1400,0.2898026798,0.3568793263,0.7870357143,0.4534474356
20.86765184,1400,0.7646917413,0.3518355082,0.7870357143,0.4470388088
9.215874282,1400,0.3152482727,0.3570382246,0.7870357143,0.4536493302
13.19660064,1400,0.5361342361,0.3699553055,0.7870357143,0.4700616487
14.58894516,1400,0.8234831797,0.3676729094,0.7870357143,0.4671616583
5.353286971,1400,0.3140993138,0.3208088263,0.7870357143,0.4076166055
13.02467686,1400,0.5769737839,0.3721998053,0.7870357143,0.4729134887
11.87649526,1400,0.7134679566,0.3853241728,0.7870357143,0.4895891836
13.59842858,1400,0.7181830753,0.3735026142,0.7870357143,0.4745688251
7.57202058,1400,0.02070927576,0.3122197597,0.7870357143,0.3967034202
6.089593621,1400,0.7927122045,0.4315584923,0.7870357143,0.5483340648
5.400681364,1400,0.5656965219,0.3715527378,0.7870357143,0.4720913309
14.41226502,1400,0.9334669553,0.3708992966,0.7870357143,0.4712610748
13.99131535,1400,0.116942232,0.3558898369,0.7870357143,0.4521901999
17.65202755,1400,0.1094240418,0.3592513779,0.7870357143,0.4564613415
13.45522733,1400,0.1274227953,0.3553403314,0.7870357143,0.4514920035
23.29033415,1400,0.6951786536,0.3518800254,0.7870357143,0.4470953719
13.88286818,1400,0.5923538469,0.368451367,0.7870357143,0.468150759
11.27235453,1400,0.9131985234,0.4047467583,0.7870357143,0.5142673337
16.78136227,1400,0.4861875372,0.3549476259,0.7870357143,0.4509930356
4.829654482,1400,0.4025310489,0.3271656235,0.7870357143,0.4156934909
6.339291471,1400,0.7897984721,0.4298885279,0.7870357143,0.546212224
20.95727318,1400,0.361391161,0.3586173332,0.7870357143,0.4556557303
6.849168581,1400,0.7575082003,0.4202723296,0.7870357143,0.533993975
14.01752639,1400,0.8117825187,0.3725019552,0.7870357143,0.4732973974
6.03910592,1400,0.8388791802,0.4449831253,0.7870357143,0.5653912742
23.44863089,1400,0.7449452953,0.3506282935,0.7870357143,0.4455049335
15.9790982,1400,0.8798798555,0.3550789599,0.7870357143,0.4511599073
4.315229152,1400,0.5280816082,0.3441627894,0.7870357143,0.4372899262
14.43882485,1400,0.5163194808,0.3642914413,0.7870357143,0.4628651975
11.1716845,1400,0.3724356588,0.3655701733,0.7870357143,0.464489942
11.88540829,1400,0.4104003369,0.3676008749,0.7870357143,0.4670701319
15.72670075,1400,0.8748012926,0.3574771548,0.7870357143,0.4542070307
12.05898203,1400,0.5562201854,0.3753239595,0.7870357143,0.4768830089
14.11963707,1400,0.160168213,0.3572440831,0.7870357143,0.4539108919
23.57932874,1400,0.2991646924,0.3575560007,0.7870357143,0.4543072115
4.768290158,1400,0.3796643636,0.3212855168,0.7870357143,0.4082222839
19.86500825,1400,0.4298623131,0.3578967145,0.7870357143,0.4547401192
6.142038524,1400,0.05957221463,0.2965347783,0.7870357143,0.3767742339
19.91742928,1400,0.424928572,0.3579643117,0.7870357143,0.4548260075
19.02798356,1400,0.5746104687,0.3555294946,0.7870357143,0.4517323524
11.89417652,1400,0.517372426,0.3737007241,0.7870357143,0.4748205416
21.26171224,1400,0.449247852,0.3574668981,0.7870357143,0.4541939986
8.302682349,1400,0.326108738,0.3540015879,0.7870357143,0.4497910089
5.013495728,1400,0.5913352907,0.3729636817,0.7870357143,0.4738840625
12.25144367,1400,0.5437845801,0.3739442754,0.7870357143,0.4751299955
16.5494356,1400,0.6647929085,0.3528134846,0.7870357143,0.4482814162
14.98360281,1400,0.6278483341,0.3628440264,0.7870357143,0.461026126
18.64291597,1400,0.4307272311,0.3574796858,0.7870357143,0.4542102465
14.59525575,1400,0.8385167944,0.3678003393,0.7870357143,0.4673235694
21.35426064,1400,0.2465702542,0.359527647,0.7870357143,0.4568123663
8.137804165,1400,0.2656536682,0.3458193578,0.7870357143,0.439394746
6.281353975,1400,0.4287942256,0.3537240009,0.7870357143,0.4494383095
4.939990817,1400,0.8698663012,0.4619749883,0.7870357143,0.5869809717
15.50832451,1400,0.9236329911,0.3594610605,0.7870357143,0.4567277621
9.767924007,1400,0.4057357486,0.367332456,0.7870357143,0.4667290814
6.092231658,1400,0.1895549824,0.3135437396,0.7870357143,0.3983856563
4.3891929,1400,0.02659473156,0.2526582346,0.7870357143,0.32102512
7.041293443,1400,0.7551667004,0.4190583381,0.7870357143,0.5324514892
15.1249751,1400,0.5151400967,0.3612924867,0.7870357143,0.4590547547
20.57704796,1400,0.7535003505,0.3521531225,0.7870357143,0.4474423664
21.47404067,1400,0.630483928,0.3544531327,0.7870357143,0.4503647372
16.6894581,1400,0.02586215132,0.3582515777,0.7870357143,0.4551910049
22.30577221,1400,0.2954383737,0.3586452384,0.7870357143,0.4556911865
15.64729313,1400,0.6703625424,0.3587676849,0.7870357143,0.4558467657
18.32789318,1400,0.2990705054,0.3586903484,0.7870357143,0.4557485027
19.62772408,1400,0.3386399116,0.358894667,0.7870357143,0.4560081081
18.78432905,1400,0.4306608505,0.3575564552,0.7870357143,0.454307789
20.27065907,1400,0.5005701556,0.3569362815,0.7870357143,0.4535198023
16.95942356,1400,0.8039527145,0.3491166535,0.7870357143,0.4435842582
16.46950258,1400,0.1903055962,0.3575475038,0.7870357143,0.4542964154
21.61237958,1400,0.8660859021,0.349033295,0.7870357143,0.4434783437
6.063348806,1400,0.6731128064,0.4012270279,0.7870357143,0.5097951982
20.89994522,1400,0.356827523,0.3586798251,0.7870357143,0.4557351319
5.872431528,1400,0.4177287292,0.3471407443,0.7870357143,0.441073687
18.57282498,1400,0.08100761042,0.3600598888,0.7870357143,0.4574886276
13.71848967,1400,0.005899550629,0.3516992273,0.7870357143,0.4468656516
6.861234603,1400,0.1470490481,0.3185913202,0.7870357143,0.4047990637
19.48720388,1400,0.1038584772,0.3603880128,0.7870357143,0.4579055388
23.97958436,1400,0.2060236197,0.3578421683,0.7870357143,0.4546708133
20.74030741,1400,0.3192792116,0.3590886493,0.7870357143,0.45625458
20.53045986,1400,0.4437639043,0.3577128904,0.7870357143,0.454506554
17.78108243,1400,0.3613907156,0.3576452367,0.7870357143,0.4544205939
5.708145119,1400,0.5307143811,0.3672160787,0.7870357143,0.4665812136
18.10767002,1400,0.7492050601,0.351552504,0.7870357143,0.4466792264
6.714480041,1400,0.2923206618,0.3367244588,0.7870357143,0.4278388549
17.24905504,1400,0.2915979637,0.3577543411,0.7870357143,0.4545592208
23.87338485,1400,0.4864906871,0.3550314451,0.7870357143,0.4510995355
13.76384844,1400,0.07155047881,0.3540482944,0.7870357143,0.4498503537
12.63630019,1400,0.8670665397,0.3872550511,0.7870357143,0.4920425389
15.26183258,1400,0.9414472083,0.3619996216,0.7870357143,0.4599532334
5.370266064,1400,0.4913841159,0.354859243,0.7870357143,0.4508807371
6.220846909,1400,0.01390050866,0.2920134902,0.7870357143,0.3710295288
18.93449091,1400,0.2943217381,0.3590808653,0.7870357143,0.4562446897
10.51133124,1400,0.4946002914,0.3751923483,0.7870357143,0.4767157849
7.179432781,1400,0.8044911997,0.4289809546,0.7870357143,0.5450590701
14.09437731,1400,0.873232745,0.3730754351,0.7870357143,0.4740260554
7.059447864,1400,0.1103057123,0.3164589115,0.7870357143,0.4020896457
12.93157385,1400,0.8319161969,0.382866354,0.7870357143,0.4864663027
14.36014482,1400,0.7521992189,0.3685647828,0.7870357143,0.468294864
11.69595797,1400,0.4002258404,0.3671889344,0.7870357143,0.4665467242
4.335943314,1400,0.5921920798,0.3617515855,0.7870357143,0.4596380811
10.33539655,1400,0.5260405781,0.3781624782,0.7870357143,0.4804896034
8.213313434,1400,0.3828892905,0.3604481294,0.7870357143,0.4579819224
17.26529012,1400,0.7948150781,0.3497036237,0.7870357143,0.4443300569
5.216840427,1400,0.3731760117,0.328969665,0.7870357143,0.4179856886
7.133447012,1400,0.8353257348,0.4362093898,0.7870357143,0.5542434503
9.349135706,1400,0.6978382693,0.3991569962,0.7870357143,0.5071650358
21.99866916,1400,0.3194721509,0.358612638,0.7870357143,0.4556497647
20.26522069,1400,0.7863060598,0.3514236636,0.7870357143,0.446515523
22.81599872,1400,0.7396193004,0.3513316636,0.7870357143,0.4463986288
18.94988771,1400,0.4780727044,0.3570001715,0.7870357143,0.4536009803
8.829896478,1400,0.8197901581,0.4191171976,0.7870357143,0.5325262755
21.44492141,1400,0.2764334723,0.3592613753,0.7870357143,0.4564740441
18.39790797,1400,0.7652117307,0.3513932789,0.7870357143,0.4464769166
20.25569197,1400,0.5178149517,0.3566757041,0.7870357143,0.4531887151
16.62360786,1400,0.7058947398,0.3517307598,0.7870357143,0.4469057165
12.53529528,1400,0.09946314746,0.3519996279,0.7870357143,0.4472473377
5.985431044,1400,0.4751493851,0.3590589801,0.7870357143,0.4562168826
12.83206533,1400,0.858275784,0.3849244147,0.7870357143,0.4890812548
7.689146519,1400,0.4189067299,0.3626237919,0.7870357143,0.4607462982
5.770515914,1400,0.5628933091,0.3746578586,0.7870357143,0.4760366674
9.434007867,1400,0.1886473867,0.3457575398,0.7870357143,0.4393162007
23.13374665,1400,0.4510215366,0.3562659021,0.7870357143,0.4526680246
10.68916036,1400,0.2926237385,0.3592732625,0.7870357143,0.4564891478
16.92254145,1400,0.9258847218,0.345899567,0.7870357143,0.4394966591
14.23075344,1400,0.309066595,0.3608502835,0.7870357143,0.4584928955
18.83443977,1400,0.07483717949,0.3602181686,0.7870357143,0.4576897364
10.88590464,1400,0.5059141091,0.3754619482,0.7870357143,0.477058336
18.6740846,1400,0.6339001247,0.3542981084,0.7870357143,0.450167765
23.37813299,1400,0.1536176153,0.3587378141,0.7870357143,0.4558088122
22.04757375,1400,0.222313754,0.3593671609,0.7870357143,0.4566084542
19.38758146,1400,0.7672440656,0.3517863403,0.7870357143,0.4469763366
5.677810613,1400,0.9320019065,0.4797387712,0.7870357143,0.6095514632
7.995189339,1400,0.918481195,0.4452554629,0.7870357143,0.5657373037
6.226640967,1400,0.3919981616,0.3468608566,0.7870357143,0.4407180644
9.342474327,1400,0.4330473073,0.3694879914,0.7870357143,0.469467884
9.289483982,1400,0.5811492684,0.3856430973,0.7870357143,0.489994406
11.14242658,1400,0.8241765037,0.398883114,0.7870357143,0.5068170436
7.301330561,1400,0.2422967469,0.335940606,0.7870357143,0.4268428992
15.04264537,1400,0.2618483749,0.359131183,0.7870357143,0.456308623
12.28958433,1400,0.8811028214,0.3914996487,0.7870357143,0.4974356838
23.34944651,1400,0.3834830332,0.3569152741,0.7870357143,0.4534931105
6.315370537,1400,0.2829342422,0.3305361262,0.7870357143,0.4199760191
7.819392146,1400,0.5836078268,0.387044897,0.7870357143,0.4917755192
20.91157303,1400,0.1649413656,0.3601571265,0.7870357143,0.4576121769
9.883429332,1400,0.5589498998,0.3821124246,0.7870357143,0.4855083673
15.84775278,1400,0.1801594881,0.3579252163,0.7870357143,0.4547763333
19.32121577,1400,0.3776805742,0.3584056116,0.7870357143,0.4553867189
21.62374754,1400,0.7097693313,0.3527799827,0.7870357143,0.448238849
7.878579041,1400,0.8462407644,0.4321048074,0.7870357143,0.5490282074
15.82361719,1400,0.0802281969,0.357422615,0.7870357143,0.4541377329
13.54285049,1400,0.54027715,0.3686531228,0.7870357143,0.468407108
13.20268466,1400,0.4147855308,0.3656174545,0.7870357143,0.4645500171
11.48281338,1400,0.7179164567,0.3882675843,0.7870357143,0.4933290538
16.7269942,1400,0.2428668133,0.3574593501,0.7870357143,0.4541844081
18.29723384,1400,0.1411456253,0.3596837649,0.7870357143,0.4570107282
9.202805698,1400,0.4290117187,0.3688475518,0.7870357143,0.4686541476
11.78529901,1400,0.2381178048,0.3576512583,0.7870357143,0.4544282449
8.711645,1400,0.665722245,0.3977064117,0.7870357143,0.5053219371
4.371181439,1400,0.6213347379,0.370816993,0.7870357143,0.4711565006
10.67119555,1400,0.2863901257,0.3587628955,0.7870357143,0.4558406804
16.03823922,1400,0.7269005387,0.3557534752,0.7870357143,0.4520169399
23.50926108,1400,0.6508593156,0.3525744612,0.7870357143,0.4479777154
6.822851423,1400,0.7008812808,0.40812712,0.7870357143,0.5185623887
7.252062103,1400,0.1171161621,0.3196454111,0.7870357143,0.4061383813
12.31257634,1400,0.6414643376,0.3786568545,0.7870357143,0.4811177532
18.88530896,1400,0.3271847684,0.3587584492,0.7870357143,0.455835031
8.149484606,1400,0.5849587522,0.3873301132,0.7870357143,0.4921379121
19.61120795,1400,0.1720173168,0.3601413177,0.7870357143,0.4575920904
21.69412301,1400,0.77129557,0.3513616119,0.7870357143,0.4464366807
6.781304347,1400,0.5808298991,0.3844462241,0.7870357143,0.4884736704
4.382961284,1400,0.6198889418,0.3706192511,0.7870357143,0.4709052517
8.088418564,1400,0.7349372986,0.4106691271,0.7870357143,0.5217922384
11.69535477,1400,0.846440558,0.3953231836,0.7870357143,0.5022938304
4.740900569,1400,0.1378808196,0.278657663,0.7870357143,0.3540597433
19.45669272,1400,0.3393973442,0.3588480151,0.7870357143,0.4559488325
18.19801012,1400,0.3399425417,0.3582142747,0.7870357143,0.4551436081
8.341501296,1400,0.9372075252,0.4443954388,0.7870357143,0.5646445653
18.65765363,1400,0.810313595,0.3504783649,0.7870357143,0.4453144356
11.24360548,1400,0.5219941216,0.3758145549,0.7870357143,0.4775063547
21.14270247,1400,0.159022513,0.3601238317,0.7870357143,0.4575698728
9.413754274,1400,0.3016799615,0.3564383231,0.7870357143,0.4528871012
21.5122288,1400,0.9356911229,0.3471553746,0.7870357143,0.4410922762
12.29999088,1400,0.4997314701,0.3715458587,0.7870357143,0.4720825904
4.457365105,1400,0.3037296085,0.2991799577,0.7870357143,0.3801351733
19.56964366,1400,0.182492726,0.3600778757,0.7870357143,0.4575114816
19.92620722,1400,0.02515290482,0.3606144045,0.7870357143,0.45819319
16.08492826,1400,0.8145179391,0.3546700416,0.7870357143,0.4506403396
13.10980289,1400,0.4853762362,0.3684342853,0.7870357143,0.4681290552
13.74112705,1400,0.7495496025,0.3732960631,0.7870357143,0.4743063833
7.55814665,1400,0.5047105601,0.3744746818,0.7870357143,0.4758039248
8.693511298,1400,0.02512395322,0.3245360869,0.7870357143,0.412352427
5.729120585,1400,0.04122917128,0.286656391,0.7870357143,0.3642228501
4.491330452,1400,0.647313823,0.3806557855,0.7870357143,0.4836575757
5.736324312,1400,0.06849935872,0.2904568146,0.7870357143,0.3690516318
6.784223554,1400,0.4814366303,0.3669076658,0.7870357143,0.4661893471
11.05240605,1400,0.1440592553,0.3496385553,0.7870357143,0.4442473817
14.44984462,1400,0.8923869043,0.3699024512,0.7870357143,0.4699944927
9.193481947,1400,0.08082181773,0.3340868656,0.7870357143,0.4244875544
9.22574141,1400,0.3889741414,0.3646600772,0.7870357143,0.4633335827
7.64006474,1400,0.6158597696,0.3920943441,0.7870357143,0.498191298
8.951558644,1400,0.4419527854,0.3698267071,0.7870357143,0.4698982529
8.896446979,1400,0.4614820424,0.3719633959,0.7870357143,0.4726131091
8.592097232,1400,0.4197334576,0.3663762706,0.7870357143,0.4655141615
18.97241962,1400,0.5554588407,0.3558271881,0.7870357143,0.4521105989
19.21942613,1400,0.4310802661,0.3577362018,0.7870357143,0.4545361733
12.14222707,1400,0.1969761911,0.35600298,0.7870357143,0.4523339583
22.2515239,1400,0.4796490264,0.3565468677,0.7870357143,0.4530250168
20.69785343,1400,0.918514864,0.3479316211,0.7870357143,0.4420785675
22.18522212,1400,0.8152258501,0.3500079833,0.7870357143,0.4447167732
13.88389238,1400,0.6027474986,0.3686970844,0.7870357143,0.4684629651
15.19518689,1400,0.03809415469,0.356130056,0.7870357143,0.4524954198
13.9683585,1400,0.6432413185,0.36916284,0.7870357143,0.4690547497
13.07576355,1400,0.8653234445,0.3828259604,0.7870357143,0.4864149789
5.340264439,1400,0.641461241,0.3893261904,0.7870357143,0.4946741087
16.75207397,1400,0.3036462146,0.3570118409,0.7870357143,0.4536158073
6.624945489,1400,0.9387091973,0.4687914013,0.7870357143,0.5956418404
10.64853525,1400,0.6937649632,0.3916392933,0.7870357143,0.4976131148
18.4675417,1400,0.8515921519,0.3493367001,0.7870357143,0.4438638473
5.794921253,1400,0.8094307679,0.4373353267,0.7870357143,0.5556740549
21.83592832,1400,0.02855380398,0.3602027833,0.7870357143,0.457670188
7.870755686,1400,0.1035571106,0.3248477427,0.7870357143,0.4127484138
13.11723409,1400,0.2548405477,0.3597328865,0.7870357143,0.4570731417
4.978240978,1400,0.7418888219,0.4154714362,0.7870357143,0.5278940061
17.95663543,1400,0.3129612813,0.3582786804,0.7870357143,0.4552254414
10.08405576,1400,0.06892021513,0.3391257265,0.7870357143,0.4308898825
9.930044443,1400,0.7814583791,0.4051406178,0.7870357143,0.5147677678
17.05744413,1400,0.4404455378,0.3559317867,0.7870357143,0.4522435008
15.58322344,1400,0.4513112927,0.3591409342,0.7870357143,0.4563210128
4.383754845,1400,0.4039930776,0.3171065712,0.7870357143,0.4029125559
16.64711748,1400,0.8038937387,0.350069504,0.7870357143,0.4447949409
16.99091822,1400,0.8145399834,0.3489003035,0.7870357143,0.443309366
18.64515172,1400,0.474250108,0.3569009734,0.7870357143,0.4534749401
23.64859135,1400,0.7927730062,0.3492911513,0.7870357143,0.4438059734
21.73729843,1400,0.3457836487,0.358490451,0.7870357143,0.4554945151
7.322650154,1400,0.6941557779,0.4060804471,0.7870357143,0.5159619058
9.068655712,1400,0.9487313741,0.4364633408,0.7870357143,0.554566118
23.44868166,1400,0.249482131,0.3580927277,0.7870357143,0.4549891717
6.282865577,1400,0.9181013283,0.4670454575,0.7870357143,0.593423461
17.53235952,1400,0.1848830966,0.3588070601,0.7870357143,0.4558967955
7.783185783,1400,0.7438927775,0.4136658101,0.7870357143,0.525599795
22.59493627,1400,0.5448558305,0.3553019562,0.7870357143,0.4514432443
9.438204724,1400,0.0394051159,0.3321415088,0.7870357143,0.4220158028
8.828524221,1400,0.8560957271,0.4246949246,0.7870357143,0.5396132816
7.653858519,1400,0.1524075759,0.3282877819,0.7870357143,0.4171192945
22.03399254,1400,0.7051876412,0.3526535884,0.7870357143,0.4480782536
20.63532752,1400,0.8791515526,0.349026911,0.7870357143,0.4434702322
7.494719154,1400,0.4627764894,0.3679443168,0.7870357143,0.4675065058
18.62604911,1400,0.5796014281,0.3552495529,0.7870357143,0.4513766611
10.86337247,1400,0.7822341917,0.3977994546,0.7870357143,0.5054401565
10.0091356,1400,0.04292206765,0.3365127404,0.7870357143,0.4275698476
18.74300828,1400,0.6351613844,0.3543105716,0.7870357143,0.4501836006
9.114798262,1400,0.6626052384,0.3958527054,0.7870357143,0.5029666357
8.521859404,1400,0.6641006673,0.3980919599,0.7870357143,0.505811811
6.470917519,1400,0.52162714,0.3718895379,0.7870357143,0.4725192658
22.26978838,1400,0.2546042106,0.359002894,0.7870357143,0.4561456201
10.41620243,1400,0.7395533618,0.397279478,0.7870357143,0.5047794792
14.56217773,1400,0.06193300932,0.3554356051,0.7870357143,0.4516130572
4.982694087,1400,0.5398075104,0.3599351612,0.7870357143,0.4573301499
9.286609135,1400,0.1623629633,0.3424185464,0.7870357143,0.4350737079
9.802719243,1400,0.1392990719,0.3433794875,0.7870357143,0.4362946704
9.269861905,1400,0.2570362609,0.3514607602,0.7870357143,0.4465626575
5.228639148,1400,0.4808603171,0.3505713447,0.7870357143,0.4454325749
15.17933982,1400,0.1657887662,0.3578897285,0.7870357143,0.4547312428
9.040931629,1400,0.4489230811,0.3707609463,0.7870357143,0.4710852883
5.731088045,1400,0.6833828812,0.40252297,0.7870357143,0.5114418097
23.47288507,1400,0.9404008441,0.3455124044,0.7870357143,0.439004734
12.59945028,1400,0.4481213247,0.368301054,0.7870357143,0.4679597728
11.60186037,1400,0.8750844207,0.3982521858,0.7870357143,0.5060153924
7.625569283,1400,0.7181212599,0.409676603,0.7870357143,0.5205311469
20.96374918,1400,0.9121674728,0.348039809,0.7870357143,0.44221603
17.3228175,1400,0.2005847371,0.358491145,0.7870357143,0.4554953968
4.781105822,1400,0.395132636,0.3246472468,0.7870357143,0.4124936657
9.056644661,1400,0.7772415046,0.4111948441,0.7870357143,0.5224602095
17.28975876,1400,0.04910886173,0.3590027292,0.7870357143,0.4561454107
5.244496832,1400,0.0824748777,0.2823771633,0.7870357143,0.3587857047
22.39871942,1400,0.4940435735,0.3562377728,0.7870357143,0.4526322838
23.05402977,1400,0.527972443,0.3552010762,0.7870357143,0.4513150671
12.94758293,1400,0.0293792255,0.3500681937,0.7870357143,0.4447932761
8.414795789,1400,0.1292439684,0.3327225554,0.7870357143,0.422754075
23.24695488,1400,0.4553236038,0.3561045257,0.7870357143,0.4524629814
9.486850715,1400,0.3888394328,0.365229069,0.7870357143,0.4640565382
15.03442223,1400,0.2040011774,0.3583934125,0.7870357143,0.4553712188
17.43813908,1400,0.783455029,0.3501607382,0.7870357143,0.4449108621
20.73230704,1400,0.3010555897,0.3592572021,0.7870357143,0.4564687416
15.03021551,1400,0.5045151701,0.361625041,0.7870357143,0.4594772949
9.320518844,1400,0.873364762,0.4221614216,0.7870357143,0.5363942371
17.07216777,1400,0.229013395,0.3580146322,0.7870357143,0.4548899443
7.264595596,1400,0.5290947068,0.3772490583,0.7870357143,0.4793290208
15.85955322,1400,0.3887089293,0.3581754656,0.7870357143,0.4550942976
9.613610169,1400,0.642744798,0.3916335926,0.7870357143,0.4976058716
6.978153455,1400,0.2874428429,0.3388221138,0.7870357143,0.4305041152
17.95522858,1400,0.2679137094,0.358659578,0.7870357143,0.4557094062
4.638107221,1400,0.07281320706,0.2662678398,0.7870357143,0.3383173533
17.88106969,1400,0.5930755831,0.3544831794,0.7870357143,0.4504029144
7.400397826,1400,0.74779393,0.4161073741,0.7870357143,0.5287020227
17.7266063,1400,0.4021044435,0.357139282,0.7870357143,0.4537777328
10.06009459,1400,0.4221097257,0.3691096738,0.7870357143,0.4689871972
15.82086633,1400,0.2208602864,0.3580768719,0.7870357143,0.4549690254
8.500848923,1400,0.193814162,0.340318371,0.7870357143,0.4324052452
18.39348452,1400,0.4159928396,0.3575096481,0.7870357143,0.4542483164
21.56764248,1400,0.08605908968,0.360231797,0.7870357143,0.4577070525
12.82558337,1400,0.8325871094,0.3838728898,0.7870357143,0.4877451973
11.81786273,1400,0.1495450461,0.3525733938,0.7870357143,0.4479763592
6.00381802,1400,0.7089340039,0.4097369622,0.7870357143,0.5206078387
5.111373118,1400,0.1373970682,0.2874290141,0.7870357143,0.3652045376
13.88433789,1400,0.09761636465,0.3551295635,0.7870357143,0.4512242037
13.98597861,1400,0.1889072236,0.3579247549,0.7870357143,0.454775747
11.29082843,1400,0.3651276019,0.365095502,0.7870357143,0.4638868292
12.76495734,1400,0.6294167684,0.3756219687,0.7870357143,0.4772616564
21.54674211,1400,0.2192802077,0.3596389493,0.7870357143,0.4569537859
22.61111059,1400,0.1029440839,0.3595745402,0.7870357143,0.4568719483
11.1278815,1400,0.3585245009,0.364597018,0.7870357143,0.4632534602
17.76261412,1400,0.507794928,0.3557614298,0.7870357143,0.452027047
9.135564832,1400,0.3573453455,0.3610941589,0.7870357143,0.4588027612
8.457064316,1400,0.5183762122,0.3783618256,0.7870357143,0.4807428923
4.965941866,1400,0.6774638912,0.3957016214,0.7870357143,0.5027746698
7.392537938,1400,0.5780451893,0.3856305902,0.7870357143,0.4899785145
9.66057861,1400,0.4193021795,0.3685052138,0.7870357143,0.4682191762
18.37104166,1400,0.4908764158,0.3564956162,0.7870357143,0.4529598971
23.74546688,1400,0.8422530034,0.3479375313,0.7870357143,0.442086077
7.667773831,1400,0.7597745523,0.4171366415,0.7870357143,0.5300097999
12.97798613,1400,0.0437362706,0.3508018508,0.7870357143,0.4457254537
4.756417118,1400,0.3358699535,0.3125793531,0.7870357143,0.3971603161
22.52250801,1400,0.2293033008,0.3590140094,0.7870357143,0.4561597433
15.97596938,1400,0.1842845503,0.3578796667,0.7870357143,0.4547184584
16.84063907,1400,0.8742904495,0.3471920369,0.7870357143,0.4411388589
9.07574086,1400,0.3130969608,0.3562589651,0.7870357143,0.4526592105
18.88618427,1400,0.440710422,0.35747732,0.7870357143,0.4542072406
16.90438695,1400,0.9186104225,0.3460787394,0.7870357143,0.4397243138
12.94490495,1400,0.718216074,0.3781592296,0.7870357143,0.4804854757
16.76529364,1400,0.8161628922,0.3488788255,0.7870357143,0.4432820762
11.37209641,1400,0.3927503885,0.3669116817,0.7870357143,0.4661944496
11.71379824,1400,0.7843213981,0.3910096729,0.7870357143,0.4968131253
7.135017305,1400,0.5333995145,0.3774644088,0.7870357143,0.4796026431
14.1120582,1400,0.2297265179,0.3590393301,0.7870357143,0.4561919155
13.26129618,1400,0.800682248,0.3787491357,0.7870357143,0.4812350047
18.56294491,1400,0.2769404307,0.3590295703,0.7870357143,0.4561795148
11.38816706,1400,0.4073113839,0.3678562875,0.7870357143,0.4673946568
15.80322011,1400,0.4453901175,0.3583140429,0.7870357143,0.4552703726
9.143463082,1400,0.520001901,0.3788301394,0.7870357143,0.4813379272
9.164032538,1400,0.0007232753286,0.3263985444,0.7870357143,0.4147188475
14.31529266,1400,0.7728617654,0.3692580145,0.7870357143,0.4691756775
18.10112645,1400,0.806156878,0.3502204956,0.7870357143,0.4449867893
12.59045037,1400,0.3234339343,0.3626368246,0.7870357143,0.4607628574
17.43551063,1400,0.8450149302,0.3486554369,0.7870357143,0.4429982409
22.8379235,1400,0.1906838345,0.3590174239,0.7870357143,0.4561640818
9.297597904,1400,0.5718370868,0.3845699019,0.7870357143,0.4886308143
8.015284313,1400,0.480580958,0.3724513739,0.7870357143,0.4732331292
12.20439529,1400,0.3944546564,0.366373934,0.7870357143,0.4655111926
22.52243195,1400,0.5442927752,0.3553649924,0.7870357143,0.4515233374
23.18112378,1400,0.04624402657,0.3592382044,0.7870357143,0.4564446033
10.88998523,1400,0.465284129,0.3723819676,0.7870357143,0.4731449422
16.30481775,1400,0.3112529372,0.3572268558,0.7870357143,0.4538890032
20.21506443,1400,0.4604005486,0.3575106813,0.7870357143,0.4542496291
12.38774957,1400,0.02193495321,0.347596764,0.7870357143,0.4416531013
7.884783009,1400,0.4546596939,0.3684484901,0.7870357143,0.4681471036
6.56193876,1400,0.6630846186,0.4001153486,0.7870357143,0.5083827091
21.48685398,1400,0.4578691947,0.3572630239,0.7870357143,0.453934958
12.1745822,1400,0.4300794063,0.3682666935,0.7870357143,0.4679161146
19.63189729,1400,0.594666474,0.3553575292,0.7870357143,0.4515138547
16.21365073,1400,0.4652106758,0.3566218457,0.7870357143,0.4531202831
16.99053517,1400,0.7517280298,0.3503686808,0.7870357143,0.445175072
11.47710394,1400,0.2634530325,0.3586812605,0.7870357143,0.4557369557
15.15687796,1400,0.4952296984,0.361018435,0.7870357143,0.4587065472
7.489206803,1400,0.1053158601,0.3209678092,0.7870357143,0.4078186077
14.11893796,1400,0.1060236896,0.3557804373,0.7870357143,0.4520511978
23.70962268,1400,0.440736305,0.3558469636,0.7870357143,0.4521357254
6.610482745,1400,0.7036893441,0.4088647817,0.7870357143,0.5194996546
13.56903466,1400,0.1774118562,0.3572374117,0.7870357143,0.4539024153
18.11834571,1400,0.9266171121,0.3470836849,0.7870357143,0.4410011879
18.26868634,1400,0.1818944357,0.3594713194,0.7870357143,0.4567407969
20.47814575,1400,0.632327788,0.3546934016,0.7870357143,0.4506700206
15.06955769,1400,0.3833262428,0.3604035632,0.7870357143,0.457925297
6.127052933,1400,0.483371968,0.3620133226,0.7870357143,0.4599706418
4.248582222,1400,0.3988663253,0.3123986157,0.7870357143,0.3969306729
19.6846533,1400,0.1292711316,0.3603445283,0.7870357143,0.4578502878
11.41252348,1400,0.2505231745,0.3577480201,0.7870357143,0.4545511895
10.82005554,1400,0.4503453702,0.3713235822,0.7870357143,0.471800168
16.31044669,1400,0.4016100078,0.3566816967,0.7870357143,0.4531963293
4.427832739,1400,0.3318607577,0.3037117062,0.7870357143,0.3858931694
7.053238015,1400,0.3697524131,0.3513387814,0.7870357143,0.4464076725
5.530060746,1400,0.1871928454,0.3035505094,0.7870357143,0.3856883543
21.75230046,1400,0.431367582,0.3574921107,0.7870357143,0.4542260335
13.16474958,1400,0.8958912201,0.3830873819,0.7870357143,0.4867471386
21.47810467,1400,0.6035684751,0.3549509817,0.7870357143,0.4509972995
4.808738071,1400,0.07740494551,0.2713848452,0.7870357143,0.344818971
9.986000834,1400,0.4492343986,0.3715509767,0.7870357143,0.4720890932
21.6169067,1400,0.2649757414,0.3592801653,0.7870357143,0.4564979184
11.75034645,1400,0.3246510591,0.3626839067,0.7870357143,0.4608226795
17.47772485,1400,0.9485302349,0.3458968452,0.7870357143,0.4394932008
14.84603542,1400,0.05173319937,0.3557418233,0.7870357143,0.4520021352
7.328665394,1400,0.3018337801,0.3440918057,0.7870357143,0.437199735
9.399389493,1400,0.9299552816,0.4292396429,0.7870357143,0.545387757
23.90866996,1400,0.574348949,0.3535788855,0.7870357143,0.4492539272
15.70687527,1400,0.3852498931,0.3586313333,0.7870357143,0.4556735187
16.71901866,1400,0.4878697282,0.3548364645,0.7870357143,0.450851795
14.92938964,1400,0.7022315563,0.3637676964,0.7870357143,0.4621997323
4.161606739,1400,0.0007171123718,0.2420626171,0.7870357143,0.3075624305
22.22687535,1400,0.2995583327,0.3586594295,0.7870357143,0.4557092175
5.560245218,1400,0.7204942097,0.411693414,0.7870357143,0.5230936875
13.30497613,1400,0.2958018938,0.3612401924,0.7870357143,0.45898831
5.160576332,1400,0.250947601,0.3063696503,0.7870357143,0.3892703275
18.9829283,1400,0.06031050397,0.360316869,0.7870357143,0.4578151442
22.35814834,1400,0.7881382006,0.3505532309,0.7870357143,0.4454095597
6.513267391,1400,0.4224565805,0.3548888791,0.7870357143,0.4509183924
21.76217091,1400,0.9107179378,0.3477361737,0.7870357143,0.4418302339
9.580188372,1400,0.9423025501,0.4286298581,0.7870357143,0.5446129703
18.44535848,1400,0.9287120824,0.3472447591,0.7870357143,0.4412058472
22.01745063,1400,0.6071183025,0.3546097013,0.7870357143,0.4505636718
12.49018464,1400,0.0412602768,0.3489783123,0.7870357143,0.4434084832
15.51889162,1400,0.1161776314,0.3574780996,0.7870357143,0.4542082311
14.91785717,1400,0.4826852538,0.3618842874,0.7870357143,0.4598066909
7.919017676,1400,0.1428552358,0.3297753289,0.7870357143,0.4190093574
6.704023596,1400,0.3984456823,0.352722563,0.7870357143,0.4481658921
5.961182002,1400,0.5864646872,0.3812563645,0.7870357143,0.4844206655
5.565237291,1400,0.2765505288,0.3182450385,0.7870357143,0.4043590815
4.374975089,1400,0.7943531291,0.4304199148,0.7870357143,0.5468873992
8.909477549,1400,0.02216504617,0.326197641,0.7870357143,0.4144635816
12.60054979,1400,0.8910970979,0.3887784726,0.7870357143,0.4939781836
10.8979173,1400,0.1851435382,0.3519549588,0.7870357143,0.4471905816
21.89526675,1400,0.8266210646,0.3499026258,0.7870357143,0.4445829071
6.840977395,1400,0.7098644965,0.4099913224,0.7870357143,0.5209310263
19.91744933,1400,0.3243154435,0.3590769902,0.7870357143,0.4562397661
15.98386487,1400,0.9486347692,0.354490976,0.7870357143,0.4504128206
4.332144634,1400,0.6539477278,0.3799518931,0.7870357143,0.4827632167
19.80421996,1400,0.3696937821,0.3585997716,0.7870357143,0.4556334168
17.69702826,1400,0.2744608655,0.358372954,0.7870357143,0.4553452245
9.162777482,1400,0.1003599147,0.3357020141,0.7870357143,0.4265397465
19.51319561,1400,0.6965143015,0.3533700522,0.7870357143,0.4489885857
12.11359008,1400,0.6554026935,0.380504879,0.7870357143,0.4834658353
12.06247544,1400,0.9221879034,0.3963651529,0.7870357143,0.5036177465
12.17852291,1400,0.945956071,0.3964567106,0.7870357143,0.5037340789
8.426312683,1400,0.3148807146,0.3533620668,0.7870357143,0.4489784394
17.41023681,1400,0.9438901725,0.3459599485,0.7870357143,0.4395733792
5.22731024,1400,0.06514255362,0.2795580241,0.7870357143,0.3552037335
22.90826972,1400,0.6164779218,0.3537946007,0.7870357143,0.4495280129
8.616815091,1400,0.7178533564,0.4054499535,0.7870357143,0.5151608067
16.02257482,1400,0.08936086888,0.357622825,0.7870357143,0.4543921178
6.397898803,1400,0.3716990116,0.3454078725,0.7870357143,0.4388719168
17.84099449,1400,0.6760870475,0.3528863805,0.7870357143,0.448374037
17.68309363,1400,0.5733800406,0.354641489,0.7870357143,0.450604061
11.62052273,1400,0.7380275724,0.3886703757,0.7870357143,0.4938408368
17.88740387,1400,0.8604796952,0.3486870102,0.7870357143,0.4430383576
22.02197645,1400,0.5799616934,0.355092612,0.7870357143,0.4511772536
22.59794901,1400,0.8919181465,0.3476941032,0.7870357143,0.4417767795
22.60574416,1400,0.3766289791,0.357621283,0.7870357143,0.4543901585
22.04484536,1400,0.1720432148,0.3596629482,0.7870357143,0.4569842787
20.48081176,1400,0.7603733263,0.3520098006,0.7870357143,0.4472602631
19.55908779,1400,0.5813536501,0.3555763887,0.7870357143,0.4517919356
9.529198564,1400,0.5768155527,0.3846909695,0.7870357143,0.4887846415
16.74470566,1400,0.8044947647,0.3492488246,0.7870357143,0.4437521935
4.354693802,1400,0.5289408616,0.345299659,0.7870357143,0.4387344218
23.94304733,1400,0.2498418591,0.3575823244,0.7870357143,0.4543406582
16.79838342,1400,0.3176715636,0.3569494757,0.7870357143,0.4535365667
5.984430613,1400,0.6499116331,0.395526724,0.7870357143,0.5025524468
19.619567,1400,0.4506130846,0.3575893327,0.7870357143,0.4543495628
18.83750452,1400,0.7656798898,0.3516250983,0.7870357143,0.446771464
16.77622383,1400,0.4924700843,0.3548504198,0.7870357143,0.4508695264
20.44982194,1400,0.9158315281,0.3480513287,0.7870357143,0.4422306668
22.15066798,1400,0.1798847751,0.3595595939,0.7870357143,0.4568529577
18.77830264,1400,0.905060404,0.3480826892,0.7870357143,0.4422705131
8.589133786,1400,0.8474082533,0.4256442757,0.7870357143,0.5408195181
13.32145886,1400,0.9398172911,0.382978114,0.7870357143,0.4866083039
13.45354428,1400,0.08990178975,0.3539758999,0.7870357143,0.4497583699
14.92601853,1400,0.8166339771,0.3646476416,0.7870357143,0.4633177821
22.8023278,1400,0.3709333912,0.3575337224,0.7870357143,0.4542789049
14.76910473,1400,0.8004305342,0.3658595685,0.7870357143,0.4648576448
10.31008381,1400,0.394777229,0.3668951506,0.7870357143,0.4661734454
22.23033612,1400,0.7334704496,0.351910094,0.7870357143,0.4471335768
21.436494,1400,0.04543407157,0.3603647055,0.7870357143,0.4578759248
11.13826444,1400,0.2881966939,0.3597660721,0.7870357143,0.4571153069
9.947907498,1400,0.3013729361,0.3581735764,0.7870357143,0.4550918972
23.01450669,1400,0.7240776986,0.3515082112,0.7870357143,0.4466229484
22.1517217,1400,0.5256851015,0.3559159633,0.7870357143,0.4522233958
6.524292643,1400,0.6906377736,0.4060011581,0.7870357143,0.515861162
11.49081314,1400,0.8503088666,0.3975863749,0.7870357143,0.5051694195
10.81749981,1400,0.8279354539,0.4021938417,0.7870357143,0.5110236224
22.95234495,1400,0.1669399008,0.3590509469,0.7870357143,0.4562066758
15.51777922,1400,0.7060176706,0.3596170474,0.7870357143,0.4569259576
17.77139868,1400,0.5284414124,0.3554545978,0.7870357143,0.4516371892
22.40472133,1400,0.4266300963,0.357164179,0.7870357143,0.4538093666
6.805023792,1400,0.7311780187,0.4146122121,0.7870357143,0.5268022843
19.49299032,1400,0.6395741249,0.3545029455,0.7870357143,0.450428029
5.946921443,1400,0.3291056488,0.3328492933,0.7870357143,0.422915107
21.99823317,1400,0.4865863729,0.3566017934,0.7870357143,0.4530948049
23.03207974,1400,0.7695897244,0.3504526856,0.7870357143,0.4452818077
5.413914037,1400,0.4717259222,0.3514028951,0.7870357143,0.4464891348
21.88536413,1400,0.7308415119,0.3521817961,0.7870357143,0.4474787989
21.7855042,1400,0.4573732058,0.3571301852,0.7870357143,0.4537661745
21.82144498,1400,0.5607872642,0.3555340811,0.7870357143,0.4517381799
13.65890959,1400,0.1848048981,0.3575655936,0.7870357143,0.4543194002
9.429685798,1400,0.1277153886,0.3400904386,0.7870357143,0.4321156364
6.151036541,1400,0.8290009125,0.4414387062,0.7870357143,0.5608877694
19.38343252,1400,0.656719481,0.3541441399,0.7870357143,0.449972134
15.70125136,1400,0.2414781715,0.3582684393,0.7870357143,0.4552124291
7.800510333,1400,0.9460859227,0.4537895283,0.7870357143,0.5765806049
20.26377659,1400,0.8859056369,0.3488942715,0.7870357143,0.4433017018
17.68141574,1400,0.005186066719,0.3594538634,0.7870357143,0.4567186175
21.80610841,1400,0.5034235274,0.3564577067,0.7870357143,0.4529117297
22.75335304,1400,0.5402202956,0.3552551665,0.7870357143,0.4513837937
18.04602619,1400,0.7267930933,0.3519986833,0.7870357143,0.4472461376
5.29040162,1400,0.2488997138,0.3086462896,0.7870357143,0.3921630035
9.209342118,1400,0.2271780173,0.3482239246,0.7870357143,0.4424499654
14.76760431,1400,0.5827863088,0.3636405597,0.7870357143,0.4620381936
12.72351474,1400,0.2061826554,0.357388974,0.7870357143,0.454094989
15.38062353,1400,0.5107327502,0.3601286682,0.7870357143,0.4575760181
20.47473032,1400,0.8147122762,0.3507145259,0.7870357143,0.4456144994
5.009824893,1400,0.6400965871,0.3856837605,0.7870357143,0.4900460723
17.53412091,1400,0.857584544,0.3484349777,0.7870357143,0.4427181274
6.419775157,1400,0.7621502358,0.4226716237,0.7870357143,0.5370424951
20.35946054,1400,0.1802858684,0.3601568573,0.7870357143,0.4576118348
7.652002239,1400,0.755156339,0.4163556699,0.7870357143,0.529017505
9.405383637,1400,0.6422967407,0.3923477231,0.7870357143,0.4985132389
5.306418449,1400,0.2496274307,0.3090790744,0.7870357143,0.3927128957
15.67950535,1400,0.4139575999,0.3587494759,0.7870357143,0.4558236296
9.154120452,1400,0.9444918076,0.434631852,0.7870357143,0.552239046
20.49511646,1400,0.948405633,0.3471139378,0.7870357143,0.4410396269
7.612911012,1400,0.2418918308,0.3387879251,0.7870357143,0.4304606753
8.439954123,1400,0.2293585995,0.3437711128,0.7870357143,0.4367922657
8.152008307,1400,0.6702716485,0.4000737965,0.7870357143,0.5083299134
22.24164407,1400,0.3261251755,0.3584024321,0.7870357143,0.4553826791
20.72972335,1400,0.4323102817,0.3578317857,0.7870357143,0.4546576213
20.05037761,1400,0.8732700971,0.349239851,0.7870357143,0.4437407917
21.14350515,1400,0.207443687,0.3598615163,0.7870357143,0.4572365774
11.23948742,1400,0.1383390733,0.349959738,0.7870357143,0.4446554733
8.513665661,1400,0.2810597791,0.350001702,0.7870357143,0.4447087923
14.63924055,1400,0.43789698,0.3623241549,0.7870357143,0.4603655823
23.66011873,1400,0.5967278358,0.3534474652,0.7870357143,0.4490869458
15.70810564,1400,0.5216826809,0.3586396534,0.7870357143,0.4556840902
12.11605506,1400,0.3949035214,0.3664943691,0.7870357143,0.4656642163
16.77855535,1400,0.1011128718,0.3582393055,0.7870357143,0.455175412
20.9964694,1400,0.9427574926,0.3471581348,0.7870357143,0.4410957832
20.16032151,1400,0.2505380244,0.3597149867,0.7870357143,0.4570503983
5.528079323,1400,0.7471034053,0.4191322541,0.7870357143,0.5325454061
11.26982404,1400,0.9256271744,0.405790208,0.7870357143,0.5155931308
14.1068514,1400,0.6524551378,0.3685164975,0.7870357143,0.4682335132
10.05811982,1400,0.5818060751,0.3839177639,0.7870357143,0.4878022139
4.500573191,1400,0.2970685535,0.2990914212,0.7870357143,0.3800226798
8.943216038,1400,0.2208675828,0.3460905647,0.7870357143,0.439739339
9.755438989,1400,0.8719308253,0.4173506701,0.7870357143,0.5302817426
6.468158987,1400,0.6607586961,0.399461049,0.7870357143,0.5075513624
9.164761828,1400,0.5135323866,0.3780951957,0.7870357143,0.4804041148
12.6281838,1400,0.08107217546,0.3513931228,0.7870357143,0.4464767182
5.19838812,1400,0.2190076613,0.3019474657,0.7870357143,0.3836515424
12.66476791,1400,0.611757467,0.375381127,0.7870357143,0.4769556453
11.64256195,1400,0.09136791507,0.3485156272,0.7870357143,0.4428206
10.72621376,1400,0.7611488308,0.3970330443,0.7870357143,0.5044663629
6.144195442,1400,0.1887264235,0.3142280905,0.7870357143,0.399255186
5.962841287,1400,0.2227791444,0.3163964912,0.7870357143,0.4020103351
4.177396034,1400,0.116469508,0.2593676492,0.7870357143,0.3295500376
12.48614685,1400,0.335439876,0.363235285,0.7870357143,0.4615232555
13.55929254,1400,0.3452195452,0.3626680493,0.7870357143,0.4608025312
11.82339417,1400,0.6399114099,0.3811988812,0.7870357143,0.4843476277
11.97943242,1400,0.9449292433,0.3987663094,0.7870357143,0.5066686329
22.97162822,1400,0.5680460908,0.3546090415,0.7870357143,0.4505628335
15.6367076,1400,0.4141047438,0.3588905773,0.7870357143,0.4560029116
14.39089154,1400,0.4547317041,0.3634116826,0.7870357143,0.4617473845
11.13877276,1400,0.7229749034,0.390952246,0.7870357143,0.4967401592
18.16692128,1400,0.08444105546,0.3597735609,0.7870357143,0.4571248221
6.752813163,1400,0.112738868,0.3127430929,0.7870357143,0.3973683623
14.02873751,1400,0.3086608568,0.3610730503,0.7870357143,0.4587759408
13.55035706,1400,0.4624014966,0.3662885912,0.7870357143,0.4654027568
4.442802684,1400,0.1819419182,0.277636832,0.7870357143,0.3527626853
10.51486745,1400,0.9421418032,0.4165465128,0.7870357143,0.5292599882
15.09556555,1400,0.05216020653,0.3561822119,0.7870357143,0.4525616887
21.11118796,1400,0.2849123637,0.3593072017,0.7870357143,0.4565322706
20.77599752,1400,0.7200667543,0.3528590399,0.7870357143,0.4483392983
8.224265543,1400,0.2424610111,0.3437331817,0.7870357143,0.4367440708
10.9912878,1400,0.09489391462,0.3459747817,0.7870357143,0.4395922262
7.736943998,1400,0.7179058212,0.4092435803,0.7870357143,0.5199809524
16.90111192,1400,0.7545634974,0.3501899139,0.7870357143,0.4449479326
11.44537069,1400,0.9111055686,0.4026098858,0.7870357143,0.511552244
18.6088139,1400,0.8638687434,0.349099864,0.7870357143,0.4435629256
6.414203688,1400,0.692006281,0.4062344353,0.7870357143,0.5161575618
20.59388638,1400,0.4994281033,0.3569243556,0.7870357143,0.4535046493
14.50757596,1400,0.07592260936,0.3556598462,0.7870357143,0.4518979759
11.69397294,1400,0.2665321931,0.3591896201,0.7870357143,0.4563828726
7.664498523,1400,0.5985575577,0.3893004153,0.7870357143,0.494641359
10.92764,1400,0.2531984461,0.3569003633,0.7870357143,0.453474165
18.80111437,1400,0.5512463496,0.355817069,0.7870357143,0.4520977417
4.78985017,1400,0.6818381149,0.3951470962,0.7870357143,0.5020700955
10.91910718,1400,0.5248361658,0.37682828,0.7870357143,0.478794384
8.524980841,1400,0.5525661728,0.3828595302,0.7870357143,0.4864576325
8.248143719,1400,0.4672163557,0.3713147693,0.7870357143,0.4717889703
18.12665682,1400,0.193868309,0.3592986303,0.7870357143,0.4565213798
16.10320783,1400,0.7355735669,0.3552002512,0.7870357143,0.4513140189
12.92750654,1400,0.8643360666,0.384246445,0.7870357143,0.488219833
18.09998863,1400,0.6619674217,0.3533814418,0.7870357143,0.4490030572
13.80388024,1400,0.172728209,0.3573170032,0.7870357143,0.4540035436
19.70301338,1400,0.4528956038,0.3575738547,0.7870357143,0.4543298966
13.66118408,1400,0.6714301257,0.371772061,0.7870357143,0.4723700009
18.74694491,1400,0.3190933824,0.3587657336,0.7870357143,0.4558442865
22.74588825,1400,0.692526504,0.3524173058,0.7870357143,0.4477780352
18.2110977,1400,0.3070181056,0.3585356778,0.7870357143,0.4555519798
23.78145894,1400,0.6943169461,0.3513963683,0.7870357143,0.4464808418
4.868999487,1400,0.1161055419,0.2785678633,0.7870357143,0.3539456447
10.81009623,1400,0.7736941443,0.3974868427,0.7870357143,0.5050429548
8.637129411,1400,0.3525374093,0.3587103566,0.7870357143,0.455773925
20.04857521,1400,0.1868587451,0.3601206965,0.7870357143,0.4575658893
23.15901927,1400,0.1625685525,0.3588955145,0.7870357143,0.4560091848
12.67134875,1400,0.3579689533,0.3641466257,0.7870357143,0.4626811962
19.46334444,1400,0.7776775597,0.3515618941,0.7870357143,0.4466911574
21.27715803,1400,0.0830893656,0.3603517869,0.7870357143,0.4578595105
23.4178972,1400,0.1298996886,0.3588006331,0.7870357143,0.4558886295
15.97099592,1400,0.8153403848,0.3556354541,0.7870357143,0.4518669835
20.16537654,1400,0.4994366046,0.3569549537,0.7870357143,0.4535435269
10.27217316,1400,0.03021739835,0.3372084436,0.7870357143,0.4284538013
20.35182825,1400,0.3209797873,0.3591179355,0.7870357143,0.4562917908
15.25440812,1400,0.8125973447,0.3617866762,0.7870357143,0.459682667
4.408899471,1400,0.5659788461,0.3561132719,0.7870357143,0.4524740942
8.579686008,1400,0.793025001,0.4170142358,0.7870357143,0.5298542725
15.6218943,1400,0.3406435929,0.358758818,0.7870357143,0.4558354995
4.989049258,1400,0.3021339651,0.311550689,0.7870357143,0.3958533054
11.85574193,1400,0.890113414,0.3966055093,0.7870357143,0.5039231412
14.3644482,1400,0.7263651918,0.3681177679,0.7870357143,0.4677268911
14.54730212,1400,0.2013454759,0.3583991551,0.7870357143,0.4553785154
18.03102735,1400,0.7893428438,0.3505685156,0.7870357143,0.4454289803
19.78449551,1400,0.02142498677,0.3605993081,0.7870357143,0.4581740085
15.93033539,1400,0.3658819784,0.3579936268,0.7870357143,0.454863255
19.92867833,1400,0.8018581706,0.3510507482,0.7870357143,0.4460417004
17.33387867,1400,0.6733604083,0.3524362868,0.7870357143,0.4478021523
22.72325891,1400,0.4986508036,0.3559293788,0.7870357143,0.4522404414
22.76309093,1400,0.7177727577,0.3518611003,0.7870357143,0.4470713259
5.600678281,1400,0.3328124106,0.3282670436,0.7870357143,0.4170929446
10.42200231,1400,0.5855815333,0.3831788717,0.7870357143,0.4868633846
5.643116373,1400,0.8954345316,0.4665860763,0.7870357143,0.5928397756
18.67286484,1400,0.4520915446,0.357218806,0.7870357143,0.4538787752
17.24350397,1400,0.6042450343,0.3536405191,0.7870357143,0.4493322382
10.90342544,1400,0.7010893319,0.3907328266,0.7870357143,0.496461367
9.737784413,1400,0.01007567845,0.3318402184,0.7870357143,0.4216329861
21.82353141,1400,0.7053470479,0.35277163,0.7870357143,0.4482282362
14.12339031,1400,0.4019467245,0.3631219204,0.7870357143,0.4613792154
9.928315935,1400,0.0509636311,0.336641265,0.7870357143,0.4277331497
13.24973662,1400,0.03508804919,0.3513129954,0.7870357143,0.4463749091
5.387471683,1400,0.009045222412,0.2754155067,0.7870357143,0.3499402908
13.93183541,1400,0.7492269006,0.3718190585,0.7870357143,0.4724297154
11.89385789,1400,0.9421476952,0.3996066373,0.7870357143,0.5077363454
21.1837826,1400,0.08351963646,0.3603814151,0.7870357143,0.4578971559
10.97054638,1400,0.4991854389,0.3747906014,0.7870357143,0.4762053292
18.39700565,1400,0.1446023219,0.3597385324,0.7870357143,0.4570803153
20.56947501,1400,0.4271758794,0.3579223831,0.7870357143,0.4547727335
16.0707858,1400,0.4827127343,0.3571228022,0.7870357143,0.4537567937
8.422794714,1400,0.1691885952,0.3370671386,0.7870357143,0.4282742606
19.12382598,1400,0.3451111883,0.3586837143,0.7870357143,0.4557400735
7.975616918,1400,0.07355550968,0.32258761,0.7870357143,0.409876711
7.691783813,1400,0.7467304309,0.4146082166,0.7870357143,0.5267972076
21.98757077,1400,0.0936453067,0.3600041011,0.7870357143,0.4574177443
6.721451123,1400,0.8057739948,0.432057817,0.7870357143,0.5489685019
9.555884926,1400,0.2120203363,0.3485667324,0.7870357143,0.4428855338
8.162775791,1400,0.303895908,0.3505289162,0.7870357143,0.4453786656
11.84765887,1400,0.3105215926,0.3619062717,0.7870357143,0.4598346239
15.49834484,1400,0.5811575986,0.3597061876,0.7870357143,0.4570392182
19.70011205,1400,0.3502684139,0.3587900514,0.7870357143,0.4558751844
4.996662048,1400,0.6521969549,0.388857009,0.7870357143,0.4940779712
9.120811223,1400,0.5505470881,0.3823508094,0.7870357143,0.4858112566
13.29825727,1400,0.5584464378,0.3702934596,0.7870357143,0.4704913041
21.61177628,1400,0.1430235551,0.3600194567,0.7870357143,0.4574372549
19.02645479,1400,0.5838443311,0.3553701279,0.7870357143,0.4515298626
8.728496726,1400,0.2443725678,0.3472613026,0.7870357143,0.4412268672
8.285045233,1400,0.8711455729,0.4327798998,0.7870357143,0.5498859734
4.699826697,1400,0.6749418126,0.3919948657,0.7870357143,0.4980649017
4.96073104,1400,0.8144485496,0.4403662861,0.7870357143,0.5595251627
5.5715482,1400,0.2598525211,0.3156468108,0.7870357143,0.4010577984
22.33372001,1400,0.6239858301,0.3540939487,0.7870357143,0.4499083616
14.16559098,1400,0.2041255889,0.3584014502,0.7870357143,0.4553814315
4.67209353,1400,0.3263493079,0.3088205453,0.7870357143,0.3923844111
20.42826522,1400,0.4591656032,0.3575169176,0.7870357143,0.4542575529
8.952070745,1400,0.1063302508,0.3347025807,0.7870357143,0.4252698761
9.37253626,1400,0.8244889786,0.4150159325,0.7870357143,0.5273152475
9.087075969,1400,0.06509862289,0.3317813311,0.7870357143,0.4215581645
14.37453848,1400,0.6151536725,0.3662422593,0.7870357143,0.4653438881
10.18069731,1400,0.133095595,0.3449016188,0.7870357143,0.4382286758
10.7461115,1400,0.1516632056,0.3489580663,0.7870357143,0.4433827589
7.105199118,1400,0.5896278363,0.3870090034,0.7870357143,0.4917299132
20.63865005,1400,0.2603464422,0.3596097827,0.7870357143,0.4569167271
6.432327187,1400,0.6176269958,0.3903237529,0.7870357143,0.4959416019
9.195350435,1400,0.641116966,0.3929274312,0.7870357143,0.4992498104
6.047317906,1400,0.8389262466,0.4449465499,0.7870357143,0.5653448018
13.97235729,1400,0.09180363472,0.3551182177,0.7870357143,0.4512097878
20.44346237,1400,0.8406926614,0.3500653145,0.7870357143,0.4447896177
18.01097923,1400,0.4410006481,0.356910272,0.7870357143,0.4534867548
18.02550572,1400,0.4339033899,0.3570133504,0.7870357143,0.4536177253
10.67623773,1400,0.1786055355,0.3506724717,0.7870357143,0.4455610658
10.02484023,1400,0.877600368,0.4151558907,0.7870357143,0.5274930771
17.50152416,1400,0.2085548656,0.3586392804,0.7870357143,0.4556836162
23.81638825,1400,0.3979489879,0.35627558,0.7870357143,0.4526803213
14.54071356,1400,0.6853343224,0.3662671125,0.7870357143,0.4653754663
13.76275821,1400,0.07491260954,0.3541564061,0.7870357143,0.4499877194
10.22990335,1400,0.2398878836,0.3538389223,0.7870357143,0.4495843275
8.287298505,1400,0.6687555257,0.3994676591,0.7870357143,0.5075597611
15.47163042,1400,0.36175133,0.359206628,0.7870357143,0.4564044827
5.952869019,1400,0.03194865453,0.2896158973,0.7870357143,0.3679831704
16.01484592,1400,0.6495116306,0.3564551918,0.7870357143,0.4529085343
10.10371761,1400,0.07879179,0.34005148,0.7870357143,0.432066136
12.62907437,1400,0.6578405071,0.3776409377,0.7870357143,0.479826939
5.112185191,1400,0.5611895932,0.3669050127,0.7870357143,0.4661859761
15.97799666,1400,0.7971165242,0.3557086731,0.7870357143,0.4519600148
5.192617897,1400,0.7246543556,0.4113234515,0.7870357143,0.5226236167
19.21148606,1400,0.8049653233,0.3508427949,0.7870357143,0.4457774769
9.594930408,1400,0.2360882975,0.3509714124,0.7870357143,0.445940897
9.129000304,1400,0.4218927836,0.3679471029,0.7870357143,0.4675100459
11.47238439,1400,0.001870675608,0.342175386,0.7870357143,0.4347647505
17.92355234,1400,0.4317051232,0.3569556722,0.7870357143,0.4535444398
9.311347802,1400,0.03199453243,0.3304842862,0.7870357143,0.4199101517
12.69775552,1400,0.5415170275,0.3721460863,0.7870357143,0.4728452337
23.65229703,1400,0.5736049779,0.3538667363,0.7870357143,0.4496196677
13.04293402,1400,0.1800493558,0.3566993266,0.7870357143,0.4532187296
21.4594315,1400,0.3147839127,0.3589192908,0.7870357143,0.4560393948
9.21408971,1400,0.350645003,0.3606497404,0.7870357143,0.4582380874
18.27361445,1400,0.5989908548,0.3546878336,0.7870357143,0.4506629459
17.4499137,1400,0.4349982915,0.3564568802,0.7870357143,0.4529106796
14.4292725,1400,0.2381377651,0.3591671285,0.7870357143,0.456354295
22.74068972,1400,0.3094833868,0.3582074391,0.7870357143,0.4551349229
5.644758071,1400,0.3585979196,0.3334349519,0.7870357143,0.4236592391
23.72321347,1400,0.2718811298,0.3576433709,0.7870357143,0.4544182233
5.559256621,1400,0.06504203595,0.2865373731,0.7870357143,0.3640716271
13.96394703,1400,0.5609564997,0.3673055679,0.7870357143,0.4666949177
22.95541606,1400,0.2087058945,0.3588144523,0.7870357143,0.455906188
21.69358393,1400,0.3775560858,0.3581696799,0.7870357143,0.4550869464
5.846400818,1400,0.7619864937,0.4235544201,0.7870357143,0.5381641676
23.34515851,1400,0.3643125634,0.3571346219,0.7870357143,0.4537718117
19.24495919,1400,0.01534174674,0.3604697519,0.7870357143,0.4580093957
20.18993838,1400,0.7159085938,0.3530220995,0.7870357143,0.4485464802
8.100582856,1400,0.4834602363,0.3730800231,0.7870357143,0.4740318848
12.50335356,1400,0.2316233862,0.3583031921,0.7870357143,0.4552565857
11.02519191,1400,0.5414992934,0.3778048438,0.7870357143,0.4800351965
21.19883173,1400,0.4287547558,0.357756299,0.7870357143,0.4545617085
20.72251115,1400,0.7297779727,0.3526579672,0.7870357143,0.4480838173
12.65763452,1400,0.693863694,0.3790876776,0.7870357143,0.4816651529
4.404297057,1400,0.05706501801,0.2574322136,0.7870357143,0.3270908917
23.09190982,1400,0.6543058905,0.352904591,0.7870357143,0.4483971751
20.381615,1400,0.5115841147,0.3567644961,0.7870357143,0.4533015334
5.035743678,1400,0.130250931,0.2846431659,0.7870357143,0.3616648657
5.613381488,1400,0.3098973169,0.3245815164,0.7870357143,0.4124101493
13.72416133,1400,0.03200039503,0.3526183797,0.7870357143,0.4480335178
21.90194381,1400,0.2263540934,0.3594211532,0.7870357143,0.4566770564
13.11914912,1400,0.6303072626,0.3737068276,0.7870357143,0.4748282967
14.62159837,1400,0.488532182,0.363118884,0.7870357143,0.4613753574
12.70885376,1400,0.004790802977,0.348043535,0.7870357143,0.4422207642
6.193940109,1400,0.6959123902,0.4068829944,0.7870357143,0.5169816147
20.12080628,1400,0.9413280073,0.347353724,0.7870357143,0.4413442969
10.03613418,1400,0.8586782289,0.4128668571,0.7870357143,0.524584653
21.84628705,1400,0.1258125143,0.3599752214,0.7870357143,0.45738105
22.60917757,1400,0.5259363465,0.3555963754,0.7870357143,0.4518173304
19.87708603,1400,0.7779294339,0.3516183478,0.7870357143,0.4467628868
8.293558441,1400,0.6049179341,0.3901180533,0.7870357143,0.495680242
18.7571134,1400,0.498360172,0.3566154102,0.7870357143,0.4531121062
7.354511722,1400,0.7766927536,0.422087016,0.7870357143,0.5362996982
20.56544364,1400,0.2327687891,0.3598200515,0.7870357143,0.4571838927
13.079151,1400,0.8651143769,0.3827845395,0.7870357143,0.48636235
10.10032845,1400,0.1546079758,0.3462571658,0.7870357143,0.4399510207
9.207980592,1400,0.3309413728,0.3586070893,0.7870357143,0.4556427145
15.68033,1400,0.4574900085,0.358777654,0.7870357143,0.4558594323
16.74490569,1400,0.2963250838,0.3570656676,0.7870357143,0.453684199
6.617110578,1400,0.3648016935,0.3466057676,0.7870357143,0.4403939507
5.772920023,1400,0.06056356717,0.2900761486,0.7870357143,0.3685679611
17.21799287,1400,0.6928994388,0.3519085278,0.7870357143,0.4471315868
17.04721829,1400,0.3460001991,0.3570039559,0.7870357143,0.4536057886
15.3675402,1400,0.3236231547,0.359224932,0.7870357143,0.4564277395
10.05135991,1400,0.8412287378,0.4107475949,0.7870357143,0.5218919389
20.46789233,1400,0.3537562525,0.3587827885,0.7870357143,0.4558659563
14.51294411,1400,0.8904257542,0.3692474127,0.7870357143,0.469162207
17.08931841,1400,0.1131012464,0.3586119344,0.7870357143,0.4556488707
16.29106047,1400,0.8988608348,0.3519409089,0.7870357143,0.44717273
18.84060297,1400,0.4168944394,0.3577562203,0.7870357143,0.4545616086
4.361086017,1400,0.5989925444,0.3641857265,0.7870357143,0.4627308773
22.53360391,1400,0.8575744501,0.34867051,0.7870357143,0.4430173926
16.1415244,1400,0.8905303957,0.3534534631,0.7870357143,0.4490945667
15.08610236,1400,0.6844848996,0.3625651865,0.7870357143,0.4606718347
9.493509579,1400,0.2230699747,0.3492845708,0.7870357143,0.4437976122
20.77694878,1400,0.6316174691,0.3546576629,0.7870357143,0.4506246113
21.76527147,1400,0.05360413553,0.3602077091,0.7870357143,0.4576764467
5.802669331,1400,0.7248308562,0.4134714222,0.7870357143,0.5253528076
10.35621877,1400,0.3082024581,0.3597915789,0.7870357143,0.4571477156
21.86810672,1400,0.8733448985,0.348701182,0.7870357143,0.4430563641
13.0384335,1400,0.2739660292,0.3604684587,0.7870357143,0.4580077526
11.36240497,1400,0.2156744127,0.3553993526,0.7870357143,0.4515669951
23.16696181,1400,0.3101187298,0.3578459836,0.7870357143,0.4546756609
8.747476941,1400,0.2750813338,0.3506634275,0.7870357143,0.4455495743
12.85978229,1400,0.3515875885,0.3636971428,0.7870357143,0.4621100875
9.578096339,1400,0.3563942085,0.3622554842,0.7870357143,0.4602783299
14.71384202,1400,0.04941028861,0.3554473132,0.7870357143,0.4516279335
7.144203244,1400,0.4240439753,0.3601384795,0.7870357143,0.4575884841
23.40812156,1400,0.8447917883,0.3482265526,0.7870357143,0.4424533046
12.77201951,1400,0.7727818264,0.3817425023,0.7870357143,0.4850383476
23.07137507,1400,0.669055693,0.3526260826,0.7870357143,0.4480433051
22.56377513,1400,0.5642822656,0.3550004557,0.7870357143,0.4510601607
22.43411735,1400,0.575805509,0.3548966488,0.7870357143,0.4509282646
13.49519746,1400,0.8951654389,0.3796398547,0.7870357143,0.4823667437
15.15591159,1400,0.5797568267,0.3615485904,0.7870357143,0.4593801576
17.07028551,1400,0.3689756434,0.3567932471,0.7870357143,0.4533380641
23.94983531,1400,0.8081988075,0.3485774376,0.7870357143,0.4428991357
12.97017574,1400,0.1590270592,0.3557155829,0.7870357143,0.4519687944
18.09083911,1400,0.2916370676,0.3585776098,0.7870357143,0.4556052582
6.375138671,1400,0.4194203903,0.3530598413,0.7870357143,0.4485944346
17.53756539,1400,0.2225157328,0.3585893838,0.7870357143,0.4556202181
19.78213867,1400,0.8586678517,0.3496100005,0.7870357143,0.4442111002
11.92604194,1400,0.6159624712,0.3792651066,0.7870357143,0.4818905924
6.270886217,1400,0.6537292653,0.3974504282,0.7870357143,0.5049966869
17.73204651,1400,0.57007553,0.3547436651,0.7870357143,0.4507338849
8.376733062,1400,0.6920799391,0.4026752319,0.7870357143,0.5116352722
17.21037516,1400,0.3593141714,0.357066195,0.7870357143,0.4536848691
19.73133946,1400,0.6884623637,0.3535755365,0.7870357143,0.449249672
15.72749679,1400,0.81385909,0.3577261346,0.7870357143,0.454523382
23.21990588,1400,0.160353389,0.3588518974,0.7870357143,0.4559537654
21.09757837,1400,0.7398320856,0.3523346431,0.7870357143,0.4476730047
16.77723763,1400,0.7489423819,0.3501497784,0.7870357143,0.4448969367
5.532621264,1400,0.2860061039,0.3192348251,0.7870357143,0.4056166948
8.178817492,1400,0.6625406076,0.3988160121,0.7870357143,0.5067317847
18.45913646,1400,0.9222473445,0.3474347652,0.7870357143,0.4414472671
17.2128558,1400,0.6556569764,0.3526471754,0.7870357143,0.4480701054
22.01849685,1400,0.4825818722,0.356648173,0.7870357143,0.4531537344
17.09718174,1400,0.0947610079,0.3586770176,0.7870357143,0.4557315647
22.39115654,1400,0.5147282402,0.3559295527,0.7870357143,0.4522406623
14.01951024,1400,0.8836876579,0.3740319061,0.7870357143,0.4752413382
9.474798511,1400,0.3929655084,0.3656164943,0.7870357143,0.4645487971
15.51555348,1400,0.874957529,0.3594621996,0.7870357143,0.4567292095
6.210706337,1400,0.2204853706,0.3198123704,0.7870357143,0.4063505183
15.89236769,1400,0.460975814,0.3579427615,0.7870357143,0.454798626
12.75138034,1400,0.04701342331,0.3501907718,0.7870357143,0.4449490226
15.89375831,1400,0.3198161488,0.3581137357,0.7870357143,0.4550158642
16.96506347,1400,0.1170990436,0.3584402629,0.7870357143,0.4554307465
16.97568627,1400,0.04087997004,0.358628687,0.7870357143,0.4556701564
14.5230421,1400,0.653012005,0.3659352427,0.7870357143,0.4649537956
13.41286342,1400,0.4953023931,0.3677644102,0.7870357143,0.4672779183
18.98208965,1400,0.7063085354,0.3529978967,0.7870357143,0.4485157284
14.9112467,1400,0.2863223703,0.3595962147,0.7870357143,0.4568994878
16.83447813,1400,0.9119882101,0.3465532526,0.7870357143,0.4403272257
17.22806245,1400,0.2246095634,0.3582330152,0.7870357143,0.4551674196
10.82808301,1400,0.3425250458,0.3632269371,0.7870357143,0.4615126487
9.142641912,1400,0.00555002161,0.3266608217,0.7870357143,0.4150520946
8.926727382,1400,0.5896722959,0.387281561,0.7870357143,0.4920762221
4.96384306,1400,0.4945257573,0.3492384478,0.7870357143,0.4437390089
9.785652932,1400,0.9389941225,0.4255056195,0.7870357143,0.5406433429
11.37385926,1400,0.7047693356,0.3880628726,0.7870357143,0.4930689491
23.27553542,1400,0.6108741088,0.3535702144,0.7870357143,0.4492429098
22.38144022,1400,0.4943379462,0.3562453313,0.7870357143,0.4526418875
19.62464469,1400,0.4157377741,0.3580366688,0.7870357143,0.4549179438
9.118252582,1400,0.8256834794,0.4174517003,0.7870357143,0.5304101106
19.0545905,1400,0.47007716,0.3571563096,0.7870357143,0.4537993678
12.07040301,1400,0.6730600759,0.3817355821,0.7870357143,0.4850295548
23.22298286,1400,0.4180666393,0.3566161231,0.7870357143,0.453113012
20.85648978,1400,0.04329560699,0.3605425525,0.7870357143,0.4581018955
22.50408576,1400,0.130167522,0.3595571356,0.7870357143,0.4568498343
16.42866303,1400,0.490817808,0.3554870911,0.7870357143,0.4516784748
11.01929339,1400,0.142125815,0.349376175,0.7870357143,0.4439140037
6.947844284,1400,0.1780519451,0.3236954026,0.7870357143,0.4112842616
22.4398012,1400,0.6200925241,0.3540928252,0.7870357143,0.449906934
9.319374274,1400,0.19079408,0.345315266,0.7870357143,0.4387542519
6.213541089,1400,0.767977273,0.4246359102,0.7870357143,0.5395382986
19.47245374,1400,0.750777239,0.3521826358,0.7870357143,0.4474798657
23.3113005,1400,0.4016151189,0.3567372006,0.7870357143,0.453266852
9.409421363,1400,0.8083893308,0.4125898521,0.7870357143,0.5242326932
20.02306146,1400,0.9211698553,0.3479289957,0.7870357143,0.4420752316
20.68045233,1400,0.4183669606,0.3580164213,0.7870357143,0.4548922175
18.59036204,1400,0.1746898085,0.3597208846,0.7870357143,0.4570578921
19.51149228,1400,0.9235264068,0.3478117302,0.7870357143,0.4419262353
6.30955542,1400,0.9285908578,0.4700405606,0.7870357143,0.5972290101
22.62273052,1400,0.4310057069,0.3569509542,0.7870357143,0.4535384453
10.42508772,1400,0.9100489529,0.4142554703,0.7870357143,0.5263490116
10.20728849,1400,0.6793310422,0.3927461236,0.7870357143,0.4990194428
6.287359342,1400,0.5760223084,0.3811847837,0.7870357143,0.4843297157
9.989897663,1400,0.7087017765,0.3969028915,0.7870357143,0.504300992
19.26893471,1400,0.7654629956,0.3517945407,0.7870357143,0.4469867558
20.37434945,1400,0.6314032641,0.3547210719,0.7870357143,0.4507051782
6.113523151,1400,0.2460155882,0.32217568,0.7870357143,0.4093533167
20.50954788,1400,0.2479775124,0.3597184685,0.7870357143,0.4570548222
9.282840663,1400,0.937073682,0.4317897828,0.7870357143,0.5486279402
18.66371722,1400,0.6619456612,0.3537517529,0.7870357143,0.4494735708
12.34625898,1400,0.616848682,0.3772356923,0.7870357143,0.4793120381
13.07141067,1400,0.7741760671,0.3793748465,0.7870357143,0.4820300269
15.36735788,1400,0.6751164125,0.3606343084,0.7870357143,0.4582184796
21.76882841,1400,0.4817951599,0.3567958207,0.7870357143,0.4533413341
16.22219668,1400,0.09785281509,0.3577544403,0.7870357143,0.4545593469
9.441182965,1400,0.4024346011,0.3665038884,0.7870357143,0.4656763114
20.37741134,1400,0.1457961714,0.360321333,0.7870357143,0.4578208161
15.34554483,1400,0.5730983979,0.3605095383,0.7870357143,0.458059948
22.12162619,1400,0.1943724721,0.3594965595,0.7870357143,0.4567728668
15.61304673,1400,0.05679218087,0.3570050839,0.7870357143,0.4536072219
20.02483189,1400,0.358148563,0.3587447308,0.7870357143,0.4558176005
4.274634537,1400,0.3512811669,0.3033240923,0.7870357143,0.3854006709
13.81218221,1400,0.8661301776,0.3756577404,0.7870357143,0.4773071076
22.12579423,1400,0.193320287,0.3595001242,0.7870357143,0.4567773961
22.70667374,1400,0.1056503844,0.3594947995,0.7870357143,0.4567706306
17.81416997,1400,0.5962476541,0.3543681668,0.7870357143,0.4502567804
12.6741362,1400,0.7336785065,0.3807645508,0.7870357143,0.4837957717
17.20504512,1400,0.7845282155,0.3498773599,0.7870357143,0.4445508044
6.84681206,1400,0.08033653972,0.3099452053,0.7870357143,0.3938133934
22.17010734,1400,0.3142204552,0.3585608175,0.7870357143,0.4555839221
10.82112216,1400,0.7294458532,0.3936171094,0.7870357143,0.500126109
21.9852053,1400,0.6247619116,0.3543009085,0.7870357143,0.4501713227
17.96598849,1400,0.6693366767,0.353128327,0.7870357143,0.4486814519
9.142659442,1400,0.02466019149,0.3284350553,0.7870357143,0.4173064186
23.1580235,1400,0.7917814086,0.3498057933,0.7870357143,0.4444598726
15.24944206,1400,0.02089643154,0.3559683042,0.7870357143,0.4522898996
5.696677862,1400,0.4699413598,0.3547794527,0.7870357143,0.4507793563
16.50693543,1400,0.9396635955,0.3492937768,0.7870357143,0.4438093094
15.96540009,1400,0.1376286428,0.3577647323,0.7870357143,0.4545724239
13.56036754,1400,0.1648558294,0.3568043979,0.7870357143,0.4533522322
9.243855089,1400,0.1768223271,0.3435356139,0.7870357143,0.436493043
22.97074937,1400,0.4073372346,0.3569708556,0.7870357143,0.4535637318
4.18435893,1400,0.08890008933,0.2554138935,0.7870357143,0.3245264336
9.041861036,1400,0.8446506454,0.4208823875,0.7870357143,0.5347691088
5.034371786,1400,0.5781889702,0.3699634242,0.7870357143,0.4700719644
11.91750065,1400,0.1023611251,0.3501784573,0.7870357143,0.4449333759
20.46744148,1400,0.4889395194,0.3570939512,0.7870357143,0.4537201359
22.61782955,1400,0.6804697477,0.3527702473,0.7870357143,0.4482264793
16.56339139,1400,0.9400604304,0.3487246551,0.7870357143,0.4430861888
10.42608423,1400,0.8838268079,0.4115005592,0.7870357143,0.5228486481
8.467359681,1400,0.7888695703,0.4171807112,0.7870357143,0.5300657946
4.58768873,1400,0.01902224198,0.2572702421,0.7870357143,0.3268850923
9.13037699,1400,0.5455881345,0.3817682698,0.7870357143,0.4850710875
8.326601028,1400,0.8631225401,0.4309124526,0.7870357143,0.5475132129
14.55437068,1400,0.485143258,0.3633294621,0.7870357143,0.461642916
6.926652871,1400,0.5452432603,0.3786270659,0.7870357143,0.481079904
8.057714304,1400,0.406865429,0.3627853691,0.7870357143,0.4609515966
11.30048282,1400,0.2816611378,0.3595784918,0.7870357143,0.4568769692
4.283066008,1400,0.6385783981,0.3742779405,0.7870357143,0.4755539472
21.82671631,1400,0.07200327724,0.3601428224,0.7870357143,0.4575940022
12.36781254,1400,0.2112571884,0.3571296195,0.7870357143,0.4537654556
10.8506843,1400,0.08920480777,0.3449072459,0.7870357143,0.4382358254
22.11718003,1400,0.9190657458,0.3472851049,0.7870357143,0.4412571102
4.604984921,1400,0.05615909559,0.2629724649,0.7870357143,0.3341302817
18.43764775,1400,0.2410527811,0.3592225884,0.7870357143,0.4564247618
20.67384457,1400,0.5817148465,0.3555845622,0.7870357143,0.4518023208
12.08300609,1400,0.6363296941,0.3796225938,0.7870357143,0.4823448122
13.68193137,1400,0.9249225323,0.3785470875,0.7870357143,0.4809782842
6.44233035,1400,0.6714437289,0.40172233,0.7870357143,0.5104245242
17.95203274,1400,0.7946652699,0.3503782566,0.7870357143,0.4451872389
7.588997096,1400,0.9465645655,0.4569519084,0.7870357143,0.5805986947
8.931296213,1400,0.2510039656,0.3491228952,0.7870357143,0.4435921889
10.09753636,1400,0.2578824379,0.3548850188,0.7870357143,0.4509134876
12.83839533,1400,0.1283909627,0.3541303303,0.7870357143,0.4499545877
10.45592118,1400,0.4781438307,0.37388442,0.7870357143,0.4750539439
20.05900795,1400,0.2269859081,0.3598771472,0.7870357143,0.4572564379
17.08971956,1400,0.4373152957,0.3560121424,0.7870357143,0.4523456
5.31421985,1400,0.05182132261,0.2796149633,0.7870357143,0.3552760799
6.972008959,1400,0.4258304192,0.3592055809,0.7870357143,0.4564031522
10.38097127,1400,0.4611632214,0.3725126329,0.7870357143,0.4733109644
23.87325503,1400,0.08088086802,0.3584953473,0.7870357143,0.4555007363
22.42418606,1400,0.8780751835,0.3482055316,0.7870357143,0.4424265955
12.08182073,1400,0.005363281952,0.3453830884,0.7870357143,0.4388404263
5.386792971,1400,0.9185916081,0.4781316536,0.7870357143,0.607509475
18.63109532,1400,0.4341000219,0.3574300704,0.7870357143,0.4541472056
6.121576776,1400,0.158323453,0.3095642398,0.7870357143,0.3933293422
8.536897534,1400,0.6549017046,0.3967452285,0.7870357143,0.504100667
8.658436177,1400,0.6478798897,0.3954315657,0.7870357143,0.5024315396
16.33448512,1400,0.1340861533,0.3577690686,0.7870357143,0.4545779335
15.25054168,1400,0.5943020826,0.3611046948,0.7870357143,0.4588161481
20.16947026,1400,0.1447117885,0.3603302261,0.7870357143,0.4578321155
6.968507059,1400,0.7469823422,0.417572391,0.7870357143,0.5305634591
10.56514187,1400,0.06539631534,0.3416728571,0.7870357143,0.4341262422
12.62369853,1400,0.1061759623,0.3525731969,0.7870357143,0.447976109
15.36816879,1400,0.61935131,0.360511611,0.7870357143,0.4580625815
15.57809739,1400,0.07966041634,0.3571831963,0.7870357143,0.4538335298
5.375055601,1400,0.3552919762,0.3284728623,0.7870357143,0.4173544559
13.3242757,1400,0.4158412058,0.3653891194,0.7870357143,0.4642598967
5.437048089,1400,0.176850262,0.3001971652,0.7870357143,0.3814276275
14.51321755,1400,0.3142262567,0.360580146,0.7870357143,0.4581496613
12.17957077,1400,0.7989812195,0.387976673,0.7870357143,0.4929594248
5.697735871,1400,0.9431051604,0.4837269038,0.7870357143,0.614618746
20.51879658,1400,0.8129703692,0.3507513718,0.7870357143,0.4456613155
4.442817515,1400,0.2303026947,0.2857005177,0.7870357143,0.3630083267
12.93588587,1400,0.05903508121,0.3513372815,0.7870357143,0.4464057668
19.16968726,1400,0.8817083357,0.3488717601,0.7870357143,0.443273099
18.45338991,1400,0.7304659952,0.3522060136,0.7870357143,0.4475095694
13.01254642,1400,0.9432613614,0.3866054646,0.7870357143,0.4912171806
16.88795889,1400,0.3815232829,0.3564203859,0.7870357143,0.4528643103
7.592890538,1400,0.5624873482,0.3834834276,0.7870357143,0.4872503504
16.51720731,1400,0.3320553913,0.3565799849,0.7870357143,0.4530670952
23.96378199,1400,0.8931039691,0.346321882,0.7870357143,0.4400332484
17.81919469,1400,0.7068444448,0.3522343799,0.7870357143,0.4475456113
11.70976157,1400,0.5656359684,0.3771898395,0.7870357143,0.479253778
10.17795345,1400,0.2178720213,0.3518318918,0.7870357143,0.4470342138
21.35980113,1400,0.1563208499,0.3600633966,0.7870357143,0.4574930846
18.03035221,1400,0.0713783169,0.3596943612,0.7870357143,0.4570241918
6.849350933,1400,0.3368454908,0.3446525849,0.7870357143,0.4379122556
10.62754955,1400,0.1597104126,0.3490640254,0.7870357143,0.4435173894
6.624142352,1400,0.2194104543,0.3252752833,0.7870357143,0.4132916428
7.305263917,1400,0.2457700751,0.3364321939,0.7870357143,0.4274675059
23.05733027,1400,0.05308202653,0.3593359068,0.7870357143,0.4565687431
9.97523386,1400,0.7582463314,0.4022608673,0.7870357143,0.5111087845
5.732797191,1400,0.689390007,0.4040577862,0.7870357143,0.5133919324
19.89943708,1400,0.291924107,0.3593691372,0.7870357143,0.4566109653
19.91337908,1400,0.3419516725,0.3589034257,0.7870357143,0.4560192367
18.78697479,1400,0.8502553622,0.349543421,0.7870357143,0.4441265049
12.1859852,1400,0.1902665264,0.3557336173,0.7870357143,0.4519917087
4.225246473,1400,0.425945529,0.3176294324,0.7870357143,0.4035768982
13.20775788,1400,0.5523898998,0.3704814548,0.7870357143,0.470730169
11.65356606,1400,0.05428509008,0.3463074728,0.7870357143,0.4400149403
18.24911917,1400,0.7835575217,0.3508676408,0.7870357143,0.4458090458
21.74410179,1400,0.3985217015,0.3579026857,0.7870357143,0.4547477061
23.30271055,1400,0.8713083777,0.3476281961,0.7870357143,0.4416930386
6.678364543,1400,0.2886630994,0.3357884669,0.7870357143,0.4266495927
9.102250682,1400,0.612431009,0.3897205745,0.7870357143,0.4951752092
12.63184507,1400,0.16361303,0.3552921991,0.7870357143,0.451430847
20.7098704,1400,0.1136955214,0.3604073006,0.7870357143,0.4579300456
21.33218081,1400,0.6717116794,0.3537028101,0.7870357143,0.4494113846
4.408232272,1400,0.6925792066,0.3936019043,0.7870357143,0.5001067895
8.011734508,1400,0.7990474089,0.4221943833,0.7870357143,0.536436118
6.745904377,1400,0.2646941555,0.333110333,0.7870357143,0.4232467815
5.645961207,1400,0.3634563396,0.3343074156,0.7870357143,0.4247677831
9.877814976,1400,0.9279046243,0.4229194879,0.7870357143,0.5373574289
10.38117419,1400,0.6460394438,0.3887608581,0.7870357143,0.4939558028
19.25101975,1400,0.9109745498,0.3480997005,0.7870357143,0.4422921275
4.656658037,1400,0.4944265603,0.3434622783,0.7870357143,0.4363998635
4.415135934,1400,0.08408945227,0.2616900588,0.7870357143,0.3325008688
22.9573361,1400,0.06795740056,0.3593931948,0.7870357143,0.4566415327
7.709326936,1400,0.7153492691,0.4088907485,0.7870357143,0.5195326478
9.185282192,1400,0.277479943,0.3530980637,0.7870357143,0.4486429996
5.123807167,1400,0.6856048356,0.399453234,0.7870357143,0.5075414327
11.83922236,1400,0.02864054242,0.3456061684,0.7870357143,0.4391238697
8.425912318,1400,0.411519782,0.3648422964,0.7870357143,0.4635651087
14.61981842,1400,0.4353940215,0.3623489565,0.7870357143,0.460397095
8.242733071,1400,0.3028783131,0.3509009594,0.7870357143,0.4458513802
15.54663885,1400,0.1359706051,0.357667001,0.7870357143,0.4544482474
13.78284393,1400,0.2455290435,0.359489601,0.7870357143,0.4567640254
9.850482472,1400,0.5268765652,0.3790089028,0.7870357143,0.4815650623
23.35770004,1400,0.7393352261,0.3508462081,0.7870357143,0.4457818136
5.122033918,1400,0.6859789726,0.3995456509,0.7870357143,0.5076588566
15.85401261,1400,0.01014733886,0.3569628155,0.7870357143,0.4535535161
21.434046,1400,0.1103514046,0.3602162766,0.7870357143,0.4576873325
6.868436869,1400,0.1132200653,0.3143596224,0.7870357143,0.3994223092
13.22814013,1400,0.3096034538,0.3617768124,0.7870357143,0.4596701341
21.90485951,1400,0.776567003,0.3511221617,0.7870357143,0.4461324376
10.33311309,1400,0.801569107,0.4039884783,0.7870357143,0.5133038704
22.10336416,1400,0.2244073527,0.3593206484,0.7870357143,0.4565493559
7.442492432,1400,0.6592890866,0.3995609572,0.7870357143,0.5076783048
23.69107376,1400,0.8870515139,0.3467962741,0.7870357143,0.4406360064
9.10795714,1400,0.4367087433,0.3695203346,0.7870357143,0.4695089789
16.3613767,1400,0.9410904325,0.3507321966,0.7870357143,0.4456369517
20.40866432,1400,0.5111899547,0.3567683846,0.7870357143,0.453306474
16.57605646,1400,0.3161583954,0.3566443662,0.7870357143,0.4531488975
15.80290589,1400,0.3806229019,0.3583472489,0.7870357143,0.4553125639
18.44773725,1400,0.6494690071,0.3538687513,0.7870357143,0.4496222279
10.69736571,1400,0.1279632822,0.3470033245,0.7870357143,0.4408990827
18.01569665,1400,0.8962406941,0.3478437041,0.7870357143,0.4419668609
19.16893797,1400,0.2844797499,0.3592610645,0.7870357143,0.4564736492
14.37779525,1400,0.7511160267,0.3684107527,0.7870357143,0.4680991549
5.813760952,1400,0.4248773935,0.3477015716,0.7870357143,0.4417862688
6.648606991,1400,0.116915035,0.3118371257,0.7870357143,0.3962172492
15.35848711,1400,0.3276326386,0.3592703136,0.7870357143,0.4564854009
9.112098208,1400,0.4042574777,0.3660085965,0.7870357143,0.4650469983
5.577592346,1400,0.3364255565,0.3285178104,0.7870357143,0.4174115664
14.28389444,1400,0.2340012772,0.3591189472,0.7870357143,0.4562930762
9.065914144,1400,0.2011060386,0.3448328418,0.7870357143,0.4381412883
22.62138771,1400,0.1321027642,0.3594650835,0.7870357143,0.4567328737
15.19174918,1400,0.2107351637,0.3584222845,0.7870357143,0.4554079033
15.98002292,1400,0.6571979675,0.3566319385,0.7870357143,0.4531331069
19.76865657,1400,0.3212102964,0.3590883572,0.7870357143,0.4562542089
21.70512433,1400,0.5141135118,0.3563460276,0.7870357143,0.4527698313
12.12554379,1400,0.9153547161,0.3952384528,0.7870357143,0.5021861722
15.54827202,1400,0.34731179,0.3589557883,0.7870357143,0.4560857681
8.715078925,1400,0.8446097153,0.4239930946,0.7870357143,0.5387215433
21.3888424,1400,0.5015181329,0.3566778913,0.7870357143,0.4531914942
16.31845023,1400,0.4574221269,0.3562485312,0.7870357143,0.4526459533
11.43406749,1400,0.8053631294,0.3948362301,0.7870357143,0.5016751119
11.78639396,1400,0.6231920281,0.3803744379,0.7870357143,0.483300098
9.765933476,1400,0.5857698344,0.385089211,0.7870357143,0.4892906434
23.67238413,1400,0.2678942582,0.3577279348,0.7870357143,0.4545256693
13.81682228,1400,0.1296857254,0.3560085862,0.7870357143,0.4523410815
8.194313332,1400,0.1099608321,0.3286979075,0.7870357143,0.4176403962
13.89177223,1400,0.8388214907,0.3742396838,0.7870357143,0.4755053386
14.80175785,1400,0.1821728729,0.3580723551,0.7870357143,0.4549632864
20.51028283,1400,0.1766423727,0.3601646434,0.7870357143,0.4576217277
23.84154403,1400,0.1880870554,0.358097235,0.7870357143,0.4549948985
5.400676629,1400,0.5668451195,0.3718163477,0.7870357143,0.4724262711
18.47725444,1400,0.682103345,0.3532403351,0.7870357143,0.4488237683
15.13717336,1400,0.9483764503,0.3633324071,0.7870357143,0.4616466579
19.07702503,1400,0.2526460833,0.3594762559,0.7870357143,0.4567470692
8.971863702,1400,0.06571778078,0.3309144354,0.7870357143,0.4204566952
4.719253009,1400,0.7436765971,0.414278156,0.7870357143,0.5263778358
15.79619347,1400,0.3287347914,0.3583347559,0.7870357143,0.4552966904
9.395963708,1400,0.01357051526,0.3294948707,0.7870357143,0.4186530099
17.49548648,1400,0.7321565713,0.3513809541,0.7870357143,0.4464612567
5.406750765,1400,0.5539928699,0.3689590627,0.7870357143,0.4687958323
14.10454232,1400,0.01352064781,0.3530957216,0.7870357143,0.4486400238
21.20895588,1400,0.7875325275,0.3511910778,0.7870357143,0.4462200017
4.885037007,1400,0.3590658111,0.3198056184,0.7870357143,0.4063419392
14.10382502,1400,0.3838803512,0.3627572277,0.7870357143,0.4609158404
17.59739611,1400,0.5686797394,0.3546369025,0.7870357143,0.4505982334
20.16433032,1400,0.4422354468,0.3577539365,0.7870357143,0.4545587069
14.5989489,1400,0.4163432416,0.3621215026,0.7870357143,0.4601080942
16.70928116,1400,0.3479841857,0.3565307424,0.7870357143,0.4530045281
18.67892602,1400,0.2706195165,0.3591474787,0.7870357143,0.4563293282
11.89887999,1400,0.404327243,0.367240996,0.7870357143,0.4666128733
23.47957673,1400,0.8061847585,0.3491371662,0.7870357143,0.4436103215
9.810273848,1400,0.6766094752,0.3944637426,0.7870357143,0.501201833
20.37276886,1400,0.0197915169,0.3606282583,0.7870357143,0.4582107924
15.68299084,1400,0.08330132565,0.3573175303,0.7870357143,0.4540042133
10.06354064,1400,0.04227102062,0.3368191124,0.7870357143,0.4279591209
20.41603715,1400,0.4555801802,0.357566613,0.7870357143,0.4543206953
15.52212722,1400,0.6240218667,0.3595981453,0.7870357143,0.4569019408
5.503338888,1400,0.5790587479,0.3757147509,0.7870357143,0.4773795446
18.43196674,1400,0.4830120568,0.3566486056,0.7870357143,0.4531542841
22.70451609,1400,0.9084338262,0.3471482305,0.7870357143,0.4410831989
16.74349477,1400,0.5894015098,0.3532642314,0.7870357143,0.4488541307
9.044052446,1400,0.1469956665,0.3393519252,0.7870357143,0.4311772885
6.930296043,1400,0.2458791517,0.3325595115,0.7870357143,0.422546913
10.18082612,1400,0.6073073149,0.3859629942,0.7870357143,0.4904008639
13.4043724,1400,0.5772323885,0.3704183824,0.7870357143,0.4706500298
16.32125715,1400,0.6248493221,0.3547370258,0.7870357143,0.4507254491
17.54752915,1400,0.3821551549,0.357191306,0.7870357143,0.4538438339
16.23650121,1400,0.8899687973,0.3525605637,0.7870357143,0.4479600573
8.127266137,1400,0.1256947362,0.329799135,0.7870357143,0.4190396052
5.103369205,1400,0.7596353543,0.4217908372,0.7870357143,0.5359233762
13.4773214,1400,0.3721543171,0.3636451672,0.7870357143,0.4620440479
12.35278152,1400,0.8939507224,0.3915403644,0.7870357143,0.4974874168
19.16232331,1400,0.3221388182,0.3589233422,0.7870357143,0.4560445424
6.326636237,1400,0.2868763876,0.3312796042,0.7870357143,0.4209206751
21.22394721,1400,0.6819414729,0.3535347547,0.7870357143,0.4491978551
15.64669151,1400,0.3252754247,0.3586557547,0.7870357143,0.4557045483
20.59300582,1400,0.6936152403,0.3534574192,0.7870357143,0.4490995933
8.366022274,1400,0.4789974668,0.3731266463,0.7870357143,0.4740911239
22.68855026,1400,0.80824807,0.3498105291,0.7870357143,0.4444658898
23.47593281,1400,0.1233685858,0.3587697044,0.7870357143,0.4558493317
22.14639213,1400,0.1550601137,0.359685579,0.7870357143,0.4570130332
22.34789488,1400,0.5217936458,0.3558491724,0.7870357143,0.4521385319
5.915529452,1400,0.3114533182,0.3295128186,0.7870357143,0.4186758144
13.0461989,1400,0.3773595378,0.364505244,0.7870357143,0.4631368531
11.36375391,1400,0.05859895447,0.3452662621,0.7870357143,0.438691988
9.656729975,1400,0.3877975421,0.3654495738,0.7870357143,0.4643367095
4.909022896,1400,0.05669032937,0.270929538,0.7870357143,0.3442404621
6.343411395,1400,0.8821288164,0.4553640361,0.7870357143,0.5785811594
5.923654346,1400,0.7790266429,0.4281978227,0.7870357143,0.5440640303
14.95868725,1400,0.6986111149,0.3635349389,0.7870357143,0.4619039928
21.40729473,1400,0.8796977017,0.3487658964,0.7870357143,0.4431385896
11.78709704,1400,0.7116402786,0.385812979,0.7870357143,0.4902102561
6.643341907,1400,0.6580722857,0.3991880182,0.7870357143,0.507204452
17.70467528,1400,0.477884992,0.3561403461,0.7870357143,0.4525084944
13.46557829,1400,0.07398756197,0.3534207683,0.7870357143,0.449053025
11.82546342,1400,0.7194352807,0.3860365397,0.7870357143,0.4904943101
17.49201293,1400,0.5439618728,0.354934633,0.7870357143,0.450976527
23.70529609,1400,0.6386565315,0.3526114061,0.7870357143,0.4480246572
7.113215094,1400,0.9300911919,0.4595697197,0.7870357143,0.5839248605
5.733714489,1400,0.3811714367,0.3387305951,0.7870357143,0.4303878324
4.435130238,1400,0.0468798791,0.2568703045,0.7870357143,0.3263769354
5.077361,1400,0.8329761047,0.4471215828,0.7870357143,0.5681083777
7.71535289,1400,0.5912225442,0.3881642103,0.7870357143,0.4931977078
19.1888425,1400,0.7759752802,0.3515257182,0.7870357143,0.4466451926
23.51544212,1400,0.4899637824,0.3553531432,0.7870357143,0.451508282
22.10445164,1400,0.2269906121,0.359302683,0.7870357143,0.4565265292
12.57037586,1400,0.4931656073,0.3704260971,0.7870357143,0.470659832
9.661165633,1400,0.8220400795,0.412120585,0.7870357143,0.5236364469
23.06092051,1400,0.4764262429,0.3559755593,0.7870357143,0.4522991179
5.409898239,1400,0.4856184459,0.3542048336,0.7870357143,0.4500492508
19.00384577,1400,0.9407307412,0.3471777502,0.7870357143,0.4411207063
11.08290218,1400,0.7250117424,0.3914868776,0.7870357143,0.4974194569
19.09866476,1400,0.4664664421,0.3572236127,0.7870357143,0.4538848825
23.22440401,1400,0.5737350874,0.354285161,0.7870357143,0.4501513141
15.7236288,1400,0.08716205062,0.3573836209,0.7870357143,0.4540881874
9.048343148,1400,0.6165764567,0.3903573316,0.7870357143,0.4959842667
14.22077337,1400,0.3730899532,0.362266627,0.7870357143,0.4602924879
18.47923699,1400,0.1551989334,0.3597461546,0.7870357143,0.45709
8.740221467,1400,0.5541685033,0.3830296709,0.7870357143,0.4866738116
16.00468624,1400,0.4128435022,0.3576610258,0.7870357143,0.4544406554
21.82412111,1400,0.9105524563,0.3477059294,0.7870357143,0.4417918057
22.17323438,1400,0.01844830462,0.3600208451,0.7870357143,0.457439019
21.56476589,1400,0.4878273704,0.3568060566,0.7870357143,0.4533543397
10.5075593,1400,0.7380225726,0.396510324,0.7870357143,0.5038021996
20.43666389,1400,0.3541025444,0.3587818986,0.7870357143,0.4558648256
11.44158559,1400,0.345726178,0.3638671483,0.7870357143,0.4623260948
22.76359709,1400,0.8340243664,0.3490988699,0.7870357143,0.4435616625
5.270215266,1400,0.02851177042,0.275464942,0.7870357143,0.3500031028
22.76845227,1400,0.2718828773,0.3585121755,0.7870357143,0.455522118
12.4009783,1400,0.370581498,0.3649778173,0.7870357143,0.4637373002
16.8319223,1400,0.1007570813,0.358314044,0.7870357143,0.455270374
18.3207714,1400,0.321002539,0.3584864123,0.7870357143,0.4554893835
15.64312626,1400,0.6261924048,0.358866081,0.7870357143,0.4559717869
17.18282898,1400,0.1510209187,0.3585808897,0.7870357143,0.4556094256
14.35105381,1400,0.6024185129,0.366159464,0.7870357143,0.4652386891
19.1794632,1400,0.3705863867,0.3584363624,0.7870357143,0.4554257906
15.95759776,1400,0.8341161925,0.3556157419,0.7870357143,0.4518419374
22.03466916,1400,0.1193933178,0.3598962956,0.7870357143,0.4572807677
4.38791418,1400,0.6628464437,0.3837100251,0.7870357143,0.487538263
11.74631249,1400,0.6586690342,0.3827653368,0.7870357143,0.4863379512
14.15471711,1400,0.678314951,0.3687266943,0.7870357143,0.4685005872
12.46809158,1400,0.8883511537,0.3900284221,0.7870357143,0.4955663574
13.52390452,1400,0.1713085197,0.356981374,0.7870357143,0.4535770964
16.54176362,1400,0.05155927845,0.3580049437,0.7870357143,0.4548776341
11.02904784,1400,0.7441148308,0.3933748355,0.7870357143,0.4998182781
9.260872399,1400,0.2130235551,0.3471225974,0.7870357143,0.4410506298
22.09367529,1400,0.8358386029,0.3495466189,0.7870357143,0.4441305682
13.80609649,1400,0.03161665636,0.3528352008,0.7870357143,0.4483090086
21.51653389,1400,0.394715671,0.3580527362,0.7870357143,0.4549383588
20.77831291,1400,0.5570003329,0.3559851465,0.7870357143,0.4523112993
6.521630009,1400,0.2892138114,0.3340494647,0.7870357143,0.4244400332
19.77448988,1400,0.1294773655,0.3603588161,0.7870357143,0.4578684418
11.04840118,1400,0.129703057,0.3486334196,0.7870357143,0.4429702658
13.48706597,1400,0.3593748372,0.3632185308,0.7870357143,0.4615019677
9.96449546,1400,0.08224227194,0.33948507,0.7870357143,0.4313464609
22.54502436,1400,0.7127106391,0.3521428631,0.7870357143,0.4474293309
16.15198184,1400,0.3538794773,0.3574163732,0.7870357143,0.4541298021
23.7333766,1400,0.8867187821,0.3467591092,0.7870357143,0.4405887851
8.967216316,1400,0.0947209986,0.3336861204,0.7870357143,0.4239783715
17.74623378,1400,0.2711688038,0.3584461282,0.7870357143,0.4554381989
22.20897546,1400,0.6425937822,0.3538210867,0.7870357143,0.4495616657
23.81152474,1400,0.8818475229,0.3468061234,0.7870357143,0.4406485209
13.33710356,1400,0.09047376173,0.3537262066,0.7870357143,0.449441112
7.492842121,1400,0.2746377407,0.3419113538,0.7870357143,0.4344292737
9.712857572,1400,0.0777384883,0.3374850859,0.7870357143,0.4288053004
13.64683329,1400,0.9044537463,0.3783442068,0.7870357143,0.480720506
12.02033727,1400,0.468867982,0.370646116,0.7870357143,0.4709393859
17.59572795,1400,0.4575121162,0.3563134595,0.7870357143,0.4527284505
14.30414813,1400,0.08074872322,0.355420468,0.7870357143,0.4515938243
23.21272037,1400,0.6942682314,0.3519728316,0.7870357143,0.4472132906
21.00901859,1400,0.8790282107,0.3489348043,0.7870357143,0.4433532023
5.975022222,1400,0.3051305909,0.3293511829,0.7870357143,0.4184704416
14.49142984,1400,0.7347809815,0.367301523,0.7870357143,0.4666897783
22.05255405,1400,0.9169560834,0.3473869301,0.7870357143,0.4413864883
21.0492689,1400,0.6701141022,0.3538338666,0.7870357143,0.4495779037
5.61039489,1400,0.0523505045,0.2858289407,0.7870357143,0.3631714997
8.841586797,1400,0.6226672129,0.3916182759,0.7870357143,0.4975864103
15.5149397,1400,0.03814888886,0.3566677061,0.7870357143,0.4531785529
9.566553411,1400,0.113861212,0.3397136057,0.7870357143,0.4316368362
23.44987361,1400,0.23110975,0.3582237483,0.7870357143,0.4551556451
17.71020271,1400,0.7075476721,0.3521199698,0.7870357143,0.447400243
21.39696974,1400,0.8006321182,0.3507998352,0.7870357143,0.4457228927
14.73326736,1400,0.1439696723,0.3573601325,0.7870357143,0.4540583433
18.51667391,1400,0.2270891166,0.359368558,0.7870357143,0.4566102294
20.59169106,1400,0.7678992993,0.3518195108,0.7870357143,0.4470184827
13.03228373,1400,0.6050325927,0.3732297916,0.7870357143,0.4742221793
19.82067026,1400,0.400830251,0.3582478588,0.7870357143,0.4551862797
14.62671618,1400,0.8473409112,0.3676177384,0.7870357143,0.4670915586
11.4417003,1400,0.7679117979,0.3920747552,0.7870357143,0.4981664085
6.624991479,1400,0.8936719903,0.4557492062,0.7870357143,0.5790705529
20.32400039,1400,0.7446512556,0.3523829965,0.7870357143,0.4477344421
13.50052024,1400,0.4750654037,0.3668322935,0.7870357143,0.4660935798
20.44273866,1400,0.8371493501,0.3501557805,0.7870357143,0.444904563
22.47455532,1400,0.6585094121,0.3533240608,0.7870357143,0.4489301494
11.96365368,1400,0.05796979807,0.3478288699,0.7870357143,0.4419480128
12.04245164,1400,0.6689805652,0.3816728405,0.7870357143,0.4849498359
15.75625789,1400,0.3763780841,0.3584799231,0.7870357143,0.4554811384
16.90291466,1400,0.3677695211,0.3565906485,0.7870357143,0.4530806443
20.34865264,1400,0.8004776139,0.3510771004,0.7870357143,0.4460751832
9.656260897,1400,0.233688475,0.3510267787,0.7870357143,0.4460112449
12.73490681,1400,0.4632584904,0.3686377231,0.7870357143,0.4683875413
21.66160752,1400,0.8489063781,0.3494594686,0.7870357143,0.4440198358
13.1110568,1400,0.5729114903,0.3716488009,0.7870357143,0.4722133878
19.44641676,1400,0.755173169,0.3520771277,0.7870357143,0.4473458083
7.743936884,1400,0.7277144595,0.410952303,0.7870357143,0.522152039
11.4088006,1400,0.1416381193,0.3507828832,0.7870357143,0.4457013537
17.6906142,1400,0.6960361571,0.3523418886,0.7870357143,0.4476822109
6.07771827,1400,0.5399274584,0.372499586,0.7870357143,0.473294387
10.17323336,1400,0.1116811767,0.3431248456,0.7870357143,0.4359711247
13.71726207,1400,0.7232679359,0.3727849077,0.7870357143,0.4736569141
6.600637096,1400,0.335327621,0.3418878213,0.7870357143,0.4343993736
18.07956865,1400,0.2095046579,0.359169329,0.7870357143,0.4563570909
11.39173352,1400,0.7933087973,0.3943183086,0.7870357143,0.501017046
7.570552649,1400,0.5842865595,0.3869236908,0.7870357143,0.4916215157
5.540378703,1400,0.725247077,0.4129500413,0.7870357143,0.524690346
17.74853414,1400,0.3706027335,0.3575162453,0.7870357143,0.4542566987
9.668357291,1400,0.1033863975,0.3394350297,0.7870357143,0.4312828803
9.403315528,1400,0.3185873171,0.3580547373,0.7870357143,0.4549409014
21.16680029,1400,0.7011179789,0.3531546607,0.7870357143,0.4487149113
21.70387935,1400,0.8918254351,0.3482916174,0.7870357143,0.4425359753
15.84916155,1400,0.07036773942,0.3573840408,0.7870357143,0.4540887209
12.3627668,1400,0.4631256942,0.3695595789,0.7870357143,0.4695588423
17.51929948,1400,0.2436850939,0.3584266767,0.7870357143,0.455413484
20.99955333,1400,0.8850151934,0.3487762181,0.7870357143,0.4431517042
16.00198479,1400,0.5256094121,0.3572267912,0.7870357143,0.453888921
22.0023829,1400,0.563734195,0.355383345,0.7870357143,0.4515466561
13.65481794,1400,0.1237869418,0.3555611522,0.7870357143,0.4517725761
5.673241667,1400,0.6234569423,0.3875287267,0.7870357143,0.4923902686
6.399015461,1400,0.1637802172,0.3145273545,0.7870357143,0.3996354279
9.609647378,1400,0.6087047722,0.3879355256,0.7870357143,0.4929071433
4.968229944,1400,0.03985191441,0.2700180571,0.7870357143,0.3430823433
12.9916556,1400,0.8571045134,0.3833232018,0.7870357143,0.4870467691
21.75456271,1400,0.1071446745,0.3600856023,0.7870357143,0.4575212989
18.15447805,1400,0.3522364217,0.3580567,0.7870357143,0.4549433951
5.321835023,1400,0.01166850714,0.2743375393,0.7870357143,0.3485706358
16.92101576,1400,0.8012144831,0.3491329364,0.7870357143,0.4436049471
18.93864671,1400,0.4654316911,0.3571711497,0.7870357143,0.4538182236
13.26771104,1400,0.04021094905,0.3515745723,0.7870357143,0.4467072662
13.43912792,1400,0.306107782,0.3615211239,0.7870357143,0.4593452589
20.875702,1400,0.1378635148,0.3602860444,0.7870357143,0.4577759787
13.06280015,1400,0.5125113718,0.369604642,0.7870357143,0.4696160991
7.087961996,1400,0.5226724797,0.3754822026,0.7870357143,0.477084071
15.88277284,1400,0.8661429725,0.3560720341,0.7870357143,0.4524216979
4.28002783,1400,0.00168677538,0.2459126811,0.7870357143,0.3124542847
17.30253681,1400,0.6967156048,0.3519263879,0.7870357143,0.4471542796
10.45192707,1400,0.8000966204,0.4028358589,0.7870357143,0.5118393633
16.48206054,1400,0.3492213313,0.3565377215,0.7870357143,0.4530133958
5.897343946,1400,0.2964290303,0.3268161558,0.7870357143,0.4152494605
5.096680806,1400,0.515070038,0.3560024889,0.7870357143,0.4523333344
6.083821796,1400,0.3519917189,0.3384653051,0.7870357143,0.4300507575
18.08219666,1400,0.5375003407,0.3555780107,0.7870357143,0.4517939964
11.69345879,1400,0.8573228057,0.3960832576,0.7870357143,0.5032595731
9.316712173,1400,0.6933850695,0.3987760808,0.7870357143,0.5066810484
8.799879608,1400,0.8638486474,0.4262015496,0.7870357143,0.5415275849
12.31325293,1400,0.144662004,0.3536523071,0.7870357143,0.4493472159
10.63604189,1400,0.1525810198,0.3485649993,0.7870357143,0.4428833316
4.48168848,1400,0.1754917177,0.2776788227,0.7870357143,0.3528160383
13.24110885,1400,0.1911054026,0.3573793013,0.7870357143,0.4540826989
23.57725158,1400,0.7198758895,0.3510596634,0.7870357143,0.4460530279
5.337995218,1400,0.8494076441,0.4522504349,0.7870357143,0.5746250477
4.33198916,1400,0.4787132744,0.332479834,0.7870357143,0.4224456756
10.88655887,1400,0.6910502895,0.3900157775,0.7870357143,0.4955502914
18.94693577,1400,0.1767255276,0.3598974815,0.7870357143,0.4572822745
9.945852768,1400,0.07138973489,0.3384616167,0.7870357143,0.4300460711
17.42576672,1400,0.3610443289,0.3572920454,0.7870357143,0.4539718324
7.327724458,1400,0.3466698503,0.3502328586,0.7870357143,0.4450024977
22.39945093,1400,0.650549053,0.3535359145,0.7870357143,0.4491993287
21.88765715,1400,0.6667773719,0.3535372061,0.7870357143,0.4492009698
20.51361751,1400,0.4823654074,0.3571838872,0.7870357143,0.4538344077
4.36156819,1400,0.419212894,0.319790307,0.7870357143,0.4063224847
7.811832573,1400,0.4832481983,0.37218919,0.7870357143,0.4729000009
10.58605403,1400,0.1312754408,0.3467413617,0.7870357143,0.4405662353
22.76835371,1400,0.6784918147,0.3526917198,0.7870357143,0.448126703
4.511028252,1400,0.4514423605,0.3305253591,0.7870357143,0.4199623386
18.14648927,1400,0.4853489672,0.3564139524,0.7870357143,0.4528561359
6.468218668,1400,0.5371729824,0.3747555061,0.7870357143,0.4761607375
21.43011671,1400,0.3643027353,0.3584317518,0.7870357143,0.4554199325
20.58203853,1400,0.03495072807,0.3605978129,0.7870357143,0.4581721088
13.0601164,1400,0.7171024581,0.3773007013,0.7870357143,0.4793946379
21.20868475,1400,0.7049109013,0.3530593989,0.7870357143,0.4485938725
8.081070093,1400,0.2887240866,0.3481763612,0.7870357143,0.4423895319
22.54062555,1400,0.9090414997,0.3472628889,0.7870357143,0.4412288828
22.05768494,1400,0.6222257883,0.354305452,0.7870357143,0.4501770956
22.95548447,1400,0.06083234749,0.3594083897,0.7870357143,0.4566608391
15.20060875,1400,0.8131542186,0.3622514839,0.7870357143,0.4602732473
15.11575849,1400,0.5582578616,0.3616257226,0.7870357143,0.459478161
16.90044516,1400,0.2452217588,0.3576810978,0.7870357143,0.4544661587
10.64607421,1400,0.5092628408,0.3761797822,0.7870357143,0.477970409
20.08520192,1400,0.705811384,0.3532387028,0.7870357143,0.4488216944
6.015274882,1400,0.7922102802,0.4316528466,0.7870357143,0.5484539504
22.35582752,1400,0.5868554156,0.3547576185,0.7870357143,0.450751614
17.53471699,1400,0.6453559287,0.3531975735,0.7870357143,0.4487694359
18.49424711,1400,0.813919377,0.350298088,0.7870357143,0.4450853775
12.36093715,1400,0.1672962862,0.354913227,0.7870357143,0.4509493287
21.20327342,1400,0.06501363671,0.3604157862,0.7870357143,0.4579408275
13.86533313,1400,0.0430573379,0.3533682381,0.7870357143,0.4489862806
14.64072367,1400,0.190112048,0.3581902817,0.7870357143,0.4551131228
20.76602901,1400,0.05058117821,0.3605502241,0.7870357143,0.4581116429
15.86082116,1400,0.7830353866,0.356762656,0.7870357143,0.4532991953
23.07421956,1400,0.7266897738,0.3513968858,0.7870357143,0.4464814994
9.444090319,1400,0.06067315322,0.3340961546,0.7870357143,0.4244993569
8.04907898,1400,0.4771952304,0.3720872176,0.7870357143,0.4727704357
9.185551769,1400,0.2235912533,0.3477432144,0.7870357143,0.4418391797
13.41841737,1400,0.06741443191,0.3530566216,0.7870357143,0.4485903437
10.70249976,1400,0.6931693017,0.3912728285,0.7870357143,0.4971474882
11.16755803,1400,0.2489117563,0.3571472033,0.7870357143,0.4537877975
14.47245902,1400,0.9295659709,0.3702032472,0.7870357143,0.4703766811
17.72503426,1400,0.3937699541,0.3572349118,0.7870357143,0.453899239
8.793465727,1400,0.5736089859,0.3854423487,0.7870357143,0.4897393368
19.13777757,1400,0.4394320866,0.3575997747,0.7870357143,0.4543628304
12.75896449,1400,0.08200811557,0.3518322852,0.7870357143,0.4470347136
10.26022439,1400,0.6720076757,0.3917683837,0.7870357143,0.4977771359
15.76609332,1400,0.06910537117,0.3572900912,0.7870357143,0.4539693495
8.787653056,1400,0.511144797,0.3777214586,0.7870357143,0.4799292481
14.68583843,1400,0.5393984154,0.3635299759,0.7870357143,0.4618976869
16.95196553,1400,0.3985255789,0.3563112025,0.7870357143,0.4527255829
14.49706213,1400,0.1019032942,0.3562405411,0.7870357143,0.4526358012
23.99669061,1400,0.8893160885,0.3463885831,0.7870357143,0.4401179982
9.429088452,1400,0.239760825,0.3505469417,0.7870357143,0.4454015686
5.58188343,1400,0.7350338244,0.4158042954,0.7870357143,0.5283169339
22.73232411,1400,0.5348109485,0.3553595011,0.7870357143,0.4515163603
14.98885186,1400,0.7045878922,0.3633656244,0.7870357143,0.4616888634
23.57838081,1400,0.2117879318,0.3582260252,0.7870357143,0.4551585381
6.008308987,1400,0.4790128627,0.36002569,0.7870357143,0.4574451749
19.1598805,1400,0.7158685797,0.352861833,0.7870357143,0.4483428472
18.53285581,1400,0.5733360367,0.35530234,0.7870357143,0.4514437319
7.668927039,1400,0.206641258,0.3349440819,0.7870357143,0.4255767251
9.065115045,1400,0.7313548473,0.4049367603,0.7870357143,0.5145087484
8.513040822,1400,0.8259544403,0.4228212992,0.7870357143,0.5372326714
22.88824694,1400,0.5143988086,0.3555559826,0.7870357143,0.4517660077
4.879694017,1400,0.5682667683,0.3652369785,0.7870357143,0.4640665879
16.92769832,1400,0.1759753564,0.3581408687,0.7870357143,0.4550503391
13.7353445,1400,0.5554595857,0.3682324369,0.7870357143,0.4678725885
11.88422741,1400,0.5125586562,0.3734529163,0.7870357143,0.4745056793
16.62766884,1400,0.3024874438,0.3568436493,0.7870357143,0.4534021047
15.95187133,1400,0.332483889,0.3579759743,0.7870357143,0.4548408258
16.39463552,1400,0.7200286981,0.3531983948,0.7870357143,0.4487704794
13.89371338,1400,0.1543444842,0.3568565569,0.7870357143,0.453418505
18.5401772,1400,0.5253223822,0.3560867826,0.7870357143,0.4524404371
18.17768093,1400,0.7803705993,0.3508912441,0.7870357143,0.445839036
9.68816927,1400,0.1278598837,0.3417116819,0.7870357143,0.4341755726
9.607816626,1400,0.8652345833,0.418052439,0.7870357143,0.5311734035
23.42494408,1400,0.6717252508,0.3522380713,0.7870357143,0.4475503016
6.32320697,1400,0.131344077,0.3089861069,0.7870357143,0.3925947721
12.82381908,1400,0.09976853219,0.3528203818,0.7870357143,0.4482901797
17.64791895,1400,0.7986278127,0.3500125415,0.7870357143,0.4447225649
15.296198,1400,0.5389898252,0.3606315477,0.7870357143,0.4582149719
8.825993918,1400,0.219449371,0.3452318985,0.7870357143,0.4386483259
12.32798505,1400,0.006430264796,0.3465384232,0.7870357143,0.4403083836
20.11966199,1400,0.1724595685,0.3601997804,0.7870357143,0.4576663725
20.68810457,1400,0.4507501047,0.3575973089,0.7870357143,0.4543596973
11.04791915,1400,0.5360982778,0.3773430247,0.7870357143,0.4794484136
21.56841662,1400,0.9476429114,0.3467806839,0.7870357143,0.4406161977
16.66635895,1400,0.613018111,0.3527810729,0.7870357143,0.4482402342
19.0914022,1400,0.2584073767,0.3594388791,0.7870357143,0.4566995786
6.298538793,1400,0.4684411084,0.3608682512,0.7870357143,0.458515725
22.09063524,1400,0.6821697989,0.3531028848,0.7870357143,0.4486491253
9.499817676,1400,0.4143034076,0.3677964692,0.7870357143,0.4673186521
4.241864577,1400,0.4700094218,0.3281291051,0.7870357143,0.4169176813
11.04305236,1400,0.9425496961,0.4099773272,0.7870357143,0.5209132442
14.01273925,1400,0.08542880683,0.355006549,0.7870357143,0.4510679027
13.5606878,1400,0.1903462677,0.3576628487,0.7870357143,0.4544429715
15.51250888,1400,0.2955031306,0.3587869912,0.7870357143,0.4558712961
11.85315346,1400,0.7404066928,0.3871332176,0.7870357143,0.4918877385
14.35898722,1400,0.6697416582,0.3672364792,0.7870357143,0.4666071342
9.582227717,1400,0.6791576034,0.3958335892,0.7870357143,0.5029423468
18.51812194,1400,0.2975767217,0.3588286729,0.7870357143,0.4559242566
20.07422323,1400,0.140745601,0.360343907,0.7870357143,0.4578494984
23.47337132,1400,0.6335355965,0.3529493673,0.7870357143,0.4484540674
20.99247498,1400,0.4996418983,0.3568383469,0.7870357143,0.4533953675
4.838947961,1400,0.5169728825,0.3521781738,0.7870357143,0.4474741964
14.74523208,1400,0.4769862857,0.3624869832,0.7870357143,0.4605724703
8.688434247,1400,0.9359549154,0.4394862323,0.7870357143,0.5584069748
15.34953554,1400,0.5278406275,0.360333082,0.7870357143,0.4578357442
12.45463491,1400,0.4099148822,0.3668046014,0.7870357143,0.4660583945
5.477544132,1400,0.5021051043,0.3585431465,0.7870357143,0.4555614694
17.83338245,1400,0.6947295144,0.3524996849,0.7870357143,0.4478827053
5.581603295,1400,0.3902386533,0.338138797,0.7870357143,0.4296358995
15.7831385,1400,0.4418634113,0.3583918769,0.7870357143,0.4553692678
11.84909546,1400,0.3058238226,0.3616377402,0.7870357143,0.4594934304
15.98706435,1400,0.1190296607,0.357708922,0.7870357143,0.4545015118
20.86606053,1400,0.4554892549,0.357497956,0.7870357143,0.4542334605
15.24646823,1400,0.04237855183,0.3562832075,0.7870357143,0.4526900126
9.657250342,1400,0.8200203921,0.4119081137,0.7870357143,0.5233664829
23.34980265,1400,0.9115463911,0.34646944,0.7870357143,0.4402207342
8.168108295,1400,0.5140004095,0.3773805934,0.7870357143,0.4794961481
20.6439731,1400,0.103828678,0.3604490033,0.7870357143,0.4579830328
21.80946346,1400,0.04673531601,0.3601959505,0.7870357143,0.4576615063
10.67285561,1400,0.1799823567,0.350762282,0.7870357143,0.4456751779
11.19528243,1400,0.4256759284,0.3692269045,0.7870357143,0.4691361495
21.63326171,1400,0.8741575097,0.3488073997,0.7870357143,0.4431913232
9.044939708,1400,0.3648138611,0.3615923484,0.7870357143,0.4594357561
4.429897291,1400,0.8472616629,0.4532202193,0.7870357143,0.5758572465
18.47393484,1400,0.3664048133,0.3581313997,0.7870357143,0.4550383079
18.01061087,1400,0.1487659455,0.3594300041,0.7870357143,0.4566883022
15.32570735,1400,0.2088751396,0.3583414119,0.7870357143,0.4553051474
19.95383729,1400,0.3101062826,0.3592130584,0.7870357143,0.4564126531
14.89211413,1400,0.6443308891,0.3635360875,0.7870357143,0.4619054522
16.49333089,1400,0.7374575417,0.3522470759,0.7870357143,0.4475617428
6.359747522,1400,0.5057644413,0.3681643788,0.7870357143,0.4677861146
13.32439649,1400,0.3191542269,0.3620521926,0.7870357143,0.4600200296
23.67972968,1400,0.5039758234,0.3549753901,0.7870357143,0.4510283125
16.9548294,1400,0.8161838707,0.3488143459,0.7870357143,0.4432001491
4.771013095,1400,0.4163939673,0.3287653554,0.7870357143,0.4177260948
8.749225733,1400,0.6043194148,0.3894294204,0.7870357143,0.4948052716
12.81690157,1400,0.1511637104,0.355091532,0.7870357143,0.4511758812
14.05932855,1400,0.0621388719,0.3544194704,0.7870357143,0.4503219663
7.278368522,1400,0.0392799468,0.3107051268,0.7870357143,0.3947789423
6.943986239,1400,0.04393347601,0.3068260646,0.7870357143,0.3898502432
9.855223996,1400,0.9044692894,0.4202727609,0.7870357143,0.533994523
22.11433053,1400,0.2828185574,0.3588737268,0.7870357143,0.4559815016
12.60748649,1400,0.1696937668,0.3555294372,0.7870357143,0.4517322795
23.85086004,1400,0.8531636848,0.3475339745,0.7870357143,0.4415733215
14.55500906,1400,0.688176891,0.3662085994,0.7870357143,0.4653011201
22.78596577,1400,0.3265475459,0.3580098255,0.7870357143,0.4548838369
14.94924272,1400,0.5268488135,0.3621787696,0.7870357143,0.4601808572
20.57804844,1400,0.3932895629,0.3583333841,0.7870357143,0.4552949473
20.91451934,1400,0.1768220703,0.360096561,0.7870357143,0.4575352229
15.19345012,1400,0.7072492598,0.3619282339,0.7870357143,0.4598625289
6.268849347,1400,0.2542218454,0.3256037312,0.7870357143,0.4137089655
17.10924221,1400,0.7259386195,0.3510829241,0.7870357143,0.4460825827
14.23509559,1400,0.4286787252,0.3633967445,0.7870357143,0.4617284043
12.2142791,1400,0.2353653212,0.3581397761,0.7870357143,0.4550489509
8.552448939,1400,0.8249280073,0.4223127461,0.7870357143,0.5365865087
13.37870865,1400,0.08193090943,0.3535023029,0.7870357143,0.4491566221
17.40534197,1400,0.655299223,0.3528702133,0.7870357143,0.4483534952
12.62995772,1400,0.3253145781,0.3627087148,0.7870357143,0.4608542004
5.860799833,1400,0.9048649498,0.4676520843,0.7870357143,0.5941942352
7.524778944,1400,0.2325530723,0.3368191003,0.7870357143,0.4279591055
17.17392469,1400,0.5769066389,0.354035201,0.7870357143,0.4498337172
22.87177582,1400,0.6111906687,0.3539236173,0.7870357143,0.4496919401
11.38078948,1400,0.2136077636,0.3553113329,0.7870357143,0.4514551581
13.60573598,1400,0.900226339,0.3786499994,0.7870357143,0.4811090431
8.546925724,1400,0.8924139891,0.4336726391,0.7870357143,0.5510202793
22.60645342,1400,0.5376193517,0.3554113018,0.7870357143,0.4515821777
11.61434278,1400,0.0006077951537,0.3428346496,0.7870357143,0.4356024046
11.28110889,1400,0.6580539892,0.3852723938,0.7870357143,0.4895233937
14.73522567,1400,0.7940650506,0.3660823897,0.7870357143,0.4651407593
15.2081594,1400,0.4434568624,0.3604701332,0.7870357143,0.4580098802
14.68310698,1400,0.8595226136,0.3672298972,0.7870357143,0.4665987712
14.80068375,1400,0.8389919857,0.3659419653,0.7870357143,0.4649623374
19.63369208,1400,0.7330768539,0.3526090419,0.7870357143,0.4480216532
13.92940269,1400,0.2158593227,0.3586515716,0.7870357143,0.4556992333
23.24689481,1400,0.5527286655,0.3546224761,0.7870357143,0.4505799034
7.417869266,1400,0.3397796568,0.349977561,0.7870357143,0.444678119
12.56610931,1400,0.7631081259,0.3829456177,0.7870357143,0.4865670144
22.09949799,1400,0.9160032369,0.3473834592,0.7870357143,0.4413820783
12.79367537,1400,0.2098377023,0.357637736,0.7870357143,0.4544110636
14.98121372,1400,0.2764866327,0.3593813492,0.7870357143,0.4566264817
18.62186696,1400,0.8909498849,0.3483878842,0.7870357143,0.442658291
17.06709758,1400,0.01886582634,0.3587645294,0.7870357143,0.4558427564
12.62905066,1400,0.7568458734,0.3821604236,0.7870357143,0.4855693543
15.70937024,1400,0.2958181882,0.3584450905,0.7870357143,0.4554368804
12.64026696,1400,0.447865558,0.3681959803,0.7870357143,0.4678262671
16.14632579,1400,0.6379246823,0.3557047283,0.7870357143,0.4519550026
15.7026783,1400,0.2088133504,0.3581222959,0.7870357143,0.4550267408
16.82136552,1400,0.4215701035,0.3558608433,0.7870357143,0.4521533608
8.318091082,1400,0.2942541474,0.3503461497,0.7870357143,0.4451464442
21.31909669,1400,0.4487063183,0.3574533932,0.7870357143,0.4541768393
9.445008604,1400,0.8119618889,0.4127482033,0.7870357143,0.5244338927
14.77808311,1400,0.4301649455,0.3617755584,0.7870357143,0.4596685409
6.000128125,1400,0.7614125967,0.4232718714,0.7870357143,0.537805164
15.1934576,1400,0.4834754343,0.3607903166,0.7870357143,0.4584167021
16.04476239,1400,0.5728037336,0.3567541054,0.7870357143,0.453288331
12.73788861,1400,0.422231724,0.3668640918,0.7870357143,0.4661339824
5.234157614,1400,0.9324154921,0.4857654398,0.7870357143,0.6172088902
14.18823275,1400,0.5641113503,0.3662970987,0.7870357143,0.4654135664
17.97374901,1400,0.7707921931,0.3509558793,0.7870357143,0.4459211607
5.931185928,1400,0.6370041563,0.3922939426,0.7870357143,0.498444906
12.39260851,1400,0.03392827018,0.3482333382,0.7870357143,0.4424619263
22.0418414,1400,0.461101921,0.3569379666,0.7870357143,0.4535219433
15.59720655,1400,0.7249835532,0.3590209794,0.7870357143,0.4561685993
12.34981955,1400,0.5294937631,0.3728708135,0.7870357143,0.4737660652
23.31596355,1400,0.6840278777,0.3520900928,0.7870357143,0.4473622816
9.537090136,1400,0.5499732625,0.3818004181,0.7870357143,0.4851119348
23.6757164,1400,0.5436643045,0.3543498585,0.7870357143,0.4502335181
7.323347062,1400,0.5719874129,0.3844814074,0.7870357143,0.488518374
11.13319351,1400,0.6378895259,0.3845534475,0.7870357143,0.4886099074
9.974271459,1400,0.8153432476,0.4085558484,0.7870357143,0.5191071269
16.57187987,1400,0.4544410962,0.3552428095,0.7870357143,0.451368093
16.88317911,1400,0.2595605933,0.3575528108,0.7870357143,0.4543031584
14.76670087,1400,0.3014144361,0.3600055433,0.7870357143,0.4574195768
23.5003952,1400,0.3086313374,0.3575477874,0.7870357143,0.4542967757
20.0622435,1400,0.7442246942,0.3524003623,0.7870357143,0.447756507
18.93992236,1400,0.392607753,0.3580920342,0.7870357143,0.4549882905
16.27013833,1400,0.369699947,0.3570062738,0.7870357143,0.4536087338
5.50463173,1400,0.04507628812,0.2827110997,0.7870357143,0.359210001
15.00379883,1400,0.881160773,0.3643563657,0.7870357143,0.4629476898
9.458412676,1400,0.9387943509,0.4297380714,0.7870357143,0.5460210554
9.731585239,1400,0.1348307943,0.3425813338,0.7870357143,0.4352805439
12.69356411,1400,0.5058007392,0.3706031453,0.7870357143,0.4708847878
12.26417047,1400,0.9033587599,0.3930125809,0.7870357143,0.4993580008
10.61541984,1400,0.5822717662,0.3822669831,0.7870357143,0.4857047478
17.27114647,1400,0.363389445,0.3570942153,0.7870357143,0.4537204714
18.74293133,1400,0.5363724138,0.3560269099,0.7870357143,0.4523643634
20.18213019,1400,0.1772834642,0.360176256,0.7870357143,0.4576364826
15.35149741,1400,0.1501407896,0.3577446008,0.7870357143,0.454546845
7.647823483,1400,0.5188068361,0.3768852205,0.7870357143,0.4788667321
13.46305109,1400,0.583062256,0.3703167057,0.7870357143,0.4705208404
23.01332837,1400,0.9336335422,0.3461595656,0.7870357143,0.4398270108
21.92413266,1400,0.1696728644,0.359742162,0.7870357143,0.457084927
19.68235991,1400,0.6612473302,0.3541181981,0.7870357143,0.4499391726
22.48758521,1400,0.195069272,0.3592548846,0.7870357143,0.456465797
22.31966695,1400,0.6259602118,0.3540662589,0.7870357143,0.4498731791
19.62175685,1400,0.3801493711,0.3584539442,0.7870357143,0.4554481298
5.066698518,1400,0.2957513538,0.3120558848,0.7870357143,0.3964952023
12.49118593,1400,0.6204535795,0.3766709746,0.7870357143,0.4785945133
7.444028469,1400,0.5509651841,0.3813313921,0.7870357143,0.4845159948
9.939949866,1400,0.2725100661,0.3556110456,0.7870357143,0.4518359702
9.002101496,1400,0.2282479311,0.3471856124,0.7870357143,0.4411306959
6.089206567,1400,0.4697760438,0.3591170291,0.7870357143,0.4562906391
4.840156555,1400,0.8102864972,0.4386910674,0.7870357143,0.557396646
7.711381599,1400,0.7235470013,0.4103382689,0.7870357143,0.5213718532
8.973043926,1400,0.3975840072,0.3649303259,0.7870357143,0.4636769581
13.63493072,1400,0.1495325612,0.3563865706,0.7870357143,0.4528213449
13.1787157,1400,0.8915692467,0.3827817808,0.7870357143,0.4863588448
20.70185425,1400,0.5597699841,0.3559538736,0.7870357143,0.4522715642
22.12005349,1400,0.3004469708,0.3587173093,0.7870357143,0.455782759
13.34019297,1400,0.8926321648,0.3811541443,0.7870357143,0.4842907855
11.03313185,1400,0.5091603023,0.3753991381,0.7870357143,0.4769785301
6.322414399,1400,0.07636855886,0.3016868528,0.7870357143,0.3833204102
6.348868592,1400,0.8574766084,0.4481753509,0.7870357143,0.5694472853
20.40038174,1400,0.03663123696,0.3606127222,0.7870357143,0.4581910524
8.105481194,1400,0.3513498634,0.3559815181,0.7870357143,0.4523066891
14.09013709,1400,0.5990448964,0.367508964,0.7870357143,0.4669533509
20.43122246,1400,0.2763355193,0.359506246,0.7870357143,0.4567851744
22.16046942,1400,0.4729781128,0.3567000518,0.7870357143,0.4532196511
22.90858909,1400,0.3961179269,0.357158027,0.7870357143,0.45380155
15.83520272,1400,0.7283944406,0.357248939,0.7870357143,0.4539170618
8.30552029,1400,0.6335858879,0.394229028,0.7870357143,0.5009036068
15.07440357,1400,0.524633381,0.3615890169,0.7870357143,0.4594315231
22.10312938,1400,0.1112571783,0.359884409,0.7870357143,0.4572656647
11.81344841,1400,0.6712105066,0.383153251,0.7870357143,0.4868308312
11.9659524,1400,0.188528655,0.3551755932,0.7870357143,0.4512826886
9.552909241,1400,0.9245132406,0.4265360678,0.7870357143,0.5419526205
10.27696094,1400,0.3467229445,0.3628194634,0.7870357143,0.4609949166
18.40293016,1400,0.9045478976,0.3478907466,0.7870357143,0.4420266327
17.80915444,1400,0.7422556006,0.3514604883,0.7870357143,0.4465623122
4.804922,1400,0.2986114468,0.3068489543,0.7870357143,0.3898793266
12.21439238,1400,0.3435096267,0.3637362682,0.7870357143,0.4621597998
7.64310092,1400,0.2502434366,0.3400965221,0.7870357143,0.4321233661
4.946018538,1400,0.04051861648,0.2695697552,0.7870357143,0.3425127352
16.28702675,1400,0.191231363,0.3576857396,0.7870357143,0.4544720565
19.10530381,1400,0.3021424865,0.3590848891,0.7870357143,0.4562498024
15.08749669,1400,0.06878906996,0.3564380251,0.7870357143,0.4528867224
23.01010922,1400,0.005016563822,0.3594175411,0.7870357143,0.4566724669
13.72292127,1400,0.3955390279,0.3638835779,0.7870357143,0.4623469701
6.05232814,1400,0.3880604857,0.3441445034,0.7870357143,0.4372666922
14.40486904,1400,0.7198481862,0.3677195893,0.7870357143,0.4672209693
17.55608523,1400,0.7167249823,0.3517756576,0.7870357143,0.4469627633
11.45590053,1400,0.1420601568,0.3509720162,0.7870357143,0.4459416641
7.33246417,1400,0.8060176146,0.4283018455,0.7870357143,0.5441962007
4.721510679,1400,0.4936837154,0.3445876968,0.7870357143,0.4378298095
22.55601689,1400,0.5254088173,0.3556444362,0.7870357143,0.451878396
18.9567803,1400,0.9185860321,0.347786102,0.7870357143,0.4418936723
8.755164799,1400,0.5261430344,0.3795403774,0.7870357143,0.4822403488
16.40625732,1400,0.3330939266,0.3568569503,0.7870357143,0.4534190048
7.760177637,1400,0.6321058585,0.3947002743,0.7870357143,0.5015023679
10.5848462,1400,0.6839222176,0.3911382133,0.7870357143,0.4969764475
10.95046202,1400,0.901669039,0.4074183478,0.7870357143,0.5176618296
10.33990839,1400,0.7639473076,0.4001851497,0.7870357143,0.5084713977
6.177658335,1400,0.757714125,0.422064879,0.7870357143,0.5362715711
12.44363531,1400,0.731984688,0.3823648173,0.7870357143,0.485829055
4.31720802,1400,0.7122998627,0.398939994,0.7870357143,0.5068893148
5.178142606,1400,0.2897716396,0.3132799985,0.7870357143,0.3980505494
14.75007826,1400,0.4481658724,0.3620999782,0.7870357143,0.4600807456
22.97081343,1400,0.1081082789,0.3592767327,0.7870357143,0.4564935569
5.595701194,1400,0.4186015601,0.3435947679,0.7870357143,0.4365682035
7.826916268,1400,0.8318750006,0.4297690253,0.7870357143,0.5460603852
13.12581922,1400,0.3706689361,0.3641359971,0.7870357143,0.4626676916
16.19509687,1400,0.3493214681,0.3573190383,0.7870357143,0.4540061294
12.52315977,1400,0.1896364975,0.3563227335,0.7870357143,0.4527402341
5.786159746,1400,0.782914095,0.4295366041,0.7870357143,0.545765073
11.38259034,1400,0.4044385679,0.3676718316,0.7870357143,0.4671602888
15.44627021,1400,0.3536997036,0.3592299237,0.7870357143,0.4564340819
7.079382809,1400,0.6899197838,0.4056421885,0.7870357143,0.5154050587
22.72869683,1400,0.3193523559,0.3581240232,0.7870357143,0.4550289354
11.27133458,1400,0.166264028,0.35191532,0.7870357143,0.4471402169
15.2750179,1400,0.2950873797,0.3591728061,0.7870357143,0.4563615089
20.35224947,1400,0.1275955411,0.3603957788,0.7870357143,0.4579154062
7.738324575,1400,0.6486441838,0.3974267811,0.7870357143,0.5049666411
20.72322022,1400,0.1573260415,0.3602309235,0.7870357143,0.4577059427
14.98786468,1400,0.2295966288,0.3587591986,0.7870357143,0.4558359831
19.14277421,1400,0.4755317918,0.3571141846,0.7870357143,0.4537458442
12.43583515,1400,0.6303083929,0.377435043,0.7870357143,0.4795653312
17.10943222,1400,0.4073156499,0.3564070152,0.7870357143,0.4528473216
15.79371318,1400,0.2876721506,0.3582773116,0.7870357143,0.4552237021
22.86628029,1400,0.3442971703,0.3577674222,0.7870357143,0.4545758417
20.64288539,1400,0.5978529573,0.3553051349,0.7870357143,0.451447283
14.58709617,1400,0.7925872421,0.3673072786,0.7870357143,0.4666970913
4.775213928,1400,0.7214869946,0.4073870656,0.7870357143,0.5176220827
14.85823191,1400,0.8560864322,0.3655601976,0.7870357143,0.464477267
14.52386399,1400,0.8547750453,0.3686654165,0.7870357143,0.4684227282
23.94232949,1400,0.1872779708,0.3579934592,0.7870357143,0.454863042
6.338922603,1400,0.4009145155,0.3495781478,0.7870357143,0.4441706284
13.55078282,1400,0.2812142104,0.3606430421,0.7870357143,0.4582295766
23.46594716,1400,0.4998461223,0.3552543611,0.7870357143,0.4513827704
7.05385581,1400,0.5068392656,0.3726997763,0.7870357143,0.4735487469
7.947083652,1400,0.1374547224,0.3294280651,0.7870357143,0.4185681273
19.85748499,1400,0.5277505492,0.3565067588,0.7870357143,0.4529740548
23.3346341,1400,0.1700647425,0.3586989964,0.7870357143,0.4557594908
18.73556696,1400,0.2842314453,0.3590678308,0.7870357143,0.4562281283
16.44273366,1400,0.09297447542,0.3578517724,0.7870357143,0.4546830161
18.92238332,1400,0.2408865173,0.3594942216,0.7870357143,0.4567698963
19.66014909,1400,0.3694811666,0.3585791723,0.7870357143,0.4556072434
10.03821079,1400,0.07511905865,0.3393505473,0.7870357143,0.4311755377
8.725368236,1400,0.8310322246,0.4217605856,0.7870357143,0.5358849388
4.688737108,1400,0.9496514096,0.5014194271,0.7870357143,0.6370986958
10.85527144,1400,0.01402673054,0.3395676749,0.7870357143,0.4314514179
9.289555024,1400,0.08382714527,0.3350792089,0.7870357143,0.4257484162
4.583516248,1400,0.4828506881,0.3392563774,0.7870357143,0.4310558864
10.05471381,1400,0.6298558605,0.3885991719,0.7870357143,0.4937503659
14.24053784,1400,0.04004963546,0.3542059321,0.7870357143,0.4500506466
15.17935646,1400,0.3768695362,0.360056956,0.7870357143,0.4574849012
17.77651481,1400,0.5128491434,0.3556983653,0.7870357143,0.4519469179
4.887968779,1400,0.6748638518,0.3941459779,0.7870357143,0.5007980841
18.77307455,1400,0.6796179108,0.3534552146,0.7870357143,0.4490967922
18.06749327,1400,0.7062847232,0.352453833,0.7870357143,0.4478244463
18.92744323,1400,0.2283409523,0.3595827195,0.7870357143,0.4568823409
21.80528697,1400,0.3423875143,0.3584911589,0.7870357143,0.4554954145
8.366909039,1400,0.8968617515,0.436542903,0.7870357143,0.554667209
11.45325361,1400,0.8539398563,0.39822281,0.7870357143,0.5059780678
11.23257584,1400,0.3190710292,0.3619809606,0.7870357143,0.459929523
15.5799211,1400,0.4567824379,0.3591627579,0.7870357143,0.4563487418
12.1353997,1400,0.1121958875,0.351443364,0.7870357143,0.4465405542
14.0682581,1400,0.5722647119,0.3670531651,0.7870357143,0.4663742171
14.13420234,1400,0.9444637205,0.3740959153,0.7870357143,0.4753226677
7.626376978,1400,0.9461497164,0.4563134087,0.7870357143,0.5797874231
8.212277831,1400,0.8402433827,0.4279367262,0.7870357143,0.5437322836
14.69694225,1400,0.05585780087,0.3555523034,0.7870357143,0.451761333
7.64728902,1400,0.2611774801,0.3415055277,0.7870357143,0.433913635
19.56451417,1400,0.5330843003,0.3563766912,0.7870357143,0.4528087922
13.29987836,1400,0.263718873,0.3600930125,0.7870357143,0.4575307143
10.6921369,1400,0.8732802049,0.4076088936,0.7870357143,0.5179039353
22.77363593,1400,0.4497996916,0.3565860315,0.7870357143,0.453074778
22.73741599,1400,0.3410375421,0.3579032354,0.7870357143,0.4547484046
5.868596399,1400,0.5848638519,0.3802306143,0.7870357143,0.4831173572
19.0109892,1400,0.471059632,0.3571247387,0.7870357143,0.4537592542
4.69157107,1400,0.2622138424,0.2977118731,0.7870357143,0.3782698393
19.32116763,1400,0.924595569,0.3477384042,0.7870357143,0.4418330679
15.93126236,1400,0.1799541051,0.3578907504,0.7870357143,0.4547325412
4.222554904,1400,0.388631932,0.3095039134,0.7870357143,0.3932526921
10.10506414,1400,0.083069022,0.3404083965,0.7870357143,0.4325196307
16.23971596,1400,0.6932563191,0.3545950445,0.7870357143,0.450545049
4.322543191,1400,0.437668668,0.3228327935,0.7870357143,0.4101882388
15.54998016,1400,0.4558737395,0.3592751263,0.7870357143,0.4564915159
16.3200469,1400,0.1606338839,0.3577290466,0.7870357143,0.4545270819
10.88875936,1400,0.5386656612,0.377960543,0.7870357143,0.4802330264
4.436734816,1400,0.6577434768,0.382934543,0.7870357143,0.486552943
8.833892677,1400,0.4692648883,0.3727749688,0.7870357143,0.4736442858
15.31469305,1400,0.8239173068,0.3612863503,0.7870357143,0.4590469578
8.304428967,1400,0.320915321,0.3533957418,0.7870357143,0.4490212266
5.161240592,1400,0.2734614053,0.3101561498,0.7870357143,0.3940814174
10.06621287,1400,0.318597935,0.3599943322,0.7870357143,0.457405332
21.19153491,1400,0.7337332296,0.3524385645,0.7870357143,0.4478050463
20.09864721,1400,0.771258855,0.3517827691,0.7870357143,0.4469717991
8.223949858,1400,0.4410088987,0.3678457981,0.7870357143,0.467381329
10.53226288,1400,0.5023901834,0.3758087783,0.7870357143,0.4774990149
23.31835607,1400,0.1971283269,0.3585656333,0.7870357143,0.4555900409
8.478957989,1400,0.5088125185,0.3771513517,0.7870357143,0.4792048758
11.04557291,1400,0.2996789779,0.3604177391,0.7870357143,0.4579433088
16.39918263,1400,0.4744633086,0.3557688139,0.7870357143,0.4520364291
13.81387495,1400,0.6582816215,0.370464732,0.7870357143,0.4707089212
18.92524309,1400,0.431190834,0.3576176124,0.7870357143,0.4543854947
14.26452136,1400,0.1949078936,0.3582049077,0.7870357143,0.4551317065
4.88674036,1400,0.2968190745,0.3083804984,0.7870357143,0.3918252918
4.552213472,1400,0.3771966801,0.3157997756,0.7870357143,0.401252154
17.66089758,1400,0.720429109,0.3517993392,0.7870357143,0.4469928528
12.65136433,1400,0.7036654806,0.3795712993,0.7870357143,0.4822796379
17.72125252,1400,0.9444511706,0.3462493768,0.7870357143,0.439941124
19.46370832,1400,0.08651628284,0.3604302436,0.7870357143,0.4579591968
16.54387388,1400,0.5957440874,0.3537350498,0.7870357143,0.4494523481
22.22759273,1400,0.6794800669,0.3530705008,0.7870357143,0.4486079785
16.27154216,1400,0.1810696036,0.3577159757,0.7870357143,0.4545104742
5.401489425,1400,0.06194028562,0.2828740976,0.7870357143,0.3594171046
13.74752896,1400,0.7910630015,0.3743245303,0.7870357143,0.4756131437
9.041040822,1400,0.4073684235,0.3661769431,0.7870357143,0.4652608979
15.77998404,1400,0.6853982164,0.3578291168,0.7870357143,0.4546542301
6.367967003,1400,0.5290510769,0.3725649659,0.7870357143,0.4733774582
23.81471988,1400,0.5330979253,0.3543750637,0.7870357143,0.4502655436
14.69380194,1400,0.4311624738,0.3620544221,0.7870357143,0.4600228624
4.658442342,1400,0.7580526861,0.4187985138,0.7870357143,0.5321213589
19.73254602,1400,0.398205531,0.3582663247,0.7870357143,0.4552097423
8.241600749,1400,0.08929249514,0.3269136892,0.7870357143,0.4153733855
9.747422546,1400,0.9076110724,0.4219346533,0.7870357143,0.5361061075
18.3700916,1400,0.7186543249,0.3524085569,0.7870357143,0.447766919
14.66363995,1400,0.1351309621,0.3571355031,0.7870357143,0.4537729313
9.422527169,1400,0.4138029632,0.3676244653,0.7870357143,0.4671001056
21.93424598,1400,0.7991888015,0.3505613211,0.7870357143,0.4454198389
11.41690799,1400,0.9317923238,0.4045417764,0.7870357143,0.5140068857
10.65841763,1400,0.5516321235,0.379600985,0.7870357143,0.4823173562
19.53629486,1400,0.9383133414,0.3473962473,0.7870357143,0.4413983267
17.62775057,1400,0.6213174842,0.3537414579,0.7870357143,0.4494604901
11.35445128,1400,0.3502532915,0.36413001,0.7870357143,0.4626600844
22.28998981,1400,0.6599857927,0.3534243942,0.7870357143,0.449057632
18.85433936,1400,0.1849469638,0.3598102074,0.7870357143,0.4571713849
16.32527703,1400,0.1273138501,0.3577775322,0.7870357143,0.4545886873
15.82356618,1400,0.2101418469,0.3580412259,0.7870357143,0.4549237339
7.913505517,1400,0.2653620362,0.3441499666,0.7870357143,0.4372736336
22.13421155,1400,0.08156541231,0.3599508242,0.7870357143,0.4573500511
10.01796523,1400,0.746517829,0.4007060522,0.7870357143,0.5091332515
12.56923207,1400,0.7024805921,0.3800699409,0.7870357143,0.4829132071
14.37600265,1400,0.153517611,0.3572934884,0.7870357143,0.4539736659
19.04718253,1400,0.3292348197,0.3588104791,0.7870357143,0.4559011396
11.44494915,1400,0.3571536826,0.3645990233,0.7870357143,0.4632560082
7.075891393,1400,0.4691015343,0.3667060067,0.7870357143,0.4659331209
20.76782003,1400,0.7440496912,0.3523305656,0.7870357143,0.447667824
13.71596517,1400,0.3950821337,0.3638855496,0.7870357143,0.4623494754
7.272785534,1400,0.4559942837,0.3657883603,0.7870357143,0.4647671683
4.697615299,1400,0.1909192179,0.2859023919,0.7870357143,0.3632648262
11.34396522,1400,0.09680400553,0.3476506973,0.7870357143,0.4417216284
5.481955411,1400,0.9310124453,0.481951501,0.7870357143,0.6123629364
4.353376999,1400,0.5861832484,0.3604399893,0.7870357143,0.4579715796
9.129239916,1400,0.4314335903,0.368981885,0.7870357143,0.4688248301
15.39065103,1400,0.7896484341,0.3606016008,0.7870357143,0.4581769217
23.89470291,1400,0.6288348168,0.3525959957,0.7870357143,0.4480050769
23.48789636,1400,0.6518783936,0.3525757528,0.7870357143,0.4479793565
12.89004077,1400,0.06552918485,0.3514826883,0.7870357143,0.4465905193
17.28268366,1400,0.5570943846,0.354492918,0.7870357143,0.4504152881
4.692356129,1400,0.5368904942,0.3542805393,0.7870357143,0.4501454417
13.57714103,1400,0.6251700934,0.3709745977,0.7870357143,0.4713567516
15.45445729,1400,0.798486078,0.3600723641,0.7870357143,0.4575044787
9.256949716,1400,0.8717910871,0.4226162865,0.7870357143,0.5369721841
12.62108914,1400,0.2431169717,0.3589574243,0.7870357143,0.4560878468
14.30439065,1400,0.7765666556,0.3694085771,0.7870357143,0.4693669809
8.030969991,1400,0.8544341334,0.4322437668,0.7870357143,0.5492047679
5.924981307,1400,0.1795177425,0.3093997888,0.7870357143,0.3931203923
12.35327397,1400,0.4272278664,0.3678127701,0.7870357143,0.4673393639
21.17184334,1400,0.4371859091,0.3576565068,0.7870357143,0.4544349136
22.90967691,1400,0.4107748,0.3569797471,0.7870357143,0.4535750292
8.862069966,1400,0.825358091,0.41967565,0.7870357143,0.5332358397
20.63029869,1400,0.697812971,0.3533633251,0.7870357143,0.4489800383
8.158186437,1400,0.4428621899,0.3678627629,0.7870357143,0.4674028843
23.78108179,1400,0.5276853716,0.3544981811,0.7870357143,0.4504219754
17.07012323,1400,0.3364645576,0.3571275718,0.7870357143,0.4537628538
5.056693999,1400,0.8542888902,0.4552549354,0.7870357143,0.5784425371
21.37318801,1400,0.9365637257,0.3471941756,0.7870357143,0.4411415763
16.32652737,1400,0.2959093862,0.357256167,0.7870357143,0.4539262457
14.68456092,1400,0.6246420925,0.3645862554,0.7870357143,0.4632397854
16.19988066,1400,0.8129951651,0.3537072868,0.7870357143,0.4494170726
6.059285626,1400,0.9016181008,0.4643751076,0.7870357143,0.5900305401
21.38529694,1400,0.8402423797,0.349813689,0.7870357143,0.4444699048
13.10949634,1400,0.6546676756,0.3746542828,0.7870357143,0.4760321241
15.36351106,1400,0.9072066361,0.3609192785,0.7870357143,0.4585805599
18.9295588,1400,0.9191529011,0.347759173,0.7870357143,0.4418594565
16.33211417,1400,0.05830822259,0.3577983211,0.7870357143,0.4546151015
18.8458625,1400,0.4495976929,0.3573415295,0.7870357143,0.4540347065
20.8841841,1400,0.3631642734,0.3586158612,0.7870357143,0.4556538601
14.43743743,1400,0.3545669933,0.361455478,0.7870357143,0.4592618498
8.236829984,1400,0.7831883149,0.417864643,0.7870357143,0.5309347917
19.29497032,1400,0.2736621842,0.359393099,0.7870357143,0.4566414109
23.77243282,1400,0.911589032,0.3460204669,0.7870357143,0.4396502734
19.78996885,1400,0.6385433383,0.3545742566,0.7870357143,0.4505186361
7.606184987,1400,0.463004162,0.3684843457,0.7870357143,0.4681926615
7.728826471,1400,0.03209184004,0.3153312649,0.7870357143,0.4006568687
20.4362198,1400,0.6302509795,0.35473722,0.7870357143,0.4507256958
5.206107468,1400,0.563388867,0.3686723284,0.7870357143,0.4684315104
10.97486884,1400,0.544773127,0.3781908096,0.7870357143,0.4805256009
22.65741354,1400,0.5424609277,0.3552936713,0.7870357143,0.4514327175
23.46672969,1400,0.8897556752,0.3469596379,0.7870357143,0.4408435749
16.46337068,1400,0.1529991309,0.357697851,0.7870357143,0.4544874451
7.104949843,1400,0.9164560446,0.4561552354,0.7870357143,0.5795864497
19.53371237,1400,0.8073253306,0.350868056,0.7870357143,0.4458095734
10.50539545,1400,0.8283384148,0.4051194011,0.7870357143,0.51474081
22.38343723,1400,0.834993694,0.3493701785,0.7870357143,0.4439063846
19.41174273,1400,0.248124518,0.3596236802,0.7870357143,0.4569343851
11.96746144,1400,0.8367998214,0.3921020443,0.7870357143,0.4982010819
8.65066497,1400,0.2914589064,0.3519264939,0.7870357143,0.4471544144
5.385798775,1400,0.1129834171,0.2897416095,0.7870357143,0.368142899
8.739571277,1400,0.9002201962,0.432759522,0.7870357143,0.5498600815
7.946508382,1400,0.8588003515,0.4339015943,0.7870357143,0.5513111876
19.53855065,1400,0.5767666736,0.3556510432,0.7870357143,0.4518867908
7.691524837,1400,0.3289792546,0.3505413001,0.7870357143,0.4453944005
23.97056483,1400,0.07245132386,0.3584096178,0.7870357143,0.4553918091
10.81463398,1400,0.8004162371,0.3997829422,0.7870357143,0.5079603567
13.74169288,1400,0.7596409896,0.373554499,0.7870357143,0.4746347493
6.198328291,1400,0.7480526035,0.4195820053,0.7870357143,0.5331168556
18.90094662,1400,0.07136791574,0.3602579883,0.7870357143,0.457740331
17.01445522,1400,0.8150872526,0.3489165129,0.7870357143,0.4433299615
5.925785866,1400,0.658775551,0.3973401163,0.7870357143,0.5048565257
9.423898481,1400,0.1439259933,0.3415460347,0.7870357143,0.4339651029
9.309292852,1400,0.3983604855,0.3658269349,0.7870357143,0.4648161809
23.7287791,1400,0.04378784508,0.3587160907,0.7870357143,0.4557812107
6.14764916,1400,0.6811267979,0.4033295922,0.7870357143,0.5124666961
22.13683107,1400,0.6311573199,0.354087506,0.7870357143,0.4499001756
20.23983235,1400,0.8966949908,0.3486024624,0.7870357143,0.4429309319
14.72092484,1400,0.1683091102,0.3578050068,0.7870357143,0.4546235962
10.10043228,1400,0.5398003817,0.3798451864,0.7870357143,0.4826276362
13.72740586,1400,0.6733008807,0.3713972305,0.7870357143,0.4718937448
20.90910301,1400,0.2516519719,0.3596245223,0.7870357143,0.4569354552
18.11478296,1400,0.6299856653,0.354006244,0.7870357143,0.4497969248
23.9472071,1400,0.03116863409,0.3584991068,0.7870357143,0.4555055131
10.92224667,1400,0.3082663309,0.3608423734,0.7870357143,0.458482845
11.08799949,1400,0.3616796565,0.3647991969,0.7870357143,0.4635103469
22.83670396,1400,0.7484647424,0.3511132407,0.7870357143,0.4461211027
19.01851004,1400,0.6044913172,0.3550024806,0.7870357143,0.4510627334
13.74042333,1400,0.3340092725,0.3620962896,0.7870357143,0.4600760589
4.850343985,1400,0.0490846319,0.2683961601,0.7870357143,0.3410215766
17.53051126,1400,0.3546753768,0.3574696888,0.7870357143,0.4541975444
6.098353646,1400,0.469091777,0.3590822097,0.7870357143,0.456246398
16.88376344,1400,0.5949219255,0.3533589339,0.7870357143,0.4489744588
5.143105851,1400,0.9103414426,0.4773731761,0.7870357143,0.6065457608
9.62030251,1400,0.211170608,0.3488059134,0.7870357143,0.4431894348
15.24433422,1400,0.2402603462,0.3587032278,0.7870357143,0.4557648672
12.08608292,1400,0.7197652586,0.3842569512,0.7870357143,0.4882331821
5.928826599,1400,0.5608977634,0.3755862761,0.7870357143,0.4772163059
15.62372193,1400,0.3191117373,0.3586836015,0.7870357143,0.4557399303
20.1039094,1400,0.8596148955,0.3495995961,0.7870357143,0.4441978804
21.28451634,1400,0.7697795635,0.3515824084,0.7870357143,0.4467172226
8.327259167,1400,0.7799323659,0.4167117911,0.7870357143,0.5294699892
16.20780049,1400,0.2971553415,0.3574932472,0.7870357143,0.4542274775
4.805850732,1400,0.1679263453,0.2849445489,0.7870357143,0.3620478
14.08743453,1400,0.05132396908,0.3541668822,0.7870357143,0.4500010302
12.65990239,1400,0.1745240334,0.3558507334,0.7870357143,0.4521405152
15.39192299,1400,0.8533773651,0.3606230117,0.7870357143,0.4582041261
7.798117345,1400,0.2679760244,0.3435804135,0.7870357143,0.4365499649
5.800976542,1400,0.442831525,0.3508722226,0.7870357143,0.4458148674
17.40337122,1400,0.3257370056,0.3576216246,0.7870357143,0.4543905926
23.17728298,1400,0.8522617627,0.3482567061,0.7870357143,0.4424916174
23.47117762,1400,0.2615055236,0.3579789862,0.7870357143,0.4548446528
5.619906802,1400,0.3867233567,0.3380716181,0.7870357143,0.4295505426
7.661504149,1400,0.3661894912,0.3552674252,0.7870357143,0.4513993695
4.487865146,1400,0.3934734608,0.3175399908,0.7870357143,0.4034632546
8.948770302,1400,0.865524004,0.4249260481,0.7870357143,0.539906945
19.86011868,1400,0.4228716014,0.3579843075,0.7870357143,0.4548514139
15.45237049,1400,0.4861996991,0.3597397229,0.7870357143,0.4570818279
5.072295166,1400,0.2240297972,0.3000821005,0.7870357143,0.3812814274
22.57397531,1400,0.7594025726,0.3510728635,0.7870357143,0.4460697998
17.94311389,1400,0.3780447205,0.3576093267,0.7870357143,0.454374967
16.99711219,1400,0.2901916713,0.3574574369,0.7870357143,0.4541819772
15.48162876,1400,0.2093243325,0.3582632329,0.7870357143,0.4552058139
19.69824871,1400,0.6300010295,0.3547234807,0.7870357143,0.4507082388
22.30831784,1400,0.632633614,0.3539470056,0.7870357143,0.4497216571
8.397263478,1400,0.6921597973,0.4026101518,0.7870357143,0.5115525821
15.87961959,1400,0.8395842499,0.3562678582,0.7870357143,0.4526705101
7.843866042,1400,0.6173137894,0.3922902136,0.7870357143,0.4984401679
14.69196909,1400,0.1621738624,0.3576780856,0.7870357143,0.4544623314
13.171447,1400,0.7946313698,0.379302616,0.7870357143,0.4819382515
21.34166218,1400,0.09318843277,0.3603027317,0.7870357143,0.4577971815
11.14064873,1400,0.8034098641,0.3972336974,0.7870357143,0.5047213108
16.81919177,1400,0.1171450164,0.3582448228,0.7870357143,0.4551824222
16.5858397,1400,0.08912602621,0.3579945479,0.7870357143,0.4548644253
17.35840788,1400,0.327031576,0.357559597,0.7870357143,0.4543117809
12.72190658,1400,0.03028922572,0.3493029583,0.7870357143,0.4438209752
18.04487426,1400,0.9039333925,0.3476570422,0.7870357143,0.4417296902
10.10941926,1400,0.5974674444,0.385265601,0.7870357143,0.4895147628
23.13587349,1400,0.7698416424,0.3503521455,0.7870357143,0.4451540625
10.55741097,1400,0.9085197006,0.4125584077,0.7870357143,0.5241927402
16.85102024,1400,0.4462820082,0.3555875686,0.7870357143,0.4518061407
10.01389621,1400,0.2199315971,0.3513463469,0.7870357143,0.4464172852
22.35279058,1400,0.5423413938,0.3555169875,0.7870357143,0.451716461
22.79680468,1400,0.7453226411,0.3512182845,0.7870357143,0.4462545704
16.9992381,1400,0.2153706104,0.358010228,0.7870357143,0.4548843484
20.09908548,1400,0.141619319,0.3603413536,0.7870357143,0.4578462541
6.524409588,1400,0.8818111305,0.4534719216,0.7870357143,0.5761770569
12.21761304,1400,0.8064415244,0.3880613768,0.7870357143,0.4930670486
5.320232168,1400,0.1238353326,0.2899492707,0.7870357143,0.3684067513
15.55901136,1400,0.1571416339,0.3578417312,0.7870357143,0.4546702579
5.15114838,1400,0.1863971743,0.295791846,0.7870357143,0.3758302713
14.75962167,1400,0.1763898055,0.357963215,0.7870357143,0.4548246141
12.24642278,1400,0.9014024197,0.393094255,0.7870357143,0.4994617752
13.67450542,1400,0.6648996325,0.3715091163,0.7870357143,0.4720359058
7.991088129,1400,0.253783247,0.3433413597,0.7870357143,0.4362462255
16.35950235,1400,0.2500838422,0.3574111759,0.7870357143,0.4541231985
17.27884531,1400,0.4160789294,0.3565028372,0.7870357143,0.452969072
6.505971645,1400,0.8771032967,0.4523270055,0.7870357143,0.5747223376
15.67718954,1400,0.08350862041,0.3573138474,0.7870357143,0.4539995338
22.06595689,1400,0.4058099687,0.3576402507,0.7870357143,0.4544142587
17.31961235,1400,0.271915899,0.3579970826,0.7870357143,0.454867646
15.66583325,1400,0.4237591724,0.3588060254,0.7870357143,0.4558954808
21.99450544,1400,0.119188647,0.3599196844,0.7870357143,0.4573104853
15.5762471,1400,0.632124182,0.3592682189,0.7870357143,0.4564827394
8.102748413,1400,0.261937985,0.3451329143,0.7870357143,0.4385225575
