m (kg/s),T_i (K),P,B,A
0.05514794508,319.9936989,0.5983786489,0.7215065546,0.8293461025
0.0508331848,327.0830866,0.5574789027,0.7202939621,0.7739602608
0.07515936874,298.6129094,0.72270483,0.7253279636,0.9963835206
0.05172568479,336.2077314,0.5063195629,0.7205611449,0.7026739736
0.06685957132,302.6985209,0.6982894169,0.7240176141,0.9644646806
0.04975845039,308.5822178,0.6612817515,0.7199596915,0.9184982983
0.02171730053,314.7647491,0.6090801097,0.6999333702,0.8701972726
0.01955821732,353.3517185,0.3958965735,0.6960983191,0.5687365745
0.0199657342,303.5304009,0.6675902973,0.6968833587,0.9579656178
0.04890507029,314.4978672,0.6277675706,0.7196839598,0.8722822874
0.05409222381,330.1884612,0.5407039084,0.7212274954,0.7496995217
0.03248352332,325.4109293,0.560061612,0.711619492,0.78702399
0.0270406459,333.5119219,0.5115671997,0.706843265,0.7237349849
0.04940472005,347.8560652,0.440309515,0.7198465381,0.6116713657
0.07573895917,326.6738627,0.5637567951,0.7254088438,0.777157323
0.01976819046,300.8817308,0.6816421041,0.6965067044,0.9786583529
0.06752854065,334.6479471,0.5176550176,0.7241350345,0.7148597885
0.0464684899,340.0857124,0.4833328868,0.7188418248,0.6723772465
0.04893353323,309.5331024,0.655690632,0.719693309,0.9110695123
0.04371299613,304.2278535,0.6836958086,0.717778238,0.9525167697
0.04905662121,333.8113195,0.5192129099,0.7197336168,0.7213959412
0.0397146751,348.9288026,0.4319423808,0.715977304,0.6032906048
0.06613678602,319.6905835,0.6020680121,0.7238881074,0.8317141917
0.07368180214,352.9238433,0.4148239318,0.7251160738,0.5720793495
0.0125618978,304.5663202,0.6412868697,0.6751294207,0.9498724986
0.02877305881,309.1672342,0.6475677577,0.7085545671,0.9139278578
0.06627551145,340.9264861,0.4819876955,0.7239131805,0.6658087026
0.03421595936,323.9772822,0.5689964667,0.7128277421,0.7982243579
0.06288969969,316.667648,0.6186351658,0.7232700046,0.8553308749
0.05894563231,331.6143528,0.533556808,0.7224287708,0.7385597439
0.05551383705,299.9870289,0.7112445645,0.7216008268,0.9856482118
0.03014201792,301.6463265,0.690383642,0.7097710752,0.972684949
0.06437744183,303.7972249,0.6916381159,0.723560857,0.9558810558
0.07686668086,351.0531465,0.4256834349,0.7255627521,0.5866941677
0.00534405924,332.3279286,0.4421866179,0.6032683593,0.7329849329
0.06923138707,335.7990178,0.5113468856,0.7244237941,0.7058670487
0.061690248,335.0715369,0.5144690934,0.7230254195,0.7115504926
0.02539765675,308.9867312,0.6453231826,0.7050107786,0.9153380376
0.07784508462,336.6315057,0.5075227976,0.7256927031,0.6993632365
0.05156220938,308.6469381,0.661425551,0.7205128883,0.9179926712
0.06027445236,318.0669761,0.6102674423,0.7227243444,0.8443986245
0.01311603657,337.8884314,0.4672079142,0.6775611848,0.689543505
0.06366977522,321.6887602,0.5903889622,0.7234241843,0.8161034356
0.0662567801,358.1255425,0.3847154026,0.7239098011,0.5314410746
0.03520373861,325.494982,0.5610451881,0.7134645194,0.7863673284
0.05618946397,317.6358255,0.6118942352,0.7217717177,0.8477669881
0.03845068007,318.0718506,0.6039977208,0.7153315325,0.8443605424
0.02755980936,300.8364293,0.6925318219,0.7073780815,0.9790122709
0.04713060476,319.3164703,0.6001700275,0.7190791483,0.8346369505
0.02419628369,350.1794617,0.4175519211,0.7035180628,0.5935198301
0.01306949231,343.4288219,0.437752994,0.6773644252,0.6462592037
0.03604601618,341.8695692,0.4701139318,0.7139804897,0.6584408658
0.05109376351,308.4057916,0.6626542135,0.7203729211,0.9198766279
0.03037172191,322.8509837,0.5729582532,0.7099647124,0.807023565
0.03719578702,321.295001,0.5854249941,0.7146478464,0.8191796799
0.01787463381,328.1976926,0.5299304249,0.6924910317,0.7652524013
0.05156622299,298.8214661,0.7167343831,0.7205140767,0.9947541711
0.04253554246,333.4606254,0.5194098602,0.717282454,0.7241357394
0.02645857365,328.5745678,0.5383567227,0.7062193729,0.7623080638
0.02736355279,306.674994,0.6600790882,0.7071782299,0.9333984847
0.03116116439,329.3412435,0.537446628,0.7106089455,0.7563184102
0.03759185968,311.1052086,0.6425147945,0.7148684673,0.8987874327
0.03626167352,301.1753778,0.6972303147,0.7141088224,0.9763642359
0.04966880782,342.6528303,0.4696266777,0.7199311663,0.6523216381
0.012710439,334.1377582,0.4857965244,0.6758008921,0.7188456394
0.009156825739,315.2671178,0.5667392164,0.6542273998,0.8662725171
0.0334978865,336.7975653,0.4972614979,0.7123417724,0.6980658965
0.0520839984,321.3298112,0.5901588491,0.7206658714,0.8189077248
0.07405404419,345.0263569,0.4595972819,0.7251702439,0.633778462
0.02940436447,315.4463621,0.6133061917,0.7091292935,0.8648721712
0.01736853267,308.4459618,0.6356713632,0.6912756414,0.9195627982
0.03273734865,318.1839809,0.6003959404,0.7118043343,0.8434845243
0.07537607878,298.4080879,0.7238958002,0.725358349,0.9979836879
0.04023607446,339.7116606,0.4836711844,0.7162320799,0.6752995265
0.02617835328,306.6811546,0.6588607904,0.7059094015,0.9333503548
0.04286599189,301.3619018,0.6994219813,0.717424297,0.9749070169
0.02788518519,342.3490178,0.4633299882,0.7077033814,0.6546951737
0.04789802058,328.3054852,0.5498755715,0.719346131,0.7644102719
0.06606821093,350.161478,0.4297362706,0.7238756748,0.593660328
0.06452169232,351.4240857,0.4224281348,0.7235883526,0.5837962058
0.02876308463,316.0165418,0.6096448673,0.7085452896,0.860417642
0.0322376774,315.7945177,0.613367624,0.7114377483,0.8621522058
0.01113726438,315.540758,0.5771024127,0.6678384872,0.8641347029
0.01927550408,316.4592948,0.596044667,0.6955349338,0.8569586343
0.04664687359,334.060003,0.5172194507,0.718906416,0.7194531015
0.02384605788,351.8673693,0.4080063173,0.7030554536,0.5803330523
0.07068277197,305.3007212,0.6841759586,0.7246590428,0.9441349905
0.05698617918,332.0013799,0.5310335942,0.7219680965,0.7355360946
0.02075531672,318.4000444,0.5878431459,0.6983197556,0.8417965284
0.02849918713,321.5311931,0.5789159525,0.7082975241,0.8173344292
0.07957707454,335.3450455,0.5149740381,0.7259149819,0.7094137068
0.04324000381,299.4253323,0.7104326123,0.7175822676,0.9900364661
0.0413206094,328.7765927,0.5452468013,0.7167417934,0.7607297445
0.04483161496,342.2811688,0.4705994906,0.718225519,0.6552252436
0.03710163493,319.7689464,0.5939010896,0.7145947224,0.8311019813
0.04221065235,349.7317129,0.4281459132,0.7171408696,0.5970178682
0.06745422348,322.5015891,0.5863601983,0.7241221038,0.8097532105
0.02212065581,350.4944618,0.4140778715,0.7005695654,0.5910588925
0.02208180971,345.4796702,0.4414868289,0.7005092732,0.6302369516
0.07545483708,308.2329468,0.6682298135,0.7253693491,0.9212269781
0.06103264004,339.5480621,0.4890893782,0.7228872927,0.6765776396
0.05207075726,351.6502511,0.4194464063,0.7206620266,0.5820292881
0.06654872386,337.4682272,0.5015801287,0.7239622583,0.6928263497
0.01553487674,352.3273506,0.3957815641,0.6862398004,0.5767394487
0.05646929662,357.7653122,0.3856476019,0.7218413156,0.5342553738
0.04030959798,345.6340167,0.4505545382,0.7162674857,0.6290311193
0.05160042779,354.0646849,0.4057751076,0.7205241971,0.5631665242
0.0735913403,325.7076816,0.5689922583,0.7251028275,0.7847056125
0.00659951485,318.5097963,0.5263006908,0.6258487639,0.8409390913
0.03377988223,305.2622258,0.6729435445,0.7125350289,0.944435736
0.01501192959,337.0477919,0.4765499442,0.6845890146,0.696111001
0.01872832788,350.5623525,0.4100618576,0.6943980868,0.5905284958
0.07599495846,306.7494246,0.6767066589,0.7254441788,0.932816995
0.01761508751,311.0844311,0.6219618538,0.6918761018,0.8989497573
0.04299911218,307.7319165,0.6637711337,0.7174808323,0.9251412773
0.04252116077,304.6340337,0.6809415188,0.7172762315,0.949343487
0.06611950986,317.4935647,0.6144903224,0.7238849777,0.848878401
0.04039021024,311.6778765,0.6406022433,0.7163061597,0.8943134645
0.03295028809,310.2024198,0.644919694,0.7119572545,0.90584047
0.02429466611,348.7951264,0.4252376812,0.7036456873,0.6043349499
0.06350305177,358.0793916,0.3847008024,0.7233915465,0.5318016285
0.06747732244,323.3443468,0.5815957762,0.7241261259,0.8031691654
0.03186941811,345.2387431,0.4495381289,0.7111603837,0.6321191944
0.01245876974,325.5300202,0.5303414738,0.6746543656,0.7860935924
0.04418308227,346.3040017,0.4478667563,0.7179689158,0.6237968615
0.06582899542,347.1078163,0.4469786732,0.7238321046,0.61751706
0.06780867004,340.8972454,0.4823331267,0.7241835233,0.6660371456
0.07691862044,350.2473507,0.4302551953,0.725569733,0.5929894479
0.06413012118,340.6693075,0.4831752274,0.7235134305,0.6678179105
0.07529211033,310.3753976,0.6560680763,0.7253465962,0.9044890812
0.05691998075,311.529656,0.646487383,0.7219519863,0.8954714375
0.03117306177,340.051627,0.4779928829,0.7106184108,0.6726435393
0.04058514698,308.2974944,0.6596048747,0.7163990577,0.9207227
0.04358465083,316.1770725,0.6166435284,0.7177254753,0.8591634958
0.04142959435,341.6572369,0.4731539056,0.7167915649,0.660099712
0.02461041743,357.6311531,0.3768796741,0.7040486003,0.5353034917
0.02098982919,355.811399,0.3839642911,0.6987262838,0.5495203201
0.04357601283,355.2868672,0.3973439318,0.7177219133,0.5536182252
0.02539110804,350.2216375,0.4182009716,0.7050030137,0.5931903319
0.04259217258,309.8673528,0.6516433362,0.7173069156,0.9084581815
0.0469047631,326.5737095,0.55933787,0.7189989405,0.7779397694
0.07179495587,341.9580199,0.4767587541,0.7248329407,0.6577498445
0.06570272817,300.2040732,0.7121936937,0.72380898,0.9839525529
0.02665164731,351.5771823,0.4115657825,0.7064292561,0.5826001385
0.07628284982,329.516312,0.5477043692,0.7254836351,0.7549506876
0.01886432022,305.2775869,0.6560034388,0.6946865543,0.9443157273
0.01146151435,349.3829154,0.4016161279,0.6696472145,0.5997428485
0.0166844642,327.2777911,0.5326128261,0.689520771,0.7724391323
0.07683332901,320.9491301,0.5963231298,0.7255582645,0.8218817964
0.04906190173,320.457569,0.5943013901,0.7197353416,0.8257221172
0.05203874925,309.2792598,0.6579938854,0.7206527246,0.9130526577
0.01093765625,318.5151867,0.5606051778,0.6666752196,0.8408969786
0.0318944487,325.3127406,0.5602608213,0.7111794344,0.7877910893
0.007283108058,319.3693635,0.5298948862,0.6351951782,0.8342237227
0.01814984171,343.2566918,0.4488702596,0.6931246257,0.6476039703
0.07379565077,327.0291252,0.5615295895,0.7251326989,0.7743818342
0.02357816871,304.0098808,0.6705231202,0.7026926119,0.9542196814
0.009678238576,306.9214345,0.6131990967,0.6583110689,0.9314731679
0.02882544297,346.7795874,0.4393916214,0.70860319,0.6200813481
0.0576783279,307.6677743,0.6684381671,0.7221343532,0.925642388
0.06943749157,356.3664676,0.3949626867,0.7244577935,0.5451838468
0.01131102931,333.2356416,0.4854919342,0.6688198537,0.7258934248
0.0401772654,327.7467117,0.550599969,0.7162036684,0.7687756896
0.07719728889,334.1661608,0.5214384392,0.7256070282,0.7186237439
0.04935853902,347.6611369,0.4413966223,0.7198316475,0.6131942431
0.0382147871,330.0915752,0.5367312332,0.7152063757,0.7504564438
0.02092852568,327.8955341,0.5362704669,0.6986208629,0.7676130149
0.07173548483,331.3430504,0.5368619635,0.7248237771,0.740679294
0.06355762777,328.0546069,0.5543939684,0.7234022489,0.7663702584
0.0416290276,305.6418812,0.6749226468,0.7168819797,0.9414696783
0.02410111091,314.2946751,0.6146744074,0.7033936403,0.8738697255
0.04543759599,356.6008512,0.3903765316,0.7184587724,0.5433527247
0.05164260511,334.7353027,0.5145909416,0.7205366581,0.714177323
0.07794126098,305.3962747,0.6846220218,0.7257053028,0.9433884791
0.03295769406,335.1694289,0.5060527992,0.7119625382,0.7107857114
0.02011549105,317.9723443,0.5891998673,0.6971641466,0.8451379351
0.01188630954,336.2391646,0.4719451806,0.6718765634,0.7024284018
0.06712931222,344.863219,0.4598197853,0.7240652387,0.6350529769
0.04206045607,350.767194,0.4223054854,0.7170746888,0.5889281716
0.01018908104,339.4622843,0.4482942503,0.6619353567,0.6772477792
0.03562031349,349.0287612,0.4300248316,0.7137226961,0.6025096777
0.0342287074,342.0925195,0.46811886,0.7128361893,0.6566990664
0.01582528402,333.2420894,0.4987351608,0.6871115727,0.7258430517
0.04580117199,355.7841561,0.3950359393,0.7185958044,0.5497331559
0.008969969059,325.8100555,0.5116221162,0.6526576352,0.7839058162
0.05429586265,338.1743279,0.4957443949,0.7212821567,0.6873099386
0.07380477578,315.8380779,0.6249291291,0.7251340292,0.8618118912
0.01462777961,306.3640878,0.6394554663,0.683304891,0.9358274392
0.0279347411,345.5380705,0.4457287247,0.7077522781,0.6297806993
0.04235608033,324.0762695,0.5719354676,0.7172045098,0.7974510196
0.02007953838,358.1356315,0.3704110892,0.6970971051,0.5313622542
0.04047518236,323.1242722,0.5765792692,0.7163467616,0.8048884983
0.06303017818,342.1292702,0.4747814831,0.7232980482,0.6564119512
0.06551764629,347.6991924,0.4435994328,0.7237749249,0.6128969345
0.02997734839,340.1631511,0.4767100688,0.7096304793,0.6717722571
0.03646211105,326.3758666,0.5567293473,0.7142267642,0.7794854172
0.05698373928,311.3176644,0.6476969891,0.7219675034,0.8971276215
0.04647419904,358.0579095,0.3824029989,0.7188438996,0.531969457
0.04168892555,349.6302791,0.4285755797,0.716908969,0.5978103194
0.05850625438,310.796456,0.6509617876,0.7223281218,0.9011995628
0.04305867641,356.3614028,0.3912010818,0.7175060176,0.5452234159
0.0322048439,315.0826663,0.6173029306,0.7114132706,0.8677135444
0.014429995,339.5382778,0.4618965369,0.6826184177,0.6766540793
0.03819348709,339.1927189,0.4858704116,0.715195,0.679353759
0.005369618855,305.6110998,0.5686230163,0.6038195633,0.9417101579
0.04664626727,331.2761546,0.5328546519,0.7189061973,0.7412019174
0.07423161097,314.3835516,0.6332231995,0.7251958946,0.8731753782
0.02975028755,351.7814981,0.4121840074,0.7094341232,0.5810039213
0.07206000985,313.3725649,0.638667073,0.7248735998,0.8810737116
0.01503891557,315.081623,0.5941089786,0.6846768752,0.8677216949
0.02683711042,312.6491172,0.6265852591,0.7066280998,0.8867256472
0.03538344432,314.412441,0.6229164856,0.7135766241,0.8729496799
0.04083641971,336.9033834,0.4995840954,0.7165175178,0.6972391923
0.06484202939,333.2319867,0.5253126991,0.7236489796,0.7259219786
0.07138903573,312.419022,0.6439750906,0.7247700937,0.8885232658
0.07842975255,315.8662125,0.6253166789,0.7257688252,0.8615920899
0.04307925007,352.5556902,0.4125390559,0.7175147008,0.5749555451
0.04767752882,320.5046828,0.5936526391,0.7192702887,0.8253540406
0.05764764264,324.2668839,0.5747855911,0.722127066,0.7959618441
0.03777619658,324.8012335,0.5661038049,0.7149695998,0.7917872382
0.06512009398,356.6149811,0.3931450909,0.723701128,0.5432423354
0.02581964064,340.455025,0.4723286506,0.7055030621,0.6694919923
0.01175745123,355.5350437,0.3702961607,0.6712162837,0.5516793464
0.05707859103,308.2484805,0.6650295302,0.7219905244,0.9211056208
0.02297914547,330.7756279,0.5229582669,0.7018516266,0.7451122818
0.02242056003,347.2291736,0.432232248,0.7010282361,0.6165689565
0.07882689145,351.0062887,0.4261000039,0.7258198935,0.5870602441
0.02549756756,300.6322596,0.6914544466,0.7051287641,0.9806073469
0.04984303152,356.0791809,0.3941409742,0.7199865134,0.5474282739
0.03707427922,322.9806954,0.5759581488,0.7145792377,0.8060101924
0.02341480516,325.2039224,0.5539947519,0.7024673959,0.788641231
0.07068601749,350.1395742,0.4303256374,0.7246595582,0.5938314516
0.0392850437,345.6883186,0.4499331618,0.7157623817,0.6286068859
0.0397152469,357.9690017,0.3813755209,0.715977587,0.5326640496
0.02365675267,321.1950981,0.5762679058,0.7027998752,0.8199601708
0.01096654554,338.5008477,0.4566288206,0.6668460279,0.684759002
0.07278825421,304.3611326,0.6898043453,0.7249838027,0.9514755264
0.0436379724,314.333437,0.6270003988,0.7177474328,0.8735668985
0.04764352427,302.2582785,0.6961732623,0.7192585307,0.9679040743
0.02711940316,319.7039315,0.5878864002,0.7069256789,0.8316099099
0.02072493029,355.7286133,0.3841632058,0.6982664309,0.5501670834
0.0312625025,348.3190314,0.4321378118,0.7106893422,0.6080544425
0.05143854319,341.033037,0.4790995669,0.7204761822,0.6649762737
0.06900661673,307.8605681,0.6694317653,0.7243864865,0.9241361867
0.04773672324,352.650512,0.4130273392,0.7192907175,0.5742147496
0.03494509631,352.2811136,0.4116465986,0.7133011905,0.5771006752
0.0486704342,313.1823266,0.6350958565,0.7196064783,0.8825599486
0.07431990129,332.2999989,0.5317252206,0.7252086035,0.7332031336
0.07735783083,343.4474584,0.4688383783,0.7256283933,0.6461136066
0.05551114677,300.0545196,0.7108634068,0.7216001381,0.9851209407
0.05853376714,310.5358575,0.6524381261,0.722334468,0.9032354886
0.06392625529,316.0174696,0.6224846043,0.7234740643,0.8604103935
0.06853641314,334.3268653,0.5195953101,0.7243076587,0.7173682397
0.07862784481,300.8517712,0.7104745939,0.7257943619,0.9788924126
0.06149072617,343.7283792,0.4655429548,0.7229838196,0.6439189125
0.06496277796,316.9786413,0.6172204721,0.7236716791,0.8529012396
0.06758858767,336.3495311,0.5080359531,0.7241454618,0.7015661631
0.04388797669,345.9873344,0.4495683134,0.7178496835,0.6262708248
0.06941943861,304.9363238,0.6860455656,0.7244548234,0.9469818453
0.06344078897,303.7267231,0.6918630167,0.7233793144,0.956431851
0.06766970952,311.678472,0.6476222399,0.7241595197,0.8943088123
0.0512203122,299.6719891,0.7118449058,0.7204109814,0.9881094599
0.03696415622,339.4151361,0.4841680202,0.7145166754,0.6776161242
0.0151318854,356.0165336,0.3753111804,0.6849772805,0.5479177063
0.04911904847,333.3269416,0.5219512975,0.7197539839,0.7251801437
0.01625312844,337.2348231,0.4781564339,0.6883416945,0.6946498195
0.02015340611,321.6175705,0.5694033316,0.6972345977,0.8166596057
0.03332589559,300.4212174,0.6995847416,0.7122223335,0.9822561139
0.02640378551,303.1041633,0.6788277996,0.706159271,0.9612955992
0.04546475547,307.7591095,0.6645327703,0.7184690834,0.9249288322
0.05924635633,313.7201814,0.6346108207,0.7224968082,0.8783579574
0.04473268793,345.7539473,0.4510889676,0.7181868499,0.6280941619
0.06219923991,357.3727978,0.3885537673,0.7231303487,0.5373218923
0.04509823977,317.4744353,0.6098812477,0.7183289076,0.8490278495
0.0431773058,318.726062,0.6022085034,0.7175559736,0.8392495157
0.005244729686,298.5182263,0.5993529629,0.6010821368,0.9971232319
0.02550862142,300.9799804,0.6895516269,0.7051417625,0.9778907781
0.02352734855,358.0671837,0.3737230009,0.7026228751,0.5318970021
0.05416671164,346.1813378,0.4506031298,0.7212475367,0.6247551734
0.05920889918,305.2370919,0.682485703,0.7224883709,0.9446320944
0.05447674578,327.4342688,0.5563019931,0.7213303717,0.7712166504
0.07041624394,319.1557094,0.6057018361,0.7246165618,0.8358928957
0.02380486696,327.2936767,0.5429376005,0.7030001778,0.7723150259
0.01967358667,319.4875448,0.5802468767,0.6963237448,0.8333004311
0.06090645364,327.4707667,0.5572758991,0.722860451,0.7709315101
0.03411767016,342.3780905,0.4664802168,0.7127624055,0.6544680432
0.023265361,322.7218492,0.5674477911,0.7022586861,0.8080324278
0.04579413046,326.8332382,0.5575652092,0.7185931708,0.7759122017
0.05336146015,310.2240297,0.6530145721,0.7210279542,0.9056716432
0.06869087335,335.4885911,0.513039931,0.7243336711,0.7082922574
0.07739411559,313.1495026,0.6406008877,0.72563321,0.8828163856
0.008088934928,306.0561322,0.6045649143,0.6443651993,0.9382333419
0.065367151,346.7447845,0.4489788587,0.7237470931,0.6203532463
0.07122302686,304.2176573,0.6903887233,0.7247441869,0.9525964274
0.05464630728,316.7296262,0.6166652586,0.721375283,0.8548466702
0.02163093004,345.3385915,0.4418074361,0.6997941611,0.6313391289
0.07534683499,321.059203,0.5955316969,0.7253542588,0.8210218519
0.02081776989,354.3658961,0.3916882142,0.6984288819,0.5608133116
0.03099238446,314.5079673,0.6196777411,0.7104739042,0.8722033806
0.02875263347,336.6057312,0.4956663966,0.7085355616,0.6995645999
0.05445623606,353.1999212,0.4110992951,0.7213249207,0.5699224903
0.06553224068,333.6291181,0.5231604955,0.7237776172,0.7228193897
0.06666166399,338.4880693,0.4958257624,0.7239824297,0.6848588336
0.05168400968,352.3050002,0.4156947755,0.7205488713,0.576914061
0.04328638615,298.6175666,0.7149803697,0.7176016709,0.9963471361
0.03117387181,305.356097,0.6706128844,0.710619055,0.9437023673
0.02467198271,321.3183898,0.5766770451,0.7041259944,0.8189969546
0.0621928935,307.4795078,0.6704225031,0.7231290509,0.9271132204
0.04091116403,347.5812814,0.4398328917,0.7165524795,0.6138181141
0.04559628452,330.6653938,0.5359960088,0.7185188467,0.745973486
0.05383424861,312.8776214,0.6381815926,0.7211576634,0.8849404576
0.04454950021,329.2607464,0.5435750534,0.7181147985,0.7569472938
0.01970291303,338.0481792,0.4793156447,0.6963806417,0.6882954753
0.0101934961,319.6726976,0.5506583572,0.661965209,0.8318539248
0.03519287659,332.948695,0.5194936669,0.7134577075,0.7281351949
0.005740576619,304.0711548,0.5830556713,0.6113354514,0.9537409781
0.01858724222,331.9474541,0.5108239975,0.6940945283,0.7359573901
0.03994701948,327.5895412,0.5513931315,0.7160916429,0.770003584
0.03906064941,312.9066952,0.6331435691,0.7156482845,0.8847133191
0.07551731613,335.6490643,0.5128702588,0.7253780593,0.7070385604
0.06713555763,310.8230806,0.652377657,0.7240663369,0.9009915581
0.03144023238,304.1790147,0.6773478778,0.7108291219,0.9528983224
0.006775337412,324.2758759,0.5001493462,0.6284139063,0.7958915949
0.05735169685,326.9679397,0.5594925026,0.7220563889,0.7748598464
0.03282419096,345.6333874,0.4477899538,0.7118669334,0.6290360357
0.06822272212,348.6135631,0.4387196182,0.7242544719,0.605753413
0.01247708587,346.8268025,0.4181443518,0.6747392784,0.6197124804
0.01722881328,332.9438098,0.5031154081,0.6909280607,0.7281733609
0.03990567194,329.3194338,0.5416999864,0.716071391,0.7564887987
0.03027286628,356.5896984,0.3857780255,0.70988173,0.5434398565
0.07682464232,347.1051634,0.4480589223,0.7255570951,0.6175377863
0.07352876823,299.0943278,0.7197442237,0.7250936462,0.9926224391
0.06713342322,302.8560909,0.6974447098,0.7240659616,0.9632336648
0.008749191429,324.0731029,0.5189362744,0.650723572,0.797475759
0.06446522706,310.268867,0.6550702544,0.7235776042,0.9053213512
0.01088019974,330.1960188,0.4995101812,0.6663329899,0.7496404783
0.04342570905,315.0220951,0.6230626559,0.7176597095,0.8681867572
0.01277378463,343.549895,0.4362852116,0.6760827613,0.6453133204
0.01742036419,318.3996389,0.5820230239,0.6914032243,0.8417996958
0.02020967694,351.0384473,0.4092046211,0.6973386863,0.5868090056
0.06101516466,327.4281197,0.5575345814,0.722883582,0.7712646895
0.02158168906,345.4902855,0.4409277879,0.6997143143,0.6301540198
0.013780465,330.9544268,0.5058995276,0.6802326764,0.7437154156
0.008328436805,305.3337469,0.6104789873,0.6467781309,0.9438769775
0.05750383457,303.2968763,0.6930574807,0.7220928118,0.959790029
0.07770336029,312.0006001,0.6471504748,0.7256740802,0.8917921868
0.0308545899,354.5884528,0.397145669,0.7103625849,0.5590745874
0.05390896381,325.4904994,0.567136038,0.7211779561,0.7864023481
0.07107884082,336.5866277,0.5070977299,0.7247215885,0.6997138458
0.01325962064,340.5264124,0.4536444294,0.678159939,0.6689342784
0.0717462738,305.4414543,0.6835361314,0.7248254406,0.9430355133
0.04226959035,304.5342207,0.6813967869,0.7171667131,0.950123276
0.01395995578,353.0231784,0.3890078384,0.6809129982,0.5713032934
0.02066537253,300.7979384,0.6837185956,0.6981614751,0.9793129812
0.05811756746,312.6440236,0.6404555496,0.7222378321,0.8867654409
0.05770352962,304.5188407,0.6862091077,0.7221403324,0.9502434317
0.05482802207,342.0592681,0.4739452912,0.721423109,0.6569588433
0.07201918121,355.9086071,0.3977788498,0.724867356,0.5487608823
0.04991432146,309.7635109,0.6546822306,0.7200090509,0.9092694457
0.01016495588,316.8669177,0.5650036182,0.6617718096,0.8537740804
0.04268567555,353.3258306,0.408126652,0.7173471651,0.5689388233
0.07033626773,343.4397981,0.4682197083,0.7246037525,0.6461734522
0.008501065055,326.4244301,0.5052036105,0.6484401363,0.779106015
0.0635049323,310.0540026,0.6561164529,0.7233919156,0.9069999799
0.06723762918,327.6425312,0.5572477132,0.7240842565,0.7695895999
0.06230807692,348.9491095,0.436156422,0.7231525657,0.6031319567
0.01868274561,341.355274,0.4599454702,0.6943004943,0.662458797
0.05304039208,307.7978812,0.6665984937,0.7209385692,0.9246259281
0.06613851066,311.7227005,0.6471296642,0.7238884198,0.8939632774
0.07624769202,304.4816744,0.6895921469,0.7254788325,0.9505337938
0.03040170844,341.0973011,0.4717698984,0.7099897798,0.6644742105
0.02670761783,340.7834072,0.4711766057,0.7064895477,0.6669265062
0.008748939476,305.5179037,0.6132646574,0.6507213136,0.9424382521
0.07682083939,339.8123963,0.4893970058,0.725556583,0.6745125291
0.07582477314,300.5882117,0.7116025172,0.7254207148,0.9809514708
0.06607258362,333.4397585,0.5243028298,0.7238764683,0.724298762
0.0188388783,305.793817,0.6531512762,0.6946328913,0.9402826793
0.05427562852,319.6251565,0.6002647828,0.7212767435,0.8322253395
0.03142171381,345.539795,0.4476477581,0.7108146296,0.6297672269
0.03006568836,311.8622634,0.6336773656,0.7097060913,0.8928729418
0.04965605294,298.5215908,0.7178371126,0.7199270993,0.9970969467
0.0661881499,352.5563155,0.4162052895,0.723897403,0.5749506598
0.007678972885,307.1244224,0.5950516917,0.6399180585,0.9298873252
0.0204793347,343.6126941,0.4499765215,0.6978298373,0.6448227024
0.03438429928,313.9567632,0.6248977425,0.7129387947,0.8765096627
0.03488926501,352.1119463,0.4125687384,0.7132656227,0.5784222949
0.03059057146,314.5795479,0.6189950986,0.7101465588,0.8716441571
0.009925988212,351.08956,0.3870960688,0.660111995,0.5864096876
0.01304048065,339.8887883,0.4564034287,0.677241111,0.6739157167
0.07694868773,313.5068449,0.6385228023,0.7255737699,0.8800246493
0.02510949212,311.1619299,0.6330321221,0.7046653758,0.8983442976
0.02128121762,309.1719375,0.6390103511,0.6992193509,0.9138911133
0.02366620977,342.2435321,0.4607072997,0.7028127372,0.6555192804
0.07483968424,344.3789746,0.4633368753,0.7252828217,0.6388361359
0.02828107566,325.5960909,0.5562589973,0.7080893455,0.7855774145
0.02165779278,350.4963256,0.4136350302,0.6998375726,0.5910443315
0.06419030926,335.1138836,0.5145852079,0.7235250055,0.7112196592
0.05225962915,354.0921041,0.4057291248,0.7207166869,0.5629523114
0.06127699045,314.245926,0.6320298028,0.7229389591,0.8742505779
0.0383273155,339.4363106,0.4845576328,0.715266268,0.6774506984
0.05046184009,352.3786424,0.4150676567,0.7201800508,0.5763387312
0.05832190863,312.0768409,0.6436983028,0.7222854475,0.8911965553
0.03705937579,315.4901795,0.6177677781,0.7145707922,0.8645298477
0.03028554214,299.013998,0.7051006373,0.7098924,0.9932500155
0.07078121022,343.1432077,0.4699446748,0.7246746525,0.6484905649
0.005689806381,315.1709191,0.5291946134,0.6103574651,0.8670240697
0.01323264288,325.2301113,0.5345981777,0.6780483773,0.7884366303
0.04017622604,315.6270211,0.6184133389,0.7162031655,0.863460773
0.01328896276,354.2391245,0.3810606686,0.6782807918,0.5618037149
0.05923005005,298.4091557,0.7210303379,0.7224931365,0.997975346
0.0714342931,321.2206313,0.5941438071,0.7247771357,0.8197606931
0.04736281242,299.1732171,0.7134119441,0.7191608318,0.9920061168
0.02986659883,319.5618687,0.5908438843,0.7095350699,0.8327197757
0.027959646,314.4434395,0.617682114,0.707776788,0.8727075039
0.03246403198,353.1400829,0.4058924629,0.7116051811,0.570389977
0.07414277836,309.9460551,0.6583526121,0.7251830773,0.9078433194
0.03615249043,351.5657073,0.4160661677,0.7140440375,0.5826897863
0.01782207367,317.6625442,0.5868221169,0.692367891,0.8475582482
0.01923445238,326.4874848,0.5414880921,0.6954518017,0.7786134003
0.01060629298,309.0223453,0.6081981593,0.6646540016,0.9150598023
0.03681598348,352.5555633,0.410767301,0.7144319176,0.5749565366
0.05150073875,305.1009994,0.6813684303,0.7204946645,0.9456953171
0.007858157083,322.2142246,0.5212327772,0.6419136743,0.8119982454
0.04981484887,332.5828411,0.5262988847,0.7199775862,0.7309934292
0.05038849752,344.9418094,0.4568959057,0.720157357,0.6344389892
0.01196841597,322.5572151,0.5440970779,0.6722903147,0.8093186321
0.0608883867,309.8955314,0.6565258575,0.7228565989,0.9082380358
0.04829995635,339.2337234,0.4885527442,0.7194826296,0.6790334111
0.05651019057,338.2934559,0.4954638433,0.7218514294,0.6863792507
0.07598069459,305.489268,0.6838467876,0.7254422162,0.9426619687
0.03293503931,329.572258,0.5371732239,0.711946368,0.7545136095
0.04659399955,324.4637441,0.5711012509,0.7188873215,0.794423874
0.02672216957,302.7940918,0.680871785,0.7065051827,0.9637180331
0.0215254018,308.091808,0.6452826585,0.6996226092,0.9223296246
0.02473167499,302.8024361,0.6786049843,0.7042006769,0.9636528429
0.02754715925,343.0292704,0.459349363,0.7073652832,0.6493807003
0.04657518194,299.3050328,0.7123935583,0.7188805156,0.9909763066
0.04230902524,322.3180382,0.5817704538,0.7171839652,0.8111872016
0.02924606774,348.9277951,0.4277310516,0.7089874564,0.6032984755
0.06671360843,298.7563967,0.7205617924,0.7239916845,0.9952625256
0.03736582814,305.7067212,0.6725469173,0.7147431247,0.9409631153
0.0677352159,343.682238,0.4665683521,0.7241708472,0.6442793905
0.02111402297,318.2980022,0.5889208146,0.6989380426,0.8425937331
0.007997736065,342.1444801,0.4222667387,0.6434117975,0.6562931241
0.06927769706,339.8233775,0.4885759405,0.7244314509,0.6744267382
0.05278679387,315.268076,0.6244620563,0.7208672098,0.8662650316
0.01910480963,325.2735441,0.547875015,0.6951870114,0.788097312
0.06774990567,326.0043239,0.5665846344,0.7241733844,0.7823880946
0.04059773025,334.4589226,0.5131870977,0.7164050242,0.7163365419
0.0234129991,313.5765811,0.6178037049,0.7024648891,0.8794798353
0.07735324365,342.2848634,0.4754286971,0.7256277841,0.6551963797
0.006032635635,308.8881159,0.5649452705,0.6166794539,0.9161084692
0.02353376328,331.0948314,0.5217872974,0.7026316936,0.7426185043
0.05019475485,352.8872847,0.4121583469,0.7200970945,0.5723649631
0.01932207743,304.2864569,0.6622796455,0.6956288358,0.9520589306
0.07972745084,339.6164391,0.4907628068,0.7259338293,0.6760434449
0.03125819038,332.4891966,0.520026682,0.7106859316,0.7317250264
0.06435266432,306.6008755,0.6757851634,0.7235561219,0.9339775353
0.008706337027,349.5481853,0.3891957032,0.6503377265,0.5984516773
0.03450799962,337.8335372,0.4919639049,0.7130197229,0.6899723655
0.005952031723,319.3540682,0.5133302713,0.6152507272,0.8343432174
0.01002410173,336.1776284,0.464484025,0.660802357,0.7029091529
0.0294186955,310.6692013,0.6397835278,0.7091420609,0.9021937396
0.05577247699,315.5779568,0.6234075369,0.721666729,0.8638440874
0.05756988329,336.2379883,0.5072362013,0.7221085651,0.7024375914
0.07102285468,322.6219995,0.5861567659,0.7247127893,0.8088125041
0.06267204034,314.6312289,0.6301039774,0.723226308,0.8712403994
0.04960339747,337.1296944,0.5006768267,0.719910288,0.6954711373
0.008476222808,307.0089518,0.6033421639,0.6482047806,0.9307894387
0.04337051903,342.3723616,0.469702447,0.7176367625,0.6545128002
0.04954974234,340.8686413,0.4796364334,0.7198931212,0.6662606146
0.01548311565,330.4163588,0.5131331741,0.6860811459,0.7479190722
0.06448903284,306.2865845,0.6775861441,0.723582138,0.9364329334
0.04356421305,327.2506515,0.5545449075,0.7177170452,0.77265116
0.06407673714,300.4657035,0.7104139367,0.7235031461,0.981908566
0.0218264796,308.0400133,0.6460134767,0.7001078173,0.9227342713
0.02635476749,330.0591701,0.5300800282,0.706105293,0.7507096087
0.07353283666,338.5689453,0.4961290516,0.7250942436,0.6842269898
0.02693087626,351.4617525,0.4123769306,0.7067276163,0.5835019336
0.05935049384,320.0852246,0.5987026858,0.7225202101,0.8286310576
0.009371703382,314.0182655,0.5746410871,0.6559611292,0.8760291755
0.03949781151,353.4891698,0.4063723775,0.715869392,0.5676627358
0.02705337591,316.2733264,0.6067738583,0.7068566177,0.8584115125
0.07505261672,299.7625143,0.7161756076,0.7253129317,0.9874022319
0.03227486892,339.6038993,0.4810512308,0.7114654162,0.6761414116
0.07973586284,334.6971578,0.5186625636,0.7259348816,0.7144753293
0.02975742303,353.2048206,0.4042988497,0.7094403382,0.5698842143
0.01396212785,320.9798568,0.5594732242,0.6809211294,0.8216417438
0.009140618744,302.4554074,0.6320924993,0.6540935884,0.9663640043
0.0760923629,305.1382781,0.6858505367,0.7254575614,0.9454040777
0.03877396035,312.1315311,0.6373459844,0.7155006271,0.8907692883
0.07983390455,316.220034,0.6234636187,0.7259471292,0.858827859
0.07359067501,312.0705685,0.6462445876,0.7251027299,0.8912455587
0.04138503787,357.7538478,0.383003089,0.7167712478,0.5343449394
0.05065451232,332.009633,0.529715606,0.7202393591,0.7354716168
0.03664390234,321.8639963,0.5819913779,0.7143326407,0.8147344036
0.01402308486,326.4119277,0.5307533071,0.6811483495,0.7792036896
0.04903528817,324.9293374,0.5691500621,0.7197266451,0.7907864269
0.05320695446,314.8076317,0.6271576996,0.7209850728,0.8698622527
0.02872517281,351.2893556,0.4143711934,0.7085099682,0.5848487841
0.05051822573,323.9659089,0.5749431424,0.7201974535,0.798313212
0.03689194847,345.2382649,0.451636318,0.7144754545,0.6321229304
0.04168855204,301.4420297,0.6984706365,0.7169088009,0.9742810181
0.04272614338,299.2548989,0.7111722246,0.7173645312,0.9913679777
0.04985303114,332.2341202,0.528269251,0.7199896785,0.7337178112
0.06811400307,352.668846,0.4157632154,0.7242359253,0.5740715158
0.02556351118,352.1105354,0.4079147306,0.7052061466,0.578433317
0.03846179899,345.7383632,0.449386334,0.7153373947,0.6282159124
0.02776962678,339.8545217,0.4770445729,0.7075887,0.6741834246
0.02852349601,313.1380116,0.625380562,0.7083205338,0.8829061593
0.03700710034,301.4027041,0.6963833751,0.7145411159,0.9745882492
0.05511405054,326.7598668,0.5602324872,0.7214977591,0.7764854155
0.03623281101,298.3209502,0.7131380298,0.7140917337,0.9986644518
0.07261059028,327.9047095,0.5564345527,0.7249571192,0.7675413318
0.02055231691,325.7400478,0.5475171356,0.6979606284,0.7844527518
0.05073370258,313.2369309,0.6353685501,0.7202636067,0.8821333525
0.04131320298,327.3894418,0.5530115988,0.7167384016,0.7715668611
0.07169697213,308.7428374,0.6648344171,0.7248178348,0.9172434578
0.07489024661,352.7986669,0.4156327142,0.7252899869,0.5730572898
0.0474549102,357.1884575,0.3874739017,0.7191930109,0.538762051
0.03382450734,342.3486036,0.466515383,0.7125653224,0.6546984092
0.01405381415,340.1920619,0.4574991625,0.6812621857,0.6715463916
0.06168405211,336.8797562,0.5042542225,0.7230241317,0.6974237794
0.0188149566,355.0948291,0.3855755046,0.6945823075,0.555118523
0.02458558968,323.4615168,0.5648005229,0.7040172827,0.8022537752
0.02294351588,345.5597411,0.4418614458,0.7018002654,0.6296113974
0.02853715066,327.9698503,0.5433147137,0.7083334419,0.7670324194
0.04844938303,337.1501615,0.5002992465,0.7195328066,0.695311238
0.0549411999,301.5807455,0.7021158583,0.7214527388,0.9731973011
0.02028123316,315.325965,0.6038786477,0.6974702453,0.8658127737
0.01143068122,310.938304,0.6025925954,0.6694793576,0.9000913749
0.0586556081,322.2954464,0.5860987119,0.7223625016,0.8113636998
0.02347650759,317.4537118,0.5966006519,0.702552817,0.8491897513
0.02361904924,355.9336229,0.3855035432,0.7027484982,0.5485654458
0.07657892502,336.482135,0.508251404,0.7255239066,0.7005301953
0.02216668,355.4437807,0.3870285735,0.7006407341,0.5523923384
0.0485023149,327.4600258,0.5547845398,0.7195505079,0.7710154238
0.06384173238,342.7885401,0.4711600592,0.7234576701,0.6512614057
0.009893104567,332.3512043,0.4835604722,0.659877773,0.7328030917
0.06395641994,302.7006136,0.6977589866,0.7234799047,0.9644483311
0.06414514683,299.1236652,0.7180127074,0.7235163222,0.9923932403
0.0643402039,299.1425355,0.7179431705,0.7235537392,0.9922458161
0.03808162746,327.4302389,0.5515465757,0.7151350541,0.7712481335
0.01850881939,348.6957878,0.419900991,0.693923872,0.6051110329
0.02551147703,316.9540879,0.6015544091,0.7051451187,0.8530930629
0.03032100143,356.4431974,0.3866125531,0.709922202,0.5445843953
0.02202366793,341.5111321,0.4631456363,0.7004186483,0.6612411554
0.07045678306,326.9807117,0.5614089963,0.7246230437,0.7747600648
0.005534819148,326.2636965,0.473894293,0.6072751457,0.7803617461
0.00720606832,339.2997027,0.4303308099,0.6342217056,0.6785179474
0.01329208708,339.0755804,0.4614220641,0.6782936304,0.6802689034
0.06254312403,354.0012722,0.407640473,0.7232002854,0.563661936
0.06535254809,301.900858,0.7025360856,0.7237443858,0.9706964218
0.07664242453,310.0702667,0.6579657773,0.7255325035,0.9068729162
0.06070459981,312.8628931,0.6397334295,0.7228172844,0.8850555228
0.07890726263,298.4795189,0.7239616138,0.7258301665,0.9974256336
0.02113018534,332.058384,0.5138030179,0.6989654238,0.7350907504
0.06252739997,317.5543256,0.6135631035,0.7231971041,0.8484037062
0.07392072194,342.4362394,0.4742586655,0.7251509044,0.6540137544
0.05019442934,327.0854402,0.5573132159,0.7200969929,0.7739418737
0.06052315101,316.8825813,0.6170008785,0.7227782387,0.8536517086
0.03920503446,326.1639806,0.5590795193,0.7157218466,0.7811407769
0.06919293089,335.4514898,0.5133092305,0.7244174281,0.7085821111
0.06914279575,304.519459,0.6883615077,0.7244091183,0.9502386017
0.005728462605,328.7051607,0.4652256274,0.6111034789,0.7612878072
0.07561925547,357.1963645,0.3907690009,0.7253922401,0.5387002773
0.0560760614,346.1392317,0.4511502923,0.7217433178,0.6250841277
0.02099885002,308.2132514,0.6438072629,0.6987417464,0.9213808481
0.07536018796,335.0143024,0.5164518486,0.7253561268,0.7119976374
0.07552716888,338.3400934,0.497621095,0.7253794316,0.6860148956
0.04163117881,338.0598589,0.4933618769,0.7168829503,0.6882042273
0.03305054279,355.0935474,0.3952673852,0.7120285841,0.5551285356
0.06319852363,311.3577623,0.6486940672,0.7233314926,0.8968143567
0.01135129588,348.1324141,0.4077901506,0.6690432506,0.6095123898
0.06486830796,319.6644371,0.6020210605,0.7236539268,0.8319184601
0.0318811532,299.0894917,0.7059494931,0.7111693189,0.9926602207
0.02610373807,354.8511326,0.3931607676,0.7058257738,0.5570224015
0.006264446984,314.1927652,0.5428235996,0.6206067957,0.874665897
0.03037556894,336.9380083,0.4948254154,0.709967931,0.6969686852
0.05246641085,321.0493044,0.5918286558,0.7207760854,0.8210991844
0.05587974354,317.3114095,0.6136573837,0.7216938843,0.850301488
0.04229814835,323.5221034,0.575020264,0.7171792099,0.8017804422
0.02137984145,304.0031237,0.6674022244,0.6993832945,0.9542724707
0.01447179336,349.8090341,0.407210452,0.6827649774,0.5964137961
0.01096638509,346.0073455,0.4175213672,0.6668450816,0.6261144885
0.02501178249,347.9351041,0.4305158706,0.7045465038,0.6110538741
0.0607604867,352.7303705,0.4146082558,0.7228292642,0.5735908551
0.007536137694,335.6692151,0.4511780088,0.63826574,0.706881132
0.04333907282,328.8030993,0.5457690573,0.7176236621,0.7605226613
0.07960693306,340.6978708,0.4846195399,0.7259187299,0.6675947595
0.007760244303,345.3038704,0.4047571352,0.6408335637,0.6316103871
0.03235619023,304.6390688,0.6754542967,0.7115256969,0.9493041497
0.006203228476,342.4635997,0.405091136,0.619594883,0.6538000024
0.05293798792,326.1488986,0.5632170121,0.7209098351,0.781258605
0.05742634113,330.2964565,0.5407295213,0.7220742831,0.7488558088
0.036413217,313.9356546,0.6261193246,0.7141981112,0.8766745735
0.05842072667,309.0270897,0.6609285688,0.722308356,0.9150227369
0.02922704026,314.5922077,0.6178997047,0.7089703065,0.8715452524
0.01270847904,325.93698,0.5290872664,0.6757921286,0.7829142188
0.0723359732,347.6338442,0.4446686537,0.7249156189,0.6134074672
0.05925254308,330.2103442,0.5415330364,0.7224982008,0.7495285606
0.06191831682,319.7131787,0.6012621417,0.7230726469,0.8315376667
0.01884714196,339.6862143,0.4692351393,0.6946503366,0.6754983257
0.03253349261,327.5868719,0.5479925918,0.7116561038,0.7700244385
0.06511653534,351.62936,0.4213329818,0.7237004634,0.5821924997
0.0691124536,318.7308968,0.6079284142,0.7244040833,0.8392117441
0.01647898355,332.0377483,0.5065639293,0.6889664395,0.7352519662
0.06481277287,319.891015,0.6007314085,0.7236434671,0.83014832
0.04808338524,317.0820162,0.613004129,0.7194093606,0.8520936237
0.02585378998,307.8326127,0.6521711857,0.7055422175,0.924354588
0.06841640718,346.4790229,0.450817831,0.7242873685,0.6224295088
0.01630876318,351.8926817,0.399421484,0.6884971223,0.580135299
0.04178155586,308.0355,0.6615801297,0.7169505574,0.9227695311
0.0237197666,306.4159396,0.6574946999,0.7028853886,0.9354223471
0.06397511494,333.5568051,0.5233566461,0.7234835216,0.723384335
0.009641427975,298.4892075,0.6562923444,0.6580361791,0.997349941
0.03484228172,353.3093473,0.4058792732,0.7132356052,0.5690675988
0.0105527016,348.6597374,0.4021720409,0.6643159991,0.6053926767
0.0275575358,340.0878594,0.4756115157,0.7073757821,0.6723604734
0.008053676689,300.477386,0.6322892973,0.6439989387,0.9818172972
0.05113844535,356.8505113,0.3900188115,0.7203863807,0.5414022557
0.05690192875,330.5875502,0.5389928124,0.7219475867,0.7465816389
0.01333579762,337.1871978,0.4715533457,0.6784726508,0.6950218925
0.03666904974,336.8091043,0.4985970247,0.7143472057,0.6979757473
0.05862373689,302.1170187,0.6999677072,0.7223551796,0.9690076667
0.01771735155,350.4960539,0.4090753397,0.6921204536,0.5910464538
0.01881661115,353.057592,0.3966324175,0.6945858101,0.5710344377
0.05242050303,346.6048153,0.4479157895,0.7207629382,0.6214467556
0.01176636905,309.7281732,0.6105437251,0.6712624165,0.9095455221
0.04676865986,334.9626778,0.5121808339,0.7189502351,0.7124009547
0.0170702524,342.6569002,0.4504237531,0.6905270083,0.6522898419
0.0217031179,328.2586251,0.5352750739,0.6999105846,0.7647763667
0.06752209494,330.9247148,0.5387176445,0.7241339141,0.7439475406
0.03955933758,326.2221042,0.5588936963,0.7159001256,0.7806866857
0.01493084866,308.4509885,0.6292512963,0.6843232145,0.9195235277
0.06025799188,351.4535762,0.4217551276,0.7227207618,0.5835658112
0.02591894807,338.0385941,0.4857255854,0.705616649,0.6883703583
0.06607297823,316.1777191,0.6219246421,0.7238765399,0.8591584446
0.02450768,306.1251928,0.6600601188,0.7039186083,0.9376938059
0.01604852952,348.5819685,0.4167834883,0.6877612528,0.6060002458
0.03131295732,320.5092637,0.5865777654,0.7107291811,0.825318252
0.06400277702,350.9416178,0.4250970893,0.7234888696,0.5875654861
0.02888080993,314.7635679,0.6166756609,0.7086543947,0.8702065006
0.06205797813,336.2669536,0.5077699728,0.723101398,0.7022113001
0.05437511006,310.72372,0.6504481165,0.7213033193,0.9017678127
0.02007484253,311.9352971,0.6220135677,0.6970883316,0.8923023662
0.01543132613,301.6123539,0.6673674626,0.685921389,0.9729503604
0.05692904452,314.7687808,0.6282198307,0.7219541942,0.8701657746
0.02478491145,316.2597142,0.6046257854,0.7042669877,0.8585178574
0.04309405962,344.9606608,0.4551175895,0.7175209461,0.6342917122
0.03885768005,345.9214648,0.4484925342,0.7155439674,0.6267854312
0.03526446455,336.8755438,0.4976371102,0.7135025269,0.6974566892
0.05881082427,307.081552,0.6719907374,0.7223980481,0.9302222497
0.07776820912,352.7561859,0.4160985515,0.7256826098,0.573389173
0.04543283417,356.5367537,0.3907353247,0.7184569634,0.5438534868
0.0263077402,323.1123278,0.5683600851,0.7060533233,0.8049818142
0.05424211759,325.0386346,0.5697528831,0.7212677697,0.7899325424
0.02708492068,317.3910367,0.6006295768,0.7068896528,0.8496794011
0.05886020858,328.7313964,0.5498133364,0.7224093189,0.7610828405
0.01692223523,326.3969962,0.5378449203,0.6901461324,0.7793203425
0.02352159594,355.1006324,0.3900027248,0.7026149628,0.5550731844
0.06260576646,312.5921183,0.6416135147,0.7232129434,0.8871709509
0.0441931824,353.6766567,0.4065148552,0.7179729689,0.5661979946
0.056055538,332.0128018,0.5308000688,0.721738166,0.7354468612
0.05913970423,349.575811,0.4322091048,0.7224727569,0.5982358514
0.05292602541,344.5656256,0.459489871,0.7209064713,0.6373779253
0.0720440812,304.3550803,0.6897314476,0.7248711647,0.9515228102
0.0592738725,331.2922378,0.535429826,0.7225029996,0.7410762673
0.01390412402,317.8958292,0.575694973,0.6807031638,0.8457357093
0.07704283452,341.5225445,0.47972289,0.72558639,0.6611519959
0.04860084772,323.8859447,0.5749024399,0.7195833577,0.7989379323
0.0237110626,344.3490565,0.4491853429,0.702873603,0.6390698712
0.03291955682,348.9700703,0.4292743498,0.7119353046,0.6029682009
0.02448657165,337.957004,0.4849869061,0.7038917691,0.6890077813
0.06953066449,315.1184511,0.6284325795,0.724473098,0.8674339754
0.0537845812,326.2328283,0.5629272122,0.7211441429,0.780602904
0.02163057232,345.4933948,0.4409607399,0.6997935823,0.6301297283
0.02100688757,306.5726485,0.6527760432,0.6987555127,0.9341980583
0.05912395486,346.2449522,0.451007311,0.7224691979,0.6242581861
0.02884187921,333.958287,0.5103808216,0.7086184107,0.720247758
0.02442483551,306.2690329,0.6591701932,0.7038130138,0.9365700553
0.01801997364,336.4136155,0.4857177781,0.6928279529,0.7010655042
0.03339344482,342.6272391,0.4647711381,0.7122693865,0.6525215697
0.02861697978,339.8433673,0.4776591135,0.7084086663,0.6742705676
0.007247972236,319.2384579,0.5301756038,0.6347535164,0.8352464225
0.01507725531,311.4502227,0.6136448714,0.6848011863,0.8960920098
0.01306960067,354.2524837,0.3804754127,0.6773648848,0.5616993459
0.05418229662,300.5537219,0.707707281,0.721251723,0.9812209224
0.04792587595,356.45392,0.3916896081,0.7193556635,0.5445006247
0.05213028292,309.1093507,0.658974787,0.7206792957,0.914380073
0.05225083819,319.2106299,0.6021306045,0.7207141514,0.8354638288
0.02562853235,344.4819298,0.4499923859,0.7052820679,0.6380317981
0.01041972355,330.0588202,0.4980701055,0.6634633233,0.7507123422
0.06287881219,346.4085495,0.4505814496,0.7232678259,0.6229800822
0.0512535636,344.7726396,0.4580152767,0.7204209513,0.6357606284
0.06515545155,329.1274319,0.5485623614,0.7237077274,0.7579888131
0.05223628804,336.8106296,0.5030294798,0.720709953,0.6979638309
0.06716931791,335.3101693,0.5138640811,0.7240722698,0.7096861772
0.05683877559,319.9108242,0.5991990554,0.7219321734,0.829993561
0.04164373481,325.7286305,0.5624291903,0.7168886136,0.7845419491
0.03105447609,351.4916003,0.4144262981,0.7105237506,0.5832687475
0.009950766514,325.3760049,0.5198422884,0.660287536,0.7872968366
0.06963825659,335.5781859,0.5126440534,0.7244907206,0.7075922973
0.01981694912,337.4122333,0.4829278033,0.6966003444,0.6932638022
0.05110828377,312.1434001,0.6416231747,0.7203772976,0.8906765619
0.03831245949,298.5091693,0.7132513585,0.7152583807,0.9971939899
0.01864211351,318.4835178,0.5839334677,0.6942131136,0.8411443926
0.01040175658,303.364764,0.6363215935,0.6633465603,0.9592596565
0.07640527497,334.4276833,0.5198794573,0.7255003246,0.7165805992
0.04592467744,329.1943521,0.5443467805,0.7186418678,0.7574659993
0.03211570567,316.9713361,0.6067489698,0.7113465705,0.8529583117
0.0139506756,333.8829746,0.4908016328,0.6808782305,0.720836136
0.02870211521,318.0690552,0.5982351576,0.7084884416,0.8443823815
0.007352722522,309.4032169,0.5801393803,0.6360589875,0.9120842433
0.04313492612,316.0070067,0.6174359418,0.7175381582,0.8604921352
0.04547023094,329.1284148,0.5445875851,0.7184711606,0.757981134
0.06660651887,348.4727437,0.4393453468,0.7239725891,0.6068535652
0.01902667182,357.8505559,0.3708583733,0.6950257415,0.533589407
0.05079208581,347.9604404,0.4399881896,0.7202814356,0.6108559347
0.02939997292,315.2508924,0.614385716,0.7091253787,0.8663992779
0.05756751973,329.5575002,0.5449235705,0.722108002,0.7546289045
0.01558368604,352.0252653,0.3974872226,0.6863884867,0.57909949
0.01844828892,356.5779258,0.3770975995,0.6937911982,0.5435318298
0.07226370615,348.2902958,0.4409442292,0.724904646,0.6082789393
0.03658358836,331.093209,0.5304596899,0.7142976277,0.7426311797
0.01949878638,316.8636071,0.594228703,0.695981192,0.8537999444
0.0578644292,311.8340494,0.644972724,0.7221783855,0.8930933644
0.01374264817,336.8436253,0.4745009503,0.6800871925,0.6977060523
0.03101725922,316.1208381,0.6107425625,0.7104938968,0.8596028273
0.04348348456,354.5136662,0.4016580233,0.7176836701,0.5596588581
0.007970277873,325.2283846,0.5070687173,0.6431208575,0.78845012
0.05637003934,351.9251978,0.4185679868,0.7218167071,0.5798812672
0.06462395777,301.9769013,0.7019735884,0.723607772,0.9701023338
0.07566142599,350.6752796,0.4277282688,0.7253980954,0.5896462529
0.03856821334,312.6091452,0.6345810184,0.7153933311,0.8870379283
0.03525342032,304.7780877,0.67654944,0.713495624,0.948218065
0.01821771286,314.3491711,0.6055395414,0.6932780559,0.8734439756
0.03555849752,347.364029,0.4392839591,0.7136847593,0.6155153985
0.06176639689,304.5433614,0.6869266647,0.7230412264,0.9500518638
0.04150314534,343.1480923,0.4648269001,0.7168250092,0.6484524035
0.0376043064,321.7107916,0.5832891656,0.7148753266,0.8159313155
0.04011059283,329.5955496,0.5402307182,0.7161713589,0.7543316435
0.02156337073,331.535603,0.5171892891,0.6996845202,0.7391749769
0.006828718374,304.7782258,0.5965890131,0.6291692959,0.9482169856
0.06648163825,299.3406382,0.7172161598,0.7239502445,0.9906981388
0.04821365038,339.6481171,0.486203775,0.7194535088,0.6757959605
0.06295391891,335.2491946,0.5136483806,0.72328284,0.7101625425
0.05468164579,309.6209136,0.6567366355,0.7213846084,0.9103834873
0.05741315019,329.2394883,0.546689704,0.7220711242,0.7571133725
0.02634984954,318.4804336,0.593948957,0.7060998666,0.8411684878
0.05522998648,344.2241316,0.4618108715,0.7215277997,0.6400458467
0.01269007103,345.8569803,0.4238654062,0.6757096969,0.6272892162
0.06837958838,331.6038759,0.5349841682,0.7242811292,0.7386415946
0.0774981817,315.7514561,0.6258622825,0.7256469996,0.8624886245
0.02847081358,335.1665575,0.5034445244,0.7082706185,0.7108081449
0.0351419176,316.4750848,0.6112883008,0.7134256944,0.8568352746
0.02099399598,328.6126789,0.5324420836,0.6987334277,0.762010321
0.04261378568,326.8809494,0.5563070436,0.7173162347,0.7755394577
0.07484029558,326.7772845,0.5630729069,0.7252829084,0.7763493395
0.03036759331,312.8884436,0.6282134138,0.7099612572,0.8848559093
0.01558182193,316.4933348,0.5880191531,0.6863828244,0.8566926972
0.07723224285,344.8662858,0.4607844767,0.7256116874,0.6350290171
0.04113238005,347.6058305,0.4397585097,0.7166552222,0.6136263242
0.03909961494,300.6242702,0.7018341543,0.7156681894,0.9806697639
0.07157060822,306.5500263,0.6772332559,0.7247982931,0.9343747942
0.05900370237,330.1994505,0.5415523694,0.7224419622,0.7496136682
0.02485112685,342.3003446,0.4614017788,0.7043490803,0.6550754331
0.05889620078,332.9190928,0.5261846946,0.7224175215,0.7283664625
0.06302653437,324.6276482,0.5736784782,0.7232973224,0.7931433734
0.07632222971,349.4321612,0.4348277255,0.7254890093,0.5993581155
0.03620956359,316.0699858,0.6141071165,0.7140779502,0.860000111
0.03302683472,348.6840124,0.4309116698,0.7120117544,0.605203028
0.02327813726,325.7366412,0.5509215255,0.7022766306,0.7844793654
0.04886035877,333.5331087,0.5207306944,0.7196692517,0.7235694636
0.03349629171,349.9282094,0.4241865737,0.7123406704,0.5954827393
0.01548213101,339.1707994,0.4662072362,0.686078118,0.6795250044
0.06782631047,321.6161711,0.5914218305,0.7241865635,0.8166705381
0.06093355212,338.41243,0.4954884843,0.7228662245,0.6854497658
0.06117026554,341.5079221,0.4780402334,0.7229164429,0.6612662336
0.009669180475,316.9146647,0.5617457886,0.6582436056,0.8534010567
0.02466725363,299.2175757,0.6982473952,0.7041200627,0.9916595651
0.04178902192,327.4864712,0.5526343899,0.7169539015,0.7708088188
0.01185525229,341.7312482,0.443012895,0.6717186565,0.6595214986
0.03177062973,318.3837875,0.5986791211,0.7110849098,0.8419235352
0.06889958955,304.8073158,0.6866940221,0.7243686374,0.9479897205
0.05464372896,320.3398359,0.5963184769,0.7213746021,0.8266419072
0.07820570341,307.1961271,0.6744496759,0.7257397879,0.9293271323
0.05880383328,345.6760935,0.4541723785,0.722396451,0.6287023945
0.02798153019,343.4625588,0.4572346054,0.70779829,0.6459956344
0.01083410909,327.0274908,0.5157901793,0.6660560096,0.7743946032
0.02795149102,350.3627706,0.4190612022,0.7077687671,0.5920877294
0.05328626008,355.9685245,0.3953229931,0.7210071138,0.5482927776
0.05071654907,338.7489625,0.4918072501,0.7202583608,0.6828206057
0.05026472045,328.0697102,0.551792745,0.7201189097,0.7662522642
0.0295154927,299.0532319,0.7042233135,0.7092279802,0.9929435008
0.03645449705,330.0925642,0.5359872141,0.7142223072,0.750448717
0.02954895218,324.7939284,0.5616215562,0.7092575519,0.7918443093
0.03692871652,315.3440543,0.6185191906,0.7144964638,0.865671451
0.03228823338,311.2087459,0.6388895952,0.7114753432,0.8979785474
0.03657412669,325.4685871,0.561843284,0.7142921248,0.7865735383
0.00864293197,314.2050754,0.5682607863,0.6497604145,0.8745697238
0.03468643504,348.1419596,0.43461172,0.7131354649,0.6094378156
0.03198742732,304.4334106,0.6763352934,0.7112499451,0.950910855
0.07910922832,318.8532632,0.6084528784,0.7258558904,0.8382557564
0.07940041206,342.9107279,0.4720530006,0.7258927496,0.6503068131
0.04832475159,327.385657,0.5551566689,0.7194909769,0.7715964296
0.02698588295,301.8607832,0.6862956176,0.7067856835,0.9710095063
0.04015902512,307.3630984,0.6646450467,0.7161948396,0.9280226691
0.006007841929,317.1577075,0.5247328148,0.6162435781,0.8515022848
0.05231468985,320.9509086,0.5923469474,0.7207325485,0.8218679018
0.04660762998,343.0102951,0.466941323,0.718892248,0.6495289444
0.06557667804,353.0400531,0.4134057964,0.7237858074,0.5711714601
0.07873527066,344.2097423,0.4646320896,0.7258081572,0.6401582636
0.06393126251,355.2871423,0.4005274094,0.7234750341,0.553616076
0.03218880868,346.682734,0.4416649706,0.7114012984,0.6208380158
0.04724223193,329.4832939,0.543084516,0.719118514,0.7552086415
0.05250489012,352.9955077,0.4119438554,0.7207870878,0.5715194714
0.07189958185,343.8455889,0.4660802516,0.7248490257,0.6430032118
0.02389358258,309.3002092,0.641869594,0.7031189995,0.912888991
0.05159968328,329.1693321,0.5459132542,0.7205239769,0.7576614681
0.05159322051,322.605346,0.5828609998,0.7205220657,0.8089426092
0.0111760438,315.7955634,0.5759639233,0.668059975,0.8621440363
0.03611420819,318.9865338,0.597788985,0.7140212315,0.8372145794
0.01273910454,322.1598753,0.5491399794,0.6759287728,0.8124228491
0.05934362304,325.485484,0.5682186881,0.7225186686,0.7864415313
0.01803074411,348.2691873,0.4215619718,0.6928527131,0.6084438494
0.01988804118,321.2816808,0.5708245458,0.6967360824,0.8192837435
0.02629223605,333.689573,0.5100031553,0.7060361501,0.7223470856
0.01285767984,340.9488197,0.4502696237,0.6764520354,0.6656342211
0.0712951093,302.2484213,0.7015495665,0.7247554505,0.9679810838
0.0516910233,352.1821063,0.4163877748,0.7205509382,0.5778741692
0.03697962211,332.6214821,0.5220977304,0.7145254838,0.730691546
0.06709546573,347.0004753,0.4477261575,0.7240592837,0.6183556618
0.0210313186,317.314179,0.59417326,0.6987972947,0.8502798516
0.03660313405,322.3103484,0.5794812213,0.7143089866,0.8112472784
0.03024699137,349.2668528,0.4263770696,0.7098599224,0.6006495875
0.0703869425,331.409268,0.5363301499,0.7246118721,0.7401619687
0.01591470604,300.7743882,0.6732806441,0.6873738936,0.9794969672
0.0702121871,320.5125948,0.5979933969,0.7245838222,0.8252922279
0.04168545528,310.0028991,0.6505212266,0.7169074074,0.9073992261
0.04944905867,310.623239,0.649712403,0.7198608088,0.9025528199
0.007987712165,346.7179728,0.3992115908,0.6433057979,0.6205627123
0.0605895151,348.8633629,0.4364234781,0.7227925463,0.603801852
0.07947201553,327.804774,0.5577263585,0.7259017724,0.7683220784
0.03424548916,322.3876291,0.5778650465,0.7128472999,0.8106435229
0.04641536234,331.0331925,0.5341570371,0.7188224934,0.7431000588
0.07724032266,310.5986519,0.6550432268,0.7256127638,0.9027449067
0.0747671031,309.6717951,0.6599878215,0.7252725195,0.909985976
0.02991665092,351.0238932,0.4164676035,0.7095782745,0.5869227095
0.02491879698,346.2392929,0.4397789242,0.7044325387,0.6243023995
0.04310069548,307.6036625,0.6645297799,0.7175237432,0.9261432618
0.0386087781,333.5520906,0.5175460465,0.7154145742,0.7234211674
0.01695010973,334.3143171,0.4952083838,0.6902183453,0.717466273
0.06708739212,322.1123218,0.5885101473,0.7240578623,0.8127943607
0.07978839442,347.2004961,0.4477556028,0.7259414477,0.6167929993
0.0282830787,357.2204565,0.3813156881,0.7080912716,0.5385120583
0.03928229196,322.931253,0.5771871296,0.7157609903,0.8063964612
0.03229998216,301.3115537,0.6939106644,0.7114840635,0.9753003617
0.04082095689,319.6925311,0.5959208573,0.7165102694,0.831698976
0.03090238025,355.9051985,0.3898593633,0.7104013028,0.5487875117
0.07251806464,324.1510731,0.5776830121,0.7249431714,0.7968666165
0.06569765639,331.3366337,0.5361459198,0.7238080493,0.7407294245
0.01737216339,345.1999146,0.4371839656,0.6912846022,0.6324225424
0.01288457746,331.6554676,0.4994696521,0.6765694674,0.7382385345
0.07724376664,309.6783174,0.6602608823,0.7256132226,0.9099350201
0.0647378946,304.7764417,0.6861677143,0.7236293362,0.9482309244
0.05067926302,315.8806418,0.6204778783,0.7202469457,0.8614793606
0.03118103754,324.0123048,0.5670435498,0.7106247522,0.7979507441
0.05000262963,307.9647381,0.6648261512,0.7200368807,0.9233223589
0.07706987992,355.431282,0.4008812129,0.7255900097,0.5524899841
0.03450629625,339.8408886,0.4807812723,0.7130186124,0.6742899329
0.01748821912,307.5213788,0.6409366806,0.691569153,0.9267861035
0.04885278418,349.7552113,0.4295217958,0.7196667573,0.5968342867
0.04662028844,340.5682499,0.4806597501,0.7188968206,0.6686074223
0.02756809455,357.6168161,0.3787456732,0.7073864575,0.5354154991
0.03364780481,336.6354486,0.4982358312,0.7124449086,0.6993324329
0.06309010047,338.4657008,0.4954916256,0.7233099729,0.6850335874
0.06731348642,298.6559489,0.7212353798,0.724097539,0.9960472738
0.02918817304,355.3662824,0.3920396051,0.7089352069,0.5529977934
0.03743357107,299.0096705,0.7099802523,0.7147808463,0.9932838239
0.03706551273,321.0581957,0.5866867144,0.7145742707,0.8210297214
0.05291368561,345.5798659,0.4537754012,0.7209029999,0.6294541725
0.02397759187,307.8265832,0.6500676797,0.7032307319,0.9244016938
0.04773611668,298.2826604,0.7185450287,0.7192905084,0.9989635903
0.0794134799,345.547213,0.4571024336,0.7258943975,0.6297092734
0.03530390831,321.3530411,0.5841833978,0.7135271455,0.8187262411
0.0351081883,351.9149989,0.4137467228,0.7134044552,0.5799609461
0.03338492039,341.7198508,0.469816485,0.7122634589,0.6596105403
0.0158630429,349.803568,0.4098984365,0.6872226832,0.5964565001
0.05700279322,325.7874239,0.5660858064,0.7219721339,0.7840826256
0.01994501103,307.7161453,0.6447651781,0.6968441836,0.9252644898
0.04125195135,305.3235266,0.6765435838,0.7167103058,0.9439568238
0.007053940917,310.2270379,0.5725899614,0.6322432908,0.9056481416
0.007609418486,307.0430657,0.5947162512,0.6391204725,0.9305229245
0.01831857213,299.2687481,0.687442665,0.6935040426,0.9912597804
0.0616538655,317.0650676,0.616174638,0.7230178536,0.852226034
0.0409671407,350.9848351,0.4207948996,0.7165785806,0.5872278505
0.06609633777,329.3980774,0.5471629446,0.7238807773,0.755874395
0.0489083867,334.989073,0.5125559085,0.7196850497,0.7121947424
0.07273910189,338.3695743,0.4971776556,0.7249764334,0.6857845754
0.03915758401,345.0472821,0.4534768057,0.71569773,0.6336149839
0.02594722742,311.6549842,0.6311974616,0.70564884,0.894492311
0.02151895066,343.8113567,0.4500399109,0.6996120692,0.6432706506
0.01838912857,338.4368633,0.4753371664,0.6936607169,0.6852588807
0.07871580097,300.847873,0.7105077573,0.7258056598,0.9789228669
0.07000521508,313.3961753,0.6382486817,0.7245504218,0.8808892555
0.01957429821,353.0410797,0.3976039449,0.6961298938,0.57116344
0.05882890653,357.5736621,0.3870288731,0.7224021771,0.5357526395
0.0781144777,344.5126966,0.4628630483,0.7257279176,0.6377914327
0.01300166359,348.6270741,0.4100692091,0.6770753062,0.6056478583
0.02224814111,325.6653914,0.5501265426,0.7007660018,0.7850360051
0.02001364197,307.1009156,0.6482349362,0.6969736243,0.930070972
0.03580719411,321.5001231,0.5836165066,0.7138366052,0.8175771632
0.03790194984,326.6906154,0.5556034628,0.715038038,0.7770264423
0.03788384435,320.2009338,0.5918482137,0.715028212,0.8277270795
0.01097246941,340.3538182,0.4469987435,0.6668809491,0.6702826705
0.05092087756,357.1739683,0.3881629544,0.7203206232,0.538875248
0.03799259657,348.845501,0.4318707002,0.7150870948,0.6039413987
0.01688760189,318.6004166,0.5798066032,0.6900560919,0.8402311204
0.0108826946,349.4237058,0.3994250514,0.6663479201,0.5994241736
0.02922913333,336.6864099,0.4955249827,0.7089721941,0.6989342979
0.06843432777,318.5889856,0.6086360191,0.7242904029,0.8403204249
0.0401259344,350.1378216,0.4252993039,0.7161788028,0.5938451435
0.01683626779,330.5776903,0.5151362278,0.6899219803,0.7466586693
0.009941793726,311.8919902,0.5893428702,0.6602240624,0.8926407016
0.05067339373,300.4386564,0.7073670721,0.7202451473,0.9821198722
0.0423262273,325.3998318,0.5645090809,0.7171914809,0.7871106892
0.04417981577,341.6525186,0.4739566743,0.7179676046,0.6601365733
0.05667344787,350.6844587,0.4256089459,0.7218916625,0.5895745414
0.03579288502,317.6863721,0.6048778625,0.7138279245,0.847372093
0.06283417593,341.4253053,0.4787335027,0.7232588862,0.6619116776
0.07178198494,326.6414057,0.5634914711,0.7248309434,0.7774108931
0.01184299564,329.3345479,0.5080210264,0.6716561251,0.7563707193
0.04435776241,304.8673112,0.680356806,0.7180387572,0.9475210066
0.01201118269,352.6416515,0.3862081074,0.6725037193,0.5742839725
0.02553281624,303.6931672,0.6746320802,0.7051701755,0.9566940062
0.01981756801,352.3823119,0.4014584719,0.6966015301,0.5763100633
0.06059414597,357.7934271,0.3859975746,0.7227935436,0.5340357257
0.02992012712,338.6168572,0.4852490517,0.7095812699,0.6838526781
0.04722798074,339.0403416,0.489388525,0.7191134985,0.6805442062
0.04711834324,340.9554682,0.4786034535,0.7190748131,0.6655822799
0.03156108958,349.6287625,0.425005705,0.7109232943,0.5978221679
0.03715442974,341.3156161,0.4736307256,0.7146245436,0.6627686242
0.02710310119,342.820304,0.4602069033,0.7069086583,0.6510132503
0.05638939646,313.7709492,0.6337313787,0.7218215129,0.8779613344
0.07959648513,327.7517627,0.5580390188,0.7259174187,0.7687362286
0.01635955569,351.4868625,0.4016865948,0.6886381401,0.5833057616
0.05460563469,320.4487282,0.5956964749,0.7213645352,0.8257911857
0.02753452802,315.024532,0.6141006,0.7073524927,0.8681677188
0.01135397935,316.7508112,0.5718313424,0.6690580856,0.8546811625
0.05142498677,333.7800601,0.5199216329,0.7204721478,0.7216401557
0.06240017821,357.7506476,0.3864410079,0.7231713066,0.5343699403
0.01740845605,321.7157167,0.5640870762,0.6913739769,0.8158928381
0.0569493926,349.9874138,0.4295802803,0.7219591486,0.5950202045
0.006171015598,331.5867334,0.4573428914,0.6190552866,0.7387755203
0.07514652991,305.8439799,0.6817273698,0.725326158,0.9398907819
0.008461337548,322.0305271,0.527156201,0.6480631516,0.8134333818
0.05617397972,301.7126189,0.701678911,0.7217678466,0.97216704
0.04823913578,303.1112667,0.6915758417,0.7194621186,0.961240104
0.07118657943,350.9561184,0.4257492165,0.724738483,0.5874522004
0.02984364183,343.9087737,0.4558703175,0.7095152063,0.6425095804
0.0582624977,343.146569,0.4683673753,0.7222716376,0.6484643047
0.0313811469,357.6305855,0.3804876791,0.7107828244,0.5353079254
0.04161396921,340.0027083,0.4824754331,0.7168751826,0.6730257161
0.02935772208,327.7962099,0.5448551445,0.709087656,0.7683889854
0.06415931177,347.7307989,0.4432639506,0.723519047,0.612650009
0.01344515536,340.273975,0.455488926,0.6789157106,0.6709064453
0.0459039581,349.4693711,0.4305103058,0.7186341572,0.5990674135
0.05018087102,326.3479568,0.5614588168,0.7200927584,0.7797034622
0.01253378883,330.7810213,0.5029228464,0.6750006682,0.745070146
0.01796894158,347.3808971,0.4262825379,0.6927102481,0.6153836168
0.04538211719,310.0782784,0.651486699,0.7184376725,0.9068103247
0.06215709959,338.4240951,0.4955977167,0.7231217259,0.6853586318
0.06529906149,322.9284912,0.5836325226,0.7237344594,0.8064180377
0.04836326217,333.4242741,0.5212228416,0.7195039248,0.7244197337
0.008032531093,305.6200708,0.606207044,0.6437778745,0.9416400718
0.036851042,299.7978016,0.7052545695,0.7144520321,0.9871265498
0.03020129592,304.5031992,0.6745897879,0.7098213208,0.9503656315
0.03288807645,334.9365827,0.5073124792,0.7119127781,0.712604823
0.06416159628,343.380192,0.4678560078,0.7235194863,0.6466391253
0.04619458294,312.589063,0.6376639043,0.7187416898,0.8871948203
0.05251231696,318.9962381,0.6034005883,0.7207892095,0.8371387646
0.07438630892,328.5170789,0.5531653575,0.7252181429,0.7627571965
0.01239297511,311.9581492,0.6016013839,0.6743473951,0.8921238345
0.07571152551,325.2037869,0.5720850944,0.7254050432,0.78864229
0.0192776483,338.734521,0.4750070167,0.6955392666,0.6829334295
0.04876301094,335.5858586,0.5091665579,0.7196371367,0.7075323547
0.04890538038,323.3190198,0.5781704493,0.7196840617,0.803367033
0.04342304437,323.0481515,0.5780619418,0.7176586029,0.8054831913
0.02582374092,353.4541474,0.4006835058,0.7055077688,0.5679363482
0.05007883494,325.4479562,0.5664968444,0.7200608186,0.7867347171
0.06955787032,350.4142967,0.4286626367,0.7244775592,0.5916851824
0.02363585638,305.008513,0.6651154286,0.7027714203,0.946417867
0.0703370581,323.8283041,0.5792398265,0.7246038793,0.7993882493
0.03243315813,316.7172675,0.6083626173,0.7115824785,0.8549432227
0.0314931754,334.7294746,0.507719931,0.7108704622,0.7142228549
0.006544736646,309.4436908,0.5698773526,0.6250244878,0.9117680406
0.02352042727,345.8252723,0.4409158315,0.7026133549,0.6275369355
0.0159881254,319.6196796,0.5722568923,0.6875871763,0.8322681283
0.0195603116,355.6833778,0.38321865,0.6961024341,0.5505204856
0.03049856715,335.5834643,0.5024110788,0.7100704209,0.7075510598
0.04481502008,326.193685,0.560863508,0.718219044,0.7809087112
0.06379753571,299.2596098,0.717177626,0.7234490806,0.9913311734
0.01931019639,298.8872393,0.6915984593,0.6956049225,0.9942403179
0.05482667292,303.7716327,0.6897385851,0.721422755,0.9560809946
0.07579192586,328.7206647,0.5521626222,0.7254161741,0.7611666819
0.04816695838,334.278561,0.5163732645,0.7194377114,0.7177456175
0.02796632945,328.3224334,0.5409431531,0.7077833582,0.7642778638
0.04538969203,319.1086416,0.6008035399,0.7184405564,0.8362606127
0.04117299302,346.5906697,0.445453913,0.7166739668,0.6215572682
0.02030035321,327.2336682,0.5390207844,0.6975052469,0.7727838419
0.05089907375,326.4217949,0.5612158015,0.7203140027,0.7791266023
0.04428888518,357.6417113,0.3842947206,0.7180112831,0.5352210051
0.06763029393,334.1226127,0.5206396903,0.7241526934,0.718963963
0.05452147685,317.6595235,0.6113965941,0.7213422463,0.8475818479
0.07514545432,324.3235017,0.5770109952,0.7253260067,0.7955195179
0.008343540768,333.187938,0.4698404699,0.6469260562,0.7262661094
0.02933134915,349.0815215,0.4269256868,0.7090640558,0.6020974881
0.01357892195,304.9858051,0.6431627152,0.6794484761,0.9465952723
0.03504592927,300.6685104,0.6993290711,0.7133651458,0.9803241372
0.06182191288,350.7069615,0.4261663642,0.7230527261,0.589398738
0.009602184532,350.9007639,0.386675827,0.6577409743,0.5878846569
0.07152582076,304.682917,0.6877991493,0.7247913505,0.9489615859
0.06663557107,310.6903355,0.65304868,0.7239777755,0.9020286286
0.04583490293,305.5532839,0.6770454245,0.7186084092,0.9421618448
0.01354854949,315.5152426,0.5871666469,0.6793283825,0.8643340423
0.01203884018,309.9100239,0.6108419559,0.6726409705,0.9081248136
0.05712167404,300.2860127,0.7099524936,0.722000956,0.9833124011
0.04090521471,354.9732014,0.3984508891,0.7165497013,0.5560687394
0.0425235498,352.5593182,0.412382211,0.7172772655,0.5749272016
0.04052743777,325.55573,0.5629912727,0.7163716475,0.785892734
0.0325631609,357.5396154,0.3814725537,0.7116777895,0.53601863
0.03846490925,323.7277866,0.5723953686,0.7153390339,0.8001735421
0.0283178179,331.6933347,0.5225554024,0.7081246333,0.7379426979
0.0491373965,351.5363179,0.4195620379,0.7197599603,0.5829193913
0.04170369047,317.692371,0.6074606821,0.7169156102,0.8473252269
0.06157702549,354.3864358,0.405353042,0.7230018455,0.5606528455
0.05398419549,345.000582,0.4572251955,0.7211983331,0.6339798285
0.05557506996,354.3839539,0.404590327,0.7216164838,0.5606722352
0.0354980763,343.16623,0.4626653474,0.7136475535,0.6483107033
0.03343070141,344.0381408,0.4569366248,0.7122952589,0.6414988997
0.0120690586,343.7404344,0.4331590045,0.6727902543,0.6438247311
0.06148786167,346.0520681,0.4524176622,0.7229832204,0.6257650931
0.04947983311,354.4423189,0.4032832697,0.719870699,0.5602162587
0.0386871468,312.9940731,0.6324846032,0.7154554909,0.8840306787
0.02988766628,355.4980238,0.3916511009,0.7095532724,0.551968564
0.0299552241,355.5794416,0.3912318593,0.7096114745,0.5513324873
0.00658867491,339.6310214,0.4229200569,0.6256866198,0.6759295205
0.07281992017,319.8246163,0.6022241036,0.7249885451,0.8306670604
0.02078504475,304.2678161,0.6649927938,0.6983717792,0.9522045615
0.01656939757,333.4314153,0.4992403017,0.6892119719,0.7243639433
0.05204326786,322.1068899,0.585774121,0.7206540385,0.8128367978
0.07338934312,342.1993441,0.4755497267,0.7250731324,0.655864499
0.01691339109,337.6619573,0.4770910062,0.6901231728,0.6913128338
0.0238773594,302.6323016,0.6784762853,0.7030973348,0.9649820184
0.07167561275,354.366591,0.4064817058,0.7248145364,0.560807883
0.01270780935,310.2210118,0.6120589882,0.6757891337,0.9056952201
0.03272369521,332.7424509,0.5194295018,0.7117944629,0.7297464773
0.05749342073,305.9807669,0.6779143793,0.7220903247,0.9388221336
0.07214870639,325.111868,0.5721972072,0.7248871397,0.7893604064
0.07497460389,317.2431473,0.6171121042,0.7253019199,0.8508347865
0.03790278469,331.1387229,0.5307556264,0.7150384909,0.7422756021
0.07157621374,336.4717668,0.5078024078,0.7247991614,0.7006111967
0.026287299,333.5466843,0.5107873572,0.7060306774,0.7234634039
0.05575084888,339.2688621,0.4898339828,0.7216612412,0.6787588897
0.02367140973,330.3877991,0.5258091513,0.702819805,0.7481421946
0.02426728501,309.1660654,0.6430554501,0.7036102685,0.9139369888
0.06194223868,313.3761618,0.6370643289,0.7230775806,0.881045611
0.008680361961,321.2743822,0.5326551968,0.6501021554,0.8193407643
0.02931547304,319.2923129,0.5919330058,0.7090498288,0.8348256803
0.05952117398,357.6995654,0.3864018427,0.7225583906,0.5347690204
0.03217867414,331.171879,0.5278659325,0.7113937258,0.7420165702
0.01712132106,327.9188712,0.5300313456,0.6906569542,0.7674306939
0.01708372118,322.0240048,0.5617608443,0.6905613523,0.8134843376
0.07496312853,328.8000555,0.5516245607,0.7253002982,0.7605464414
0.06519356804,341.5982921,0.4780572287,0.7237148339,0.6605602183
0.0258052782,309.2389382,0.6443686196,0.7054865642,0.9133676704
0.0422727205,351.6539775,0.4173919509,0.7171680836,0.582000176
0.0684456776,324.5494606,0.5749100841,0.7242923239,0.7937542137
0.04195099939,313.3946153,0.6316293839,0.7170261657,0.8809014428
0.05178680374,315.837389,0.6210075237,0.7205791096,0.8618172737
0.01513968134,336.9340947,0.4774461042,0.6850023112,0.6969992603
0.03686982511,313.0913216,0.6310642126,0.7144627933,0.8832709253
0.05807190564,337.2735515,0.5014764363,0.7222271467,0.6943472542
0.04835495374,314.4357355,0.6279573431,0.719501133,0.8727676917
0.06828246341,351.2589837,0.423757147,0.7242646384,0.5850860647
0.05510510428,307.2788533,0.6700389826,0.7214954358,0.9286808334
0.02898940509,356.6354687,0.3849118834,0.7087542723,0.5430822761
0.01339045224,325.2341349,0.5350866156,0.6786949382,0.7884051958
0.0388881754,326.839745,0.5551751339,0.7155597089,0.775861367
0.06386253633,311.2084044,0.6496550252,0.7234617092,0.8979812157
0.0199917075,342.0272629,0.4580301304,0.6969323482,0.6572088835
0.04081436866,326.8094367,0.5560798971,0.7165071794,0.776098151
0.03446945083,340.2957438,0.4782313906,0.7129945642,0.6707363767
0.06328308197,302.675028,0.697776577,0.7233482251,0.964648219
0.0622821732,301.0901893,0.7065364265,0.7231472849,0.9770297714
0.03276326087,308.4045315,0.6547963914,0.7118230468,0.9198864723
0.01746627297,298.2945122,0.6907349001,0.6915156223,0.9988709985
0.04955215295,332.6755881,0.5257160808,0.7198938933,0.7302688433
0.04753165847,308.3914767,0.6616738572,0.7192197331,0.9199884634
0.01083543338,312.678515,0.5904630551,0.6660639986,0.8864959769
0.03731879569,355.4918997,0.3945354324,0.7147168564,0.5520164089
0.05931139218,306.6791393,0.6743676775,0.7225114326,0.9333660992
0.01841894917,328.6640617,0.5283483388,0.6937265885,0.7616088927
0.01536347309,318.2055764,0.5782705284,0.6857105274,0.8433158094
0.007196858561,306.4872898,0.5928016573,0.634104075,0.9348649231
0.02775358546,357.13345,0.3815173995,0.7075727069,0.5391917972
0.03570553385,350.6564485,0.4209796367,0.7137747852,0.5897933711
0.008739884642,314.7888228,0.5660628466,0.6506400723,0.8700091967
0.03552194751,349.658941,0.426474864,0.7136622676,0.5975863982
0.03390537974,313.6508942,0.626321214,0.7126200231,0.8788992642
0.01696482456,352.9144489,0.3949320779,0.6902563746,0.5721527427
0.0545134696,317.5613818,0.6119478678,0.7213401221,0.8483485794
0.03178579474,352.7172358,0.4079514338,0.7110965256,0.5736934707
0.02584953408,301.2097769,0.6886718207,0.7055373432,0.9760954928
0.0650994281,349.1730656,0.435218727,0.7236972675,0.6013822998
0.024433231,308.4298207,0.6472988879,0.7038237464,0.9196889012
0.05519659801,305.0770377,0.682472361,0.7215191611,0.9458825181
0.03658428643,316.3156453,0.6129254967,0.7142980336,0.8580808961
0.02268619713,339.160969,0.4766894896,0.7014246962,0.6796018049
0.04306115094,343.706829,0.4621371674,0.7175070624,0.6440872733
0.0436261903,300.2035569,0.7062275448,0.7177425856,0.983956587
0.03340278618,309.9507309,0.6466088792,0.7122758788,0.9078067901
0.06729011698,299.3541022,0.717281868,0.7240934502,0.9905929515
0.02091608054,310.5048433,0.6311690296,0.6985993887,0.9034777867
0.05250098039,302.2637819,0.6976206874,0.7207859706,0.9678610792
0.03905807699,301.671041,0.695960857,0.715646969,0.972491867
0.03318504635,351.2664409,0.4166121179,0.7121236191,0.5850278051
0.0236812255,342.4000082,0.4598614814,0.7028331386,0.6542968112
0.03897456458,324.3700563,0.5690168142,0.715604171,0.7951558099
0.04513254605,334.8005479,0.5126574953,0.7183421232,0.7136675948
0.05709459083,342.6675368,0.4708896167,0.7219944002,0.6522067436
0.06512651935,304.2026518,0.6894810919,0.7237023278,0.9527136579
0.04004429416,298.9136546,0.7118666032,0.7161391259,0.9940339488
0.067270777,354.2211127,0.4068983797,0.7240900643,0.5619444317
0.03463775346,298.2546785,0.7125208263,0.7131040034,0.9991821991
0.06937665345,345.5972337,0.4559083795,0.7244477783,0.6293184866
0.01188414018,306.4280749,0.62841436,0.6718655587,0.9353275396
0.02759370156,325.5269183,0.5561094303,0.7074123142,0.7861178256
0.07926481563,321.0247683,0.5961550204,0.7258756186,0.8212908729
0.02750836972,329.7106814,0.5329221439,0.707325968,0.7534321769
0.01838270298,346.275316,0.4328499584,0.6936464963,0.6240209685
0.02214102111,314.0102641,0.6137907928,0.7006010922,0.876091687
0.04371022779,326.3342766,0.5597300062,0.7177771031,0.7798103391
0.01031773593,347.5887678,0.4067971247,0.6627955096,0.6137596268
0.04346265811,325.0526271,0.5668364154,0.7176750402,0.7898232259
0.02284960394,306.236217,0.6573375159,0.7016641454,0.9368264293
0.02653712848,342.5110684,0.4615203597,0.7063051253,0.6534291529
0.07547486024,336.39205,0.5086555975,0.7253721421,0.7012339846
0.04556554726,325.4097425,0.565489099,0.7185072427,0.787033262
0.04833262584,323.2241934,0.5785504828,0.719493626,0.8041078641
0.07844886519,300.21159,0.7140818973,0.7257712946,0.9838938279
0.0412618057,335.1572738,0.5094987219,0.7167148315,0.7108806733
0.02379373764,299.8701107,0.6935382391,0.702985211,0.9865616349
0.01242503735,321.1406071,0.5533481174,0.6744973667,0.8203858824
0.0216215007,335.761166,0.4941578021,0.6997788982,0.7061627657
0.07430171902,345.7436238,0.4555561373,0.7252059887,0.6281748143
0.04565193924,351.1604661,0.4209606726,0.7185398184,0.5858557339
0.009240465427,320.4690784,0.5407156771,0.6549110813,0.8256322003
0.03473599274,305.0215102,0.674881958,0.7131674039,0.9463163268
0.06393295647,321.8528653,0.5895031821,0.7234753622,0.814821365
0.02594067223,333.3058773,0.5118332442,0.7056413842,0.7253447086
0.03674553239,346.9576648,0.4419868897,0.7143913832,0.6186901187
0.0795510583,350.8861458,0.4268352612,0.725911714,0.5879988613
0.02363628772,353.2661292,0.4001620646,0.7027720081,0.569405241
0.04027847645,320.9622606,0.5886014286,0.7162525144,0.8217792144
0.008296010701,340.0474222,0.4348576341,0.6464588938,0.6726763887
0.01351336703,346.7153566,0.4214930213,0.6791886313,0.6205831515
0.05773834978,346.2790824,0.4506146107,0.7221485852,0.623991544
0.05098602881,311.4051421,0.6457449509,0.7203403724,0.8964442027
0.02004791103,311.8268389,0.6225592222,0.6970379374,0.8931496964
0.02739283183,320.2828909,0.584922578,0.7072082222,0.8270867895
0.04980014666,330.9185095,0.5356569907,0.7199729252,0.7439960198
0.04278508705,305.5442695,0.6759477894,0.7173897683,0.9422322694
0.05301129329,318.2351275,0.6078055771,0.7209304153,0.8430849415
0.06468727443,323.2454314,0.5817482791,0.7236197648,0.8039419421
0.01893261994,347.660261,0.4260704668,0.6948299287,0.6132010859
0.04067852238,338.6188674,0.4899303815,0.7164432464,0.6838369737
0.07954017876,339.1474053,0.4934069041,0.7259103468,0.6797077714
0.04373271205,329.9023506,0.5397284822,0.7177863162,0.7519347612
0.07728624106,316.1071545,0.6238216094,0.725618877,0.8597097308
0.01503667738,337.3217792,0.4751404874,0.6846695995,0.6939704752
0.03865676303,313.2056574,0.631287973,0.7154396467,0.8823776763
0.0217314257,346.018269,0.4381928807,0.6999560349,0.6260291487
0.01972759131,328.5476141,0.5310396318,0.6964283944,0.7625186395
0.05721748205,311.7000513,0.645590789,0.7220240981,0.8941402243
0.05215309291,339.5594277,0.487535975,0.7206859029,0.6764888463
0.04938589508,326.3233305,0.5614006004,0.7198404715,0.7798958556
0.07952400569,322.8360348,0.5859098929,0.7259083137,0.8071403534
0.0191165238,351.9907535,0.4027838264,0.6952110791,0.5793691133
0.06267429037,345.5347534,0.4554929974,0.7232267612,0.6298066137
0.02666708617,302.8673633,0.680410271,0.7064459115,0.9631455995
0.06900228399,342.5118331,0.4733304494,0.724385765,0.653423179
0.07988042605,338.5064802,0.4970708594,0.7259529304,0.6847149982
0.05602690054,342.7794155,0.4700869756,0.721730971,0.6513326911
0.07129686609,301.3110352,0.7068574561,0.7247557248,0.9753044122
0.0232769898,349.7790401,0.419011073,0.7022750197,0.5966481239
0.03490925487,352.0509871,0.4129158061,0.7132783702,0.5788985385
0.06836931331,351.9987505,0.4195798558,0.7242793867,0.579306637
0.005981808324,312.5424232,0.5465433992,0.6157824777,0.8875591934
0.04964781088,299.321907,0.7133331849,0.7199244702,0.9908444767
0.07091643098,341.6245083,0.4785569365,0.724696025,0.6603554042
0.04819445771,315.8089535,0.6201916954,0.719447019,0.8620394261
0.01046593071,334.1309765,0.4771775131,0.6637618981,0.7188986208
0.01793672457,336.4888088,0.4851760453,0.6926356091,0.7004780564
0.07478977475,315.8229546,0.6251369488,0.7252757396,0.8619300421
0.008071394497,303.5965779,0.6167724575,0.6441833547,0.9574486099
0.05030527139,347.9646988,0.4398726582,0.7201315261,0.6108226654
0.05529881946,316.6808133,0.6170859953,0.7215455765,0.8552280208
0.01423937363,352.6524115,0.3915697013,0.6819396773,0.57419991
0.04276909352,331.5026017,0.5304564663,0.7173829273,0.7394327995
0.07504236985,300.667313,0.7110471428,0.7253114866,0.9803334924
0.05782875683,355.5155564,0.3985162015,0.7221699669,0.5518315906
0.07671197615,316.4864765,0.6216053251,0.7255419037,0.8567462774
0.007647206862,348.6691577,0.3871351028,0.6395554264,0.6053190808
0.02921582296,345.2791202,0.4479237029,0.7089601859,0.6318037483
0.01890855798,301.4490723,0.6768722821,0.6947795316,0.9742259973
0.04641202817,322.3750492,0.5827784598,0.7188212787,0.8107418033
0.04156716257,346.7137543,0.4448765031,0.7168540238,0.6205956699
0.0619747098,307.8343118,0.6683766658,0.7230842715,0.9243413141
0.01379124063,312.0710979,0.606288361,0.6802739926,0.8912414227
0.04353284827,314.1573886,0.6279496529,0.7177040927,0.8749422768
0.03274722797,301.5593402,0.6928520386,0.7118114721,0.9733645295
0.01415942785,323.7915134,0.5450988093,0.681649855,0.7996756769
0.07462557184,306.1608613,0.6798625592,0.7252523733,0.9374151457
0.01061400214,322.3343667,0.5391132549,0.6647023617,0.811059635
0.02049995219,333.4225015,0.5055582012,0.6978668769,0.7244335818
0.07832803757,312.3951006,0.6449864252,0.7257556631,0.8887101514
0.03571405108,329.4381406,0.5393046006,0.7137799778,0.7555614019
0.04799299378,324.7744319,0.5697454136,0.7193785873,0.7919966255
0.04132656885,309.9042531,0.6509257991,0.7167445216,0.908169898
0.04441635913,349.1839242,0.4317689005,0.7180620646,0.6012974669
0.02976723179,302.6490125,0.6845127884,0.709448877,0.9648514651
0.06357105804,343.1006838,0.4693615675,0.7234048798,0.6488227832
0.03985540173,340.1921852,0.4808578964,0.7160467132,0.6715454279
0.03243657687,351.767118,0.4135136149,0.7115849945,0.581116266
0.02797871359,339.2211983,0.4806860685,0.7077955245,0.6791312631
0.02436289463,304.8529738,0.6668812022,0.7037336081,0.947633017
0.02713837865,343.6477014,0.4556611402,0.7069454659,0.6445492081
0.01613580894,302.8920786,0.6625215173,0.6880105816,0.9629525112
0.06846912303,355.1107025,0.4019804661,0.7242962902,0.554994512
0.02379211641,322.2740615,0.5704923591,0.7029830296,0.8115307697
0.07705734588,309.9772236,0.6585438368,0.7255883325,0.9075998156
0.06405380113,315.7101804,0.6242427218,0.7234987222,0.8628110909
0.02091798523,337.407583,0.4843413284,0.6986026769,0.6933001325
0.07580044537,302.4151428,0.70124541,0.7254173522,0.9666785718
0.03780091137,322.2162951,0.5805534456,0.7149830855,0.8119820697
0.05027415728,299.8825613,0.7103745409,0.7201218475,0.9864643648
0.02457517603,311.3380849,0.6314692365,0.7040041287,0.8969680868
0.01421265548,319.0262701,0.570637365,0.6818431619,0.8369041399
0.05917016126,353.9538453,0.4075019641,0.722479634,0.5640324583
0.02197670427,328.0100091,0.536967676,0.700345108,0.7667186789
0.02236042679,327.8362395,0.5383732362,0.7009372229,0.7680762536
0.02836354737,306.0959116,0.6642071492,0.7081684282,0.9379225658
0.0109170521,310.3147879,0.6032054251,0.6665528815,0.9049625947
0.04293476118,315.3044918,0.6213008037,0.7174535459,0.8659805325
0.01858112677,343.4260398,0.448571495,0.6940812702,0.6462809389
0.07133676843,344.2517749,0.463724354,0.7247619499,0.6398298835
0.05980767325,299.9421364,0.7125045175,0.7226219955,0.9859989344
0.05826036373,303.393332,0.6926843647,0.7222711411,0.9590364689
0.07356333177,352.1535762,0.4191774389,0.7250987197,0.5780970611
0.03396693448,344.9008002,0.452368559,0.7126614869,0.6347593735
0.0602511713,353.7986336,0.4085134936,0.7227192767,0.5652450498
0.02290340958,341.1706098,0.4658877332,0.7017422658,0.6639014862
0.05965621606,317.6232193,0.6126577957,0.7225884461,0.8478654745
0.02096667113,338.1943366,0.4801049785,0.6986865299,0.6871536203
0.02624204081,316.3000952,0.6058740743,0.7059804159,0.8582023816
0.05175433494,307.5350733,0.6677367726,0.7205695712,0.926679115
0.07267785446,338.5397794,0.4962073404,0.7249672368,0.6844548487
0.0437856956,333.9312495,0.5171512183,0.7178079897,0.7204589886
0.02446215574,352.0536689,0.407449165,0.7038606684,0.5788775865
0.04425376694,327.1336312,0.5554178109,0.7179972426,0.7735653815
0.02399857945,341.5779448,0.4646563981,0.7032585269,0.6607191813
0.04779518274,351.135112,0.4215548622,0.7193108437,0.5860538123
0.04413688083,303.1344646,0.6899925545,0.7179503525,0.96105887
0.05863122794,314.3132491,0.6311410065,0.7223569013,0.8737246163
0.04779134253,299.7549988,0.7102900628,0.7193095231,0.9874609469
0.02813492101,325.3342494,0.5575962331,0.7079480875,0.7876230517
0.07808008345,312.6159674,0.6437055323,0.725723435,0.8869846297
0.05034966553,320.9375576,0.5919394335,0.7201453152,0.8219722062
0.06802959761,334.6804339,0.5175330087,0.7242214859,0.7146059855
0.07675393294,303.93244,0.692770728,0.7255475661,0.9548246874
0.06128060893,333.106565,0.5255062106,0.7229397212,0.726901836
0.04156968011,327.4992796,0.5524865487,0.7168551631,0.7707087528
0.04838673011,349.6380483,0.4300879097,0.7195118051,0.5977496223
0.06283528873,335.9063958,0.5099180374,0.7232591093,0.7050281578
0.0103563864,339.9132083,0.4467133403,0.6630500326,0.6737249353
0.06448871701,348.3620839,0.4397339216,0.7235820779,0.6077180944
0.01982648003,337.328588,0.4833956827,0.6966185964,0.6939172816
0.06494292233,342.3899785,0.4735503379,0.7236679522,0.6543751682
0.04363934269,357.9974896,0.3821588106,0.7177479964,0.5324414871
0.03070077794,333.5282181,0.5139330668,0.7102371733,0.723607671
0.06065395204,315.8170436,0.6230419376,0.7228064088,0.8619762221
0.06283623396,324.6778489,0.5733646627,0.7232592987,0.7927511804
0.03333294995,312.4828846,0.6324751384,0.7122272561,0.8880243391
0.01636238239,331.0247719,0.5117781588,0.6886459635,0.7431658442
0.009774776883,322.6447684,0.5329087138,0.6590228756,0.8086346218
0.03885394753,333.1713816,0.519766486,0.7155420391,0.7263954564
0.04008738828,316.731512,0.6121965168,0.7161600893,0.8548319376
0.06343623595,340.4028252,0.4845910603,0.723378419,0.6698998029
0.05419910872,339.0867799,0.4905850816,0.7212562363,0.6801814069
0.02705910334,326.2666046,0.5515924896,0.7068626213,0.7803390262
0.01903801643,347.7025018,0.4259755752,0.6950492349,0.6128710799
0.05748725329,354.9908351,0.4014315595,0.7220888513,0.5559309755
0.07624160446,316.2168111,0.6230789846,0.7254780004,0.8588530379
0.06446855473,354.7549079,0.4035932418,0.7235782382,0.557774157
0.07929033617,353.1868475,0.4137688206,0.7258788473,0.570024629
0.03213698067,349.6345068,0.4252363619,0.7113625229,0.597777291
0.02439800333,314.8080492,0.6121881985,0.703778664,0.8698589909
0.06121613011,336.8761562,0.5042062054,0.7229261287,0.6974519047
0.02363060024,329.161725,0.5324991628,0.7027642552,0.7577208984
0.05691005708,314.8961293,0.6274975303,0.721949568,0.8691708647
0.02326903697,342.0097213,0.4616302825,0.702263851,0.6573459275
0.06188753182,318.2375552,0.6095925884,0.7230662922,0.8430659747
0.07134335682,322.1346058,0.5889570839,0.7247629771,0.8126202669
0.03080089129,301.7486356,0.6903487918,0.7103189403,0.9718856596
0.05245223731,317.8085278,0.6100742399,0.7207720288,0.8464177514
0.02821903746,299.499431,0.7005652078,0.7080295599,0.9894575699
0.03440339375,336.2083707,0.5009687789,0.712951324,0.702668979
0.0504277447,348.0459128,0.4394389229,0.720169509,0.6101881812
0.05954845314,320.3701086,0.5971311835,0.7225644728,0.8264054018
0.01364524184,315.9223905,0.5853335342,0.6797089472,0.8611531989
0.07416709874,356.476082,0.3947389916,0.7251865894,0.544327484
0.05284775922,338.075509,0.4960275696,0.7208844263,0.6880819608
0.05479416915,305.6421167,0.6791882891,0.7214142228,0.9414678386
0.0483859726,300.1659017,0.7081797967,0.7195115508,0.9842507683
0.008568183993,328.3244802,0.4960592774,0.6490697686,0.7642618736
0.007872338362,317.0740695,0.5471419857,0.6420680882,0.8521557071
0.07004519536,354.32316,0.4065830606,0.7245568889,0.5611471878
0.07506587117,345.9838167,0.4542634313,0.7253148004,0.6262983067
0.04034880061,334.9912477,0.5101231758,0.7162863123,0.7121777521
0.04934643279,310.5128211,0.6503035087,0.7198277394,0.9034154605
0.06096953182,356.92008,0.3909726643,0.7228738824,0.5408587498
0.02100060721,301.1723436,0.6822459543,0.6987447569,0.9763879407
0.07930306461,340.4996983,0.4857178133,0.7258804568,0.6691429818
0.04222406811,324.5446868,0.5692650076,0.7171467584,0.793791509
0.07282899004,356.1362601,0.3965566758,0.7249899027,0.5469823433
0.03140445062,343.4518613,0.459233815,0.7108011048,0.6460792083
0.006506731016,335.2125434,0.4436364885,0.6244453349,0.7104488794
0.06701296012,302.2935865,0.700606133,0.7240447425,0.9676282306
0.0767312003,348.9537024,0.4375730394,0.7255444989,0.6030960749
0.03784978516,349.3115916,0.4292203717,0.7150097028,0.6003000659
0.02934139918,331.2898689,0.5254903347,0.7090730541,0.7410947739
0.04134921329,318.0054489,0.605571366,0.7167548812,0.8448793051
0.04493419252,327.3353918,0.5544931081,0.7182654382,0.7719891264
0.01466302686,303.0469481,0.6572792963,0.6834253794,0.9617425928
0.03246671035,305.7262875,0.6694873023,0.7116071486,0.9408102541
0.02064466986,310.9254239,0.6284464101,0.6981248549,0.9001920011
0.02827306565,321.9490735,0.5764278357,0.7080816407,0.814069738
0.0550709329,300.275494,0.709505966,0.7214865549,0.9833945778
0.005636765176,330.7398205,0.4541817344,0.6093192816,0.745392027
0.07095740197,317.3369961,0.6160707369,0.7247024848,0.8501015931
0.03361885439,323.3429835,0.572205431,0.7124250623,0.8031798168
0.04267513354,334.455994,0.5138751558,0.7173426358,0.7163594218
0.02459212049,317.9582376,0.5950762696,0.7040255266,0.8452481439
0.03824030551,315.0565611,0.6207519378,0.7152199879,0.8679174915
0.006662753463,311.5418208,0.5612087636,0.6267852979,0.8953763999
0.06869068941,324.3300334,0.5761845862,0.7243336402,0.7954684889
0.0737549116,316.5034799,0.6211533235,0.7251267557,0.8566134384
0.07963130929,305.589673,0.6837294383,0.7259217876,0.9418775548
0.05190507882,299.7250442,0.71174658,0.7206137557,0.9876949675
0.06977174927,300.6203092,0.7105299334,0.7245125107,0.9807007096
0.04611283526,298.4391452,0.7170880463,0.7187115776,0.9977410531
0.06551623926,315.3537562,0.626496205,0.7237746653,0.8655956543
0.0439700349,341.6495754,0.4739173278,0.7178829957,0.6601595673
0.07788556022,338.5357914,0.4967301313,0.7256980094,0.6844860051
0.04299682962,329.99351,0.5389870748,0.7174798659,0.7512225784
0.03600525627,358.1218172,0.3794463573,0.7139560652,0.5314701784
0.01707980748,316.4252096,0.5919578534,0.6905513781,0.8572249251
0.04891148361,326.4698625,0.5604562978,0.7196860673,0.778751074
0.04130280809,306.0188165,0.6726723463,0.7167336393,0.9385248709
0.02523965566,331.3341505,0.5220963213,0.7048223422,0.7407488243
0.07778415319,338.4222277,0.4973648634,0.7256847048,0.6853732208
0.01021520678,326.4338939,0.5158062198,0.6621116561,0.7790320788
0.01822209107,328.68056,0.5279248819,0.6932879157,0.7614799998
0.01241141637,331.4816142,0.4988090143,0.6744337435,0.7395967641
0.01561050027,302.0723377,0.6654341183,0.6864697927,0.9693567369
0.07149673299,324.0829403,0.5779442293,0.7247868369,0.7973989039
0.06037434354,304.3119507,0.6879528762,0.7227460441,0.9518597603
0.03005208417,314.4190776,0.6194907685,0.7096944755,0.8728978312
0.06608569803,320.5712289,0.5970799935,0.7238788476,0.8248341493
0.01712615007,326.3307015,0.5386102766,0.6906692034,0.7798382698
0.04173237287,318.618615,0.602283706,0.7169284982,0.8400889455
0.06849087195,323.2256508,0.5824070527,0.724299967,0.8040964783
0.0167675549,303.7464812,0.659584019,0.6897412365,0.9562774909
0.02323861844,343.0683012,0.455794679,0.7022210638,0.6490757719
0.02629439234,306.5118186,0.6599153664,0.7060385397,0.9346732923
0.07311268279,304.2461264,0.690501823,0.7250321976,0.9523740121
0.06789220589,325.0273257,0.5721314767,0.7241979062,0.7900208931
0.06240386917,306.6238497,0.6752966555,0.7231720565,0.933798049
0.07984633147,303.7459447,0.6942114242,0.7259486795,0.9562816819
0.07935245171,351.22333,0.4249083826,0.725886697,0.585364609
0.01367723619,342.679424,0.4433290208,0.6798337494,0.6521138752
0.04212618681,345.8527936,0.4498548792,0.7171037087,0.6273219253
0.07554662863,325.8473314,0.5684200351,0.7253821409,0.7836145986
0.05462222842,355.3651222,0.3989219607,0.721368922,0.5530068575
0.03598917548,335.1001751,0.5078491876,0.7139464142,0.7113267572
0.02160102697,342.5846223,0.4568321475,0.6997457137,0.6528545136
0.06331035501,350.9634162,0.4248944297,0.7233536125,0.5873951859
0.02768178163,316.5009824,0.6060685811,0.7075008977,0.8566329499
0.01458848267,314.8188226,0.5942039849,0.6831699068,0.8697748232
0.02514283728,302.766473,0.6792896831,0.7047057376,0.963933805
0.07678325864,339.754018,0.4897245009,0.7255515202,0.6749686097
0.05066635686,307.3591702,0.6684239259,0.7202429906,0.9280533578
0.006001390615,321.7110678,0.5027181405,0.6161296428,0.8159291576
0.06697627906,304.0591673,0.6906127721,0.7240382662,0.9538346305
0.06286712507,322.8422985,0.5837413668,0.7232654865,0.8070914176
0.02084261082,342.3787486,0.4571240847,0.6984721118,0.6544629013
0.01336335575,356.7252287,0.3680516002,0.6785849482,0.5423810256
0.06883701997,307.6761736,0.6704491009,0.7243581771,0.9255767686
0.02485199542,328.8891292,0.5352008543,0.7043501543,0.759850553
0.03303736295,307.716456,0.6588043822,0.712019231,0.9252620624
0.04509703629,309.9118658,0.652321547,0.7183284436,0.9081104232
0.06708208887,300.4747164,0.7109067174,0.7240569285,0.9818381532
0.07737595009,306.104855,0.6805348008,0.7256307992,0.9378526953
0.04285035363,299.252797,0.7112366485,0.7174176329,0.9913843986
0.05135088092,352.7623358,0.4130636472,0.720450057,0.5733411264
0.07603842937,306.0434683,0.6807132975,0.7254501556,0.9383322787
0.01092048819,298.4052301,0.665244176,0.6665733133,0.9980060147
0.05976054522,337.6907127,0.4993883189,0.7226115741,0.6910881818
0.05821195821,353.6321885,0.4091930076,0.722259868,0.5665454025
0.06743784747,337.1808029,0.5033149088,0.7241192507,0.6950718522
0.0127409526,327.8772368,0.518954661,0.6759369986,0.7677559626
0.008207183054,347.9869266,0.3942182621,0.6455725878,0.6106490108
0.04759031589,352.8343493,0.4119652806,0.7192400992,0.5727785214
0.0580718349,311.3638595,0.6476692566,0.7222271302,0.8967667227
0.07177332834,341.2440291,0.4807997013,0.72482961,0.6633278976
0.03462768801,301.1078676,0.696618988,0.7130974876,0.9768916594
0.06412661535,325.2763356,0.5701826787,0.7235127557,0.7880755029
0.01839756252,319.5624748,0.577637243,0.6936793677,0.8327150408
0.05915986446,316.7083743,0.617727276,0.7224773098,0.8550127008
0.0428120486,331.9099968,0.5281867173,0.7174012892,0.7362500253
0.0189142559,321.3427333,0.5688999658,0.6947914769,0.8188067711
0.0635263944,355.073658,0.401690238,0.7233961262,0.5552839218
0.06479908545,338.1030684,0.4977684346,0.7236408865,0.6878666531
0.03091723404,332.7527291,0.5183645673,0.710413313,0.7296661785
0.06808881609,318.0594089,0.6115829995,0.7242316202,0.8444577432
0.07394841556,351.2998888,0.4240463042,0.7251549273,0.5847664937
0.07503870397,348.7168033,0.4387745858,0.7253109696,0.6049468493
0.02383427964,341.7771713,0.463417542,0.7030396668,0.6591627243
0.05252285489,353.5270091,0.4089538027,0.720792219,0.5673671162
0.07295352749,337.025754,0.504811225,0.7250085097,0.6962831721
0.07160110293,300.7020803,0.7103518003,0.7248030152,0.9800618725
0.0679468854,336.4545788,0.507484992,0.7242073019,0.7007454781
0.05024116832,321.1793564,0.5905513693,0.7201115729,0.8200831531
0.05008512082,341.5060322,0.4761638406,0.72006279,0.6612809984
0.04112861406,298.9155825,0.7123670967,0.7166534822,0.9940188869
0.06442065929,301.2631147,0.7059710322,0.7235691074,0.9756787913
0.02908075723,328.6857757,0.5397368697,0.7088377278,0.7614392526
0.07048356425,328.9180209,0.550444911,0.7246273218,0.7596248367
0.03993168685,339.7225509,0.4835103543,0.7160841379,0.6752144458
0.05470978312,357.0187225,0.3896152523,0.721392025,0.5400881058
0.01500268817,338.2109706,0.4703081366,0.6845588574,0.6870236672
0.0255197527,317.5720254,0.5981584717,0.7051548409,0.8482654263
0.06387330072,301.1009033,0.7067851127,0.7234637982,0.9769460676
0.0421022064,325.1813437,0.565655703,0.7170931318,0.7888176276
0.07209737703,323.5145592,0.5812367756,0.7248793081,0.8018393809
0.02567220033,339.3158949,0.4784917697,0.7053328465,0.6783914461
0.04737839457,335.0848652,0.5116482397,0.7191662849,0.7114463656
0.01880331941,304.4324937,0.660467389,0.6945576553,0.9509180182
0.07650063261,355.0072471,0.4032422854,0.7255132875,0.555802757
0.03082218495,348.4086597,0.4314257289,0.7103362649,0.6073542211
0.06285801914,326.17058,0.5649334496,0.7232636631,0.7810892188
0.05758289405,312.6212587,0.6404720964,0.7221116642,0.8869432917
0.007873877001,319.9540981,0.5327091844,0.6420848114,0.8296554832
0.0167777408,354.8770011,0.3840768936,0.6897681192,0.5568203037
0.04318586577,312.0033972,0.6398983359,0.7175595679,0.8917703345
0.03302854279,351.1454385,0.4172204723,0.7120129677,0.5859731371
0.01272658429,318.8405451,0.566621575,0.6758729852,0.8383551163
0.03714602409,337.2076515,0.4965622139,0.7146198012,0.6948620973
0.06772759601,325.8392447,0.5675155671,0.7241695307,0.7836777758
0.03566828615,331.8142983,0.5260335964,0.7137520483,0.7369976697
0.06239869809,348.7215665,0.4374531105,0.7231710059,0.6049096368
0.04714894253,351.9397791,0.4169023693,0.7190856278,0.5797673506
0.0666481239,353.8900391,0.4087091216,0.723980015,0.5645309444
0.0306848771,325.109412,0.5606364417,0.7102241385,0.7893795934
0.01315290684,325.7025809,0.5318346455,0.6777161149,0.7847454617
0.05051399782,341.9841492,0.4735618884,0.72019615,0.6575457095
0.02965221487,308.1372868,0.654001015,0.7093484055,0.9219743216
0.01845988661,353.5499085,0.393524646,0.6938166834,0.5671882148
0.04698185996,337.7484221,0.4965864759,0.7190264069,0.6906373273
0.07210704465,319.8517722,0.6019808022,0.724880784,0.8304549045
0.04452565572,312.8121536,0.6358477883,0.718105377,0.8854519248
0.05976202079,353.5573955,0.4098146867,0.7226119006,0.5671297225
0.07835451139,301.4218297,0.7072078407,0.7257590921,0.9744388301
0.02805180831,356.7066089,0.3840366662,0.7078671199,0.5425264932
0.01265991169,318.9860025,0.5656033352,0.6755741538,0.8372187302
0.07915007121,331.159211,0.5386727844,0.7258610767,0.7421155393
0.0662256639,302.259614,0.700662255,0.7239041831,0.9678936404
0.041520126,353.3802069,0.4075294395,0.716832714,0.5685140083
0.008794454522,324.9066594,0.5150180354,0.6511273546,0.7909635984
0.01648796094,344.661951,0.438629117,0.688990934,0.6366253826
0.06369796523,323.4893576,0.5802168463,0.7234296861,0.802036269
0.04988791108,342.1026538,0.472766788,0.720000709,0.6566198923
0.03770278559,330.7831808,0.5326605211,0.7149294406,0.7450532749
0.01793119681,307.0923513,0.6442346813,0.6926227768,0.9301378801
0.02577155439,335.78034,0.4980552644,0.7054477559,0.7060129687
0.0292946812,308.1490547,0.6536433497,0.7090311741,0.9218823849
0.02018444132,349.3359471,0.4184517994,0.6972920752,0.600109788
0.02195272374,317.012968,0.5971052769,0.7003074397,0.8526330624
0.06263894988,354.8254366,0.4029947263,0.7232196385,0.5572231517
0.04838827928,311.8531951,0.6424840614,0.719512325,0.8929437885
0.05728430982,334.7763412,0.5154332376,0.7220401949,0.7138567094
0.028286813,331.132165,0.525637818,0.7080948616,0.7423268357
0.03926032333,339.3701926,0.4852549713,0.7157498749,0.6779672456
0.06161492655,303.2269732,0.6943323942,0.7230097464,0.9603361471
0.013931074,308.2882616,0.6268814025,0.6808046499,0.9207948309
0.03491011608,319.6789805,0.5933088569,0.7132789191,0.8318048396
0.02047428991,321.359588,0.571288479,0.6978207634,0.8186750939
0.02979279256,334.9674172,0.5054016214,0.7094711025,0.712363928
0.01070443535,304.751257,0.6309555559,0.6652648055,0.9484276796
0.0744384278,355.5362975,0.4000848908,0.7252256179,0.5516695507
0.06830847488,340.5699221,0.4842422074,0.7242690594,0.6685943588
0.04793487308,321.8188862,0.5863398328,0.7193587401,0.8150868269
0.05991438634,326.5943064,0.5620584162,0.7226455329,0.7777788564
0.06316215134,316.3606408,0.6204164796,0.7233242816,0.8577293688
0.04140779851,337.586974,0.4959402365,0.7167816317,0.6918986405
0.02263403098,349.7787188,0.4184594602,0.7013475496,0.5966506342
0.02988397047,348.5039816,0.4304198329,0.709550081,0.6066095184
0.04772625251,355.9087266,0.3947159558,0.7192871075,0.5487599481
0.04028056749,304.2795941,0.6819539638,0.716253521,0.9521125465
0.0278047692,309.8993437,0.6426696604,0.7076236739,0.9082082526
0.01343556579,347.8992879,0.4150204606,0.6788771317,0.611333688
0.01145985775,309.2385677,0.6116278366,0.6696382174,0.9133705645
0.06794751802,336.5254297,0.507084203,0.7242074105,0.7001919556
0.03758660061,313.7091117,0.6279696835,0.7148655678,0.8784444402
0.0573192152,344.3590718,0.4613830018,0.7220485878,0.6389916269
0.07227626999,299.0951723,0.7195537305,0.7249065552,0.9926158417
0.07736565014,350.513744,0.4287804179,0.7256294317,0.5909082503
0.07197139757,304.633159,0.688146111,0.7248600397,0.9493503204
0.06063461474,349.8770403,0.4307052109,0.7228022518,0.5958824974
0.06559001263,333.5972585,0.5233483435,0.723788263,0.7230682926
0.06225477142,355.3661897,0.3998962849,0.723141694,0.5529985177
0.01400839466,346.855636,0.4219288809,0.6810937626,0.619487219
0.04814300086,354.0621294,0.4051730271,0.7194295941,0.5631864889
0.03255316681,349.7731128,0.4246498176,0.7116704887,0.5966944314
0.07671458392,335.2069211,0.5154925515,0.7255422558,0.7104928036
0.01954685048,354.4287255,0.3900269977,0.6960759703,0.5603224567
0.02542237106,305.8543964,0.6626032662,0.7050400478,0.9398094028
0.05484355129,317.2488944,0.6137829508,0.7214271816,0.8507898877
0.01873665714,300.4570897,0.681899623,0.6944158706,0.9819758619
0.07114324505,345.3042041,0.4577461767,0.7247316939,0.6316077806
0.06402794484,303.8680384,0.6911736927,0.7234937314,0.9553278249
0.01635440621,314.3147003,0.6016598294,0.6886238815,0.8737132788
0.04083765806,302.0477706,0.6946991672,0.7165180981,0.9695486675
0.03575577171,336.8065065,0.4982333295,0.713805378,0.6979960432
0.03880856864,327.6295038,0.5507284697,0.7155185655,0.7696913766
0.07681887205,320.7133,0.5976583113,0.7255563181,0.8237242188
0.05654399204,310.0220863,0.6549067973,0.7218597783,0.9072493259
0.05290499723,324.3203002,0.5735084926,0.7209005547,0.7955445295
0.0222618673,339.8759667,0.472341585,0.7007870221,0.6740158851
0.07642616018,315.5493391,0.6268838258,0.7255031665,0.8640676633
0.02466953508,356.9167098,0.3808495844,0.7041229246,0.5408850799
0.04669215902,313.2965398,0.6338509251,0.7189227361,0.881667658
0.04256171488,345.8299962,0.4501018604,0.7172937672,0.6275000299
0.04834918146,333.5042782,0.5207697036,0.719499193,0.7237947015
0.07429323523,344.3761006,0.4633032952,0.7252047682,0.6388585894
0.05408545223,335.6575952,0.509886292,0.7212256708,0.7069719127
0.03967213475,299.708499,0.7072389064,0.7159562271,0.9878242268
0.05394832622,341.8636179,0.4748935934,0.7211886246,0.6584873599
0.05350015872,332.7232534,0.5263036945,0.7210662404,0.7298964575
0.02738187434,347.7675838,0.4330610158,0.7071970051,0.6123626269
0.07343210809,318.0442099,0.6123850388,0.7250794326,0.8445764853
0.005778914333,322.5239681,0.4955137479,0.6120639625,0.8095783745
0.0786796824,356.2240094,0.3965027775,0.7258010234,0.5462968014
0.01708568606,348.9643613,0.4164203547,0.6905663582,0.6030128021
0.02482860893,341.0231789,0.4684111384,0.7043212107,0.66505329
0.07271302215,325.3094882,0.5711453117,0.7249725193,0.7878164986
0.07208158449,342.5659873,0.4733446854,0.7248768963,0.6530000996
0.02152348556,348.8973422,0.4222458141,0.699619479,0.6035363891
0.01013967974,313.5250414,0.5821299771,0.6615996844,0.879882489
0.04998648537,331.4811749,0.5325356604,0.7200318002,0.7396001959
0.03032541667,355.572197,0.3914453976,0.7099259081,0.551389086
0.06379756308,311.2964933,0.6491458159,0.7234490859,0.8972930211
0.01111771664,337.994653,0.4598722112,0.667726293,0.6887136481
0.02271699328,352.8561639,0.4016674453,0.7014700785,0.5726080948
0.06640780883,330.7230373,0.5397117862,0.7239369953,0.745523146
0.06653369907,348.8354165,0.4372861923,0.7239595697,0.6040201837
0.03347207584,333.9998096,0.5128186353,0.7123239248,0.7199233627
0.04421746351,314.7877102,0.6246577975,0.7179827052,0.870017889
0.05341098853,334.4257688,0.5166952409,0.7210416485,0.7165955559
0.05269420651,332.1104602,0.5295902718,0.720840988,0.7346839048
0.03691458142,345.5458811,0.4499274005,0.7144883918,0.6297196787
0.04592013307,348.601188,0.435388219,0.7186401772,0.6058500941
0.06436054008,301.4834278,0.7047144466,0.7235576274,0.973957595
0.040628545,345.0650414,0.4538348064,0.7164196201,0.6334762389
0.01039115779,299.5865038,0.6558337498,0.6632775051,0.9887773138
0.07690067965,332.5288871,0.5306907832,0.7255673227,0.7314149447
0.02799814214,300.7847857,0.6932447483,0.70781459,0.979415737
0.04660081189,351.4827075,0.4193558887,0.7188897841,0.5833382223
0.07697983991,304.9401528,0.6870874403,0.7255779491,0.9469519315
0.06238907001,336.1957905,0.5082195326,0.7231690492,0.7027672619
0.03191091739,334.042231,0.5117680009,0.7111919528,0.7195919455
0.04272254827,316.5425231,0.6142839635,0.7173629898,0.8563084133
0.05546299596,322.6021954,0.5837408797,0.721587801,0.8089672232
0.01443187995,334.4942933,0.4888006318,0.6826250444,0.7160602089
0.02386715624,321.2754534,0.5760592475,0.7030836948,0.819332395
0.0195561221,357.9320406,0.370985359,0.6960942015,0.5329528076
0.01507205648,299.8051309,0.6759296167,0.6847843652,0.9870692895
0.008026772664,342.1096924,0.4226423116,0.6437174899,0.6565649035
0.04840339946,314.6404288,0.6268209104,0.7195173979,0.8711685251
0.06615037434,306.6607705,0.6757587985,0.723890568,0.9335096055
0.0248317923,332.2237506,0.5168329692,0.7043251536,0.7337988237
0.03112487108,355.8389864,0.3903250154,0.7105800279,0.5493047935
0.0226062427,348.8735364,0.4233943113,0.7013063138,0.6037223721
0.07017953487,303.1335029,0.696368102,0.7245785658,0.9610663838
0.05143887873,347.0508962,0.445226783,0.720476282,0.6179617486
0.04836887609,327.3998703,0.5550882194,0.7195058105,0.771485388
0.05435484864,349.2451878,0.4333693801,0.7212979144,0.6008188453
0.05381050269,343.4481348,0.465941793,0.7211512023,0.6461083217
0.0728217136,344.5247819,0.4623232033,0.7249888136,0.6376970164
0.06488927598,302.6255772,0.6983548507,0.7236578714,0.9650345533
0.03802455841,341.1722232,0.4747498185,0.7151043374,0.6638888812
0.01271486242,324.9746023,0.534190814,0.6758206611,0.7904327949
0.06571300041,300.5977551,0.7099693668,0.7238108646,0.9808769135
0.06945660039,350.2569901,0.4295431326,0.7244609356,0.59291414
0.07822957217,314.2683654,0.6343539123,0.7257428892,0.8740752706
0.07945515739,333.7717558,0.5238854305,0.7258996496,0.721705033
0.05797568111,308.1382404,0.6658486929,0.7222045748,0.9219668721
0.01148435318,327.0189612,0.518711684,0.6697710055,0.7744612408
0.07658371629,324.6900493,0.5750912942,0.7255245558,0.7926558649
0.01706313641,356.0426656,0.3782010492,0.6905088423,0.5477135498
0.06634093814,302.5737886,0.6989055084,0.7239249697,0.9654391514
0.06127093755,327.6108966,0.5565439941,0.7229376842,0.7698367456
0.0513118588,300.8517678,0.7052317021,0.7204383993,0.9788924393
0.05227502092,301.8278723,0.7000123721,0.7207211242,0.9712666226
0.06140097791,346.2872505,0.4510779243,0.7229650201,0.6239277306
0.02783662078,341.695762,0.4669100701,0.7076552985,0.6597987341
0.04172073697,320.7203611,0.5905075131,0.7169232719,0.823669054
0.07219236414,346.0965189,0.4533614962,0.7248937922,0.6254178214
0.01517367663,341.3090199,0.4541054963,0.6851111748,0.6628201568
0.02069853142,301.8988646,0.677770511,0.6982199814,0.9707119949
0.03700713113,309.7138996,0.6499873684,0.7145411334,0.9096570344
0.01616344629,323.4920037,0.5518581068,0.6880889964,0.8020155964
0.05659882099,322.5053569,0.5845179729,0.7218732999,0.8097237741
0.03718806906,324.3753339,0.5682234666,0.7146435016,0.7951145787
0.02814159944,301.9825375,0.6867572105,0.7079545733,0.9700583009
0.06891054313,340.7668307,0.4831956733,0.7243704667,0.6670560101
0.0740194835,300.7540358,0.7104124541,0.7251652372,0.9796559703
0.07754061356,308.8573847,0.6649507236,0.7256526116,0.9163485572
0.03529892503,300.1507544,0.70237102,0.7135240382,0.9843691066
0.01342314155,345.4948611,0.4277413417,0.6788270714,0.6301182728
0.02220313565,344.5507035,0.4466904253,0.7006969041,0.637494504
0.02669833932,298.4346935,0.7049082405,0.7064795699,0.9977758318
0.03197576479,318.7038061,0.5970324341,0.7112411228,0.8394233896
0.05593739032,353.1730338,0.4114694697,0.7217084354,0.5701325486
0.01701394558,324.8867536,0.5461750817,0.690382868,0.7911191124
0.04599235879,324.2178507,0.5723068179,0.7186670074,0.7963449164
0.0554202038,324.6454455,0.5722135435,0.7215768191,0.7930043321
0.04015086258,346.8457217,0.443726573,0.7161908862,0.6195646741
0.07888336399,314.3368127,0.6340393986,0.725827114,0.8735405255
0.03612953121,349.131446,0.4296373926,0.7140303657,0.6017074529
0.0334814673,324.6821856,0.5646766487,0.7123304219,0.7927172998
0.07573551713,340.1319371,0.4874861138,0.7254083671,0.6720161166
0.06961813245,316.5654637,0.6202548353,0.7244874286,0.8561291899
0.04841384798,308.2282163,0.6628686572,0.7195209017,0.9212639351
0.02638408349,350.0079685,0.4200527443,0.7061375989,0.5948596207
0.01115239641,329.7901282,0.502821684,0.6679250849,0.7528114984
0.03402801847,314.8732204,0.6195877946,0.7127024885,0.8693498403
0.01314065969,315.7566903,0.5844504209,0.6776647431,0.8624477322
0.01598707704,330.0959832,0.5159782729,0.687584144,0.7504220064
0.04211566106,342.8334479,0.466767358,0.7170990676,0.6509105633
0.03734600576,353.4158842,0.4061359726,0.7147320615,0.5682352794
0.07672220046,309.6788412,0.6601942741,0.7255432841,0.9099309285
0.07812654161,316.9276127,0.6192649011,0.7257294889,0.8532999011
0.01865710498,355.5150139,0.3831094833,0.6942453958,0.5518358286
0.0612899169,298.3420816,0.7218568078,0.722941681,0.9984993627
0.04121424974,354.6814856,0.4001639216,0.7166929715,0.5583477689
0.07155987254,313.7387427,0.6365257845,0.7247966297,0.8782129475
0.02298263,301.9754105,0.6808809399,0.7018566414,0.9701139802
0.03833402862,339.3680384,0.484941554,0.7152698301,0.6779840749
0.07517132786,341.7061068,0.4785129614,0.7253296449,0.6597179155
0.02976878413,317.600482,0.6016443772,0.7094502279,0.8480431094
0.0637728386,343.8731596,0.4650211657,0.7234442756,0.6427878158
0.0527996772,357.656881,0.385739789,0.7208708513,0.535102492
0.0540710056,312.5683559,0.6399808998,0.7212217766,0.8873565949
0.01524005746,329.1488751,0.5193519143,0.6853224137,0.7578212881
0.03910303858,334.4995645,0.5124332919,0.7156699365,0.7160190274
0.02202715824,309.3934532,0.6388992138,0.7004241016,0.9121605215
0.0697510251,318.8491777,0.6073470763,0.7245091333,0.8382876742
0.06954844354,332.5883784,0.5295558646,0.7244760138,0.7309501689
0.07809334037,303.8892518,0.6931851677,0.7257251632,0.9551620955
0.05714876537,353.7226376,0.4085398392,0.7220075076,0.5658387689
0.02286235168,334.6248435,0.5017313877,0.701682686,0.7150402849
0.04018122741,326.641161,0.5567873927,0.716205585,0.7774128048
0.04130430174,328.1881778,0.5485359405,0.7167343237,0.7653267359
0.040996788,303.4450379,0.686948753,0.7165923763,0.9586325165
0.0132593297,313.7433013,0.5955436325,0.6781587381,0.8781773337
0.03791402956,324.0751872,0.5702190821,0.7150445887,0.7974594748
0.04559359647,310.3063775,0.650278973,0.7185178325,0.9050283008
0.01306735066,352.2070629,0.3912940884,0.6773553398,0.5776791964
0.070727854,302.7790232,0.6984591919,0.724666197,0.9638357561
0.007201716739,316.5540811,0.5429845544,0.6341661593,0.8562181165
0.01341721615,338.7774388,0.4633497744,0.6788031655,0.6825981343
0.02149254095,342.7823055,0.4556362711,0.6995688566,0.651310113
0.05712247479,312.0105133,0.6438190672,0.7220011497,0.8917147396
0.06214964129,316.6986376,0.61833196,0.7231201986,0.8550887684
0.07406995754,326.4564777,0.5648047308,0.7251725476,0.7788556429
0.03351912447,343.9267633,0.457595719,0.7123564379,0.6423690369
0.07057022167,356.5567346,0.3939854947,0.7246411426,0.5436973856
0.06835160237,311.2950938,0.6498960618,0.7242763822,0.8973039544
0.06620718767,312.2492159,0.6441630767,0.7239008447,0.8898498756
0.0106047326,324.0804606,0.5299994365,0.6646442052,0.7974182763
0.02248842395,307.196123,0.6515795116,0.7011303841,0.9293271642
0.04910030955,349.9509184,0.428469743,0.7197478756,0.595305325
0.04415675463,307.6560318,0.6646385389,0.7179583423,0.9257341266
0.06797079987,310.818467,0.6525344664,0.7242114064,0.9010276014
0.01650581376,303.6579699,0.6593894975,0.6890395691,0.9569689855
0.07779051123,300.1819276,0.7141656925,0.72568554,0.9841255656
0.01587370799,353.3080222,0.3911010844,0.6872539753,0.5690779515
0.02778734135,300.2316729,0.6960984891,0.7076063404,0.9837369302
0.05043239481,338.3819326,0.493812596,0.7201709476,0.6856880268
0.05905193612,350.9775791,0.4242854174,0.7224528997,0.5872845379
0.03461113093,317.1503088,0.6072362248,0.7130867614,0.8515600873
0.02896771078,341.3359628,0.4696142492,0.7087343778,0.6626096657
0.03546994872,308.7553318,0.6545029645,0.7136301909,0.917145845
0.01938847327,310.3633566,0.6293745409,0.6957619536,0.9045831519
0.0449240326,333.0454364,0.5224486155,0.7182614923,0.7273794031
0.04043701309,313.3602143,0.631207367,0.716328544,0.8811702009
0.03781055247,333.337643,0.518435572,0.7149883415,0.7250965392
0.03873434982,300.2354425,0.7038230845,0.7154800574,0.9837074804
0.03666586049,319.2369696,0.5966627122,0.7143453596,0.8352580502
0.0340861616,332.5856576,0.520993584,0.7127413825,0.730971425
0.05290384262,356.4891121,0.3923324228,0.7209002297,0.544225687
0.04386007253,309.800113,0.6525031897,0.7178383276,0.908983492
0.0779316462,307.3264081,0.6736778223,0.7257040445,0.928309312
0.04276719263,354.1355621,0.4036083568,0.7173821139,0.5626127959
0.03689806064,311.1708346,0.6417983857,0.7144789498,0.8982747299
0.01601931983,309.1173105,0.6287555924,0.687677231,0.9143178865
0.05968849029,298.1622609,0.722526393,0.7225956093,0.9999042116
0.02627513634,355.3946359,0.3902695553,0.7060171867,0.5527762817
0.01095448076,326.2795385,0.5202430211,0.6667747971,0.7802379805
0.04730767845,350.5789482,0.424580314,0.7191415088,0.5903988419
0.03291004423,322.6700382,0.5755494859,0.7119285021,0.8084372015
0.03692450107,327.7686376,0.5491632719,0.7144940572,0.768604394
0.07990092187,300.9696985,0.7099634872,0.725955484,0.9779711054
0.02478852464,325.4738097,0.5539325732,0.7042714783,0.7865327368
0.07938627693,312.411195,0.6450153992,0.7258909665,0.8885844141
0.06785272732,337.3901093,0.502180657,0.7241911133,0.6934366465
0.03450261686,335.5401303,0.5047367668,0.7130162132,0.7078896068
0.06308825191,309.3196964,0.6601912564,0.7233096054,0.9127367472
0.06734797551,316.1511993,0.6222697193,0.7241035683,0.8593656302
0.05659867565,327.3824322,0.5570130202,0.7218732641,0.7716216237
0.0156267326,316.6431592,0.587332141,0.6865188831,0.8555221939
0.02308068046,331.2417434,0.5205103568,0.70199715,0.7414707549
0.06046310464,301.6847771,0.702805781,0.7227652665,0.9723845536
0.0588362735,348.3547468,0.4390593053,0.7224038586,0.6077754155
0.05021738969,322.6190296,0.5824459554,0.7201041586,0.8088357059
0.05896513947,307.8230122,0.6678386329,0.722433205,0.9244295919
0.009846892032,329.6701506,0.4971321433,0.6595461617,0.7537488233
0.07042362409,347.8781525,0.4431028861,0.7246177424,0.6114988085
0.05511929211,332.1362644,0.5299283398,0.72149912,0.7344823093
0.0344186899,304.142302,0.6795841657,0.7129613511,0.9531851405
0.07865090634,331.5052248,0.5366634753,0.7257973265,0.7394123065
0.04604478193,319.5184446,0.5987082176,0.7186864295,0.8330590269
0.02279580026,332.9768512,0.5106948916,0.7015856708,0.7279152252
0.03839214227,341.4882488,0.4731140837,0.7153006151,0.6614199313
0.07258319622,350.713279,0.4272505992,0.7249529933,0.5893493828
0.01798038631,308.084647,0.6389703372,0.692736701,0.9223855705
0.02413594204,334.435462,0.5040281965,0.7034392866,0.7165198278
0.07823942933,313.3357429,0.6396428852,0.7257441694,0.8813613835
0.07585925848,322.3979867,0.5880027642,0.7254254778,0.8105626038
0.07070097789,298.7940457,0.7210157187,0.7246619331,0.9949683926
0.05595377877,353.6705681,0.4086665379,0.7217125668,0.5662455619
0.05305381096,342.419825,0.4715986497,0.7209423264,0.6541419922
0.07535545388,304.6008733,0.6887994006,0.7253554646,0.9496025525
0.03478855333,324.4808088,0.5664889626,0.7132011809,0.7942905562
0.007266644855,304.1568013,0.6051898771,0.6349887131,0.9530718651
0.07155904107,330.2707394,0.5429136922,0.7247965008,0.7490567236
0.01124318726,353.6762002,0.378471818,0.6684400824,0.5662015608
0.0688686876,302.4412361,0.7000789839,0.7243634736,0.966474718
0.02582482866,299.4365694,0.6984177181,0.7055090172,0.9899486769
0.07817725042,323.5313147,0.5818287756,0.7257360885,0.8017084789
0.03275169625,332.3830655,0.5214428303,0.711814699,0.732554176
0.05417107197,356.3897578,0.3930819106,0.7212487082,0.5450018921
0.06184366808,329.8985285,0.5437134535,0.7230572269,0.7519646209
0.05287762579,350.7194756,0.4248228548,0.7208928463,0.5893009716
0.06817310226,342.8138072,0.4715305115,0.7242460144,0.651064006
0.04075435082,312.2601321,0.6374976322,0.716478985,0.8897645927
0.07745152352,333.1652831,0.5271367685,0.7256408215,0.7264431009
0.07181121307,322.7817008,0.5853516166,0.7248354431,0.8075648371
0.01637463792,321.7182272,0.5618754526,0.6886798527,0.8158732252
0.0155047264,343.0667426,0.4453700786,0.6861475084,0.6490879484
0.05045846131,328.6448391,0.5486028901,0.7201790067,0.7617590696
0.07752414471,357.5924482,0.3886626347,0.7256504342,0.5356058735
0.0283982499,313.4371754,0.6236203084,0.7082015709,0.8805689425
0.03363177185,341.045976,0.4736796375,0.7124339217,0.6648751878
0.0155750084,338.8117355,0.468325595,0.6863621172,0.6823301918
0.06554591895,337.7749197,0.4997197492,0.7237801394,0.6904303145
0.03336729502,319.9279255,0.5910687448,0.7122511934,0.8298599571
0.01980309441,344.5922144,0.4438360558,0.6965737819,0.6371701999
0.06170901639,344.7610644,0.4597389582,0.723029319,0.635851059
0.02934433977,353.376458,0.4031402283,0.7090756858,0.5685432972
0.0714104384,324.108749,0.5777873981,0.724773425,0.7971972731
0.04582213018,319.4394594,0.5990826776,0.7186036383,0.8336760986
0.03025868619,317.7844922,0.600979684,0.7098697834,0.8466055297
0.01657021271,310.7759038,0.6212301749,0.6892141738,0.9013601264
0.04890151219,355.6091414,0.3966175153,0.7196827903,0.551100458
0.0619622623,333.9236671,0.5209935487,0.7230817075,0.7205182255
0.0699853769,332.9924646,0.5273205653,0.7245472102,0.7277932451
0.01833072505,328.0113388,0.5317360528,0.6935311114,0.7667082905
0.01442690241,336.9987832,0.4754319763,0.6826075419,0.6964938814
0.01926957795,336.9088319,0.484916257,0.6955229541,0.6971966261
0.05250544311,330.3236972,0.5396123195,0.7207872458,0.7486429909
0.02237014511,315.9281371,0.6035955565,0.7009519639,0.8611083035
0.06401090793,356.0287996,0.3963438923,0.7234904407,0.5478218784
0.02957161134,317.3393892,0.6029447069,0.7092775411,0.850082897
0.06296203177,319.854445,0.6006400237,0.7232844596,0.8304340231
0.07632979747,337.7461994,0.5010631011,0.7254900415,0.690654692
0.02822074722,346.6270282,0.4398808286,0.708031211,0.6212732176
0.05937796463,334.8009375,0.5156414572,0.7225263698,0.7136645508
0.06362056892,340.4245157,0.48449269,0.7234145692,0.6697303463
0.06440030746,341.778391,0.4769403293,0.7235652235,0.6591531956
0.04179020331,329.1638406,0.5432395052,0.7169544306,0.7577043701
0.0292717371,308.217265,0.6532465176,0.7090105583,0.9213494919
0.007055258204,331.9102933,0.4655005292,0.6322607513,0.7362477084
0.03954240294,325.5485219,0.5626543807,0.7158916757,0.7859490476
0.04088115391,302.2429378,0.6936263687,0.7165384574,0.9680239234
0.04252827231,350.7398993,0.4225789447,0.7172793089,0.5891414118
0.04862550061,303.8302204,0.6876584416,0.7195915563,0.9556232777
0.06069172761,333.7484844,0.5217902916,0.7228145221,0.7218868405
0.03512167329,323.1184663,0.5742502389,0.7134129515,0.8049338574
0.007553241102,321.0036114,0.5244723005,0.6384665739,0.8214561606
0.06038866956,301.2936204,0.704998768,0.7227491503,0.975440466
0.0617805285,342.7341153,0.4711981869,0.7230441556,0.6516865993
0.07794630037,298.6967682,0.7226060174,0.7257059621,0.9957283737
0.03461348855,346.5804622,0.4432820752,0.7130882894,0.6216370144
0.06958979387,307.5408302,0.6713304861,0.7244827895,0.9266341393
0.04715340116,350.8104085,0.4232479382,0.7190872025,0.5885905586
0.01959394291,323.4399732,0.5586208974,0.6961683983,0.8024220845
0.04921069286,327.2918453,0.5559101354,0.7197837909,0.7723293334
0.0314756979,350.2263661,0.4216471385,0.71085683,0.59315339
0.03226265077,311.0149021,0.6399499582,0.7114563336,0.8994929527
0.01670044718,337.4688533,0.4777442802,0.6895633418,0.6928214584
0.05227181082,344.3760777,0.4604384184,0.720720199,0.638858768
0.04108854349,299.1519956,0.7110250653,0.7166349488,0.9921719091
0.07751837891,320.0257144,0.6016332266,0.7256496716,0.8290959813
0.01074784324,330.5260407,0.4971935207,0.6655316419,0.7470621821
0.06728325182,350.5720002,0.4275425297,0.7240922485,0.5904531233
0.05536686262,329.0072001,0.5476145347,0.7215631065,0.7589281239
0.05356466043,322.2954347,0.5850614312,0.7210839788,0.8113637917
0.05279378748,305.4345232,0.679844278,0.7208691868,0.9430896625
0.02375367792,345.4587837,0.4431279342,0.702931226,0.630400127
0.07679294687,302.1762515,0.7027304965,0.7255528259,0.9685449101
0.04599042074,344.3613563,0.4592089141,0.7186662886,0.6389737788
0.06705011206,345.0328872,0.458851176,0.7240512947,0.6337274436
0.07323885312,301.2563528,0.7074550918,0.7250509038,0.9757316184
0.07492022198,325.8685442,0.5682309474,0.7252942302,0.7834488733
0.01796947028,322.5292365,0.5607757151,0.6927114709,0.8095372152
0.03689530364,312.4141067,0.6348572055,0.7144773733,0.8885616665
0.0354364401,348.6239497,0.432213467,0.7136094715,0.6056722679
0.07587624833,342.8206612,0.4722611003,0.7254278229,0.6510104595
0.06169075107,304.7085573,0.6859786153,0.723025524,0.9487612712
0.04218611567,319.3017564,0.5986257072,0.7171300897,0.8347519032
0.04262852706,302.365288,0.693699763,0.7173225855,0.9670680626
0.05051258979,301.6824125,0.7003204945,0.7201957158,0.9724030276
0.02815507397,324.5336368,0.5620398272,0.7079676502,0.7938778375
0.01289871809,345.9101525,0.4241622634,0.6766310183,0.6268738084
0.07916140326,303.127473,0.6976362561,0.7258625147,0.9611134919
0.0515545209,331.1050301,0.5350071044,0.7205106113,0.7425388273
0.02141751564,316.8204459,0.5974224104,0.6994455358,0.8541371413
0.0701708167,304.36276,0.6894082238,0.7245771616,0.9514628122
0.03125932993,327.2515177,0.5491081969,0.710686833,0.7726443933
0.0404997881,304.1486594,0.6827866861,0.7163584876,0.9531354733
0.03704100666,304.8567914,0.6771196907,0.7145603735,0.9476031919
0.07773299641,322.6412815,0.5868281075,0.72567798,0.8086618634
0.02563173533,318.5245319,0.5930212042,0.7052857981,0.8408239692
0.03899047798,321.9122359,0.5827642994,0.7156123401,0.8143575324
0.0480104775,307.4553578,0.6670866527,0.7193845485,0.9273018918
0.03902611494,322.19212,0.5812143839,0.7156306105,0.8121709375
0.07172809427,300.4493322,0.7118022621,0.7248226372,0.9820364673
0.02112460368,351.1001019,0.4098169884,0.6989559723,0.5863273291
0.06913773163,343.1140437,0.4699369852,0.7244082783,0.6487184083
0.05715112861,311.3249065,0.6476925401,0.7220080788,0.8970710427
0.02393148686,315.9763411,0.6052402915,0.7031695064,0.8607317098
0.06298781923,334.1714962,0.5197429352,0.7232896052,0.718582061
0.0565679579,336.0980467,0.5078548094,0.7218656918,0.7035308855
0.05704998942,325.5576345,0.5673909159,0.7219835906,0.7858778555
0.01099491781,340.8290608,0.4446107223,0.667012963,0.6665698374
0.02184286881,311.1516035,0.6290177425,0.7001338586,0.8984249723
0.01068029175,336.6313893,0.4651579443,0.665115515,0.6993641463
0.007259227684,313.1170829,0.5606568846,0.6348954184,0.8830696652
0.0654313422,353.6169864,0.4101282804,0.7237589798,0.5666641684
0.06041125542,335.0186036,0.5145748853,0.7227540446,0.7119640342
0.01267925751,341.0742,0.4490813627,0.6756611684,0.6646546875
0.05840712107,345.7221358,0.4538551958,0.7223052064,0.6283426891
0.04394816529,307.0368669,0.6680330994,0.7178741295,0.9305713523
0.01396585529,314.8557889,0.5920635336,0.6809350776,0.8694860245
0.02237740903,322.2520794,0.5689734015,0.7009629739,0.8117025045
0.05394666682,327.8832581,0.553662596,0.7211881752,0.7677089212
0.02939041422,337.3139432,0.492149571,0.7091168537,0.6940316938
0.02352834207,301.6265255,0.6835407172,0.7026242412,0.9728396448
0.04560953835,326.5987692,0.5588276032,0.7185238455,0.777743991
0.04565542515,352.20843,0.4150785881,0.7185411302,0.5776685156
0.06846270373,347.7905764,0.4434012087,0.7242952045,0.6121829965
0.01264002903,338.4614518,0.4627519682,0.675484463,0.6850667832
0.07899613526,338.7950871,0.4953579781,0.7258415021,0.6824602571
0.01923085329,305.8858539,0.6534143643,0.6954444971,0.9395636416
0.04677930572,344.4329878,0.4589904473,0.7189540549,0.6384141576
0.07982537241,312.6104595,0.6439342391,0.7259460645,0.8870276602
0.007758297253,343.7216964,0.4126643155,0.6408118342,0.6439711215
0.07250224074,335.7384316,0.5120549465,0.7249407825,0.7063403782
0.03562397954,301.6963994,0.6939503036,0.7137249419,0.9722937548
0.06760619171,342.3018488,0.4743633921,0.7241485153,0.6550636811
0.03016283753,300.8188126,0.6949895793,0.7097887444,0.9791499017
0.0426276877,338.6606983,0.4902970351,0.717322224,0.6835101697
0.06787017403,315.6638766,0.6251046915,0.7241941163,0.8631728392
0.063307358,343.628406,0.4663456588,0.7233530207,0.6446999535
0.03148556533,322.778537,0.5740867678,0.7108645283,0.8075895547
0.06136634319,329.2112566,0.5475204365,0.7229577507,0.7573339328
0.01788060518,324.1628445,0.5517704129,0.6925049779,0.7967746522
0.07828820922,310.7032469,0.6545745218,0.7257505,0.9019277587
0.04423650186,348.6719325,0.434597683,0.7179903319,0.6052974026
0.03255404812,352.4986309,0.4094965099,0.7116711327,0.5754013211
0.07060492879,303.8220671,0.6925353829,0.7246466685,0.9556869755
0.05842071099,333.0708763,0.52524866,0.7223083524,0.7271806539
0.04399907997,338.5739503,0.4911748979,0.7178947575,0.6841878879
0.06976902824,319.7238444,0.6023987033,0.7245120674,0.8314543406
0.06689036752,303.9841222,0.6910227655,0.7240230706,0.9544209205
0.01705681134,325.3411537,0.543810709,0.6904926832,0.7875691115
0.0358553895,325.2722346,0.5626030158,0.7138657929,0.7881075426
0.06839220124,340.5150727,0.4845620698,0.7242832673,0.6690228695
0.06945131292,304.9385291,0.6860380491,0.7244600664,0.9469646167
0.04257467888,357.7316258,0.3834098159,0.717299366,0.5345185484
0.006295511124,330.4885617,0.4641923433,0.6211135958,0.747354987
0.05802239764,351.2704662,0.422493462,0.7222155426,0.5849963579
0.04550458997,305.1015219,0.679464196,0.7184841844,0.9456912354
0.01077606473,354.7720521,0.3712233506,0.6657040487,0.5576402177
0.01394296849,351.1231466,0.3990779871,0.6808493229,0.5861472922
0.06814549853,317.6194955,0.6140802663,0.7242413042,0.8478945661
0.02213576324,333.2140465,0.5086740202,0.7005929581,0.7260621369
0.07413323509,352.1525101,0.4192314487,0.7251816986,0.57810539
0.07422993574,326.955851,0.5619934819,0.7251956532,0.7749542892
0.05801188031,318.5745767,0.6069716973,0.722213075,0.8404329945
0.07317917116,316.040119,0.6237054319,0.7250420633,0.8602334451
0.04568372582,356.6385539,0.3902154129,0.7185517735,0.5430581724
0.05107622996,343.3036019,0.4662489351,0.7203676331,0.647237485
0.02508842312,352.1437278,0.4074044244,0.7046398196,0.5781740018
0.02295156222,329.2676274,0.5311968739,0.701811878,0.756893536
0.02689093745,325.7106334,0.5545236327,0.7066853106,0.7846825516
0.0328983782,332.4129247,0.521354009,0.7119201544,0.7323209011
0.06241409321,335.0005738,0.5149758385,0.7231741333,0.7121048925
0.0102505214,329.6844261,0.4991706343,0.6623486351,0.7536372958
0.01788079333,322.0406598,0.5632522039,0.6925054171,0.8133542207
0.01584991056,306.298511,0.6434377906,0.6871840969,0.9363397575
0.02841012685,309.4950917,0.6454414875,0.7082128959,0.9113664708
0.03186120102,343.5019293,0.4591837207,0.7111541233,0.6456880522
0.05682478923,322.2104272,0.5862263002,0.7219287552,0.8120279127
0.06344044795,299.1471689,0.7177438465,0.7233792474,0.9922096178
0.04232564488,298.3917701,0.7158365753,0.7171912266,0.9981111715
0.02587264614,336.4082539,0.4946759919,0.7055637947,0.7011073918
0.06759857122,355.178513,0.4015140869,0.7241471937,0.554464742
0.01482043331,334.4116333,0.4901959367,0.6839568016,0.71670599
0.0397108644,357.7926513,0.3823607911,0.7159754178,0.5340417864
0.01999527487,310.4764753,0.6298234249,0.6969390672,0.9036994116
0.07466689096,318.2388309,0.6114333363,0.7252582626,0.8430560089
0.06440561539,299.0420644,0.7185235203,0.7235662367,0.9930307467
0.03180357289,299.5591187,0.703281703,0.7111101292,0.9889912604
0.05663930913,327.326499,0.5573361864,0.7218832683,0.7720586012
0.01239130511,298.92822,0.6702396842,0.6743395636,0.9939201559
0.06726539351,320.4366598,0.5980146845,0.7240891214,0.8258854702
0.01832571806,307.4390749,0.6431905972,0.6935199633,0.9274291027
0.05458084728,321.4676599,0.5899487586,0.7213579774,0.8178307818
0.02677138585,301.9637214,0.6855062591,0.70655794,0.9702053014
0.04891109512,325.2578211,0.5672709577,0.7196859396,0.7882201477
0.04216604382,353.5046527,0.4069962747,0.7171212621,0.5675417759
0.03454311455,336.5118034,0.4993425946,0.7130425927,0.700298411
0.02643084079,315.3825034,0.6111155118,0.7061889806,0.8653710672
0.07569840584,322.4011163,0.5879669905,0.7254032246,0.8105381539
0.06025005185,355.6436882,0.3980957306,0.722719033,0.5508305612
0.03808212723,357.0459265,0.3860840932,0.7151353227,0.5398755745
0.05075088984,354.3528953,0.4040095213,0.7202688595,0.5609148806
0.02995461327,325.6975538,0.5568918413,0.7096109494,0.7847847356
0.03481032825,351.9228381,0.4135932503,0.7132151448,0.5798997025
0.01659294293,354.6681331,0.3849273361,0.6892754928,0.558452085
0.01443159087,339.8825517,0.4600643205,0.6826240282,0.6739644395
0.03534481262,348.6880812,0.4318215239,0.7135526189,0.6051712409
0.07411854521,343.8959527,0.4660074619,0.7251795756,0.6426097447
0.03525374618,335.7887141,0.5036906286,0.7134958277,0.7059475459
0.02717906328,307.3641047,0.6560951466,0.7069877997,0.9280148072
0.04735817579,322.0341341,0.5849678415,0.7191592085,0.8134052024
0.05483878519,323.9494396,0.576016676,0.7214259319,0.7984418781
0.05010959473,298.3866785,0.7187390136,0.7200704607,0.9981509489
0.05944514955,315.4205731,0.6250515337,0.722541411,0.8650736473
0.01386745996,355.359879,0.3763847118,0.6805644969,0.5530478206
0.03268866734,317.6840552,0.603146156,0.7117691008,0.8473901935
0.04600454504,326.128175,0.5615846691,0.7186715262,0.781420508
0.06427830686,313.0594719,0.6392635506,0.7235418901,0.883519751
0.01526081352,309.818478,0.6229081363,0.685388105,0.908840016
0.03241922633,328.5718228,0.5424525016,0.7115722201,0.7623295097
0.05187261342,322.9681676,0.580884907,0.7206042612,0.8061080656
0.03667408953,355.1484283,0.3962498551,0.7143501223,0.5546997792
0.03565341869,322.1998362,0.5796382625,0.7137429599,0.8121106548
0.06647620481,355.5277928,0.3994288701,0.7239492704,0.5517359938
0.03153791351,299.6330757,0.7026683656,0.7109052901,0.9884134714
0.008332306942,300.7386658,0.633734904,0.646816081,0.9797760486
0.02907065963,313.1724746,0.6256382272,0.7088285282,0.8826369175
0.07237509518,329.207228,0.5490305042,0.7249215501,0.7573654062
0.06423382842,336.6562465,0.5058727834,0.7235333615,0.6991699489
0.07036070266,305.5466395,0.6827353121,0.7246076692,0.9422137539
0.06362330715,355.4002168,0.3998551702,0.7234151047,0.5527326809
0.07709396453,352.8157144,0.4157098536,0.7255932311,0.5729241064
0.02852575291,356.1251537,0.3875014527,0.7083226681,0.5470691115
0.01620118873,325.4742621,0.5412859906,0.6881956693,0.786529202
0.01230053009,333.7276271,0.4865971951,0.6739108622,0.7220497879
0.02706070847,312.9551615,0.6251046144,0.7068643033,0.8843346756
0.05831025356,309.7163714,0.657015628,0.7222827405,0.9096377238
0.03488930304,355.3245098,0.394667102,0.713265647,0.5533241418
0.05457440751,298.9489945,0.7168534626,0.7213562727,0.9937578555
0.03572682366,300.9139598,0.6983746299,0.7137877601,0.9784065641
0.07632976613,299.3740557,0.718552223,0.7254900372,0.9904370648
0.01145734313,352.8901174,0.3832548151,0.6696245557,0.5723428328
0.0748526727,329.985538,0.544895386,0.7252846632,0.751284859
0.00685167916,337.2072799,0.4374112429,0.629490969,0.6948650012
0.07009649646,310.7679882,0.6531389666,0.7245651765,0.901421967
0.05701772453,345.4246938,0.4553258935,0.7219757605,0.630666455
0.006775411271,314.0139916,0.5505308212,0.6284149588,0.8760625657
0.06046022286,303.2493508,0.6939706554,0.7227646433,0.960161322
0.007701086185,311.3333764,0.5742346183,0.6401688958,0.8970048718
0.02515154263,318.4841997,0.592764374,0.7047162577,0.8411390648
0.05484422766,350.1549732,0.4283194646,0.721427359,0.5937111468
0.009876208965,330.4040291,0.4935082954,0.6597568674,0.7480153975
0.03082658441,307.6197087,0.6577874089,0.7103398414,0.926017901
0.01609921436,345.218317,0.4349485878,0.6879063572,0.6322787736
0.02096777522,335.1961869,0.4964716926,0.6986884271,0.7105766652
0.03021994028,342.4953206,0.4639155759,0.7098370846,0.6535521826
0.05832370974,327.7513146,0.5552498413,0.7222858657,0.7687397298
0.009469115488,299.6682797,0.6489333824,0.6567231433,0.9881384401
0.0252049672,329.7381485,0.5308531938,0.7047806647,0.7532175901
0.01004263295,326.4675782,0.5147127887,0.6609313435,0.7787689202
0.05296659326,315.7200508,0.6219603439,0.7209178726,0.8627339778
0.03754281738,321.7770568,0.5828914106,0.7148413973,0.8154136187
0.07080007148,345.1971554,0.4583180957,0.7246776385,0.6324440983
0.0139659654,329.8639389,0.5122234074,0.6809354895,0.7522348524
0.04251044991,315.2057071,0.6216967959,0.7172715946,0.8667522882
0.02530248227,343.3889748,0.4557659644,0.7048975447,0.6465705093
0.02769714639,316.9374893,0.603668991,0.7075162941,0.85322274
0.06698580279,320.0088841,0.6003938128,0.7240399484,0.8292274676
0.07129168144,298.4566425,0.72301866,0.7247549154,0.9976043551
0.02633728463,341.8685592,0.4649214443,0.7060859938,0.6584487561
0.02601988933,313.8403406,0.6192221508,0.7057312409,0.8774192142
0.0533334918,320.0497491,0.5976595718,0.72102021,0.8289082101
0.01562243672,337.150922,0.477331189,0.6865059008,0.6953052966
0.02596291233,337.7465278,0.487370183,0.7056666651,0.6906521266
0.0308576931,328.2994891,0.5430436579,0.7103651025,0.7644571165
0.06479517924,333.5787435,0.5233459214,0.7236401498,0.7232129417
0.03143918795,354.1921478,0.3996068601,0.710828305,0.5621707201
0.04706104158,328.5886901,0.5480617283,0.7190545237,0.7621977335
0.03654322232,322.188021,0.5801355647,0.7142741315,0.8122029611
0.06984649641,306.2971201,0.6784091324,0.7245246758,0.9363506243
0.04248276782,327.2758683,0.5540501576,0.7172596,0.7724541541
0.03020435776,347.6395439,0.4353796799,0.7098239109,0.6133629386
0.04385272085,317.6945328,0.6082278631,0.7178353334,0.8473083377
0.01040789276,344.7563717,0.4218393168,0.66338648,0.6358877208
0.04378381096,331.0745072,0.5331708995,0.7178072197,0.7427772874
0.05601789622,357.6056051,0.3864879492,0.7217287073,0.5355030849
0.04184932772,301.0483917,0.7007457812,0.7169808704,0.9773563147
0.02156505103,319.1913793,0.5846686228,0.6996872552,0.8356142241
0.0797473716,355.8883638,0.3984802631,0.7259363208,0.5489190328
0.006133410688,321.9731693,0.5033198007,0.6184190291,0.8138814898
0.06512458825,319.4474537,0.6032878334,0.7237019672,0.833613643
0.0152222572,305.2596251,0.6472035669,0.6852659414,0.9444560539
0.01992973225,316.0831081,0.5991897568,0.6968152504,0.8598975933
0.06897902479,316.8788002,0.6183912362,0.7243818902,0.8536812481
0.04474714932,349.6288352,0.4293509971,0.7181925131,0.5978215998
0.03326148608,325.040217,0.5625632159,0.7121772935,0.78992018
0.02749411417,339.148016,0.4807617429,0.7073114921,0.6797029997
0.0243140916,316.0359617,0.6053439837,0.7036707681,0.8602659242
0.07767559723,315.5186587,0.6272022839,0.7256704241,0.8643073537
0.04633965541,327.2725956,0.5552544619,0.7187948706,0.7724797222
0.05041164521,313.7790578,0.6322309875,0.7201645264,0.8778979862
0.007856521782,334.8776264,0.4577137226,0.6418958356,0.7130654185
0.0663221417,353.3904701,0.4115015176,0.7239215851,0.5684338277
0.01824753113,300.1272182,0.6826350032,0.6933451169,0.9845529831
0.05467236641,346.2007724,0.4505777074,0.7213821608,0.6246033405
0.02664275995,312.1935098,0.6289148835,0.70641966,0.89028508
0.02312595544,305.7938124,0.6601364258,0.7020616407,0.9402827153
0.03345017516,314.0729724,0.6236988166,0.7123087597,0.8756017781
0.07525015216,309.0142684,0.6637758997,0.7253407137,0.9151229033
0.006100748319,330.8323054,0.4601020663,0.6178607735,0.7446694888
0.05328098018,330.3306649,0.5397365771,0.7210056484,0.7485885558
0.007581027878,332.9549366,0.4650951377,0.6387911059,0.728086433
0.01155649049,311.5760343,0.5998654164,0.6701589916,0.8951091067
0.05876665072,298.6592007,0.7195141972,0.7223879506,0.9960218696
0.01838398948,345.7983309,0.4354365829,0.6936493443,0.6277474152
0.03519021866,313.4372875,0.6282466053,0.71345604,0.880568066
0.02248901104,317.5974367,0.5946062192,0.7011312652,0.8480669009
0.05506841297,347.3191463,0.4443386674,0.7214858995,0.6158660449
0.0610763216,315.8508685,0.622928614,0.7228965589,0.8617119646
0.005709228542,305.2187811,0.5770057314,0.6107333929,0.9447751476
0.01676479866,305.3608364,0.6508780296,0.6897339569,0.943665341
0.03143403539,305.6237059,0.6693204339,0.7108242741,0.9416116729
0.03328399993,305.9455077,0.668818787,0.7121930563,0.939097596
0.077688769,335.7119828,0.5127214935,0.725672159,0.706547009
0.06695214909,318.4265827,0.609339195,0.7240340021,0.8415891977
0.04389177078,354.9580262,0.3992597319,0.7178512264,0.5561872951
0.01214964717,341.8255755,0.4434838618,0.6731849595,0.6587845667
0.07262357295,336.4982842,0.5077642566,0.7249590734,0.7004040299
0.01745897798,337.2476841,0.4802793424,0.6914977999,0.6945493428
0.06944446993,315.4657487,0.6264546522,0.7244589412,0.8647207131
0.07383159526,302.0453185,0.7030704122,0.7251379373,0.9695678243
0.06719046915,343.973638,0.4648588292,0.7240759838,0.6420028279
0.02306136933,331.2638637,0.5203685945,0.7019695682,0.7412979395
0.04271532575,334.9592532,0.5110670647,0.7173598922,0.7124277093
0.07476664594,350.5829966,0.4281770784,0.7252724545,0.5903672141
0.04117242448,354.4557348,0.4014171454,0.7166737047,0.5601114465
0.00673428062,311.3322307,0.5631682682,0.6278256301,0.8970138223
0.04391492331,299.6198928,0.7096170569,0.7178606362,0.9885164629
0.008483298249,321.1191771,0.5319416839,0.6482719419,0.8205533042
0.05935440493,332.3708094,0.5293550215,0.7225210874,0.7326499264
0.04690200278,347.5131185,0.4417168515,0.7189979555,0.6143506364
0.01012502884,320.5110786,0.5459382729,0.6614995494,0.8253040738
0.03160858519,344.1369279,0.455531428,0.7109601105,0.6407271256
0.05144634205,343.3806703,0.4658868961,0.7204785021,0.6466353885
0.05007338023,344.5274874,0.459164325,0.7200591076,0.6376758799
0.07808728198,352.1265342,0.419692448,0.7257243735,0.5783083266
0.009127664325,299.6932664,0.6461013548,0.6539863168,0.987943231
0.04758206479,311.4544659,0.6444788993,0.7192372374,0.8960588603
0.007529138077,343.5039667,0.4120571805,0.63818331,0.6456721353
0.04994411784,310.5090358,0.6504970938,0.7200184519,0.9034450327
0.05788248268,337.1242421,0.5022879458,0.7221826421,0.6955137336
0.02434188568,349.1138853,0.4235220414,0.7037065864,0.6018446461
0.0130763526,333.1993193,0.491907717,0.6773935093,0.7261771929
0.07813250292,328.3892437,0.5542807778,0.7257302652,0.7637559082
0.05732545441,338.602905,0.4938545904,0.7220500869,0.6839616798
0.04791190877,342.6869359,0.469056477,0.7193508851,0.6520551885
0.01222139902,318.0084556,0.5690376493,0.673532263,0.8448558155
0.01085202523,341.9447117,0.4382384875,0.666163937,0.6578538152
0.01431786485,329.3609164,0.5158716278,0.6822212369,0.7561647159
0.03671555892,303.9969408,0.6817420368,0.7143740916,0.9543207751
0.04179629155,341.2457453,0.4755680705,0.7169571566,0.6633144897
0.05461523987,315.1831165,0.6253738761,0.7213670748,0.8669287772
0.04507125546,340.0773742,0.4830278074,0.7183184987,0.6724423892
0.01746468743,338.6648035,0.4726331355,0.6915117499,0.6834780979
0.03208442469,340.4112787,0.4764682118,0.7113230778,0.6698337601
0.0243977611,300.3453394,0.6917077886,0.7037783536,0.9828489113
0.03905086341,350.1580065,0.4248684329,0.7156432794,0.593687449
0.03810895696,338.2250405,0.4912461816,0.7151497319,0.6869137464
0.008267832448,323.562041,0.5178925652,0.6461796199,0.8014684295
0.07806960263,307.5842178,0.6722328489,0.7257220683,0.9262951731
0.04636392109,351.2943341,0.4203635326,0.7188037339,0.5848098901
0.05579338695,354.2807627,0.4052032688,0.7216720306,0.5614784163
0.07262416682,337.464398,0.5022924981,0.7249591628,0.6928562654
0.02025271864,326.8668253,0.5409520777,0.6974179276,0.7756498024
0.03405695131,304.1445462,0.6793433896,0.712721859,0.9531676081
0.0150997329,357.0737311,0.3695978584,0.6848737873,0.5396583506
0.06393756361,307.3345118,0.6715639404,0.7234762544,0.9282460017
0.03544324411,317.803578,0.6040428838,0.7136136818,0.8464564221
0.05240186231,338.3720112,0.4942707186,0.7207575933,0.6857655378
0.04655304491,327.39729,0.5546141227,0.7188725022,0.7715055465
0.0456676256,320.8688585,0.5910102628,0.7185457202,0.822508918
0.07077415112,323.0814487,0.5835238387,0.7246735346,0.8052230568
0.006887010245,305.5359553,0.5936304698,0.6299821908,0.9422972245
0.05252133183,346.7300077,0.447228734,0.7207917841,0.6204686899
0.01007823433,331.2334416,0.4902869669,0.6611779107,0.7415356124
0.01019372345,318.4236386,0.5571192879,0.6619667456,0.8416121983
0.06787815406,331.8193438,0.5337018415,0.7241954893,0.7369582514
0.04565756175,327.3304939,0.5547340551,0.7185419342,0.7720273914
0.03588340213,331.6222652,0.5272009114,0.7138827225,0.738497928
0.05728767074,316.9205475,0.6161573711,0.7220410034,0.8533550978
0.07653094831,352.9166827,0.4150941101,0.7255174019,0.5721352914
0.03731930343,329.6210324,0.5389914665,0.7147171403,0.7541325596
0.01973696349,330.3250137,0.521382627,0.6964464996,0.7486327052
0.02658745562,344.6747541,0.4496159279,0.7063598047,0.6365253584
0.04712057894,340.4053958,0.4816941645,0.7190756037,0.6698797206
0.03067958286,323.0832383,0.5718754253,0.7102197956,0.805209076
0.04104824727,303.7574286,0.6852227238,0.7166162753,0.9561919642
0.06634404936,312.0182295,0.6454914249,0.7239255297,0.8916544568
0.01715307184,356.2506872,0.3772036531,0.6907373716,0.5460883812
0.008704117482,347.4032893,0.4000810599,0.6503176476,0.6152086775
0.02063375459,355.3973738,0.385881241,0.6981055188,0.5527548925
0.07397028434,332.462876,0.5307654456,0.7251581019,0.7319306565
0.03950995781,324.1406612,0.5705154924,0.7158754668,0.7969479594
0.01025000351,301.8599935,0.6431475437,0.6623451708,0.9710156759
0.02028720264,348.7944689,0.4215158369,0.69748118,0.6043400869
0.006706664988,324.1980237,0.4997449499,0.6274263226,0.7964998151
0.03972143491,335.5217591,0.5069380214,0.7159806491,0.708033132
0.01468225948,303.6073549,0.6543498579,0.6834908919,0.9573644151
0.07845656578,353.3313868,0.4128885279,0.7257722893,0.5688954153
0.03068882812,316.2759435,0.6096528371,0.7102273786,0.8583910667
0.06947517958,302.6660347,0.6989037977,0.724463989,0.9647184793
0.01090247146,312.6602487,0.5909145775,0.6664660473,0.8866386817
0.01727217618,357.0373343,0.3731201201,0.6910365113,0.5399427005
0.05990449686,308.5471883,0.6639444562,0.7226433551,0.9187719661
0.06194332423,337.0593892,0.5032769002,0.7230778044,0.6960203966
0.04714409355,334.560246,0.514536866,0.7190839149,0.7155449529
0.07686034206,331.4319756,0.5369046068,0.7255618995,0.7399845653
0.07074877279,304.1271157,0.6908301892,0.7246695136,0.9533037836
0.06463867074,351.2904245,0.4231967143,0.7236105608,0.5848404338
0.04143405297,315.2283458,0.6211557138,0.7167935956,0.8665754237
0.01890758153,344.3211422,0.4441628744,0.6947774839,0.6392879515
0.04202955605,345.1506938,0.4537612874,0.7170610157,0.6328070797
0.03063330707,309.1161924,0.6493381011,0.7101817726,0.9143266219
0.03396334819,355.8765953,0.3912576534,0.7126590752,0.5490109745
0.009766088207,308.124781,0.6076079765,0.6589593452,0.9220720231
0.02787020646,310.3304741,0.6403449569,0.7076885686,0.9048400459
0.02018701994,332.9934434,0.5074826003,0.6972968431,0.7277855984
0.06212293168,357.8815167,0.3856714498,0.723114726,0.5333475255
0.06071217419,357.5273112,0.3875138836,0.7228189093,0.5361147565
0.01804568651,337.1756539,0.481634135,0.6928870172,0.695112079
0.06792182971,309.6355935,0.6592193946,0.7242029984,0.9102688005
0.06012687361,299.6880455,0.7140083004,0.722692155,0.9879840199
0.0366118641,355.7993825,0.392597148,0.7143140562,0.5496141992
0.07107040948,354.2837568,0.4068978344,0.7247202643,0.5614550254
0.007008853932,331.0381283,0.4693489368,0.6316421159,0.743061498
0.01396381039,303.1468046,0.6543456973,0.6809274264,0.9609624637
0.01629542265,316.9395469,0.5873986134,0.6884599451,0.8532066645
0.07333781894,312.0080248,0.6465657186,0.725065532,0.8917341813
0.008799426521,309.8803835,0.5914957641,0.6511714762,0.9083563787
0.01078533648,322.1360067,0.5410031942,0.6657605066,0.8126093224
0.04179660181,331.6167753,0.5295022272,0.7169572955,0.7385408177
0.02690098744,344.438849,0.4511323511,0.7066959677,0.6383683673
0.0229990757,338.6595746,0.4797484772,0.7018802894,0.6835189482
0.02928203094,328.6316003,0.5401756046,0.7090198114,0.761862498
0.0216498904,327.9586228,0.5368497046,0.6998248128,0.7671201346
0.01318430788,301.1614504,0.6618997308,0.6778474173,0.9764730438
0.05755036081,337.2439035,0.5015581262,0.7221039125,0.6945788792
0.07198485274,301.1942953,0.7076223016,0.7248621009,0.9762164428
0.07611976931,326.7858582,0.5631628247,0.7254613208,0.7762823579
0.0522171771,342.984351,0.4682644695,0.7207044351,0.649731633
0.02507798817,343.9284563,0.4526213415,0.7046271468,0.6423558098
0.05446498301,309.8437492,0.6554286531,0.7213272459,0.9086425846
0.05398009587,325.5259838,0.5669512591,0.7211972241,0.7861251266
0.07035207849,306.0636195,0.6798073931,0.7246062871,0.9381748478
0.0652597127,314.6882215,0.6302180853,0.7237271464,0.8707951448
0.04674033811,352.1714501,0.4155167461,0.7189400649,0.5779574215
0.05932306019,353.8032961,0.408371174,0.722514053,0.5652086244
0.01712826992,341.8304019,0.4549797097,0.6906745785,0.6587468598
0.06074198314,319.4177407,0.6027248232,0.7228253003,0.8338457756
0.02321203315,350.9758969,0.4123907874,0.7021835796,0.5872976803
0.01222856558,353.3269006,0.3832126384,0.6735667409,0.568930464
0.07268706463,306.8726511,0.675565118,0.7249686208,0.9318542881
0.05259670079,356.4537633,0.3924841614,0.720813275,0.5445018495
0.0562091386,320.0195241,0.5984570122,0.7217766334,0.8291443426
0.02380498536,350.6197677,0.4148263966,0.7030003369,0.5900799399
0.05187306821,333.4639072,0.5217969199,0.7206043942,0.7241100999
0.05694877793,299.1298024,0.716432615,0.721958999,0.9923452938
0.05031529278,325.8627065,0.5642215163,0.7201346409,0.7834944804
0.06699765484,326.7246195,0.5624074641,0.7240420411,0.7767607848
0.04146142597,344.5260603,0.4570979226,0.7168060534,0.6376870291
0.02139777741,307.4443895,0.6486268874,0.6994129528,0.9273875824
0.06860733459,302.1639957,0.7016054306,0.7243196169,0.9686406584
0.0368362298,308.3265215,0.6576423664,0.7144435383,0.920495926
0.07520382782,349.7187491,0.4331109462,0.7253342114,0.5971191478
0.03377823618,343.8949807,0.4578866447,0.71253391,0.6426173383
0.05959603963,350.8299759,0.4251904034,0.7225750696,0.5884376881
0.04849833226,339.1834193,0.4888807156,0.7195491773,0.6794264117
0.05236935587,356.1330486,0.3942546574,0.7207482638,0.5470074327
0.009853221557,341.8027459,0.4346465083,0.6595917515,0.6589629226
0.0523413505,318.9879315,0.6034063475,0.7207402169,0.8372036601
0.0636517097,354.6045353,0.4043552107,0.7234206559,0.5589489426
0.01378885541,298.2239638,0.6798717666,0.6802648524,0.9994221578
0.06266241552,311.1396561,0.6498303389,0.7232243688,0.8985183119
0.02724995098,334.4737604,0.5064118605,0.7070612669,0.7162206222
0.04419777216,333.2428236,0.521132909,0.7179748101,0.7258373158
0.0385473054,347.4692953,0.4397405358,0.7153823648,0.6146930054
0.05446132949,346.2718877,0.4501420405,0.7213262748,0.6240477524
0.009705566923,352.872583,0.3769859191,0.6585138996,0.5724798206
0.03415367809,347.8827274,0.4358425486,0.7127863841,0.6114630671
0.03735489055,349.3987795,0.428569834,0.7147370217,0.5996189101
0.05242355569,324.7433414,0.5710175778,0.7207638131,0.7922395207
0.07527129053,349.1976097,0.4360697639,0.7253436781,0.6011905489
0.05741131834,343.3850513,0.4668917439,0.7220706854,0.6466011615
0.06453267233,331.8767634,0.53293135,0.7235904405,0.7365096608
0.06517707905,312.7977005,0.6408936893,0.7237117607,0.8855648397
0.04561053258,309.9851444,0.6520879865,0.7185242204,0.9075379341
0.01263559209,325.8083358,0.5295095562,0.6754644116,0.7839192519
0.07026936908,320.1405558,0.6001070535,0.7245930156,0.8281987827
0.07241008141,299.3170756,0.7183171269,0.7249268489,0.9908822221
0.07368442848,306.495686,0.6778383777,0.7251164579,0.9347993282
0.02322843486,332.7826637,0.51221227,0.7022067152,0.7294323152
0.03830146418,318.0687296,0.6039484617,0.7152525394,0.8443849248
0.04250659486,338.8147974,0.4893977677,0.7172699252,0.6823062706
0.01506040456,346.997327,0.4234337939,0.6847466244,0.6183802575
0.06805081059,339.6155066,0.4896129195,0.7242251182,0.6760507296
0.05341654311,317.1556289,0.6139816269,0.7210431827,0.8515185243
0.02940890804,308.6548219,0.6509355342,0.7091333426,0.9179310788
0.05408781718,303.4715565,0.6912415692,0.7212263081,0.9584253395
0.0116461358,304.1196108,0.639358071,0.6706348609,0.9533624155
0.04827324726,325.735529,0.5644184675,0.7194736285,0.784488055
0.073443017,306.7789001,0.6762009462,0.7250810386,0.9325867182
0.05334406625,315.0620373,0.6257577468,0.7210231389,0.867874709
0.02913316339,331.7631712,0.5227300189,0.7088853736,0.7373971003
0.01839458868,299.0412976,0.6888425674,0.6936727932,0.9930367374
0.03903134806,302.3740807,0.6920169407,0.7156332907,0.9669993692
0.01586788808,339.0952213,0.4674004425,0.6872369043,0.6801154589
0.02786662202,298.5302817,0.7055825243,0.7076850216,0.9970290493
0.06476391022,340.264168,0.4855463249,0.7236342495,0.6709830627
0.05173470042,306.6978318,0.6724445935,0.7205637975,0.9332200644
0.06406451002,355.3935514,0.3999402056,0.7235007881,0.5527847546
0.01366795009,304.0937038,0.6482310565,0.6797975836,0.9535648142
0.07176762614,357.4418298,0.3890754364,0.7248287315,0.5367825798
0.05631005526,322.8685452,0.5824120263,0.721801794,0.8068863656
0.0439886796,316.6630175,0.6140599207,0.7178905476,0.8553670511
0.02883311866,316.4789023,0.6071411675,0.7086103001,0.8568054506
0.03029339282,312.2915162,0.6314689393,0.7098990041,0.8895194045
0.04228115296,338.1610209,0.4929938459,0.7171717748,0.6874138989
0.01485798721,313.9140455,0.5998327877,0.6840820054,0.8768433945
0.01226131489,341.5330283,0.445378663,0.6737238135,0.6610700913
0.03858447521,350.1543051,0.4247457884,0.7154018524,0.5937163665
0.02875113628,305.9232757,0.6655057967,0.7085341674,0.9392712833
0.00638387446,334.2572969,0.446922497,0.6225312531,0.717911743
0.03389827636,356.748466,0.3863796097,0.7126152288,0.5421994846
0.06787189899,325.1971058,0.5711681402,0.7241944131,0.7886944858
0.06842787268,352.4252119,0.4171724678,0.7242893101,0.5759749067
0.01374267055,308.4198921,0.6255214746,0.6800872788,0.9197664684
0.04584040394,330.9409216,0.5345174995,0.7186104631,0.7438209253
0.03756989337,350.4297706,0.4228834912,0.7148563511,0.5915642919
0.06796909558,352.3557042,0.4175206967,0.724211114,0.5765179361
0.03385295334,350.4068121,0.4216674112,0.7125845919,0.5917436554
0.07753057603,302.285532,0.7022063306,0.7256512846,0.9676911562
0.05489166335,355.438332,0.3985485199,0.721439785,0.5524349061
0.0748102717,348.0467951,0.4425514608,0.7252786492,0.6101812886
0.0103938943,305.5506678,0.6249451244,0.663295347,0.9421822831
0.05809892058,343.347552,0.4672085892,0.7222334705,0.6468941253
0.03414580405,313.0234768,0.6299566617,0.7127811448,0.8838009624
0.01061494639,354.0647125,0.3743413088,0.6647082806,0.5631663087
0.03226757299,337.5625032,0.4923942181,0.7114599935,0.692089819
0.06151251644,344.9307653,0.458754395,0.7229883758,0.6345252709
0.03575342858,323.4088237,0.5729457638,0.713803953,0.8026654396
0.05752802808,326.385941,0.5628084841,0.7220985863,0.7794067108
0.05635901292,354.5445932,0.4037951783,0.7218139681,0.5594172407
0.04591067982,302.4321083,0.6945954092,0.7186366594,0.9665460286
0.06716157043,317.4259001,0.6150309208,0.7240709088,0.8494070308
0.07353257241,327.7521168,0.5574041785,0.7250942048,0.7687334622
0.01213369929,347.8519804,0.4117419062,0.6731072416,0.6117032781
0.04457758163,356.2187858,0.3923391784,0.7181258812,0.5463376111
0.0560752333,349.2684687,0.4335055896,0.72174311,0.6006369629
0.03031847415,343.7715203,0.4568916947,0.7099200802,0.6435818728
0.07737228531,349.0545311,0.437053197,0.7256303127,0.6023083509
0.05137639704,340.8553253,0.4800875204,0.7204576704,0.6663646458
0.06387788913,319.7182303,0.6015595869,0.7234646884,0.831498201
0.05573098467,312.9368491,0.6382888436,0.7216561973,0.8844777416
0.07191630543,302.1663741,0.702107255,0.7248515925,0.968622077
0.01689691607,310.5921304,0.6230016732,0.6900803418,0.9027958565
0.07512867004,332.8242655,0.5288387654,0.7253236452,0.7291073011
0.04998421607,313.8414079,0.6317631055,0.7200310858,0.8774108757
0.03678678841,349.1634214,0.4296904469,0.7144151385,0.6014576451
0.05433564513,323.5513648,0.5781535596,0.721292788,0.8015518375
0.009063575756,329.4642545,0.493589391,0.653451465,0.7553573868
0.03931325265,347.3488917,0.4406561881,0.7157766346,0.6156336584
0.06576277723,357.3270842,0.389182829,0.7238199883,0.5376790297
0.0130444485,347.2128337,0.4176627181,0.677258007,0.6166966116
0.02643672549,326.5562796,0.5494736769,0.7061954348,0.7780759402
0.04920482531,332.4779033,0.5267459249,0.7197818858,0.7318132553
0.06515189926,309.3225249,0.6605380395,0.7237070647,0.9127146489
0.03348781863,329.0133802,0.540576531,0.7123348139,0.758879842
0.05227628528,299.8778218,0.7109927517,0.7207214886,0.986501392
0.03511812258,341.6148694,0.4711583434,0.713410715,0.6604307077
0.01329569771,311.7765585,0.6060974452,0.6783084602,0.8935425117
0.07965142394,326.6644067,0.5642110202,0.7259243093,0.7772311974
0.04433116234,338.229394,0.4931989894,0.7180281568,0.6868797342
0.03746318118,308.8771142,0.6548932908,0.7147972923,0.9161944203
0.05510834063,323.5195581,0.5784959507,0.7214962764,0.8018003275
0.06730927988,357.8545825,0.3863476052,0.7240968033,0.5335579489
0.0355470782,326.2231601,0.55715282,0.7136777371,0.7806784366
0.07667072099,320.2757319,0.6001220932,0.7255363299,0.8271427197
0.07059884317,305.0731338,0.6854518003,0.7246457,0.945913017
0.05872795395,321.4998134,0.5906023976,0.7223790928,0.8175795832
0.02387744813,306.1090033,0.6593790556,0.7030974534,0.9378202871
0.07989856588,356.7399666,0.3936607346,0.7259551906,0.542265886
0.07349231408,306.2406058,0.6792570128,0.7250882901,0.9367921425
0.01446202006,349.5826753,0.4083974172,0.6827307809,0.5981822245
0.05563983421,344.8691589,0.458241701,0.7216330068,0.6350065708
0.04248468185,298.5434289,0.715055813,0.7172604298,0.996926337
0.02693391901,349.7441245,0.4218624073,0.7067308344,0.5969209022
0.01674775581,298.2893337,0.6889381361,0.6896888933,0.9989114553
0.07330088296,342.1252325,0.4759609721,0.7250600771,0.6564434964
0.04553314897,309.3987666,0.6553529442,0.718494995,0.9121190109
0.03209891533,343.647841,0.4584889685,0.7113339661,0.6445481171
0.0141708272,320.79025,0.5611158773,0.68169137,0.8231230466
0.03856748984,352.752951,0.4102166529,0.7153929518,0.5734144456
0.01076651324,328.6645143,0.5069594016,0.6656457925,0.7616053573
0.02250114906,348.7912351,0.4237504464,0.7011494714,0.6043653511
0.02183500662,338.5977678,0.478884288,0.7001213709,0.6840018144
0.07720517407,332.4062548,0.5314157732,0.7256080797,0.7323730097
0.06203413163,318.9653027,0.6055068694,0.7230964979,0.837380448
0.02205324708,332.9017491,0.5102899877,0.7004648107,0.7285019603
0.05275472627,330.9808703,0.5359643879,0.7208581382,0.7435088258
0.03304259342,333.8040603,0.5136908426,0.7120229437,0.7214526542
0.01123691254,320.9196095,0.5495038425,0.6684047405,0.8221124257
0.01674154575,333.8225037,0.4974666458,0.6896724513,0.7213085645
0.05557183471,350.5478029,0.4262166343,0.7216156574,0.5906421651
0.03889102426,354.0216909,0.4032204517,0.7155611782,0.5635024146
0.06692218061,344.7701042,0.4603232839,0.724028702,0.635780436
0.06926873366,300.9858791,0.7083800026,0.7244299697,0.9778446948
0.02986286007,325.7316406,0.5566408046,0.709531837,0.7845184326
0.05587564855,310.3718263,0.6527834382,0.7216928495,0.9045169821
0.04439271544,321.2491604,0.5884713098,0.7180526674,0.8195378091
0.01701923261,319.756681,0.5738560064,0.6903964411,0.8311978049
0.05483880486,340.7221268,0.4814834645,0.7214259371,0.6674052592
0.005845105903,314.5177901,0.5348770185,0.6133020068,0.8721266399
0.03628576309,334.9768842,0.5086626946,0.7141230647,0.7122899676
0.06110326771,352.2277183,0.4174889463,0.7229022684,0.5775178257
0.01183682779,320.3386231,0.5551994133,0.6716246117,0.8266513817
0.06016807733,304.3930306,0.6874523653,0.7227011579,0.9512263233
0.01852862186,348.4089114,0.4214824799,0.6939670952,0.6073522545
0.06239322049,324.6377728,0.5735202067,0.7231698928,0.793064275
0.06162593613,321.9457157,0.5886011884,0.7230120397,0.8140959709
0.02625002379,305.995092,0.6627193641,0.7059892937,0.9387102185
0.07910956663,355.8112432,0.3988734684,0.7258559334,0.5495215373
0.006521507067,307.8850143,0.5771619718,0.6246712158,0.9239452006
0.04137707174,303.3796991,0.6874826192,0.7167676109,0.9591429757
0.06523649321,318.4870053,0.6087356791,0.723722827,0.8411171465
0.04099617657,310.7406317,0.6461050052,0.716592092,0.9016356899
0.07362287554,306.7178442,0.6765714518,0.7251074488,0.9330637176
0.07861814445,329.4448883,0.5483430017,0.7257931143,0.7555086855
0.07151507498,310.5028277,0.6548427922,0.7247896834,0.9034935336
0.07709038885,334.2661792,0.5208612072,0.725592753,0.7178423503
0.05479651778,301.3146709,0.7035785856,0.7214148397,0.9752760089
0.03308065325,304.5714967,0.6763278448,0.7120499246,0.9498320572
0.07564144262,303.6547272,0.6941992017,0.7253953215,0.956994319
0.0579932647,306.5401104,0.6748695586,0.722208705,0.9344522628
0.06753739455,313.3454225,0.6381712514,0.7241365732,0.8812857615
0.02598155744,334.6053457,0.5047027203,0.7056878271,0.715192612
0.04836491387,354.2569275,0.4041202165,0.7195044796,0.5616646288
0.04318560134,328.3621708,0.5481920437,0.7175594569,0.7639674154
0.05425542759,333.946277,0.5195617377,0.7212713352,0.7203415862
0.07057671992,333.8487944,0.5225417706,0.7246421776,0.7211031689
0.03739183398,323.252618,0.5745835004,0.7147576215,0.8038857972
0.07799007827,356.0047602,0.3976970332,0.7257116863,0.5480096858
0.0289492401,327.2325361,0.5476916365,0.7087174167,0.7727926867
0.02924736509,322.9013932,0.5718913106,0.7089886249,0.8066297406
0.06438357535,349.5700664,0.4328932197,0.7235620286,0.5982807315
0.01793860621,322.8556329,0.5589516242,0.6926399755,0.8069872429
0.06640888071,352.8252813,0.414706958,0.7239371878,0.5728493645
0.0342600907,325.4289461,0.5609351884,0.7128569585,0.7868832334
0.0197419622,349.4496891,0.417331275,0.6964561493,0.5992211792
0.01663100314,331.8716017,0.5077612152,0.6893778082,0.7365499864
0.03693118856,356.3709709,0.3895075624,0.7144978749,0.5451486646
0.04687540202,306.7323772,0.6707804089,0.718988457,0.9329501778
0.05012541196,314.0494533,0.6306316218,0.7200754143,0.875785521
0.02961834374,328.8158951,0.5393820165,0.7093186728,0.7604226946
0.02787955857,328.8663976,0.5378702599,0.7076978189,0.7600281441
0.02144429966,345.2315146,0.4422003405,0.699489657,0.632175667
0.06125963621,345.6361426,0.4547367962,0.7229353031,0.629014511
0.06055665305,355.6888586,0.3978772567,0.7227854654,0.550477667
0.02097703182,350.8579086,0.4109914844,0.6987043259,0.5882194644
0.0593808635,305.6588161,0.6801416873,0.7225270195,0.9413373741
0.07065764501,344.8771835,0.4601152894,0.7246550515,0.6349438791
0.01852883224,336.6297187,0.4853450831,0.693967554,0.6993771976
0.007007724136,328.8174105,0.4802959987,0.6316269623,0.7604108553
0.06504194217,309.8723894,0.65741046,0.7236865159,0.9084188327
0.06974582796,314.4492708,0.6322508112,0.724508286,0.8726619466
0.05248519145,308.4086306,0.6630140299,0.7207814573,0.9198544485
0.02215742482,355.0105301,0.3893921399,0.7006264455,0.5557771083
0.04707188096,303.8863298,0.6868337096,0.7190583654,0.9551849233
0.07606603802,309.2790246,0.6623789882,0.7254539479,0.9130544952
0.04994536783,349.6714285,0.4302032248,0.720018846,0.5974888396
0.01312203178,346.8406894,0.4198352569,0.6775864329,0.6196039892
0.04328691902,314.8284122,0.6240982982,0.7176018936,0.8696999043
0.04938953909,348.8000908,0.4349975465,0.7198416462,0.6042961654
0.0350228055,336.8245759,0.4978151323,0.713350511,0.6978548759
0.04158455899,351.3778738,0.4187600621,0.7168618933,0.5841572359
0.05381319796,324.8088986,0.5709557144,0.7211519359,0.7917273544
0.01911287958,348.1449915,0.423666893,0.6952035948,0.6094141288
0.05622475141,354.5097226,0.4039731058,0.7217805318,0.5596896674
0.01638147736,316.9349335,0.5876271811,0.6886987442,0.8532427074
0.07791305211,327.2073611,0.5609596278,0.7257016104,0.7729893661
0.05648940239,351.2435543,0.4224292181,0.7218462899,0.585206607
0.03753668472,336.7501706,0.4992687182,0.7148380074,0.6984361674
0.05331084592,352.4636671,0.4150693185,0.7210139337,0.5756744759
0.04462386341,299.2957358,0.7117159653,0.7181441171,0.991048939
0.05210688238,335.5096038,0.510328453,0.7206725116,0.7081280953
0.009264547583,312.1351956,0.5835293907,0.6551058207,0.8907406593
0.05323278573,328.9884243,0.5472870622,0.7209922591,0.7590748103
0.02226947789,349.2080741,0.4212562426,0.7007986662,0.6011087961
0.03410984225,305.6169748,0.6711779677,0.7127571862,0.9416642593
0.01561115733,305.5508334,0.6467806624,0.6864717817,0.9421809892
0.02043959655,341.2508884,0.4628051171,0.697758244,0.663274309
0.05837039751,301.5112212,0.7033295185,0.722296698,0.9737404593
0.0625999927,333.9967981,0.5206740702,0.7232117777,0.7199468899
0.06256608668,356.6950726,0.392423014,0.7232049283,0.5426166203
0.02738268701,345.1860166,0.4473246403,0.7071978373,0.6325311203
0.07674681596,300.9425768,0.7097173515,0.725546606,0.9781829941
0.005047072511,320.0518771,0.4944433316,0.5965114624,0.828891585
0.07250885523,322.7004423,0.5858977081,0.7249417812,0.8081996696
0.0613378091,354.7365111,0.4033477122,0.7229517556,0.5579178819
0.02650692929,330.9259321,0.5254227625,0.7062722176,0.7439380304
0.01579657512,333.2848399,0.4984441366,0.6870267538,0.7255090633
0.02200570314,338.2424513,0.4810126301,0.7003905531,0.6867777243
0.008879963982,350.723868,0.3841310546,0.6518798421,0.5892666559
0.07629021444,299.5576644,0.7175062115,0.7254846406,0.9890026216
0.07884472587,354.3096823,0.407369497,0.7258221749,0.5612524818
0.05584711174,324.5315836,0.5729418067,0.7216856342,0.7938938778
0.07545758101,357.440908,0.38937106,0.7253697319,0.5367897815
0.01328174242,343.6544034,0.4371306964,0.6782510999,0.6444968486
0.05875005281,335.3622899,0.5123718985,0.7223841527,0.7092789849
0.07333730542,356.4971544,0.3945536894,0.7250654562,0.5441628559
0.03619790785,309.1338291,0.6527957656,0.7140710329,0.9141888348
0.07657975067,348.3121586,0.4411970587,0.7255240185,0.6081081363
0.05839497569,304.0920544,0.6887714552,0.7223023937,0.9535776999
0.05332663369,317.9919135,0.6092496932,0.7210183099,0.8449850508
0.03342879327,316.5898988,0.6096796534,0.7122939352,0.8559382908
0.07934895385,345.0997856,0.4596346613,0.7258862553,0.6332048003
0.0118527649,305.2023166,0.6346975136,0.6717059761,0.9449037766
0.07858562617,349.3099914,0.4357002157,0.72578893,0.6003125671
0.03446363606,336.4281997,0.4997719918,0.7129907644,0.7009515645
0.05310612188,337.2561138,0.5006926993,0.7209569551,0.6944834858
0.04784374936,302.6524884,0.6940246849,0.7193275272,0.9648243096
0.04158970045,319.0460052,0.599836105,0.7168642178,0.8367499592
0.03721393219,352.9358198,0.4087742467,0.7146580543,0.571985783
0.07256247978,349.4316098,0.4345077115,0.7249498712,0.5993624233
0.0433715896,322.6664065,0.5801849776,0.7176372082,0.8084655742
0.06687271695,298.9458383,0.7195183594,0.7240199439,0.9937825132
0.01325723568,312.269214,0.6033458256,0.6781500937,0.8896936404
0.07059398054,302.877594,0.6978806524,0.7246449259,0.9630656717
0.05811171586,302.8525071,0.6957026972,0.7222364637,0.9632616632
0.03668365749,305.2743649,0.6745952636,0.7143556573,0.944340899
0.0672669725,348.6791085,0.4382488376,0.724089398,0.6052413401
0.06955644351,333.7589364,0.5229314896,0.7244773253,0.7218051847
0.009863341818,347.0525084,0.407639139,0.6596645321,0.6179491532
0.07365542775,299.673524,0.7164815445,0.7251122151,0.988097469
0.02106334323,326.6100132,0.5434664926,0.6988519214,0.7776561471
0.0544881353,314.5625676,0.6288417318,0.7213333971,0.8717768154
0.03016591719,324.0344103,0.5662559599,0.709791356,0.7977780443
0.0421849559,343.9330284,0.4606267368,0.7171295798,0.6423200908
0.06041812694,337.8451688,0.4986156666,0.7227555329,0.6898814936
0.07638541162,319.0790112,0.6068730283,0.7254976204,0.8364921004
0.0488275491,341.249293,0.4773399259,0.7196584419,0.6632867735
0.01307662799,309.7973552,0.6157551731,0.6773946762,0.9090050376
0.009931301421,302.6278496,0.6370555556,0.6601497047,0.9650168001
0.07657935118,315.3204358,0.628199256,0.7255239644,0.8658559701
0.007610898028,334.6441654,0.4569126353,0.639137576,0.7148893327
0.01050280106,349.5997295,0.3971035633,0.6639983865,0.5980489884
0.03210184586,298.318671,0.7103988092,0.711336167,0.9986822577
0.07634309927,334.5166669,0.5193690379,0.7254918552,0.7158854151
0.04456937034,320.1243311,0.5948393239,0.7181226419,0.8283255382
0.03028246167,348.5280897,0.4304922109,0.7098898078,0.6064211744
0.03106041117,299.3392926,0.7039267371,0.710528505,0.9907086515
0.006960752401,326.3305613,0.4920732116,0.6309930398,0.7798393652
0.04110858278,320.1204784,0.5936362814,0.7166442218,0.8283556377
0.07703779725,302.1265693,0.7030439822,0.7255857156,0.9689330524
0.04005830121,326.3462357,0.5583911022,0.7161459446,0.7797169089
0.05566531737,318.9642092,0.6042929709,0.7216394978,0.837388991
0.05398709833,334.8076686,0.5146563195,0.7211991182,0.7136119644
0.05201834171,336.0305581,0.507377237,0.720646788,0.7040581398
0.02300175506,326.353892,0.5472289478,0.7018841391,0.7796570934
0.04816720997,300.8967382,0.7039994585,0.7194377966,0.9785411077
0.01983244639,316.7350766,0.595482184,0.6966300136,0.8548040888
0.03781031564,330.6601462,0.5333915615,0.7149882124,0.7460144829
0.04460219718,324.8971592,0.5680724064,0.7181355849,0.7910378185
0.0410152029,342.6611645,0.4674076375,0.7166009354,0.6522565272
0.05597118991,333.1422265,0.524416304,0.7217169534,0.7266232302
0.01568511088,312.7363644,0.6084416773,0.6866946316,0.8860440279
0.0675149301,306.5351514,0.6766954648,0.7241326685,0.9344910046
0.005341250993,302.1368036,0.584419473,0.6032075192,0.9688530968
0.03269895963,300.7815633,0.6971430812,0.7117765585,0.9794409115
0.0209867292,311.0076062,0.6285344123,0.6987209672,0.8995499518
0.06610024428,340.4362207,0.4847392021,0.7238814856,0.6696389004
0.02671277664,339.4235452,0.4786860522,0.7064950925,0.6775504279
0.06107038894,302.9916473,0.6955515192,0.7228953012,0.9621746304
0.01472411802,304.3591196,0.6504707369,0.6836329129,0.951491253
0.05571496706,308.7566715,0.6618526975,0.7216521275,0.917135379
0.06277921378,346.651127,0.4491983583,0.7232478612,0.6210849453
0.04764124506,310.577969,0.6494224848,0.719257742,0.9029064921
0.04983806716,321.4998261,0.5886449168,0.7199849416,0.8175794836
0.05332662528,303.8596141,0.6888563053,0.7210183075,0.9553936399
0.04035192564,318.2813745,0.6036326695,0.7162878115,0.8427236368
0.04298435202,353.1993587,0.4089080531,0.7174745808,0.5699268854
0.06679116494,340.9050978,0.4821701249,0.724005476,0.6659757983
0.03121814227,340.561214,0.4751877443,0.7106542117,0.6686623909
0.03278094873,355.2210819,0.3944511202,0.7118358034,0.5541321725
0.05421891357,354.6244235,0.4030363136,0.7212615495,0.5587935665
0.006616482621,331.8355908,0.4613312816,0.6261016166,0.7368313215
0.0499851901,349.4705414,0.4313407607,0.7200313924,0.5990582706
0.07990926732,314.3475486,0.634091554,0.7259565235,0.8734566513
0.06478193848,330.1967376,0.5424640118,0.723637652,0.7496348626
0.01055052344,306.3511978,0.6217391182,0.6643021938,0.9359281423
0.01694231812,313.9782862,0.6048493208,0.690198183,0.8763415143
0.04805034626,349.2515441,0.4321922272,0.7193981259,0.6007691869
0.005251038239,315.3538867,0.520415503,0.6012231153,0.865594635
0.04209294782,349.8103926,0.4276741886,0.7170890449,0.5964031827
0.06204180718,311.5494276,0.6474019795,0.7230980755,0.895316972
0.01292178047,325.1920349,0.5337609213,0.6767311309,0.7887341027
0.01606935399,340.9646215,0.4577522671,0.6878209764,0.6655107692
0.06654636107,308.5102427,0.6653648017,0.7239618356,0.9190606038
0.02529355569,331.5509243,0.5209503711,0.7048868818,0.7390552791
0.04294845719,333.2644201,0.5206377241,0.7174593601,0.7256685927
0.009116035948,323.7833598,0.5229414101,0.6538897865,0.7997393764
0.0341473184,312.8344533,0.6310101508,0.7127821526,0.8852777087
0.03222237087,341.8521386,0.4685290566,0.7114263432,0.6585770419
0.05898818525,336.6647157,0.5050594465,0.7224384398,0.6991037834
0.06634806522,342.2849741,0.4743132338,0.7239262525,0.655195515
0.04701692362,337.8633308,0.4959495843,0.7190388692,0.6897396031
0.008922302644,341.3644599,0.4320402959,0.6522475156,0.6623870319
0.02841428355,345.4882649,0.4462968789,0.7082168572,0.6301698052
0.02945082452,350.3923046,0.4197276043,0.7091706404,0.5918569952
0.05375504828,330.2243803,0.5404330194,0.7211360917,0.7494189038
0.03138671033,328.3626949,0.5430153429,0.710787191,0.7639633209
0.06951029454,301.9780281,0.7028034228,0.7244697555,0.9700935304
0.02733220155,351.8233929,0.4106231741,0.7071460456,0.5806766179
0.02917935604,324.4415366,0.5633117141,0.7089272319,0.7945973702
0.06789708407,356.4148734,0.3945475875,0.7241987451,0.5448056769
0.04697874367,321.1434855,0.5898620343,0.7190252984,0.8203633943
0.02922035817,354.7414321,0.3955165925,0.7089642786,0.5578794368
0.07748571905,334.9454827,0.5170479209,0.7256453501,0.7125352912
0.05558291278,350.4863766,0.4265646046,0.7216184867,0.5911220575
0.01395646396,322.0581671,0.553719694,0.6808999214,0.8132174444
0.01102877195,310.2775785,0.6039950469,0.6672111017,0.9052532929
0.0259553967,320.2087665,0.584049159,0.7056581266,0.8276658867
0.008140272861,333.3283469,0.4676567514,0.6448933215,0.725169165
0.06000635358,325.6815014,0.56722768,0.7226657516,0.7849101452
0.05237174358,311.520523,0.6454615245,0.7207489494,0.8955427892
0.01163139918,322.4527427,0.5432416624,0.6705571062,0.8101348228
0.01417923475,345.3721489,0.4302190163,0.6817219487,0.631076962
0.03610551513,331.0466533,0.530510278,0.7140160462,0.742994896
0.03364265078,310.4342709,0.6440677616,0.7124413778,0.9040291338
0.07022902029,314.1517086,0.6340035418,0.7245865301,0.8749866517
0.06207716459,343.2772651,0.4681696636,0.7231053378,0.6474432412
0.04065827339,357.962893,0.3816526566,0.7164336808,0.5327117734
0.06658179543,305.3970656,0.682978759,0.723968172,0.9433822998
0.06310641595,311.1096231,0.6500798824,0.7233132159,0.8987529442
0.007782992618,310.1772999,0.580848099,0.641086709,0.9060367199
0.007005887772,331.9669746,0.4647360748,0.6316023225,0.735804886
0.056699913,301.9072793,0.7007077486,0.7218981631,0.9706462552
0.07828907609,341.1304183,0.4820547927,0.7257506124,0.6642154817
0.05022920628,318.7849938,0.6040186183,0.7201078439,0.8387891111
0.02746396972,306.5333657,0.6609574441,0.7072808336,0.9345049558
0.03637873294,336.3067317,0.5012818192,0.7141778574,0.7019005336
0.07688149123,353.5887356,0.4113116813,0.7255647436,0.5668848782
0.01688056177,351.9745697,0.3998738024,0.6900377456,0.5794955493
0.0615568402,303.4488677,0.6930674089,0.7229976337,0.9586025964
0.02546888081,322.0930772,0.5732032336,0.7050949797,0.8129447097
0.03519890539,331.1865512,0.5293184654,0.7134614889,0.7419019438
0.07450361591,342.4762977,0.4740866684,0.7252349527,0.6537007995
0.04164831017,337.9744808,0.4938453721,0.7168906765,0.6888712439
0.0660926193,344.0326913,0.4643991085,0.7238801029,0.6415414743
0.06034497179,333.2271449,0.524679951,0.7227396709,0.7259598056
0.05488083172,334.7021092,0.5154209954,0.7214369495,0.7144366472
0.0307895779,316.755491,0.6070623731,0.7103097262,0.8546446018
0.01306978463,325.1563877,0.5344500419,0.6773656651,0.7890125961
0.01238375038,298.9073303,0.6703144941,0.6743041108,0.9940833571
0.04239508452,343.1314816,0.4651770837,0.7172215053,0.6485821748
0.06005184505,336.2916645,0.5073315483,0.7226757301,0.7020182457
0.0135663652,341.890302,0.4472339465,0.6793988881,0.6582788908
0.05039234522,307.5119502,0.6674859832,0.7201585492,0.9268597644
0.02366620756,310.6877656,0.6339713174,0.7028127342,0.902048706
0.05032741319,299.5605454,0.7122025635,0.7201384064,0.9889801143
0.04283121938,303.1848583,0.6891902922,0.7174094724,0.9606651692
0.04195634299,355.2860071,0.3969648858,0.7170285404,0.5536249445
0.03997357952,356.2513671,0.3910526144,0.7161046303,0.5460830693
0.01936771267,328.8979111,0.528595817,0.6957204248,0.7597819442
0.06627917238,323.7268193,0.579262173,0.7239138408,0.8001810994
0.06261370012,339.5424433,0.4893425368,0.7232145447,0.676621537
0.03298720397,345.4604507,0.4488252601,0.7119835688,0.6303871041
0.03364160427,318.5695412,0.598786665,0.7124406607,0.8404723341
0.02860563239,347.622186,0.4346011425,0.7083979984,0.6134985467
0.04503837658,318.8411708,0.6021918306,0.7183057994,0.8383502278
0.06702464297,326.6467114,0.5628518599,0.7240468036,0.7773694422
0.04532297351,331.4644383,0.5314339018,0.7184151227,0.7397309508
0.03619051285,306.4894655,0.6675437191,0.714066642,0.9348479257
0.04537926507,349.4466445,0.4305195069,0.7184365864,0.5992449648
0.05761972892,331.0026667,0.5367799476,0.7221204303,0.7433385417
0.03068955195,348.3282496,0.431806125,0.7102279721,0.6079824252
0.07739582876,320.9193394,0.5965537963,0.7256334373,0.8221145356
0.03198897664,311.7469456,0.6356976579,0.7112511166,0.8937738628
0.01694449202,312.4571036,0.613056799,0.6902038102,0.888225753
0.05058815618,325.4354834,0.5666914593,0.7202189837,0.786832161
0.04839375408,320.3479379,0.5947350161,0.7195141622,0.82657861
0.02296886955,348.7599873,0.4243371966,0.7018368293,0.6046094745
0.07075703052,320.015777,0.6008779269,0.7246708223,0.8291736171
0.06267589114,318.5220959,0.6081204314,0.7232270836,0.840843001
0.06708728132,307.7403585,0.6698080435,0.7240578428,0.925075324
0.03904283905,320.4595056,0.5909082662,0.7156391734,0.8257069879
0.04324037276,322.3037822,0.5821735974,0.7175824221,0.8112985764
0.0284760418,311.7312688,0.6331249468,0.7082755802,0.8938963372
0.01804128979,328.6394613,0.5278343952,0.6928769291,0.7618010834
0.0764094549,318.6115161,0.6095255167,0.7255008935,0.8401444053
0.04532153191,341.9353861,0.4726641079,0.7184145723,0.6579266709
0.04643965472,315.9193778,0.6190408255,0.718831338,0.8611767362
0.03083661211,353.6412999,0.4023938229,0.7103479896,0.5664742193
0.05651398213,312.8035789,0.639213924,0.7218523664,0.8855189146
0.01588077469,327.8215901,0.5279580247,0.6872746874,0.7681907022
0.03778818548,330.0454213,0.5368162585,0.7149761437,0.7508170212
0.02397596568,342.4036815,0.4601000337,0.7032285762,0.6542681131
0.05000746075,313.6077991,0.633083643,0.7200384004,0.8792359445
0.00790685664,307.885318,0.5935795285,0.6424418379,0.923942828
0.02014661555,331.6194075,0.5149125678,0.6972219987,0.7385202543
0.06922163249,330.5988028,0.5407766142,0.72442218,0.7464937285
0.07381317157,323.5132495,0.581449422,0.7251352529,0.8018496131
0.06821894377,339.3083275,0.4913704202,0.7242538283,0.6784505666
0.0236107019,333.3325052,0.5095804477,0.7027371021,0.725136678
0.02040969842,351.5217566,0.4067846793,0.6977042015,0.5830331514
0.009762512804,353.2947478,0.375052675,0.6589331719,0.5691816577
0.06440975988,300.0636095,0.7127496469,0.7235670277,0.9850499258
0.06107476708,335.9663174,0.5093237819,0.7228962293,0.7045600201
0.01766993156,328.5184782,0.5278261238,0.6920074845,0.7627462645
0.02086058983,349.4424317,0.4185975978,0.6985033381,0.5992778774
0.0396428851,355.7449454,0.3937962119,0.7159417094,0.5500394889
0.04054803492,337.0400826,0.4987241476,0.7163814394,0.6961712297
0.04215357176,339.5414209,0.485221704,0.7171157728,0.676629524
0.05220317005,302.90976,0.693900694,0.7207003883,0.9628143751
0.02571474789,348.1094772,0.4300655677,0.7053821612,0.6096915847
0.0721120806,320.8010582,0.5966055039,0.7248815526,0.8230386078
0.04694150993,319.668862,0.5981345357,0.7190120429,0.8318838906
0.0481097628,345.9932454,0.4505174816,0.7194183192,0.6262246451
0.0124854454,344.458694,0.4306522841,0.6747779548,0.6382133279
0.07635670873,323.1860733,0.5835912592,0.7254937102,0.8044056772
0.07544321496,354.095756,0.4083267439,0.7253677273,0.5629237813
0.01597146231,346.7479578,0.426499965,0.6875389344,0.620328455
0.07114392799,343.9163262,0.4656043635,0.7247318009,0.6424505768
0.02753125715,298.2972101,0.7065356715,0.7073491787,0.9988499213
0.0715419366,353.4356481,0.4117415236,0.7247938496,0.5680808741
0.04632963893,327.1542276,0.5559163355,0.7187912093,0.7734044718
0.04604582378,301.643638,0.6990709433,0.7186868151,0.972705953
0.005529186171,305.0119578,0.5746109988,0.6071602819,0.9463909546
0.0610721011,337.2149679,0.5022714771,0.7228956642,0.6948049379
0.05137150904,335.7637668,0.5087447127,0.7204562125,0.7061424468
0.06108493691,348.0976829,0.4408116717,0.7228983849,0.6097837274
0.06349822305,310.9874403,0.6508399454,0.7233905987,0.8997074977
0.009697846738,350.5986242,0.3886508608,0.6584567077,0.5902451236
0.03892335581,342.0018468,0.4704262001,0.7155778386,0.6574074471
0.005969990432,333.7560233,0.4443370657,0.6155719931,0.7218279431
0.05829350022,344.0639551,0.4631954209,0.7222788475,0.6412972254
0.03852607817,311.8487293,0.6388112451,0.7153712191,0.8929786774
0.07685747894,299.7212611,0.7166549002,0.7255615143,0.9877245224
0.04811971256,298.2518473,0.718849265,0.719421696,0.9992043179
0.03180907982,304.8946478,0.6736439041,0.71111434,0.9473074388
0.04900313692,330.9324528,0.5353875335,0.7197161267,0.7438870877
0.01637366214,319.5118771,0.5737440566,0.6886771562,0.8331103353
0.03903997148,298.6896139,0.7126207679,0.7156377057,0.9957842666
0.02799203071,351.2586629,0.4141307198,0.7078085956,0.5850885711
0.072637176,329.7611555,0.5459231619,0.7249611203,0.7530378479
0.005115541409,321.3415065,0.4897579864,0.5981292179,0.8188163556
0.04721872697,343.8509008,0.4623603512,0.7191102401,0.6429617121
0.07051922667,315.4045831,0.6269514465,0.7246330136,0.8651985691
0.05129662398,343.1901151,0.4669305368,0.7204338432,0.6481241007
0.04962776529,348.7140969,0.4355273914,0.7199180723,0.6049679932
0.01447169259,352.2061891,0.3944235807,0.682764625,0.5776860227
0.07768945577,349.8786724,0.4324061393,0.7256722494,0.5958697465
0.02851031947,313.6938405,0.6222937878,0.7083080662,0.8785637458
0.0156108403,303.9788271,0.6552105118,0.6864708221,0.9544622884
0.02952586985,326.1071813,0.5543287848,0.7092371586,0.7815845209
0.07310866947,314.1200383,0.6345723637,0.7250316016,0.8752340757
0.0216759185,300.8081889,0.6853326011,0.6998668058,0.9792328989
0.05122139798,356.2595647,0.3933582803,0.7204113072,0.546019026
0.02700032504,345.6336256,0.4446019154,0.7068008909,0.6290341751
0.05706301084,353.5330303,0.4095975767,0.7219867482,0.5673200758
0.06242647964,329.2809706,0.5472923438,0.7231766484,0.756789292
0.04741561095,330.9460111,0.5349120126,0.7191792947,0.7437811635
0.02655035228,338.3010454,0.484761178,0.7063195122,0.686319958
0.0514258619,327.9021979,0.5530064888,0.7204724083,0.7675609537
0.07069805357,347.4105838,0.4457767268,0.7246614689,0.6151516893
0.05182292975,333.5825352,0.5211184568,0.7205897084,0.7231833187
0.01869582201,320.7461011,0.5717573048,0.6943285379,0.8234679601
0.04066689403,344.0672275,0.4594312281,0.7164377543,0.6412716601
0.01336613135,354.0708041,0.3821302415,0.6785962343,0.563118718
0.03649864013,307.8930587,0.6598812362,0.714248122,0.9238823538
0.03588236844,312.5089143,0.6337995056,0.7138820982,0.8878209822
0.023863254,337.4730379,0.4870848694,0.7030784751,0.6927887663
0.05036566186,324.3984972,0.5724716642,0.7201502779,0.7949336157
0.06069284053,349.9677321,0.4302005294,0.722814761,0.595173968
0.05398580533,330.5675019,0.538546718,0.7211987685,0.7467382663
0.03688768973,308.0638963,0.659135429,0.7144730184,0.9225476849
0.009778414759,320.3383525,0.5448055274,0.6590494443,0.8266534964
0.07817697491,334.8971329,0.5173866843,0.7257360527,0.7129130245
0.0339548892,303.3704276,0.683588108,0.7126533847,0.9592154091
0.06217361609,329.2963803,0.5471662819,0.7231251069,0.7566689038
0.04600753929,342.4837695,0.4697549254,0.7186726361,0.6536424261
0.04826313288,310.7113783,0.6488644549,0.7194702174,0.9018642318
0.04631542891,313.1351015,0.6346369394,0.7187860124,0.8829288947
0.00706459608,333.5731321,0.4573762729,0.6323843556,0.7232567802
0.06579289526,307.4025309,0.6715034882,0.7238255022,0.9277146027
0.05607220324,353.2937833,0.4108079457,0.7217423496,0.5691891933
0.07580582928,325.2203112,0.57200174,0.7254180965,0.7885131936
0.05131682488,350.6355055,0.425028544,0.7204398839,0.5899569881
0.05456114824,336.2977518,0.506368495,0.7213527616,0.7019706889
0.02932641982,318.1066531,0.5985091926,0.7090596401,0.8440886475
0.06268062165,340.792427,0.4822889835,0.7232280364,0.6668560388
0.05770247097,312.5633662,0.6408239138,0.7221400814,0.8873955765
0.02060949683,353.0920133,0.3984299926,0.6980624759,0.5707655207
0.03882692498,300.7636151,0.7009177943,0.7155280674,0.9795811322
0.0327955997,345.537032,0.4483128735,0.7118463596,0.6297888124
0.07970511665,322.8442173,0.5858818256,0.7259310345,0.807076427
0.05002158324,334.8830093,0.5134073694,0.7200428412,0.7130233648
0.06097947782,340.0818176,0.4860673686,0.7228759977,0.6724076746
0.05543173055,311.1568497,0.6482557182,0.7215797789,0.8983839864
0.006167311527,330.4635087,0.4627285991,0.6189929202,0.7475507135
0.04177288513,346.7287533,0.4448499882,0.7169466721,0.6204784895
0.01879344372,357.5070727,0.3724611951,0.6945367116,0.5362728692
0.07945174345,298.42684,0.7243292357,0.7258992196,0.9978371876
0.03333833452,330.131503,0.5342761821,0.7122310122,0.7501445079
0.05004565675,299.3012048,0.7135744249,0.7200504054,0.9910062123
0.07075333206,357.6489414,0.3878177992,0.7246702362,0.5351645201
0.04855576503,341.6847036,0.4748324486,0.7195683439,0.6598851279
0.05700846316,336.228832,0.5071929797,0.7219735113,0.702509125
0.03955009181,315.9492013,0.6163457603,0.7158955131,0.8609437397
0.01309935667,309.621757,0.6167719955,0.6774908246,0.9103768982
0.04688694419,334.392726,0.5154124931,0.7189925798,0.7168537029
0.0396298846,320.7588955,0.5894781777,0.71593525,0.8233680039
0.01026089189,306.6894074,0.6182253084,0.6624179383,0.9332858799
0.06001611033,329.2370105,0.547155515,0.722667893,0.7571327304
0.02634568344,348.8502632,0.4264138939,0.7060952683,0.6039041939
0.02865667705,318.1716301,0.5976315296,0.7084459217,0.8435810148
0.01611850261,331.8998163,0.5065662765,0.687961348,0.7363295598
0.07875530325,332.053632,0.5335636963,0.7258107256,0.7351278749
0.04581252569,354.7325999,0.400941775,0.7186000491,0.5579484381
0.05040280258,328.9164507,0.5470616154,0.7201617884,0.7596371041
0.02239247066,357.7080582,0.3748189691,0.700985781,0.5347026705
0.00870388286,334.4828,0.4657234627,0.6503155246,0.7161499997
0.07719467751,314.8797999,0.6307687539,0.72560668,0.8692984385
0.07490188642,306.7894921,0.6763373275,0.725291635,0.9325039678
0.04636125153,317.4023979,0.6106880975,0.7188027593,0.8495906417
0.06377146045,335.310151,0.5134183155,0.7234440074,0.7096863203
0.02261095688,355.747706,0.3857348929,0.7013133162,0.5500179221
0.02148401724,339.7568983,0.4721618483,0.6995548879,0.6749461071
0.02135488068,317.2507325,0.5949830077,0.6993419402,0.850775527
0.02392212362,310.1533559,0.6372176361,0.7031570444,0.9062237819
0.02201833751,317.078953,0.5968319265,0.7004103166,0.852117555
0.01798869611,333.0306925,0.5039761603,0.6927558877,0.7274945898
0.06190534905,305.2386774,0.6830261443,0.7230699708,0.9446197075
0.04380770757,342.5317299,0.468926672,0.7178169788,0.6532677351
0.07101986617,316.5243195,0.6206803217,0.7247123192,0.856450629
0.05503145263,306.4492381,0.6746973476,0.7214762806,0.9351622024
0.02962502236,326.8105067,0.5504995348,0.7093245406,0.7760897914
0.04385987193,323.6338908,0.5749217499,0.7178382459,0.8009071029
0.02967412444,347.2631929,0.43718551,0.7093676029,0.6163031808
0.04407730155,340.9510209,0.4778640055,0.7179263575,0.665617024
0.04576068949,300.8097235,0.7036492005,0.7185806525,0.97922091
0.0409847709,342.0150149,0.4710157705,0.7165867868,0.6573045711
0.02029216689,302.7035001,0.6726775969,0.6974902686,0.9644257808
0.043181112,329.6268266,0.5411010467,0.717557572,0.7540872925
0.01877297797,338.5236648,0.4754367,0.6944932418,0.6845807438
0.009906912055,313.2833138,0.5819479489,0.6599762959,0.8817709856
0.03271697482,346.9761811,0.4402742266,0.7117896011,0.6185454605
0.02688977718,330.200026,0.5297368678,0.7066840797,0.749609172
0.05688567065,298.7533186,0.7185407934,0.7219436219,0.9952865731
0.01011639795,299.6458764,0.6537104872,0.6614404335,0.9883134658
0.0439997803,348.7538846,0.4340803704,0.7178950409,0.6046571514
0.0677411288,302.1834807,0.7013520776,0.7241718686,0.9684884321
0.04383668673,357.7813458,0.3834139763,0.7178287996,0.5341301109
0.05572873769,302.5515466,0.6968399945,0.7216556265,0.9656129169
0.05250020667,324.315124,0.5734463081,0.7207857495,0.7955849689
0.01019473847,343.9920716,0.4248935943,0.6619736049,0.641858816
0.039152266,319.3790283,0.5969957275,0.7156950236,0.8341482166
0.06950358526,300.9238798,0.7087687406,0.7244686542,0.9783290644
0.04284124881,317.4353067,0.6093235614,0.7174137507,0.8493335413
0.06494065681,327.7167937,0.5565071478,0.7236675268,0.7690094239
0.07779984605,339.2932904,0.492427849,0.725686766,0.6785680435
0.03597520325,300.6068146,0.7002347923,0.7139380218,0.9808061358
0.05648182923,346.2510311,0.4505830045,0.7218444167,0.6242106943
0.02631504376,345.5557932,0.444566086,0.7060614063,0.6296422409
0.0222543437,318.9005992,0.5871699441,0.7007755036,0.8378859437
0.07762121828,332.7266989,0.5296395065,0.7256632556,0.7298695399
0.06022155004,310.6627151,0.6520636072,0.7227128234,0.9022444131
0.06670686432,330.3501262,0.5418609136,0.7239904837,0.7484365137
0.04166192176,325.5182841,0.5636137205,0.7168968108,0.7861852807
0.03219692796,340.487081,0.4761033691,0.7114073619,0.669241555
0.02460580771,300.9495727,0.6886442044,0.7040427903,0.9781283382
0.01433478628,322.4957078,0.552511027,0.682281553,0.8097991579
0.07767428375,335.0245905,0.516617178,0.7256702511,0.7119172616
0.00974009157,311.5694234,0.5897038276,0.6587686342,0.8951607544
0.07451699732,355.8762326,0.3981650539,0.7252368669,0.5490138078
0.03670239462,319.8184273,0.5934352514,0.7143664884,0.8307154116
0.04502290372,301.4401999,0.6998361449,0.7182998168,0.9742953131
0.07847630736,317.6247325,0.6153508473,0.7257748382,0.8478536523
0.01175221314,299.707639,0.6630214183,0.6711891559,0.9878309452
0.02429272879,346.5089208,0.4378039259,0.7036431838,0.6221959312
0.04923827846,306.0412268,0.6754173686,0.7197927416,0.938349791
0.0263811834,353.9256242,0.3984384117,0.7061344061,0.5642529358
0.006128885013,307.742338,0.5720033558,0.6183419915,0.9250598595
0.02976895188,312.8632087,0.6279012219,0.7094503738,0.8850530567
0.04132119084,338.8741488,0.4887052607,0.7167420596,0.6818425878
0.02199926434,311.8137674,0.6256161299,0.7003804726,0.8932518172
0.04876948159,312.7904308,0.6373281109,0.7196392752,0.8856216342
0.05099256797,334.1284509,0.517867337,0.7203423519,0.7189183527
0.04220751239,342.0149381,0.4713794958,0.7171394907,0.6573051713
0.05152445868,336.3423241,0.5055201823,0.7205017017,0.7016224683
0.05572717461,337.1011784,0.5020511543,0.7216552295,0.6956939184
0.01299863912,321.4053235,0.5540521611,0.677062348,0.8183177853
0.02282576936,331.2333803,0.5202835424,0.701629426,0.7415360917
0.0623878622,357.0647933,0.3903145806,0.7231688037,0.5397281777
0.07358262098,319.4308298,0.6045487155,0.725101549,0.8337435168
0.02264266931,314.5768848,0.6113512419,0.7013603483,0.8716649629
0.07841100008,327.6898335,0.558274068,0.7257664011,0.7692200508
0.009407039011,299.0666033,0.6515399247,0.6562392296,0.9928390369
0.03955071336,329.5877209,0.5400666585,0.7158958232,0.7543928055
0.06824400822,326.4494696,0.5641321588,0.7242580963,0.7789103936
0.01179347496,319.9808225,0.5568923686,0.671402236,0.8294466993
0.0793350213,302.584885,0.7007343841,0.7258844955,0.965352461
0.01702945318,310.2327222,0.6252493355,0.6904226571,0.9056037328
0.0742448837,325.4021604,0.5707977524,0.725197807,0.7870924966
0.007055725667,304.1934611,0.6024147532,0.632266946,0.9527854603
0.0514958862,340.2951071,0.4832645982,0.7204932241,0.6707413506
0.06204368687,329.6733438,0.5450165759,0.7230984618,0.7537238768
0.03679083406,330.6533765,0.5330035599,0.7144174652,0.7460673707
0.02110780389,324.6175952,0.5544046048,0.6989274959,0.7932219122
0.05968795489,322.8099476,0.5833832487,0.7225954905,0.8073441592
0.06362414301,325.7211867,0.5675916944,0.7234152681,0.7846001037
0.04292932188,304.648881,0.6810244372,0.7174512358,0.949227492
0.005743273242,298.4626264,0.6098937248,0.6113869726,0.9975576061
0.0760910691,300.1603988,0.7140631755,0.7254573839,0.9842937591
0.07838026089,333.1446364,0.5273421736,0.7257624251,0.7266044029
0.03195877441,298.3187352,0.7102906863,0.7112282588,0.9986817559
0.05211425975,333.0295824,0.5242931598,0.720674651,0.7275032624
0.01613188856,337.4612993,0.4767013766,0.6879994376,0.6928804742
0.01970886421,329.4714081,0.5259860483,0.6963921678,0.7553014991
0.04578758239,346.9828396,0.4444436474,0.718590721,0.6184934406
0.03790631247,325.3761052,0.5629484882,0.7150404043,0.7872960533
0.07939540526,353.6904238,0.4109205875,0.7258921181,0.5660904387
0.05506720526,303.8987819,0.6890819663,0.7214855854,0.9550876417
0.02487791235,301.9538134,0.6834498372,0.7043821679,0.9702827079
0.03674068385,350.0709603,0.4246093573,0.714388588,0.5943674975
0.02642315405,339.9004094,0.4758420543,0.7061805458,0.6738249265
0.0362823756,303.7043148,0.6831331475,0.7141210631,0.9566069156
0.02277020632,313.2217437,0.6189423174,0.7015482151,0.8822520021
0.05008377128,353.0703974,0.4111083717,0.7200623668,0.570934395
0.00788443679,312.7234419,0.5690817985,0.6421994236,0.8861449849
0.0399994874,336.7683035,0.5000607627,0.7161172824,0.6982945042
0.01210936151,338.5039793,0.4608183087,0.6729882667,0.6847345363
0.07406201344,321.5853914,0.5924004951,0.7251713977,0.8169110047
0.03309007153,302.4155017,0.6883278527,0.712056592,0.9666757678
0.01465595165,319.2810196,0.570581199,0.6834012378,0.8349139092
0.04160630988,315.5198293,0.6195909464,0.7168717234,0.8642982087
0.02690903615,331.2653695,0.5238702741,0.706704497,0.7412861759
0.05518572519,354.7177077,0.4026528631,0.7215163457,0.5580647832
0.07524872284,325.2907303,0.5715415191,0.7253405131,0.7879630447
0.06446299759,327.94287,0.5551596727,0.7235771795,0.7672432029
0.07250457329,302.2583481,0.7016730837,0.7249411347,0.9679035305
0.04044088216,322.7013277,0.578933031,0.7163303922,0.808192752
0.03949827865,347.5509144,0.439583578,0.7158696257,0.6140553562
0.05960115981,351.1468194,0.4234024523,0.7225762088,0.5859623485
0.0347454987,346.0458532,0.4463137217,0.7131735201,0.6258136471
0.04065133904,330.0423659,0.5379252425,0.7164304028,0.7508408917
0.01166929564,314.8550766,0.5832172971,0.6707566867,0.8694915887
0.02924216899,305.7749573,0.6667497855,0.7089839441,0.940430021
0.04393867291,340.1720733,0.4821952982,0.7178702784,0.6717025522
0.0113055928,305.0343756,0.6328192761,0.6687895781,0.9462158157
0.01785398174,350.0969958,0.411424608,0.6924427299,0.594164095
0.01802684956,319.1862486,0.5789778756,0.6928437632,0.8356543081
0.0376903806,350.919727,0.4201861355,0.7149226394,0.5877365078
0.03856225743,319.3015619,0.5971744248,0.7153902084,0.8347534225
0.03488840684,341.0145514,0.4744073603,0.7132650752,0.6651206919
0.03521687553,313.194862,0.6296126032,0.7134727525,0.8824620156
0.05881605098,311.15462,0.6490044949,0.7223992418,0.8984014065
0.01206730332,342.6553087,0.4388569701,0.6727816021,0.6523022756
0.03797282582,349.758484,0.4267638391,0.7150764147,0.596808719
0.05087694874,349.7135789,0.4301383632,0.7203072789,0.5971595398
0.02625593261,345.9640198,0.4422732045,0.7059958614,0.6264529705
0.0297316219,349.6722046,0.4238649478,0.7094178515,0.5974827767
0.06457278914,341.8112991,0.4767759424,0.7235980631,0.6588961009
0.0688719023,317.7784323,0.6132848708,0.724364011,0.8466528727
0.01354667137,333.8151744,0.4900389102,0.6793209397,0.7213658251
0.02423954681,351.7326157,0.4090481227,0.7035743087,0.5813858147
0.06540204437,354.2069946,0.4067891099,0.7237535574,0.5620547294
0.02231920584,299.4978132,0.6934944976,0.70087456,0.9894702093
0.06447984464,316.8500786,0.6178693717,0.7235803885,0.8539056358
0.07097533518,318.8997314,0.607225306,0.72470531,0.8378927236
0.01116524586,298.625209,0.6655184562,0.6679984474,0.9962874298
0.05667698856,299.0485688,0.7168247975,0.7218925326,0.9929799315
0.02925804467,327.6926232,0.54536021,0.7089982403,0.7691982561
0.06867982931,352.0288352,0.4194399832,0.7243318151,0.5790716002
0.009914851109,307.3155397,0.6127706645,0.6600328296,0.9283942208
0.04049974477,299.1622769,0.7106932081,0.716358467,0.9920915867
0.07602928288,343.9036298,0.4661370208,0.7254488986,0.6425497671
0.04674919668,357.9216662,0.3832210929,0.7189432473,0.5330338581
0.06881732852,333.4269868,0.524721619,0.7243548812,0.7243985408
0.06256772075,340.8573604,0.481906918,0.7232052586,0.6663487472
0.02765098027,314.892726,0.6149311074,0.7074699828,0.8691974534
0.04236617342,335.8271809,0.5060963338,0.7172089106,0.7056470246
0.0238630423,333.5457671,0.5086563801,0.7030781919,0.7234705699
0.01980385303,330.8088246,0.5188461081,0.6965752372,0.7448529325
0.07788235568,342.8205734,0.4724372186,0.7256975895,0.6510111449
0.05002019047,342.7481919,0.4691627995,0.7200424034,0.6515766257
0.01213811702,355.2667303,0.3727622618,0.6731287895,0.5537755443
0.06848368389,310.2152476,0.6560265351,0.7242987521,0.9057402531
0.03298884824,355.443098,0.3932987127,0.7119847396,0.5523976722
0.02564094794,308.169204,0.6500894148,0.7052965222,0.9217249686
0.02258290251,301.8003224,0.6812726386,0.7012716028,0.9714818565
0.05777537468,307.281018,0.6706414765,0.7221573498,0.9286639216
0.05451382156,299.6824574,0.7127040971,0.7213402154,0.9880276766
0.07677000125,348.7419066,0.4387767306,0.725549733,0.6047507299
0.03989186609,345.4992035,0.451181109,0.7160646198,0.6300843479
0.02549760796,322.6366898,0.5702360735,0.7051288116,0.8086977359
0.009507641337,334.1804113,0.4720774068,0.657020532,0.7185124114
0.06125843604,327.5242788,0.5570311772,0.7229350502,0.7705134466
0.02344036403,309.5043332,0.6401868072,0.7025028326,0.9112942717
0.01634623204,326.9783937,0.5335132037,0.6886012301,0.774778174
0.0524078254,307.8696593,0.6660285625,0.7207593035,0.9240651619
0.0477477443,309.3509931,0.6563506645,0.7192945155,0.9124922411
0.03016249309,332.7746848,0.5177868785,0.7097884523,0.7294946499
0.02663716835,327.5995516,0.5438857727,0.7064136192,0.7699253778
0.04300445026,322.3578532,0.5817899251,0.7174830922,0.8108761466
0.03802698598,310.0059403,0.648869319,0.7151056459,0.9073754665
0.04577600018,333.0184765,0.5228362882,0.7185863861,0.7275900271
0.07703492927,299.7751443,0.7163729807,0.7255853315,0.9873035598
0.03794699655,349.8949255,0.4259932817,0.7150624454,0.5957427696
0.06653464305,301.0058191,0.7078074101,0.7239597387,0.9776889133
0.054413079,317.694024,0.6111777568,0.7213134372,0.8473123128
0.05447089886,298.1570325,0.7212891874,0.7213288182,0.9999450586
0.007023932205,341.587397,0.4174247494,0.6318439362,0.6606453358
0.06538785019,316.3593874,0.620789514,0.7237509286,0.8577391606
0.02380870117,310.3646747,0.6359195386,0.7030053309,0.9045728541
0.01756072654,328.4751216,0.5278603011,0.6917451,0.7630849876
0.07251370241,330.1473967,0.543721629,0.724942513,0.7500203386
0.03292568374,357.3463553,0.382687852,0.7119396839,0.5375284742
0.07212188101,316.2659387,0.6222897912,0.7248830482,0.8584692287
0.04077249423,313.8774183,0.6284523694,0.7164875168,0.8771295448
0.06559743157,302.0232936,0.7018876774,0.7237896287,0.9697398934
