r_p,T_3 (K),eps_r,P,B,A
20.53007564,1348.68842,0.4670742734,0.3443661308,0.7789333729,0.4420995977
21.87639153,1554.945142,0.03816318372,0.3907440508,0.8082569012,0.4834404138
4.563684234,1398.052786,0.631054038,0.3767637049,0.7867390966,0.4788928204
5.433281785,1296.915946,0.4118249065,0.3265538981,0.7701084632,0.4240362412
16.39466508,1292.392244,0.7194875293,0.3264997107,0.7693037843,0.4244093392
23.08112269,1181.440591,0.2851242819,0.2662749402,0.7476386014,0.3561546176
21.23127605,1415.408478,0.206031426,0.3634464622,0.7893540949,0.4604352654
12.75677989,1212.372813,0.3153410934,0.3112992744,0.7540772964,0.4128214388
11.08056108,1633.662974,0.936516359,0.4863689172,0.8174960168,0.5949495865
20.0372044,1228.963882,0.1182795263,0.3077431745,0.7573972641,0.4063167232
21.41913852,1215.22886,0.7021149115,0.2872072337,0.7546552672,0.3805807051
20.73263493,1297.293884,0.768009266,0.322152301,0.770175437,0.4182843097
18.59065541,1223.101993,0.7469873674,0.3000765443,0.7562345564,0.3968035337
23.65987505,1583.500906,0.6711252754,0.390994776,0.811714664,0.4816899255
14.84364159,1474.431434,0.2284976407,0.3738423696,0.7977864599,0.4685995419
18.95547276,1590.532435,0.6084861277,0.4002676364,0.8125470481,0.4926085663
16.66047696,1597.427603,0.0006916232612,0.3860723642,0.8133561738,0.4746658065
11.0483282,1513.922975,0.3741997378,0.3861877338,0.8030613149,0.4808944555
13.09619472,1493.807773,0.5729303147,0.3966794069,0.8004093931,0.4955956418
14.38877919,1324.925643,0.5209081953,0.3404211035,0.7749685036,0.4392708889
10.36628091,1620.881671,0.6467676717,0.4382462843,0.8160568995,0.5370290779
5.960049359,1345.051394,0.1547674323,0.3014810014,0.7783356076,0.3873406259
9.328783916,1170.897224,0.5221099303,0.3147594072,0.7453662082,0.4222882709
22.45066075,1330.294402,0.3571073013,0.3376507654,0.7758766784,0.4351861253
2.81669317,1149.669516,0.07464119938,0.1832746285,0.7406646032,0.2474461825
7.757789432,1438.881923,0.3252011795,0.3557215853,0.7927905026,0.4486955686
20.19962838,1610.86698,0.5953330711,0.4006195934,0.8149133332,0.491610061
17.83485231,1454.625347,0.1183151468,0.3693088653,0.7950331331,0.4645200934
9.024707709,1314.620382,0.4034891698,0.3489621893,0.77320449,0.4513194036
15.58446753,1174.6743,0.3897159337,0.2964635652,0.7461849638,0.3973057346
16.46444856,1478.41251,0.04886766397,0.371563268,0.7983309813,0.4654250889
11.6181045,1258.224462,0.525839129,0.3327343531,0.7630391006,0.436064617
18.99990059,1537.324505,0.5580009953,0.3851970274,0.8060591638,0.4778768665
19.79664913,1486.373712,0.917848723,0.3656118095,0.7994111456,0.4573514036
7.066255637,1277.351648,0.2436200565,0.3175884436,0.766587376,0.4142886428
21.4362252,1373.50076,0.1071079712,0.3535200431,0.7829269493,0.4515364344
13.89268079,1207.087879,0.9468845767,0.2964015367,0.753000585,0.3936272329
18.19548256,1444.176284,0.1134423787,0.36802562,0.7935501342,0.4637711017
20.57936811,1397.416538,0.7273634008,0.3521201697,0.7866419983,0.4476244218
22.77609816,1554.03296,0.4569649301,0.3886685148,0.8081443523,0.4809394679
17.43405943,1178.884368,0.7989237738,0.2834833698,0.7470913958,0.3794493838
15.73849141,1632.065651,0.58955037,0.4212937988,0.8173173979,0.5154592327
20.61652678,1447.595235,0.4470891122,0.3679945279,0.7940377305,0.4634471559
4.132605721,1185.153953,0.9319030802,0.4287763856,0.748429308,0.5729016502
14.28321004,1163.930148,0.1641202961,0.2975136722,0.7438420163,0.3999688989
4.941607529,1429.2108,0.6274767325,0.3858608106,0.7913883663,0.4875745298
3.478919595,1213.169604,0.903259658,0.431212106,0.7542388145,0.5717182644
18.06249869,1145.326346,0.7299805038,0.2658756121,0.7396811826,0.3594462295
7.981494931,1573.092945,0.6536005969,0.4320641561,0.8104689231,0.5331039152
18.23132557,1340.710979,0.479477688,0.3432442285,0.7776179917,0.4414046899
14.61952519,1668.510058,0.2774880995,0.4063155594,0.82130764,0.4947178617
11.81194729,1129.097517,0.3383804048,0.2869540734,0.7359395485,0.3899152777
14.80979762,1226.788669,0.7851056278,0.3068877011,0.7569671064,0.4054174858
13.6762379,1382.287988,0.2636873373,0.35617914,0.7843068864,0.4541323634
12.71153491,1349.664874,0.7791555792,0.3639745851,0.7790933099,0.467177141
13.38722348,1560.549121,0.8293082665,0.432091061,0.8089454565,0.5341411557
17.11029086,1391.245206,0.6890706603,0.3501437734,0.7856955778,0.4456481407
12.54784511,1492.222723,0.4345018043,0.3881109138,0.8001973865,0.485018972
17.16677054,1527.305352,0.9207442205,0.3951313941,0.8047869081,0.4909764188
7.078719895,1115.220153,0.3029912531,0.2905930903,0.7326536835,0.3966309006
13.05700575,1169.748306,0.2625410662,0.3000220229,0.7451161088,0.4026513712
17.14130264,1418.031911,0.2089209483,0.3615401782,0.7897438007,0.4577942592
12.21626868,1625.922628,0.07644009062,0.3757488827,0.8166271907,0.4601229141
13.66716783,1666.503825,0.5128559995,0.4259730699,0.8210925198,0.5187881507
8.428810756,1613.315459,0.0002170147382,0.3351567632,0.8151942335,0.4111373087
8.174916164,1236.342607,0.570325054,0.3447121324,0.7588451629,0.4542588518
12.81218512,1163.167563,0.1122683481,0.2991003042,0.7436740763,0.4021927263
23.7737328,1457.694,0.5800489527,0.3682685619,0.7954646174,0.4629603302
7.449613177,1259.572254,0.1384452106,0.3073757911,0.7632926582,0.4026971671
17.84412626,1241.359406,0.2570371186,0.3172958374,0.75981976,0.4175935585
14.25748366,1442.643962,0.04757655174,0.3611594137,0.793330851,0.4552443829
17.73908499,1613.369313,0.5364131848,0.4087593284,0.8152004022,0.5014218924
20.02142637,1352.110977,0.5748363506,0.3439312186,0.7794929521,0.4412242826
15.49708423,1275.245156,0.3643926717,0.3282533206,0.7662018172,0.4284162647
10.80829152,1493.150159,0.02421742404,0.3501735091,0.8003214893,0.4375410555
18.6020281,1516.568396,0.0897871649,0.3809827983,0.8034048442,0.4742102329
9.839271936,1600.290828,0.4390349035,0.403622099,0.8136901151,0.4960390835
17.37978949,1530.830639,0.3873338967,0.3873589398,0.8052364563,0.4810499286
6.922194529,1365.705428,0.3286500659,0.339640712,0.7816879146,0.4344965626
6.914942339,1104.715736,0.01408337219,0.2671228684,0.730111566,0.3658658222
17.75347641,1283.767764,0.356231581,0.3298324542,0.767753944,0.4296069813
6.712606074,1361.17074,0.5614525048,0.373467921,0.7809606163,0.4782160755
17.45474741,1555.381755,0.1271059921,0.3866895068,0.8083107256,0.4783921511
22.32133569,1221.657035,0.8407954335,0.2823350675,0.7559462342,0.3734856459
15.85825147,1488.467238,0.4455609458,0.3819222998,0.7996932734,0.4775859852
6.078681817,1420.737562,0.1996346026,0.3166622346,0.7901442124,0.4007651131
3.107223497,1140.413635,0.7792381415,0.3490483978,0.7385597726,0.4726068367
16.01848212,1422.722818,0.61303603,0.3643611207,0.7904370435,0.4609615954
8.229513496,1553.591184,0.7852808732,0.4566114013,0.8080897967,0.5650503239
23.76417082,1604.141238,0.6190737128,0.3952121773,0.8141373135,0.4854367571
8.820710389,1126.784866,0.8399149064,0.3105777962,0.7353975821,0.4223263767
23.98179554,1403.554528,0.4193929625,0.3568181424,0.7875750503,0.4530592257
3.679090844,1170.152174,0.03235463903,0.2162140331,0.7452040799,0.2901406996
19.4074765,1463.058996,0.1598528321,0.3725471791,0.7962146428,0.4678979248
12.44099504,1315.015034,0.6012223344,0.3490569729,0.7732725541,0.4514022527
3.637518458,1307.737651,0.4011793593,0.2851719352,0.7720108465,0.3693885086
4.66219256,1284.536707,0.02573112053,0.2529507273,0.76789297,0.3294088333
21.49015948,1617.44734,0.01701159731,0.3993058785,0.8156663326,0.4895456176
6.236975995,1502.964939,0.8509027472,0.4729996412,0.8016254456,0.5900506824
6.533281955,1485.22966,0.2156027765,0.3314499232,0.7992566348,0.4146977438
6.335579615,1398.545183,0.9479205384,0.4754580942,0.7868141812,0.6042825683
14.38377645,1652.431566,0.3896968868,0.4126820931,0.8195689273,0.5035355531
21.0964633,1279.360823,0.4671853064,0.3211878881,0.7669539394,0.4187838038
5.799586631,1470.533536,0.07953644826,0.297946371,0.7972504586,0.3737174031
4.670813132,1248.519268,0.4325149267,0.31140413,0.7611971176,0.4090978838
19.12689309,1602.723485,0.3187221127,0.3988651191,0.8139729013,0.490022602
9.589710668,1242.785795,0.3527758824,0.32856999,0.7600954234,0.432274659
12.34793708,1554.585207,0.6998636702,0.4246562043,0.8082125067,0.5254264204
17.35723589,1649.063271,0.8878938559,0.433712781,0.8192003878,0.5294342965
8.398192357,1319.867014,0.1935991508,0.3285881616,0.7741060297,0.4244743602
5.017557981,1316.429539,0.3382455105,0.3099397465,0.773516173,0.4006894197
13.86543781,1607.366279,0.7676666618,0.4365065087,0.8145102309,0.5359128617
16.80460737,1115.063198,0.4329686996,0.2630140729,0.7326160521,0.3590067023
12.83508158,1184.47419,0.49559949,0.3013078719,0.7482849331,0.4026646248
17.24237328,1606.939192,0.5485277299,0.4091534842,0.814460932,0.5023610933
23.73580458,1308.953478,0.4706434491,0.3255942821,0.7722226152,0.4216326688
6.225501582,1477.411312,0.5923759861,0.3967545965,0.7981943163,0.4970651737
12.19997833,1327.865029,0.6872335403,0.3574384812,0.7754666374,0.4609334096
20.12268526,1312.868012,0.3801456533,0.3355553265,0.7729017714,0.434150029
14.42316579,1259.227735,0.4969983899,0.3219336499,0.7632278962,0.4218054025
13.30554585,1266.030366,0.55205934,0.3251199138,0.7645001194,0.42527124
19.01613895,1508.185783,0.2271419589,0.3792991513,0.8023121532,0.4727575792
5.576127027,1481.341029,0.3255157292,0.3343574717,0.7987296685,0.418611559
20.92817535,1452.277774,0.8378933692,0.361834294,0.7947018089,0.4553082552
16.02841,1367.582302,0.6598874522,0.3447106801,0.7819875267,0.4408135274
11.02374053,1241.235514,0.5884409135,0.3316358436,0.7597957868,0.436480235
10.80536306,1136.917648,0.6410690614,0.2889483397,0.7377558519,0.3916584856
17.15316495,1168.931374,0.3907052052,0.2892049195,0.7449379779,0.3882268431
20.97775416,1322.530845,0.4998887451,0.3356350357,0.7745610235,0.4333229087
10.52074333,1594.540623,0.496446537,0.4121115945,0.8130182475,0.5068909532
23.4118423,1648.290262,0.186559885,0.4055631542,0.819115597,0.4951232228
21.59793307,1477.051309,0.5478690605,0.3728359293,0.79814513,0.4671279887
19.65190073,1635.887967,0.7005075707,0.4107545308,0.8177442429,0.5023019536
15.70852019,1373.835962,0.5519810408,0.3498693295,0.782979913,0.4468433017
7.473420768,1444.379098,0.7494641135,0.4269631393,0.7935791231,0.5380221416
15.74015059,1307.684965,0.3173193551,0.3367433872,0.772001661,0.4361951589
12.70273221,1660.411717,0.6629083773,0.4427316988,0.8204361021,0.5396297135
7.804539585,1342.395592,0.05346173704,0.3127524158,0.7778970656,0.4020485867
6.806904604,1162.799068,0.6705995885,0.3375782565,0.7435928457,0.453982658
16.54023388,1421.082003,0.2081429653,0.3622998986,0.7901950772,0.4584942492
8.513759432,1630.607663,0.8049246983,0.4764466386,0.8171540545,0.5830560786
17.20310688,1285.430325,0.3573891535,0.3306971916,0.7680543284,0.4305648434
13.90812236,1385.833929,0.36628506,0.3591934647,0.7848587816,0.4576536227
15.33599796,1496.985615,0.1585841686,0.3757766634,0.8008330895,0.4692321888
17.3595772,1535.019924,0.6112287827,0.3918862312,0.8057679934,0.4863512008
10.11065591,1665.961949,0.03486868232,0.3596480807,0.8210343278,0.438042684
21.59891234,1467.457238,0.182339721,0.3746853881,0.7968254255,0.4702226813
8.551899474,1147.118833,0.6250901587,0.3152399905,0.7400879565,0.4259493588
7.37861105,1207.798616,0.5590646587,0.3376529413,0.7531459335,0.4483233943
10.06941786,1516.324679,0.8445035896,0.4467951748,0.8033732457,0.5561489347
4.146231465,1335.2521,0.4513636569,0.3145406099,0.7767088328,0.4049659237
15.35366649,1159.72131,0.6419985581,0.2863741569,0.7429123726,0.3854750135
23.87512498,1441.611835,0.1506227327,0.3689551369,0.7931828855,0.4651577129
15.79661107,1190.547753,0.3231187572,0.3027431522,0.7495690541,0.403889609
16.92962077,1427.25396,0.2947092366,0.3630551783,0.7911023488,0.4589231454
14.02890595,1515.894925,0.7011926816,0.4061163968,0.8033175024,0.5055490458
13.71561392,1406.929576,0.02261249705,0.3533297984,0.7880846312,0.4483399173
6.844996581,1444.191834,0.7705049468,0.4338123437,0.7935523571,0.5466713567
21.94552547,1196.700417,0.1930991733,0.2832926599,0.7508566089,0.3772926236
9.393666114,1107.742918,0.790040962,0.2909754217,0.7308491031,0.3981333773
14.53929048,1287.960558,0.6304827645,0.3264718902,0.768509992,0.4248115101
3.659278315,1291.580368,0.5833417147,0.3279467919,0.7691587707,0.426370737
8.245302819,1105.104913,0.05383100994,0.2778564089,0.7302066108,0.3805175204
19.68547869,1244.025902,0.5235893017,0.3103750255,0.7603345723,0.4082084872
11.38003537,1478.468938,0.6091715764,0.4014280356,0.7983386784,0.5028292458
21.02558156,1291.068687,0.5896536336,0.3234318446,0.7690672828,0.4205507786
12.53010882,1624.871733,0.6102912481,0.430066937,0.8165085933,0.5267145264
13.22636687,1684.246694,0.4673292943,0.4243598727,0.822977239,0.5156398654
17.85402007,1691.699472,0.1398878148,0.4062369273,0.8237571124,0.4931513443
17.09474942,1183.460395,0.2844910285,0.2970048645,0.7480693049,0.3970285408
3.836045498,1247.187407,0.1405087752,0.2418593499,0.760942102,0.3178419873
21.92870829,1549.945278,0.502204622,0.3866903973,0.8076383701,0.4787915132
11.51585286,1518.480931,0.7906072644,0.429492757,0.803652457,0.5344259864
8.156469585,1384.37653,0.8578993977,0.4267206862,0.7846322923,0.5438479788
18.30351654,1282.080093,0.2293196675,0.3299743829,0.767448226,0.4299630538
5.685719019,1361.953213,0.3297602355,0.3248948254,0.7810864593,0.4159524487
12.86694257,1323.797155,0.4287438343,0.3463610878,0.7747766727,0.4470463555
15.54037402,1185.966771,0.2875372934,0.3020012574,0.7486017254,0.4034204667
8.446126421,1220.675482,0.6003531485,0.3411486646,0.7557499889,0.4514041279
8.997070575,1199.362382,0.384228911,0.3191143237,0.7514095785,0.424687591
3.122597926,1261.900513,0.4488844806,0.2700807284,0.7637293932,0.3536340631
12.5537621,1129.482584,0.6688651224,0.2802450867,0.7360295729,0.380752482
10.4545858,1523.038003,0.6196160734,0.4150137391,0.8042399471,0.5160322372
13.96717058,1635.391784,0.6204209491,0.4295242827,0.8176889459,0.525290558
3.219287665,1234.180912,0.8029961057,0.3837550529,0.7584227748,0.5059909402
11.04575791,1573.317944,0.9347117223,0.4687868703,0.8104960278,0.5783950251
8.734574233,1150.636523,0.8157416732,0.3231089719,0.7408825515,0.4361136205
6.030514847,1380.463035,0.920158482,0.4648444217,0.7840217431,0.59289736
19.83656937,1645.669006,0.8146978236,0.4143171683,0.8188274805,0.505988353
4.011844745,1226.090187,0.8017897092,0.3913095746,0.7568286548,0.5170385293
21.33384574,1573.069465,0.5988130828,0.3882115572,0.8104660941,0.4789979001
4.282237439,1127.998751,0.3970228554,0.2792303926,0.7356823314,0.3795529411
16.52670853,1208.831993,0.03690810533,0.3096217592,0.7533569579,0.4109894466
22.23233469,1392.370228,0.4718156415,0.3546951095,0.7858687338,0.451341419
10.18959824,1205.476138,0.09039299383,0.3086487406,0.7526703429,0.4100716117
16.51373444,1233.409179,0.1928784571,0.317305092,0.7582716221,0.4184583502
15.71194108,1237.149427,0.3979608631,0.3172570212,0.7590024346,0.4179920995
11.72905602,1214.730821,0.7666355173,0.3158165951,0.7545546759,0.4185469989
3.20224557,1246.68908,0.1523478056,0.2188055864,0.7608465457,0.287581757
17.30779168,1328.78989,0.6206899907,0.3378780817,0.7756229165,0.4356215817
9.447883924,1399.643204,0.6157842311,0.3891017184,0.7869814256,0.4944230013
13.97201416,1154.389162,0.3199350425,0.2932981574,0.7417248793,0.3954271531
14.5105307,1444.859949,0.6423371692,0.3802049808,0.7936478203,0.4790600706
22.33748825,1236.629735,0.6709955588,0.2947359509,0.7589011557,0.3883719885
7.714626,1212.646332,0.5889291162,0.3409847501,0.7541327656,0.4521548004
6.262137,1457.432596,0.5859168598,0.392494812,0.7954279321,0.4934385582
14.5307495,1528.740965,0.498388342,0.3965553329,0.8049702292,0.4926335391
9.756011479,1568.326141,0.4246345226,0.3969637448,0.8098928583,0.4901435304
10.52471199,1470.208742,0.5634241254,0.3971651977,0.7972056678,0.4981966558
20.60850584,1426.760739,0.8812149201,0.3551733966,0.7910301343,0.4490010952
8.996137835,1219.215382,0.945254891,0.3599650775,0.7554574816,0.476486217
13.03624703,1486.418212,0.3324582705,0.3802287293,0.7994171508,0.4756324392
14.51933737,1560.261901,0.5866735137,0.4086864777,0.8089102863,0.5052309071
22.99312015,1311.155078,0.694652164,0.3239562724,0.7726050831,0.4193038325
8.108207673,1484.609691,0.8785428493,0.4614921663,0.7991728049,0.5774623004
21.05316841,1552.099943,0.1249126214,0.3892029647,0.8079054114,0.4817432328
22.15779744,1282.01829,0.2411114465,0.3221501567,0.7674370154,0.4197740665
6.469999556,1520.931871,0.03617807916,0.3070006566,0.8039688656,0.3818563998
12.06221627,1458.922353,0.5025657062,0.3864984172,0.7956368279,0.4857724073
9.386048707,1175.151921,0.4416990612,0.3131169788,0.7462881227,0.4195658074
6.931862331,1382.929491,0.6437906187,0.3931260499,0.7844069405,0.5011761492
19.50256437,1357.584745,0.5932990185,0.3452852668,0.7803820343,0.4424567092
15.20498605,1171.785633,0.5715542615,0.2930701822,0.7455592631,0.3930877084
10.1812779,1102.175902,0.5627569901,0.2790881012,0.72948964,0.382579938
13.45746088,1114.792261,0.09733315201,0.2811180046,0.7325510676,0.3837520919
19.49771191,1661.982525,0.02310894684,0.4014426907,0.8206058153,0.4892028343
17.98629156,1591.813149,0.6132000587,0.4046492142,0.8126978659,0.4979085479
18.50554868,1364.036229,0.1781912827,0.3518422414,0.7814207616,0.4502596536
14.62536153,1475.936646,0.5113828743,0.3842551222,0.7979926843,0.481527124
23.84420553,1434.603202,0.4120154073,0.3651335709,0.7921724978,0.460926846
15.15613477,1478.963244,0.3791720978,0.3794307037,0.7984060786,0.4752352392
15.30013972,1323.064093,0.6353961084,0.3350500187,0.7746518845,0.4325168833
7.778939332,1496.31298,0.03405471401,0.3239444544,0.8007435584,0.4045545556
13.14579078,1290.592075,0.6614534977,0.3355809447,0.768982,0.4363963586
7.51689397,1513.055805,0.351520944,0.3665293325,0.8029484445,0.4564792859
3.130195031,1280.456837,0.7434148828,0.3637060388,0.7671534163,0.4740981805
7.623981147,1421.194051,0.7521476705,0.4212999913,0.7902116183,0.5331483132
11.09582739,1199.159916,0.2347838089,0.3109894567,0.7513676067,0.4138978762
18.95258348,1155.170632,0.5887792755,0.2701808613,0.7418996018,0.3641744256
8.766970026,1323.098885,0.3668627929,0.3469856105,0.7746578103,0.4479211412
6.237336557,1322.462503,0.8061507914,0.4137875988,0.7745493733,0.5342301125
7.921697957,1442.550463,0.1052822165,0.3297189916,0.7933174557,0.4156204925
22.27440636,1253.514397,0.5255840185,0.3060615015,0.7621487231,0.4015771362
15.93993523,1347.909834,0.1264618826,0.3469753477,0.7788056793,0.4455223645
18.80329523,1296.983144,0.2993844226,0.3332739753,0.770120374,0.4327556919
16.58696013,1699.151428,0.6051160759,0.4340815746,0.8245300595,0.5264593687
14.15941955,1494.211008,0.8342502311,0.4057089492,0.8004632556,0.5068426893
23.41253153,1461.401072,0.8181146447,0.3644038543,0.7959834533,0.4578033033
17.13932869,1653.939119,0.82567469,0.4335288982,0.8197333889,0.5288657313
8.174189378,1176.628167,0.9152976691,0.3503611114,0.7466064401,0.469271483
10.80140485,1132.701778,0.8771991312,0.2835168619,0.7367797898,0.3848054274
4.813460234,1105.97803,0.03263732796,0.2402126589,0.7304195998,0.3288694046
20.7126428,1391.913239,0.8588455396,0.3475631328,0.7857984307,0.44230571
9.860717521,1232.767525,0.1246871664,0.3150459945,0.7581458028,0.4155480296
20.30718745,1312.423572,0.4792984139,0.3337854451,0.7728248667,0.4319030863
6.365902326,1517.540938,0.5998079722,0.4054115807,0.8035308356,0.5045376763
21.03282708,1285.371616,0.1924949312,0.3265761571,0.7680437343,0.4252051575
11.53277314,1646.077659,0.3573002485,0.404251703,0.8188724582,0.4936687014
13.99594746,1166.717968,0.1146225329,0.2991744983,0.7444540941,0.4018709826
13.32993721,1399.081157,0.5098297613,0.3682830193,0.7868958505,0.4680200297
17.22437607,1475.375549,0.4266060356,0.3745765788,0.7979158593,0.469443707
12.17391161,1294.237136,0.0931292776,0.3318599964,0.769632634,0.4311927298
6.093106901,1349.555672,0.824985472,0.4270958034,0.7790754348,0.5482085358
10.38721019,1135.741426,0.01854819741,0.2902354084,0.7374842608,0.3935479356
10.30157428,1105.175962,0.1334803281,0.2817438022,0.7302239551,0.3858320454
3.245111602,1131.358731,0.2216919588,0.2219409604,0.7364673185,0.301358872
16.91402046,1599.619142,0.4228419073,0.4037452463,0.8136118829,0.4962381386
10.32469873,1403.773194,0.04448605443,0.3391121941,0.7876081398,0.4305595346
16.56305128,1587.249355,0.3728115122,0.3998339278,0.8121593188,0.4923097212
15.74919044,1311.077533,0.3604728093,0.3370723683,0.7725916336,0.436287883
20.67347824,1510.979979,0.4594255299,0.3795758137,0.8026777296,0.4728869379
10.89866849,1174.247854,0.2627610933,0.3039952123,0.7460927869,0.4074496063
12.33870014,1144.588842,0.8450939373,0.280626882,0.7395134489,0.3794750217
11.20327772,1669.154594,0.6945787736,0.4530376128,0.8213766412,0.5515589196
16.93893218,1313.195119,0.2340950338,0.3391998223,0.7729583398,0.4388332526
18.25223588,1187.074882,0.7826348356,0.2846179366,0.7488364008,0.3800802636
21.38314609,1698.688754,0.7835004616,0.4208895775,0.8244822665,0.5104895455
16.98513057,1672.869539,0.5447641721,0.4240138971,0.8217733104,0.515974286
10.5105216,1424.348011,0.8280039574,0.4131047977,0.7906761566,0.522470286
21.11238319,1690.324013,0.8812389678,0.4212144499,0.8236136991,0.5114223457
20.19037576,1632.808453,0.2934760229,0.4032876544,0.8174005044,0.4933782794
19.95725642,1275.897965,0.4060310296,0.3234110932,0.7663214394,0.4220305952
20.31849918,1407.220389,0.4916763221,0.3587109277,0.7881284251,0.4551427359
10.54548146,1132.211504,0.1532036239,0.2903842091,0.7366658093,0.3941871679
12.7513552,1111.816773,0.5748816877,0.2755579714,0.7318353102,0.3765300301
19.2111886,1358.41894,0.09185822829,0.3508413442,0.7805169001,0.4494987157
4.545274951,1296.177773,0.3146470697,0.2938123221,0.7699775399,0.3815855747
3.088135195,1170.413145,0.3599742565,0.2414951863,0.7452608925,0.3240411361
13.93338046,1624.703389,0.9255984163,0.4559212109,0.8164895808,0.558391952
11.65341388,1183.437237,0.4301718429,0.3042853503,0.7480643749,0.4067635895
9.460953144,1186.769477,0.008197486699,0.2988789552,0.7487717658,0.3991589545
23.38635107,1599.99707,0.792098866,0.3910440084,0.8136559087,0.4806012028
5.155760844,1438.133962,0.09791686009,0.2850898147,0.7926827347,0.3596518534
7.966608859,1519.329355,0.2875411367,0.3614993739,0.8037621014,0.4497591679
23.53793939,1609.998508,0.6748260804,0.3949577197,0.8148134929,0.4847216242
18.04770159,1462.188038,0.9227242765,0.3619315077,0.7960932573,0.45463456
5.906540131,1150.441076,0.7639984683,0.3520467263,0.7408385304,0.4752003464
20.37027372,1298.022556,0.5324709483,0.3281767761,0.7703044538,0.4260351534
19.06961383,1224.944034,0.2196991929,0.3085142444,0.7566011248,0.4077633965
17.0858727,1603.832777,0.8252390786,0.4190699125,0.814101567,0.5147636726
8.2810348,1311.328743,0.6904634784,0.3788133411,0.772635198,0.4902874502
10.5941807,1441.864554,0.2684549275,0.3640150992,0.7932191348,0.4589086209
15.27487106,1433.032177,0.1554109255,0.3643449939,0.7919446578,0.4600637056
20.04087265,1214.311116,0.03455112957,0.301546613,0.7544698422,0.3996801411
4.687497564,1212.849832,0.395274708,0.2999687498,0.7541740189,0.397744741
10.96088214,1559.589264,0.8114928967,0.4470091518,0.808827871,0.5526628938
14.03714404,1555.890042,0.3834638227,0.396089257,0.8083733477,0.4899830729
11.0057704,1236.328217,0.3391278889,0.324133614,0.7588423561,0.427142227
18.38538145,1521.605925,0.7261190989,0.3831353128,0.8040557052,0.4765034442
14.21592423,1533.624719,0.5231585846,0.3997492021,0.8055912922,0.4962183752
10.14975186,1486.596025,0.4510762481,0.3882800515,0.7994411427,0.4856893531
10.1118122,1419.736642,0.7702127351,0.4085393718,0.7899962633,0.5171408914
13.88919144,1247.716657,0.7456972166,0.313551204,0.7610435044,0.4120016821
17.25236788,1638.427465,0.1340302443,0.3982890398,0.8180267321,0.4868900052
21.81709668,1513.122308,0.7622008957,0.3758303693,0.802957105,0.4680578413
11.23519166,1495.723702,0.9468886196,0.4433650619,0.8006650563,0.5537459871
5.596624897,1477.051527,0.4685052979,0.362566021,0.7981451598,0.4542607527
13.58829595,1450.506957,0.7386200072,0.3911005812,0.7944511754,0.4922902669
17.38527169,1441.9656,0.2226306576,0.3662591128,0.7932336249,0.4617291821
9.391687671,1342.687627,0.1959938752,0.3377320805,0.7779453732,0.4341334137
23.80707287,1485.120267,0.5972775882,0.374057844,0.7992418482,0.4680158388
19.3584976,1645.988512,0.06227594337,0.4003840747,0.8188626483,0.4889514445
12.49673082,1561.286706,0.3562889321,0.3942253583,0.8090357146,0.4872780659
15.59162347,1195.157877,0.4511345213,0.3030211397,0.7505350501,0.403740158
13.99579019,1463.465339,0.5042010139,0.3827927131,0.7962712255,0.4807315659
13.20500336,1449.025719,0.9088133593,0.4022222373,0.7942410572,0.5064233757
11.84083102,1121.472733,0.02183875569,0.286559992,0.7341442274,0.3903320101
12.3787347,1258.571108,0.7718128075,0.3291356209,0.7631043664,0.4313114108
21.37341194,1301.105247,0.7762788591,0.3219682042,0.7708486683,0.4176801718
15.21948359,1233.322399,0.587411296,0.3132788995,0.7582546135,0.4131579207
5.06468754,1171.909626,0.3216112721,0.2885824991,0.745586184,0.3870545153
9.088935133,1560.683225,0.1521718825,0.3570703238,0.8089618731,0.4413932667
13.35444208,1571.254434,0.8119656343,0.4338783402,0.8102471544,0.5354888787
7.555681095,1438.658675,0.3322209484,0.3551029533,0.7927583484,0.4479334139
4.142816569,1167.750297,0.6820336393,0.341607531,0.7446800051,0.4587306342
22.23830626,1266.078807,0.8073008123,0.3050483824,0.7645091297,0.3990120858
10.01064454,1401.271809,0.4295465511,0.3700113597,0.7872290029,0.4700174388
7.632990716,1434.89569,0.7352649474,0.4212875236,0.7922148613,0.5317844238
11.27563748,1102.146788,0.4946239383,0.2758852777,0.7294824944,0.3781931436
3.3180739,1151.855727,0.4334983161,0.2629491508,0.7411568194,0.3547820703
14.705097,1205.738589,0.5904985827,0.3051784516,0.7527241786,0.4054319767
17.00931297,1198.100599,0.8141333463,0.2925676673,0.7511477749,0.3894941543
11.6169229,1194.024636,0.9347109574,0.3056208754,0.7502982845,0.4073324993
9.165766644,1342.928333,0.09046872502,0.3277066121,0.7779851741,0.4212247521
11.63281487,1360.499249,0.7827676455,0.3777508022,0.7808525068,0.4837671633
12.08875973,1162.824725,0.7332558868,0.2896227482,0.7435985032,0.3894880732
10.70136175,1469.922597,0.1833458538,0.3609784669,0.7971661905,0.4528271159
13.51535271,1483.695464,0.7320696922,0.4015422767,0.7990490588,0.5025251857
10.77881228,1211.438542,0.6440383426,0.3229620897,0.7538876388,0.4283955235
22.92919043,1186.255959,0.2276260879,0.2709895142,0.7486630118,0.3619646088
12.13979116,1631.689929,0.8052286958,0.4569167469,0.8172753324,0.5590732141
13.63114996,1467.469142,0.4812991957,0.3837404688,0.7968270736,0.4815856307
2.574913972,1118.295437,0.9363753686,0.4189558606,0.733388879,0.5712601767
22.87942995,1629.74203,0.1583699672,0.4025236427,0.8170569363,0.4926506645
13.5688019,1429.136656,0.2529804541,0.3656189925,0.7913775435,0.4620032443
4.758259417,1380.290076,0.2591612892,0.2971986725,0.7839946796,0.3790825119
23.45290567,1486.101401,0.4309760956,0.3766671448,0.7993743901,0.4712024171
16.11789016,1464.890766,0.7661821752,0.378896896,0.7964694659,0.4757205545
9.167607454,1383.283621,0.008710811674,0.3254270565,0.7844621338,0.4148410006
17.43959992,1690.01782,0.8901959721,0.4454912261,0.8235817419,0.5409192596
4.356737366,1237.743561,0.766681701,0.3841984179,0.7591181168,0.506111512
5.431896626,1364.126419,0.7714243816,0.4182001494,0.7814352132,0.5351693171
13.59389904,1621.990798,0.3922272389,0.4077786996,0.816182681,0.4996169474
5.781072883,1480.575728,0.3372626938,0.3398985316,0.798625633,0.4256043352
23.88162285,1469.667979,0.1814789894,0.3752574825,0.7971310498,0.4707600872
7.499967183,1268.617516,0.02988820846,0.2988093664,0.7649803852,0.3906104943
19.12292064,1510.241385,0.6736964775,0.37546941,0.8025812277,0.4678273015
22.74006775,1410.610085,0.5981209553,0.3570287654,0.7886375525,0.4527159077
17.86554281,1274.190306,0.004018400454,0.3289531586,0.7660082654,0.429438132
12.26934918,1215.219111,0.2412141789,0.313595257,0.7546532989,0.4155487791
15.46152124,1427.60921,0.6781055354,0.369633459,0.7911543314,0.4672077803
4.690404204,1211.39238,0.5141107682,0.320902056,0.7538782603,0.4256682715
7.119392049,1549.780065,0.5349010783,0.4007605006,0.8076178635,0.496225404
15.45924724,1408.701528,0.8956851286,0.3636444258,0.7883511915,0.4612721206
17.14914225,1460.606126,0.5315296676,0.3707357178,0.7958724157,0.4658230522
10.72471561,1120.963104,0.0750538456,0.2864392334,0.73402336,0.3902317678
13.56949884,1292.972678,0.2518804666,0.3338625421,0.769407347,0.4339216975
17.12094153,1438.933841,0.6866322279,0.3629243847,0.792797979,0.4577766269
10.08547486,1105.646599,0.5196304119,0.2820034638,0.7303387899,0.386126915
15.66740212,1399.662827,0.3336196421,0.3585458438,0.7869844121,0.4555945941
6.659527015,1349.654926,0.6282998154,0.3828886121,0.7790916817,0.4914551408
7.152934738,1389.504861,0.5901902723,0.3851637523,0.785427163,0.4903876139
16.09682913,1318.178926,0.2252897843,0.3401580822,0.7738167451,0.4395848039
18.60024376,1184.884483,0.6874166515,0.2848422679,0.748372095,0.3806158323
13.30456317,1622.349917,0.3968903309,0.4080596392,0.8162233702,0.4999362357
6.528542076,1161.39648,0.4559300628,0.314547642,0.7432831897,0.42318681
22.26161587,1267.52078,0.1056417753,0.3168030555,0.7647770318,0.4142423769
4.689313239,1139.679118,0.3975417073,0.2883136813,0.7383912759,0.3904619282
18.76348996,1201.592201,0.3347987368,0.298553614,0.7518708928,0.3970809574
7.030469677,1534.769436,0.2913924741,0.3541653239,0.805736293,0.4395548853
10.18641228,1638.078325,0.737532944,0.4572243669,0.8179879463,0.5589622304
17.8578783,1361.145235,0.9268282935,0.338311634,0.7809565119,0.4332016301
14.06154561,1569.927659,0.1194038854,0.3812763339,0.8100867908,0.4706610924
8.90178699,1524.789454,0.4794520204,0.3956298718,0.8044648071,0.4917926406
9.607721918,1115.02642,0.4076068429,0.2893384788,0.7326072328,0.3949435193
18.00080436,1505.843365,0.6824135975,0.3802944788,0.8020046394,0.4741798989
18.7520153,1533.873423,0.00830496022,0.3833389524,0.8056228138,0.475829316
10.12212699,1626.016195,0.7000127781,0.4484460484,0.8166377426,0.5491370592
17.58144369,1585.64095,0.9324581312,0.4129149823,0.8119687814,0.5085355394
16.74757011,1129.577523,0.5400646507,0.2691773748,0.7360517593,0.3657044106
18.35743674,1650.003683,0.9426188767,0.4288662649,0.8193034336,0.5234522977
20.58129818,1501.428471,0.5933577015,0.3759190544,0.8014224416,0.4690647964
14.50400825,1184.906621,0.1716428298,0.3042925079,0.7483767963,0.406603344
5.520130627,1409.729428,0.1227193746,0.2945703816,0.7885055146,0.3735806233
20.77813339,1331.192376,0.5802086552,0.3371771227,0.7760278638,0.4344910001
23.76552579,1330.099368,0.5465721485,0.3321288809,0.7758438149,0.428087296
20.00981466,1599.520428,0.429597873,0.3977834379,0.81360038,0.4889174682
9.724160246,1634.217476,0.09664717341,0.361569154,0.8175579418,0.4422550813
16.24671928,1190.100918,0.7574927798,0.2930551682,0.7494750272,0.3910139199
18.36775721,1491.818413,0.009743215217,0.3763693403,0.8001432363,0.4703774565
16.76135768,1192.451941,0.1788002012,0.3024691992,0.7499689591,0.4033089577
9.818697581,1383.627111,0.3727265914,0.3612581161,0.7845156418,0.4604855491
14.7075337,1516.926329,0.8978253979,0.4120070611,0.8034512327,0.5127966008
18.56319824,1305.415517,0.7676769924,0.3278648859,0.7716052887,0.4249126992
8.2724198,1172.956132,0.1685354318,0.2994014763,0.7458131709,0.4014429994
7.509922539,1430.529952,0.5724904037,0.3907259723,0.7915807358,0.4936021743
10.93878111,1403.60655,0.07965754549,0.3451426435,0.7875829235,0.4382302271
20.94111489,1585.507473,0.3225651175,0.392952841,0.8119529519,0.4839601113
12.61527084,1446.812993,0.8712269441,0.4049564448,0.7939263738,0.5100680091
13.24096061,1643.75996,0.1130895047,0.3857381677,0.8186170686,0.4712070913
12.92011739,1511.387323,0.2718805732,0.3804849225,0.8027309112,0.4739881288
16.49046192,1678.741242,0.2459909997,0.4082543009,0.8223966908,0.496420165
13.85898499,1330.627252,0.01635311467,0.340613843,0.7759327418,0.4389734118
7.266152858,1244.432294,0.3827112564,0.3281350143,0.7604128393,0.4315221908
16.78657166,1624.205907,0.1076276154,0.3943753525,0.8164333729,0.4830465848
16.73368664,1290.597957,0.7497806247,0.325236593,0.7689830529,0.422943772
22.83869239,1669.971459,0.3273355911,0.4077030987,0.8214640146,0.4963127921
3.88128829,1164.151312,0.04303651772,0.2237341501,0.7438906808,0.300762136
13.63500282,1536.835505,0.1518720652,0.3778999111,0.8059974544,0.4688599313
21.70214299,1252.603292,0.4209835032,0.3094070423,0.7619757174,0.4060589271
23.53328448,1261.62032,0.1165802292,0.309761714,0.7636769199,0.4056187976
17.07037284,1208.01041,0.3156714955,0.3064050908,0.7531892131,0.4068102483
16.47765031,1493.653965,0.6096980396,0.384062341,0.8003888405,0.4798446974
21.61874431,1596.99592,0.5203809978,0.3932085828,0.8133057222,0.4834695884
13.66213581,1331.338786,0.8256558714,0.3482490442,0.7760524945,0.4487441851
17.57431316,1241.607155,0.1317803399,0.3186987101,0.7598676853,0.4194134272
4.825621917,1133.997636,0.4906513392,0.3031349144,0.7370805806,0.4112642801
10.63238171,1334.084235,0.3107619764,0.3476298157,0.7765133624,0.4476804038
11.68101633,1107.340394,0.7222934186,0.2720255023,0.7307512653,0.3722545759
18.73961674,1566.765013,0.3615166325,0.392544863,0.8097034351,0.4848007875
23.80261667,1489.27579,0.8829180317,0.3689395268,0.7998020233,0.461288564
23.91298588,1404.367039,0.08274983906,0.3596438245,0.787697951,0.456575803
16.89726594,1396.877241,0.1264189397,0.357735928,0.7865596265,0.4548109462
21.39051276,1648.244766,0.81877407,0.4059838133,0.8191106041,0.4956397967
20.34133079,1389.489228,0.3705626674,0.3561586979,0.7854247488,0.4534599889
18.47329605,1556.91511,0.6895857678,0.3936827868,0.8084995141,0.4869301464
15.4025411,1565.731555,0.6131428105,0.4082773503,0.8095778303,0.5043089559
3.174278362,1172.633975,0.4661811942,0.2665705152,0.7457433381,0.3574561134
15.01454548,1122.479475,0.9327249736,0.2621834028,0.734382671,0.3570119682
22.42282455,1515.51312,0.005171327948,0.3845743582,0.803267952,0.4787622328
15.26321341,1314.458346,0.5005844253,0.3355259425,0.7731765325,0.4339577424
8.709963841,1413.727453,0.2577844986,0.3504892365,0.7891036214,0.4441612317
16.57715677,1382.316549,0.2106914937,0.3541470545,0.7843113429,0.4515388662
17.8615091,1508.78235,0.01314813466,0.37814006,0.8023903183,0.4712669774
23.32088665,1435.904431,0.1940635823,0.3676515407,0.7923608329,0.463995096
10.08404742,1206.580143,0.2145950662,0.3131366286,0.7528966462,0.4159091825
19.44395527,1320.272114,0.5833083369,0.3353960365,0.774175341,0.4332300691
9.178534365,1294.290488,0.5539956729,0.3565349537,0.76964213,0.4632477093
23.74370143,1360.178322,0.7888633121,0.3372034056,0.7808008001,0.4318686733
9.628475438,1695.027791,0.009998265463,0.3539391908,0.824103179,0.4294840741
6.832101784,1494.505332,0.2908616055,0.3479200748,0.8005025518,0.4346270652
22.13171902,1269.603783,0.8299712402,0.3062464667,0.7651629556,0.4002369227
4.212858001,1101.631689,0.1817924283,0.2436326698,0.7293560061,0.3340380661
15.14833611,1490.76641,0.4776254601,0.3852514608,0.8000022015,0.4815630009
17.05211066,1559.466429,0.2783068246,0.3911841239,0.8088128128,0.4836522341
13.22832097,1364.885356,0.3495779951,0.3548013113,0.7815567448,0.4539674357
17.03989121,1374.305174,0.1515027651,0.3533974643,0.7830540075,0.4513066288
23.78496962,1513.793198,0.4226056891,0.3823551732,0.8030444315,0.4761320273
23.97115452,1356.864142,0.8182419411,0.3349432591,0.7802653996,0.4292683736
16.21232289,1485.052567,0.7706501312,0.385259306,0.7992326961,0.4820364681
11.98340904,1363.780906,0.6166809749,0.368222782,0.78137984,0.471246842
13.08906808,1582.778917,0.774566197,0.4352355775,0.8116287772,0.5362495635
2.467020085,1198.60429,0.5606867795,0.2528290091,0.7512523504,0.3365433851
5.579507713,1338.958963,0.02043370803,0.2766812036,0.7773270069,0.3559392651
14.49111765,1435.763903,0.3921778816,0.3709692179,0.7923405099,0.4681941833
5.179058872,1404.719828,0.1126189831,0.285597038,0.7877512697,0.3625472265
20.52003297,1611.26278,0.2428201243,0.3986541961,0.8149587989,0.4891709821
23.69628425,1679.684276,0.1859325485,0.4099871659,0.8224964035,0.498466819
12.48354719,1447.245076,0.3753079822,0.3752404962,0.7939878982,0.4726022866
7.246618746,1464.253401,0.6589580395,0.4127814897,0.7963808725,0.5183217025
20.20083929,1376.189863,0.2013140642,0.3544386371,0.7833511146,0.4524645851
12.22457392,1506.041761,0.261357594,0.3775799664,0.802030722,0.4707799291
19.72602865,1414.016468,0.782953022,0.3546075959,0.7891467273,0.4493557201
20.87177002,1375.049765,0.2905985935,0.3531936362,0.7831714839,0.4509786726
8.948154739,1238.757614,0.4849557792,0.3364483363,0.7593153038,0.4430943702
8.414250272,1237.266033,0.5200795278,0.3399942976,0.7590251473,0.4479354851
17.07445769,1233.820875,0.6982467894,0.3088241252,0.7583522812,0.4072304296
7.656478714,1534.459352,0.08620206159,0.3318251975,0.8056970361,0.4118486015
18.72433282,1181.400491,0.5404825733,0.2860596457,0.7476300355,0.3826219281
23.88791985,1616.788202,0.7085764678,0.3957128451,0.8155911828,0.4851852907
21.9509063,1575.073668,0.2760096033,0.3929431404,0.8107072666,0.4846917705
7.43958153,1302.980683,0.7969728031,0.3968805907,0.7711784956,0.5146416724
9.853145389,1256.285714,0.4374877084,0.3363323815,0.7626734137,0.4409913542
19.16384894,1284.576278,0.3789511403,0.3280915326,0.7679001199,0.4272580822
9.773844498,1546.955097,0.4973665272,0.4036257908,0.8072665454,0.4999907318
11.35674753,1413.604949,0.1872384362,0.3557240627,0.7890853451,0.4508055623
14.86812898,1663.844409,0.7471712219,0.443536808,0.820806562,0.5403670347
6.160413001,1278.039322,0.9429161959,0.4337116577,0.7667129681,0.5656766949
17.19169556,1343.3919,0.6793355025,0.3401344162,0.7780617852,0.4371560493
21.25845533,1674.39972,0.3675564845,0.4108743103,0.8219361862,0.4998859001
14.91886555,1351.827735,0.09139727016,0.3469968839,0.7794467504,0.445183566
21.2678284,1586.279188,0.4854191988,0.3916566153,0.8120444356,0.4823093393
7.772058379,1368.693727,0.07027657024,0.3169557333,0.7821645601,0.4052289626
16.51017449,1480.238884,0.6703865492,0.3805358775,0.7985798082,0.4765157766
20.11983469,1503.552339,0.07677192013,0.3805321241,0.8017029455,0.4746547661
9.915953518,1603.309018,0.01225323418,0.3511340996,0.8140408389,0.4313470318
22.72294066,1333.084385,0.2518347183,0.3390987597,0.7763457413,0.4367883298
6.371276874,1506.179741,0.7627503214,0.4458665777,0.8020488578,0.5559094976
11.38404746,1584.301279,0.9319923354,0.468249307,0.811809784,0.5767968264
15.42803922,1197.027341,0.2467637885,0.3064689654,0.7509246533,0.4081221252
19.43412602,1187.75072,0.875142366,0.276998373,0.7489793143,0.369834477
18.15601848,1371.284311,0.1604536132,0.3534648066,0.7825760875,0.4516682943
23.19820884,1338.324754,0.6953506996,0.3331747048,0.777221486,0.4286740791
20.295922,1331.266451,0.8399196928,0.3318346264,0.7760403263,0.4275997201
13.23967719,1327.759637,0.8072927446,0.350753288,0.7754488149,0.4523229403
4.341653847,1188.629287,0.8589062451,0.3999393844,0.7491648546,0.5338469656
4.949604884,1273.668655,0.1845116025,0.280193611,0.7659124303,0.3658298259
14.17454495,1434.520787,0.5474639872,0.3760419034,0.7921605579,0.4747041489
11.59178808,1683.917431,0.6070106629,0.4419429922,0.822942625,0.5370277086
10.60740724,1408.673172,0.4571832999,0.3739059788,0.788346931,0.4742911579
12.29444774,1303.486797,0.6183983146,0.3463042073,0.7712673418,0.4490067043
23.94099339,1275.739234,0.5912082695,0.3088150768,0.7662923645,0.4029990264
23.39069149,1563.743579,0.4376355165,0.3909632291,0.8093357478,0.4830667991
22.08743217,1465.343321,0.6197220823,0.3694279231,0.796532324,0.4637952685
17.90310256,1429.144317,0.7072972003,0.3579705216,0.7913786617,0.452337849
9.347231223,1460.471157,0.654788033,0.4086419089,0.7958535514,0.5134636997
4.739601402,1309.104908,0.2709347489,0.2922690314,0.7722489633,0.3784647766
12.79978511,1646.997472,0.6829453706,0.442021675,0.818973614,0.5397263934
23.65732944,1599.30225,0.5456135037,0.3954792145,0.8135749512,0.4861005295
19.44912505,1431.581996,0.1805714958,0.3665789675,0.7917338994,0.4630077956
5.006703008,1264.416357,0.2488034213,0.2896743207,0.7641995072,0.3790558853
21.21945658,1698.861097,0.5671442168,0.4186802599,0.8245000721,0.5077989367
12.94359127,1103.892648,0.1589298713,0.2778188126,0.7299103309,0.3806204691
18.65437186,1386.606521,0.5443066012,0.352978499,0.7849786544,0.4496663662
18.72413005,1310.541223,0.09430996005,0.3385539449,0.7724985717,0.4382583442
18.40268982,1469.759622,0.9289301674,0.361873521,0.7971436991,0.4539627189
18.24090882,1631.160227,0.01031020345,0.3946219256,0.8172159944,0.48288571
20.96592063,1509.972643,0.9398615795,0.3703771134,0.8025460915,0.4615026069
19.70295379,1402.188349,0.474155548,0.3577672583,0.7873680806,0.4543837464
9.272408097,1254.991917,0.3269921991,0.3300236971,0.7624287487,0.4328584116
6.096001814,1249.589678,0.349565258,0.3173928732,0.7614016782,0.4168533932
21.00335167,1480.108609,0.4381279959,0.3746224663,0.7985620797,0.4691212816
4.842810195,1341.132016,0.3199198898,0.305962978,0.7776878067,0.3934264822
15.95388216,1358.601917,0.7218788298,0.3415000973,0.7805464601,0.4375141196
22.48225323,1602.956053,0.8575772804,0.3891155501,0.8139998914,0.4780289951
17.85397337,1328.565162,0.6905737797,0.3363674327,0.775584963,0.4336951447
12.17065419,1443.126097,0.1094047729,0.3577674835,0.7933998971,0.4509295814
11.85475928,1408.310004,0.255155286,0.3602680284,0.7882923511,0.457023372
11.77460674,1265.660857,0.1157561518,0.3257375126,0.7644313653,0.4261174088
9.426369805,1572.713325,0.6630382971,0.4332568916,0.8104231743,0.5346057533
8.127657966,1582.912412,0.3419583044,0.3776698747,0.8116446635,0.4653143077
16.88314165,1368.530611,0.2935390069,0.3511320881,0.7821385962,0.4489384488
14.75199781,1476.713559,0.331721768,0.3778858457,0.7980989623,0.4734824421
18.30078993,1515.230261,0.8852728286,0.3811354144,0.8032312265,0.4745027357
5.4352011,1321.894101,0.1382053143,0.2879615301,0.7744524316,0.3718259745
18.67156862,1432.572209,0.2212352963,0.3659246596,0.7918778556,0.4620973513
11.32245344,1565.985441,0.4604849646,0.4039253508,0.8096087025,0.4989142898
13.24264598,1131.069608,0.915684842,0.272174201,0.7363999547,0.3696010562
20.64168315,1653.547117,0.6019617228,0.4100802372,0.8196906536,0.5002865842
14.62044775,1171.986752,0.4476060881,0.2966384979,0.7456029265,0.397850501
18.26882853,1405.62462,0.7529304297,0.3527498876,0.7878878929,0.4477158372
20.82748945,1460.979851,0.3087634905,0.3722235243,0.7959246326,0.4676617724
15.25622071,1319.349003,0.5537486566,0.3357124692,0.7740173378,0.4337273246
3.836230578,1228.821917,0.5116693158,0.3063628811,0.7573692365,0.4045092754
9.218211856,1278.782368,0.3748164709,0.3387873344,0.7668485213,0.4417917294
9.217589073,1599.310368,0.7491042903,0.4548468841,0.8135758975,0.5590712379
16.59807336,1182.376704,0.9240329348,0.2837478461,0.7478384013,0.3794240114
18.47726909,1163.105125,0.3517880801,0.2812716652,0.7436603162,0.3782259978
2.412427309,1137.997277,0.6138541284,0.256914597,0.7380046455,0.3481205688
11.73421079,1281.785402,0.2481029866,0.3330264972,0.7673947608,0.4339702514
12.79938606,1669.529441,0.2514714407,0.3995856052,0.8214167461,0.4864590442
16.2006563,1346.332104,0.4179923748,0.3445197279,0.7785464678,0.4425165897
13.40096461,1178.172229,0.5968629386,0.2973517045,0.7469385267,0.3980939446
22.51839928,1477.309502,0.89268943,0.3660810881,0.7981804087,0.4586445421
17.64864824,1404.455217,0.8351694539,0.3500141008,0.7877112803,0.4443431363
11.22783682,1466.112231,0.4314601734,0.383234915,0.7966390336,0.4810646966
12.55981446,1604.049978,0.4838440819,0.4130179735,0.8141267392,0.5073140995
14.0393617,1343.550031,0.2657745005,0.3466446649,0.7780879065,0.4455083571
7.028521969,1178.628811,0.2541143668,0.3010627348,0.7470365587,0.4030093725
7.489960676,1508.158221,0.7069497231,0.431549001,0.8023085405,0.5378840922
15.11093834,1319.753834,0.8623386254,0.3287354655,0.7740866574,0.4246752767
18.07209173,1540.032204,0.6112843698,0.3900949351,0.8064001523,0.483748588
18.59635062,1259.251255,0.3690924319,0.3208185658,0.7632323185,0.4203419562
7.345679131,1594.648906,0.3149665112,0.3670398296,0.8130309444,0.4514463221
23.36014276,1219.817062,0.7711912563,0.2782753426,0.7555781032,0.3682946096
21.73598092,1681.456162,0.5029111218,0.4125387133,0.8226834534,0.5014549783
13.25870516,1182.270943,0.5097002836,0.3003843856,0.7478158439,0.4016822966
19.56648719,1633.630275,0.6561770153,0.4098649337,0.8174923637,0.5013685166
22.52264598,1234.862662,0.1362676437,0.3009697417,0.7585561462,0.3967665983
21.01488594,1221.901305,0.8827639152,0.2869122984,0.7559950229,0.3795161207
5.963267131,1490.210977,0.6200513427,0.4033418828,0.7999276582,0.504222949
3.467899622,1253.438634,0.4096786718,0.2754026236,0.7621343464,0.3613570559
5.770276284,1479.974341,0.6713407891,0.4137322681,0.7985438046,0.5181084191
13.71861537,1428.665225,0.2231016349,0.3644463498,0.7913087021,0.4605615341
7.720879514,1415.780203,0.6491506574,0.401002965,0.7894094017,0.5079784508
9.590375361,1274.537443,0.7389408492,0.3617852361,0.7660719961,0.4722600983
18.17016273,1162.219891,0.5448280467,0.2789494392,0.7434650686,0.3752018097
23.0835182,1290.590735,0.3607887565,0.3217100725,0.7689817602,0.4183585218
16.04256518,1120.637747,0.7320699522,0.2631950974,0.7339461385,0.3586027415
11.77841663,1318.276056,0.5495044947,0.3524224143,0.7738334102,0.4554241387
14.66729391,1303.33966,0.4742044227,0.3328146474,0.7712415196,0.4315310301
16.56471856,1322.952002,0.8079423168,0.3320380306,0.7746327913,0.4286392654
15.34466052,1428.826877,0.4000218689,0.3674463624,0.7913323127,0.4643388833
18.93083354,1644.937175,0.759401964,0.418120104,0.8187468771,0.510682991
15.97711512,1317.581683,0.8009520115,0.3306439446,0.7737142191,0.4273463463
12.07453083,1140.768384,0.873485379,0.278592212,0.7386410737,0.3771685896
18.06335476,1390.66154,0.1454940041,0.3575972334,0.7856056335,0.4551866969
9.863147403,1287.996027,0.308881327,0.3368948878,0.7685163666,0.438370479
9.138187792,1150.121575,0.2847999923,0.3002862854,0.7407665359,0.4053723688
16.85826338,1695.496039,0.1571465749,0.4056809134,0.8241517567,0.4922405493
12.40321836,1599.337341,0.01293024512,0.3687556662,0.8135790415,0.4532511869
19.83434756,1368.06424,0.01032736233,0.3531695172,0.7820643276,0.4515862759
21.10348179,1390.073383,0.5272501728,0.3539482324,0.7855149205,0.4505939012
17.37140823,1192.329026,0.603353843,0.2946387731,0.7499431839,0.3928814602
16.13162864,1253.049523,0.8439486833,0.3122921316,0.7620604816,0.409799667
9.17210181,1438.93599,0.7648916947,0.4196931146,0.7927982885,0.5293819634
22.06481525,1428.62111,0.08362298865,0.3668284864,0.7913022578,0.4635756852
12.16943673,1421.679989,0.51066671,0.3779810232,0.7902833251,0.4782854594
23.01335704,1200.913537,0.8997029925,0.2646877131,0.7517306693,0.352104449
14.68940878,1697.786092,0.6594906145,0.4438618888,0.824388949,0.538413196
18.11649035,1167.388007,0.450249778,0.2835836518,0.7446007685,0.3808532892
18.52897474,1461.955457,0.05627744205,0.3716681548,0.7960608181,0.4668841203
11.59855733,1349.893977,0.6275531479,0.3665560395,0.779130802,0.4704679094
13.65387318,1266.705488,0.2566074,0.3260296102,0.7646256349,0.4263911585
13.04378869,1270.05591,0.6461908827,0.3281076514,0.7652465551,0.4287607036
9.424077862,1292.55061,0.1449206234,0.325773411,0.7693320496,0.423449681
21.07855775,1397.88886,0.3071635067,0.3586164994,0.7867140883,0.4558409526
13.29813229,1593.402914,0.8363365922,0.4428239881,0.8128847403,0.5447561827
17.73701506,1661.286574,0.2385748451,0.406623593,0.820530663,0.4955617277
15.79968038,1514.91858,0.2440097,0.3820786402,0.8031907431,0.4757010007
13.46210994,1553.559916,0.8769922432,0.43347315,0.8080859341,0.5364196204
3.870591261,1231.958846,0.8272021734,0.4018583901,0.7579870456,0.5301652481
8.984289252,1307.046107,0.04979386946,0.3183063329,0.77189022,0.412372543
20.19505833,1503.308305,0.09907114557,0.3805213596,0.8016707557,0.4746603976
21.35230084,1404.118257,0.8832944744,0.3497218167,0.7876603353,0.4440007971
3.287920782,1268.210089,0.1001339963,0.2164036046,0.7649048825,0.2829157057
15.24618737,1549.608879,0.183801887,0.3849200034,0.807596611,0.4766240944
22.28190901,1472.214984,0.01023574379,0.376281323,0.7974820231,0.4718367463
3.924427223,1360.543499,0.7406019116,0.3962998103,0.7808596343,0.5075173475
16.94357607,1407.468377,0.117502232,0.3597844716,0.7881657557,0.4564832575
18.25405338,1539.243797,0.3314628329,0.3870585362,0.8063009898,0.4800422437
11.78202738,1136.801879,0.02959230723,0.2914517241,0.7377291457,0.395066029
9.316865817,1251.339839,0.2322648047,0.3233358426,0.761735389,0.4244726545
23.55582041,1309.273304,0.1661520094,0.3294159597,0.772278256,0.4265508671
10.50121386,1315.092273,0.3185274447,0.3438911998,0.7732858704,0.4447141904
9.761450038,1460.857248,0.7594571839,0.4212286841,0.7959075055,0.5292432616
16.32487642,1239.334816,0.08251103264,0.3199096159,0.7594273993,0.4212510849
16.31882648,1392.925488,0.8800431411,0.3488560223,0.7859540926,0.4438631029
6.298090256,1367.7326,0.385913884,0.3423992869,0.7820114838,0.4378443207
22.28916581,1190.735984,0.8060442013,0.2658647198,0.749608642,0.3546713643
3.791865727,1317.399148,0.7558418271,0.3920407045,0.7736828657,0.5067201588
22.67480151,1667.429666,0.7555101283,0.4050996689,0.8211918582,0.4933069718
15.59970719,1244.725452,0.6356943083,0.3154135005,0.7604692669,0.4147616666
22.3146674,1378.604851,0.2267161044,0.3535300298,0.7837306319,0.4510861454
13.03794121,1199.103103,0.06200494067,0.3096364774,0.7513558265,0.4121036484
16.43859824,1299.149293,0.670472341,0.3293571837,0.7705036661,0.4274569975
11.32293678,1315.434406,0.4348730508,0.34888594,0.7733448367,0.4511389013
10.27325708,1511.626767,0.02583861372,0.3482551739,0.8027621589,0.4338211138
7.441487355,1516.569388,0.6679094022,0.4246394343,0.8034049728,0.5285496713
20.67762614,1676.397646,0.3700125703,0.4120734049,0.8221484022,0.501215357
18.04843847,1155.597297,0.8807914481,0.2666844527,0.7419948966,0.359415481
15.9499842,1260.724893,0.00345705891,0.3265269133,0.7635090719,0.4276660557
22.75644127,1511.317134,0.8010459645,0.3751647193,0.8027217496,0.4673658331
9.668275397,1602.277677,0.8095680632,0.4653316012,0.8139211422,0.5717158298
10.51830146,1600.981374,0.605777769,0.4282647746,0.8137704755,0.5262721953
13.16665714,1406.625785,0.5923994614,0.3740538752,0.7880388635,0.4746642489
20.02996699,1579.969558,0.5476687214,0.3929702073,0.8112938326,0.4843747007
13.1958394,1269.310296,0.8724589588,0.3247436802,0.765108657,0.4244412571
12.56049743,1398.704146,0.6905163705,0.3791529646,0.7868384098,0.4818689071
8.387184039,1518.196396,0.3469887571,0.3730764584,0.8036156581,0.4642473733
21.54132092,1613.717945,0.4592146929,0.397180919,0.8152403269,0.487194887
12.42890506,1475.717523,0.8876121763,0.4180423988,0.7979626891,0.5238871498
21.07561157,1453.810703,0.2046512107,0.3716615778,0.7949182797,0.4675469004
17.72019547,1652.422916,0.4091669592,0.4123323614,0.8195679828,0.5031094065
7.690166943,1603.133006,0.09023844408,0.337437607,0.814020422,0.4145321148
14.55876815,1151.203082,0.3166364727,0.2909137643,0.7410100749,0.3925908353
18.21514153,1134.01346,0.5654578251,0.2628267025,0.7370842494,0.3565762024
15.49399022,1555.770403,0.3372923426,0.3931441531,0.8083586116,0.4863486916
4.684507987,1206.083889,0.7289868095,0.3666528236,0.7527949733,0.4870553558
15.47953683,1536.512147,0.4059562979,0.3922905583,0.8059566267,0.4867390444
19.16919842,1504.970463,0.4919573214,0.3763443807,0.8018897996,0.4693218207
7.600561254,1526.969204,0.5949377302,0.411717972,0.8047439338,0.5116136385
7.572093095,1434.158758,0.3935644712,0.3634303251,0.7921080924,0.458814054
3.950829611,1267.588455,0.2397821646,0.2624149445,0.7647895901,0.343120445
2.930144343,1171.636282,0.1822653681,0.205049643,0.745526829,0.2750399249
13.33023678,1243.203775,0.3326552395,0.3193144288,0.7601760822,0.4200532432
15.78101346,1348.279655,0.1592301655,0.3467179803,0.7788663509,0.445157221
15.54159848,1509.543917,0.1181238771,0.3766398669,0.8024900126,0.4693390086
16.11070821,1275.520551,0.2542530845,0.3294360471,0.7662522962,0.4299315627
20.31518627,1337.541401,0.144360231,0.3445318291,0.7770910121,0.4433609754
9.423236464,1476.248414,0.06958545702,0.3427446546,0.7980353461,0.4294855563
14.53117811,1518.828713,0.2431413967,0.3820119975,0.8036974167,0.4753181852
3.874094968,1118.246559,0.2639610854,0.2481032395,0.7333772257,0.3383023508
10.9809479,1622.978119,0.4223629012,0.4076104585,0.8162945042,0.4993424021
15.87253856,1179.56789,0.7336368033,0.2905484075,0.7472379483,0.3888298341
13.36247373,1325.148401,0.1698331154,0.3413607521,0.7750063315,0.4404618882
13.03163502,1683.855313,0.04074542686,0.3816995137,0.8229360933,0.4638264341
22.70155792,1375.74469,0.772826373,0.3438927896,0.7832810099,0.439041398
12.96976321,1609.382056,0.5871021228,0.4236282046,0.8147425598,0.5199534497
18.32731471,1673.868847,0.4751571968,0.4181493411,0.8218797127,0.5087719463
21.01991397,1657.912015,0.4049572612,0.4082980753,0.8201653663,0.4978240878
13.05626104,1319.402143,0.6354957904,0.3471020368,0.7740264394,0.4484369255
8.073919947,1488.268553,0.870136234,0.4608955603,0.7996665324,0.576359697
7.856607882,1434.836648,0.916446576,0.4579836412,0.7922063112,0.5781115787
20.15647044,1483.701213,0.6736831564,0.3709750724,0.7990498374,0.4642702559
19.92117126,1589.520184,0.6961593428,0.3960003014,0.8124276729,0.4874283763
16.00777718,1285.954261,0.1841333404,0.3326400765,0.76814883,0.433041181
11.54798796,1252.563884,0.4841572514,0.3304024161,0.7619682287,0.4336170508
6.01250186,1444.79589,0.8440557798,0.4580995355,0.793638671,0.5772142314
20.08941714,1488.919243,0.4358712313,0.3755027594,0.7997540824,0.4695227792
11.31574254,1321.794529,0.1380509857,0.3370915796,0.7744354411,0.4352739579
19.05190113,1215.927657,0.214691767,0.3049054301,0.7547962674,0.4039572574
13.02959264,1303.155322,0.5742108263,0.3407908001,0.7712091606,0.4418915354
9.563661276,1563.503469,0.4629848479,0.4009738128,0.8093064673,0.4954536125
17.23033951,1386.24056,0.7369765993,0.3482371826,0.7849218897,0.443658391
13.67479919,1693.451777,0.1226458165,0.3931403047,0.8239394803,0.477147065
7.58218568,1378.086611,0.2085769742,0.3317831836,0.7836493022,0.423382223
16.02437695,1544.656479,0.6935549322,0.4031552693,0.8069797369,0.4995853686
3.333365902,1190.350022,0.6701472082,0.3276921205,0.7495274546,0.4371982887
16.1955713,1264.050443,0.3709008925,0.3250916527,0.7641312484,0.4254395477
19.59961007,1204.119391,0.1682244991,0.2981009805,0.752391663,0.3962045237
9.337338722,1338.403778,0.5485256604,0.3672957552,0.7772346395,0.4725674032
8.536239651,1277.554876,0.2231356889,0.3250232909,0.7666245062,0.4239667377
12.84064851,1461.938989,0.02000852111,0.3574757458,0.7960585207,0.4490571189
20.11220348,1553.925109,0.3350886343,0.3872437292,0.8081310365,0.4791843299
10.19331294,1197.121335,0.6457277844,0.322196955,0.7509442098,0.4290557817
22.3366814,1410.460637,0.8919807724,0.350618879,0.7886151572,0.4446007355
9.723599845,1549.516985,0.2468914373,0.3719990485,0.8075852005,0.4606313344
5.061298011,1297.465875,0.2006998943,0.2871676355,0.7702059023,0.3728452803
12.91646887,1517.446995,0.2297092111,0.3785270397,0.8035186725,0.4710867994
11.36815002,1237.164934,0.7794300473,0.3303120086,0.7590054553,0.4351905593
23.90010244,1588.492402,0.3030479445,0.3966492656,0.8123063103,0.4883001161
23.57186991,1346.236831,0.7136111877,0.3347179227,0.7785307955,0.4299353663
6.921851499,1137.452857,0.8611699815,0.346904386,0.7378792464,0.4701370688
15.26211634,1486.542305,0.6493064636,0.3888996188,0.799433895,0.486468764
16.7239142,1394.723054,0.9416586834,0.3447161557,0.7862299622,0.4384418965
6.06922653,1445.034964,0.31107072,0.3363212529,0.7936728125,0.4237530221
12.61485935,1325.632196,0.7776380456,0.3553720726,0.775088444,0.4584922861
5.07983325,1154.633145,0.543152375,0.3183768191,0.741779455,0.4292068444
23.28928923,1417.986808,0.05764334518,0.3637844466,0.789737113,0.4606399277
14.72910571,1445.10618,0.2807317946,0.3697077464,0.7936829805,0.4658128692
21.56935589,1659.341692,0.9211806842,0.4085170849,0.8203203105,0.4979970381
15.89759678,1117.952394,0.7531482606,0.2618919195,0.7333070696,0.3571381354
10.42286479,1478.407215,0.6229915836,0.405731222,0.7983302591,0.5082247821
3.491051999,1204.354123,0.5328521019,0.2976150231,0.7524399226,0.3955332701
8.855692022,1286.111339,0.5830937018,0.3578212578,0.7681771469,0.4658056534
15.99301955,1186.304565,0.8822008571,0.2884352701,0.7486733097,0.3852618577
12.25881112,1119.211886,0.3717647116,0.282814201,0.7336071895,0.3855117631
22.06430867,1544.580767,0.7049825508,0.3826514889,0.8069702755,0.4741828795
17.84664112,1574.638293,0.02733075533,0.3874586516,0.8106549286,0.4779575599
22.73410081,1211.359387,0.003525832299,0.2880740144,0.7538715568,0.3821261219
18.54156595,1184.642834,0.6228563691,0.286568514,0.7483207669,0.3829487657
12.23928948,1375.175178,0.2878858627,0.3557778359,0.7831912582,0.4542668629
9.721151433,1404.332809,0.2068923866,0.3495297562,0.7876927762,0.4437386844
10.41436993,1521.671318,0.849031672,0.4461899425,0.8040641258,0.5549183557
20.73016214,1351.299173,0.538705534,0.3437888946,0.7793604806,0.4411166632
4.525006695,1155.557502,0.3891475255,0.287101085,0.7419860116,0.3869359806
4.280631346,1229.548648,0.1911142034,0.2610329922,0.7575126446,0.3445922574
18.15745454,1262.012319,0.2184306302,0.3239647232,0.7637503251,0.4241762165
10.5822654,1260.216404,0.1271694205,0.3227562813,0.7634136494,0.4227803388
3.466668898,1263.86426,0.3124955516,0.2575295157,0.764096502,0.3370379461
9.61247047,1377.061345,0.05454095107,0.3320682689,0.7834882221,0.4238331343
10.17726646,1624.045435,0.6849454893,0.4453803743,0.8164152348,0.5455316796
20.42078842,1262.634088,0.2699019919,0.319075659,0.7638666634,0.4177111979
13.25387291,1358.065122,0.2443374112,0.3504058985,0.7804597178,0.4489737145
20.8731177,1530.276414,0.1014303962,0.3856570272,0.8051659183,0.4789783304
18.75724567,1453.957722,0.8772764482,0.3596430744,0.7949390168,0.4524159297
16.03967753,1106.315003,0.2859553989,0.2647071586,0.7305017113,0.3623635024
12.52185205,1407.262626,0.5704684572,0.3762049292,0.7881347842,0.4773357765
8.807621563,1331.757981,0.875728159,0.4040598235,0.7761229861,0.5206131383
13.08127786,1403.714249,0.001278465028,0.3498499042,0.7875992211,0.4441978799
11.22679129,1643.502493,0.4148363866,0.4100410714,0.8185886536,0.5009122342
3.060640594,1270.79022,0.4153190056,0.2604447266,0.7653822045,0.3402806141
7.792319482,1287.266752,0.7581509131,0.3831803011,0.7683852243,0.4986825476
11.06837954,1413.051152,0.9146172232,0.4121351909,0.7890026843,0.5223495422
13.51328756,1267.286294,0.4106815621,0.3255415947,0.7647335087,0.4256928604
3.324570826,1228.277313,0.8283561321,0.3962859684,0.7572616568,0.5233144513
17.32460776,1190.29813,0.8659344521,0.2867738305,0.7495165351,0.3826117465
8.128749462,1258.050108,0.07823025264,0.3073402,0.7630062601,0.4028016755
10.79770258,1635.620155,0.1028042141,0.3705792274,0.8177144008,0.4531890682
14.61968173,1243.760604,0.2648128743,0.3209414846,0.7602834508,0.4221339873
11.88939089,1495.161187,0.7756418173,0.4187982676,0.8005900617,0.523111999
14.82370172,1493.041266,0.1711952734,0.3749215612,0.8003069259,0.4684722186
21.00236731,1384.68686,0.3615009978,0.3548672928,0.7846805595,0.4522442777
21.67752129,1404.614049,0.608369152,0.3559173242,0.7877352856,0.4518235132
22.65671842,1482.590445,0.5285177216,0.3745514202,0.798899284,0.4688343421
13.62967848,1470.581462,0.523459892,0.3865272046,0.7972570662,0.4848212967
7.859544114,1136.410754,0.3305692958,0.2991102193,0.7376388784,0.4054968197
20.89825171,1424.475831,0.6628818599,0.3596899368,0.7906949396,0.4549035523
15.93751998,1166.172299,0.498276405,0.2903570905,0.7443345206,0.3900895128
21.06314901,1365.035508,0.8338836274,0.3409587005,0.7815807734,0.436242436
13.58776987,1191.898556,0.6663082144,0.2999335236,0.7498528725,0.3999898309
8.055277348,1598.59167,0.7463656562,0.4573573286,0.8134920846,0.5622148479
18.78797376,1646.236389,0.8537987702,0.4218393032,0.8188899225,0.5151355409
21.12367176,1622.896127,0.8548737865,0.3993366391,0.816285223,0.4892121379
10.48797011,1577.709566,0.7510535893,0.445207225,0.8110235202,0.5489448998
4.091396165,1329.3374,0.4153665938,0.3047022277,0.7757153301,0.3928016064
16.06029732,1663.081487,0.03049787487,0.3923895444,0.8207243588,0.4781014969
10.4880381,1205.531628,0.8547980651,0.3272674325,0.7526817272,0.4348018833
14.62270572,1214.161405,0.7436885727,0.304279801,0.7544395672,0.4033189857
9.715703375,1512.826134,0.2276218533,0.3655690991,0.8029185289,0.4553003648
12.52103101,1676.759242,0.2202945872,0.3961955614,0.8221867561,0.4818802522
8.092629026,1369.339439,0.2786776377,0.3427468815,0.7822672805,0.4381454907
21.79659685,1486.67979,0.3574001733,0.3771835357,0.799452443,0.471802343
15.82269943,1496.059176,0.1092812293,0.3747360217,0.8007097548,0.4680048163
9.750017326,1169.962202,0.06212845744,0.2984611924,0.7451627074,0.4005315744
13.01382516,1537.903243,0.2222169216,0.381179769,0.8061321469,0.4728502274
11.28091044,1144.709288,0.7980393509,0.2848953883,0.7395408572,0.3852327907
19.2962658,1525.677245,0.01592012196,0.3830121151,0.804578589,0.4760406507
6.682377418,1183.836583,0.8916970486,0.3757583054,0.7481493609,0.5022503861
9.75648438,1481.727483,0.2400006449,0.3633742934,0.7987821624,0.4549103754
12.48266743,1534.669106,0.3565001506,0.389944226,0.805723593,0.4839677396
9.842121754,1491.829767,0.1066724983,0.3512318419,0.8001447574,0.4389603739
15.31396055,1217.517663,0.09496475879,0.3141674063,0.755116489,0.4160515773
16.77865703,1645.515061,0.2793072531,0.4055808818,0.8188105311,0.4953293423
4.086662795,1105.764888,0.5399606512,0.2959230884,0.7303676368,0.4051700452
15.23326382,1207.902927,0.5776943098,0.3055778265,0.753167251,0.4057237302
22.07942046,1694.539069,0.157478206,0.4116649668,0.8240524485,0.4995616086
10.06637971,1540.374949,0.2025294659,0.3679383264,0.8064432298,0.4562482674
7.526300598,1373.829914,0.4063398033,0.355838683,0.7829789576,0.4544677473
22.51662286,1641.342691,0.8554368205,0.39678605,0.818349939,0.484861098
11.65124406,1160.286791,0.7814888593,0.2889173703,0.7430376677,0.3888327373
17.9999274,1540.286322,0.7898568994,0.3919673494,0.8064320926,0.4860512782
10.99014228,1328.987037,0.623361592,0.3632355265,0.7756562015,0.4682944916
14.55206451,1432.110466,0.2404614736,0.3659566292,0.7918107527,0.4621768876
8.813295675,1276.827409,0.1432314022,0.3199575054,0.7664915416,0.4174312279
17.07224204,1362.46209,0.1409475244,0.3510238352,0.7811682232,0.4493575452
19.21401477,1673.135598,0.1213349851,0.4053614543,0.8218016517,0.4932594786
10.78467642,1184.957305,0.3205872315,0.308439502,0.7483875589,0.4121387353
3.630694035,1278.742972,0.3843736031,0.2787359287,0.7668413383,0.3634857888
9.43375679,1226.740724,0.2830371393,0.320830003,0.756957608,0.4238414405
2.821326957,1125.781625,0.1255062157,0.1883942236,0.7351617815,0.2562622654
10.98759303,1461.260834,0.6869200333,0.4061486351,0.7959638738,0.5102601367
12.11185197,1434.175899,0.8700296518,0.4052114914,0.7921105771,0.5115592483
15.7807004,1169.670771,0.5576537042,0.2910712735,0.745099213,0.3906476727
6.866297677,1268.140364,0.3747582913,0.3298207601,0.7648919563,0.4311991483
14.54772771,1386.390926,0.7748814783,0.3622354069,0.7849452169,0.4614785837
10.11414722,1589.257607,0.4461027486,0.403846649,0.8123966821,0.4971052417
9.364136511,1198.744574,0.09356091309,0.3048631114,0.7512814603,0.4057908088
10.81724061,1557.827741,0.7102179729,0.4333065604,0.808611702,0.5358648154
16.90691097,1322.384245,0.5399154087,0.3377240145,0.7745360313,0.4360339621
19.20070968,1459.372475,0.5978526792,0.3670143792,0.7956998607,0.4612472583
21.17268445,1215.690515,0.01361122783,0.2976642194,0.7547484361,0.3943886535
13.55321963,1418.900138,0.3468863744,0.3670586707,0.7898724568,0.4647062542
22.97604999,1498.977303,0.1995092274,0.3811860724,0.8010977221,0.4758296795
16.86811443,1231.36188,0.4927150472,0.3125842441,0.7578697175,0.41245116
7.781991349,1542.74264,0.5871607337,0.4132636967,0.8067402868,0.5122636162
11.90168888,1428.768829,0.1871356391,0.3596745026,0.791323835,0.4545225187
17.45014498,1511.456764,0.01804428918,0.3778216571,0.8027399744,0.4706650586
11.91911696,1187.487174,0.631468719,0.3020667901,0.7489236041,0.4033345837
19.78597159,1250.368019,0.3004641267,0.3157570727,0.7615502033,0.4146241067
11.90157285,1423.029796,0.8950979967,0.4051112623,0.7904822508,0.512486222
14.8845604,1329.604001,0.3473058537,0.3408982119,0.7757603018,0.4394375571
19.69955173,1366.030204,0.2234211568,0.3519566332,0.7817398186,0.4502222157
15.70759491,1509.503384,0.9342263131,0.4017223368,0.8024847091,0.5005981201
11.49178018,1395.818584,0.1933741705,0.3536125644,0.7863977429,0.4496612149
23.1639293,1366.512293,0.4689070306,0.346460876,0.7818168183,0.443148405
11.98819386,1282.051634,0.9334491914,0.3461135434,0.7674430638,0.4509957282
14.75412507,1319.556897,0.4285541181,0.3374779624,0.7740529411,0.435988218
18.86131869,1454.236438,0.3426775408,0.3691191674,0.7949783183,0.4643135025
8.295088212,1415.100342,0.5287309076,0.3825031827,0.789308227,0.4846055946
11.5672528,1355.258174,0.3954915584,0.3567707889,0.7800050163,0.4573955057
18.14089442,1663.489786,0.1032332409,0.4017223792,0.8207683615,0.4894467161
14.58014547,1474.502353,0.6001471254,0.3871848576,0.7977961857,0.4853180105
12.30146442,1234.477839,0.2976100076,0.3196143009,0.7584808811,0.4213874191
15.01510124,1673.207655,0.1453525934,0.3977784364,0.8218093259,0.4840276496
19.32152781,1548.063859,0.05338509462,0.3866158996,0.8074045859,0.4788378792
6.930585058,1162.681795,0.5025883201,0.3198441431,0.7435669835,0.4301483931
4.760935182,1282.111936,0.09802848228,0.2647367749,0.7674540017,0.3449545827
10.39570861,1110.470834,0.1219405056,0.2833754871,0.731510283,0.3873841472
14.8181625,1173.826109,0.8908508873,0.2860417108,0.7460015604,0.3834331267
22.35870279,1181.941756,0.3046243779,0.2710139566,0.7477456072,0.3624413891
9.100909803,1400.238474,0.006414571427,0.3264055509,0.7870719841,0.4147086385
4.953255443,1171.831077,0.7308542476,0.3577461543,0.7455691303,0.4798296225
13.05889745,1668.570064,0.5406831152,0.4296923145,0.8213140662,0.5231766168
20.09713952,1258.196718,0.004637613012,0.3194689642,0.7630338756,0.4186825441
12.67352467,1491.323505,0.7172788879,0.4078854175,0.8000769123,0.5098077588
16.5158837,1372.638539,0.2929894633,0.3515737537,0.7827905953,0.44912874
14.43702396,1552.090778,0.5643677238,0.4057238968,0.8079042771,0.5021930299
12.66278718,1656.846272,0.5357275753,0.4274573504,0.8200496902,0.5212578646
11.11187781,1525.649546,0.6656038715,0.4192163905,0.804575041,0.5210407596
13.71840639,1133.563333,0.4559707474,0.2841109228,0.7369798481,0.3855070441
3.081375252,1225.398594,0.5339071181,0.2847625973,0.7566914134,0.3763259266
4.843028066,1132.181342,0.6736787261,0.3343616233,0.736658794,0.4538894071
22.93708402,1509.809548,0.3764954781,0.3818468299,0.8025247619,0.4758069134
22.49971308,1221.639356,0.2179318117,0.2938636658,0.7559427022,0.3887380154
19.05427938,1325.370113,0.7293672199,0.3340984693,0.7750439691,0.4310703425
4.669987151,1101.991789,0.8146099976,0.3540027367,0.729444445,0.4853045892
13.19978052,1418.26386,0.3797837824,0.3686143921,0.789778187,0.4667315433
22.38502503,1526.028583,0.9373475723,0.3744118064,0.8046235808,0.4653254208
19.2113568,1237.929159,0.2923798868,0.3125830936,0.7591542312,0.4117517636
11.08419896,1473.233297,0.06214605812,0.3530374992,0.7976220056,0.4426125366
15.26735738,1173.591782,0.2791588146,0.2981374253,0.7459508454,0.3996743581
21.27174064,1299.812712,0.1522256649,0.3313578127,0.7706208,0.4299881507
14.87635603,1215.713365,0.9021245342,0.2999847038,0.7547530458,0.3974607396
18.11528644,1291.486083,0.8249752827,0.322654369,0.769141918,0.4194991346
21.73277687,1482.784887,0.0177174942,0.3781724309,0.798925655,0.4733512167
13.04065803,1648.573107,0.5349053825,0.4256258248,0.8191466312,0.5195966248
12.97901057,1465.332999,0.7096957147,0.3980764966,0.7965308908,0.4997627854
8.279993324,1398.712428,0.6494336377,0.3963037953,0.7868396719,0.5036652439
22.25729944,1228.146494,0.01530244375,0.2991268307,0.7572358009,0.3950246811
10.17532372,1673.692715,0.8979792934,0.4972490339,0.8218609681,0.6050281656
9.664159757,1386.298543,0.7981952958,0.4048605679,0.7849308856,0.5157913587
23.9764943,1370.45291,0.1482109248,0.3495323216,0.7824441848,0.4467185371
11.38772775,1547.487023,0.8071868853,0.4403052078,0.8073327947,0.545382537
19.38528415,1223.386325,0.4706675487,0.3038201448,0.7562912108,0.4017237546
17.45986979,1337.945854,0.07030286691,0.3459988472,0.7771583962,0.4452102029
8.761543733,1281.261148,0.6255097021,0.3606047376,0.7672995857,0.4699660267
18.76432706,1564.52006,0.9091354399,0.3956970027,0.8094303757,0.488858603
9.708543384,1321.678125,0.7932087233,0.3820548343,0.7744155748,0.4933460105
8.204494456,1380.778438,0.164543992,0.3324955613,0.7840710777,0.4240630356
23.25799912,1566.274119,0.7399271107,0.3865676447,0.8096437933,0.4774539716
16.01418411,1389.89217,0.87962015,0.3504206483,0.7854869561,0.446118991
13.76363296,1581.569236,0.1193223724,0.3816649868,0.8114846993,0.4703292461
11.8724652,1162.777251,0.04646410265,0.2990574031,0.7435880348,0.4021815698
19.1357386,1210.335934,0.07601878292,0.302974704,0.753663432,0.4020026594
12.18714207,1197.570143,0.7515335516,0.3024143755,0.7510375473,0.402662126
10.83295755,1353.621175,0.7567688894,0.3805563057,0.7797389657,0.4880560322
11.90675076,1284.56696,0.503427234,0.3396790431,0.7678984364,0.4423489188
11.19807544,1318.196693,0.6452528411,0.3595448846,0.7738197936,0.4646364536
8.858406622,1380.99032,0.854283391,0.4178812805,0.7841042071,0.5329410004
4.897517183,1431.390182,0.002016363114,0.2647834259,0.7917059906,0.3344466621
21.64690494,1668.86319,0.5631056116,0.4101377234,0.8213454513,0.499348627
10.39574633,1583.352019,0.8907353968,0.4704571155,0.8116969591,0.5795969915
10.61352094,1193.363036,0.469021822,0.3142432979,0.7501598498,0.4189017821
15.86300193,1444.264047,0.9201486956,0.3745658444,0.7935626795,0.4720053679
13.69105316,1558.240219,0.7750955661,0.4249201405,0.8086623638,0.525460513
21.53699324,1368.771139,0.6051019405,0.346724047,0.78217688,0.4432808689
5.389634987,1121.505826,0.3198089643,0.283460045,0.7341520721,0.3861053531
21.90280565,1416.95619,0.3523723867,0.3624576483,0.789584179,0.4590487727
19.95888432,1694.502371,0.2061677484,0.4116277039,0.824048638,0.4995186994
7.113284587,1165.986871,0.7844908692,0.3485601396,0.7442938618,0.4683098404
18.96793481,1664.941852,0.8694651884,0.4268512435,0.820924677,0.5199639571
21.77004192,1686.552184,0.690063127,0.4148278587,0.8232192263,0.503909342
23.41348493,1313.74747,0.6099386625,0.3257429813,0.773053797,0.4213716854
16.80767021,1145.807857,0.2299479473,0.2817498079,0.7397905781,0.3808507654
7.127996161,1321.008111,0.2882600144,0.329822193,0.7743011588,0.4259611254
3.767108563,1167.016231,0.8409851022,0.3882750814,0.7445194059,0.5215110289
14.92473702,1467.965734,0.6359203456,0.3847795873,0.7968958042,0.4828480528
6.259244677,1264.26397,0.863070646,0.4080066563,0.7641710853,0.5339205633
16.37178491,1190.094071,0.5786823972,0.2970996004,0.7494735859,0.3964110357
15.46171726,1279.274718,0.0553948178,0.3313463189,0.7669382535,0.432037804
16.09970685,1505.952791,0.2263283517,0.3799798102,0.8020190263,0.4737790473
23.55225766,1578.321757,0.05004640033,0.3959193153,0.8110968193,0.4881283046
17.84528787,1478.236068,0.6892459218,0.3720362296,0.7983069101,0.4660315787
14.68913455,1200.895324,0.08814899191,0.3096077864,0.7517269041,0.4118620535
23.09106929,1677.692087,0.3282334651,0.4088886498,0.8222856254,0.4972586619
18.42275764,1603.420051,0.7616802267,0.4089047139,0.8140537162,0.5023067959
8.226688456,1545.149103,0.4135717646,0.3853513447,0.8070412755,0.477486538
23.50822234,1597.019262,0.8901424835,0.3885149547,0.8133084508,0.4776969357
18.08283112,1288.924484,0.6456494178,0.3262894919,0.7686831124,0.4244785486
18.16171515,1620.885619,0.07641450392,0.3954815161,0.8160573476,0.4846246618
9.228430734,1389.474484,0.5898857333,0.3842908612,0.785422472,0.4892791777
11.42769799,1529.621093,0.1162696595,0.3657038082,0.8050824474,0.4542439217
5.947706684,1445.414496,0.0533903316,0.2954624687,0.7937269891,0.3722469725
15.56949494,1548.152059,0.2630921612,0.3885623189,0.8074155583,0.4812420505
21.33108179,1557.301826,0.7049183312,0.3839645159,0.8085470683,0.4748820828
19.15529516,1486.095862,0.7711019376,0.3683296803,0.7993736423,0.4607728612
6.763666896,1442.811295,0.82340687,0.4472762252,0.7933548199,0.5637782919
8.686889898,1416.090043,0.9111498332,0.4407324202,0.7894554788,0.5582739395
11.74319008,1364.449752,0.03900979814,0.3407287301,0.7814870064,0.4360005058
16.72796275,1350.263103,0.8452834222,0.3374949753,0.7791911819,0.4331350035
5.950755625,1281.95763,0.2088562652,0.3017003834,0.7674260107,0.3931328613
19.07133939,1165.978181,0.5001922934,0.2773750633,0.7442919561,0.3726697044
15.7919966,1253.035537,0.0700226132,0.3243709271,0.7620578258,0.4256513301
16.26343863,1575.543606,0.9408628862,0.4207595284,0.8107637269,0.5189668882
21.11357695,1492.681209,0.2268144069,0.3789417877,0.800258757,0.473524075
9.870588851,1218.186839,0.5487842237,0.3294674658,0.7552510088,0.4362357176
10.56073811,1467.169199,0.7461652039,0.4164103004,0.7967855377,0.5226127744
5.344102939,1458.648219,0.06967796433,0.2864212804,0.7955984205,0.3600073517
23.36041499,1459.416184,0.4347856349,0.370889207,0.7957059794,0.4661133843
9.840923469,1111.347672,0.2329187793,0.2853310957,0.7317221176,0.3899446099
10.56233079,1311.194063,0.04831520645,0.3279409317,0.7726118441,0.4244575516
19.64493461,1200.007322,0.8905445222,0.2816818814,0.7515431827,0.3748046524
8.14981996,1101.438022,0.1718765674,0.2817274939,0.7293084187,0.3862940378
23.92984769,1347.743319,0.2934141072,0.3413271242,0.7787783505,0.4382853273
13.12987879,1461.577952,0.3050706786,0.3740884471,0.7960081434,0.4699555528
5.132105281,1284.035515,0.9053542367,0.4400716412,0.7678023727,0.5731574384
8.194828881,1411.266681,0.2965478788,0.3514192023,0.7887358895,0.4455473714
4.000635853,1296.132795,0.5652577752,0.3329394112,0.7699695578,0.432405941
17.92103583,1262.048314,0.8434794434,0.3130920498,0.7637570633,0.4099366995
18.67527771,1196.842059,0.502394872,0.294195756,0.7508860941,0.3917981147
18.73713371,1229.212782,0.1290161481,0.3116882771,0.7574463882,0.4114987964
17.85498774,1561.076081,0.3717588662,0.3929003385,0.8090099492,0.485655756
21.77867568,1508.44117,0.1352161124,0.3826701781,0.8023456228,0.4769393229
23.88360059,1477.061465,0.7781664583,0.3687562395,0.7981465178,0.4620157218
2.4354587,1211.054165,0.6813269706,0.2908798627,0.7538095251,0.3858797919
12.07659394,1177.171768,0.3172133812,0.3014395896,0.7467234535,0.4036830344
13.66086177,1389.794611,0.242214966,0.3572372098,0.785471898,0.4548058444
23.23184722,1456.864491,0.02040467658,0.3730279994,0.7953481591,0.4690122121
9.291212621,1216.399877,0.3898073826,0.3237637363,0.7548914583,0.4288877994
8.580389127,1241.875163,0.7700003922,0.3614704576,0.7599195082,0.4756694014
9.985827153,1336.813986,0.9457716108,0.3984976172,0.7769697183,0.5128869348
11.10120103,1502.54463,0.3553701375,0.382661572,0.8015699541,0.4773901142
21.31452528,1468.228521,0.5222471538,0.3713694597,0.7969321562,0.4659988391
19.87311172,1198.050851,0.6116942068,0.2876787979,0.7511374415,0.3829908909
18.51632308,1425.918116,0.4042350062,0.3628821082,0.790906647,0.4588178764
23.02425375,1636.782386,0.04014858055,0.403951136,0.8178438364,0.4939220889
18.57157323,1689.794604,0.3641485599,0.4163885249,0.8235584377,0.5055968173
5.808552026,1455.595501,0.9150417298,0.4876786276,0.7951697434,0.6133012877
9.282013619,1525.597714,0.4535653243,0.3932049974,0.8045684015,0.4887154364
7.524722884,1468.852509,0.3025234995,0.3542290126,0.7970184221,0.4444426913
17.31828511,1528.696486,0.5760396206,0.389796865,0.8049645546,0.4842410299
13.19414919,1195.524702,0.09641832423,0.3086013289,0.7506115938,0.4111331765
5.979945173,1462.828792,0.9422515254,0.4983176597,0.7961825733,0.6258836559
14.10376954,1340.000259,0.7774148642,0.3475930617,0.777500043,0.4470650064
18.97730403,1305.897537,0.1194523631,0.3369173696,0.7716895917,0.4365970116
12.44694653,1533.247837,0.2158775626,0.37855021,0.8055435053,0.4699314283
16.17450999,1615.04017,0.7349384109,0.4236271615,0.8153915887,0.519538302
16.0890498,1133.072737,0.7824667321,0.2677984118,0.7368659661,0.363428933
23.63968633,1676.03341,0.5817488797,0.4057231344,0.8221097514,0.4935145627
4.997252821,1401.709096,0.7043316862,0.4042266437,0.7872953804,0.5134370831
11.11701356,1135.723269,0.5745002523,0.2860556832,0.7374800639,0.387882598
9.126259633,1633.231336,0.5926441922,0.4312790704,0.8174477837,0.5275921949
22.31142072,1540.587942,0.7741458548,0.3807903499,0.8064699898,0.4721692744
5.771079871,1122.304572,0.6237319337,0.3229532852,0.7343412765,0.4397863712
21.53822547,1670.664056,0.5940909165,0.4110910039,0.8215380291,0.5003919348
10.68725733,1651.008478,0.1843993426,0.38055223,0.8194134046,0.4644203132
12.46039394,1238.555646,0.2166832263,0.3202167756,0.7592760559,0.421739594
18.69725446,1362.806463,0.3803097866,0.3498689224,0.7812235207,0.4478473999
3.749950719,1318.179069,0.7540953094,0.3907658335,0.7738167697,0.5049849638
10.53889393,1130.058087,0.04614387326,0.2890873276,0.7361640048,0.3926941901
11.67645617,1414.637588,0.483438405,0.3757573266,0.7892393059,0.4761006247
22.4130748,1666.945343,0.7674432382,0.4062247608,0.8211399064,0.494708341
5.957363672,1450.021274,0.7215754677,0.4229363503,0.7943823272,0.5324090627
6.334383044,1335.012249,0.52818089,0.3610711604,0.7766687157,0.4648972632
16.22529863,1397.986157,0.3169778802,0.3568447085,0.7867289325,0.4535802533
12.6659315,1610.705051,0.6399056126,0.4300391957,0.8148947259,0.5277236213
15.74533262,1638.596606,0.08003224348,0.3918730673,0.818045516,0.4790357745
8.233385732,1452.68947,0.930080148,0.4621294532,0.7947599909,0.5814704546
12.94842407,1228.93924,0.6622106781,0.311008568,0.7573923996,0.4106306957
13.09731427,1402.27696,0.5436371909,0.3712741082,0.787381517,0.4715301289
14.77157275,1380.602068,0.2490806553,0.3546985943,0.7840434931,0.4523965793
18.39369734,1166.837669,0.01553778265,0.2859123628,0.7444803096,0.3840428807
11.02101891,1135.432136,0.9287886601,0.2807673386,0.7374127519,0.3807465193
16.39300181,1621.658188,0.2409640383,0.3998119,0.8161449791,0.4898785268
12.67551078,1684.376492,0.7804868922,0.4629801526,0.8229908803,0.5625580594
13.00336848,1101.009271,0.7422642486,0.2661867547,0.7292030068,0.3650379279
20.98250682,1408.838005,0.4305763799,0.3598751441,0.7883716943,0.4564790272
11.25735983,1345.207894,0.3643625465,0.3531206295,0.7783613958,0.453671818
6.978448655,1251.662896,0.2736314824,0.3160777132,0.7617968857,0.4149107447
10.46012887,1635.178979,0.7295717931,0.454297099,0.8176652196,0.5556028165
11.04210328,1385.519879,0.2988343624,0.3576383628,0.7848100165,0.4557005584
15.44904513,1532.498981,0.4892953333,0.3947617254,0.805448484,0.4901141826
3.447311848,1265.415325,0.8629087047,0.4243631254,0.7643856574,0.5551688749
23.46335076,1405.035118,0.9360515311,0.3470602309,0.7877988983,0.4405441943
14.95324628,1146.21338,0.1180976925,0.2894899701,0.7398826386,0.3912647154
19.10592136,1571.083279,0.4447672788,0.3934277255,0.8102264826,0.4855774699
19.7363341,1489.616887,0.120383683,0.3776583236,0.7998478652,0.4721626949
22.79757042,1607.440038,0.4609819831,0.3969225311,0.8145187422,0.4873092669
17.07515062,1232.054422,0.340389187,0.3146562834,0.7580058196,0.4151106433
22.56346694,1305.914783,0.8865699163,0.3178994006,0.7716926067,0.411950818
21.07826897,1201.702721,0.2572616121,0.2898329968,0.7518937131,0.3854707012
22.71088027,1264.482773,0.458505333,0.3105634513,0.7642118925,0.4063839549
19.14736256,1590.425177,0.8121378504,0.4011868178,0.8125344063,0.4937474828
10.10731893,1348.559557,0.218253427,0.3432320191,0.7789122487,0.4406555677
13.63715428,1400.983148,0.7567245815,0.3746472875,0.7871851632,0.4759328618
10.83970625,1648.346742,0.3446748602,0.4006606609,0.819121795,0.4891344161
10.88795737,1640.752622,0.6258386122,0.4379471143,0.8182846116,0.5352014545
15.69759478,1129.955705,0.8720272691,0.2650639252,0.7361400994,0.360072662
16.02327117,1505.265575,0.3584406278,0.3833569747,0.8019286398,0.4780437506
19.29706147,1398.082256,0.617560132,0.3544418614,0.786743592,0.4505176337
13.7838815,1260.980072,0.6188634628,0.3195856041,0.7635569296,0.4185484955
6.850979392,1110.879426,0.3848780132,0.2950371424,0.7316090361,0.4032715943
5.00441265,1159.058256,0.6857944643,0.3446771578,0.7427653025,0.4640458523
23.84686706,1215.906462,0.8254784831,0.2716335502,0.7547919932,0.3598786853
11.79238076,1560.869563,0.9226957228,0.4557209727,0.8089846794,0.5633246022
12.45786066,1500.311623,0.9402384341,0.430843449,0.8012746182,0.5376976123
4.564864206,1188.277687,0.4113634506,0.2966947012,0.749090635,0.3960731684
9.608585265,1275.709575,0.5542711952,0.3496246429,0.7662869309,0.4562581309
10.88615626,1493.99601,0.2712689023,0.372949001,0.8004345406,0.4659331676
3.247342655,1109.064926,0.3182991129,0.2345066313,0.7311699315,0.3207279474
7.956969784,1329.797526,0.00696826576,0.3083565952,0.7757929353,0.3974728064
9.79847944,1114.219172,0.1105306707,0.2849084598,0.7324135076,0.3889994612
20.0224351,1605.982443,0.6583259979,0.4002446926,0.8143503989,0.4914895273
5.672134409,1192.401101,0.9049561791,0.3981351827,0.7499582986,0.5308764279
23.61437564,1448.300102,0.9478402311,0.3578672766,0.7941379694,0.4506361494
17.2690038,1537.330637,0.6560618307,0.3936792406,0.8060599374,0.488399463
6.944951636,1500.394553,0.851411773,0.4682013358,0.8012856023,0.5843126776
23.62728686,1494.573295,0.1551673853,0.3806478868,0.8005116236,0.4755057585
21.09341725,1476.49535,0.09838987768,0.37652757,0.7980691237,0.4717981925
14.6556117,1596.102598,0.8998337484,0.4387242145,0.8132012313,0.5395026442
15.43240106,1115.647133,0.6962434243,0.2646758728,0.7327560021,0.3612060113
7.421001738,1324.90467,0.05782612533,0.307212827,0.7749649415,0.3964215805
6.989055366,1520.990119,0.7983030768,0.4577191693,0.8039763729,0.56931918
18.13153481,1666.123095,0.9137914728,0.4345884329,0.8210516372,0.5293070657
8.848472622,1633.98971,0.1664109054,0.3628177414,0.8175325107,0.4437961019
5.872231383,1284.327019,0.2899644143,0.3118623358,0.7678550747,0.4061473916
20.93555203,1264.279861,0.4183333549,0.3165911111,0.7641740495,0.4142918899
20.52327,1189.275294,0.1298743898,0.2869399882,0.7493011067,0.3829434997
22.83932256,1629.89688,0.1422628219,0.4025548775,0.817074317,0.4926784126
9.136013952,1561.049116,0.7377050571,0.4448858054,0.8090066502,0.549916129
4.874631015,1251.580586,0.01767612445,0.2545504232,0.7617812203,0.3341516125
20.33502886,1320.236451,0.310379112,0.3382846878,0.7741692408,0.4369647746
23.11342677,1338.759016,0.6466550143,0.3345464422,0.7772937501,0.4303989864
7.528504023,1112.06427,0.6587849072,0.311636734,0.731894992,0.4257943249
12.24373734,1266.138557,0.4137816968,0.3307156392,0.7645202427,0.4325793101
10.3073744,1394.1544,0.0914104185,0.3414832143,0.7861427686,0.4343781154
18.01234984,1543.620983,0.5252482585,0.3905401607,0.8068502546,0.4840305353
18.56801912,1244.293169,0.5157247774,0.31340701,0.760386051,0.4121682789
20.21833343,1216.67045,0.4648135799,0.2980444422,0.7549459675,0.3947891042
8.690409478,1224.068131,0.4084301028,0.327665081,0.7564269567,0.4331747806
15.19389882,1195.820804,0.6615994486,0.299745408,0.7506733459,0.3993020528
10.70241489,1500.793985,0.7851197555,0.4294345136,0.8013384895,0.5358965272
13.5005175,1249.230174,0.7026311178,0.3146173645,0.7613330144,0.4132453979
22.97178097,1456.425056,0.6179556529,0.3675316649,0.7952864112,0.4621374888
20.47484852,1624.115222,0.7287226281,0.4035262955,0.8164231232,0.4942612281
15.77119197,1209.321559,0.1817187981,0.310561206,0.7534568059,0.4121818312
10.84373537,1426.074006,0.9491819409,0.4231323402,0.7909295039,0.5349811053
12.85815318,1622.408381,0.9391912012,0.4664781006,0.8162299927,0.5715032586
13.08467245,1363.640161,0.7931602897,0.3663919241,0.7813572756,0.4689172745
19.54588989,1270.712348,0.3282792436,0.3234019834,0.7653678266,0.4225445232
15.03262443,1182.981447,0.3274993351,0.3014616573,0.7479673069,0.4030412219
8.843396432,1529.377307,0.3712289677,0.3805814951,0.805051377,0.4727418721
22.81808811,1293.305015,0.6236955388,0.3191381104,0.7694666018,0.4147523877
7.617153602,1368.657369,0.4412463071,0.3601250322,0.7821587735,0.4604244617
5.312917461,1316.619576,0.3304381648,0.3138537565,0.7735488629,0.4057322963
20.5521563,1380.742107,0.7270924906,0.3480282537,0.7840653961,0.4438765637
19.75637709,1646.906655,0.01807015051,0.4001087815,0.8189636316,0.4885550055
19.87480301,1223.546241,0.02737820589,0.3062141351,0.7563230633,0.4048721373
9.772950031,1219.766676,0.4319575953,0.3256146384,0.7555680067,0.4309534489
19.56290154,1508.698324,0.9215033686,0.3690972602,0.8023793125,0.4600034603
19.44811781,1210.190054,0.1059664208,0.3017117206,0.753633738,0.4003426405
8.176836653,1384.650797,0.9248551628,0.4388302297,0.7846749515,0.5592509724
4.369540139,1124.196805,0.3406685995,0.2717688733,0.7347884296,0.3698600337
18.3615914,1147.405264,0.6407136849,0.2678344611,0.7401528393,0.3618637217
13.57330769,1265.150769,0.7825801423,0.3197059979,0.764336388,0.4182791804
11.7930086,1156.691709,0.08982441913,0.2971941554,0.7422390099,0.4004022308
22.88148321,1446.324822,0.004327265432,0.3707568772,0.7938568186,0.4670324277
9.291595337,1122.548414,0.2254843455,0.2899533126,0.7343989834,0.3948171487
16.34337169,1542.917188,0.4426458276,0.3934343985,0.8067621501,0.4876708685
22.28160221,1544.071058,0.1625049284,0.3890373197,0.8069065549,0.482134291
3.842771856,1269.121072,0.404373079,0.2887897477,0.7650736351,0.3774666051
23.5106108,1339.693118,0.7976363127,0.3305275251,0.7774490321,0.4251436576
6.306608021,1195.26916,0.02677330399,0.275326087,0.750558276,0.366828394
19.23027927,1611.451634,0.7459334097,0.4065201458,0.8149804849,0.4988096688
19.06735503,1201.497323,0.8766777377,0.2852070662,0.7518512989,0.3793397266
17.73134583,1179.032755,0.4583708598,0.2904983837,0.7471232257,0.3888225847
9.037569493,1207.290556,0.3216106725,0.3178678445,0.7530420507,0.4221116791
13.77850223,1566.648238,0.5645282974,0.4108544655,0.8096892507,0.5074224033
7.654715536,1571.838303,0.02099197296,0.325701517,0.8103176393,0.4019430174
20.85959483,1226.424535,0.3234682536,0.3020877064,0.7568949483,0.399114444
15.47716672,1338.219372,0.3596008421,0.3427063286,0.7772039426,0.4409477485
7.583100794,1442.641562,0.001956087547,0.3136825516,0.7933305071,0.3953995829
10.43828391,1433.099816,0.6102299772,0.3936436926,0.7919544775,0.497053434
10.26758968,1685.003402,0.7664379108,0.4717483103,0.8230567371,0.5731662096
3.941008905,1149.93388,0.04382302587,0.2244512344,0.7407242233,0.3030159232
23.5227575,1625.180732,0.3158755116,0.4017008325,0.8165434809,0.4919527764
13.1457337,1124.168247,0.1874182131,0.2850444239,0.7347816923,0.3879307649
4.010711047,1372.842917,0.4977938886,0.3256690405,0.7828229317,0.4160187794
20.97307063,1306.779427,0.1571769208,0.334236174,0.7718436687,0.4330361025
22.27852562,1481.41507,0.2041916132,0.3775366225,0.7987397279,0.4726653869
8.866758113,1127.897804,0.6166007227,0.3041266199,0.735658675,0.4134072365
21.7043568,1256.588847,0.09584945064,0.3140396464,0.7627306651,0.4117307207
8.710940827,1243.653275,0.876228484,0.3700502452,0.760262763,0.4867399315
20.27403565,1302.160794,0.1126205592,0.3341149014,0.7710344211,0.4333333147
14.6325551,1538.433374,0.3294478566,0.3897738974,0.8061989522,0.483471104
10.50507499,1348.711719,0.9016258737,0.3927868464,0.7789371918,0.5042599718
5.389100105,1318.816371,0.6489715576,0.3765321612,0.7739260699,0.4865221316
16.19422155,1656.052422,0.1088131594,0.3967743221,0.8199634286,0.4838927057
19.34111704,1397.687323,0.003183033179,0.3600054685,0.7866833338,0.4576243744
11.07188497,1462.983621,0.874586712,0.4255902687,0.7962041435,0.5345240566
14.22075951,1327.385206,0.7210512616,0.3415195501,0.7753854732,0.4404513134
11.05622754,1646.719484,0.553405807,0.4284871281,0.8189430544,0.5232196864
15.32024099,1527.45872,0.09718098433,0.3779727003,0.8048065089,0.4696441892
15.05950376,1283.452639,0.8885509992,0.3194188568,0.7676969208,0.416074167
14.69954952,1136.426213,0.09675878035,0.2863250441,0.7376424475,0.3881623748
15.23097912,1442.664177,0.008982145394,0.3625102263,0.7933337469,0.4569454252
4.027689928,1373.217487,0.2699785025,0.2783616259,0.7828821706,0.3555600528
22.51050841,1627.327025,0.151667337,0.4017473848,0.816785443,0.4918640363
12.05313587,1243.135406,0.640579726,0.3251742301,0.7601628925,0.4277691443
13.9435798,1142.628452,0.467966054,0.2868614112,0.7390665361,0.3881401703
7.750276781,1201.950542,0.8051815853,0.3580316105,0.7519448682,0.4761407726
19.45545177,1198.102936,0.04662082293,0.2963664474,0.7511482603,0.3945511998
14.53969088,1502.555297,0.7736614656,0.4026967823,0.8015713627,0.5023841932
7.038243635,1450.300357,0.6580146894,0.4096815276,0.7944218944,0.5156976797
11.02518154,1482.848109,0.6460992558,0.4073058979,0.7989342279,0.509811551
15.47691027,1118.059474,0.4025681626,0.272100053,0.7333326116,0.371045892
9.768567835,1572.441691,0.7196369799,0.4419173519,0.8103904255,0.5453141325
12.88958345,1108.527588,0.05038947303,0.2802346839,0.7310396212,0.3833372034
7.750317611,1101.52819,0.07824614644,0.2760185566,0.7293305766,0.3784546617
4.711628979,1338.563068,0.8695384913,0.4469124931,0.7772611488,0.5749837024
17.69529589,1643.516459,0.3015971106,0.406469169,0.8185901952,0.4965478104
13.38251302,1360.462877,0.5775358552,0.3582769489,0.7808466478,0.458831385
14.47725157,1429.165697,0.3465963393,0.3682195205,0.7913817826,0.4652868295
6.847787908,1172.723072,0.5389328911,0.3264433752,0.7457626551,0.4377309228
19.84885248,1487.157911,0.1486063125,0.3772591946,0.799516919,0.4718589259
23.10219256,1341.140975,0.6887286795,0.3344562329,0.7776892918,0.430064084
9.947078842,1323.515049,0.6629089145,0.3702056926,0.7747286666,0.4778520643
14.94746118,1611.529089,0.6881070459,0.4258487794,0.8149893774,0.5225206502
7.715827507,1288.983116,0.621336046,0.366365654,0.7686936344,0.4766081539
18.95432019,1587.63909,0.2760774399,0.3954857497,0.8122054301,0.4869282266
21.77771681,1271.468613,0.8704462926,0.306901709,0.7655073849,0.4009127998
12.66343223,1208.391395,0.05440246095,0.3118252356,0.7532670283,0.4139637391
16.37433917,1442.088255,0.4113959323,0.3681958568,0.7932512113,0.4641604721
3.83635066,1112.754968,0.7323503394,0.3375382748,0.7320614075,0.4610791818
10.47321571,1434.723911,0.7971359728,0.4133446792,0.7921899832,0.5217746853
21.17569756,1290.816278,0.8789335606,0.3157920942,0.7690221258,0.4106411034
23.98676296,1612.961217,0.8737109655,0.3918202559,0.815153646,0.4806704329
12.42772843,1516.044996,0.09102019587,0.3668481348,0.8033369716,0.456655361
18.88049126,1599.324451,0.3921671121,0.399665458,0.8135775391,0.4912444589
7.036412149,1161.951289,0.768235772,0.3460128748,0.7434057668,0.4654428177
12.32666488,1289.932206,0.2540676464,0.3348089293,0.768863822,0.4354593359
21.87711341,1343.579337,0.5431877004,0.3401238628,0.7780927469,0.437125091
22.30203917,1548.448206,0.2895415287,0.3890153942,0.8074523908,0.4817812154
9.709514222,1688.311404,0.184337175,0.3768086008,0.8234034318,0.4576233062
19.0210644,1168.810645,0.1004200655,0.2837479891,0.7449116319,0.3809149662
8.589502452,1116.632205,0.8510239291,0.3091133701,0.7329917598,0.4217146592
11.32990731,1395.071461,0.7207868083,0.3879593066,0.7862833494,0.4934090324
22.28356086,1665.458543,0.3692208233,0.4075270265,0.8209802332,0.49639079
11.04353015,1121.468275,0.06065425696,0.2866220526,0.7341431705,0.3904171068
14.12474496,1197.831614,0.7227801332,0.3000928555,0.7510918927,0.3995421312
10.7438606,1690.6677,0.4043973045,0.4132221361,0.8236495557,0.5016965446
20.95637542,1368.826266,0.9409805234,0.3390877339,0.7821856524,0.4335131089
15.66615989,1434.377503,0.4063405586,0.368115621,0.7921397962,0.4647104246
20.49712589,1365.866999,0.1861585002,0.3518037038,0.7817137391,0.4500416025
3.114918303,1297.726726,0.5629042618,0.3024146341,0.7702520923,0.3926177379
22.84556435,1451.102458,0.07615444234,0.3717478584,0.7945355282,0.4678807243
7.121143498,1436.707901,0.4410678813,0.3680328559,0.7924769539,0.464408276
8.163723641,1592.323642,0.7203615768,0.4499808142,0.8127579142,0.5536467948
3.697411819,1314.318587,0.4460016084,0.2976331458,0.773152413,0.3849605082
17.68073934,1493.21344,0.3195027287,0.3775914289,0.8003299515,0.4717946994
11.27312428,1354.067293,0.6826103421,0.3728042581,0.7798115341,0.4780696897
8.190655588,1177.726398,0.09287336009,0.2952895931,0.7468427297,0.3953839026
23.08915885,1605.475329,0.7929441806,0.391566918,0.8142917585,0.4808680843
9.739315815,1513.32796,0.7651819097,0.4358045272,0.8029838819,0.5427313512
18.86136406,1225.601118,0.7526463366,0.3001499535,0.7567316188,0.3966398998
18.22338425,1167.48054,0.3208962994,0.2850513458,0.7446210109,0.3828139975
5.830405143,1485.653238,0.6510223323,0.4095998622,0.7993138693,0.5124393282
11.87182634,1329.330562,0.6246170489,0.3581395025,0.7757141763,0.4616900315
12.8407213,1666.223943,0.3918330866,0.4135182039,0.821062468,0.5036379326
11.39387949,1435.037337,0.9469077678,0.4196093459,0.792235371,0.5296523751
17.4114452,1551.158491,0.3036279834,0.3900414785,0.8077888225,0.4828507992
11.31857273,1196.483353,0.2961763778,0.3103295361,0.7508114097,0.4133255463
11.10992461,1566.117976,0.6191593934,0.4224511107,0.8096248147,0.5217862682
12.16891842,1447.412213,0.7696299561,0.4019480814,0.794011687,0.5062243893
8.084907776,1477.33111,0.6340718651,0.410898309,0.7981833606,0.5147918753
5.655768624,1272.017744,0.3165051854,0.3111085115,0.7656086155,0.406354507
6.186611032,1435.492284,0.7931520199,0.4397640022,0.7923012172,0.5550464805
16.49708009,1609.931448,0.1669682096,0.3947311226,0.8148057792,0.4844481135
16.2196843,1252.683722,0.4770770888,0.3203198901,0.7619909999,0.4203722749
12.97715016,1620.4913,0.0494453532,0.3768601703,0.8160125883,0.4618313194
6.938798283,1194.542193,0.3462856781,0.312532505,0.7504064723,0.4164842876
3.420692442,1117.828038,0.8415382851,0.3719414284,0.7332774005,0.5072315445
18.83953339,1501.449923,0.3569436319,0.3772017383,0.8014252787,0.4706636394
21.92839507,1245.603993,0.03520153724,0.3086413368,0.7606382112,0.4057662793
20.37638719,1339.629641,0.8010940859,0.3352390362,0.7774384868,0.4312097251
3.650483937,1298.689579,0.4439204144,0.2939667603,0.7704224282,0.3815656834
13.01429431,1444.273574,0.7708218985,0.3947663385,0.7935640412,0.4974599629
5.908083107,1449.026382,0.06490141375,0.2965508169,0.7942411514,0.373376293
10.35695586,1656.888177,0.7646214095,0.465349089,0.8200542414,0.5674613526
10.40670645,1689.581573,0.2767428317,0.3940883272,0.823536191,0.4785318867
8.328389047,1364.280845,0.4374871387,0.3612572706,0.7814599531,0.4622850719
16.3299152,1560.458674,0.5817066881,0.4021534036,0.8089343825,0.4971397091
4.191496576,1349.530246,0.6537805164,0.3696840121,0.7790712724,0.4745188601
21.37576456,1286.132392,0.2652975106,0.3255020416,0.7681809417,0.4237309518
12.98291315,1477.728292,0.2358290305,0.3728649586,0.7982376046,0.4671102394
8.459313156,1102.79661,0.5781491867,0.2958012817,0.7296418965,0.4054061082
21.84478998,1300.312868,0.805199263,0.3198661642,0.770709029,0.4150284376
10.46648824,1148.367653,0.172904229,0.2957269661,0.7403706041,0.3994309938
16.04425805,1244.473037,0.562660084,0.3165135787,0.7604206831,0.4162348364
12.77850531,1554.019524,0.2061669187,0.3815387961,0.8081426935,0.4721181038
20.1769276,1672.716896,0.8338126896,0.4207874324,0.8217570464,0.512058198
22.7199465,1365.543384,0.4548939488,0.3469728464,0.7816620083,0.4438911483
8.674549048,1295.777446,0.8652792071,0.3907431043,0.769906475,0.5075202209
23.22201376,1576.197493,0.2473111048,0.3945572285,0.8108422318,0.4866017248
7.802196388,1546.197135,0.4035752695,0.3810265082,0.8071720654,0.472051158
17.56213801,1181.35077,0.5942083551,0.2894884289,0.7476194137,0.3872136325
4.184270437,1274.457706,0.6175104197,0.3470500984,0.7660573603,0.4530340891
11.42376032,1537.038785,0.1228569983,0.3670771592,0.8060231122,0.4554176595
19.54587762,1588.547204,0.02346007204,0.3924854163,0.8123127854,0.4831703051
23.34418471,1218.371743,0.1401407939,0.2884766566,0.7552881526,0.3819425151
11.40402954,1467.604865,0.3753869068,0.3789044041,0.7968458629,0.4755052661
19.03073251,1174.740961,0.1532149658,0.2864800362,0.7461993667,0.3839188949
5.107606584,1270.367041,0.598788998,0.3537455948,0.7653040497,0.4622288291
10.02702268,1145.572215,0.9083091631,0.302948379,0.7397370536,0.4095352228
15.39404041,1180.031053,0.3989992549,0.2987713302,0.7473371576,0.3997811793
23.65285215,1241.840332,0.5913742578,0.2935015785,0.7599127743,0.3862306154
17.98757718,1275.11369,0.1803200245,0.3285595834,0.7661777124,0.4288294714
22.54764802,1232.631138,0.8934197858,0.2853278112,0.7581190424,0.3763628075
22.49652713,1489.276649,0.6100361798,0.3745517034,0.7998021387,0.4683054536
21.289299,1363.522367,0.2973246401,0.3497871539,0.7813383871,0.4476769088
8.284659743,1356.750581,0.7705934113,0.4029638527,0.7802470076,0.5164567743
9.230426894,1168.59176,0.8594210514,0.3266324492,0.7448638522,0.4385129555
17.08920213,1148.34978,0.4126266396,0.2794685574,0.7403665633,0.3774732291
22.91719498,1660.807871,0.5500083323,0.4039505425,0.8204789336,0.4923350569
11.79009757,1183.500911,0.2831199564,0.3044152795,0.7480779294,0.4069299033
5.042199248,1420.089679,0.7750798067,0.4307942994,0.7900484707,0.5452757843
20.534667,1528.756875,0.1469719732,0.3848770265,0.8049722589,0.4781245841
16.20628917,1357.889034,0.1273677268,0.3493061301,0.7804312485,0.4475809123
8.203027927,1147.364161,0.892139975,0.3334562162,0.7401435307,0.4505291235
22.04806587,1525.439039,0.2646076269,0.3851342542,0.8045480727,0.4786963853
11.55948471,1601.055891,0.3076467284,0.3931355227,0.813779143,0.4830985484
19.48604917,1673.371935,0.1068214912,0.405319279,0.8218268194,0.4931930541
12.75987141,1407.354548,0.4223520273,0.3685972738,0.7881486222,0.4676748312
4.870250697,1186.204671,0.1957172446,0.2704183455,0.7486521448,0.3612069335
16.58328283,1242.975292,0.1322584458,0.3205683987,0.7601319979,0.4217272784
20.73167701,1339.657898,0.8843342677,0.3326001377,0.7774431812,0.4278127916
14.42171133,1298.035505,0.3435508582,0.333027028,0.7703067453,0.4323304061
3.736068861,1296.763372,0.9309387735,0.4714751038,0.7700814146,0.6122405954
16.74943524,1671.1038,0.8696505476,0.4434864939,0.8215849907,0.5397938119
23.46720257,1359.671549,0.3056008423,0.3458810999,0.7807191007,0.4430288687
15.63096335,1181.576282,0.891215728,0.2871814208,0.7476675823,0.3841030795
21.6032197,1431.415584,0.2781549414,0.3665049135,0.791709687,0.4629284187
16.54254789,1290.416181,0.8711868616,0.3219910313,0.7689505105,0.4187409033
18.53655272,1319.43825,0.8148608629,0.330667686,0.7740326233,0.4272012265
16.68301338,1432.174265,0.5727994716,0.3639687492,0.7918200269,0.4596609544
12.27907479,1648.150883,0.6225888867,0.4365243709,0.8191003001,0.5329315235
22.182044,1585.549239,0.8067739808,0.3872618216,0.8119579054,0.4769481509
21.60895476,1455.382286,0.03511172505,0.372702313,0.7951397355,0.4687255539
14.8552333,1461.369278,0.01943378549,0.3645232321,0.7959790147,0.4579558322
9.887743461,1229.932073,0.1828175809,0.3172266346,0.7575882387,0.4187322589
20.50671903,1665.79891,0.7257147609,0.4152998571,0.8210168117,0.5058359966
18.55465521,1353.195817,0.4577672316,0.3465868436,0.7796697298,0.4445303316
23.7542572,1228.924796,0.4347887454,0.2890914548,0.7573895482,0.3816945394
20.12433204,1307.808126,0.4319171332,0.333308395,0.7720231323,0.4317336891
5.661302061,1422.347593,0.3789388347,0.3397748478,0.7903817594,0.4298870056
13.84570467,1453.599746,0.4360259203,0.3779925822,0.7948885167,0.4755290513
12.58967713,1695.159819,0.1926107827,0.3954514948,0.8241168788,0.4798487994
9.676524211,1129.534076,0.4347317187,0.294975806,0.7360416066,0.4007596899
12.77211047,1432.614731,0.8113635784,0.3949814812,0.791884033,0.4987870253
22.21481879,1225.119482,0.08664018101,0.2976704006,0.7566359817,0.3934129592
7.703750059,1294.576365,0.7204897616,0.3809626554,0.7696929992,0.4949540346
20.83443728,1398.762577,0.4379489084,0.3574445895,0.7868473142,0.4542743974
17.29962717,1442.731341,0.729442551,0.3626769039,0.7933433678,0.457149979
21.99902861,1476.176667,0.7063001595,0.3699985611,0.79802553,0.4636425116
21.05786822,1509.285677,0.6897716006,0.3760153169,0.8024562186,0.4685804761
21.07435873,1348.643783,0.5763241008,0.3420393166,0.7789260561,0.4391165425
4.722698022,1110.865273,0.01396618307,0.2369555966,0.7316056165,0.3238843323
23.16047921,1678.530897,0.2840381708,0.4091514973,0.8223744344,0.4975245827
12.09786987,1478.59101,0.6014450749,0.3983827552,0.7983553275,0.4990043174
22.67291725,1320.804731,0.6749258768,0.3286355884,0.7742664052,0.4244476917
8.431191646,1289.919324,0.1939407979,0.3241158428,0.7688615137,0.4215529546
10.11007505,1419.338379,0.169189938,0.3501976924,0.7899373367,0.4433233829
21.11456627,1223.925997,0.1269236399,0.3015441373,0.7563986706,0.3986576776
17.46351381,1474.748454,0.6188299504,0.3733842975,0.7978299288,0.4679998632
17.27486745,1689.981836,0.3766465664,0.4176790217,0.8235779855,0.5071517561
14.02718103,1337.996959,0.1086644673,0.343599717,0.7771669076,0.4421183064
23.25588237,1279.37701,0.2213302742,0.3179622459,0.7669568879,0.4145764265
11.34327719,1445.426707,0.2430283567,0.3646823815,0.7937287317,0.4594546813
7.354869799,1211.91005,0.805647246,0.3665987547,0.7539833917,0.4862159549
14.78206205,1387.983635,0.0005759959893,0.3525842665,0.7851919919,0.4490421071
23.24924165,1695.670439,0.747012121,0.4106051162,0.8241698427,0.49820449
10.50608622,1503.145284,0.7808581897,0.4308134898,0.8016492462,0.5374089627
12.60926171,1181.878631,0.794615782,0.2936793003,0.7477321341,0.3927600365
9.742577003,1365.798953,0.5245479949,0.3710229862,0.7817028639,0.4746342931
14.89524703,1668.423446,0.43615724,0.4189218951,0.8212983636,0.5100727259
14.37201877,1669.659953,0.7278740682,0.4454799785,0.8214307054,0.5423220432
7.703991367,1605.277327,0.0686464171,0.3347604726,0.8142688525,0.4111178655
15.79209467,1124.982457,0.8729364755,0.2621078773,0.734973645,0.3566221444
16.40542312,1111.246391,0.319899182,0.2649241036,0.7316976663,0.3620677171
10.96741407,1137.70788,0.3731198868,0.2904753998,0.7379380021,0.3936311709
22.81434817,1510.733464,0.07225595985,0.3838253903,0.8026455313,0.4782003703
16.18991242,1495.442576,0.5108011908,0.3840586426,0.8006275835,0.4796969909
17.33969283,1485.241584,0.5657543326,0.3772250079,0.7992582465,0.4719688655
3.020817395,1202.618239,0.5778487682,0.2908021065,0.7520825892,0.3866624632
5.285008009,1450.358603,0.5011523071,0.3620205689,0.7944301503,0.4556984258
12.33058928,1502.716918,0.5040828581,0.3956801393,0.8015927042,0.4936174409
17.54662597,1324.083323,0.7369614894,0.3342080964,0.774825349,0.431333457
4.229850351,1214.901708,0.7646140347,0.3771183957,0.7545892,0.4997664898
8.184050592,1567.950778,0.1462271492,0.3483771999,0.8098473471,0.4301763797
12.09383986,1266.364735,0.5296598941,0.3329073677,0.7645623005,0.4354221592
19.53307261,1151.404687,0.1074333201,0.2713012702,0.7410554227,0.3661011875
12.86129622,1131.337908,0.7080872459,0.2794387905,0.736462468,0.3794338512
12.1164441,1144.750797,0.1586685978,0.2934139932,0.7395503015,0.3967464994
18.74546835,1543.544923,0.7889576184,0.3881659141,0.8068407368,0.4810935993
19.43785296,1320.950611,0.1368971302,0.3407113608,0.7742913343,0.4400299289
15.10915074,1406.809796,0.07307675299,0.3577741541,0.788066588,0.453989751
20.63169015,1423.758486,0.9451023005,0.3527565215,0.7905894834,0.4461943004
17.79125659,1366.379198,0.2595025006,0.3516050433,0.7817955656,0.4497403909
16.29897935,1219.897114,0.5032110433,0.3094597246,0.7555941426,0.4095581308
21.36434651,1448.169144,0.5394892105,0.3670338724,0.7941193533,0.4621898093
11.71386117,1162.857878,0.3655453483,0.2966474546,0.7436058132,0.3989310591
22.45380163,1335.960957,0.1184776877,0.3412988385,0.7768273103,0.4393496906
9.687600616,1383.359055,0.3419015588,0.3582021188,0.784473887,0.4566144581
20.39863622,1242.013972,0.5023150557,0.3078396298,0.7599463398,0.4050807455
12.28903314,1507.672366,0.07452489938,0.3640457809,0.8022448333,0.4537838896
10.58404212,1277.174539,0.2833263249,0.3334022487,0.766555008,0.4349358431
8.308015781,1123.275646,0.9157238794,0.3199577888,0.734570939,0.4355709868
5.172044721,1420.89206,0.1833554683,0.2973402689,0.7901670307,0.3763005256
6.539978754,1343.836588,0.01120855065,0.2924205214,0.7781352267,0.3757965342
11.42249913,1391.581289,0.7371787427,0.3873307983,0.7857473348,0.492945736
18.07265933,1475.856109,0.6027224799,0.3706794318,0.7979816608,0.4645212415
9.990476162,1408.318025,0.1182326054,0.3437216288,0.7882935568,0.4360325234
19.28683842,1346.761388,0.5894495763,0.3426571474,0.7786170568,0.4400843065
6.027843413,1271.419857,0.6327220909,0.3651569624,0.7654983926,0.477018588
9.318514558,1598.948691,0.2121786906,0.3699441132,0.813533729,0.4547372777
14.69133061,1634.82396,0.1831773372,0.3952260992,0.8176256238,0.4833827215
9.942944601,1367.073444,0.06882498049,0.3340824924,0.7819063773,0.4272666167
22.68315261,1684.862605,0.9227263786,0.4096928308,0.8230419506,0.4977787955
10.69054499,1628.921099,0.5987814392,0.4320679036,0.816964738,0.5288697094
8.355472027,1456.223249,0.6369589961,0.4069807158,0.7952580415,0.5117593216
16.36471986,1216.495103,0.3868093612,0.3100000874,0.7549106451,0.4106447425
8.098450223,1593.507035,0.1319168176,0.347428205,0.8128969666,0.4273951304
6.946070617,1194.352483,0.5969617128,0.338873151,0.750366827,0.4516099844
22.88761421,1253.260083,0.2168065108,0.3077504461,0.7621004579,0.4038187393
6.71870637,1113.587184,0.148112491,0.277048731,0.7322616457,0.3783466369
8.067396141,1174.020415,0.04621256159,0.290836937,0.7460435984,0.3898390625
15.46323851,1509.942734,0.8996262387,0.4029607501,0.8025421804,0.5021053845
9.246526569,1666.730377,0.1938763137,0.3726634174,0.8211168381,0.4538494403
18.36987423,1299.423247,0.03732629821,0.3358292993,0.7705520502,0.4358294799
21.70073854,1251.453155,0.3545899539,0.3098209776,0.7617569633,0.4067189308
9.257695299,1105.799215,0.7876350736,0.2918750662,0.7303760069,0.3996230208
7.759750782,1222.923846,0.4445856261,0.3304127075,0.7561990463,0.4369388049
3.128377808,1299.16004,0.05239451881,0.2041289595,0.7705055645,0.2649285987
8.930351239,1297.594617,0.910966456,0.3932865028,0.7702287015,0.5106100331
20.27786492,1537.227538,0.9218932213,0.3746895741,0.8060469302,0.4648483358
11.11109605,1295.617138,0.4470506964,0.3444735054,0.7698780055,0.4474390786
8.975419922,1146.973363,0.3913535675,0.303416269,0.740054992,0.4099915172
20.12301882,1381.525213,0.04503493108,0.3563255545,0.7841877968,0.4543880381
11.79579803,1448.413096,0.8770619112,0.4138550244,0.7941540291,0.5211268963
22.97934282,1209.267341,0.01604827636,0.2856089159,0.753445752,0.3790703115
8.612606712,1520.164666,0.5831626721,0.410435822,0.8038699316,0.510574915
16.74730415,1403.132576,0.4172798961,0.3563893429,0.7875111696,0.4525514769
5.624447459,1384.42112,0.3398179792,0.3281653077,0.7846392289,0.4182371918
9.176741773,1466.289049,0.6564595171,0.4106524214,0.7966635567,0.5154653027
23.94130704,1353.254661,0.8423267578,0.3331347618,0.7796793104,0.4272715171
12.02343967,1270.953852,0.3273082742,0.3315752694,0.7654124109,0.4331981879
19.42640336,1273.855292,0.4213589431,0.3235419215,0.7659467273,0.4224078647
22.96697426,1230.21796,0.8466432208,0.283667961,0.7576445722,0.374407699
21.65804383,1289.436099,0.2306238936,0.3263263346,0.768774893,0.4244757959
9.898750964,1397.01571,0.4055446621,0.3668912648,0.7865807823,0.4664381244
12.31346966,1341.356169,0.7022758373,0.3618964223,0.7777249571,0.4653270016
9.49056018,1501.346656,0.6989483399,0.4238949674,0.8014116202,0.5289353894
12.84168303,1489.910635,0.8683978765,0.4175410812,0.7998873268,0.5219998707
8.28320469,1539.988015,0.7859189403,0.453475635,0.8063945972,0.5623495453
23.13933739,1194.078441,0.6853130796,0.2663945248,0.750309536,0.355046167
22.92450632,1179.882767,0.09342196347,0.2677253943,0.7473054034,0.3582543269
15.80055905,1549.11158,0.6852550867,0.4052758185,0.8075348452,0.5018679019
13.21797099,1547.101615,0.6200286279,0.4123163417,0.8072847982,0.5107445881
14.57783856,1621.507081,0.09164788901,0.3869953197,0.8161278458,0.4741846779
6.20653918,1182.75798,0.4152516233,0.3138421333,0.7479196886,0.4196200983
20.13362349,1223.277595,0.764606228,0.2946202587,0.7562695489,0.3895704371
23.18387894,1588.804644,0.8132664857,0.388655926,0.812343197,0.478438088
10.5504929,1445.516289,0.3347882661,0.3703144085,0.7937415149,0.4665428248
19.46702372,1318.241024,0.1514006632,0.3398476346,0.7738273999,0.4391775667
10.66651756,1454.295255,0.8339895553,0.4219554155,0.7949866102,0.5307704685
7.526546784,1604.379181,0.07469913216,0.3332104908,0.8141648785,0.4092665989
5.537017863,1129.629231,0.3712895828,0.2925753191,0.7360638414,0.3974863356
18.4800705,1357.009487,0.7203665079,0.3427361739,0.7802889347,0.4392426429
6.242972769,1464.229413,0.8361932786,0.4590885322,0.7963775366,0.5764709716
15.7757654,1325.294716,0.5461012062,0.3376680076,0.7750311713,0.4356831314
8.036313417,1204.212603,0.1515874459,0.3034916639,0.7524108291,0.4033589791
15.54258063,1153.971478,0.7519880478,0.2804982647,0.7416313958,0.378217894
5.534757806,1411.346771,0.1514447842,0.2991860418,0.7887478782,0.3793177136
14.60678876,1568.083346,0.7648091209,0.4213082856,0.8098634229,0.5202214024
13.59829146,1168.071913,0.2863938766,0.2988681298,0.7447503046,0.4012997751
14.26295923,1548.294059,0.51461852,0.4023865344,0.8074332209,0.4983527107
13.10302122,1189.761326,0.3196970352,0.3053569853,0.7494035203,0.4074667078
23.25651291,1641.63207,0.3178816859,0.4036553632,0.8183819593,0.4932359012
8.370448757,1199.947404,0.4183973247,0.3221113612,0.7515307762,0.428607013
18.91160151,1278.53316,0.8422185215,0.3170391344,0.7668030762,0.4134557415
12.18709462,1124.582526,0.2819607837,0.2858489603,0.7348793946,0.3889739764
9.283134641,1436.638728,0.9478072975,0.4466750622,0.7924669618,0.5636513365
21.59564514,1205.15176,0.5570218444,0.2845496164,0.7526037717,0.3780868859
16.42230165,1672.335915,0.3547890648,0.4137608696,0.8217164403,0.5035324223
9.668820921,1559.832056,0.1347896133,0.3595504872,0.8088576274,0.4445164081
22.81735296,1618.284717,0.7241973669,0.3945012134,0.8157617155,0.4835985875
18.65249463,1553.357416,0.3519159104,0.3896836061,0.8080609157,0.4822453339
4.086546076,1332.374003,0.1890953801,0.2635923685,0.7762264954,0.3395817716
21.31901252,1284.359431,0.07365059561,0.3260741701,0.767860933,0.4246526371
14.6456911,1304.654772,0.1381618551,0.3362943451,0.7714721117,0.4359125107
10.26768376,1265.265259,0.3625018121,0.3342815962,0.7643577124,0.4373365909
23.41183736,1270.945175,0.7290746475,0.3053105663,0.7654108094,0.3988845761
18.75652487,1206.761437,0.2128477538,0.3020219887,0.752933769,0.4011269001
16.17363813,1559.525479,0.5904735809,0.4028139902,0.808820052,0.4980267109
15.429629,1566.582981,0.3452410476,0.3955102511,0.8096813232,0.488476441
16.4363628,1557.129996,0.2323577054,0.3892784999,0.8085259415,0.4814669263
13.10376419,1699.346397,0.4403591902,0.4236312332,0.8245501915,0.5137725243
18.14310578,1416.049795,0.4768296019,0.3597109026,0.7894494945,0.4556477712
8.997998675,1503.645383,0.4952993781,0.3948199893,0.8017152161,0.4924691229
16.36554849,1438.409113,0.0385868884,0.3647193275,0.7927223921,0.460084553
13.22583619,1359.338514,0.7172499798,0.3618191298,0.7806653773,0.4634753126
23.7463197,1438.973314,0.4712719477,0.3654992474,0.7928036627,0.4610211388
11.68736297,1634.486579,0.3866457214,0.4065148452,0.8175879791,0.4972123558
7.222713976,1265.52739,0.08704924962,0.3010351663,0.7644065214,0.3938155392
15.95797604,1335.601221,0.8582822086,0.3332462953,0.7767672001,0.4290169503
11.0125435,1383.796419,0.1399491787,0.3467531607,0.7845420064,0.4419816375
13.48754743,1156.086839,0.6112306344,0.2896887916,0.7421041482,0.3903613695
18.73912694,1670.090667,0.9010679772,0.4310208119,0.8214767582,0.5246902089
16.74037169,1206.28131,0.2808617611,0.3068918822,0.7528354311,0.4076480324
12.65762369,1215.766424,0.9208451504,0.3031222235,0.754763749,0.4016120592
23.73403481,1319.657432,0.797053105,0.3227614687,0.7740701543,0.4169666882
14.29874628,1244.323759,0.323417666,0.3204324353,0.7603919415,0.4214043019
21.45532143,1238.683578,0.910818521,0.2922556003,0.7593009182,0.3849008915
19.01354159,1514.486397,0.05351261099,0.3809178367,0.8031345804,0.474288925
8.923972389,1173.352543,0.8280480422,0.3320119185,0.7458990465,0.445116427
16.95974956,1319.026808,0.2012525723,0.3408496606,0.7739621377,0.4403957816
10.72486003,1316.2883,0.521840035,0.3551818434,0.7734918711,0.4591927294
18.61353689,1406.532928,0.137180322,0.3612388292,0.7880248701,0.4584104422
20.67903725,1398.16853,0.7858360355,0.3509401874,0.786756751,0.4460593277
11.03526984,1414.836485,0.5435135884,0.3815775045,0.7892689345,0.4834568901
23.17677342,1441.390834,0.6290547895,0.3638133481,0.7931511753,0.4586935749
4.557250723,1425.005077,0.1696702493,0.2804340524,0.7907726753,0.3546329573
6.231648147,1520.284799,0.7497224508,0.444715784,0.8038854298,0.5532079168
7.602620721,1155.251687,0.6606872746,0.3282896399,0.7419177108,0.4424879406
18.92321313,1192.026862,0.2253904683,0.29477532,0.7498797976,0.3930967616
17.65459807,1472.387658,0.4624539537,0.3723589454,0.7975057734,0.4669043885
14.7734838,1483.978332,0.1119057041,0.3710621451,0.7990873629,0.4643574186
19.46545403,1516.232853,0.7177770875,0.3749191307,0.8033613377,0.4666880432
12.75232257,1677.627617,0.07657210478,0.383085577,0.8222787959,0.4658828354
15.76774625,1220.574222,0.8197932892,0.3031120105,0.7557297256,0.4010852031
15.2991062,1128.46547,0.386059833,0.2780670769,0.7357916499,0.3779155103
19.47438412,1396.934442,0.1518245523,0.3595368244,0.7865683664,0.4570954539
8.944379093,1224.41199,0.4061523181,0.3273714271,0.7564953608,0.4327474352
23.55349303,1507.038905,0.2706728855,0.3824325562,0.80216171,0.4767524446
15.50240815,1659.23842,0.4517025833,0.4181418267,0.8203091272,0.5097368941
8.866623235,1217.233474,0.7437433293,0.3470044761,0.7550593157,0.4595724718
15.17780921,1463.545434,0.4333967244,0.3772545392,0.796282375,0.4737697971
9.555332626,1639.704377,0.3262517953,0.391038822,0.8181684429,0.4779441512
10.16386746,1271.822915,0.3912920253,0.3375570235,0.7655727095,0.4409209201
11.73852835,1687.45299,0.8741655391,0.4838344002,0.8233135964,0.5876672052
9.837423603,1665.744819,0.646923273,0.4466604056,0.8210109997,0.5440370541
13.14113511,1587.275561,0.8251480716,0.4411015931,0.8121624201,0.5431199255
16.33474623,1166.721441,0.8082099986,0.2817005819,0.7444548549,0.3783984751
7.486379981,1545.283437,0.6958824862,0.43611707,0.8070580498,0.5403788118
16.79123948,1443.19784,0.6928934033,0.3665121199,0.7934101675,0.4619453278
18.55185547,1531.626858,0.0586377566,0.3831665131,0.8053377045,0.4757836507
4.355229733,1366.519993,0.1951098927,0.2750023555,0.7818180477,0.3517472592
21.5628085,1577.809511,0.5810052469,0.3894831149,0.8110354907,0.4802294343
20.29057891,1256.322278,0.5041650768,0.3138787218,0.7626803207,0.4115469002
20.35149751,1563.873071,0.1584131941,0.3899556916,0.8093515352,0.4818125062
17.26825585,1179.198504,0.2769663939,0.2947088063,0.7471587702,0.3944393322
15.37783781,1512.740983,0.8299501308,0.4021999718,0.8029074353,0.5009294398
18.59214764,1318.020726,0.2884798932,0.3395333543,0.7737895967,0.4387928654
11.78507545,1656.615213,0.05964936657,0.374122062,0.8200245913,0.456232735
12.05782933,1134.962911,0.625076526,0.283639627,0.7373041911,0.3846982432
11.93088512,1388.281436,0.1445351077,0.350703166,0.7852380704,0.4466201771
21.97961437,1493.654894,0.237511373,0.379569256,0.8003889646,0.4742309962
8.546418498,1225.261573,0.1959011553,0.3131545319,0.7566642042,0.4138619617
17.53259719,1438.518843,0.7997725062,0.3584683826,0.7927382033,0.4521901191
9.235779211,1130.619616,0.05575726923,0.2874210013,0.7362950405,0.3903611807
12.42964256,1104.892929,0.3036396743,0.2781515657,0.7301548484,0.3809487347
13.36931725,1383.402362,0.929676778,0.3751461028,0.784480634,0.4782095142
12.48907823,1158.451559,0.22656173,0.2970639599,0.7426305851,0.4000157896
19.03376529,1633.376812,0.2822531154,0.4038505062,0.8174640427,0.494028465
17.58293683,1668.261106,0.3460135468,0.4124733154,0.821280974,0.5022316704
18.07974534,1653.951345,0.4377970485,0.4132480776,0.8197347214,0.5041241597
8.886621695,1497.805435,0.8500617055,0.4522947139,0.800942103,0.5647033815
23.65113863,1488.679573,0.4439808425,0.3770473451,0.7997218438,0.4714731103
18.14913717,1144.238128,0.3652290983,0.2727512013,0.7394336085,0.3688650315
13.99898746,1182.068274,0.3907412768,0.3017504213,0.7477726063,0.4035323289
3.3403029,1224.933613,0.3148069986,0.2494741354,0.7565990542,0.3297309639
2.673498372,1212.865103,0.7521123459,0.3361035931,0.754177114,0.4456560493
13.59955258,1150.870435,0.5907162404,0.2881429251,0.7409352167,0.3888908485
6.668794161,1276.397604,0.02866108501,0.2897678865,0.7664129116,0.3780832526
17.62539735,1171.660851,0.9350643797,0.2748347755,0.7455321651,0.368642412
8.06593459,1327.601523,0.4774247499,0.3580826711,0.7754220714,0.4617906613
7.2632966,1450.043811,0.8263057129,0.4467067946,0.7943855228,0.5623299793
8.379855129,1607.386766,0.5341243157,0.4148362219,0.814512595,0.5093060862
15.20612024,1361.335152,0.8359239881,0.3461815675,0.7809870703,0.4432615861
7.458592912,1128.680744,0.6085200459,0.3154777278,0.7358420425,0.4287302295
10.83293706,1322.494781,0.0928807546,0.3334017826,0.7745548758,0.4304430752
2.887723812,1138.419692,0.3449209806,0.2258890127,0.7381018599,0.3060404329
16.77039918,1592.783526,0.8869758272,0.4202095194,0.8128119766,0.5169824406
20.93759755,1657.813942,0.692453737,0.4107284291,0.8201547276,0.5007938322
14.37507306,1529.865207,0.04654352157,0.3731335129,0.8051135494,0.4634545191
21.76427821,1530.010303,0.8821732941,0.3760627753,0.8051320312,0.4670821192
13.97562913,1130.024865,0.6823670576,0.2771399997,0.7361562483,0.3764689906
17.28924323,1230.384596,0.3779782456,0.3132334244,0.7576773954,0.413412656
9.342534907,1422.155319,0.04324610287,0.3341113769,0.7903534192,0.4227366755
8.313668626,1473.535511,0.4683758223,0.3840753564,0.7976635122,0.4815004704
8.452397701,1380.798135,0.3786644266,0.357789536,0.7840741579,0.4563210411
16.86252533,1447.073237,0.0716996185,0.3671657975,0.7939634344,0.4624467345
20.45858785,1383.124625,0.5561613534,0.3520024771,0.7844373569,0.4487324246
8.534984854,1206.992761,0.728238103,0.3451237814,0.7529811199,0.4583432071
8.720012597,1196.017672,0.8022371464,0.3435926248,0.7507143857,0.4576875458
6.211736163,1143.29421,0.006001565527,0.2651535376,0.7392184816,0.3586944106
11.25919799,1573.798864,0.4632020897,0.4054653276,0.8105539363,0.5002323837
8.172194708,1454.207634,0.4887269631,0.3834593631,0.7949742574,0.4823544405
7.072062727,1333.581219,0.722292889,0.3954895914,0.776429065,0.5093698951
22.43212098,1680.058603,0.2987948709,0.4101268727,0.8225359524,0.4986127008
12.48363332,1219.286719,0.4458937883,0.3131500713,0.755471789,0.4145092853
22.71594515,1428.798493,0.07693814256,0.3666863223,0.7913281674,0.4633808544
15.51477558,1414.884573,0.009589325289,0.3588335863,0.7892760966,0.4546363279
18.84885299,1684.385359,0.452439324,0.418437064,0.8229918121,0.5084340547
20.62753614,1360.899467,0.2843719615,0.3497184653,0.7809169543,0.4478305451
23.24731749,1369.464065,0.7909856356,0.3408633979,0.782287095,0.4357267301
6.10027018,1113.698329,0.6629932108,0.3236186402,0.7322883654,0.4419278736
15.12940553,1361.702803,0.8314727158,0.3470961393,0.7810462024,0.4443989846
14.77218943,1184.534181,0.721298956,0.2950104206,0.7482976812,0.3942420617
12.94183893,1134.766452,0.6295368451,0.2825336841,0.7372587113,0.3832218999
7.844350995,1497.133083,0.8623932229,0.4634457471,0.8008527076,0.5786903668
21.95788544,1264.848167,0.2968390974,0.3153164338,0.7642800078,0.4125666387
7.382840524,1519.930375,0.7700858064,0.4488680363,0.8038396989,0.558404912
22.71932136,1199.675334,0.5280710078,0.276097021,0.7514744269,0.3674070749
15.02914824,1559.290953,0.1785821285,0.3857202842,0.8087912975,0.4769095383
12.61553153,1190.766211,0.4176409999,0.3042249999,0.749614998,0.4058416664
17.58026677,1272.675428,0.3757005728,0.3264859233,0.7657297427,0.4263722631
6.835005882,1182.035588,0.22957712,0.2982277143,0.7477656315,0.3988251155
5.27946297,1194.308575,0.3155703637,0.294396367,0.7503576495,0.3923413951
6.504211709,1379.847691,0.1865991434,0.3171587024,0.7839254275,0.4045776439
9.153969665,1186.984115,0.6842576116,0.3287577746,0.7488171946,0.4390360919
20.8399878,1213.792102,0.7231117952,0.2884745954,0.7543648541,0.382407258
7.93601428,1252.468353,0.09914370516,0.3067703933,0.761950073,0.4026121976
12.58836834,1187.489019,0.7321039817,0.2969765358,0.7489239941,0.3965376168
13.92004661,1546.363823,0.08141895177,0.3755633894,0.8071928511,0.4652709559
15.96365394,1508.166445,0.6114536765,0.3906661444,0.8023096185,0.4869269113
18.75373466,1149.244529,0.03819555891,0.2747811716,0.7405687018,0.3710407569
10.60449759,1437.087262,0.7236412721,0.4053426279,0.7925317356,0.5114528664
3.835407966,1335.483992,0.2737847477,0.2698549153,0.7767476048,0.3474164757
21.12988668,1493.313533,0.9117162249,0.3681929297,0.8003433348,0.4600437259
7.293879653,1140.247701,0.3517450127,0.3011157202,0.7385217268,0.4077276393
19.05783138,1160.518376,0.3272352943,0.2772806927,0.7430889454,0.3731460338
6.45713863,1225.365442,0.4737552932,0.3315796476,0.7566848306,0.4382004689
9.660999135,1599.665805,0.9162682026,0.4868102199,0.8136173199,0.598328241
14.10807378,1351.808636,0.555363192,0.3511848149,0.7794436342,0.4505583206
19.05499143,1582.068465,0.3526389179,0.3952186015,0.8115441863,0.4869957892
18.01004836,1555.914603,0.573843223,0.3943663024,0.8083763726,0.4878498626
9.160696705,1614.104068,0.414140712,0.3990028789,0.8152845248,0.4894032289
13.79099376,1509.412985,0.8270734068,0.4131956358,0.8024728799,0.5149029284
19.71369078,1289.012764,0.8692684337,0.3184109782,0.7686989545,0.4142206469
22.86754494,1563.860735,0.3256512016,0.3917046653,0.8093500314,0.4839743623
11.19162333,1586.686327,0.257465525,0.3847375503,0.8120926645,0.4737606521
16.14006353,1385.398243,0.07639074584,0.3547248158,0.7847911231,0.4519990166
16.59368439,1304.334752,0.5846693678,0.3324170101,0.7714160422,0.4309179378
21.48131867,1600.186225,0.5700787067,0.3928216818,0.8136779361,0.4827729306
18.67448335,1686.546626,0.419714694,0.4178913235,0.8232186437,0.5076310245
11.40852013,1560.425794,0.3709145899,0.3937159523,0.8089303566,0.4867118029
16.97269362,1583.463929,0.5420264154,0.4042575762,0.8117102673,0.4980318624
15.47905629,1608.639223,0.5010468543,0.4117387459,0.8146570121,0.5054136155
8.872256913,1312.951228,0.7015019606,0.377044641,0.7729161649,0.4878208765
16.57964069,1305.559622,0.4993808429,0.3341980984,0.7716304986,0.4331063884
9.598039864,1209.240942,0.785709621,0.338034176,0.7534403693,0.4486541865
14.45166346,1640.562726,0.3630445603,0.4088038701,0.8182635779,0.4995992503
19.2972242,1189.921658,0.2061131049,0.29240534,0.7494372861,0.3901665229
8.233569722,1382.094785,0.1252018067,0.3287010958,0.7842767347,0.4191136639
15.36487338,1109.396492,0.2975734211,0.2697670941,0.7312502768,0.3689121258
21.39330994,1587.607237,0.5959170687,0.3904669349,0.8122016623,0.4807512137
21.71126131,1668.689315,0.1550864267,0.4076269648,0.8213268358,0.4963029905
19.72254547,1517.226927,0.8841978863,0.3716575747,0.8034901736,0.4625539763
21.61858004,1318.544721,0.1257831391,0.3370866942,0.7738794935,0.4355803416
17.04894916,1698.716598,0.3036147535,0.4149207676,0.8244851435,0.5032483252
10.37834186,1669.59452,0.7855828632,0.4718391157,0.8214237071,0.574416238
18.96603409,1196.129261,0.2089851348,0.2966187358,0.7507376421,0.3951030549
10.39441888,1340.400684,0.02631716289,0.3300602875,0.7775665116,0.424478527
12.2192498,1547.972145,0.4335764897,0.3985695913,0.8073931751,0.4936499386
20.58244201,1404.314837,0.7086603864,0.3541590395,0.7876900591,0.4496172516
9.363278417,1182.438943,0.4657994041,0.3165596547,0.747851674,0.4232920319
23.97940138,1631.435977,0.4882625848,0.4013242074,0.8172468891,0.4910685042
12.28750409,1193.958119,0.2813585517,0.3064525373,0.7502843733,0.4084485139
14.59107175,1635.404514,0.5047778757,0.4186869344,0.817690365,0.5120360375
11.48961563,1317.446498,0.3732846807,0.3465102871,0.7736909996,0.447866509
15.55328755,1633.940088,0.1198560426,0.3932133752,0.8175269692,0.4809790869
15.37130863,1331.257256,0.7384610769,0.3346829073,0.7760387794,0.4312708542
21.80418571,1297.600078,0.1947971365,0.3291978278,0.7702296686,0.4274021649
6.425793581,1180.462425,0.9165978493,0.3825618592,0.7474294872,0.5118367227
3.659873898,1157.455027,0.7427104675,0.3504779276,0.7424089981,0.472082004
8.979415268,1376.589771,0.109441782,0.3324088722,0.7834140525,0.4243080287
6.841168944,1161.978223,0.1817242682,0.2902085412,0.7434117145,0.3903739147
18.21546525,1138.572316,0.5673397575,0.2654341843,0.7381369669,0.3596001775
20.77904665,1309.928713,0.05157575324,0.3359425868,0.7723921943,0.4349378324
17.052035,1242.364629,0.4822229558,0.3161218557,0.7600140949,0.4159420961
17.68513125,1148.859282,0.3128467632,0.2783102042,0.7404817067,0.375850209
15.54733328,1221.841362,0.1063966985,0.3152373785,0.755983052,0.4169900075
12.53632923,1614.818313,0.8685466085,0.4580740362,0.8153662257,0.5618015829
13.53419095,1262.975011,0.7788081593,0.3191463895,0.7639304044,0.4177689324
6.744444792,1327.744894,0.3743349023,0.3389424253,0.7754463216,0.4370933433
13.85786303,1639.102479,0.216393359,0.3960757731,0.8181016722,0.4841400361
14.77183791,1169.251598,0.5905437943,0.2926571592,0.7450078318,0.3928242721
16.50734861,1689.683715,0.8603157853,0.4497211782,0.8235468583,0.5460784334
23.76332292,1295.132105,0.592342766,0.3177883074,0.7697918236,0.4128236981
19.68409305,1688.169016,0.4004240299,0.4162563991,0.8233885368,0.5055406779
10.68624523,1645.121919,0.2529321635,0.3882289713,0.8187672314,0.4741628102
8.220916016,1611.45597,0.7872869525,0.469350215,0.8149809827,0.5759032726
6.536328253,1388.528905,0.1413687084,0.3124144256,0.7852763461,0.3978401071
7.552277999,1440.68087,0.6398356592,0.4046058689,0.7930492407,0.5101900968
19.45469901,1438.389432,0.6552718576,0.3622222783,0.7927195561,0.4569362211
11.57206928,1654.809146,0.2233755684,0.3901828988,0.8198281652,0.4759325372
14.55505352,1601.741681,0.6392106999,0.4216735099,0.8138588741,0.5181162525
4.365287524,1361.30153,0.3185258114,0.2962217307,0.780981661,0.379294093
17.47239006,1540.507457,0.2446448087,0.386764195,0.8064598788,0.4795826862
21.56774901,1371.943458,0.1784813865,0.3526910159,0.7826805484,0.4506193704
21.7166287,1671.814769,0.5037329534,0.4103912906,0.8216608649,0.4994655437
21.21145872,1238.796213,0.4724450016,0.3042393142,0.7593228031,0.4006719052
11.88321509,1287.353376,0.7460858638,0.3460615889,0.7684008092,0.4503659871
17.61584897,1408.14096,0.8116980499,0.3512881933,0.7882669359,0.4456462364
22.00857713,1626.789885,0.3023096454,0.4002430302,0.8167249485,0.4900585331
17.03520747,1124.645263,0.2082710916,0.2699330784,0.7348941841,0.3673087695
11.78425957,1344.31514,0.3334907472,0.3510610659,0.7782142066,0.4511110989
7.903873878,1284.009457,0.1799712954,0.3185483441,0.7677976605,0.4148857967
21.72176289,1586.58689,0.6203317059,0.3903628714,0.8120808877,0.480694568
2.823026047,1140.404424,0.9397558791,0.4306903233,0.738557661,0.5831505732
6.360346067,1310.766308,0.707029588,0.3888044472,0.7725376384,0.5032822064
10.90043764,1135.202532,0.6028912489,0.2875546331,0.7373596414,0.3899788067
17.98727777,1222.011449,0.02170497778,0.3111621327,0.7560170159,0.4115808589
17.60715516,1313.117627,0.4254752283,0.3371258338,0.7729449412,0.4361576302
4.126172289,1322.225163,0.4989044685,0.323264715,0.774508905,0.417380243
16.49165962,1492.184388,0.9468295067,0.3880903322,0.8001922534,0.4849963625
4.747090521,1124.136297,0.7449593334,0.3462226234,0.7347741543,0.4711959741
9.31913181,1322.536355,0.3671494075,0.3479007875,0.7745619627,0.4491581103
6.635897351,1352.589189,0.7217877168,0.401648442,0.779570913,0.515217327
21.92478358,1611.252942,0.8763982037,0.3899859301,0.8149576691,0.4785351987
9.170096282,1557.449326,0.04376430255,0.3445967222,0.8085652001,0.4261829746
14.46519602,1334.515075,0.4665174949,0.3434878084,0.7765855137,0.4423051967
14.21133051,1333.665161,0.4720240303,0.3443780542,0.7764431368,0.4435328717
9.917995747,1685.318864,0.8780020329,0.4974846751,0.8230898577,0.604411135
5.524384451,1437.729248,0.6349999757,0.3954456805,0.792624376,0.4989067867
12.17212166,1633.215372,0.123750531,0.3806935843,0.8174459994,0.4657109884
9.911562358,1589.178766,0.7113575864,0.4435734294,0.8123873749,0.5460122142
22.60374287,1254.137999,0.01368118267,0.3100345949,0.7622669912,0.4067270373
20.916033,1480.892082,0.06041019604,0.3773179629,0.7986686514,0.472433671
3.892626936,1326.063409,0.5133561915,0.320887534,0.7751615813,0.4139621231
23.14943437,1433.98419,0.8211305658,0.3579250494,0.7920827844,0.4518783345
23.14020457,1316.042924,0.2635098063,0.3322508818,0.7734496386,0.4295701558
14.47814119,1449.568023,0.307263288,0.3715835142,0.7943180345,0.4678019358
11.78552823,1622.842855,0.8154242157,0.45833319,0.8162791923,0.5614907183
8.40178109,1252.432573,0.1666720455,0.3153752815,0.7619432723,0.413909136
3.852080495,1241.469465,0.5105176354,0.3083046274,0.7598410526,0.4057488422
23.94478946,1487.174041,0.7560422139,0.3714458176,0.7995190934,0.4645865504
8.458164001,1297.213202,0.7787083047,0.3835236167,0.7701611428,0.497978404
23.07049769,1542.878086,0.2756578077,0.3887502497,0.8067572527,0.4818676849
13.70738921,1265.562495,0.03497349881,0.326753915,0.7644130565,0.4274572658
7.088326906,1213.114657,0.944806501,0.3901368905,0.754227683,0.5172667343
16.97834389,1648.916955,0.8516441771,0.4344612575,0.8191843446,0.5303583502
9.173766697,1399.063649,0.2893748655,0.3541007619,0.7868931838,0.4499985121
8.641771919,1603.254875,0.6300095979,0.4329706767,0.814034559,0.5318824268
22.14645141,1526.796448,0.3712553503,0.3845297831,0.8047218407,0.4778418625
9.539830031,1103.978559,0.07679035057,0.2812368038,0.7299313492,0.3852921294
22.41159058,1462.333718,0.002811772477,0.3742693145,0.7961135709,0.4701205057
4.657067726,1204.90925,0.6452402145,0.346267852,0.7525539787,0.4601236082
12.51958866,1403.963539,0.8319867968,0.3881303466,0.7876369352,0.492778245
8.673748054,1584.156596,0.7469763614,0.4530815569,0.8117925963,0.5581247709
8.107574792,1430.278569,0.8579103402,0.4413628428,0.7915441045,0.557597284
9.78608818,1497.141377,0.7407388316,0.4278371403,0.8008538107,0.5342262653
14.51562787,1478.240432,0.7273058984,0.3932917175,0.7983075056,0.4926569208
13.94964334,1307.584652,0.5287851524,0.3367367315,0.7719841697,0.4361964205
20.26534381,1364.832999,0.02029675122,0.3521833919,0.7815483652,0.4506226455
8.467961875,1580.907281,0.3409980477,0.3799022239,0.8114057645,0.4682025202
17.35814343,1123.007735,0.08657850758,0.2678927797,0.7345076168,0.3647243045
8.373997002,1344.942038,0.7433226145,0.3949712435,0.7783175843,0.5074679686
13.18618163,1177.968519,0.1974850549,0.3029978806,0.746894764,0.4056768037
7.221740194,1101.602786,0.2614642927,0.2845801894,0.7293489052,0.390183885
21.42046748,1629.725229,0.2045377279,0.4014940802,0.8170550503,0.4913917123
3.240429438,1140.30689,0.5990217029,0.2956349276,0.7385352989,0.400298981
22.06847446,1234.028341,0.5990715809,0.2962592744,0.7583929071,0.3906408824
5.199745925,1138.492442,0.4192631039,0.2974590261,0.7381185953,0.4029962502
6.525595723,1476.364291,0.3498931237,0.3520898416,0.7980511979,0.4411870347
4.117551409,1354.080777,0.8469771554,0.4418552916,0.7798137267,0.5666164579
21.84867451,1169.366457,0.3248241037,0.265978799,0.7450328781,0.357002767
8.457683243,1388.941062,0.1296514995,0.3318557938,0.7853400636,0.4225631789
5.118734951,1377.682969,0.4294831067,0.3355753327,0.7835859144,0.4282559532
11.54082984,1143.98577,0.03490344657,0.2935409891,0.7393761288,0.3970117206
10.64003567,1647.494298,0.422109515,0.4099842441,0.8190282053,0.5005740235
10.69171511,1351.110344,0.2641933305,0.3482619142,0.7793296445,0.4468736903
18.13727558,1649.90507,0.6727164294,0.420667798,0.8192926336,0.5134524353
17.70831796,1213.511185,0.2476031529,0.3075787169,0.7543079917,0.407762771
19.51409567,1635.089442,0.9004874029,0.4144053734,0.817655235,0.5068216476
4.781326957,1108.234339,0.8525342761,0.3640636657,0.7309684518,0.4980566054
13.79414114,1672.036817,0.2962713109,0.4067746343,0.8216845485,0.4950496332
11.75224184,1569.243873,0.6885903808,0.4294565239,0.8100040375,0.5301905967
11.24933902,1322.983643,0.225250453,0.3413147382,0.7746381812,0.4406118192
5.170380476,1412.89656,0.9067254967,0.4791373731,0.788979598,0.6072874055
22.32304385,1293.212066,0.1699740603,0.3264916961,0.7694500323,0.4243182564
3.739976845,1142.476275,0.9047957493,0.405964862,0.7390317799,0.549319898
18.207492,1437.332706,0.7058746471,0.3598777733,0.7925671637,0.4540659642
9.147704394,1607.197994,0.6976876628,0.4465318022,0.8144908088,0.5482343046
7.208300852,1301.843532,0.7396056086,0.3888931251,0.7709786218,0.5044149268
19.83227052,1485.714773,0.5259192407,0.3734862993,0.7993221812,0.4672537658
16.15445124,1426.491359,0.1594448663,0.3634202795,0.7909906722,0.4594495135
7.233423885,1154.812116,0.65653292,0.3305094118,0.7418194736,0.4455388724
8.736840053,1606.021505,0.4705794071,0.4050183369,0.8143549142,0.4973486741
3.946438251,1283.997304,0.4293628968,0.2986239191,0.7677954627,0.3889368115
16.12393696,1671.775068,0.03986298407,0.394025724,0.8216566298,0.4795503496
23.81954653,1405.07765,0.9430388482,0.3465076887,0.7878053217,0.4398392333
15.33682131,1339.665618,0.7898182255,0.3362024398,0.7774444638,0.4324456028
6.135608407,1425.571596,0.1123519342,0.3054770585,0.7908558218,0.3862613767
20.15914223,1423.783068,0.09513338627,0.3656700188,0.790593099,0.4625261961
17.05087523,1561.285177,0.2163623451,0.3897362396,0.8090355276,0.4817294498
7.364331632,1582.158788,0.5616966929,0.4121415579,0.8115549448,0.5078418418
6.087940815,1289.4889,0.7879972383,0.4009705133,0.7687843609,0.5215643471
6.221900182,1536.270447,0.1081400671,0.3139728401,0.8059260981,0.3895801871
13.2981549,1550.93614,0.801069784,0.4275209896,0.807761266,0.5292665143
16.05046408,1325.402015,0.6672228729,0.3356144017,0.7750493837,0.4330232483
10.87019954,1553.217617,0.559199662,0.4129861305,0.8080436401,0.5110938445
10.92292856,1169.325828,0.4742350546,0.303207002,0.7450240192,0.4069761433
9.653170778,1259.526687,0.8743847793,0.3642166542,0.7632840948,0.4771705013
22.04789779,1201.766211,0.578864741,0.279902901,0.7519068207,0.3722574305
9.158231566,1399.025287,0.9024883262,0.427843072,0.7868873402,0.5437157902
15.05429509,1471.306096,0.03364706713,0.3669717362,0.7973569193,0.4602352188
12.3425187,1248.917549,0.259295182,0.3236729187,0.7612732721,0.4251731022
5.544389934,1267.403706,0.4823037604,0.3350901177,0.7647553035,0.4381664516
10.85911706,1169.40541,0.04266790139,0.3000878789,0.7450413712,0.4027801549
4.770868796,1414.481745,0.3786244986,0.3225219965,0.7892160849,0.4086612053
6.767350408,1201.288913,0.934622631,0.3889316477,0.751808248,0.5173282532
9.12915414,1580.843329,0.901684922,0.4835663573,0.8113981351,0.5959668088
7.26736118,1440.731723,0.1960885904,0.3338702128,0.7930565453,0.4209916869
7.03901275,1213.342731,0.02583426309,0.2864430227,0.7542738813,0.3797599649
11.34080836,1201.564833,0.5353318579,0.3134142497,0.7518652411,0.4168489678
18.84281896,1200.801708,0.8120175572,0.2877966318,0.7517075484,0.3828571795
13.18518569,1683.138495,0.4644364307,0.4238740261,0.822860685,0.5151224671
21.1515236,1335.727569,0.4533387603,0.3401505253,0.776788316,0.4378934624
21.90048042,1359.818071,0.6603680264,0.3427181198,0.7807427285,0.4389642161
7.612522714,1386.942301,0.8412877098,0.4296005414,0.7850307112,0.5472404268
18.91509083,1387.160476,0.2511560962,0.356659273,0.785064522,0.4543056819
21.8751404,1599.449797,0.175141374,0.3969761722,0.8135921486,0.4879301907
8.204775629,1308.729919,0.6517807398,0.3737965166,0.772183706,0.4840771875
11.20935375,1280.55428,0.2531915656,0.3330134019,0.7671711347,0.4340796817
5.228675493,1367.576807,0.1043028616,0.2828315676,0.7819866507,0.3616833707
12.18820964,1148.377745,0.8689196875,0.2811732108,0.7403728859,0.3797724311
17.66667809,1190.692845,0.921887875,0.2839161639,0.7495995704,0.378757106
5.978773222,1243.892923,0.3662543047,0.3175678049,0.7603089506,0.417682581
20.03090556,1663.948226,0.1432360817,0.4056801736,0.8208177422,0.4942390408
12.06357796,1422.711481,0.8643657962,0.4011749764,0.7904353737,0.5075367193
11.63863903,1132.414154,0.7627353492,0.2794045303,0.7367129341,0.3792583479
23.41957786,1656.401628,0.1960269205,0.4065987672,0.8200013844,0.4958513179
21.16125827,1305.483328,0.2744467117,0.3326409467,0.7716171524,0.4310958428
9.689041394,1324.791923,0.8183550675,0.3856088379,0.7749457897,0.497594597
9.044675403,1251.339359,0.03475412597,0.3094633887,0.7617352975,0.4062610591
6.181779068,1462.960682,0.5725168409,0.3898098869,0.7962009481,0.4895873182
14.12780384,1595.784514,0.7892931229,0.4337089755,0.8131639972,0.533359786
14.1883904,1598.26269,0.5208716927,0.4133612514,0.8134536945,0.5081558474
12.29227413,1263.226112,0.9388391619,0.3328391874,0.7639773298,0.4356663141
11.94988049,1691.750793,0.5939056562,0.4410990069,0.8237624588,0.5354686927
16.04104181,1341.971603,0.02412162875,0.3460886765,0.7778268935,0.4449430579
21.88549647,1340.927435,0.771836185,0.3344701086,0.7776538892,0.4301015055
10.4120799,1232.124273,0.1064027994,0.3156091397,0.7580195387,0.4163601644
10.42126715,1342.865505,0.7944920536,0.3830890248,0.7779747868,0.4924183036
13.41436717,1418.267097,0.3476700439,0.3670899145,0.7897786668,0.4648010005
9.479379722,1638.72837,0.02174143015,0.3505613931,0.8180601462,0.4285276513
18.3324526,1227.534727,0.2685281551,0.311129139,0.7571148144,0.4109404982
19.67885391,1262.691133,0.06622771272,0.3220376314,0.7638773314,0.421582914
22.14113892,1430.011709,0.4768476951,0.3639331179,0.7915052037,0.4597987684
6.888763949,1382.440733,0.5291097552,0.3725901154,0.7843307183,0.475042105
21.94308401,1231.301378,0.5854848991,0.2957470956,0.75785782,0.3902408708
13.27844531,1239.047296,0.5349308721,0.3153493687,0.7593715745,0.415276762
18.23424224,1351.22435,0.3979388738,0.34689488,0.7793482629,0.445108941
15.27258965,1233.673833,0.1477072966,0.3188204776,0.7583234789,0.4204280712
6.415031018,1299.08898,0.4871384039,0.3482248267,0.7704930112,0.4519506624
7.432351229,1367.974438,0.5884632013,0.3808595734,0.782050021,0.4870015513
18.41483536,1428.31667,0.2355308857,0.3647855964,0.7912577748,0.4610199205
9.303279104,1327.048247,0.7163273264,0.3800894348,0.7753284399,0.490230224
14.02839973,1347.024818,0.7744215076,0.3511337837,0.7786603513,0.4509460166
20.04388263,1419.772779,0.1968307538,0.3643647268,0.7900016085,0.4612202341
13.61781216,1381.204065,0.02724779747,0.349165844,0.7841376176,0.4452864346
8.360275294,1198.706244,0.20518887,0.307600112,0.7512735072,0.4094382525
5.652127089,1381.746644,0.087224846,0.2900616395,0.7842223816,0.3698716669
3.743967101,1136.456449,0.8942424549,0.3992256534,0.7376494276,0.5412132627
3.428974178,1158.623177,0.4392061249,0.2689632617,0.7426687072,0.3621577953
17.32622922,1150.013034,0.2543813966,0.2812415627,0.7407420688,0.379675429
22.77820356,1543.280917,0.02985079186,0.3896206791,0.8068076935,0.4829164152
12.2142418,1643.657639,0.02055133645,0.3719208198,0.8186057772,0.4543344674
9.711838283,1606.454593,0.06515008375,0.3556395359,0.8144049628,0.4366863565
15.92782856,1382.875691,0.4812258455,0.3523723105,0.7843985529,0.4492261098
16.14044216,1278.741758,0.8707480381,0.3188975586,0.7668411169,0.4158587112
22.150281,1237.918462,0.4147156139,0.3011971786,0.75915215,0.3967546935
10.6797836,1196.095277,0.6872208378,0.3179615543,0.7507305598,0.423536181
3.027604133,1246.119237,0.6870884908,0.3319695917,0.7607371821,0.4363788172
12.16324491,1649.541692,0.3816160858,0.4089869308,0.8192528256,0.4992194327
19.05461042,1605.623761,0.7010271333,0.4051454058,0.8143089264,0.4975328068
7.933283695,1177.389027,0.2683322983,0.3057484915,0.7467701897,0.409427821
13.995532,1396.341135,0.08948763178,0.3544540399,0.786477679,0.4506854414
4.699211421,1386.780329,0.3051073455,0.3044058906,0.7850056035,0.3877754366
21.19992106,1637.000453,0.4400683276,0.4035686121,0.8178681018,0.4934397261
2.965954536,1270.307571,0.7057263678,0.3400660425,0.7652930622,0.4443605454
17.98835591,1610.818778,0.6451393353,0.4103933744,0.8149077947,0.5036071284
14.9101648,1332.496206,0.5394966202,0.3399965657,0.7762470177,0.4380004792
21.29383235,1439.096287,0.584650274,0.3643557153,0.792821368,0.4595684854
11.51296387,1549.297868,0.2945528409,0.3848342486,0.8075579874,0.4765407
11.27491233,1405.330116,0.529894853,0.3776026837,0.7878434423,0.4792864463
7.768621388,1175.185633,0.5053790085,0.3222661492,0.7462954008,0.4318211647
4.365564821,1229.665687,0.06693461592,0.2462959385,0.7575357243,0.3251278198
18.65818112,1159.955626,0.5326690756,0.2756183866,0.7429643054,0.3709712359
17.89453606,1266.022413,0.1837771087,0.3258510023,0.76449864,0.426228361
8.319861763,1598.803978,0.6335144922,0.4325879285,0.8135168512,0.5317504215
15.66890601,1614.039211,0.2092304666,0.3961597698,0.8152771024,0.4859203927
9.265221696,1303.64883,0.4477540635,0.3501916953,0.7712957714,0.4540303582
16.75115952,1265.718353,0.5662882648,0.3221974408,0.7644420662,0.4214805216
12.75167498,1652.112531,0.8642179688,0.4659520264,0.8195340847,0.5685572267
12.51666557,1256.032944,0.7444810534,0.3265898548,0.7626256529,0.4282439931
7.169268278,1403.798128,0.6513141653,0.3990414173,0.7876119122,0.5066472601
14.25746772,1211.597237,0.5036969675,0.3088922222,0.7539198747,0.4097149214
10.39181158,1675.353535,0.02614187667,0.3616242069,0.8220375618,0.4399120231
6.60770356,1537.842412,0.5246971049,0.3932561177,0.8061244782,0.487835475
4.889747118,1374.850377,0.4143352112,0.3280635523,0.7831400384,0.4189079043
15.28523097,1136.448646,0.5332561628,0.2791211193,0.7376476263,0.3783935708
14.05493715,1281.766888,0.6139107084,0.3252902653,0.767391401,0.4238909439
11.78001057,1491.625314,0.3432043267,0.3808906997,0.8001173637,0.4760435368
12.78709755,1617.915753,0.9219892,0.4636075669,0.8157197002,0.5683417561
23.36772222,1350.99658,0.2741435563,0.3435888879,0.7793110624,0.4408879901
7.239039488,1321.321637,0.1352531522,0.3131680687,0.7743547129,0.404424566
9.529425499,1682.058851,0.6592832731,0.4517824428,0.8227469866,0.5491146734
18.858355,1227.94028,0.4425410337,0.3077132698,0.7571950323,0.4063857482
10.55221431,1329.222367,0.06230146373,0.3315192225,0.7756959201,0.4273829653
18.99085162,1285.443479,0.3408464008,0.3290739345,0.7680567019,0.4284500529
11.69665413,1645.342122,0.1353869077,0.3804656563,0.8187914866,0.464667333
4.364161697,1156.672146,0.7733573669,0.3637455736,0.7422346504,0.4900681656
13.51676171,1229.941196,0.1198472822,0.3178193126,0.7575900368,0.4195135854
11.68399016,1214.915794,0.8414157526,0.3162985011,0.7545920455,0.4191649024
16.61200922,1561.010841,0.8149967024,0.4085493435,0.8090019671,0.505004141
12.30719515,1471.841081,0.5060073443,0.3891574346,0.797430576,0.4880141875
5.42450989,1172.998082,0.5739500009,0.329658691,0.7458222612,0.4420070413
20.39118956,1270.94903,0.634778609,0.3166193767,0.765411521,0.4136590162
14.69129419,1301.181389,0.4432531652,0.3328183162,0.7708620778,0.4317482022
21.19964585,1424.917446,0.465720758,0.363052212,0.790759808,0.4591181903
21.20718326,1217.391113,0.6561176379,0.2904027238,0.7550910329,0.3845929976
5.620748018,1352.240022,0.4652242357,0.3463606658,0.7795139952,0.4443289895
21.59586181,1392.164477,0.9450937302,0.344804867,0.7858370869,0.4387739809
10.94059173,1147.582844,0.2713201468,0.2948218765,0.7401930487,0.398304033
8.138821616,1301.690674,0.07293794797,0.3129731962,0.7709517276,0.4059569296
21.67927277,1273.985095,0.3451738932,0.3192932071,0.7659705744,0.4168478761
16.08508588,1223.37891,0.5114000896,0.3107888256,0.7562897336,0.4109388396
8.38207416,1104.930772,0.5216946599,0.2955112656,0.7301640904,0.4047189796
22.7742651,1259.494275,0.6783887973,0.3036758989,0.7632780029,0.3978575274
21.11348122,1672.493195,0.1202477893,0.4073865972,0.8217332059,0.4957650419
4.969001425,1149.456924,0.8306948788,0.3729804247,0.7406166392,0.5036079463
16.87221307,1658.604159,0.6714307481,0.4280484901,0.8202404122,0.5218573527
6.414743266,1158.232873,0.5598896824,0.3250420242,0.7425819911,0.4377187005
18.19997985,1528.211452,0.9234580873,0.3868383557,0.8049026529,0.4806026596
9.264379511,1427.488232,0.228988745,0.3524940156,0.791136632,0.4455539048
22.75921131,1441.727849,0.276137469,0.3686549875,0.7931995277,0.4647695499
15.50139112,1645.989186,0.8578239177,0.4440454946,0.8188627225,0.5422709844
14.02679832,1439.733768,0.3146671197,0.3700419569,0.792913102,0.4666866469
14.32416582,1569.890881,0.3910899825,0.3990138746,0.8100823416,0.4925596499
20.29996302,1646.626583,0.6426207062,0.4100377791,0.8189328393,0.5006976878
7.844776669,1164.485527,0.2355554413,0.3002594985,0.7439641858,0.4035940227
19.49053132,1406.451931,0.4538667372,0.3589194706,0.7880126627,0.4554742425
17.38166753,1261.871171,0.6924469363,0.3177355217,0.7637238992,0.4160345408
17.48057012,1345.217139,0.8735137558,0.3359359626,0.778362919,0.4315929682
20.87218802,1230.724334,0.5185802541,0.3010280561,0.7577442878,0.3972686577
20.65139391,1588.349872,0.1173676897,0.3943057529,0.8122894677,0.4854251699
8.10477183,1572.221747,0.9420119497,0.5023686805,0.8103639003,0.6199297381
17.97441123,1226.172572,0.2040727398,0.3120248347,0.7568449933,0.4122704616
11.91152284,1140.476906,0.02641260738,0.292572196,0.7385742767,0.3961310395
15.3648682,1673.884249,0.6486671601,0.4356728195,0.8218813516,0.5300921096
20.37046162,1674.294298,0.8869113295,0.4210169264,0.8219249744,0.5122327943
15.59669678,1447.51117,0.7385425203,0.3762015064,0.7940257691,0.473790047
3.295966537,1268.543807,0.5217258366,0.2959074839,0.7649667293,0.3868239919
6.425830975,1206.461964,0.645952552,0.3500549118,0.7528724411,0.4649591254
17.00971296,1234.705948,0.8906819959,0.3038704493,0.7585255011,0.4006067677
5.000557216,1243.934917,0.5257650609,0.3329655932,0.7603170424,0.4379299353
13.24958611,1616.346451,0.1369683707,0.384999186,0.8155407835,0.4720783973
6.015065653,1275.662981,0.2846526023,0.3117468461,0.7662783945,0.406832358
7.634595824,1501.953073,0.467546289,0.3849146227,0.8014918007,0.480247736
11.05444649,1553.376584,0.2550060259,0.3798876277,0.8080632841,0.4701211342
10.85785628,1565.388998,0.09805484727,0.3643322833,0.8095361598,0.4500506604
16.8600948,1332.557974,0.8085990902,0.3344365003,0.7762573893,0.4308319701
9.824000152,1403.175394,0.04526371909,0.3358178153,0.7875176536,0.4264257617
9.451075479,1344.723221,0.685458031,0.3815703672,0.7782815115,0.4902729431
8.24084825,1127.181502,0.3901806054,0.2990003601,0.7354906911,0.4065318076
15.48350284,1282.914352,0.6678732076,0.3251079738,0.7675994508,0.4235385701
16.79134312,1432.042855,0.5081594099,0.3637386618,0.7918009234,0.459381457
3.937173918,1188.739598,0.7836749939,0.3746782189,0.7491881313,0.5001123259
11.0282569,1572.671456,0.9382012093,0.4693332145,0.8104181271,0.5791247737
15.31943854,1507.09252,0.6725457802,0.3953437551,0.8021687481,0.4928436268
4.688007415,1416.090381,0.03846063092,0.2635930352,0.7894555291,0.3338921896
12.19870623,1570.589851,0.6604710693,0.4249936077,0.8101668619,0.5245754026
23.03020267,1251.828277,0.4811910405,0.3032383331,0.761828355,0.3980402293
18.58615954,1350.848888,0.5026646395,0.3453509443,0.7792869338,0.4431627547
23.43852681,1630.183789,0.08036702429,0.4034821202,0.8171065116,0.4937937888
23.81248143,1611.67265,0.216384123,0.4007011432,0.8150058574,0.4916543109
21.99819377,1370.052933,0.3575022811,0.3503152411,0.782380671,0.4477554906
15.65381017,1326.567023,0.8648216434,0.3307622013,0.7752469383,0.4266539924
9.214995843,1117.716517,0.6662528171,0.2970651931,0.7332507881,0.4051345024
18.17366044,1685.494416,0.8197424376,0.4358754648,0.8231082837,0.529548145
14.46835114,1643.533942,0.4488183813,0.4159263694,0.818592125,0.5080996466
6.312991351,1103.531687,0.2013171275,0.2762185229,0.7298219856,0.378473831
22.95517254,1285.172121,0.3917994429,0.3195026866,0.7680077283,0.4160149369
19.64888658,1475.998509,0.6169449753,0.3701353519,0.798001151,0.4638280928
20.57308294,1442.74517,0.7448792692,0.3618691493,0.7933453487,0.4561306748
8.353682744,1122.053143,0.9076402643,0.3181116857,0.7342817478,0.4332283713
11.23389969,1288.789952,0.7593609961,0.3531334911,0.768658966,0.459415042
2.75406503,1241.401126,0.6632608178,0.3092262533,0.7598278318,0.4069688427
22.25691049,1485.757156,0.4651143511,0.3759583641,0.7993279057,0.4703430988
16.4963837,1157.597893,0.4497063395,0.2856511238,0.7424407889,0.384746
23.69313288,1515.19515,0.5192716578,0.3813604183,0.8032266669,0.4747855543
3.737167996,1233.624147,0.2053396387,0.2470792295,0.758313745,0.3258271805
4.426863704,1146.504048,0.1832384074,0.2545465091,0.7399485851,0.3440056704
20.99758372,1196.082882,0.06675359005,0.2884387318,0.7507279768,0.3842120458
9.904003337,1405.104542,0.1720493046,0.3474574236,0.7878093828,0.441042505
14.81362222,1677.9666,0.2382824668,0.4048238058,0.8223146992,0.4922979075
22.78039448,1356.538298,0.3113140058,0.3459053418,0.7802126188,0.4433475356
15.46308602,1582.644048,0.8153864045,0.4230611241,0.8116127247,0.5212598463
22.94826552,1480.664334,0.1027842013,0.3779510832,0.7986376836,0.4732447403
17.14595698,1209.03182,0.3961751038,0.3055918261,0.7533977227,0.4056181973
21.56900979,1445.641457,0.2501465546,0.3697974253,0.7937593734,0.4658810186
7.566326306,1470.025793,0.805890308,0.4450917181,0.7971804294,0.5583324699
23.32652422,1385.776483,0.7370092624,0.3469127661,0.7848498632,0.4420116284
20.07223898,1670.209975,0.1103911032,0.40579355,0.8214895106,0.4939728929
17.76080717,1653.570645,0.4366902602,0.4136140408,0.8196932191,0.5045961479
15.35635319,1229.130573,0.2782447741,0.3164954893,0.7574301652,0.4178543499
18.18086341,1661.030686,0.2849609172,0.4086567022,0.8205030151,0.4980563077
22.81366743,1221.821835,0.8630424178,0.2793082058,0.7559791522,0.3694654873
13.35522758,1262.829497,0.005959333713,0.325683229,0.7639032025,0.4263409656
13.33847489,1148.9184,0.8713154316,0.2801954028,0.7404950604,0.3783892936
16.09754962,1214.727853,0.06900592517,0.3123527882,0.7545540763,0.4139567965
16.83323961,1292.295748,0.6468318007,0.3280168953,0.769286558,0.4263910398
16.38668954,1448.913529,0.1608388656,0.3679734959,0.7942251252,0.463311326
13.8969519,1123.972663,0.1510049446,0.2833477057,0.7347355413,0.385645841
11.00672005,1304.912814,0.08265356556,0.3304809476,0.7715173023,0.4283519587
20.94758547,1311.125591,0.6866428448,0.3284037499,0.772599969,0.4250631156
14.62225229,1244.297313,0.1015415838,0.3220724377,0.760386849,0.4235639243
13.76977104,1638.222267,0.8930364463,0.4578511106,0.8180039388,0.559717489
19.92391985,1346.560727,0.1469606794,0.3473039689,0.7785840668,0.4460712512
5.689129844,1450.294299,0.2318644853,0.3176080063,0.7944210356,0.399798082
20.26622611,1193.872564,0.2985645309,0.2891852655,0.7502664781,0.3854434044
9.27814362,1536.718683,0.637469514,0.4222878765,0.8059827063,0.5239416096
10.19088635,1351.457591,0.7575011166,0.3850997323,0.7793863441,0.494106338
15.7133481,1158.257308,0.04395927737,0.2923527727,0.7425874218,0.3936947545
7.040581279,1198.327566,0.05684391013,0.2871156414,0.7511949083,0.382211911
10.34734612,1380.885677,0.4540395558,0.3677659502,0.7840878468,0.4690366669
4.102032029,1103.383489,0.5915317826,0.3055156698,0.7297856974,0.4186375135
14.97266868,1383.74179,0.9127228437,0.357865726,0.7845335003,0.4561509813
8.903846503,1146.112112,0.7186494325,0.3150904717,0.7398596552,0.4258787048
22.20818849,1221.598195,0.3350766786,0.293988222,0.755934479,0.3889070153
23.58247938,1641.751852,0.2430110151,0.4045850358,0.8183952102,0.4943638853
10.76640032,1638.044835,0.7089794476,0.4504795925,0.817984225,0.5507191688
19.43591405,1354.949721,0.5834313003,0.3448178661,0.7799549346,0.4420997301
17.6771696,1607.252102,0.7601997852,0.4142535045,0.8144970539,0.5086003719
16.04769326,1256.257042,0.2392975452,0.3242923913,0.7626679971,0.4252078133
15.3608889,1274.782028,0.7837400637,0.3202257625,0.7661168784,0.4179855209
23.16997307,1507.993431,0.2261630327,0.382817742,0.8022869371,0.4771581392
15.54550174,1488.593502,0.2598437148,0.3776203509,0.7997102637,0.4721964542
10.9243734,1600.83864,0.5947567284,0.4263003303,0.8137538709,0.5238688816
9.158365883,1180.497605,0.03994120038,0.2977187032,0.7474370141,0.3983194538
6.126469407,1138.332088,0.1060831568,0.2724889564,0.7380817047,0.3691853553
18.78655621,1284.154445,0.6735101738,0.3233693325,0.7678238773,0.4211503993
23.9615532,1659.783935,0.2167196534,0.4076050421,0.8203681854,0.4968562279
14.72316731,1581.365653,0.3879493909,0.4007360897,0.8114604301,0.4938455097
8.646602023,1194.230372,0.9434171246,0.3532352342,0.7503413018,0.4707660813
12.00129909,1442.844354,0.6274738995,0.3915300408,0.7933595546,0.49350895
17.90276421,1574.372776,0.4066663452,0.3963453874,0.8106229957,0.488939235
11.8488001,1238.379635,0.7474955399,0.3254626328,0.759241842,0.4286679353
17.31926474,1319.211102,0.838999776,0.330399782,0.7739937153,0.4268765695
11.72082808,1110.553836,0.1748395426,0.2824301862,0.7315303497,0.386081297
20.79158836,1641.499437,0.5478653196,0.4061474713,0.8183672847,0.4962899652
13.47306465,1333.901769,0.5165598596,0.3482517237,0.7764827914,0.4484989591
3.862184706,1128.269242,0.4399050914,0.2773447942,0.735745699,0.3769574116
10.83599584,1488.342028,0.942439465,0.4448148132,0.7996764223,0.5562435015
15.62543959,1486.246846,0.1874158836,0.3751380498,0.7993940234,0.4692780266
19.00330669,1229.463764,0.6437266557,0.304029387,0.7574959029,0.4013610976
16.80924016,1143.982754,0.5374453755,0.276287614,0.7393754418,0.3736770231
18.7192859,1178.070419,0.9242491141,0.2736212839,0.7469166569,0.3663344248
12.51391024,1122.940878,0.6236949167,0.2790598861,0.7344918099,0.379936008
20.55891469,1187.029991,0.5311575689,0.2804991214,0.7488269022,0.3745847279
15.048352,1603.18729,0.6999187132,0.4241050468,0.8140267192,0.5209964695
15.48447869,1605.67141,0.3165444496,0.4007224502,0.8143144369,0.4920979318
18.58558156,1689.584274,0.3678847373,0.4164929906,0.8235364731,0.5057371522
5.520545906,1486.408183,0.679653728,0.4153701967,0.7994157975,0.5195921797
23.33319856,1411.681476,0.8714886336,0.3507882959,0.7887979653,0.4447124755
17.58848814,1320.052681,0.08883052141,0.3416231244,0.774137802,0.4412949782
20.26216195,1631.849174,0.5057814381,0.4051484676,0.8172931637,0.4957198783
7.978289577,1227.618909,0.09606505153,0.3029691867,0.7571314699,0.4001540006
18.30188195,1218.598253,0.8471916839,0.2961868697,0.7553336391,0.3921272063
16.86147667,1372.604991,0.02818354884,0.3532078731,0.7827852864,0.4512193564
10.21707362,1230.082894,0.1168112096,0.3151061151,0.757617961,0.4159169017
11.62755862,1648.233643,0.1780336605,0.3848715182,0.8191093833,0.4698658397
21.33199327,1683.21706,0.4494100468,0.4134200424,0.8228689531,0.5024129794
15.33957228,1344.816757,0.2262485807,0.3450365778,0.7782969327,0.443322546
14.57091559,1480.179891,0.6507146,0.3906803046,0.7985717805,0.4892237795
16.96822112,1455.971934,0.4331313858,0.3701765791,0.7952227011,0.4655005178
19.64261222,1463.600613,0.4957526047,0.3697840779,0.7962900552,0.4643836445
13.34443568,1151.908506,0.894534334,0.2804880175,0.7411686792,0.3784401923
19.42133877,1530.218943,0.752870414,0.3795268998,0.8051586007,0.4713691184
8.082291538,1590.117743,0.6032406597,0.4246575796,0.8124981616,0.5226566651
13.75145494,1407.193234,0.6529989444,0.373044128,0.7881243366,0.473331568
8.180233106,1439.472368,0.5496470094,0.3899818757,0.7928754962,0.4918576468
19.92150879,1168.997751,0.3375378027,0.2771781154,0.7449524606,0.3720749042
9.528623087,1148.860746,0.1054694806,0.294218147,0.7404820374,0.3973332669
4.456487814,1127.054288,0.1109114341,0.243886208,0.7354608352,0.331610055
10.12163492,1118.404066,0.8497103737,0.2859722187,0.7334147746,0.3899188135
10.41403356,1433.587629,0.6240852678,0.3952252698,0.79202527,0.4990058837
17.24669438,1687.936843,0.7543558325,0.4381850303,0.8233642442,0.5321885585
9.540867886,1643.638436,0.2177183256,0.3763411263,0.8186036579,0.4597354565
13.07091831,1658.074942,0.7192393856,0.4475847916,0.8201830373,0.5457132996
14.29150599,1379.73676,0.7045336545,0.3610521882,0.783908055,0.4605797656
11.92384901,1674.085191,0.04624972852,0.3749647722,0.8219027314,0.4562155081
21.67027196,1179.198041,0.7193665103,0.265093286,0.7471586708,0.3548018598
19.4446236,1601.122853,0.3730098065,0.3988361809,0.8137869312,0.4900990242
17.29195347,1458.902836,0.7932987356,0.3681785469,0.7956340939,0.4627485797
14.31743117,1410.699454,0.7918186361,0.373560968,0.7886509425,0.4736708573
15.59414037,1296.219343,0.149049561,0.3352083065,0.7699849169,0.4353439907
12.62684246,1605.780966,0.6855929846,0.4339849761,0.8143271055,0.5329369159
5.564581665,1383.420748,0.9080541721,0.4671993611,0.7844834983,0.5955502724
9.271056517,1168.923042,0.5949505765,0.3169547644,0.7449361598,0.4254790967
15.38967488,1576.909994,0.1272369579,0.3862152771,0.8109276997,0.4762635155
15.8611939,1159.915013,0.6112260006,0.2856378749,0.7429553057,0.3844617202
21.55408322,1628.431406,0.9345165783,0.3979294096,0.8169096967,0.4871155419
21.93319181,1334.328935,0.4085418358,0.3392034185,0.7765543471,0.4368057686
16.0904954,1374.683941,0.5911317755,0.3475105876,0.7831137826,0.443754912
14.55091605,1115.733993,0.4204291404,0.2746464812,0.7327768071,0.3748023662
3.724304631,1141.167475,0.2436676638,0.2434684867,0.7387324765,0.3295759891
9.856822055,1391.951115,0.3214886712,0.3583202215,0.7858042594,0.4559917018
22.24034714,1595.07107,0.2261835169,0.3965486629,0.8130804291,0.4877114842
3.988690673,1237.17592,0.6880550151,0.3565106538,0.7590075954,0.4697063059
22.26664504,1676.107124,0.5173422621,0.4098776128,0.8221175749,0.4985632533
6.850563645,1227.202814,0.8485335944,0.3844974042,0.7570491229,0.5078896371
11.06278524,1220.660906,0.6069618485,0.323776213,0.7557470722,0.428418746
7.212705166,1189.184754,0.2028637438,0.2997771179,0.7492820195,0.4000858289
23.81979554,1456.143326,0.2763374885,0.3716214885,0.7952468039,0.4673033411
5.129394241,1247.19716,0.5337318311,0.3364937714,0.7609439714,0.442205713
10.63511018,1100.047516,0.1214179715,0.2797003717,0.7289662531,0.3836945407
20.25737189,1273.89647,0.2207303632,0.3240117966,0.7659542931,0.4230171429
15.68361573,1184.090365,0.807509838,0.2906588384,0.7482033392,0.38847573
23.47348463,1600.471437,0.6452974044,0.3939536646,0.8137111397,0.484144367
23.66093071,1481.642394,0.1655065556,0.377940368,0.7987706067,0.4731525732
4.572720457,1183.699944,0.9365080222,0.4224941174,0.7481202888,0.5647408896
22.15283711,1504.202013,0.2447998076,0.3815641474,0.8017885912,0.4758912157
7.384982239,1310.405788,0.4379642904,0.3481007897,0.7724750587,0.4506304582
10.69905663,1374.768024,0.6094406656,0.3773865985,0.7831270478,0.4818970301
20.04653369,1643.760421,0.1543746288,0.4029993635,0.8186171195,0.4922928607
7.386503314,1121.533541,0.270636969,0.2907862867,0.7341586416,0.396080997
3.538204429,1316.977621,0.2956468903,0.261480086,0.7736104279,0.3379996915
4.580568952,1257.573062,0.7967777161,0.3993682015,0.7629163594,0.5234757344
17.80511639,1184.035725,0.8122470864,0.284033139,0.7481917195,0.379626146
11.43875485,1451.087952,0.3814054469,0.3763570586,0.7945334743,0.4736830741
15.38125541,1604.715037,0.3559862646,0.4027823753,0.8142037726,0.4946948035
9.262342725,1382.312561,0.0261310603,0.3276438274,0.7843107207,0.4177474804
21.93700314,1533.474457,0.6762185511,0.3812012635,0.8055722424,0.4732055592
15.21055284,1217.985845,0.3481874281,0.3124865059,0.7552106199,0.4137739826
7.034419487,1266.445746,0.5524040792,0.3525631368,0.7645773607,0.4611216012
2.276637689,1143.089577,0.2466284429,0.171174022,0.7391717971,0.2315754236
6.75186821,1452.966667,0.8881845653,0.4681926613,0.7947991466,0.5890704126
13.7593816,1584.30682,0.8417580314,0.4373912463,0.8118104421,0.5387849474
22.18577388,1568.320272,0.06969806427,0.393095275,0.8098921468,0.4853674363
20.24339843,1555.049182,0.3566669692,0.387090741,0.8082697297,0.4789128267
17.34786788,1531.584759,0.5505209017,0.3900987621,0.8053323538,0.4843947474
19.16420402,1470.718108,0.3482373912,0.3723075866,0.7972759033,0.4669745881
2.31989645,1106.422218,0.08332093922,0.1515252426,0.7305278263,0.2074188514
10.48118913,1427.720654,0.3588022413,0.3692196193,0.7911706332,0.466675081
20.26651048,1340.687592,0.2289881734,0.3449631588,0.7776141126,0.4436174102
6.677627974,1405.545878,0.9428328814,0.4710842599,0.7878760098,0.5979167459
13.75722493,1130.150383,0.8242874012,0.2736604621,0.7361855515,0.3717275645
21.79866816,1647.434481,0.7326799151,0.4036926382,0.8190216343,0.492896184
23.01565607,1426.783809,0.4729738989,0.3628931084,0.7910335132,0.4587581972
20.52856438,1365.33638,0.6395768437,0.3459024752,0.7816289053,0.4425405367
6.683722574,1471.788018,0.2462369639,0.3369740542,0.7974232726,0.4225786553
11.69770184,1411.467091,0.05961385961,0.348395123,0.7887658863,0.4416964895
5.748838687,1127.804472,0.6343801934,0.3261773415,0.7356367992,0.4433945418
22.9112545,1228.241188,0.826521194,0.2835101202,0.7572545174,0.3743921148
21.18502008,1525.857831,0.134587552,0.3851603251,0.8046017172,0.4786968719
3.124519308,1200.213413,0.8838712053,0.4153300928,0.7515858457,0.5526049954
11.68660139,1515.262591,0.02608477262,0.3579659603,0.8032354248,0.445655096
22.78189788,1557.589396,0.5201223949,0.3884440111,0.8085824154,0.4804012599
11.36418296,1492.771301,0.25112167,0.3725192177,0.8002708119,0.4654914463
19.20227963,1578.419953,0.2864698859,0.3936378595,0.8111085714,0.4853084697
7.276633685,1146.204618,0.8615104689,0.345514313,0.7398806502,0.466986551
9.603603269,1670.02601,0.9477687269,0.5135930658,0.8214698465,0.6252123167
17.47427923,1622.099597,0.7216901588,0.418232165,0.8161950101,0.5124169589
12.02796119,1306.422168,0.549478521,0.3473296102,0.7717812762,0.4500363263
12.63260569,1512.400544,0.009052639202,0.3614970424,0.8028630701,0.450259896
10.60936107,1100.7697,0.3028043164,0.2784818719,0.7291440708,0.3819298312
12.80596749,1453.610988,0.4187842305,0.378848812,0.794890103,0.4766052697
18.77707561,1323.48385,0.6528443715,0.3354607936,0.774723356,0.4330072031
20.94331921,1540.259855,0.1592568342,0.3871159615,0.8064287665,0.4800373915
21.38107915,1347.170024,0.2611932451,0.3454062194,0.7786842086,0.4435767613
3.696688164,1212.533475,0.08769200756,0.2271340542,0.7541098813,0.3011949052
12.13867452,1444.516224,0.9315309557,0.4133051304,0.7935987184,0.5207986364
18.80460368,1182.342273,0.8076585055,0.2792993454,0.747831058,0.3734792002
21.05182879,1643.209793,0.09209629578,0.4028418155,0.8185563394,0.4921369442
22.29784238,1696.466136,0.3127858608,0.4133321893,0.8242523127,0.5014631842
12.2960403,1393.022849,0.6778099696,0.3784256027,0.7859690527,0.4814764671
11.2765449,1388.483411,0.136932186,0.3482443332,0.7852693107,0.4434712124
20.45590778,1514.506071,0.2794293379,0.3817349952,0.8031371378,0.4753048729
12.26937022,1503.171639,0.5318754439,0.3980835548,0.8016527239,0.4965785595
16.04158424,1569.244851,0.644443158,0.4079376838,0.810004156,0.5036241862
6.54167818,1219.857808,0.1645669467,0.2954671446,0.7555862674,0.3910435609
10.79777821,1575.788883,0.6892268232,0.4344870705,0.8107931823,0.5358790379
6.73353995,1194.256121,0.6162491928,0.3417091767,0.7503466847,0.4554017279
10.31015777,1275.140192,0.2909359944,0.3332250174,0.766182572,0.434915945
21.75207056,1620.970691,0.8206185047,0.395051136,0.8160670013,0.4840915457
4.686699563,1158.265121,0.04928288265,0.2453800664,0.742589158,0.3304385255
21.05533395,1338.859635,0.2517146402,0.3434446001,0.7773104871,0.4418370854
3.480667727,1238.862094,0.3140860734,0.256186559,0.7593356021,0.33738252
13.28534674,1160.191552,0.6061736333,0.2914343948,0.7430165739,0.3922313513
17.43973014,1640.911347,0.5810562969,0.4175916055,0.8183021888,0.5103146627
10.81187063,1574.737833,0.6848023683,0.4336020084,0.8106668972,0.5348707464
4.285149424,1404.777876,0.2329950956,0.2819863996,0.7877600401,0.357959766
9.244763852,1550.89485,0.6939794437,0.4345760769,0.807756148,0.5380040473
11.45306302,1311.532849,0.2679797579,0.3408384107,0.7726705814,0.4411173647
8.307931767,1602.986828,0.8130238376,0.4735891716,0.8140034623,0.5818024045
9.350467447,1584.972092,0.5634498373,0.4189730805,0.8118894323,0.5160469688
22.90762467,1183.507663,0.07059274696,0.270281712,0.7480793667,0.3613008512
11.39339932,1128.664475,0.1160711146,0.2887173166,0.7358382349,0.3923652005
4.613884194,1298.855846,0.4825648042,0.3272268888,0.7704518166,0.42472077
21.95305586,1670.344023,0.2398812799,0.4084894166,0.8215038364,0.4972459025
4.807067223,1174.150504,0.5956518177,0.3301435144,0.7460717352,0.4425090763
22.34644626,1445.94501,0.6767910042,0.3641682592,0.7938026703,0.4587642154
20.44055389,1524.363924,0.2744016447,0.3833507907,0.8044102229,0.4765613114
19.43988569,1682.115034,0.8865888605,0.4295165053,0.8227529069,0.5220479948
14.83542885,1632.175046,0.6750018296,0.4303056534,0.817329642,0.5264774839
17.44567587,1652.879138,0.3873670952,0.4117658206,0.819617785,0.5023876106
19.83749113,1147.688579,0.2566173201,0.2660799152,0.7402169844,0.3594620507
17.62917265,1503.53652,0.0721002775,0.3776886425,0.8017008592,0.4711091901
6.496883725,1328.630669,0.1459671605,0.3064874058,0.7755960276,0.3951637127
22.33911304,1448.061365,0.4370379462,0.3684970725,0.7941040295,0.4640413079
17.54255712,1367.547716,0.2939389937,0.3514350601,0.7819820131,0.4494157848
20.3095562,1660.15374,0.6054637196,0.413000606,0.8204081991,0.5034086769
18.55913434,1183.379854,0.5932405114,0.2865766939,0.7480521585,0.3830972087
15.77545728,1610.48559,0.6181657796,0.4179470053,0.8148695016,0.5129005374
14.32150423,1513.149716,0.1645112466,0.3769174543,0.8029606742,0.4694096067
4.372404501,1223.287843,0.4208777533,0.2998706813,0.7562715907,0.3965118947
9.535122151,1502.2835,0.9136961263,0.4593729329,0.8015354625,0.5731161681
9.486598543,1350.147486,0.5857570773,0.37337071,0.7791722734,0.4791889069
22.08799107,1197.89631,0.3036445851,0.2821556385,0.7511053356,0.3756538865
18.37787773,1435.357002,0.02469399039,0.3668296523,0.7922816417,0.4630041049
9.457960446,1214.430891,0.1807954841,0.3127778872,0.754494058,0.4145531484
11.47577342,1106.985798,0.1447181426,0.2816051343,0.7306650181,0.3854093563
11.8494998,1473.670205,0.4490577533,0.3859593434,0.7976820058,0.4838511344
6.099622181,1126.684104,0.2823905644,0.2868491875,0.7353739181,0.390072561
20.21643987,1411.489547,0.5317119551,0.3590519653,0.788769247,0.45520533
19.56874084,1438.021203,0.6763179279,0.3618199437,0.7926664784,0.4564592468
11.52319867,1265.14485,0.2728168729,0.3295968749,0.7643352854,0.4312202788
11.13705907,1486.335323,0.127471169,0.3602658841,0.7994059648,0.4506669952
20.69223263,1193.975707,0.4276587867,0.2854458179,0.7502880517,0.3804483055
10.20625411,1607.907324,0.706981078,0.4457842851,0.8145726464,0.5472615452
5.945881261,1292.270673,0.04128713326,0.281970009,0.7692820814,0.3665365616
4.723952823,1223.580989,0.8109811774,0.3939528263,0.7563299834,0.5208742678
7.905797289,1353.1638,0.09547419651,0.3192856527,0.7796645165,0.4095167164
12.44153091,1610.011198,0.6031817553,0.4265498732,0.8148149526,0.5234929378
15.14565344,1376.201126,0.262120386,0.3532716762,0.7833528876,0.4509738609
12.00175093,1495.444446,0.5252131273,0.3963891532,0.8006278329,0.4950978931
8.4709645,1262.444499,0.9485752954,0.389246882,0.7638312018,0.5095980382
3.146511019,1213.3751,0.6903563804,0.3323896808,0.7542804364,0.4406712208
18.97017958,1452.623795,0.7965647332,0.3615749064,0.7947507118,0.454953863
12.26471839,1248.265736,0.05307702687,0.3212548304,0.7611486149,0.4220658411
6.181488061,1125.30051,0.4313398389,0.3018240807,0.7350485516,0.4106178837
14.55978455,1252.555319,0.4489512107,0.3210541742,0.761966601,0.4213494053
15.77277814,1590.120411,0.008421700372,0.3827551913,0.8124984762,0.4710841958
18.06290771,1287.7158,0.4902556609,0.328849062,0.7684659923,0.4279292322
23.57616111,1361.601701,0.1270632184,0.3475138876,0.7810299446,0.4449431037
16.36295943,1428.921258,0.4860926236,0.3646577567,0.7913460952,0.4608069199
2.962676948,1275.610365,0.6052046318,0.3052273316,0.766268754,0.3983293459
20.55885695,1221.054148,0.6755186971,0.2943533283,0.7558257343,0.3894460257
19.24713423,1466.962803,0.5020575346,0.3699136397,0.7967569461,0.4642741322
20.96265452,1292.347163,0.5415341015,0.324930963,0.7692957369,0.422374579
22.73503554,1376.877353,0.8309093876,0.3427212602,0.7834592897,0.437446163
13.97607959,1255.748681,0.8385803975,0.3131764294,0.7625719187,0.4106844505
23.98652927,1450.277047,0.5621178751,0.3667353177,0.7944185902,0.461639899
22.34044413,1305.012101,0.1486204693,0.3308966614,0.7715346855,0.4288811218
16.54695104,1334.378374,0.7681432837,0.3357190093,0.7765626258,0.4323141471
15.38511737,1163.353064,0.1547655484,0.2949315815,0.7437149485,0.3965653535
11.89711939,1110.964188,0.5732971956,0.2767556246,0.7316295131,0.3782729096
17.33989805,1281.419967,0.3209968352,0.3298792247,0.7673284266,0.4299061696
22.02226129,1441.814017,0.02090040139,0.3698739611,0.7932118869,0.4662990649
11.37171339,1159.448821,0.4168694121,0.2965111181,0.742851953,0.3991523707
14.77163321,1498.188488,0.3385979758,0.3825060991,0.8009929976,0.4775398789
15.65020455,1695.708492,0.6491949942,0.4394273979,0.8241737884,0.5331732263
19.96035294,1699.245775,0.1792789343,0.4114943235,0.8245398021,0.4990593812
8.173947412,1317.46595,0.6329776579,0.3740388069,0.7736943411,0.4834451889
21.54870991,1333.746009,0.7447552714,0.333378095,0.7764566881,0.4293582632
12.68027803,1581.214605,0.904050235,0.4514088036,0.8114424196,0.5563041723
17.10452188,1325.560953,0.8423131744,0.3319113896,0.7750763559,0.4282305699
11.67126973,1687.80958,0.6129778565,0.4433700791,0.8233509256,0.5384946629
17.38498177,1502.539853,0.5588940997,0.3820230547,0.8015693232,0.4765939061
18.18813153,1304.906378,0.2587224947,0.3364601701,0.7715161754,0.4361025482
9.160143662,1462.602996,0.0796598329,0.3403207869,0.7961511081,0.4274575309
8.566917029,1265.044213,0.1422981261,0.3165471058,0.7643165378,0.4141570805
21.46411267,1211.345483,0.7129394692,0.2847052967,0.7538687317,0.3776589806
19.18990665,1636.765398,0.8563311785,0.416333879,0.8178419459,0.5090639837
14.85819646,1302.197432,0.8694509887,0.324297051,0.7710408631,0.4205964516
16.69637085,1622.540825,0.8865505842,0.4302439589,0.8162449934,0.5271014982
22.22839949,1530.061178,0.6958227547,0.3804679551,0.8051385106,0.4725496918
8.06723157,1133.522899,0.1753802514,0.2899983282,0.7369704659,0.3935006105
9.023683673,1202.129648,0.2907100325,0.3148722382,0.7519818262,0.4187232021
10.82392847,1305.013827,0.09500232442,0.330481493,0.7715349877,0.4283428468
10.22352481,1142.699626,0.3510273857,0.2962211211,0.7390827885,0.4007955884
14.93210856,1665.701769,0.354040503,0.4122014638,0.8210063737,0.5020685308
9.376556322,1545.418315,0.3944453905,0.3883649561,0.807074889,0.4812006437
13.24465661,1321.95312,0.6307184329,0.3466745219,0.7744625014,0.4476324176
15.77775923,1556.234429,0.2005760902,0.3873864764,0.8084157538,0.4791921417
7.040691521,1457.92861,0.07921167372,0.3171961003,0.7954975312,0.3987392643
4.374964837,1332.418634,0.887378172,0.4546343331,0.776233991,0.5856923793
20.7746051,1695.543563,0.8379093994,0.424147479,0.8241566855,0.5146442253
15.54121509,1527.758439,0.4214087702,0.3909304316,0.8048448024,0.4857215086
20.60940051,1348.90985,0.8789396916,0.3355902046,0.7789696621,0.4308129326
5.697223484,1449.354495,0.6028379346,0.3907355939,0.7942877322,0.4919320519
7.747052809,1262.305119,0.1204298132,0.3085940282,0.7638051249,0.4040219398
9.859337096,1580.735849,0.7215643019,0.4436936927,0.8113853113,0.5468347609
22.95544176,1248.706796,0.3725697311,0.3037147484,0.7612329804,0.3989773909
14.66119965,1183.445174,7.600240207e-05,0.3041154702,0.7480660647,0.4065355783
5.667412617,1480.315867,0.08370244451,0.2965560182,0.7985902829,0.3713493948
12.04063163,1192.798292,0.1093684549,0.3073272687,0.7500415602,0.4097469861
18.20213008,1338.69277,0.9249810466,0.3328751639,0.7772827293,0.4282549339
3.24206172,1237.79607,0.2456589735,0.2344965972,0.7591283353,0.3089024428
6.305406693,1237.123072,0.05323703639,0.2830773773,0.7589973005,0.372962298
17.42192899,1615.142308,0.4320161524,0.406404185,0.8154032629,0.4984088284
22.79457389,1385.129466,0.4963070782,0.3518855038,0.784749363,0.4484049563
13.54832023,1243.413142,0.4322039682,0.3183404873,0.7602164639,0.4187497935
9.831299946,1311.762173,0.4963091642,0.355047712,0.7727103235,0.4594835881
22.62057129,1451.697577,0.5034235505,0.3683761079,0.7946197578,0.4635879039
7.437940225,1523.032258,0.5691339662,0.4054469561,0.8042392087,0.5041372662
12.18783359,1283.353946,0.7565063374,0.3417022636,0.7676790562,0.4451108322
20.32479684,1474.925896,0.85658868,0.3655337052,0.797854251,0.4581459643
11.33898369,1552.376272,0.3449667421,0.3897497515,0.807939605,0.4823996114
13.73928851,1232.339627,0.07774330313,0.318712067,0.7580618252,0.4204301766
10.57861696,1543.354209,0.7354191163,0.4344375746,0.8068168679,0.5384587159
18.34086086,1650.604034,0.1189377386,0.4010737707,0.8193691558,0.4894909307
18.2139474,1609.037541,0.1827049929,0.3971341155,0.8147028939,0.4874588252
21.43554918,1181.039133,0.4345971967,0.274125293,0.7475528188,0.366696889
17.72900612,1446.697734,0.006096072091,0.3680087978,0.7939099557,0.463539719
9.410330825,1587.098613,0.3070509736,0.3818962533,0.8121414779,0.4702336523
10.82248188,1643.556711,0.299982715,0.3944831513,0.818594638,0.481902926
21.31082313,1424.690199,0.0327739175,0.3661285481,0.7907264329,0.4630280877
4.466665181,1144.876354,0.9012012485,0.3964876915,0.7395788646,0.5360992727
7.828974456,1455.566267,0.8474907312,0.4488539685,0.7951656296,0.5644785839
9.279091699,1289.72843,0.2507482375,0.3322412366,0.7688273027,0.4321402679
5.630025821,1426.863915,0.440010941,0.3514021175,0.7910452449,0.4442250551
3.394366547,1210.160645,0.6460724152,0.3256685265,0.7536277508,0.4321344671
20.26760205,1331.114938,0.8979984108,0.3301786814,0.7760148342,0.4254798579
13.85485301,1468.682504,0.9128897235,0.4032983684,0.7969949262,0.5060237589
3.173149057,1152.115648,0.4388809022,0.2583289574,0.7412152153,0.3485208507
14.45773391,1204.688991,0.2669204317,0.3098693165,0.7525087369,0.4117816862
6.448811817,1313.846416,0.3447394918,0.3301324989,0.7730708883,0.4270403969
15.07259612,1431.338372,0.4122112644,0.3689869472,0.791698451,0.4660700633
5.651180147,1266.706087,0.3750773992,0.3189445681,0.7646257461,0.4171250702
17.0466174,1249.911179,0.7928753073,0.3117926583,0.7614630503,0.40946525
16.49240922,1110.527081,0.01521405247,0.266084145,0.7315238817,0.3637395192
12.81190977,1147.925162,0.2522325368,0.2933495073,0.7402705247,0.396273386
5.777372194,1197.1114,0.909514945,0.3994218314,0.7509421429,0.5318942812
17.31894692,1132.48786,0.7188781096,0.2631722346,0.7367300696,0.3572166325
15.18690754,1590.181382,0.8240168127,0.427687051,0.8125056654,0.5263803924
12.45852317,1411.759332,0.3963514743,0.36883371,0.7888096128,0.4675826765
20.56452604,1333.482162,0.8787135068,0.3311022595,0.7764124572,0.4264515033
14.87967477,1500.284505,0.03411917924,0.3704474913,0.8012710263,0.4623248303
11.84407718,1289.76664,0.4716050575,0.3408808912,0.7688341513,0.4433737636
8.20831703,1606.615112,0.7646420126,0.4629109487,0.8144235058,0.5683909483
3.146949251,1266.746949,0.4691325234,0.2763577711,0.7646333388,0.3614252179
23.96808236,1526.778525,0.7079080844,0.3804853816,0.8047195483,0.4728173715
8.730984918,1458.67112,0.1109360756,0.3396565873,0.7956016295,0.426917913
7.228068646,1547.702918,0.8546891832,0.4786006855,0.8073596706,0.5927973652
15.22052887,1514.140299,0.8131146958,0.4032212412,0.8030895815,0.5020875012
22.89028359,1675.967882,0.5339879181,0.40793712,0.8221027961,0.4962118143
4.99871282,1147.192646,0.7427497435,0.3525621053,0.7401046799,0.4763678908
4.893943597,1386.765592,0.4572219263,0.33829895,0.7850033188,0.4309522544
15.55790207,1306.871368,0.5124376887,0.3338825847,0.7718597199,0.4325689968
22.86946211,1439.635896,0.7171594436,0.3617709918,0.7928990234,0.4562636365
3.110517016,1180.609573,0.9404119334,0.444464249,0.7474609669,0.5946320526
17.87059269,1585.113646,0.04143383939,0.3892503541,0.811906231,0.4794277211
10.86494016,1410.276409,0.6854611081,0.392656334,0.7885875435,0.4979235816
18.68009014,1224.336509,0.4243712013,0.3070672909,0.7564803484,0.4059157538
15.86771789,1474.3101,0.8123455477,0.3846993585,0.7977698178,0.4822184919
7.488631956,1132.965227,0.9237059484,0.3408041037,0.7368409966,0.462520551
3.986614143,1310.146464,0.8726461118,0.4428653462,0.7724300236,0.5733404097
12.24325892,1359.234935,0.02611266865,0.3412479941,0.7806486631,0.4371338993
18.12799287,1159.780698,0.04889015459,0.2835770724,0.7429255371,0.3817032236
12.77785391,1302.998224,0.522233564,0.3416663004,0.7711815762,0.4430426127
9.736713656,1699.567014,0.276874482,0.3908555941,0.8245729662,0.4740097118
23.48837985,1485.736332,0.7279156907,0.3717510466,0.7993250932,0.4650811663
16.20711922,1510.07442,0.802091067,0.3943629588,0.8025593997,0.491381646
13.5519263,1142.171213,0.06342760996,0.2914625434,0.7389620779,0.3944215165
18.36664171,1607.687363,0.9421302809,0.4145150334,0.8145472765,0.5088900857
16.70298037,1413.311934,0.7989222655,0.3550685148,0.7890416172,0.4499997301
17.5469501,1554.761073,0.3686154193,0.39197423,0.8082342006,0.4849760499
22.13466803,1180.791436,0.2504333081,0.2722734942,0.7474998624,0.3642455443
7.004337469,1323.939522,0.0972722432,0.3066040047,0.7748008915,0.3957197366
21.13349549,1616.96152,0.7321737463,0.3979399828,0.8156109491,0.4879041696
4.98621483,1380.227984,0.5706970456,0.364601578,0.7839849623,0.4650619534
16.97437294,1582.800237,0.4222424837,0.4001898241,0.8116313145,0.4930684868
20.98714331,1639.079372,0.8299339124,0.4054889379,0.8180991079,0.495647696
9.99076677,1389.808848,0.05302340114,0.3360026942,0.7854740957,0.4277705606
11.84306398,1599.403609,0.810179884,0.4513322978,0.8135867655,0.5547439031
5.118578173,1304.136697,0.3927972627,0.3196213323,0.7713813278,0.4143493247
15.77455712,1486.339388,0.1062060097,0.3730284495,0.7994065134,0.4666317365
7.522389877,1540.478436,0.8345139113,0.4693945382,0.8064562326,0.5820458931
7.488380394,1229.758541,0.4391675823,0.3313104839,0.7575540318,0.4373423809
11.14087294,1524.79719,0.4601824281,0.3967373995,0.8044657992,0.4931687585
15.92722668,1346.757115,0.08280249683,0.3468625847,0.7786163542,0.445485871
21.00802762,1647.419561,0.0009913295884,0.4022467645,0.8190199953,0.4911317999
21.1055824,1455.483979,0.9106493895,0.3607048769,0.7951540489,0.4536289256
3.070398908,1112.688957,0.8466262822,0.3694030336,0.7320455117,0.5046175787
8.582621915,1366.092565,0.8289446944,0.4119749792,0.781749782,0.5269908463
9.298735534,1676.680921,0.5038820065,0.4219760591,0.8221784501,0.513241449
7.955973977,1130.98861,0.216456089,0.2913067,0.7363810764,0.3955923222
7.377623174,1446.378013,0.2872420676,0.3481306554,0.7938643996,0.4385265992
18.35605791,1413.009181,0.1826195955,0.3621207436,0.788996417,0.4589637365
11.97312141,1183.332076,0.007497538641,0.3047250691,0.7480419859,0.4073635904
18.5250528,1295.771913,0.2873767299,0.3333247952,0.7699054925,0.4329424824
5.257276087,1290.579336,0.2594090523,0.2988270931,0.7689797197,0.3886020469
3.708905389,1225.187227,0.3277331493,0.2654750372,0.7566494381,0.3508560555
12.0052778,1457.853953,0.5192367639,0.3875660008,0.7954870587,0.4872059156
11.99524199,1429.195874,0.350579161,0.3701562386,0.7913861876,0.4677314873
10.60314399,1656.638639,0.1297441288,0.3740230866,0.8200271362,0.4561106213
9.396677566,1496.449009,0.7796964141,0.435823017,0.800761671,0.5442605869
12.95719049,1532.179363,0.6062021294,0.4086380168,0.8054078999,0.5073677783
8.521797852,1508.542827,0.676428868,0.4242885953,0.8023589422,0.528801479
23.41253956,1561.004335,0.1088000728,0.392881157,0.809001171,0.4856373156
15.23812682,1454.754597,0.2001845567,0.3694756439,0.7950513437,0.4647192245
13.01798884,1641.717458,0.624566845,0.4337987031,0.8183914055,0.5300626328
15.80319512,1532.608928,0.1914303918,0.383294315,0.8054624408,0.4758686384
17.50317002,1685.691786,0.5194991479,0.4241073384,0.8231289951,0.5152380015
13.25384243,1602.695754,0.656880755,0.4280762966,0.8139696825,0.5259118439
10.4505414,1148.841948,0.5219402074,0.2982460305,0.7404777911,0.402775119
13.51393931,1594.990439,0.4931524782,0.4115570077,0.8130709798,0.5061759895
16.6362469,1546.430631,0.8361798909,0.404263622,0.8072011805,0.5008213959
2.740474391,1124.312387,0.2145072031,0.1960540153,0.7348156941,0.2668070604
14.71640066,1109.118317,0.8341427113,0.2604854327,0.7311828726,0.3562520984
21.86234967,1373.376521,0.06982769784,0.3532328678,0.7829073124,0.4511809536
16.23995033,1157.429702,0.2623070546,0.2890191749,0.742403362,0.3893020826
17.93754565,1137.84773,0.7493522656,0.2617861616,0.7379702116,0.3547381147
23.86178095,1632.176209,0.5219577322,0.4008786885,0.8173297722,0.4904736157
19.75485279,1203.1834,0.3295317462,0.2955794928,0.7521990413,0.3929538281
3.803258388,1120.792144,0.04265267102,0.2174081548,0.7339827891,0.2962033415
8.55929133,1101.72395,0.7106522484,0.297920701,0.7293786705,0.4084582029
18.40292193,1220.62837,0.3415404543,0.307501089,0.7557405617,0.4068871046
8.054944996,1539.808913,0.5898929072,0.4140319873,0.8063720781,0.5134503024
15.77623691,1422.524449,0.5600195064,0.3654529344,0.7904078202,0.462359968
6.574395192,1482.122217,0.5934327585,0.3999310682,0.7988357528,0.5006424247
17.06814757,1264.558142,0.5242671619,0.322342144,0.7642259457,0.421789061
14.36323423,1349.075716,0.762902423,0.3490149539,0.7789968372,0.4480312849
13.28403521,1647.953943,0.2659789852,0.3998658782,0.8190786817,0.4881898249
9.592337515,1112.748482,0.7856079257,0.2908271131,0.7320598457,0.3972723198
16.81744857,1135.81112,0.2879875674,0.2761724099,0.7375003689,0.3744708769
13.2969236,1532.297359,0.4849832806,0.398920754,0.8054228846,0.4952935428
8.58439244,1561.025922,0.5627336585,0.4137393775,0.8090038123,0.5114183286
6.94549083,1213.332441,0.8561424576,0.3789912506,0.7542717974,0.5024597923
6.221912386,1211.472076,0.06625640472,0.2802103556,0.7538944513,0.3716838016
16.78016442,1655.762925,0.2506689542,0.4056354088,0.8199319507,0.4947183831
15.68965726,1391.04715,0.8426596818,0.3542446426,0.7856650653,0.4508850632
21.00924627,1354.681099,0.7288771494,0.3406916977,0.7799113014,0.4368339029
21.46821738,1558.706515,0.08686163297,0.3908063933,0.8087196037,0.4832409051
16.3563198,1146.154953,0.8792448042,0.2698525201,0.7398693786,0.3647299481
17.45994051,1236.465199,0.05013220068,0.3174158852,0.7588690726,0.4182748996
23.3074589,1456.91601,0.8105640339,0.3635801058,0.795355396,0.4571291119
7.033251214,1462.87923,0.6974825446,0.4206176649,0.7961896007,0.5282883179
5.566621628,1425.685505,0.2614479528,0.3181489251,0.7908725318,0.4022758565
16.1791675,1630.176021,0.4104590035,0.4098811581,0.8171056401,0.5016256625
14.55165783,1137.766689,0.3391884088,0.2853300403,0.7379515476,0.3866514559
16.84944943,1437.55758,0.9449818567,0.3623102606,0.7925996119,0.4571163739
13.74928082,1208.092195,0.06839635407,0.3122458825,0.7532059215,0.4145557988
11.82976533,1461.312777,0.6914740555,0.4022271505,0.7959711263,0.5053288205
9.413327333,1581.210909,0.5929528055,0.423171551,0.8114419788,0.5215056185
5.634593955,1111.650516,0.4082129559,0.2934979984,0.731795204,0.4010657583
19.71810313,1606.946863,0.8755263628,0.4033274834,0.8144618177,0.4952073561
8.562749044,1549.98027,0.166551943,0.3533113354,0.8076427127,0.4374599434
12.62184126,1456.603368,0.6470638879,0.3936785542,0.7953114716,0.4949992151
18.65013028,1296.450978,0.9207442517,0.3208024376,0.7700260132,0.4166124677
7.860553474,1401.320145,0.9124193615,0.4461352449,0.7872363421,0.5667106827
21.5990144,1470.035706,0.4101356376,0.373307129,0.7971817972,0.4682835588
13.9461397,1372.839614,0.8222658738,0.3627140102,0.7828224092,0.4633413734
17.187445,1465.266858,0.8165136243,0.371244096,0.7965217064,0.4660815808
18.26114782,1289.509725,0.07555792477,0.3329973532,0.768788095,0.4331458244
15.21839603,1295.109305,0.4178889694,0.3322956697,0.7697877709,0.4316717962
13.61194717,1299.176705,0.7039050599,0.3351520705,0.7705085084,0.4349751714
22.34192765,1544.492279,0.8818793544,0.3790504852,0.8069592163,0.4697269422
8.460161554,1189.374848,0.6281055284,0.3322719614,0.749322091,0.4434300888
10.57709861,1549.624548,0.255501118,0.3774378325,0.8075985564,0.4673582308
20.79320644,1175.787235,0.9419164767,0.2608226839,0.746425211,0.3494290923
16.14736768,1615.944277,0.1536507822,0.3942748739,0.8154948755,0.4834792784
10.75353339,1407.794794,0.4993042394,0.3769921938,0.7882148725,0.4782860702
22.04719819,1352.116234,0.09716592717,0.3469488268,0.7794938094,0.4450950381
6.724886037,1537.425335,0.5755346914,0.405127018,0.8060718831,0.5025941563
13.63141731,1399.171197,0.4920216463,0.3666657292,0.7869095644,0.4659566306
7.139586146,1177.967683,0.824414408,0.3577031862,0.7468945843,0.4789205783
10.03309808,1636.565518,0.2159787399,0.3789354057,0.8178196982,0.4633483475
8.288559807,1277.23106,0.3399380534,0.3340999838,0.7665653387,0.4358401913
22.56619631,1623.36283,0.9096788246,0.3909843414,0.8163380395,0.4789490658
15.99119701,1371.624688,0.1183773655,0.3517518497,0.7826300426,0.4494484374
17.12924638,1368.123192,0.9070503493,0.3400555685,0.7820737185,0.4348126787
13.5133327,1354.087422,0.345990738,0.3514236561,0.7798148073,0.4506501452
7.464829738,1386.186126,0.4388523285,0.3620421817,0.7849134438,0.4612510902
20.22868858,1355.567404,0.06190608472,0.3497578768,0.7800552011,0.4483758025
21.66473019,1518.325985,0.8332427915,0.3750842989,0.8036324195,0.4667361468
10.76543921,1127.712101,0.300461403,0.2880519576,0.7356151453,0.3915796996
15.99216865,1250.154121,0.5558643948,0.3183701783,0.7615094052,0.4180778019
12.20859861,1399.869839,0.401965666,0.3667272189,0.7870159127,0.4659717968
16.92887032,1191.503205,0.4645773632,0.2983209942,0.7497698715,0.3978834114
17.3414083,1521.022393,0.4187235319,0.385622606,0.8039805322,0.4796417209
23.42930064,1471.768738,0.2946439948,0.3750306208,0.797420619,0.4703046445
12.80080865,1697.07228,0.04224382125,0.3815720578,0.8243150846,0.4628958816
17.3887242,1210.240099,0.7410614066,0.2984240797,0.7536439254,0.3959749023
20.30771731,1520.017378,0.07468214978,0.383431425,0.8038509267,0.4769931989
7.138822596,1459.706296,0.5336999551,0.3875225946,0.7957465822,0.4869924713
8.312950894,1274.794773,0.913777271,0.3929156978,0.7661192167,0.5128649553
4.327457796,1142.085806,0.6215392853,0.3234753072,0.7389425571,0.4377543343
20.59877507,1395.229599,0.3054167342,0.3581225309,0.7863075724,0.4554484065
20.15741751,1244.24544,0.0009584018078,0.3139022577,0.7603768594,0.4128245801
21.17436745,1310.299002,0.9192394661,0.3214917094,0.7724565159,0.4161939252
20.74139207,1543.619723,0.325988573,0.3863256306,0.8068500968,0.4788071937
14.78010095,1234.778576,0.8357620069,0.3078240468,0.7585397043,0.4058113834
14.09880677,1596.759707,0.05304159239,0.3799359144,0.813278104,0.4671660438
22.23862501,1214.619729,0.3553462785,0.2899430428,0.754532227,0.3842686004
20.68716534,1538.336722,0.7077460418,0.3801484822,0.8061867758,0.4715389704
7.839592959,1158.006718,0.3155212114,0.3039836434,0.7425317182,0.4093880921
16.62313273,1367.813452,0.04785135878,0.3519745893,0.7820243691,0.450081357
13.32656232,1660.894719,0.2451055381,0.3996323512,0.8204883208,0.4870664714
7.981010915,1623.887798,0.01689908518,0.3324283182,0.8163974134,0.4071893329
22.98003439,1267.862093,0.6038817783,0.308406357,0.7648403548,0.4032297133
22.86273481,1338.04211,0.2162841207,0.3407364225,0.7771744269,0.4384297923
22.08515054,1696.316421,0.09659500066,0.4111932663,0.8242368014,0.4988775866
16.97302686,1608.359728,0.8187945943,0.4209295063,0.8146248039,0.5167157988
15.79474569,1478.367033,0.2938179777,0.3763191652,0.7983247777,0.471386052
16.75550819,1686.620954,0.4593144608,0.4221844134,0.8232264343,0.5128411769
10.1131399,1483.95125,0.4818074112,0.3912130435,0.7990836964,0.4895770559
10.41668625,1255.253255,0.6925841451,0.3448695093,0.76247821,0.4523008064
5.413367752,1333.800152,0.4081073211,0.330731192,0.7764657625,0.4259443339
20.90456448,1547.951209,0.2309266051,0.3878918807,0.8073905701,0.4804265681
10.80628886,1627.546774,0.1008159713,0.3697549911,0.8168101803,0.4526816634
15.87286792,1660.592195,0.5112368155,0.4218842569,0.8204556177,0.5142072866
14.91998467,1425.979652,0.01025278896,0.3592174354,0.7909156701,0.4541791862
17.00663083,1408.326162,0.2014297365,0.3596422974,0.7882947799,0.4562281859
7.481692534,1545.993456,0.2014645456,0.3466004533,0.8071466611,0.4294144671
16.06515303,1452.367565,0.3938241517,0.3715673161,0.7947145012,0.4675481767
20.85292615,1346.031443,0.7428029439,0.3380425573,0.7784970021,0.4342246102
18.23271308,1150.701606,0.764569008,0.2668882693,0.7408972069,0.3602230739
16.85361495,1498.029702,0.2491505998,0.3788285905,0.8009719036,0.4729611473
10.32629795,1509.08162,0.4284503687,0.3898283145,0.8024295067,0.4858100446
19.61982079,1158.176087,0.7098511703,0.2649508663,0.7425693698,0.3568028484
17.83235111,1266.144664,0.5194413085,0.3220397428,0.7645213785,0.4212305265
14.81468291,1552.461402,0.8164913336,0.4184750694,0.8079501367,0.5179466533
16.68142781,1397.949737,0.4625550483,0.3547543616,0.7867233763,0.4509264276
12.46521816,1668.401525,0.4638170861,0.4212210419,0.8212960157,0.5128735972
16.2363304,1433.132275,0.03757770784,0.3636051148,0.7919591895,0.459121025
23.6580192,1490.103094,0.8108699249,0.3708624223,0.799913173,0.4636283472
22.71763643,1551.268921,0.02079768926,0.3909154418,0.8078025055,0.4839245226
21.6210054,1463.142313,0.2994772131,0.3730390252,0.7962262472,0.4685088271
16.63248611,1505.875792,0.3129818887,0.3817274029,0.802008903,0.4759640466
7.007449103,1234.673864,0.8445916356,0.3848199218,0.7585192262,0.5073304783
10.32033362,1289.406032,0.4047478342,0.3426136099,0.7687695012,0.4456649352
12.30410497,1144.894906,0.4459497964,0.2902505863,0.7395830845,0.392451629
4.896876112,1367.023222,0.8450922858,0.4440677425,0.7818983648,0.5679353769
7.129610712,1343.590232,0.6232680422,0.3809662976,0.7780945463,0.489614404
21.11103851,1251.10289,0.7992017134,0.3025205759,0.7616902636,0.3971700707
19.23309797,1411.69517,0.8592751838,0.3520452416,0.7888000141,0.4463048115
18.50456128,1316.082974,0.8987551725,0.3274040583,0.7734565328,0.4232998811
10.35555918,1207.947019,0.8256605202,0.3295371001,0.7531762608,0.4375298549
9.294720483,1194.018388,0.4403823457,0.3195372935,0.7502969778,0.4258810884
13.09577889,1447.326279,0.3271369239,0.3724732326,0.7939994565,0.4691101859
12.66060131,1520.964969,0.8312085365,0.4259093181,0.8039731314,0.5297556615
16.20401796,1575.168214,0.2322370986,0.3920961013,0.8107186284,0.4836401774
16.66177885,1185.977039,0.2918379076,0.2992431251,0.7486039018,0.3997349257
23.32532444,1621.923745,0.2597289736,0.4014302086,0.8161750816,0.4918432548
9.725616264,1289.147669,0.6558560738,0.3600624033,0.7687231593,0.4683902116
15.66971902,1569.068658,0.7223461701,0.4131319071,0.809982821,0.510050209
5.288512393,1332.040822,0.2339860717,0.2999520003,0.7761705235,0.3864511614
11.99007642,1293.25297,0.8399684119,0.3494577722,0.7694573243,0.4541613435
6.139102531,1140.294348,0.9312511865,0.3715042518,0.7385324232,0.5030303886
13.14947818,1595.428581,0.01942529314,0.3730019198,0.8131223148,0.4587279343
8.628588377,1105.746701,0.3275193207,0.2884924301,0.7303632018,0.3949985835
3.706274817,1284.192261,0.1195116097,0.2368702865,0.7678307143,0.3084928515
21.26840749,1676.892903,0.5489621418,0.4131810084,0.8222009291,0.5025304566
19.47443283,1406.113985,0.05790139721,0.3618057641,0.7879617135,0.4591666802
8.741521217,1587.61479,0.3459098004,0.3832547774,0.8122025558,0.4718709325
12.2888451,1674.46109,0.3896459391,0.4134515208,0.8219427123,0.5030174423
19.88063148,1570.739425,0.716984046,0.3903984847,0.8101849388,0.481863419
7.266991458,1253.714796,0.06116872912,0.2974598569,0.7621867422,0.390271623
19.89768277,1348.028638,0.4759766336,0.3445376399,0.7788251737,0.4423812321
5.932883632,1278.644598,0.1890232213,0.2984951477,0.7668234001,0.3892619183
10.20167498,1446.011372,0.666639983,0.4036484341,0.7938121333,0.5084936564
19.81963775,1449.128465,0.1783076525,0.3702349487,0.7942556459,0.4661407831
7.143493685,1507.103334,0.2043758633,0.339708777,0.8021701676,0.4234871736
11.49097433,1300.311512,0.4842279675,0.3459177425,0.7707087899,0.4488306699
9.617326913,1445.05321,0.8112093811,0.4249470539,0.7936754176,0.535416676
13.89961928,1353.738574,0.6573549893,0.3539461002,0.7797580673,0.4539178433
22.17567879,1671.714044,0.1264974613,0.4080875855,0.8216501195,0.4966683213
21.07914853,1370.383163,0.9154044733,0.3401721038,0.7824331121,0.4347618967
22.0400779,1416.591885,0.8632236081,0.3530742251,0.7895300664,0.4471954142
16.11191427,1606.283058,0.09028680442,0.3897667553,0.8143851431,0.4786024876
11.78909609,1628.137055,0.2008209733,0.3860341438,0.8168765958,0.4725733921
13.59457412,1513.385933,0.5216015492,0.396637198,0.802991429,0.4939494791
11.19955357,1403.302757,0.05777456482,0.3448685385,0.7875369384,0.4379077624
21.34267206,1195.593151,0.2478412852,0.2853725534,0.7506258715,0.3801794798
21.70688537,1302.473397,0.6579810062,0.3245877363,0.7710893744,0.4209469707
7.211405364,1542.18116,0.4977136691,0.393021904,0.8066699245,0.4872152687
6.723490567,1268.096177,0.6416518099,0.3658159192,0.764883764,0.4782634126
17.51911994,1455.893406,0.1419100747,0.3693928684,0.7952116558,0.4645214462
17.97004185,1435.380545,0.8376683442,0.3562729609,0.7922850487,0.4496777536
9.829666825,1336.845475,0.33368793,0.3489033431,0.7769749716,0.4490535163
20.9441546,1345.261002,0.5670810718,0.3413706115,0.7783701456,0.4385710494
21.45180004,1681.559505,0.5380238117,0.4136243206,0.8226943507,0.5027679116
23.263012,1452.306613,0.08095047385,0.3719158908,0.7947058856,0.4679918666
14.63683123,1339.287686,0.3136197112,0.3445728749,0.7773816611,0.4432480108
3.299906868,1287.796089,0.04356202735,0.2102112791,0.7684804274,0.2735414874
22.99551775,1688.698957,0.4915650032,0.4108320098,0.8234439604,0.4989192095
14.25469473,1468.421199,0.6804281316,0.3900595913,0.7969588016,0.4894350756
7.802342807,1287.666548,0.6565037282,0.3700870688,0.7684571363,0.4815975431
7.870680573,1286.182959,0.654208434,0.3690995423,0.7681900558,0.4804794588
12.36074481,1523.481563,0.8361764696,0.4294814604,0.8042969425,0.533983704
22.83545262,1278.646335,0.3976050179,0.3171064676,0.7668237167,0.4135324204
15.08953744,1131.669111,0.3745121358,0.2804827864,0.7365395969,0.3808115512
9.314824392,1547.611357,0.7669384604,0.4465257765,0.8073482734,0.5530770192
17.32050879,1466.623122,0.646162449,0.3714488259,0.7967098735,0.4662284707
11.91955853,1617.318505,0.9320522882,0.4728382845,0.8156516486,0.5797061592
14.89822747,1417.945572,0.1340394864,0.3607484902,0.7897309981,0.4567992025
15.70186522,1170.185586,0.5251055645,0.2921448313,0.7452113548,0.3920294953
9.343562439,1163.539208,0.5151986361,0.3117244856,0.7437559492,0.4191220062
19.04293099,1457.203753,0.373505927,0.36953482,0.7953958056,0.4645923669
9.480512901,1215.91413,0.2584322642,0.3169665348,0.7547935396,0.4199380601
23.20288445,1474.4166,0.204822984,0.3762345,0.7977844254,0.471599204
22.55064597,1580.021515,0.5736978909,0.3910453478,0.811300038,0.481998434
12.57532755,1220.267109,0.9224804623,0.3066615591,0.7556682484,0.4058150647
4.919099912,1138.395552,0.8360734306,0.370587503,0.7380963063,0.5020855677
11.03361515,1506.226645,0.2782127484,0.3758145688,0.8020550221,0.4685645728
20.46943432,1612.004779,0.1558169392,0.3982645556,0.8150439726,0.4886418021
15.6387869,1178.078061,0.8903667574,0.2858243379,0.7469182987,0.3826714895
22.88505661,1472.035412,0.1363761143,0.3760585627,0.7974573182,0.4715720254
8.288063369,1122.951116,0.3333369527,0.2950017581,0.7344942306,0.4016393128
21.25717816,1599.521007,0.3103214642,0.3955589027,0.8136004475,0.4861832413
18.03621728,1571.327409,0.4450926385,0.3961233798,0.8102559668,0.4888867173
23.79911506,1674.041615,0.3142880829,0.4086251977,0.8218980954,0.4971725814
5.205305704,1394.080212,0.5872036967,0.3734737149,0.786131388,0.4750779839
15.77176411,1518.099826,0.2081328895,0.3814406298,0.8036031656,0.4746629258
6.574769615,1252.750869,0.08329881567,0.2916712527,0.7620037572,0.3827687855
15.00560624,1644.312789,0.6791990583,0.4327578556,0.8186780508,0.5286056652
9.741959593,1353.217864,0.7419713992,0.3877509942,0.7796733195,0.4973249494
4.493944051,1177.042709,0.219990027,0.2647041583,0.7466956825,0.3545007217
6.636717075,1458.703687,0.9211952152,0.481273913,0.7956061929,0.6049147396
17.95330738,1324.029548,0.6160357672,0.3367237902,0.7748162037,0.4345853747
6.370746042,1279.052519,0.7417195629,0.3869691315,0.7668977656,0.504590245
4.952155856,1247.875424,0.03668509725,0.2583375898,0.7610739068,0.3394382431
5.79445047,1328.254251,0.7110521669,0.3942799117,0.7755324331,0.5083989978
10.18135959,1648.803118,0.6571325083,0.445242291,0.8191718606,0.5435273261
5.413930293,1317.818462,0.5540728773,0.3559865701,0.773754877,0.4600766738
14.58010203,1167.687825,0.250155342,0.2976702581,0.7446663451,0.3997364189
7.967127671,1203.515831,0.2705714959,0.3118941682,0.752267488,0.4146054072
3.618726583,1224.622863,0.6930898949,0.3486865727,0.7565372908,0.460898064
11.70904265,1199.894372,0.2969812048,0.3102448962,0.7515197946,0.4128233194
21.93911116,1232.51391,0.7220903994,0.293066012,0.7580960364,0.3865816438
2.220166849,1151.906724,0.04824006653,0.1425857046,0.7411682789,0.1923796641
9.548099382,1145.12518,0.4617660937,0.3021929003,0.7396354518,0.4085700591
13.5564313,1334.217525,0.3229192063,0.3457046108,0.776535689,0.4451883098
19.01237645,1670.56571,0.3827585614,0.4132765984,0.8215275231,0.5030587373
8.337037893,1499.565298,0.5870175397,0.4071208542,0.8011757139,0.5081542628
17.65386913,1161.791575,0.2184765563,0.2858470751,0.7433704923,0.3845284122
12.1541141,1357.150952,0.7356972287,0.3699879785,0.7803118366,0.4741539999
21.93780332,1186.95118,0.9491245764,0.2605739521,0.7488102248,0.3479839664
5.813178062,1103.10805,0.4164548607,0.2932075744,0.7297182265,0.4018093063
4.688849411,1173.842591,0.9358551962,0.4160660673,0.7460051268,0.5577254798
22.29103955,1314.360207,0.8338793445,0.3231699778,0.7731595963,0.4179861174
22.66920278,1326.519565,0.3569974847,0.3359777139,0.7752388974,0.4333860376
11.00079751,1555.511835,0.8737850219,0.4545985408,0.8083267556,0.5623945238
21.00251228,1559.80357,0.9405130522,0.3787270719,0.8088541367,0.4682266613
16.23832727,1337.601052,0.685191931,0.3381213788,0.7771009528,0.435106118
13.97231446,1606.391556,0.01355395502,0.377534343,0.8143976798,0.4635749246
23.42994245,1456.788333,0.1027488016,0.3728221272,0.7953374604,0.4687596722
18.70857383,1561.414051,0.04911036827,0.3877249225,0.8090512893,0.4792340456
17.73258613,1555.534548,0.04397391146,0.3851134325,0.8083295544,0.476431216
23.29377268,1366.737794,0.4335176621,0.3468419017,0.7818528167,0.4436153382
8.845969474,1314.875097,0.1471613843,0.3264623391,0.7732484244,0.4221959319
11.7469961,1373.918048,0.9480034318,0.391059184,0.7829928791,0.4994415587
7.172331813,1462.466802,0.1314239922,0.3261257269,0.7961321244,0.4096376932
20.93999969,1462.208909,0.2154991554,0.3732032141,0.7960961678,0.4687916224
18.67125813,1484.933239,0.5021100058,0.3722532744,0.7992165626,0.4657727227
12.24253972,1455.878701,0.6606886904,0.3962597569,0.7952095873,0.4983085758
12.51207961,1357.530068,0.7842517655,0.3689163442,0.7803731888,0.4727434893
11.2646835,1657.58988,0.6618554604,0.4457182253,0.8201304173,0.5434723745
18.344113,1592.505576,0.1189775787,0.3931082636,0.8127793055,0.4836592923
22.42177649,1669.039214,0.6349953852,0.4073532238,0.821364293,0.4959470814
7.960714522,1465.172612,0.2870277984,0.3553520025,0.7965086178,0.4461370468
15.21269886,1668.570925,0.4050139177,0.4165226241,0.8213141584,0.5071416581
14.45693601,1590.222005,0.1724621814,0.3883549018,0.8125104551,0.4779691134
15.66064843,1447.411782,0.02372342078,0.3646138399,0.7940116256,0.4592046616
11.86507577,1156.716189,0.729130234,0.287847555,0.7422444651,0.3878069404
9.855027734,1651.981695,0.1706670471,0.3732472254,0.8195197919,0.4554462614
21.85206985,1660.43196,0.6342760804,0.4073357882,0.8204382913,0.4964855889
18.79418587,1314.15296,0.6954604937,0.3319100681,0.7731238227,0.4293103618
23.37633079,1255.148904,0.3131849136,0.3058386944,0.7624584629,0.4011217782
15.56195717,1423.240951,0.00702666016,0.3602506865,0.7905133352,0.4557174059
10.12912665,1104.738086,0.245599805,0.2820987796,0.730117026,0.3863747449
13.79891771,1463.215464,0.03467100026,0.3621081607,0.7962364345,0.4547746687
10.45533514,1344.301607,0.4384837958,0.3580965842,0.7782119738,0.4601530126
19.10496108,1431.341681,0.09026890861,0.3666396616,0.7916989326,0.4631049083
10.45257909,1625.916021,0.1634884889,0.3743516572,0.8166264456,0.4584123613
11.02801835,1673.352161,0.7911789375,0.4705317708,0.8218247139,0.5725451703
10.2680468,1305.570882,0.482059173,0.3513797634,0.7716324681,0.4553719263
12.39853079,1272.640929,0.03358998426,0.3264371399,0.7657233921,0.4263120903
4.49662423,1306.835541,0.6387007029,0.3632437909,0.7718534654,0.4706123729
10.68997985,1691.25143,0.4582002835,0.4208122485,0.8237104225,0.5108740123
12.61313016,1469.735742,0.8840620893,0.4139369729,0.7971404033,0.5192773709
6.010867953,1112.616966,0.3419620082,0.2889694858,0.732028174,0.3947518635
19.62255455,1227.526971,0.01927327649,0.3087222989,0.7571132797,0.4077623616
17.0049134,1360.195797,0.8080968704,0.3408530066,0.7808036162,0.4365412756
11.03173581,1234.234158,0.3876313746,0.3245984798,0.7584331967,0.4279855908
20.4534545,1625.499186,0.4736426671,0.4029038554,0.8165794221,0.4934043701
22.20903549,1607.00655,0.9477939401,0.3872316314,0.8144687089,0.4754407715
18.69108038,1569.452535,0.4331053107,0.3939764978,0.8100292979,0.4863731458
10.75030355,1666.998743,0.8834749521,0.4879577402,0.821145636,0.5942401917
17.15093386,1225.613707,0.473053972,0.310429119,0.7567341176,0.4102221795
8.178696585,1137.616095,0.6972337594,0.3182753627,0.7379168585,0.4313160203
13.95277213,1350.453277,0.5059835754,0.3511460827,0.7792222767,0.4506366068
12.47106538,1405.699524,0.7298173951,0.3839415285,0.7878991955,0.4872977795
14.92925109,1617.035552,0.1398550894,0.3907944779,0.8156193909,0.4791382871
4.114590788,1224.473502,0.6853831504,0.3549351695,0.7565075933,0.4691759509
21.31742727,1305.161087,0.1503947796,0.3330955588,0.7715607653,0.4317165592
20.10979,1209.944151,0.7163955704,0.2898409409,0.7535836677,0.3846168027
19.87456352,1198.353958,0.2107544066,0.2939739235,0.7512003879,0.3913388867
6.868854331,1277.990003,0.1696718993,0.3076207405,0.7667039654,0.4012249243
17.67095908,1565.414275,0.2721963054,0.3919198173,0.8095392352,0.4841270198
9.678340214,1225.377815,0.57243309,0.3341015872,0.7566872876,0.441531915
18.91821267,1337.533092,0.197424845,0.3452200968,0.7770896274,0.4442474647
10.77363827,1496.106859,0.6758608977,0.414712207,0.8007161065,0.5179266455
12.10342191,1303.437511,0.2412361064,0.3379705243,0.7712586929,0.4382064376
8.341839701,1372.264594,0.7901443475,0.4101387889,0.7827314052,0.5239840718
14.00133076,1374.0973,0.6310022327,0.3601079537,0.7830211878,0.4598955422
7.994783222,1232.012807,0.07554665037,0.3021603851,0.7579976456,0.3986297145
22.77730388,1635.591826,0.2440648913,0.4027519568,0.8177112435,0.492535672
5.069937953,1274.603658,0.8864462973,0.4312282001,0.7660841485,0.5628992597
21.19808156,1198.236206,0.1068934693,0.2884637129,0.751175938,0.3840161783
18.69923266,1360.474878,0.1826889857,0.3510057441,0.780848581,0.4495183223
17.37167802,1694.55499,0.7544763277,0.4392418455,0.8240541017,0.533025495
15.03342292,1584.18641,0.2206609086,0.3916002934,0.8117961383,0.4823874799
19.40298647,1483.980357,0.9217167653,0.3646517824,0.7990876371,0.4563351571
23.65972572,1490.321859,0.2401786783,0.3793215464,0.7999425439,0.4741859891
9.901835188,1237.757291,0.4824542037,0.3329289511,0.7591207886,0.4385717742
23.8638037,1656.533634,0.02730591812,0.4076268419,0.8200157281,0.4970963702
3.485140876,1267.948279,0.5885284053,0.3206935299,0.7648563392,0.4192859671
23.30617188,1668.49019,0.7358100005,0.4024702736,0.8213055122,0.4900372245
20.52680611,1177.14306,0.5739276282,0.2742501527,0.7467172766,0.3672744173
14.02503766,1642.165516,0.9140749005,0.4591636061,0.8184409567,0.5610222733
8.214680351,1318.32817,0.8626577161,0.4043316159,0.7738423507,0.5224986918
17.06794358,1657.677426,0.5493704793,0.4208958162,0.8201399166,0.5132000134
6.737806166,1280.700382,0.6006365259,0.3626825929,0.7671976958,0.472736812
2.469171681,1204.56899,0.3677101696,0.2097415361,0.7524840815,0.2787321901
23.82667248,1684.241193,0.3655091388,0.4095263839,0.8229766608,0.4976160363
22.83676,1436.498735,0.6989133274,0.3614191367,0.7924467369,0.4560800365
2.340068513,1159.100248,0.643187693,0.2630616749,0.7427746215,0.3541608279
21.17903037,1241.114926,0.3971999665,0.306545709,0.7597724483,0.4034704202
18.46320681,1154.010186,0.02382123899,0.2789651349,0.741640062,0.3761462591
16.30249217,1564.160943,0.512776759,0.4006986548,0.8093866227,0.4950645879
5.330964432,1433.67966,0.5682494578,0.376174753,0.7920386205,0.4749449626
10.15790837,1547.868333,0.9477486315,0.4728139104,0.8073802573,0.5856149022
13.1098134,1519.885631,0.713531676,0.4130564357,0.8038339241,0.5138579292
14.99989719,1227.575721,0.8769505242,0.3043658011,0.7571229253,0.4020031502
9.086606991,1221.052767,0.9029594158,0.3565358807,0.7558254582,0.4717172158
13.89940736,1625.192397,0.02760139911,0.37997633,0.8165447976,0.4653465812
5.348215982,1309.271861,0.01574165462,0.2691977289,0.7722780051,0.3485761955
22.60208795,1368.365621,0.3412780115,0.3493448918,0.7821123278,0.446668438
11.31953988,1373.475048,0.8181677121,0.3874082586,0.7829228857,0.4948230096
10.11756762,1217.461548,0.6586215734,0.3314362956,0.755105202,0.4389273107
14.91879726,1602.648848,0.2165722793,0.3937733502,0.8139642377,0.4837722985
20.01155841,1507.454393,0.6756122296,0.3749070183,0.8022162386,0.4673391042
17.00398489,1155.935839,0.6404167657,0.2788892492,0.7420704594,0.3758258339
8.497277588,1100.666205,0.1650325859,0.2817092785,0.7291186023,0.3863696216
22.40138589,1195.953438,0.4393722826,0.2773535184,0.7507009967,0.3694593715
5.343902575,1261.095482,0.9228913256,0.4348982847,0.7635785678,0.5695527652
22.50100535,1588.750732,0.4914589634,0.3934638255,0.8123368292,0.4843604418
5.58372425,1278.514337,0.8472600593,0.4157761115,0.7667996429,0.5422226202
8.31683318,1622.953534,0.5556516155,0.420804031,0.8162917214,0.5155069198
20.03722612,1624.359379,0.233317838,0.4010981095,0.8164507166,0.4912704482
22.80303772,1635.558871,0.3005778454,0.4023965168,0.8177075706,0.4921032058
20.07750505,1168.012132,0.9086834398,0.2616031123,0.7447372405,0.3512690089
7.991310439,1380.323004,0.5362551596,0.3763027043,0.7839998325,0.4799780416
17.92741015,1651.807734,0.01983540647,0.3964233826,0.8195007846,0.4837376487
21.16962085,1644.505736,0.8525217396,0.4061420617,0.818699325,0.4960820771
6.720532966,1368.385961,0.07757761803,0.3050668522,0.7821155665,0.3900534209
7.729671183,1515.846617,0.09600070626,0.3326107542,0.8033112343,0.4140496734
14.54075862,1474.910035,0.6104811391,0.3878482058,0.7978520772,0.4861154302
12.29017386,1357.991832,0.2590315516,0.3509054238,0.7804478694,0.4496205801
13.75336481,1208.4222,0.7940903743,0.3015261446,0.7532733179,0.4002878337
17.00091149,1562.131964,0.4396410563,0.3962336349,0.809139044,0.4896978311
14.11455382,1111.91935,0.4577683294,0.2739299158,0.731860049,0.3742927575
19.99071318,1322.020405,0.252219437,0.3397471232,0.7744739801,0.4386811332
19.87799948,1608.015284,0.6781519418,0.4015882106,0.8145850957,0.4929972482
12.1465363,1191.572049,0.4781131232,0.3039392583,0.7497843288,0.4053689129
15.74663953,1191.848956,0.1180382769,0.3049203067,0.7498424623,0.406645825
15.60788013,1159.041492,0.4299915412,0.289598776,0.7427615817,0.3898946622
14.55443478,1608.437905,0.7626576465,0.4324710261,0.8146338139,0.5308778235
19.9915536,1383.177251,0.2039720634,0.3561512341,0.7844455584,0.4540165092
4.027518311,1304.735006,0.4509621871,0.3078362787,0.7714861649,0.3990172381
11.18918949,1627.178264,0.3958308894,0.4054309469,0.8167686931,0.496384044
11.79139406,1508.104691,0.382353499,0.3869580804,0.8023015233,0.4823100408
20.87518282,1490.318488,0.2064361897,0.3784625817,0.7999420913,0.4731124737
18.63256347,1209.033819,0.4640696097,0.3003257991,0.7533981305,0.3986282776
19.25665756,1555.393507,0.2731940764,0.3888788797,0.808312174,0.4810998674
8.893333857,1556.341403,0.6520570711,0.4288559304,0.8084289222,0.5304806874
10.92267982,1680.720724,0.4574400003,0.4199119725,0.8226058644,0.5104655712
9.799911174,1380.566953,0.1815185887,0.3442488738,0.7840380003,0.4390716696
19.14127408,1217.6495,0.3259660756,0.3042625404,0.755143003,0.4029204259
16.48071334,1674.88705,0.04352595819,0.3957335981,0.8219879961,0.4814347655
16.77407618,1199.305816,0.262762529,0.3043958642,0.7513978536,0.4051061135
12.9038115,1654.780587,0.5410594931,0.4274906013,0.8198250557,0.5214412493
9.246367259,1132.509961,0.1824160411,0.2918108873,0.7367352074,0.3960865239
12.68142727,1427.524639,0.1799889674,0.3608966869,0.7911419588,0.4561718449
13.64701417,1547.723346,0.8779999408,0.4301639544,0.8073622132,0.5328016934
4.817644716,1336.357935,0.02665279828,0.2605398308,0.776893606,0.3353610182
6.456367249,1122.062701,0.5608404344,0.3140051408,0.7342840112,0.427634452
18.28428002,1295.632079,0.5720258856,0.3295457653,0.7698806591,0.4280478558
4.858624151,1241.030247,0.9438685029,0.4426674489,0.7597560569,0.5826441855
4.38539029,1342.2502,0.4010831563,0.3108392856,0.7778730075,0.3996015835
7.303106207,1254.870973,0.3176715723,0.3234760676,0.7624058517,0.4242832959
17.48454043,1657.034884,0.07423850944,0.3982896373,0.8200701731,0.485677507
21.57017302,1318.010456,0.6600731684,0.3301747175,0.7737878341,0.4266992875
4.158992065,1341.654434,0.05114554697,0.2458962603,0.7777743714,0.3161537192
5.392056563,1365.661294,0.7358076555,0.4083291053,0.7816808595,0.5223731659
16.8191039,1124.37041,0.7544900084,0.2603835681,0.7348293788,0.3543456149
16.94539395,1331.682128,0.3309740653,0.3427747418,0.776110234,0.4416572889
9.008113038,1131.220148,0.57900802,0.3032512248,0.7364350338,0.4117827247
18.6335998,1631.82884,0.03131231371,0.3963328048,0.8172908869,0.4849348147
3.726274054,1165.783383,0.5997079897,0.3138849933,0.7442492282,0.4217471532
13.56717864,1266.164857,0.3368976048,0.3255279445,0.7645251339,0.4257910304
9.021966552,1545.280463,0.6405511828,0.4246808734,0.8070576785,0.5262088259
11.57269655,1130.053968,0.3573597848,0.2870672927,0.7361630432,0.3899506982
15.06716454,1480.521568,0.004678053901,0.3672406672,0.7986182664,0.4598450632
13.56842673,1138.181281,0.02326200937,0.2900425187,0.7380470009,0.3929865149
9.655954122,1379.836924,0.6339044407,0.3852822176,0.7839237414,0.4914792056
16.93204071,1272.652318,0.458839269,0.3259018397,0.7657254886,0.4256118472
3.013414315,1173.835533,0.8604212326,0.3932960672,0.7460035997,0.5272039804
12.41187949,1202.024732,0.8103821864,0.3010373526,0.7519601785,0.400336828
14.66834788,1417.739658,0.4016344542,0.3663293425,0.7897004585,0.4638839178
13.91582209,1372.83094,0.2860136867,0.3543101729,0.782821037,0.4526068617
5.77528657,1140.024339,0.7851064417,0.3526948308,0.738470496,0.4776017901
19.61937451,1357.274517,0.6244558451,0.3445725319,0.7803318368,0.4415717976
16.81728154,1567.573671,0.7217581482,0.4063825404,0.8098016026,0.5018297557
20.45122747,1386.504599,0.7595929375,0.3487653255,0.7849628482,0.4443080667
13.91761927,1614.995025,0.2646568585,0.396932969,0.8153864282,0.4868035023
15.79837666,1665.761895,0.6140599921,0.4299914213,0.8210128345,0.5237328861
9.162594492,1102.774438,0.7984728863,0.2917134089,0.7296364608,0.3998065127
14.55410102,1426.636542,0.9363464975,0.3806049567,0.7910119423,0.4811620866
10.13898267,1606.815342,0.2904734486,0.3859606362,0.814446631,0.4738930968
3.278705867,1234.373918,0.9043078035,0.4383216971,0.7584605478,0.5779096861
12.92039828,1137.645671,0.5129469119,0.286075805,0.737923672,0.3876766878
15.93489947,1374.97762,0.03583459435,0.3525005086,0.783160107,0.4501001844
6.049667598,1191.298801,0.5137469592,0.3275589111,0.7497269368,0.4369042848
6.445554494,1178.766519,0.756593649,0.3567004782,0.7470661108,0.4774684235
15.97202258,1312.802372,0.3769307802,0.3374222373,0.7728904164,0.4365718997
9.203038883,1192.535841,0.3994046914,0.3174856155,0.7499865498,0.4233217457
22.06243892,1640.308451,0.3732079827,0.4026048343,0.8182354058,0.4920403486
23.92631102,1353.98693,0.6572782308,0.3378934541,0.7797984652,0.4333086935
3.902035156,1145.250355,0.7884574575,0.3637741726,0.7396639096,0.4918100882
11.67542145,1639.67523,0.3645414324,0.4046594869,0.8181652107,0.4945938566
16.95769052,1584.481172,0.4508609471,0.4015230685,0.81183115,0.4945893842
13.210423,1579.960994,0.2464949244,0.3892781063,0.8112928097,0.4798244254
18.35552165,1323.696075,0.91103379,0.3292521008,0.7747594742,0.4249733134
13.93573032,1515.25801,0.729752283,0.4081202207,0.80323483,0.5080957716
8.676455043,1539.795565,0.7614341855,0.4465768129,0.8063703996,0.5538110192
5.867685549,1456.482489,0.2468500575,0.3236521927,0.7952944837,0.4069589307
13.40677206,1286.443588,0.7069690721,0.3315855169,0.7682370196,0.4316187692
4.961013435,1262.527321,0.8837014979,0.4274908026,0.7638466946,0.5596552366
6.204413284,1130.010803,0.7231234068,0.3361979319,0.7361529649,0.456695752
4.659675064,1105.905974,0.5089316749,0.2979661327,0.730402035,0.4079481141
13.885584,1154.483448,0.2365022492,0.2943301046,0.7417459725,0.3968071489
12.78158526,1587.674941,0.3339123014,0.3967089019,0.8122096707,0.4884316405
11.81906718,1321.527749,0.5728746922,0.3540564477,0.7743899058,0.457206951
23.31720458,1575.104319,0.07672830142,0.3951778061,0.8107109501,0.4874459955
19.30964394,1629.887808,0.1933475009,0.4012581647,0.8170732988,0.4910920052
13.78155075,1366.772361,0.2510968204,0.3523029939,0.7818583339,0.4505969671
9.284374475,1373.421901,0.3467704303,0.3558543853,0.7829144855,0.4545252283
17.6841839,1358.887692,0.5946297071,0.3455529482,0.7805926114,0.4426802703
11.41610877,1221.155711,0.2613595667,0.3173159886,0.7558460422,0.4198156382
7.734600858,1444.616356,0.6835365755,0.4133662193,0.7936130248,0.5208662237
11.61317948,1107.866145,0.1721092152,0.2816280531,0.7308790405,0.3853278552
15.07083981,1455.481354,0.4788677465,0.3766191066,0.7951536795,0.4736431665
9.779620493,1615.94516,0.4639891964,0.409170041,0.8154949764,0.5017444041
19.79609591,1381.26575,0.1128490441,0.3561562261,0.7841472577,0.4541955897
21.69159559,1230.68359,0.6114524216,0.2959137167,0.7577362675,0.3905233646
3.170301468,1270.164614,0.1238789169,0.2145816829,0.765266646,0.2804011962
13.41470949,1481.756307,0.7478151574,0.4025071369,0.7987860767,0.5038985388
14.6551014,1300.603581,0.7607479323,0.3265659099,0.7707602806,0.4236932263
14.96024369,1597.13747,0.7318438987,0.4250823826,0.8133222683,0.5226493841
14.51225895,1440.393025,0.4460189708,0.3735368039,0.7930078841,0.4710379448
22.55049239,1671.877685,0.5348372251,0.4079860237,0.8216675761,0.4965341648
16.89042248,1617.666223,0.7350762513,0.4205775354,0.8156912744,0.5156087218
11.75569065,1337.647594,0.5643889966,0.3591019231,0.7771087083,0.4620999858
16.67760392,1499.546097,0.5701259792,0.3842869547,0.8011731679,0.4796552981
21.13528125,1491.329473,0.6962277232,0.3727125528,0.8000777123,0.4658454386
3.986772253,1110.520166,0.1371583668,0.2333144752,0.73152221,0.3189438024
16.61643153,1349.959112,0.2126176321,0.3476294764,0.7791414589,0.4461699123
9.291372705,1347.775315,0.03483378742,0.32458211,0.7787836024,0.4167808734
22.16305143,1499.010592,0.3588415212,0.379667361,0.8011021392,0.4739312785
7.02763894,1249.364161,0.9349613177,0.4055479857,0.76135861,0.5326635574
17.73610971,1525.5728,0.7307287123,0.3883623737,0.8045652099,0.4826984425
6.882569301,1422.506084,0.3208319626,0.3453667277,0.7904051144,0.4369490043
9.514232992,1371.235245,0.2732680238,0.3494665672,0.7825683076,0.4465636595
19.22422698,1332.542732,0.3724913691,0.3421878813,0.77625483,0.4408190044
10.73862277,1501.563527,0.7733049699,0.4279243912,0.8014403023,0.5339441877
20.25914309,1544.842881,0.2134460169,0.386677454,0.8070030269,0.4791524209
21.71375332,1374.948269,0.632269187,0.3477441043,0.7831554781,0.4440294603
18.80630654,1586.840172,0.1980655396,0.3941635569,0.8121108822,0.485356822
13.17413079,1651.620453,0.1379128107,0.3884101299,0.8194803174,0.4739712738
9.264905388,1264.086585,0.1007532887,0.3171717521,0.7641379921,0.4150713031
6.063964952,1232.93155,0.7213951084,0.3710743483,0.7581779783,0.4894290772
21.76592733,1440.124524,0.6364830838,0.3636812612,0.7929692919,0.458632213
5.913474474,1356.316674,0.7247107439,0.4040301185,0.7801767053,0.5178700104
8.236473504,1189.500325,0.638489041,0.3345827042,0.7493485342,0.44649811
5.407161259,1346.468682,0.3222579288,0.3175257245,0.7785689308,0.4078325142
9.779223912,1418.390095,0.9132878306,0.4288641958,0.7897968965,0.5430056736
23.49314757,1258.183376,0.05565500675,0.3084996056,0.7630313629,0.4043078969
9.904179677,1481.887404,0.5171496015,0.3948455588,0.7988038773,0.4942959968
5.694133294,1154.135237,0.5154452041,0.3174262139,0.7416680556,0.4279895992
21.67185762,1345.135437,0.4250666274,0.3426837206,0.7783494571,0.4402697496
18.19827852,1640.995447,0.6799537602,0.41836505,0.8183115008,0.5112540269
15.75183496,1302.971104,0.9097496317,0.3239965224,0.7711768134,0.4201326035
5.744713433,1464.887069,0.05312001653,0.2927790111,0.7964689522,0.3675962638
14.26579728,1254.122455,0.3774269177,0.3222793718,0.7622640447,0.4227923041
16.83191462,1665.929679,0.2869803151,0.409076025,0.8210308612,0.4982468313
19.06831018,1586.861078,0.08412616808,0.3924583825,0.8121133575,0.4832556673
22.64542111,1574.090279,0.09899718283,0.39437757,0.8105890088,0.4865320966
11.01983614,1334.438784,0.04377074306,0.3333725201,0.7765727408,0.42928692
7.380909074,1491.745167,0.6468436483,0.4156125458,0.8001334232,0.5194290523
20.58430036,1412.424346,0.2406321369,0.3625832807,0.7889090478,0.4596008649
17.83788031,1500.083254,0.02399752262,0.3769095608,0.8012443648,0.4704052563
11.95256956,1397.708644,0.5112664774,0.3725939858,0.7866865879,0.4736244288
21.46039864,1651.416361,0.3403424761,0.4058772999,0.8194580076,0.4952996934
8.636881318,1383.081663,0.4340855133,0.3651276506,0.7844306609,0.4654683566
3.742596403,1177.169933,0.3832540806,0.2709722013,0.7467230587,0.3628817915
17.62413494,1616.627878,0.5759423984,0.4111460449,0.8155728947,0.50411931
15.25144805,1504.339167,0.7632088748,0.3980156417,0.8018066627,0.4963985213
12.84670683,1393.782455,0.5921880574,0.3718066111,0.7860856987,0.4729848307
19.85940062,1479.712163,0.0801081073,0.3761986524,0.7985081103,0.4711269022
21.07364265,1592.073648,0.04676426121,0.3952104748,0.8127285126,0.4862761287
23.86142756,1624.123753,0.06818339815,0.4030979181,0.8164240875,0.4937359447
4.051319807,1284.657303,0.2592880323,0.2701926949,0.7679147588,0.3518524573
13.40265345,1645.307532,0.6042292647,0.4314786571,0.818787677,0.5269725831
22.35899767,1465.63211,0.6158266276,0.3695917648,0.7965724154,0.4639776092
10.11453043,1552.33174,0.09544208166,0.3578144509,0.8079340953,0.4428757903
16.768153,1485.300271,0.8538159947,0.3820964898,0.7992661782,0.478059125
14.15219978,1580.376684,0.7651543176,0.427461874,0.8113424457,0.5268575264
21.58909616,1386.991321,0.2452218505,0.3561884041,0.7850383088,0.4537210478
17.3380406,1544.823864,0.3097974853,0.3889774629,0.807000651,0.4820039022
5.784051726,1318.675426,0.3261439338,0.3204702046,0.7739019063,0.414096673
18.18433273,1227.800546,0.0138801893,0.3128472547,0.7571673992,0.4131810945
14.86605198,1329.736081,0.3032182787,0.3412978842,0.775782575,0.4399401265
14.2946347,1152.640394,0.06583007728,0.2938219175,0.7413330284,0.3963426777
13.1762629,1311.337411,0.7344351777,0.343948135,0.7726367009,0.4451615289
11.59985068,1220.336698,0.6576129585,0.3195711185,0.7556821815,0.4228909009
14.63130688,1530.766732,0.01688720425,0.3725672514,0.8052283253,0.4626852281
9.182273145,1519.535686,0.5617519255,0.4074465611,0.8037887477,0.5069075205
6.960156638,1500.984582,0.5123568986,0.3885709859,0.8013637157,0.484887172
6.069869469,1465.320498,0.9235482809,0.490679878,0.7965291549,0.6160224959
11.70238812,1187.891695,0.4935952651,0.3053710981,0.7490091048,0.407700115
13.19254846,1411.071828,0.8873661918,0.3868335267,0.7887067164,0.4904656175
4.35968817,1310.504771,0.1027055583,0.2571410058,0.7724922437,0.3328719582
13.86351895,1598.920961,0.2357725417,0.3924919682,0.8135304951,0.4824551391
20.47237197,1200.218479,0.4545767125,0.2892484105,0.7515868943,0.3848502584
17.24542425,1629.324898,0.6425493871,0.4180678106,0.8170101001,0.5117045806
23.42685742,1570.497017,0.7152015772,0.3878766793,0.8101556407,0.478768103
5.813277402,1279.392457,0.6695792773,0.373795583,0.7669597015,0.4873731726
16.06116792,1576.199037,0.8152639205,0.4170592778,0.8108424171,0.5143530592
23.24148062,1360.071597,0.1163806343,0.3476001719,0.7807835995,0.4451939976
10.41659004,1613.900767,0.4986521986,0.4152533035,0.8152612564,0.5093499786
11.39506645,1237.9449,0.08969256709,0.3183193558,0.7591572937,0.4193061944
12.42101481,1432.919479,0.2442174766,0.3648680902,0.7919282945,0.4607337467
17.12532456,1446.80585,0.8765897306,0.3641942853,0.7939253564,0.4587261036
20.38350151,1394.332868,0.8796951386,0.3476864603,0.7861701414,0.4422534538
11.35180001,1334.484563,0.1485530344,0.3400304858,0.7765804054,0.4378561234
13.84444617,1502.401052,0.4888266897,0.3916978103,0.8015509909,0.4886748501
17.69727612,1605.870506,0.3150554682,0.4004575825,0.8143374582,0.4917587647
13.30614658,1317.403537,0.3980162011,0.3425180757,0.7736836196,0.4427107762
20.36002379,1232.229304,0.5664074494,0.3025827652,0.7580401643,0.3991645554
18.08838298,1308.796976,0.6656788077,0.3315625521,0.7721953783,0.4293765042
22.78536723,1630.37868,0.2307922378,0.4021385276,0.8171283742,0.4921362914
15.18627839,1697.41264,0.1177227982,0.398756072,0.8243503123,0.4837216242
21.22756403,1198.592749,0.4977878345,0.2840342437,0.7512499553,0.3780822104
5.383899305,1156.279365,0.7825371697,0.3615926337,0.7421470892,0.4872250244
10.3223919,1348.12064,0.1028048728,0.3359209882,0.7788402676,0.4313092198
15.91511944,1252.270822,0.06802473214,0.324100543,0.7619125234,0.4253776294
17.10224475,1194.595809,0.6845877099,0.2944576306,0.7504176746,0.3923916515
6.779081508,1349.23745,0.684775795,0.3933048888,0.779023329,0.5048692051
8.682418911,1237.53485,0.05752962558,0.3065028143,0.7590774919,0.4037832995
22.85860479,1632.622557,0.609739627,0.3985223033,0.817379713,0.4875607958
7.803574172,1201.309807,0.4211313056,0.3229074414,0.7518125646,0.4295052472
9.959263983,1430.714384,0.7326930519,0.4083900667,0.7916076029,0.5158996265
7.705853949,1136.447375,0.7192044766,0.3240547888,0.7376473328,0.4393085617
15.33948351,1445.440341,0.9141087958,0.3799774214,0.7937306774,0.4787233657
12.64095851,1560.292428,0.9424007707,0.4494976718,0.8089140249,0.5556804036
17.61358665,1319.883234,0.7744854121,0.3322085534,0.7741088057,0.4291496892
5.461162392,1280.817026,0.4089038136,0.3240579891,0.7672188971,0.422380093
6.177310404,1198.90858,0.1029473979,0.2817955652,0.751315484,0.3750695562
23.73770738,1414.319798,0.006364652987,0.3625547406,0.789191949,0.4593999483
6.94492598,1200.658645,0.2449840786,0.3039318307,0.7516779633,0.4043378223
22.29440851,1446.915841,0.5601356303,0.3664817698,0.7939410216,0.4615982294
4.244152072,1130.245283,0.4005879461,0.2794323787,0.7362077024,0.3795564455
10.20945006,1382.629608,0.02176774901,0.3340834417,0.7843601799,0.4259311606
16.34650553,1219.535321,0.1456013471,0.3132820259,0.7555216361,0.4146565908
17.79910113,1331.333391,0.5720468186,0.3394315996,0.776051587,0.4373827787
16.68339219,1220.189127,0.290429635,0.3118413954,0.7556526334,0.4126782355
8.668396554,1391.649081,0.03358815466,0.3242957058,0.7857577718,0.4127171469
15.27782184,1640.973604,0.1226249237,0.3934229817,0.8183090824,0.4807755287
9.807290735,1206.153576,0.5747922687,0.3265467538,0.7528092559,0.4337709071
22.74356253,1489.369586,0.3024238996,0.3785388762,0.7998146311,0.4732832602
13.07910138,1115.993182,0.6871250276,0.2737026403,0.7328388697,0.3734827008
12.6406718,1486.485929,0.5856510672,0.3972728137,0.7994262884,0.4969473978
9.800758303,1235.287135,0.6065531734,0.3383948494,0.7586391118,0.446055106
15.55418046,1492.027465,0.3580681328,0.3811168475,0.8001712388,0.4762941093
13.81367826,1582.231036,0.2120835236,0.388441825,0.8115635497,0.4786338977
3.846604818,1245.362256,0.7175909369,0.3650750332,0.7605917486,0.479988159
15.99275119,1690.23206,0.1157055369,0.4003605958,0.8236041032,0.4861080636
10.90339553,1157.601026,0.7340005956,0.2973958029,0.7424414861,0.400564635
15.2026825,1191.065954,0.5520437349,0.300464228,0.7496780098,0.4007910384
22.18085421,1226.273044,0.5076466054,0.2938009633,0.7568649157,0.3881815066
23.58565293,1292.439395,0.2815485978,0.3218454546,0.7693122006,0.4183548036
23.66585488,1310.978574,0.07575617599,0.3301392861,0.7725744677,0.4273235784
11.95666451,1607.760935,0.5150814873,0.4171095087,0.8145557629,0.5120699254
19.15033794,1318.312629,0.1044789479,0.3403458725,0.7738396847,0.4398144464
12.74467013,1652.011799,0.07916502233,0.3811081083,0.8195230808,0.4650364551
4.630692022,1238.150676,0.7788062259,0.3886931085,0.7591973208,0.5119790309
18.38364192,1513.918307,0.2111217807,0.3809238326,0.8030607077,0.4743400205
21.19541799,1271.74768,0.6584741738,0.3143421865,0.7655588411,0.4106048674
16.82744729,1448.724957,0.6388625276,0.3683601268,0.7941983408,0.4638137703
11.38425644,1516.632699,0.9292051602,0.446558617,0.8034131796,0.5558268502
20.02629046,1554.355412,0.2512065869,0.3879215152,0.8081841529,0.4799914893
8.617944656,1406.313855,0.06582308219,0.3285718312,0.7879918491,0.416973642
23.14191922,1577.022666,0.7143306692,0.388736754,0.8109412081,0.4793649035
22.86631572,1374.342785,0.5392552651,0.3480634041,0.7830599445,0.4444913912
17.62199626,1225.166571,0.747376118,0.3033734899,0.7566453353,0.4009454308
9.852369038,1588.095035,0.3108549832,0.3849549565,0.8122593463,0.4739310889
16.82368623,1564.47199,0.1355277186,0.3874924678,0.8094245203,0.4787258826
21.68909727,1314.819441,0.3515636793,0.333987105,0.773238826,0.4319326626
10.19791038,1304.422968,0.2531173512,0.3374520513,0.7714315009,0.4374361831
13.87166262,1596.450826,0.325392685,0.3987615437,0.8132419771,0.4903356627
15.106343,1381.955973,0.2929981958,0.3549349941,0.7842550661,0.4525759659
20.56343352,1189.939327,0.2696119112,0.286035651,0.7494410066,0.3816653325
3.833905779,1276.588306,0.01949694678,0.2271161724,0.7664478058,0.2963230773
8.825492586,1400.793445,0.5966133736,0.3884940049,0.7871563427,0.493541097
15.8951656,1238.264239,0.8712589971,0.3071415394,0.7592194052,0.4045491163
16.48721088,1684.189946,0.9340780162,0.4536212754,0.8229712742,0.5511994034
22.05007488,1624.659883,0.4230651062,0.3987944817,0.8164846667,0.4884286234
13.58594324,1371.199948,0.6614919151,0.3623028081,0.7825627105,0.4629696806
15.65066598,1454.749292,0.8881525545,0.3803742139,0.7950505962,0.4784276821
15.92460436,1509.183621,0.4506308318,0.3868628229,0.8024428599,0.4821063807
