m (kg/s),T_i (K),P,B,A
0.05693456765,339.2116024,0.4903567009,0.8,0.6129458762
0.01540293023,353.8256624,0.3875190901,0.8,0.4843988626
0.06549460371,323.250618,0.5818402719,0.8,0.7273003398
0.02962145116,313.6386267,0.6234900408,0.8,0.7793625511
0.04824292277,357.7737319,0.3843298605,0.8,0.4804123257
0.006427792565,313.141275,0.5502315015,0.8,0.6877893768
0.07787498783,345.4047416,0.4577856362,0.8,0.5722320453
0.03583427557,356.2467891,0.3898485774,0.8,0.4873107217
0.06006443134,311.2997975,0.6484357086,0.8,0.8105446357
0.04855874932,345.8007438,0.4516942279,0.8,0.5646177848
0.07703428791,317.2715543,0.6171921391,0.8,0.7714901738
0.03049543858,356.3484158,0.3872176484,0.8,0.4840220605
0.04647540403,347.2646636,0.4430177919,0.8,0.5537722399
0.02816551068,343.6794749,0.4561507697,0.8,0.5701884622
0.07712546055,326.1428757,0.5669133861,0.8,0.7086417327
0.0276835781,345.9391396,0.4433546892,0.8,0.5541933615
0.07308636462,352.4192536,0.41763185,0.8,0.5220398125
0.04573084546,357.3711485,0.3861123636,0.8,0.4826404545
0.05488742639,302.8708387,0.6948308975,0.8,0.8685386219
0.01157531584,352.3350838,0.3865245981,0.8,0.4831557476
0.04837400536,325.3361866,0.5666898296,0.8,0.7083622871
0.06180893696,342.1046678,0.4747576628,0.8,0.5934470785
0.02520593564,351.8509159,0.4090987845,0.8,0.5113734807
0.04543063691,302.8453993,0.6921011408,0.8,0.865126426
0.0136068909,308.8486588,0.6227588845,0.8,0.7784486056
0.01582696667,353.899922,0.3878454939,0.8,0.4848068674
0.05564274422,348.2956807,0.4389242519,0.8,0.5486553149
0.05016565972,356.2323635,0.3933347766,0.8,0.4916684707
0.07918902125,332.5886673,0.5305702499,0.8,0.6632128123
0.07897732932,317.9314043,0.613666318,0.8,0.7670828975
0.05835931795,305.2395076,0.6822885841,0.8,0.8528607301
0.03601264922,334.9134345,0.5089008116,0.8,0.6361260145
0.07980479158,354.1725158,0.4082155195,0.8,0.5102693994
0.04177956232,328.9447213,0.5444632182,0.8,0.6805790228
0.05583132788,307.4977467,0.668977756,0.8,0.836222195
0.04426471236,331.4115662,0.5314246021,0.8,0.6642807526
0.03492443154,356.2156077,0.3897137934,0.8,0.4871422418
0.02338928559,340.5699129,0.4696420824,0.8,0.5870526029
0.05616613604,327.5905603,0.555756572,0.8,0.694695715
0.05796184186,357.58371,0.3868645729,0.8,0.4835807161
0.0649045745,300.0212414,0.7130814984,0.8,0.8913518729
0.02759663962,305.8994497,0.6645865351,0.8,0.8307331689
0.05339551908,333.7361706,0.520576757,0.8,0.6507209463
0.03224005124,357.6635732,0.3806558621,0.8,0.4758198276
0.03776018991,336.58006,0.5003046952,0.8,0.625380869
0.04119196229,336.7150133,0.5007539732,0.8,0.6259424665
0.01029137303,319.7233143,0.5509417541,0.8,0.6886771926
0.04005190855,299.0221616,0.7112632058,0.8,0.8890790072
0.05977096048,337.2554491,0.5018471582,0.8,0.6273089477
0.06475898976,357.4980457,0.3881159503,0.8,0.4851449379
0.04167645436,345.6215303,0.4510244546,0.8,0.5637805683
0.0495690166,309.6892145,0.6550002892,0.8,0.8187503615
0.02511347675,335.4372137,0.4993952941,0.8,0.6242441177
0.03761363802,357.4868691,0.3834838362,0.8,0.4793547953
0.03314222521,352.1626221,0.4116088035,0.8,0.5145110044
0.01588568606,320.721639,0.5660918782,0.8,0.7076148478
0.04482108957,316.5247035,0.6151190259,0.8,0.7688987824
0.03940678031,299.5548374,0.7079673727,0.8,0.8849592158
0.07337201386,352.9079048,0.4148881893,0.8,0.5186102366
0.06588896076,349.8291651,0.4315961436,0.8,0.5394951795
0.05501607335,357.8741284,0.3848370965,0.8,0.4810463707
0.02066004457,331.053826,0.5186842934,0.8,0.6483553667
0.07496000741,315.7287671,0.625691441,0.8,0.7821143012
0.02461219306,335.8319003,0.4967854197,0.8,0.6209817746
0.02740707286,321.298153,0.5793251214,0.8,0.7241564017
0.06689010637,319.8019787,0.6015501249,0.8,0.7519376561
0.04962279271,356.9897711,0.3889811627,0.8,0.4862264534
0.0112943162,305.972497,0.6278586253,0.8,0.7848232817
0.05286980106,343.6769872,0.4644845556,0.8,0.5806056945
0.06528641542,338.8927713,0.4933660798,0.8,0.6167075998
0.005506919112,324.0184428,0.4840909927,0.8,0.6051137409
0.06126204625,303.2931156,0.693887823,0.8,0.8673597787
0.05422445946,323.2681837,0.5797254005,0.8,0.7246567506
0.06680532682,310.108923,0.6563645859,0.8,0.8204557324
0.06710870734,325.4836742,0.5694423621,0.8,0.7118029526
0.06271543393,320.8099124,0.5952003348,0.8,0.7440004186
0.02088209825,352.485404,0.4020133832,0.8,0.5025167289
0.05433146443,303.6892102,0.690077717,0.8,0.8625971462
0.06668776934,347.4493116,0.4451428266,0.8,0.5564285332
0.007619825304,324.1636141,0.5093269014,0.8,0.6366586267
0.07695975326,305.2072921,0.6855705946,0.8,0.8569632433
0.03865399587,315.5797583,0.6180169921,0.8,0.7725212402
0.0491197466,334.9325655,0.5129229111,0.8,0.6411536388
0.03377903445,349.8659813,0.4246483712,0.8,0.530810464
0.01988471088,329.964028,0.5235595917,0.8,0.6544494896
0.03272084523,329.6755774,0.5364825072,0.8,0.670603134
0.05987106509,353.1602594,0.4120704161,0.8,0.5150880202
0.02599951666,356.2892733,0.3851663007,0.8,0.4814578759
0.006712699526,333.5467743,0.45398285,0.8,0.5674785625
0.02966976686,324.9081679,0.5610725737,0.8,0.7013407171
0.07202022892,320.1867193,0.6000729693,0.8,0.7500912116
0.03479777336,321.7468005,0.581727365,0.8,0.7271592062
0.04640409928,299.1430345,0.7132417377,0.8,0.8915521722
0.07309379858,321.5175806,0.5926685892,0.8,0.7408357365
0.07109227945,303.1425495,0.696456363,0.8,0.8705704537
0.01155425264,321.8997208,0.5458047995,0.8,0.6822559994
0.03007378398,315.6604386,0.6126240464,0.8,0.765780058
0.04757076559,330.7459284,0.5360764597,0.8,0.6700955746
0.07544414567,330.9682457,0.5393889465,0.8,0.6742361831
0.02031343199,335.3895465,0.4945942363,0.8,0.6182427954
0.02829449318,354.7393616,0.3950471344,0.8,0.493808918
0.06703455997,356.6990107,0.3928585021,0.8,0.4910731276
0.02691020236,332.230504,0.5185425484,0.8,0.6481781855
0.02271067422,330.5826082,0.5237248191,0.8,0.6546560239
0.02386916077,300.820593,0.6884171759,0.8,0.8605214698
0.05663474707,354.2092849,0.4057243578,0.8,0.5071554473
0.02417708148,338.3095156,0.482774758,0.8,0.6034684475
0.01084078469,307.9789629,0.6149475481,0.8,0.7686844351
0.02849852817,298.4184219,0.7068115688,0.8,0.883514461
0.0681555956,326.5441872,0.5635844955,0.8,0.7044806193
0.02340464319,319.0325535,0.58785158,0.8,0.734814475
0.01956504195,304.9541852,0.6591080292,0.8,0.8238850365
0.03083855923,299.244221,0.7042770756,0.8,0.8803463445
0.07503466032,328.1754187,0.5551717396,0.8,0.6939646745
0.02223244505,353.3603178,0.3984904896,0.8,0.498113112
0.05586510593,317.0095115,0.615356401,0.8,0.7691955013
0.02505768365,316.3411747,0.6044653772,0.8,0.7555817215
0.05552263668,315.0183033,0.6265076132,0.8,0.7831345165
0.06642665691,299.5632167,0.7159475316,0.8,0.8949344145
0.01336204164,317.6091907,0.5754185882,0.8,0.7192732352
0.05573186939,322.3757319,0.58507318,0.8,0.731341475
0.07109408867,337.8670936,0.4998495277,0.8,0.6248119096
0.01121311894,327.3383932,0.5158818037,0.8,0.6448522547
0.05107552413,327.9810922,0.5524818973,0.8,0.6906023716
0.03476795392,316.4227192,0.611376367,0.8,0.7642204587
0.04375743577,321.6915754,0.585780351,0.8,0.7322254388
0.05192414397,351.9590143,0.4176832666,0.8,0.5221040832
0.06896045223,304.9480695,0.6859070959,0.8,0.8573838699
0.04427203479,344.1904053,0.4597450141,0.8,0.5746812677
0.0678305586,342.1821747,0.4750658771,0.8,0.5938323464
0.05475390279,338.2901813,0.4951749447,0.8,0.6189686808
0.03456912455,357.6408151,0.3816494168,0.8,0.477061771
0.01497145566,331.6702338,0.5052133333,0.8,0.6315166666
0.02602257293,333.8182212,0.5090757895,0.8,0.6363447369
0.04555133764,305.9611422,0.6746556207,0.8,0.8433195259
0.01859883761,306.2629245,0.6501247978,0.8,0.8126559972
0.06863962078,316.2808217,0.6217265498,0.8,0.7771581872
0.03437503128,301.2968316,0.6954055273,0.8,0.8692569092
0.04387118502,325.1238643,0.566569448,0.8,0.7082118101
0.06257266565,339.4799141,0.4896902226,0.8,0.6121127783
0.04830972617,337.6357961,0.4975369013,0.8,0.6219211266
0.07992990493,353.5207097,0.4119210446,0.8,0.5149013058
0.04100261828,346.2811491,0.4471377042,0.8,0.5589221303
0.04084233992,320.8164788,0.5896375415,0.8,0.7370469269
0.03965475762,329.6980782,0.5394884562,0.8,0.6743605703
0.01022289455,316.738073,0.5660044591,0.8,0.7075055739
0.01445365702,311.1202057,0.6135235253,0.8,0.7669044066
0.0270098107,319.4686749,0.5890900019,0.8,0.7363625024
0.06235483291,347.4995247,0.4443518894,0.8,0.5554398618
0.01407331122,344.6552851,0.4337901072,0.8,0.5422376341
0.0790637131,338.7001333,0.4959023036,0.8,0.6198778796
0.03700007946,319.9455029,0.5928676243,0.8,0.7410845303
0.04499141111,309.6812028,0.6535788755,0.8,0.8169735944
0.03355849247,313.2400868,0.6283997468,0.8,0.7854996834
0.06650567886,351.0101458,0.424983121,0.8,0.5312289013
0.07043597337,305.782964,0.6814088094,0.8,0.8517610117
0.03149692925,318.4494793,0.5981362036,0.8,0.7476702545
0.03395962267,338.5517937,0.4877143528,0.8,0.609642941
0.06788095583,335.4079144,0.5133988504,0.8,0.641748563
0.01979136683,346.8501303,0.4315345694,0.8,0.5394182118
0.02762886892,328.926403,0.5373485529,0.8,0.6716856912
0.0586418578,353.5666364,0.4096193036,0.8,0.5120241295
0.02792540015,299.2560732,0.7016273269,0.8,0.8770341586
0.01602804747,345.6101701,0.4327143099,0.8,0.5408928874
0.01340016871,306.4888023,0.6345168473,0.8,0.7931460592
0.05005186014,333.8185615,0.5194021061,0.8,0.6492526326
0.04006859461,321.8877652,0.583339834,0.8,0.7291747925
0.05954790641,356.0611477,0.3956539539,0.8,0.4945674424
0.01146856324,339.4930614,0.4533819738,0.8,0.5667274673
0.01916342553,298.2389071,0.6948242079,0.8,0.8685302598
0.01236781515,312.3470201,0.5994475914,0.8,0.7493094892
0.02882218247,338.1514038,0.4871548444,0.8,0.6089435555
0.0564976211,342.9978505,0.4689315595,0.8,0.5861644493
0.007280854086,322.7109011,0.513289829,0.8,0.6416122863
0.007466134783,341.3505229,0.4222981305,0.8,0.5278726631
0.0171989797,324.8183734,0.5469161928,0.8,0.683645241
0.06471081234,335.9198078,0.5100996268,0.8,0.6376245335
0.03404928233,336.1367679,0.5012026269,0.8,0.6265032837
0.0790531411,329.4802,0.5481848006,0.8,0.6852310007
0.06365345804,329.8884128,0.5440441673,0.8,0.6800552091
0.06893853141,347.5553428,0.4447813722,0.8,0.5559767152
0.02827812619,315.0174527,0.6147770112,0.8,0.7684712639
0.01444948307,356.5123003,0.3714120454,0.8,0.4642650568
0.02523429503,353.1343565,0.402051462,0.8,0.5025643275
0.02829554777,318.0550314,0.5979874935,0.8,0.7474843669
0.051204978,307.6060067,0.6671863205,0.8,0.8339829007
0.05209625221,336.1303727,0.5068311976,0.8,0.633538997
0.06644811036,335.7038838,0.511546438,0.8,0.6394330475
0.02043609728,311.5698451,0.6245978424,0.8,0.7807473029
0.04480643203,336.9897127,0.5002837296,0.8,0.6253546621
0.006523614593,327.2339408,0.4827593319,0.8,0.6034491648
0.05302598598,332.4125995,0.5279572585,0.8,0.6599465732
0.006408653882,337.7783673,0.4300678435,0.8,0.5375848044
0.01502172997,317.1365115,0.5830696785,0.8,0.7288370981
0.02194220793,320.8790986,0.5759394834,0.8,0.7199243543
0.07763691131,353.2299998,0.413402466,0.8,0.5167530825
0.009817618503,342.5089684,0.4308392693,0.8,0.5385490866
0.05540563507,309.1029851,0.659827927,0.8,0.8247849088
0.0524463943,298.5234842,0.7186672596,0.8,0.8983340744
0.06371606938,344.673265,0.4604920041,0.8,0.5756150051
0.05312094713,357.9279146,0.3842614802,0.8,0.4803268503
0.03594722113,312.2479411,0.6352897971,0.8,0.7941122464
0.03855494857,340.0893749,0.4809890516,0.8,0.6012363146
0.03166712005,356.0221275,0.3895413396,0.8,0.4869266745
0.06502508616,333.2342007,0.5253251392,0.8,0.656656424
0.05810378828,353.3430306,0.4108102584,0.8,0.5135128231
0.07087517668,325.6943059,0.5687436568,0.8,0.710929571
0.045533463,314.195106,0.6284300335,0.8,0.7855375419
0.06098762315,323.0714552,0.5821342532,0.8,0.7276678165
0.07829390688,314.2225208,0.6346211461,0.8,0.7932764326
0.05152984469,350.2993351,0.4269582367,0.8,0.5336977958
0.0357012368,302.3464484,0.6903713203,0.8,0.8629641504
0.02742488782,332.8373574,0.5155822303,0.8,0.6444777878
0.01368010103,314.1357065,0.5949402022,0.8,0.7436752527
0.0265087233,318.5403416,0.593765021,0.8,0.7422062762
0.06414419247,353.4582233,0.4108880747,0.8,0.5136100933
0.0543390813,303.0486591,0.6936892368,0.8,0.867111546
0.07502389088,299.9912228,0.7148756357,0.8,0.8935945446
0.02007518812,332.0077989,0.5126991459,0.8,0.6408739323
0.03794103735,342.7531142,0.465888376,0.8,0.58236047
0.06708761184,344.9022501,0.4595943377,0.8,0.5744929221
0.01595106823,335.3462693,0.4877009917,0.8,0.6096262396
0.07437178716,312.2513781,0.6453211691,0.8,0.8066514614
0.03160918376,355.2429802,0.393844496,0.8,0.49230562
0.03611786037,324.986293,0.5643223047,0.8,0.7054028808
0.04474154567,308.8956714,0.6578978411,0.8,0.8223723014
0.06038540556,349.4614845,0.4330195717,0.8,0.5412744646
0.01994348549,331.5397968,0.5150648176,0.8,0.6438310221
0.01863730225,342.1560443,0.4555377686,0.8,0.5694222108
0.04565518263,355.5036205,0.3965806479,0.8,0.4957258099
0.06598814724,351.1693037,0.4240282136,0.8,0.530035267
0.07577945684,330.1483297,0.5440703031,0.8,0.6800878788
0.008660535566,302.9647251,0.6254746528,0.8,0.781843316
0.02737405771,355.8725579,0.3882768271,0.8,0.4853460338
0.018456049,336.1112209,0.4880441261,0.8,0.6100551576
0.0398808001,358.063753,0.3808889281,0.8,0.4761111601
0.0742493687,323.687302,0.5805139849,0.8,0.7256424811
0.07588928031,329.9171832,0.5453916858,0.8,0.6817396072
0.05849549376,309.1519343,0.6602398629,0.8,0.8252998287
0.01536544545,331.7990128,0.5054534832,0.8,0.631816854
0.01287178193,346.8205285,0.4192771191,0.8,0.5240963988
0.01430740294,315.699871,0.5886507602,0.8,0.7358134502
0.06126303037,302.0681346,0.7008066383,0.8,0.8760082979
0.04259990453,316.8881441,0.6123019474,0.8,0.7653774342
0.01671510915,345.2726641,0.4357281164,0.8,0.5446601455
0.04107436418,352.1089911,0.4145303785,0.8,0.5181629732
0.01285875646,322.0807847,0.5499868954,0.8,0.6874836193
0.06806886963,345.6130173,0.4556808962,0.8,0.5696011202
0.04972081677,339.8636473,0.485325497,0.8,0.6066568712
0.03591332169,343.5887376,0.4604730413,0.8,0.5755913016
0.04283928482,319.5391438,0.5975312883,0.8,0.7469141103
0.06036272033,326.7934996,0.5610098991,0.8,0.7012623738
0.04391397379,310.8411792,0.6466845235,0.8,0.8083556544
0.06575261497,316.5062529,0.6200166537,0.8,0.7750208171
0.05949497547,304.8330696,0.6848270056,0.8,0.856033757
0.01370903782,324.9566429,0.5375559149,0.8,0.6719448936
0.06393835926,326.414301,0.5637220729,0.8,0.7046525912
0.02590478207,304.4357197,0.6709504437,0.8,0.8386880546
0.01849292755,338.9725138,0.4725899158,0.8,0.5907373948
0.0696900756,353.2758378,0.4124786827,0.8,0.5155983533
0.01576176365,320.5237978,0.5668525119,0.8,0.7085656399
0.0169259539,321.3010449,0.5653290024,0.8,0.706661253
0.06037076195,312.1474199,0.6437095722,0.8,0.8046369652
0.07766542572,323.0036249,0.5847666837,0.8,0.7309583546
0.02185307059,357.181555,0.3772520328,0.8,0.471565041
0.01139032751,316.3039863,0.5743387938,0.8,0.7179234923
0.03302790442,351.7667195,0.4137642698,0.8,0.5172053373
0.008156358633,342.1530954,0.4233034184,0.8,0.5291292729
0.07643550568,320.4976567,0.5988378429,0.8,0.7485473036
0.07511515942,330.069778,0.544445892,0.8,0.680557365
0.03057877585,319.9677263,0.5890933,0.8,0.736366625
0.04237428068,303.2768785,0.6884854048,0.8,0.860606756
0.03244381063,298.1874373,0.7113821913,0.8,0.8892277392
0.01731105226,331.369506,0.5117652764,0.8,0.6397065956
0.01437032814,306.3750563,0.6385574692,0.8,0.7981968365
0.04895929535,309.7083192,0.6547131473,0.8,0.8183914341
0.05641026066,325.3965261,0.5681761448,0.8,0.710220181
0.03113504051,327.7665779,0.5461725988,0.8,0.6827157484
0.0112651968,336.2799191,0.4694053049,0.8,0.5867566311
0.0309886236,344.4810014,0.4533081655,0.8,0.5666352069
0.008755914023,315.4129215,0.5630148055,0.8,0.7037685069
0.05585191251,306.7369051,0.673272345,0.8,0.8415904312
0.04966902062,346.8788992,0.4458573548,0.8,0.5573216934
0.01068297746,351.369031,0.3885877101,0.8,0.4857346376
0.03243317929,304.5912596,0.6757739974,0.8,0.8447174968
0.0713135145,319.9996227,0.6010419489,0.8,0.7513024361
0.05568557891,322.3271806,0.5853373643,0.8,0.7316717054
0.03080745821,327.0796819,0.5497816637,0.8,0.6872270797
0.03745501937,358.1155375,0.3799261044,0.8,0.4749076305
0.03109412235,317.9961796,0.6003850733,0.8,0.7504813416
0.04071129802,334.2891816,0.5141756517,0.8,0.6427195647
0.06645646669,327.6906041,0.556869213,0.8,0.6960865162
0.02783247378,308.5403445,0.6502079069,0.8,0.8127598836
0.04394961237,312.9345853,0.634956904,0.8,0.79369613
0.01746971521,345.0533588,0.4381271553,0.8,0.5476589441
0.06572263121,346.9704745,0.4477432865,0.8,0.5596791081
0.03337167028,348.450707,0.432356647,0.8,0.5404458088
0.03177044339,301.5911384,0.6919680394,0.8,0.8649600493
0.005425264152,306.1744825,0.5670754962,0.8,0.7088443702
0.07422838718,324.0804191,0.5782843249,0.8,0.7228554061
0.0527829239,346.7575252,0.447119882,0.8,0.5588998526
0.07458345859,332.1340613,0.532693107,0.8,0.6658663837
0.07134098964,300.6775196,0.7104512669,0.8,0.8880640837
0.04669633287,349.8059626,0.4287935859,0.8,0.5359919823
0.0625542835,322.7632657,0.5841371022,0.8,0.7301713778
0.01687182547,334.0716696,0.4963705104,0.8,0.620463138
0.01339473468,329.5578874,0.5121738533,0.8,0.6402173166
0.05589580345,315.1244946,0.6259912395,0.8,0.7824890494
0.07036500012,336.3572446,0.508317039,0.8,0.6353962988
0.05660304081,356.677231,0.3918016345,0.8,0.4897520431
0.03311444267,326.4042696,0.5548931566,0.8,0.6936164458
0.07307762649,320.9404035,0.5959359137,0.8,0.7449198922
0.03277033832,337.0279876,0.4956215424,0.8,0.619526928
0.06640638964,350.0801132,0.4302327023,0.8,0.5377908779
0.02261467562,339.8199449,0.4730069837,0.8,0.5912587297
0.01550269697,355.2059951,0.3802938331,0.8,0.4753672914
0.05077360273,298.4260348,0.7187225054,0.8,0.8984031318
0.03266135824,306.1943479,0.6670183619,0.8,0.8337729524
0.04093615136,323.7170157,0.5734359626,0.8,0.7167949532
0.05883189961,311.9035749,0.6447808145,0.8,0.8059760182
0.01819052008,327.0489837,0.5367068833,0.8,0.6708836041
0.01901968392,336.3453416,0.4876191292,0.8,0.6095239115
0.06727999524,348.6415889,0.4384624646,0.8,0.5480780808
0.0500952962,302.8072706,0.6938664324,0.8,0.8673330405
0.06037967273,316.6687754,0.6181816288,0.8,0.772727036
0.02816445594,303.9865036,0.6756946478,0.8,0.8446183098
0.005700209495,309.7418215,0.5552661952,0.8,0.694082744
0.01691544705,321.2306367,0.5656862822,0.8,0.7071078527
0.06549786448,330.0318579,0.5434964854,0.8,0.6793706068
0.01309625987,304.8702762,0.6419086994,0.8,0.8023858742
0.07643853038,329.9521218,0.5452502118,0.8,0.6815627647
0.05038784173,343.4316218,0.4653924361,0.8,0.5817405451
0.04566351304,329.326614,0.5435303114,0.8,0.6794128892
0.03781466177,310.4666597,0.646191396,0.8,0.807739245
0.06234484731,327.319742,0.5583601155,0.8,0.6979501444
0.0615674613,335.3929449,0.5126354474,0.8,0.6407943093
0.01806312376,299.725907,0.6843958198,0.8,0.8554947748
0.01901932098,306.6349937,0.6489389437,0.8,0.8111736797
0.01358537774,346.0337604,0.425288256,0.8,0.5316103199
0.01856716819,351.9461997,0.402353282,0.8,0.5029416025
0.01845030235,317.490489,0.5889647918,0.8,0.7362059897
0.02051557153,355.3872724,0.38581989,0.8,0.4822748625
0.05484676214,351.0190703,0.4234496729,0.8,0.5293120911
0.06255416972,323.1980212,0.5816807062,0.8,0.7271008827
0.03020723704,340.470913,0.4751349475,0.8,0.5939186843
0.0383589352,348.3914009,0.4345266157,0.8,0.5431582696
0.07023117752,313.3088843,0.6387749344,0.8,0.798468668
0.04493193219,332.209414,0.5271421384,0.8,0.658927673
0.07235323741,320.6199811,0.5976612131,0.8,0.7470765164
0.03458743469,355.8519587,0.3916212676,0.8,0.4895265845
0.0796830449,347.3893635,0.4466763488,0.8,0.558345436
0.03804910335,299.2750098,0.7088322918,0.8,0.8860403647
0.04526928725,302.039124,0.6965670591,0.8,0.8707088239
0.05526001596,337.3024944,0.5008330839,0.8,0.6260413549
0.03646454092,320.8102698,0.5877859724,0.8,0.7347324656
0.01532039848,307.8261955,0.6337494557,0.8,0.7921868196
0.07959085228,319.5851168,0.6043533561,0.8,0.7554416951
0.01826931809,355.2213002,0.3842307317,0.8,0.4802884146
0.03259526825,330.9388128,0.5293899808,0.8,0.661737476
0.06008215319,357.4606944,0.3878167979,0.8,0.4847709974
0.03765913209,357.1151821,0.3855732042,0.8,0.4819665052
0.02718406538,349.9011383,0.4211516497,0.8,0.5264395622
0.05446848272,309.7855857,0.6557572714,0.8,0.8196965893
0.05985412703,328.8113244,0.5495317684,0.8,0.6869147105
0.06829123681,344.6841768,0.4609604416,0.8,0.5762005519
0.04872311822,341.3884712,0.4765345723,0.8,0.5956682154
0.02119982244,310.2694349,0.6328916081,0.8,0.7911145102
0.05898784576,305.1979154,0.6826595779,0.8,0.8533244724
0.03589422158,343.4246126,0.4613809776,0.8,0.576726222
0.04816124262,354.2405152,0.4041738747,0.8,0.5052173434
0.0403592435,312.981298,0.633294993,0.8,0.7916187413
0.02928125772,310.387049,0.64123551,0.8,0.8015443874
0.07021493548,337.7785733,0.5002542593,0.8,0.6253178241
0.01757508055,303.1580749,0.6647134782,0.8,0.8308918477
0.06826382645,324.6413555,0.5743656246,0.8,0.7179570308
0.06357888678,346.4250769,0.4505743803,0.8,0.5632179753
0.05498934392,306.65951,0.673501898,0.8,0.8418773725
0.03139127646,324.1532475,0.5663933644,0.8,0.7079917055
0.04784461212,344.4950881,0.4588800782,0.8,0.5736000977
0.01140227622,326.5214837,0.5209668262,0.8,0.6512085328
0.04784424901,311.5453767,0.6440490619,0.8,0.8050613274
0.027990945,300.6044488,0.694235051,0.8,0.8677938138
0.06964677564,324.6187849,0.574676286,0.8,0.7183453575
0.03706921416,320.270241,0.5910872939,0.8,0.7388591173
0.04931267071,309.7072923,0.6548236001,0.8,0.8185295002
0.039193528,314.7595505,0.6228431825,0.8,0.7785539781
0.02589505921,304.7588919,0.669158433,0.8,0.8364480412
0.06600159653,342.4131729,0.4735471787,0.8,0.5919339733
0.04493203425,331.2969093,0.5322626349,0.8,0.6653282937
0.0742297054,307.0734424,0.674639047,0.8,0.8432988088
0.05400833163,354.3308607,0.4046586894,0.8,0.5058233617
0.05990026146,316.6939048,0.6179501389,0.8,0.7724376737
0.01204010588,350.9925726,0.3949565303,0.8,0.4936956629
0.0118202536,306.6001152,0.6272070536,0.8,0.784008817
0.04856446624,344.6669627,0.4580691446,0.8,0.5725864307
0.05487634083,332.7275858,0.526548997,0.8,0.6581862463
0.03049505592,322.2149453,0.5765695714,0.8,0.7207119642
0.07166488283,317.7379329,0.6138942377,0.8,0.7673677971
0.06183166504,334.0183248,0.5204394125,0.8,0.6505492656
0.006291339449,336.315695,0.4358688851,0.8,0.5448361064
0.06920304248,302.4281035,0.7002070723,0.8,0.8752588404
0.04998213937,309.3789931,0.6568646762,0.8,0.8210808452
0.07905633705,324.4604046,0.5766508439,0.8,0.7208135549
0.02427705177,308.0620692,0.6491357315,0.8,0.8114196643
0.05975897021,347.1022958,0.4462559253,0.8,0.5578199066
0.06703094525,350.8095318,0.4261727262,0.8,0.5327159078
0.06207277304,323.0408287,0.5824898374,0.8,0.7281122967
0.07245186819,328.5178057,0.5529438765,0.8,0.6911798456
0.009577926819,347.3279985,0.4049217869,0.8,0.5061522336
0.05490182439,326.6886909,0.5605907024,0.8,0.700738378
0.05759937469,314.8275061,0.6280289693,0.8,0.7850362116
0.04904406988,302.4903359,0.6953242979,0.8,0.8691553724
0.06748790469,313.1143233,0.6394710532,0.8,0.7993388164
0.06017680789,311.0945447,0.6496166414,0.8,0.8120208018
0.03410566712,356.5565476,0.3875237463,0.8,0.4844046829
0.0676001352,306.0950999,0.6791988403,0.8,0.8489985503
0.02869188434,322.9214937,0.5713688785,0.8,0.7142110981
0.03779879061,312.2156321,0.6364141731,0.8,0.7955177163
0.06415182353,315.0902415,0.6277632085,0.8,0.7847040106
0.02028479577,304.7361196,0.6615887608,0.8,0.826985951
0.01806204857,348.9993884,0.4176527371,0.8,0.5220659214
0.07480396831,346.5604339,0.4509729825,0.8,0.5637162281
0.02061619703,302.549174,0.6740825729,0.8,0.8426032161
0.02054239297,338.1953528,0.4795884468,0.8,0.5994855585
0.01236538677,318.4806042,0.5671298383,0.8,0.7089122979
0.05114758348,308.8894262,0.6599472096,0.8,0.824934012
0.02527435566,339.1135233,0.4792880653,0.8,0.5991100817
0.07200020418,353.616273,0.4107587516,0.8,0.5134484395
0.02329392138,344.7557589,0.4465865286,0.8,0.5582331608
0.0646196388,343.4467104,0.4675365265,0.8,0.5844206582
0.0670318659,325.9741337,0.5666573706,0.8,0.7083217133
0.06620494123,348.1534099,0.441107545,0.8,0.5513844313
0.02773073642,320.4467984,0.5842991348,0.8,0.7303739185
0.05536604006,315.5613541,0.6234114331,0.8,0.7792642914
0.07907803943,307.3196022,0.6738536965,0.8,0.8423171206
0.06196068333,325.5960306,0.5680367433,0.8,0.7100459291
0.04771941557,317.9251144,0.6081602321,0.8,0.7602002901
0.05261296898,312.0923671,0.6423030007,0.8,0.8028787509
0.03545399455,334.0857733,0.5132726867,0.8,0.6415908583
0.07513785841,336.1613557,0.5099297488,0.8,0.6374121861
0.06897613495,324.2725895,0.5765476729,0.8,0.7206845911
0.01945907728,318.0589829,0.5876626122,0.8,0.7345782652
0.03819846993,321.859789,0.5827196493,0.8,0.7283995616
0.04432053978,325.4012782,0.565156189,0.8,0.7064452362
0.05347482433,357.715596,0.3855098501,0.8,0.4818873127
0.05189131509,339.680686,0.4868017902,0.8,0.6085022378
0.06769360357,319.814883,0.6015939599,0.8,0.7519924498
0.01067595962,306.9113343,0.6195647226,0.8,0.7744559032
0.06439908065,312.1648984,0.6443408503,0.8,0.8054260629
0.06369558553,312.5288819,0.6421627897,0.8,0.8027034871
0.04076173604,303.3482545,0.6873851291,0.8,0.8592314113
0.01816951139,313.6039527,0.6094801098,0.8,0.7618501372
0.06040107399,349.0920917,0.4351073822,0.8,0.5438842278
0.05381858909,321.7842371,0.5879978524,0.8,0.7349973155
0.07391202334,330.0357066,0.5445097288,0.8,0.680637161
0.02226058895,338.5416,0.4796457684,0.8,0.5995572105
0.03926810596,308.6848493,0.6568447625,0.8,0.8210559531
0.07559986085,348.9162563,0.4376917984,0.8,0.547114748
0.0759849525,300.7610378,0.710644688,0.8,0.88830586
0.01952781861,300.5385173,0.6830502138,0.8,0.8538127672
0.06809986131,348.754659,0.4379085888,0.8,0.547385736
0.01688177471,337.2178754,0.4794281558,0.8,0.5992851948
0.0324380114,338.6332922,0.4865286595,0.8,0.6081608244
0.05552113206,354.5944376,0.4033959888,0.8,0.504244986
0.01070260589,321.3817739,0.5445111776,0.8,0.6806389719
0.02274501426,319.1130157,0.5866222703,0.8,0.7332778378
0.0298772812,301.2364874,0.692434931,0.8,0.8655436637
0.01269430894,308.2480728,0.6224196511,0.8,0.7780245639
0.02563134306,343.9621017,0.4528587493,0.8,0.5660734367
0.02042399497,347.1209869,0.4307884236,0.8,0.5384855294
0.008551386594,318.9632973,0.5433972622,0.8,0.6792465778
0.0192528301,348.5396045,0.4216967265,0.8,0.5271209081
0.008069138951,300.1856406,0.633915559,0.8,0.7923944488
0.02662029053,332.5125578,0.5167582476,0.8,0.6459478095
0.03517127327,327.3316932,0.5507917392,0.8,0.688489674
0.01132986026,348.2557097,0.4070734384,0.8,0.508841798
0.01950742924,345.5908951,0.4380390428,0.8,0.5475488035
0.0626389517,326.716289,0.5618157229,0.8,0.7022696537
0.00541036557,320.0387237,0.5012836996,0.8,0.6266046246
0.02655967899,331.016507,0.5249656789,0.8,0.6562070986
0.03657566395,355.825399,0.3924404031,0.8,0.4905505038
0.0749457253,308.6447713,0.6658303771,0.8,0.8322879714
0.06559325258,357.3574161,0.3889945768,0.8,0.486243221
0.02735757977,318.5381051,0.5945322664,0.8,0.743165333
0.07051891702,304.5765958,0.6882507519,0.8,0.8603134399
0.07907780863,338.9727736,0.494357462,0.8,0.6179468275
0.06151828354,355.0636969,0.4015207539,0.8,0.5019009424
0.06679612553,304.4151299,0.6885689052,0.8,0.8607111315
0.02053879865,312.0170751,0.6223244585,0.8,0.7779055731
0.02564919662,340.9803603,0.4693020935,0.8,0.5866276169
0.03441918004,327.5570513,0.5491640121,0.8,0.6864550152
0.03462468346,336.7356741,0.4981324779,0.8,0.6226655974
0.05071081403,335.1337457,0.512148894,0.8,0.6401861174
0.02768592888,346.8810799,0.4381497007,0.8,0.5476871259
0.04100527596,301.7998891,0.6961627515,0.8,0.8702034393
0.07846315736,342.4244655,0.4747323757,0.8,0.5934154696
0.03999869841,353.2309534,0.4079575109,0.8,0.5099468886
0.0367248243,339.5519966,0.4833111965,0.8,0.6041389956
0.01781403031,324.2571464,0.5511360454,0.8,0.6889200567
0.05122819175,333.739177,0.5201092976,0.8,0.650136622
0.04078172964,343.7209325,0.4614043407,0.8,0.5767554259
0.06691458166,332.9103845,0.527406503,0.8,0.6592581287
0.05731066388,344.3601944,0.461375356,0.8,0.576719195
0.0446131304,347.9806765,0.4385664806,0.8,0.5482081008
0.05305549779,350.3380924,0.4270003816,0.8,0.533750477
0.06163021075,311.8555147,0.6455968022,0.8,0.8069960027
0.05291728304,330.1098925,0.5409038969,0.8,0.6761298711
0.04002793075,312.2538937,0.6372230477,0.8,0.7965288096
0.06368508789,311.4317561,0.648361679,0.8,0.8104520988
0.07245556035,344.6281759,0.4617024995,0.8,0.5771281243
0.07207287998,320.0867267,0.6006459009,0.8,0.7508073762
0.07791592083,309.3408396,0.6622549976,0.8,0.827818747
0.07846399599,328.5938885,0.5531532496,0.8,0.691441562
0.01580748658,312.222139,0.6115247278,0.8,0.7644059098
0.06594480685,307.200608,0.6726711132,0.8,0.8408388915
0.06131299921,353.7015473,0.4091902979,0.8,0.5114878724
0.06640789634,301.7314488,0.7036812037,0.8,0.8796015047
0.06272693091,314.7929576,0.6291997884,0.8,0.7864997355
0.07645944724,350.092033,0.431098751,0.8,0.5388734388
0.02425613845,353.6118924,0.3987305458,0.8,0.4984131822
0.05368501232,298.5230061,0.7190155495,0.8,0.8987694369
0.02249523445,354.3634527,0.3932223675,0.8,0.4915279594
0.06764422882,306.6656851,0.6759779448,0.8,0.844972431
0.05058767406,316.7191534,0.6157356009,0.8,0.7696695011
0.0561186565,339.682525,0.4875644203,0.8,0.6094555254
0.05654666809,340.277844,0.4842790017,0.8,0.6053487521
0.0553267544,300.9200864,0.7059374382,0.8,0.8824217977
0.06969283067,305.7688048,0.6813760346,0.8,0.8517200433
0.04506090509,330.3394183,0.5376728934,0.8,0.6720911167
0.0166039069,346.7541239,0.4275623079,0.8,0.5344528849
0.02980622993,312.3671558,0.6306794348,0.8,0.7883492935
0.02163950693,320.7630804,0.5761766634,0.8,0.7202208293
0.05907191497,307.7237792,0.6684211133,0.8,0.8355263917
0.007710529705,319.0460824,0.5357502118,0.8,0.6696877648
0.03356678849,353.2490441,0.4057332805,0.8,0.5071666006
0.04817370128,333.7520239,0.5193343705,0.8,0.6491679631
0.01272245043,320.4369942,0.5581766814,0.8,0.6977208517
0.07292811265,333.6600157,0.5238724606,0.8,0.6548405758
0.01965494356,336.1900183,0.4893594519,0.8,0.6116993149
0.0326278859,327.6287345,0.547812846,0.8,0.6847660575
0.03807706828,337.9677397,0.4926719484,0.8,0.6158399355
0.03649113025,349.9625821,0.4251280145,0.8,0.5314100182
0.02297084923,317.8568387,0.5937846704,0.8,0.7422308381
0.04746221767,311.3854869,0.644829126,0.8,0.8060364075
0.06749284151,330.2567582,0.5424926612,0.8,0.6781158266
0.005780553353,339.8824878,0.4125305146,0.8,0.5156631433
0.02005464766,352.3287914,0.4020087064,0.8,0.5025108829
0.06017289671,325.3106539,0.5693501429,0.8,0.7116876786
0.07312202705,340.358716,0.4859497047,0.8,0.6074371308
0.02812460619,324.9180124,0.5598904477,0.8,0.6998630597
0.007670807885,342.397656,0.4186472863,0.8,0.5233091079
0.05835586325,316.1110109,0.6209408408,0.8,0.776176051
0.04475019092,332.5404799,0.5252325623,0.8,0.6565407029
0.03440618163,332.9127293,0.5193266095,0.8,0.6491582619
0.07669382284,330.8561912,0.5401517015,0.8,0.6751896269
0.06644489042,355.5633498,0.3992246675,0.8,0.4990308344
0.0499605338,351.3371382,0.420836157,0.8,0.5260451962
0.07123626001,357.5477437,0.3884314719,0.8,0.4855393399
0.0454349736,326.6352846,0.5585712587,0.8,0.6982140734
0.02714060604,356.2019039,0.3863254042,0.8,0.4829067552
0.07220482915,303.541276,0.6943635594,0.8,0.8679544492
0.03127450744,356.7348011,0.3854164129,0.8,0.4817705161
0.05276717419,318.4683334,0.6064342579,0.8,0.7580428224
0.0314357485,350.5802078,0.4196636246,0.8,0.5245795308
0.05041087828,315.7913336,0.6209091447,0.8,0.7761364309
0.01568110901,324.2808406,0.5464982941,0.8,0.6831228677
0.07435816737,304.8877386,0.6870398599,0.8,0.8587998249
0.0628468399,329.658997,0.5452204706,0.8,0.6815255882
0.04289041178,348.1986258,0.4369142208,0.8,0.546142776
0.008549560565,346.782009,0.4023560138,0.8,0.5029450173
0.05806106001,309.3607272,0.6589694266,0.8,0.8237117832
0.03696832315,303.847964,0.6827119884,0.8,0.8533899855
0.03545542298,354.4048254,0.3999912389,0.8,0.4999890486
0.07742220478,330.9685047,0.539587567,0.8,0.6744844587
0.02385222152,339.8902231,0.4737978025,0.8,0.5922472531
0.06869067469,357.5408292,0.3882494554,0.8,0.4853118192
0.01258844525,321.0269179,0.5545657512,0.8,0.6932071891
0.01589515585,335.6007197,0.4862190631,0.8,0.6077738289
0.01295616927,310.9733789,0.6090681765,0.8,0.7613352207
0.05199909145,305.6088109,0.6786480093,0.8,0.8483100116
0.03843276195,350.882997,0.4206261646,0.8,0.5257827058
0.07925165249,353.2003529,0.4136894426,0.8,0.5171118033
0.06353704192,354.3902705,0.405553595,0.8,0.5069419938
0.04226361122,301.7595506,0.6969403438,0.8,0.8711754297
0.009112326242,344.4426096,0.417383656,0.8,0.5217295699
0.06368930486,336.1829532,0.5084740658,0.8,0.6355925823
0.04660872374,329.4780435,0.5429434246,0.8,0.6786792808
0.06372642135,350.9711995,0.4248983844,0.8,0.5311229804
0.008471788859,298.842772,0.644654602,0.8,0.8058182525
0.01521578647,328.0970653,0.52492438,0.8,0.656155475
0.02630222925,355.524642,0.3895690453,0.8,0.4869613066
0.07491217385,331.332033,0.5372720031,0.8,0.6715900039
0.02504479252,322.8474567,0.5686375369,0.8,0.7107969211
0.04871592042,303.4102247,0.6900483444,0.8,0.8625604305
0.06608501449,319.0864141,0.6054769679,0.8,0.7568462099
0.04294405559,321.2497086,0.5879804686,0.8,0.7349755857
0.06748486577,313.3226801,0.6382918607,0.8,0.7978648259
0.02046375237,333.1498666,0.5069973443,0.8,0.6337466804
0.06482637501,333.2282328,0.5253317813,0.8,0.6566647267
0.0316341745,309.4052497,0.6484622737,0.8,0.8105778421
0.05672118467,340.9556947,0.4804848221,0.8,0.6006060276
0.05245763945,338.5975628,0.4930115874,0.8,0.6162644842
0.05188837672,331.1747642,0.5346874811,0.8,0.6683593514
0.0281254367,311.166422,0.6359480034,0.8,0.7949350042
0.01620713546,311.2575024,0.6177378544,0.8,0.772172318
0.04971329371,313.3843353,0.6342587047,0.8,0.7928233809
0.04462565657,352.3070969,0.4142960824,0.8,0.517870103
0.06811062154,335.6280381,0.5121812854,0.8,0.6402266068
0.01746368786,337.3935744,0.4794991757,0.8,0.5993739697
0.05002206499,312.4719242,0.6394773585,0.8,0.7993466981
0.05600357899,343.2026907,0.4676965283,0.8,0.5846206604
0.05485184835,353.1585037,0.4113922519,0.8,0.5142403148
0.04438653758,312.0920365,0.6398386301,0.8,0.7997982877
0.04801239432,314.9196203,0.6251366337,0.8,0.7814207922
0.0238551564,357.0378411,0.3796134557,0.8,0.4745168196
0.03734930667,348.3045871,0.4346777804,0.8,0.5433472255
0.01020218464,312.4095343,0.5882726963,0.8,0.7353408704
0.01546078577,327.4902177,0.5287643199,0.8,0.6609553999
0.06437151169,321.5004134,0.5915642657,0.8,0.7394553321
0.01858156833,325.3158632,0.5467748616,0.8,0.683468577
0.06119145588,335.9644971,0.5093514589,0.8,0.6366893236
0.06944067991,312.1586013,0.6451720073,0.8,0.8064650091
0.02444865846,326.8317109,0.546129119,0.8,0.6826613987
0.01291410918,308.3944332,0.6225386014,0.8,0.7781732518
0.03245326334,310.7855698,0.6413516662,0.8,0.8016895828
0.01404178912,322.8915562,0.5495428058,0.8,0.6869285073
0.05443067693,315.8359911,0.6216522947,0.8,0.7770653684
0.00751458124,344.3956464,0.4075016621,0.8,0.5093770777
0.05683681721,344.5207678,0.4603963277,0.8,0.5754954096
0.06475041591,314.6100089,0.6305771368,0.8,0.788221421
0.01946142332,322.0751861,0.5658313496,0.8,0.707289187
0.00530580345,321.5941262,0.4920944718,0.8,0.6151180898
0.06916681462,347.7351794,0.4437869014,0.8,0.5547336267
0.02094047735,342.6144511,0.4559484223,0.8,0.5699355278
0.0290363124,321.4982703,0.579506655,0.8,0.7243833188
0.06360914175,326.5518045,0.5628950241,0.8,0.7036187801
0.03442611581,306.4010206,0.6670076304,0.8,0.833759538
0.06153160042,347.3465422,0.445111705,0.8,0.5563896312
0.07549714558,341.6152619,0.479057865,0.8,0.5988223313
0.03808830858,302.852869,0.688863618,0.8,0.8610795224
0.03415723427,347.2996485,0.4390909646,0.8,0.5488637058
0.03261384266,317.7957528,0.6024790271,0.8,0.7530987839
0.007998888096,303.0875001,0.6186043874,0.8,0.7732554843
0.06633891262,302.9672267,0.6966800037,0.8,0.8708500047
0.06694888666,319.169707,0.6051352185,0.8,0.7564190231
0.04513898888,300.8658364,0.7031031465,0.8,0.8788789331
0.07552104954,311.0250567,0.6524153733,0.8,0.8155192166
0.04492734392,338.3711163,0.492564882,0.8,0.6157061025
0.04192961957,329.2424025,0.5428465761,0.8,0.6785582202
0.01132215626,326.5619179,0.5204113208,0.8,0.650514151
0.01323540189,317.0370196,0.5780087999,0.8,0.7225109999
0.06356036247,352.8256117,0.4143989582,0.8,0.5179986977
0.03563740132,340.4245277,0.4780086896,0.8,0.597510862
0.04936413602,353.3042823,0.4096623795,0.8,0.5120779744
0.07318197918,336.2291494,0.5093471599,0.8,0.6366839498
0.07391998921,335.6342246,0.5127936463,0.8,0.6409920579
0.02032569912,332.0486357,0.5128168149,0.8,0.6410210186
0.01774434268,353.7549876,0.391489884,0.8,0.489362355
0.07306016688,327.1752423,0.5606180749,0.8,0.7007725936
0.02590458203,301.2593546,0.6884599459,0.8,0.8605749324
0.05447184707,329.0301535,0.5473075667,0.8,0.6841344584
0.0117964767,334.1979527,0.4823299262,0.8,0.6029124077
0.04061297985,327.6691707,0.5511943163,0.8,0.6889928953
0.01462617742,325.2653243,0.5385503007,0.8,0.6731878759
0.02907239142,328.2927589,0.5419074895,0.8,0.6773843619
0.04835140691,333.3366834,0.5217123113,0.8,0.6521403892
0.0094711218,329.120337,0.497836979,0.8,0.6222962238
0.05302203935,333.2780711,0.5230818595,0.8,0.6538523243
0.0588258208,357.4556965,0.3876942655,0.8,0.4846178319
0.06364965647,346.365308,0.4509207987,0.8,0.5636509984
0.06855409697,328.2422363,0.5540284005,0.8,0.6925355006
0.0354059662,331.7898842,0.5260507126,0.8,0.6575633907
0.01820267536,316.3064863,0.5949091723,0.8,0.7436364653
0.0629883882,333.7721307,0.5219997115,0.8,0.6524996393
0.05997448972,333.728747,0.5217892773,0.8,0.6522365966
0.07078028629,354.6054644,0.4050507891,0.8,0.5063134864
0.04337278042,308.3107474,0.6606710206,0.8,0.8258387758
0.04912448416,348.652729,0.4357742717,0.8,0.5447178397
0.07082136178,315.3133119,0.6275097093,0.8,0.7843871366
0.04429383696,312.7841267,0.6359234406,0.8,0.7949043008
0.01569015518,338.2064789,0.4718099546,0.8,0.5897624433
0.06327935989,319.3496691,0.6035449314,0.8,0.7544311643
0.0341065771,343.9557219,0.4576904954,0.8,0.5721131192
0.01329383359,310.2483385,0.6141889865,0.8,0.7677362331
0.04356377337,340.4420635,0.4805783701,0.8,0.6007229626
0.03576765373,302.6221673,0.6888728408,0.8,0.861091051
0.01319024788,350.2122468,0.4021569605,0.8,0.5026962006
0.05672475699,307.6527163,0.6683101087,0.8,0.8353876359
0.04765512716,310.6842797,0.6488294358,0.8,0.8110367947
0.01984421901,301.6921859,0.6773738288,0.8,0.846717286
0.0326931618,347.5688906,0.4369676681,0.8,0.5462095851
0.07315443476,302.2417409,0.7018612913,0.8,0.8773266141
0.00803618273,303.8888028,0.6149510181,0.8,0.7686887726
0.02059646102,354.7113376,0.3895858923,0.8,0.4869823654
0.07346597534,341.1977573,0.4812308387,0.8,0.6015385484
0.06200983301,336.7761477,0.504886508,0.8,0.631108135
0.04496176326,349.3358137,0.4310452889,0.8,0.5388066111
0.05855681796,347.5679811,0.443460299,0.8,0.5543253738
0.05083271147,335.4483526,0.5104049679,0.8,0.6380062099
0.05060638168,354.2794563,0.4043979103,0.8,0.5054973879
0.05096925065,348.50463,0.4369585957,0.8,0.5461982446
0.04822709816,335.96237,0.5069235677,0.8,0.6336544596
0.01693667344,324.1665875,0.5499005879,0.8,0.6873757349
0.07714223796,325.0680484,0.5730080619,0.8,0.7162600773
0.05921056085,337.5495748,0.5001000787,0.8,0.6251250984
0.0563297632,354.8610748,0.4020064348,0.8,0.5025080436
0.06818089467,355.8797312,0.3976019958,0.8,0.4970024948
0.01176588922,326.2821433,0.5237288366,0.8,0.6546610457
0.05218471907,317.0823388,0.614097844,0.8,0.767622305
0.03445750681,304.2838694,0.678819823,0.8,0.8485247788
0.05177313644,353.1956663,0.4106959065,0.8,0.5133698831
0.05510747458,311.5010294,0.6462404658,0.8,0.8078005823
0.04943872233,323.6838359,0.576258087,0.8,0.7203226087
0.04805584866,307.188375,0.6686015063,0.8,0.8357518829
0.0396980879,324.0672675,0.5710006344,0.8,0.713750793
0.04394576254,336.0146811,0.5055134826,0.8,0.6318918533
0.07214331709,337.6783085,0.5010306149,0.8,0.6262882686
0.02051136189,353.8112876,0.3944083735,0.8,0.4930104669
0.01434045855,338.4406292,0.4675332534,0.8,0.5844165668
0.05882734742,357.5976816,0.3868931225,0.8,0.4836164031
0.02415480271,357.8010377,0.3756330547,0.8,0.4695413183
0.07301703759,351.7058117,0.4216669894,0.8,0.5270837368
0.05819835757,351.4217622,0.4216638299,0.8,0.5270797873
0.01953071453,338.9895919,0.4739648175,0.8,0.5924560219
0.04733174032,333.0129587,0.523277331,0.8,0.6540966638
0.01325169416,333.0527305,0.4932171183,0.8,0.6165213979
0.01904441732,329.5474149,0.5245690017,0.8,0.6557112521
0.04143686571,346.5579364,0.4457123701,0.8,0.5571404626
0.04952305088,321.2591053,0.5899166903,0.8,0.7373958629
0.07452532622,344.097977,0.4649003891,0.8,0.5811254864
0.0238156748,298.8569074,0.6991321498,0.8,0.8739151872
0.06367711918,342.79096,0.4711255079,0.8,0.5889068848
0.0495033607,303.0094086,0.6925487005,0.8,0.8656858756
0.03276207627,325.2855444,0.5609184206,0.8,0.7011480258
0.06603378779,334.0946507,0.5205941619,0.8,0.6507427023
0.06355300632,316.1314344,0.6217779543,0.8,0.7772224429
0.03624684672,299.125941,0.7086553637,0.8,0.8858192046
0.06179544959,330.4248005,0.5407331401,0.8,0.6759164251
0.07252626277,319.937048,0.6015506696,0.8,0.751938337
0.01771266179,301.1925362,0.6756579975,0.8,0.8445724969
0.06865365554,344.5562615,0.4617232936,0.8,0.577154117
0.05948852043,316.0575476,0.6214642412,0.8,0.7768303016
0.03722614224,355.6042442,0.3938795062,0.8,0.4923493828
0.0721024744,303.6444269,0.6937644562,0.8,0.8672055702
0.06674559604,319.6100893,0.6026141865,0.8,0.7532677331
0.02120852411,332.6422036,0.510711509,0.8,0.6383893862
0.0788650224,347.9756723,0.4432879954,0.8,0.5541099943
0.04402696564,338.7238327,0.4903419775,0.8,0.6129274719
0.04031907256,329.2866598,0.5420351736,0.8,0.677543967
0.07419310297,301.5350746,0.7060120344,0.8,0.8825150431
0.01981046204,324.5427651,0.5529560279,0.8,0.6911950349
0.02283743982,337.0257456,0.4885446512,0.8,0.6106808141
0.04802014985,336.5758389,0.503426271,0.8,0.6292828387
0.01296116165,306.9891184,0.6301574707,0.8,0.7876968384
0.05536684961,325.899806,0.5651315706,0.8,0.7064144633
0.02123421587,321.8232181,0.5698367151,0.8,0.7122958938
0.03096178786,306.6965304,0.6630127366,0.8,0.8287659208
0.01585083439,307.6707665,0.636073179,0.8,0.7950914737
0.0456131526,310.7036521,0.648055556,0.8,0.810069445
0.04149955186,350.538804,0.4234365073,0.8,0.5292956341
0.005604293214,320.2084321,0.5037813153,0.8,0.6297266442
0.05666524116,300.3356816,0.7095629198,0.8,0.8869536497
0.0577265111,301.3782151,0.7039329528,0.8,0.879916191
0.02688034022,310.743416,0.6371471861,0.8,0.7964339827
0.06326645232,312.1972791,0.6439619051,0.8,0.8049523814
0.07959016893,298.7742072,0.7223766076,0.8,0.9029707595
0.05169443601,308.3900896,0.662907284,0.8,0.828634105
0.03618685648,317.0838331,0.608439646,0.8,0.7605495575
0.0648380686,314.2198534,0.6327972879,0.8,0.7909966098
0.05881928124,339.5813071,0.4885720465,0.8,0.6107150581
0.06501284112,315.7592999,0.62412234,0.8,0.780152925
0.03511459923,326.2854157,0.5565956471,0.8,0.6957445588
0.05802667955,340.0671301,0.4857068208,0.8,0.607133526
0.06026036417,339.4069144,0.4897740133,0.8,0.6122175167
0.03582903367,325.3848554,0.5619623631,0.8,0.7024529539
0.07826155688,305.6347161,0.6833094596,0.8,0.8541368245
0.06198546777,300.8855122,0.707633269,0.8,0.8845415862
0.06217539313,308.6925196,0.6635663735,0.8,0.8294579669
0.04503447882,324.9185149,0.568086018,0.8,0.7101075224
0.0354113872,347.9482746,0.4359709261,0.8,0.5449636576
0.05915177367,310.7725534,0.6512295038,0.8,0.8140368798
0.006670450315,342.490012,0.4097366883,0.8,0.5121708603
0.03157058587,340.0811589,0.4780388932,0.8,0.5975486165
0.00674290395,306.3633049,0.587656419,0.8,0.7345705238
0.04670934616,344.3790286,0.4592774713,0.8,0.5740968391
0.07638841582,309.2762018,0.6624352365,0.8,0.8280440456
0.03477320512,333.8213109,0.5144376592,0.8,0.6430470739
0.0440467092,351.5513415,0.4184017361,0.8,0.5230021701
0.06195093271,334.4358962,0.5180982552,0.8,0.647622819
0.06251994754,339.314748,0.4906161858,0.8,0.6132702323
0.02463006595,342.7474016,0.4587620794,0.8,0.5734525993
0.02766164256,315.7504834,0.610199425,0.8,0.7627492812
0.0108412047,330.8174679,0.4961006613,0.8,0.6201258266
0.05584321789,356.5395141,0.3924751492,0.8,0.4905939364
0.06969692402,316.1888505,0.6223975513,0.8,0.7779969392
0.0350791637,331.080312,0.5298546748,0.8,0.6623183435
0.01849238265,330.9299233,0.5161879819,0.8,0.6452349774
0.07573432293,352.6240369,0.4166901305,0.8,0.5208626631
0.06976547991,332.0553242,0.5325990133,0.8,0.6657487666
0.05979542975,340.1422139,0.4855537912,0.8,0.6069422391
0.07400786326,300.2729462,0.7131363403,0.8,0.8914204254
0.0724025541,355.7592411,0.3986568035,0.8,0.4983210044
0.03440815048,305.1964741,0.6737058883,0.8,0.8421323604
0.04091988747,303.0004592,0.6894032055,0.8,0.8617540069
0.06585660301,330.7788507,0.5393217248,0.8,0.674152156
0.01392025841,324.9353753,0.5383067918,0.8,0.6728834897
0.06235000579,322.6426165,0.5847852635,0.8,0.7309815794
0.06329863962,328.8471979,0.5498758458,0.8,0.6873448073
0.07052108503,333.0894414,0.5268342233,0.8,0.6585427791
0.06153262075,342.3842837,0.4731405552,0.8,0.591425694
0.06227713776,324.5168764,0.5741844765,0.8,0.7177305957
0.008302203726,325.8443855,0.5066374216,0.8,0.6332967771
0.07875251524,307.6585494,0.6718931514,0.8,0.8398664393
0.02355111761,357.4055826,0.3773722257,0.8,0.4717152821
0.0385711178,324.243362,0.5695584714,0.8,0.7119480893
0.07186700141,304.9109108,0.6865580394,0.8,0.8581975493
0.03392874607,333.2870554,0.5170113828,0.8,0.6462642284
0.02507600589,344.8213194,0.4477046895,0.8,0.5596308619
0.01173222421,328.813202,0.510322707,0.8,0.6379033837
0.03492400509,326.2703458,0.5565854339,0.8,0.6957317923
0.06298115007,321.988372,0.5885850329,0.8,0.7357312911
0.01118584494,327.0552011,0.5172405746,0.8,0.6465507182
0.04317945334,322.3405901,0.58194653,0.8,0.7274331626
0.04890134955,356.5844326,0.3911338901,0.8,0.4889173626
0.01472569691,327.3985146,0.527424165,0.8,0.6592802062
0.00687135144,309.9016806,0.5719463076,0.8,0.7149328845
0.03345520081,338.1747717,0.4895768132,0.8,0.6119710165
0.07601018687,328.0792919,0.5558205445,0.8,0.6947756806
0.05490691161,310.7200681,0.6505953579,0.8,0.8132441974
0.04808012121,338.412126,0.4931199261,0.8,0.6163999076
0.03779776741,323.8552188,0.5713973663,0.8,0.7142467079
0.02979358352,317.4618259,0.6024311986,0.8,0.7530389983
0.02835450725,350.5701487,0.4181453981,0.8,0.5226817476
0.06095423017,315.5993783,0.6243265408,0.8,0.7804081759
0.07520920832,322.9411888,0.5848512474,0.8,0.7310640592
0.05833743252,298.8698843,0.7182268283,0.8,0.8977835354
0.07695885732,326.9463151,0.5623416175,0.8,0.7029270219
0.02303987811,343.9737521,0.4506460821,0.8,0.5633076026
0.04150988831,331.898127,0.5278311576,0.8,0.659788947
0.02022216734,330.0038173,0.5238177097,0.8,0.6547721372
0.03100858594,323.6107221,0.5691626302,0.8,0.7114532878
0.009819264798,343.0318803,0.4281534694,0.8,0.5351918367
0.01094703227,327.3162839,0.5148084175,0.8,0.6435105219
0.04591808506,315.6362303,0.6204652407,0.8,0.7755815508
0.07405802896,327.2303437,0.5604191276,0.8,0.7005239094
0.02645716537,330.069742,0.5301061829,0.8,0.6626327286
0.05516833925,323.3357114,0.5795447401,0.8,0.7244309252
0.02843971858,320.0885767,0.5868520011,0.8,0.7335650014
0.01155563915,322.6277817,0.5419990167,0.8,0.6774987709
0.0430858593,328.4297816,0.547780982,0.8,0.6847262274
0.02433060892,326.9378458,0.5454281682,0.8,0.6817852103
0.02912652277,317.2926632,0.6028649814,0.8,0.7535812268
0.03461838067,348.0636839,0.4350209771,0.8,0.5437762213
0.02588148277,341.1130501,0.468748844,0.8,0.585936055
0.04257072015,334.5577287,0.5132728251,0.8,0.6415910313
0.03970905651,323.5868198,0.5736923751,0.8,0.7171154689
0.03030770351,312.4451978,0.6306272941,0.8,0.7882841176
0.05819058291,334.95491,0.5145788998,0.8,0.6432236247
0.07259382499,327.0793548,0.5611071828,0.8,0.7013839785
0.07266869597,303.9203996,0.6922834955,0.8,0.8653543694
0.04051161187,316.4495269,0.6139490828,0.8,0.7674363535
0.009296045657,350.4269333,0.3877015831,0.8,0.4846269788
0.03262548027,299.7070638,0.703065415,0.8,0.8788317687
0.06520426144,311.6590326,0.6473362465,0.8,0.8091703081
0.03025989373,315.8115729,0.6119220911,0.8,0.7649026139
0.03905754876,334.1277044,0.5144957191,0.8,0.6431196489
0.05086193024,300.4302062,0.7074711594,0.8,0.8843389492
0.04692593079,336.1514911,0.5055430627,0.8,0.6319288283
0.006388341019,308.6817566,0.5713747011,0.8,0.7142183763
0.06772212196,321.3653049,0.5928264403,0.8,0.7410330504
0.008760489838,350.8686172,0.3827733204,0.8,0.4784666506
0.01158448568,303.0403258,0.6446987624,0.8,0.805873453
0.07044562895,334.304279,0.5199481421,0.8,0.6499351777
0.07289572,351.3807977,0.4234973653,0.8,0.5293717066
0.06877377437,328.4754834,0.5527367201,0.8,0.6909209001
0.06888595424,340.7576013,0.483245164,0.8,0.604056455
0.07665522387,299.4505597,0.718162355,0.8,0.8977029437
0.0165993732,343.3017545,0.4461460935,0.8,0.5576826169
0.005910037087,306.9769421,0.572117054,0.8,0.7151463176
0.05002094816,298.8989673,0.7158294512,0.8,0.8947868141
0.02828185574,330.8775555,0.527042768,0.8,0.65880346
0.01011795738,339.6442545,0.447025956,0.8,0.558782445
0.01375605581,312.5032635,0.603871576,0.8,0.7548394701
0.0175553741,304.8987857,0.6552606586,0.8,0.8190758232
0.07147120594,339.3166992,0.4916819468,0.8,0.6146024334
0.07155771794,336.8605989,0.5055986496,0.8,0.631998312
0.03801755425,327.3979299,0.5517004744,0.8,0.689625593
0.05469680469,300.829691,0.7062862726,0.8,0.8828578408
0.01520367971,327.6198291,0.5274496088,0.8,0.659312011
0.04227668303,320.9258823,0.5895590733,0.8,0.7369488416
0.03364721158,322.3431636,0.5777860145,0.8,0.7222325182
0.0449965267,332.1404401,0.5275475778,0.8,0.6594344723
0.03989284104,341.893383,0.4713533023,0.8,0.5891916278
0.02169037806,298.9996369,0.6952443703,0.8,0.8690554628
0.01316505564,357.1448844,0.3653858527,0.8,0.4567323159
0.01297007246,303.5275885,0.6484998073,0.8,0.8106247591
0.01072529494,337.9742271,0.4583716183,0.8,0.5729645229
0.006733794683,325.643662,0.4929668072,0.8,0.616208509
0.02255455344,328.3430041,0.5358213758,0.8,0.6697767197
0.02232258805,355.6808933,0.3858622425,0.8,0.4823278031
0.03777707247,331.3307471,0.5296322549,0.8,0.6620403186
0.03600021047,310.0110084,0.6477952019,0.8,0.8097440024
0.03898157442,333.0507638,0.520488569,0.8,0.6506107112
0.07229436568,311.8061886,0.6475694745,0.8,0.8094618432
0.01194280741,332.7123523,0.4906657916,0.8,0.6133322395
0.03256776541,339.9159335,0.4794621858,0.8,0.5993277322
0.0633008548,316.4811523,0.6197589951,0.8,0.7746987439
0.04696807998,309.3936851,0.655861728,0.8,0.81982716
0.05851588167,344.7356078,0.4594381706,0.8,0.5742977133
0.02517494218,323.9387453,0.562756403,0.8,0.7034455038
0.06085099426,322.1406446,0.5873673355,0.8,0.7342091694
0.01139809101,353.1638421,0.3816383534,0.8,0.4770479418
0.0611931838,317.5361628,0.6134316775,0.8,0.7667895969
0.05676551141,341.8547592,0.4754213712,0.8,0.5942767141
0.0133869944,302.5121793,0.6555518017,0.8,0.8194397521
0.04470504834,319.784351,0.5967910785,0.8,0.7459888482
0.04439779916,333.823103,0.5179356352,0.8,0.647419544
0.04494688865,305.3190833,0.6780411472,0.8,0.847551434
0.05782729462,331.5277095,0.5338542478,0.8,0.6673178098
0.01378375298,335.2646292,0.4830026984,0.8,0.603753373
0.0187238734,343.9863186,0.4457306346,0.8,0.5571632932
0.03107577496,303.9315056,0.6784470881,0.8,0.8480588601
0.04791453379,317.5664366,0.6102326562,0.8,0.7627908203
0.03080118508,333.7962085,0.5125052297,0.8,0.6406315372
0.05719600187,345.5431701,0.4546848125,0.8,0.5683560156
0.04529704949,343.682506,0.4628521737,0.8,0.5785652171
0.07796708016,352.1267884,0.4196819309,0.8,0.5246024136
0.01252555747,315.0482159,0.5858560788,0.8,0.7323200985
0.04446361495,357.0879217,0.3874387,0.8,0.484298375
0.07706128545,328.4063794,0.5540756422,0.8,0.6925945527
0.06058292032,344.7280912,0.4597736965,0.8,0.5747171206
0.0671790657,335.8072813,0.5110532194,0.8,0.6388165242
0.07268034417,355.8908447,0.3979344684,0.8,0.4974180855
0.006466544137,334.2460881,0.4479068925,0.8,0.5598836156
0.04587128377,339.1751482,0.4882971914,0.8,0.6103714893
0.02687873676,299.1953437,0.7009011475,0.8,0.8761264343
0.05810220446,350.0224061,0.4295465223,0.8,0.5369331528
0.0674708628,348.8581086,0.4372577421,0.8,0.5465721776
0.0352224581,320.3998644,0.5894547667,0.8,0.7368184584
0.03461920541,301.4455225,0.6947325349,0.8,0.8684156686
0.009808429556,322.6396557,0.5331332271,0.8,0.6664165339
0.01844836768,312.2853472,0.6171743254,0.8,0.7714679068
0.0445238376,338.610433,0.4911138346,0.8,0.6138922933
0.06126518246,301.1001716,0.7062740758,0.8,0.8828425947
0.05849810993,324.4690809,0.5738030953,0.8,0.7172538691
0.01571359772,345.8340767,0.4309325386,0.8,0.5386656732
0.03167993632,314.1209929,0.6222994426,0.8,0.7778743033
0.01986084771,357.0722481,0.3759795568,0.8,0.469974446
0.02699888426,312.2220163,0.6290955283,0.8,0.7863694104
0.02992406726,341.6397785,0.4684934152,0.8,0.585616769
0.07551199899,330.3171335,0.5430858419,0.8,0.6788573024
0.04527536897,314.6465823,0.6258102579,0.8,0.7822628224
0.02215977053,353.500192,0.3976612492,0.8,0.4970765615
0.07332622246,330.5509556,0.5415266273,0.8,0.6769082841
0.05889598632,332.9953547,0.5257542454,0.8,0.6571928068
0.07490454365,313.2624025,0.6396599422,0.8,0.7995749278
0.06068672055,336.2524525,0.5076496579,0.8,0.6345620724
0.02095597682,347.222137,0.4308154958,0.8,0.5385193698
0.07697811884,346.0095634,0.4542821495,0.8,0.5678526868
0.05681026123,298.2224238,0.7215167296,0.8,0.901895912
0.0673909313,303.6043769,0.6932550168,0.8,0.866568771
0.05760083902,347.7820919,0.4421149632,0.8,0.552643704
0.04339537887,354.8085724,0.3999841333,0.8,0.4999801666
0.06992824424,325.721106,0.5684730082,0.8,0.7105912602
0.03098163359,353.8786493,0.4011428397,0.8,0.5014285496
0.0600732492,308.401189,0.6648028141,0.8,0.8310035176
0.04628652863,350.6114577,0.4241816287,0.8,0.5302270358
0.05056999399,304.3453049,0.6853544787,0.8,0.8566930983
0.06450108637,311.7517299,0.6466938076,0.8,0.8083672594
0.05302423148,334.6024233,0.51562316,0.8,0.64452895
0.06357226966,355.3325859,0.4002318731,0.8,0.5002898414
0.06075015388,321.0228427,0.5936621335,0.8,0.7420776668
0.06493663737,298.4692498,0.7218618463,0.8,0.9023273079
0.01014834037,334.9994394,0.4711762979,0.8,0.5889703724
0.02901702486,333.1463902,0.5149926366,0.8,0.6437407957
0.04967576676,298.8614906,0.7159316202,0.8,0.8949145253
0.007634544841,300.6436444,0.6269533877,0.8,0.7836917346
0.05548132626,300.4825374,0.7084429569,0.8,0.8855536961
0.04636455034,343.781709,0.462551985,0.8,0.5781899812
0.0225935678,328.4503071,0.5352778961,0.8,0.6690973701
0.07403527035,337.7880788,0.5006030912,0.8,0.625753864
0.03936637724,311.882491,0.6390083902,0.8,0.7987604877
0.03253843606,317.3514539,0.6049026783,0.8,0.7561283479
0.006980782628,305.5681521,0.594679812,0.8,0.743349765
0.04207077388,306.6905077,0.6692337744,0.8,0.836542218
0.07211533116,316.779361,0.6193813503,0.8,0.7742266879
0.0640951681,341.7800996,0.4768920948,0.8,0.5961151185
0.05188214469,325.7789877,0.5650629616,0.8,0.706328702
0.07130191604,319.2337467,0.6053769605,0.8,0.7567212006
0.0505061843,299.25789,0.7139601819,0.8,0.8924502274
0.0335706745,329.3697102,0.5386367207,0.8,0.6732959009
0.01146047418,302.0156248,0.6494182603,0.8,0.8117728254
0.02708674619,356.1862623,0.3863810612,0.8,0.4829763266
0.04002435842,330.2478744,0.5365494761,0.8,0.6706868451
0.03544013314,308.3808751,0.6565736887,0.8,0.8207171109
0.04594826975,324.6736908,0.5697344878,0.8,0.7121681097
0.01927722167,316.6808573,0.5948436944,0.8,0.743554618
0.07569233498,310.6891533,0.6543404164,0.8,0.8179255206
0.006857315537,320.9585825,0.5173853327,0.8,0.6467316658
0.07925457519,315.5588211,0.6271507584,0.8,0.7839384481
0.036416523,345.1499799,0.4519548318,0.8,0.5649435397
0.03753620618,325.7696418,0.5605911616,0.8,0.7007389519
0.07245029478,352.1576551,0.4190584969,0.8,0.5238231211
0.07089978967,331.8376028,0.5339654042,0.8,0.6674567553
0.05979986815,328.1552574,0.5532264641,0.8,0.6915330802
0.05889964242,308.8313095,0.6621341371,0.8,0.8276676714
0.0443538617,331.8189633,0.5291655765,0.8,0.6614569706
0.02452755147,348.8506227,0.425112656,0.8,0.53139082
0.02792223639,305.5002614,0.6670987551,0.8,0.8338734439
0.04322009726,345.3405976,0.4530212518,0.8,0.5662765647
0.05447412291,325.8451308,0.565256865,0.8,0.7065710812
0.06640880354,304.2990303,0.6891597396,0.8,0.8614496745
0.05776669938,337.9988425,0.4973345731,0.8,0.6216682163
0.02459315857,304.8461572,0.6671965681,0.8,0.8339957101
0.02198564718,299.2672663,0.69424595,0.8,0.8678074375
0.01022987941,304.3784733,0.6299871831,0.8,0.7874839788
0.04132194574,311.5015663,0.6419796417,0.8,0.8024745521
0.05483061019,304.1893736,0.6873851333,0.8,0.8592314166
0.01371851662,317.2468959,0.5785426015,0.8,0.7231782518
0.01225765656,313.9404367,0.5905960189,0.8,0.7382450237
0.03617639439,311.6257602,0.6388826461,0.8,0.7986033077
0.008013658309,347.9376255,0.3932491759,0.8,0.4915614699
0.006126467558,302.6137541,0.5967387469,0.8,0.7459234336
0.03416522172,305.4119531,0.6723543965,0.8,0.8404429957
0.01603575084,301.6588541,0.6688719912,0.8,0.836089989
0.03907440332,345.7136999,0.4497239506,0.8,0.5621549383
0.005443395645,327.4129087,0.466984277,0.8,0.5837303463
0.03069687256,342.8358373,0.4622855372,0.8,0.5778569215
0.04008385667,309.6986478,0.6515438351,0.8,0.8144297939
0.0554537303,337.9847614,0.4970214933,0.8,0.6212768666
0.02088087986,323.2496434,0.5615614247,0.8,0.7019517809
0.0732375097,351.2887238,0.4240486024,0.8,0.5300607531
0.0701473463,343.8082755,0.4661142312,0.8,0.582642789
0.05710621049,317.7338859,0.6115322834,0.8,0.7644153543
0.05143950751,300.3968123,0.7078297866,0.8,0.8847872332
0.005400243585,301.6243092,0.588066766,0.8,0.7350834575
0.04317504037,344.138791,0.4597465226,0.8,0.5746831533
0.04101455357,305.060994,0.6779098315,0.8,0.8473872894
0.03313183041,332.6878374,0.5199461539,0.8,0.6499326924
0.006785717145,333.8326454,0.4533370793,0.8,0.5666713492
0.01129542609,337.4196991,0.463569299,0.8,0.5794616237
0.04744143293,355.394509,0.3975509531,0.8,0.4969386914
0.03904277438,341.4128945,0.4737592914,0.8,0.5921991142
0.009190384843,307.9910679,0.6041827082,0.8,0.7552283852
0.02822041525,341.9352259,0.4658332928,0.8,0.582291616
0.01044648505,320.6315834,0.547077169,0.8,0.6838464612
0.03585300962,342.7589804,0.4650771587,0.8,0.5813464484
0.05925377234,344.2928783,0.4620441076,0.8,0.5775551345
0.07344325495,324.7800401,0.5742299951,0.8,0.7177874939
0.0561166293,304.1152627,0.6881171686,0.8,0.8601464607
0.07218321566,355.0287646,0.4027753357,0.8,0.5034691696
0.0536265959,302.416073,0.6970676171,0.8,0.8713345214
0.03955331572,317.6538053,0.6068133867,0.8,0.7585167333
0.008469787832,338.632552,0.4431552705,0.8,0.5539440881
0.04253516888,346.7208617,0.4451024564,0.8,0.5563780705
0.0350733825,321.4555465,0.5834936762,0.8,0.7293670953
0.02202792486,301.9088487,0.6798566061,0.8,0.8498207576
0.04077802101,324.2868453,0.5701870575,0.8,0.7127338218
0.07633560609,327.8065038,0.5574008208,0.8,0.6967510261
0.06424871115,324.1550129,0.5765395864,0.8,0.720674483
0.03879353931,310.5311999,0.6463007638,0.8,0.8078759548
0.05827299108,353.0976894,0.4122171122,0.8,0.5152713902
0.05008679648,337.9116349,0.4963844508,0.8,0.6204805635
0.04646097677,329.4490026,0.5430660727,0.8,0.6788325908
0.00610902152,331.3007254,0.4579461363,0.8,0.5724326704
0.07344580748,308.2204802,0.6680352121,0.8,0.8350440151
0.07585522578,355.0097338,0.4031790783,0.8,0.5039738479
0.07316760993,335.3719817,0.514200985,0.8,0.6427512312
0.05964290319,303.1552027,0.6943301229,0.8,0.8679126537
0.01997702282,332.7398739,0.5085777554,0.8,0.6357221942
0.03484268911,317.127869,0.6074882342,0.8,0.7593602927
0.07002169022,337.9939387,0.499013644,0.8,0.623767055
0.0565241895,320.2915208,0.5969879741,0.8,0.7462349676
0.0325095261,354.4638139,0.3985519848,0.8,0.498189981
0.07232514758,357.1815413,0.3905953097,0.8,0.4882441371
0.0366325075,329.8162465,0.5376070948,0.8,0.6720088685
0.01991276287,332.9169142,0.5075252762,0.8,0.6344065952
0.06296522944,338.4852862,0.4953639149,0.8,0.6192048937
0.01095753191,334.3216816,0.4783629985,0.8,0.5979537482
0.04719058126,355.5093959,0.3968568841,0.8,0.4960711051
0.03399854003,303.3362099,0.6838067651,0.8,0.8547584564
0.005792310928,340.7889789,0.4083434747,0.8,0.5104293433
0.03639139828,343.1883158,0.4628907449,0.8,0.5786134312
0.06302088231,315.3704848,0.6259875157,0.8,0.7824843946
0.03733614304,346.762295,0.4432851621,0.8,0.5541064526
0.03981711593,354.9619674,0.3982235618,0.8,0.4977794522
0.06813547143,347.1164487,0.4471814604,0.8,0.5589768255
0.04446308764,320.0246894,0.5953634963,0.8,0.7442043704
0.01771949977,310.2019003,0.6269581498,0.8,0.7836976872
0.01808501944,305.7753907,0.6516940811,0.8,0.8146176014
0.04204010069,328.0259947,0.5496981015,0.8,0.6871226268
0.04264745116,303.1383504,0.6893752865,0.8,0.8617191081
0.02556169128,322.1504397,0.5729758408,0.8,0.716219801
0.0149775776,318.2871692,0.5767937374,0.8,0.7209921718
0.04470150725,317.047278,0.612146927,0.8,0.7651836588
0.07639490352,356.3249044,0.3957658665,0.8,0.4947073332
0.06035905405,344.5651547,0.4606629187,0.8,0.5758286483
0.02969290116,350.87948,0.4171539457,0.8,0.5214424321
0.07399508201,301.4899554,0.7062397641,0.8,0.8827997051
0.07739655463,352.5480143,0.4172505385,0.8,0.5215631732
0.06276681396,334.3831498,0.5185152317,0.8,0.6481440397
0.02043333454,340.1485279,0.4688067486,0.8,0.5860084358
0.03902871004,327.9221976,0.5491793184,0.8,0.6864741479
0.007660440563,335.5411357,0.452836792,0.8,0.56604599
0.02131338248,351.0551576,0.4102483926,0.8,0.5128104907
0.05351541921,302.9607207,0.6939699057,0.8,0.8674623821
0.07191399216,347.7608868,0.4439097321,0.8,0.5548871651
0.006027682829,317.1352453,0.5251382418,0.8,0.6564228023
0.05306149254,302.3053215,0.6975401317,0.8,0.8719251647
0.04551893988,315.8532303,0.6191178431,0.8,0.7738973039
0.03779638581,312.7135456,0.6336317671,0.8,0.7920397089
0.01489713466,308.108697,0.6309786109,0.8,0.7887232636
0.01412207544,347.8565652,0.4168595559,0.8,0.5210744449
0.06125355509,350.3914382,0.4278784512,0.8,0.534848064
0.02928612148,335.3551749,0.5029348705,0.8,0.6286685882
0.05361588037,356.9103198,0.3900671665,0.8,0.4875839581
0.06888883997,304.2065044,0.6900923809,0.8,0.8626154761
0.0710553184,355.270269,0.4013110105,0.8,0.5016387631
0.0739255116,313.879593,0.636039573,0.8,0.7950494663
0.01841363885,312.7317944,0.6146866887,0.8,0.7683583609
0.07923030426,327.3716811,0.5601589197,0.8,0.7001986496
0.0179235625,329.0697369,0.5252990601,0.8,0.6566238251
0.03760430404,324.187539,0.569456621,0.8,0.7118207763
0.0112263722,313.9553978,0.5858182334,0.8,0.7322727918
0.05837221903,358.0552039,0.3842552747,0.8,0.4803190933
0.04751029092,301.6645525,0.6994645724,0.8,0.8743307154
0.05131612633,313.9466559,0.6315292247,0.8,0.7894115308
0.02198318286,303.1714032,0.6728805352,0.8,0.841100669
0.05421758699,337.6113206,0.4989024499,0.8,0.6236280624
0.05399115871,325.200324,0.5687885013,0.8,0.7109856266
0.04922895706,298.1614004,0.7197256095,0.8,0.8996570119
0.05854877589,330.9104059,0.5374622736,0.8,0.671827842
0.0384768884,305.4230864,0.674698716,0.8,0.843373395
0.07764396716,357.8244274,0.3873559563,0.8,0.4841949453
0.05558709124,302.226067,0.6986401035,0.8,0.8733001294
0.02562444703,310.5859098,0.6367557074,0.8,0.7959446343
0.05826920414,333.7463494,0.5214115639,0.8,0.6517644549
0.02438247138,352.0934855,0.4071712487,0.8,0.5089640609
0.03474772513,323.6764433,0.5709497962,0.8,0.7136872453
0.05913632758,335.9679582,0.5090156214,0.8,0.6362695267
0.04875993537,352.9026012,0.4118083897,0.8,0.5147604871
0.05052811366,315.4167435,0.6230480223,0.8,0.7788100279
0.05310706346,328.8240665,0.548186205,0.8,0.6852327563
0.07949561907,333.0140991,0.5281858769,0.8,0.6602323461
0.02126160715,348.103716,0.4263196418,0.8,0.5328995523
0.006005224498,332.0277111,0.4531086535,0.8,0.5663858169
0.01561312329,350.6249257,0.4050490759,0.8,0.5063113448
0.07371803305,311.5378763,0.6492789075,0.8,0.8115986344
0.06071599902,312.9316089,0.6393475535,0.8,0.7991844419
0.05974377116,344.1840348,0.4627285216,0.8,0.578410652
0.0416209067,351.381815,0.4187475819,0.8,0.5234344774
0.05849622383,336.7488297,0.5045060348,0.8,0.6306325435
0.04022112588,317.1945984,0.6096606868,0.8,0.7620758586
0.04808967941,352.2196705,0.4155181969,0.8,0.5193977461
0.01973925242,341.0777772,0.4628799042,0.8,0.5785998803
0.05567843852,329.5899371,0.5443896705,0.8,0.6804870881
0.0131046779,306.7070664,0.6322201161,0.8,0.7902751451
0.07412647978,316.6570911,0.6203292715,0.8,0.7754115894
0.0487485014,330.6498119,0.5369142483,0.8,0.6711428104
0.06246322571,299.8431842,0.7136178238,0.8,0.8920222798
0.04810790124,330.8680848,0.5355273051,0.8,0.6694091313
0.00853080051,298.6197758,0.6463393164,0.8,0.8079241455
0.07692186125,348.3972047,0.4407430374,0.8,0.5509287968
0.03912608932,349.7498686,0.427173244,0.8,0.533966555
0.01277985031,345.9094801,0.42383896,0.8,0.5297987
0.03970952656,298.5319859,0.7138380971,0.8,0.8922976213
0.05060053908,356.2367477,0.3933837317,0.8,0.4917296646
0.06883917387,316.7330865,0.6191959021,0.8,0.7739948776
0.05961403277,310.7699457,0.6513375982,0.8,0.8141719977
0.01993983827,310.220392,0.6311229531,0.8,0.7889036914
0.02681189073,356.6779367,0.3835081606,0.8,0.4793852008
0.05560841099,339.7207573,0.4872617326,0.8,0.6090771658
0.03781523184,301.5033255,0.6962596637,0.8,0.8703245797
0.03358524748,298.1576921,0.7123591702,0.8,0.8904489628
0.02206435766,308.7325776,0.642568788,0.8,0.803210985
0.02998448493,351.1493464,0.4158063212,0.8,0.5197579015
0.06866920499,305.7028312,0.6815898537,0.8,0.8519873171
0.06953157356,357.1661739,0.3904448163,0.8,0.4880560203
0.02320065989,354.8383202,0.3911933221,0.8,0.4889916526
0.07968749384,314.1167129,0.6353765066,0.8,0.7942206332
0.05991935864,357.4621015,0.3877896735,0.8,0.4847370919
0.02071133004,349.305231,0.4191897247,0.8,0.5239871559
0.008096727072,316.0067734,0.5545416751,0.8,0.6931770939
0.06267033981,337.0486564,0.5034406661,0.8,0.6293008327
0.0479774171,334.8923758,0.5128773109,0.8,0.6410966386
0.03630136508,333.7095057,0.5157401634,0.8,0.6446752042
0.02429096659,309.366188,0.6419833383,0.8,0.8024791729
0.06630728638,317.7145364,0.6132693943,0.8,0.7665867429
0.03525137084,329.5563864,0.538429663,0.8,0.6730370787
0.06056388584,304.6152303,0.6862793328,0.8,0.857849166
0.0312712634,325.8642937,0.5568177914,0.8,0.6960222393
0.05037875151,347.085269,0.4448344443,0.8,0.5560430553
0.07318900483,347.469558,0.4456776931,0.8,0.5570971163
0.05273641078,307.6331928,0.6674467997,0.8,0.8343084997
0.0411922874,349.4260812,0.4295837305,0.8,0.5369796631
0.06823462633,356.7586484,0.3926338859,0.8,0.4907923573
0.05078108561,316.8075426,0.6152888687,0.8,0.7691110859
0.03161346862,354.3276434,0.3989304847,0.8,0.4986631058
0.01272132578,338.160059,0.4645934351,0.8,0.5807417939
0.06371353925,321.7080959,0.5902866498,0.8,0.7378583122
0.04755257042,334.147837,0.5169565598,0.8,0.6461956998
0.05891201247,357.486766,0.3875294571,0.8,0.4844118214
0.04730671767,308.0721122,0.6633958637,0.8,0.8292448296
0.02142685574,344.6942214,0.4451182417,0.8,0.5563978021
0.06977662852,350.0620674,0.4306774965,0.8,0.5383468706
0.04542548761,320.7251804,0.5917414174,0.8,0.7396767718
0.06695898925,315.9773964,0.6231940959,0.8,0.7789926199
0.01892536342,303.2234796,0.6672746772,0.8,0.8340933464
0.04370759345,328.5576333,0.5472614129,0.8,0.6840767661
0.04966627079,330.3922672,0.5385851469,0.8,0.6732314336
0.05948787888,351.3170699,0.4224266049,0.8,0.5280332561
0.04449876492,303.9114309,0.685772449,0.8,0.8572155612
0.03675728269,348.8516881,0.4314200888,0.8,0.539275111
0.07552760138,313.1255076,0.6405128815,0.8,0.8006411018
0.0187102216,329.5643394,0.5239465546,0.8,0.6549331932
0.06230836525,336.6623536,0.5055720807,0.8,0.6319651008
0.00854613047,319.1317283,0.5425022793,0.8,0.6781278492
0.05624406649,328.4042155,0.5511834021,0.8,0.6889792527
0.05692808811,341.4698298,0.4776186277,0.8,0.5970232846
0.009791006161,334.7783331,0.470522155,0.8,0.5881526937
0.009192640855,334.0636089,0.4708791285,0.8,0.5885989106
0.06710599271,327.6621793,0.5571187764,0.8,0.6963984705
0.03636213237,341.5855323,0.4718222242,0.8,0.5897777803
0.07447793455,306.7656431,0.6764161689,0.8,0.8455202111
0.03523784212,353.9291347,0.4025669347,0.8,0.5032086684
0.07208836316,308.8490245,0.6642881911,0.8,0.8303602389
0.02202437688,347.3472126,0.4312111649,0.8,0.5390139562
0.03731426523,335.1935833,0.5078738576,0.8,0.634842322
0.06128954904,350.0260465,0.4299466642,0.8,0.5374333302
0.07929755357,313.4908149,0.6388829862,0.8,0.7986037327
0.05441561437,339.8071962,0.4865647099,0.8,0.6082058873
0.05032953206,351.4319432,0.4203702463,0.8,0.5254628078
0.03583072293,350.5048938,0.421869722,0.8,0.5273371525
0.06633385402,306.2250682,0.6782539038,0.8,0.8478173798
0.06898560149,334.4986744,0.5186770383,0.8,0.6483462979
0.05926608108,315.4680328,0.6247489009,0.8,0.7809361261
0.05655173224,314.496822,0.6296730593,0.8,0.7870913242
0.0137128988,334.9707934,0.4843697394,0.8,0.6054621742
0.02050108119,329.3353354,0.5278433106,0.8,0.6598041382
0.01713871033,344.6099743,0.4399982808,0.8,0.549997851
0.0675082413,333.0981218,0.526420286,0.8,0.6580253575
0.07620578365,357.5614284,0.3887434674,0.8,0.4859293343
0.01294682546,299.8662379,0.6677643315,0.8,0.8347054144
0.03657471473,325.5502565,0.5613878044,0.8,0.7017347555
0.07070280835,314.6429993,0.6312883678,0.8,0.7891104597
0.03354036836,301.6656926,0.6928048569,0.8,0.8660060712
0.04996529228,303.1875135,0.6916881235,0.8,0.8646101543
0.06459049818,335.9692097,0.5098042843,0.8,0.6372553554
0.03375343327,328.357031,0.5443684104,0.8,0.680460513
0.06489966279,315.0809204,0.6279393017,0.8,0.7849241272
0.05165154028,301.2613008,0.7030251195,0.8,0.8787813993
0.03955519105,320.5529724,0.5905992726,0.8,0.7382490908
0.05118176694,326.5281337,0.5606838558,0.8,0.7008548198
0.02441729755,302.8480917,0.6779710838,0.8,0.8474638548
0.04480078066,335.8347767,0.5067625875,0.8,0.6334532344
0.06266435999,327.9188737,0.5550248655,0.8,0.6937810819
0.07409593489,353.8603163,0.4095528576,0.8,0.511941072
0.05247681544,322.493992,0.5836959391,0.8,0.7296199239
0.01997317967,352.5558876,0.4006839582,0.8,0.5008549478
0.07612117605,307.8123548,0.6706984939,0.8,0.8383731174
0.07867113502,337.066394,0.505131833,0.8,0.6314147913
0.009181303193,335.6206285,0.4628516888,0.8,0.578564611
0.06623788891,338.9752192,0.4930186012,0.8,0.6162732515
0.06998564437,341.3110505,0.4802330298,0.8,0.6002912873
0.06118511321,345.936626,0.4530298334,0.8,0.5662872918
0.02060950139,356.1421968,0.3817954768,0.8,0.4772443461
0.01988133344,298.9204452,0.6925296658,0.8,0.8656620823
0.0134181639,304.7075422,0.6440311665,0.8,0.8050389581
0.07595297079,306.1471632,0.6801145772,0.8,0.8501432215
0.01181877836,301.9923926,0.6513736956,0.8,0.8142171195
0.07163932881,348.6881627,0.4386330571,0.8,0.5482913214
0.04083697932,334.1154387,0.5151906214,0.8,0.6439882768
0.07275338372,334.6860024,0.5180424901,0.8,0.6475531126
0.0677684817,319.0163271,0.6061226413,0.8,0.7576533016
0.04438119754,339.1100686,0.4882723137,0.8,0.6103403921
0.06917041989,309.6827015,0.6591445816,0.8,0.823930727
0.02494099264,302.7368463,0.6792156849,0.8,0.8490196061
0.01629428125,340.406422,0.4611777036,0.8,0.5764721296
0.07258072375,323.3374189,0.5822988293,0.8,0.7278735366
0.03933741512,318.1292951,0.6040626069,0.8,0.7550782586
0.04106270325,335.7394327,0.5061741408,0.8,0.6327176759
0.01625538734,304.0494601,0.6566223869,0.8,0.8207779836
0.06789332696,338.3270634,0.4968844044,0.8,0.6211055055
0.06008063872,338.9524828,0.492313121,0.8,0.6153914013
0.0324062666,328.6156189,0.542201755,0.8,0.6777521938
0.01722144869,341.6442469,0.4561393376,0.8,0.570174172
0.05434962809,332.5830817,0.5272616612,0.8,0.6590770765
0.06213130607,336.5116798,0.5063979937,0.8,0.6329974921
0.01406773892,356.1115099,0.3727982564,0.8,0.4659978205
0.0324055557,347.9951685,0.4344689029,0.8,0.5430861287
0.01924955358,330.9403122,0.5173176899,0.8,0.6466471124
0.05643054105,321.8408185,0.5882318409,0.8,0.7352898012
0.01828567014,326.8461748,0.5379711688,0.8,0.6724639609
0.05638719102,351.6196593,0.4202934571,0.8,0.5253668214
0.02795634815,327.4144792,0.5459561687,0.8,0.6824452108
0.06694984131,353.6865159,0.4098906005,0.8,0.5123632506
0.03021428442,343.4459739,0.4586405424,0.8,0.573300678
0.03984532324,309.4263073,0.6529612354,0.8,0.8162015442
0.007635599418,340.2929154,0.4288978836,0.8,0.5361223545
0.01477447427,339.619276,0.4622652123,0.8,0.5778315154
0.07332460308,318.7195357,0.6085462279,0.8,0.7606827848
0.03231905927,319.2532976,0.5941938466,0.8,0.7427423083
0.06505371287,304.3935678,0.6883887222,0.8,0.8604859027
0.05305989963,308.3855433,0.6632936101,0.8,0.8291170127
0.02023331812,349.8716201,0.4155874084,0.8,0.5194842604
0.05946617596,311.1448818,0.6491914135,0.8,0.8114892668
0.05172033282,300.5550048,0.7070209039,0.8,0.8837761299
0.03053581369,324.3618108,0.5646869164,0.8,0.7058586455
0.02401673235,330.6353754,0.5247950533,0.8,0.6559938166
0.04744588353,332.1653338,0.5280688996,0.8,0.6600861245
0.02043882555,352.9139383,0.3992262803,0.8,0.4990328504
0.01317894186,349.5599798,0.4055830631,0.8,0.5069788288
0.06433147465,354.7960295,0.4033461956,0.8,0.5041827445
0.06442240901,340.160995,0.4860860649,0.8,0.6076075811
0.0724421931,315.9697667,0.6240089427,0.8,0.7800111784
0.03559598563,334.1363706,0.5130534634,0.8,0.6413168292
0.005434216902,335.9062639,0.4266784125,0.8,0.5333480157
0.06675231246,307.8266951,0.6692648723,0.8,0.8365810903
0.01877975768,342.6656314,0.4529729127,0.8,0.5662161409
0.02658287397,356.1677691,0.3861897436,0.8,0.4827371795
0.01461870139,312.0464699,0.6090933516,0.8,0.7613666895
0.07426067068,309.4685842,0.6610732204,0.8,0.8263415255
0.03462847133,330.2305411,0.5343747956,0.8,0.6679684945
0.04669536768,305.038517,0.6802338958,0.8,0.8502923697
0.07392009295,309.060409,0.6633407198,0.8,0.8291758998
0.07109746733,351.5354405,0.4224609397,0.8,0.5280761747
0.05131804919,299.9757478,0.7101641388,0.8,0.8877051735
0.03715875749,350.3820044,0.4230144861,0.8,0.5287681076
0.007225543551,309.4772405,0.5783227694,0.8,0.7229034617
0.02243872419,316.6452678,0.5997571061,0.8,0.7496963826
0.00606620842,329.8134208,0.464571603,0.8,0.5807145038
0.02593037555,310.2534999,0.6389063171,0.8,0.7986328963
0.02718702303,341.3213724,0.4685430169,0.8,0.5856787712
0.05452266486,304.2367923,0.6870405116,0.8,0.8588006395
0.02863709149,334.6425347,0.5064563263,0.8,0.6330704078
0.005428564058,318.2474223,0.5100702688,0.8,0.6375878359
0.05972206123,352.9146674,0.4134380849,0.8,0.5167976061
0.0419925903,350.9209524,0.421426444,0.8,0.526783055
0.0378808094,305.077362,0.6763293153,0.8,0.8454116442
0.01294949159,342.7274761,0.4411298195,0.8,0.5514122743
0.01506673871,326.3928063,0.5336753829,0.8,0.6670942286
0.008334314225,313.0900736,0.5713375194,0.8,0.7141718992
0.04006897561,349.2077156,0.430486754,0.8,0.5381084426
0.02991319524,300.7755141,0.6950206093,0.8,0.8687757616
0.07940868003,328.5941208,0.5532438057,0.8,0.6915547571
0.06247880232,347.0879632,0.4466926401,0.8,0.5583658002
0.03316671221,346.2150918,0.4447070636,0.8,0.5558838295
0.01140732122,348.6090723,0.4054855114,0.8,0.5068568893
0.03431783104,340.7284939,0.4757544599,0.8,0.5946930749
0.03191977219,306.7398518,0.663471403,0.8,0.8293392537
0.07437211472,330.7433161,0.5405504976,0.8,0.6756881221
0.05343535017,330.7842017,0.5372137024,0.8,0.671517128
0.01283457908,298.7490529,0.6731854193,0.8,0.8414817741
0.02032000274,334.9583935,0.49695233,0.8,0.6211904125
0.07492308988,333.5335953,0.524798293,0.8,0.6559978662
0.04819452337,348.2074229,0.4380902852,0.8,0.5476128565
0.03092542507,315.4579404,0.6143581668,0.8,0.7679477084
0.05316471855,345.9324199,0.4518338602,0.8,0.5647923252
0.02685179899,354.1998501,0.397211895,0.8,0.4965148688
0.03872910823,341.3819604,0.4738250846,0.8,0.5922813558
0.0636775153,356.6523162,0.392784455,0.8,0.4909805688
0.0232178954,303.4639904,0.6730399711,0.8,0.8412999639
0.06387144435,348.3085093,0.4399646289,0.8,0.5499557862
0.01431440591,307.3417572,0.6332190588,0.8,0.7915238235
0.01215004244,349.5012003,0.4031169266,0.8,0.5038961582
0.02282088931,338.1777743,0.4822130945,0.8,0.6027663681
0.02356329506,328.4292196,0.5364506163,0.8,0.6705632704
0.06256849093,330.1816517,0.542225227,0.8,0.6777815337
0.02491453935,307.1061785,0.6551384206,0.8,0.8189230257
0.0411452475,341.9140289,0.4716300718,0.8,0.5895375897
0.04194714747,343.6614989,0.4620802533,0.8,0.5776003166
0.04566586528,333.0806923,0.522456962,0.8,0.6530712025
0.07012543592,344.2185587,0.4637894675,0.8,0.5797368344
0.01135987577,331.0266226,0.4972356512,0.8,0.621544564
0.05587114601,308.311671,0.6643980104,0.8,0.830497513
0.04280624845,348.7099491,0.4340265666,0.8,0.5425332083
0.01714686926,327.2158462,0.5338747292,0.8,0.6673434115
0.01049786035,329.3419801,0.5021664834,0.8,0.6277081042
0.01071045217,303.0485781,0.6398407141,0.8,0.7998008926
0.0445966976,347.4749,0.4414001442,0.8,0.5517501802
0.0746885665,305.4248157,0.6840414849,0.8,0.8550518562
0.04017785007,337.0379758,0.4986123735,0.8,0.6232654669
0.06286696877,346.9994772,0.4472409291,0.8,0.5590511614
0.03966847697,348.8616511,0.4323041752,0.8,0.540380219
0.07825747729,306.174166,0.6802503371,0.8,0.8503129213
0.07209531893,335.704121,0.5122056076,0.8,0.6402570095
0.01253568263,354.5256603,0.3777117163,0.8,0.4721396453
0.07124510696,313.6181582,0.6371655215,0.8,0.7964569019
0.05968784767,347.1737789,0.4458426514,0.8,0.5573033142
0.03472431883,337.1133306,0.4960732906,0.8,0.6200916133
0.03711104624,327.9563105,0.5481969911,0.8,0.6852462389
0.04546623703,339.4042317,0.4869078233,0.8,0.6086347792
0.07810726509,353.9014293,0.409630757,0.8,0.5120384462
0.06266006676,308.7692535,0.6632231305,0.8,0.8290289131
0.006701922582,311.316154,0.5628271035,0.8,0.7035338794
0.05627566864,341.8556625,0.4753365796,0.8,0.5941707245
0.0555674766,350.3493955,0.4273345205,0.8,0.5341681506
0.04404677719,344.978945,0.4552643748,0.8,0.5690804684
0.02197566178,305.5549299,0.6598278916,0.8,0.8247848646
0.06346545239,330.5721975,0.5401520986,0.8,0.6751901233
0.0549537539,345.8331762,0.4526957493,0.8,0.5658696866
0.06616788537,323.4413807,0.5808603615,0.8,0.7260754519
0.0618693129,332.7674133,0.5275113223,0.8,0.6593891529
0.05193832837,317.8658286,0.6096258992,0.8,0.762032374
0.0220904475,319.8944744,0.5815188079,0.8,0.7268985099
0.0700790914,301.0755624,0.7080018004,0.8,0.8850022505
0.07372020803,329.5832296,0.5470520276,0.8,0.6838150345
0.03924092728,344.9496417,0.4540495985,0.8,0.5675619981
0.03667089,331.8787476,0.5261133291,0.8,0.6576416614
0.0360107637,344.2518464,0.4568121411,0.8,0.5710151763
0.05956878268,346.2559075,0.4510077707,0.8,0.5637597134
0.03336912799,307.593567,0.6597040012,0.8,0.8246300016
0.0708477718,351.9446477,0.4201212447,0.8,0.5251515559
0.02834698786,316.2262282,0.6081468996,0.8,0.7601836245
0.07079924414,328.1064595,0.5550777229,0.8,0.6938471537
0.04656640099,311.3707716,0.6446264546,0.8,0.8057830683
0.02140056925,351.7560213,0.4065035578,0.8,0.5081294473
0.0708326739,354.3748696,0.4063609545,0.8,0.5079511932
0.07056241348,325.7825809,0.5682049719,0.8,0.7102562149
0.0479390044,311.1819798,0.6461204104,0.8,0.807650513
0.009202040335,333.8068289,0.472247603,0.8,0.5903095037
0.07416463157,300.8559581,0.7098555803,0.8,0.8873194754
0.05371813985,319.8366525,0.5989478195,0.8,0.7486847744
0.06268280994,327.8648063,0.5553332106,0.8,0.6941665132
0.01153556173,354.9633997,0.372643442,0.8,0.4658043024
0.04577377988,332.2325689,0.5272477292,0.8,0.6590596615
0.03598176816,306.3435256,0.6682411704,0.8,0.8353014631
0.05915956277,303.5426992,0.6920389412,0.8,0.8650486765
0.05600739582,312.7492409,0.6394084675,0.8,0.7992605843
0.05618506817,339.2057676,0.4902640035,0.8,0.6128300044
0.0158313912,342.3034521,0.4501050239,0.8,0.5626312799
0.06826913952,349.1784115,0.4355283228,0.8,0.5444104035
0.01414867781,324.2290193,0.5427376995,0.8,0.6784221244
0.01108074241,349.4266086,0.4001083306,0.8,0.5001354132
0.01501661461,300.3869235,0.672640169,0.8,0.8408002113
0.03903266101,328.0907446,0.5482385431,0.8,0.6852981789
0.07970262442,330.5549868,0.5421512266,0.8,0.6776890332
0.04113057196,327.7334909,0.551020492,0.8,0.688775615
0.05766704106,301.069915,0.7056585245,0.8,0.8820731556
0.0490693582,323.3031148,0.5783030346,0.8,0.7228787933
0.02582795388,343.0895118,0.4578142288,0.8,0.572267786
0.0158595761,339.4865812,0.465282695,0.8,0.5816033687
0.0432442791,300.7514983,0.7029997319,0.8,0.8787496649
0.05505803658,334.0633833,0.5190542727,0.8,0.6488178409
0.05729823928,331.0404578,0.5365096173,0.8,0.6706370216
0.03267396984,345.0153159,0.4511585659,0.8,0.5639482074
0.07500707106,337.6376331,0.5015515277,0.8,0.6269394096
0.01936828761,348.8347114,0.4202337065,0.8,0.5252921332
0.06425496132,317.463458,0.6143654663,0.8,0.7679568328
0.03640241749,323.8428836,0.5708351621,0.8,0.7135439526
0.04219234019,312.9547451,0.6341877576,0.8,0.792734697
0.06875305484,305.5484162,0.6824769292,0.8,0.8530961615
0.07491848829,308.85211,0.6646519846,0.8,0.8308149807
0.06370497183,320.5584268,0.596782992,0.8,0.74597874
0.05202361958,344.9289862,0.4572795893,0.8,0.5715994866
0.007173615447,326.9768119,0.4910668845,0.8,0.6138336056
0.03479855845,346.3387984,0.4447027772,0.8,0.5558784714
0.03757656697,341.8763447,0.4706552191,0.8,0.5883190239
0.02271603614,319.8019235,0.5828112794,0.8,0.7285140993
0.0533192173,312.4976381,0.6401968774,0.8,0.8002460968
0.06283981735,357.2433436,0.3893549176,0.8,0.486693647
0.03086506639,322.0491119,0.5777364106,0.8,0.7221705133
0.03968505912,323.9146186,0.5718493211,0.8,0.7148116514
0.05607581689,313.7024362,0.6340489914,0.8,0.7925612393
0.05532804275,342.9852507,0.4688108088,0.8,0.586013511
0.01998314976,350.2531151,0.4132325798,0.8,0.5165407247
0.01736509681,307.6010957,0.6402262829,0.8,0.8002828536
0.04281463205,313.6143802,0.6307290848,0.8,0.788411356
0.007262456154,305.0504568,0.6007067608,0.8,0.750883451
0.01006247839,323.7089708,0.5290670901,0.8,0.6613338626
0.01413410313,301.9411894,0.6613705763,0.8,0.8267132204
0.02595696477,342.2160385,0.4627252468,0.8,0.5784065585
0.0265430508,340.6257794,0.4719277073,0.8,0.5899096341
0.0331588121,345.6311152,0.4479524369,0.8,0.5599405461
0.04591070769,303.5445619,0.6883497169,0.8,0.8604371461
0.03643194622,303.9137887,0.6820485468,0.8,0.8525606835
0.0442476582,320.6081099,0.5920197505,0.8,0.7400246882
0.06250273508,313.7596971,0.6349982841,0.8,0.7937478551
0.01534390846,354.6161772,0.383180645,0.8,0.4789758063
0.06326675315,341.0533007,0.4808927477,0.8,0.6011159346
0.03717182516,347.0230199,0.4417723289,0.8,0.5522154111
0.06218252506,345.7706188,0.4540976187,0.8,0.5676220233
0.01763298628,338.9467836,0.4713872499,0.8,0.5892340624
0.0505844027,350.6827591,0.4246316597,0.8,0.5307895746
0.07879384474,306.7673382,0.6769516085,0.8,0.8461895106
0.01385005404,308.6405814,0.6247263593,0.8,0.7809079491
0.04348952985,323.9514051,0.573019676,0.8,0.716274595
0.07485771201,319.6347,0.6035467934,0.8,0.7544334918
0.03437995251,327.7995978,0.5477932541,0.8,0.6847415677
0.02336393026,315.5891904,0.6066995371,0.8,0.7583744213
0.01387813294,326.6793536,0.5289079127,0.8,0.6611348909
0.02210769374,301.1367948,0.6842026143,0.8,0.8552532679
0.03991597578,312.5900023,0.6352940554,0.8,0.7941175692
0.0736706038,316.6542764,0.6202885141,0.8,0.7753606426
0.01578029213,298.2030454,0.6866938202,0.8,0.8583672752
0.07435956404,333.1142334,0.5271161612,0.8,0.6588952015
0.04372949674,330.3287289,0.5373364924,0.8,0.6716706154
0.02026053597,334.6088649,0.4987792425,0.8,0.6234740531
0.01306715657,329.5734007,0.5110671537,0.8,0.6388339421
0.06499599844,316.3496168,0.6207821235,0.8,0.7759776544
0.05647367034,345.727138,0.4535361843,0.8,0.5669202303
0.02181981283,316.4746614,0.5998703041,0.8,0.7498378801
0.072563951,357.7714121,0.3872739347,0.8,0.4840924184
0.02324355425,335.5947287,0.4968003778,0.8,0.6210004722
0.05869970502,354.5640398,0.4039979495,0.8,0.5049974368
0.0455986061,314.5747084,0.626320684,0.8,0.782900855
0.06966202874,333.6540963,0.52353737,0.8,0.6544217126
0.02218143575,344.659652,0.4460727476,0.8,0.5575909345
0.05447789578,329.0064339,0.5474424554,0.8,0.6843030692
0.03176070412,312.622743,0.6306769966,0.8,0.7883462458
0.0115461589,314.2502962,0.5858156705,0.8,0.7322695881
0.07755988376,357.9337135,0.3867304703,0.8,0.4834130879
0.05803960194,326.6630754,0.5613390987,0.8,0.7016738734
0.01782272111,343.6925375,0.4460236316,0.8,0.5575295395
0.0248230046,306.2076773,0.6599772586,0.8,0.8249715733
0.07335218321,306.9356319,0.6753006402,0.8,0.8441258002
0.02591578121,350.9440445,0.4145804912,0.8,0.518225614
0.02011910776,323.0117337,0.5617577787,0.8,0.7021972234
0.03846112521,352.2201324,0.4131622859,0.8,0.5164528574
0.04831465424,306.7637091,0.6710699482,0.8,0.8388374352
0.03663921663,338.2530329,0.490526827,0.8,0.6131585337
0.05166802542,350.631073,0.4251150136,0.8,0.5313937669
0.06301077381,331.2290678,0.5363731092,0.8,0.6704663865
0.07154636072,356.5994381,0.3938270873,0.8,0.4922838591
0.01998300574,347.5605528,0.4278924935,0.8,0.5348656169
0.06029860853,308.5820085,0.6638270881,0.8,0.8297838601
0.07755615939,328.0119655,0.5563618959,0.8,0.6954523699
0.01171334522,337.7431325,0.4634365001,0.8,0.5792956251
0.07500883484,349.7736945,0.4327832052,0.8,0.5409790065
0.006596477838,305.1119184,0.591765946,0.8,0.7397074325
0.02435181809,322.9853923,0.5671791599,0.8,0.7089739498
0.03469054915,346.946165,0.4412755778,0.8,0.5515944722
0.06070116305,312.0523208,0.6443100818,0.8,0.8053876022
0.04459055998,333.2091895,0.5214349768,0.8,0.651793721
0.04002421432,336.1746763,0.5033903862,0.8,0.6292379828
0.04840067641,314.8821375,0.6254614162,0.8,0.7818267702
0.04046023282,310.6506632,0.6463808771,0.8,0.8079760963
0.01903428361,350.0046522,0.4134701352,0.8,0.516837669
0.03357350547,351.5636223,0.4151162581,0.8,0.5188953227
0.02788466055,310.908887,0.6371598873,0.8,0.7964498591
0.03892222897,334.9389607,0.5099105113,0.8,0.6373881391
0.04874646796,328.7773189,0.5474411314,0.8,0.6843014142
0.06619853993,311.982836,0.6456681878,0.8,0.8070852347
0.0570401903,333.0917686,0.5248929286,0.8,0.6561161607
0.05785714476,357.4425205,0.3876479576,0.8,0.484559947
0.02444584536,353.9975087,0.396748432,0.8,0.49593554
0.01759590172,321.6774301,0.5646660421,0.8,0.7058325527
0.02296765111,357.2339059,0.3778729062,0.8,0.4723411327
0.06416284139,346.1334425,0.45229342,0.8,0.565366775
0.04466962955,323.8632165,0.5738944736,0.8,0.717368092
0.03749106399,349.47146,0.4282093632,0.8,0.5352617039
0.04850796684,310.7492404,0.6487257271,0.8,0.8109071588
0.05621923149,301.2839968,0.7041068604,0.8,0.8801335755
0.07335169387,346.9725747,0.4485076886,0.8,0.5606346107
0.05971465143,353.5063896,0.4100966823,0.8,0.5126208529
0.02263656939,326.495438,0.5460379512,0.8,0.682547439
0.07875268427,336.0072425,0.5111449214,0.8,0.6389311517
0.03958350546,303.4246129,0.6864109253,0.8,0.8580136567
0.01335536094,342.7304926,0.4422227204,0.8,0.5527784004
0.05092785101,345.5067481,0.4538216261,0.8,0.5672770326
0.0760979872,306.5832086,0.6776619154,0.8,0.8470773942
0.03956552322,314.6747506,0.6234803819,0.8,0.7793504773
0.0458684053,311.7299495,0.6423800065,0.8,0.8029750082
0.0243449181,353.0165605,0.4020685039,0.8,0.5025856298
0.05106714154,323.6848404,0.576658621,0.8,0.7208232763
0.05879292734,334.6392801,0.5164593067,0.8,0.6455741334
0.02822642844,353.0624728,0.4042863381,0.8,0.5053579226
0.05556919941,343.2690106,0.4672512802,0.8,0.5840641002
0.06546917611,325.5842529,0.5686411407,0.8,0.7108014259
0.06781198707,301.602601,0.704650355,0.8,0.8808129438
0.02679131607,333.1418406,0.5134190276,0.8,0.6417737846
0.02194934447,337.8392675,0.4831577628,0.8,0.6039472035
0.07709751295,315.6145386,0.6265924613,0.8,0.7832405767
0.03834449354,310.8835264,0.6441193031,0.8,0.8051491289
0.03582916941,329.6318413,0.5382771892,0.8,0.6728464865
0.02616835864,316.2173647,0.6062597833,0.8,0.7578247292
0.06633609214,344.3474188,0.462647342,0.8,0.5783091775
0.03703794392,318.0055911,0.6037150095,0.8,0.7546437619
0.06512581765,346.8159292,0.4485487605,0.8,0.5606859506
0.03802172262,344.3810402,0.4568219751,0.8,0.5710274688
0.04779036909,338.920342,0.490196051,0.8,0.6127450637
0.01826081402,337.7070377,0.4790947823,0.8,0.5988684779
0.02872848252,301.7193303,0.6887558905,0.8,0.8609448631
0.03214641969,328.6777154,0.5417095273,0.8,0.6771369091
0.05055569605,309.3922651,0.6569529,0.8,0.821191125
0.03945817032,357.7772804,0.3823795306,0.8,0.4779744132
0.024505961,331.4207753,0.520948884,0.8,0.651186105
0.07731758821,317.8545325,0.6139194298,0.8,0.7673992872
0.07358286016,326.0595563,0.5669979629,0.8,0.7087474537
0.07033463656,349.2154706,0.435523661,0.8,0.5444045762
0.04187681064,325.6353593,0.5630336514,0.8,0.7037920643
0.06742052274,300.4753536,0.7109613381,0.8,0.8887016727
0.0423008082,337.8657189,0.4946543253,0.8,0.6183179067
0.01211220818,303.6957081,0.6438438167,0.8,0.8048047709
0.04215654703,353.7387707,0.405682262,0.8,0.5071028275
0.05600482019,312.7794133,0.6392377667,0.8,0.7990472084
0.06194058869,312.4204409,0.6424629355,0.8,0.8030786694
0.06416033041,324.1515106,0.5765458577,0.8,0.7206823222
0.02749799364,321.2271705,0.5797932548,0.8,0.7247415685
0.04939196752,331.6735864,0.531313524,0.8,0.664141905
0.06846338515,356.9961251,0.391311156,0.8,0.489138945
0.04171404223,348.3824361,0.435571425,0.8,0.5444642813
0.04381997547,337.2639663,0.4984714779,0.8,0.6230893474
0.05413929781,327.6104419,0.5552397451,0.8,0.6940496813
0.07023660934,330.3258162,0.5424455449,0.8,0.6780569312
0.05441634331,317.4229122,0.6127062808,0.8,0.7658828511
0.0550535522,347.8593312,0.4412914915,0.8,0.5516143644
0.03200009763,319.1999446,0.5942909791,0.8,0.7428637239
0.04109892199,312.0208559,0.6389803248,0.8,0.798725406
0.06974436686,322.3059979,0.5877798068,0.8,0.7347247585
0.06926966121,353.0724097,0.4135906855,0.8,0.5169883569
0.03990532771,311.1966922,0.6430840283,0.8,0.8038550354
0.04482957284,338.1903444,0.493553119,0.8,0.6169413988
0.04317971116,302.527935,0.693014657,0.8,0.8662683213
0.02315788793,307.3221458,0.6517958264,0.8,0.814744783
0.01795991468,311.5019519,0.6204334624,0.8,0.7755418279
0.05316234669,300.3303198,0.7086917798,0.8,0.8858647247
0.008947890375,317.4470551,0.5541032158,0.8,0.6926290198
0.03246823101,317.8764866,0.6019400552,0.8,0.752425069
0.03158452946,333.9702802,0.5119873918,0.8,0.6399842398
0.06397090985,351.6684813,0.4209850849,0.8,0.5262313561
0.02281842242,341.3492428,0.4648265456,0.8,0.581033182
0.01949436321,358.0754566,0.3701406762,0.8,0.4626758452
0.06474699207,338.3895867,0.4961418787,0.8,0.6201773483
0.01720568571,311.3984854,0.6193623392,0.8,0.774202924
0.01844704909,336.0296143,0.4884725367,0.8,0.6105906708
0.07099377341,326.1673798,0.5660798911,0.8,0.7075998639
0.03112561454,304.7468049,0.6739590452,0.8,0.8424488064
0.06077259415,340.6547217,0.4828024278,0.8,0.6035030348
0.03962121711,345.3210215,0.4520934892,0.8,0.5651168615
0.06777026629,352.3114322,0.4177514459,0.8,0.5221893074
0.05879930935,300.1151138,0.711304877,0.8,0.8891310962
0.06741861338,346.8720427,0.4484877287,0.8,0.5606096608
0.05078867511,313.3559397,0.6347136744,0.8,0.793392093
0.05941038254,353.8323853,0.4082180373,0.8,0.5102725467
0.06300109744,316.5337379,0.6194108841,0.8,0.7742636051
0.0788813555,324.9897949,0.5736312012,0.8,0.7170390015
0.04186158398,299.0697919,0.7118341682,0.8,0.8897927103
0.079893413,348.5986746,0.4398338861,0.8,0.5497923577
0.02605878094,346.237224,0.4406285342,0.8,0.5507856678
0.0152921582,312.9092247,0.6064459205,0.8,0.7580574006
0.03003724498,348.1134314,0.4326650936,0.8,0.540831367
0.05530174496,336.6042377,0.5047766893,0.8,0.6309708616
0.06363334632,325.6251902,0.5681356495,0.8,0.7101695619
0.05548533849,301.878855,0.7005722965,0.8,0.8757153706
0.03179372338,326.1678532,0.5554497188,0.8,0.6943121485
0.07909202433,318.5750951,0.6100284628,0.8,0.7625355785
0.02160789565,325.0723571,0.5525763543,0.8,0.6907204429
0.06521622602,301.6601146,0.7038726732,0.8,0.8798408415
0.01876795736,313.7532527,0.6098248534,0.8,0.7622810668
0.05408313206,333.9479644,0.5195188853,0.8,0.6493986067
0.01150049728,306.7950342,0.6246164558,0.8,0.7807705698
0.04238563093,324.1161493,0.571722281,0.8,0.7146528512
0.0640955262,311.7597113,0.6465792818,0.8,0.8082241022
0.06624633611,316.8728639,0.6180201867,0.8,0.7725252334
0.06744853349,334.7196452,0.5172394552,0.8,0.646549319
0.01947087426,330.9891498,0.5173820673,0.8,0.6467275841
0.01309873719,344.2643297,0.4334107503,0.8,0.5417634378
0.009626841175,302.7830965,0.6341123523,0.8,0.7926404404
0.0634710438,306.214118,0.6778113231,0.8,0.8472641538
0.07345433361,330.0312526,0.5444846972,0.8,0.6806058715
0.07570139935,301.8991162,0.7041565887,0.8,0.8801957358
0.03841550267,324.1568083,0.5699769709,0.8,0.7124712136
0.07044840444,355.7619763,0.3984741386,0.8,0.4980926733
0.06910766115,311.1045482,0.6510883089,0.8,0.8138603861
0.05753908206,314.5560034,0.6295481363,0.8,0.7869351704
0.03588965849,322.0676734,0.5804919362,0.8,0.7256149202
0.02941675478,332.8211655,0.5170565683,0.8,0.6463207104
0.03133141336,336.6633963,0.496890952,0.8,0.62111369
0.01838982857,341.0746827,0.4610432605,0.8,0.5763040756
0.05903679904,320.9361045,0.5938415855,0.8,0.7423019818
0.01352526449,334.7254743,0.4851470794,0.8,0.6064338493
0.06042984515,354.9086867,0.4022674538,0.8,0.5028343173
0.04154485269,351.0419475,0.4206308668,0.8,0.5257885836
0.01369609563,357.4482035,0.3649284085,0.8,0.4561605106
0.02803058546,355.239522,0.3921384722,0.8,0.4901730903
0.0423551251,340.0814772,0.4822554438,0.8,0.6028193048
0.04570977861,303.3686887,0.6892650826,0.8,0.8615813532
0.07902777305,357.6517292,0.3884309671,0.8,0.4855387089
0.05859880541,318.2680466,0.6088161667,0.8,0.7610202084
0.0175492582,345.1759437,0.4375871934,0.8,0.5469839917
0.03402332696,304.6057172,0.6767541461,0.8,0.8459426827
0.04867160009,326.7092214,0.5590489608,0.8,0.6988112009
0.06082669442,347.2952788,0.4453095077,0.8,0.5566368847
0.04951756221,340.326681,0.4826775925,0.8,0.6033469906
0.04850749082,301.2306262,0.7022344907,0.8,0.8777931134
0.03519307954,345.0049244,0.4522936716,0.8,0.5653670895
0.02829093352,337.0912572,0.4926749286,0.8,0.6158436608
0.03140427439,352.6088989,0.4083834822,0.8,0.5104793527
0.04731122634,351.7162854,0.4181911445,0.8,0.5227389306
0.02576721724,298.5022065,0.7035016518,0.8,0.8793770648
0.00552052149,318.6082358,0.5099690941,0.8,0.6374613676
0.05301361417,328.3125399,0.5510473782,0.8,0.6888092228
0.04535506766,330.176072,0.5386741902,0.8,0.6733427378
0.04052101162,355.6774429,0.3944087999,0.8,0.4930109999
0.05918379913,308.6234192,0.6633665838,0.8,0.8292082298
0.06171748027,324.0695175,0.5766200091,0.8,0.7207750113
0.06738467187,306.5968544,0.6763251989,0.8,0.8454064987
0.05442242836,298.5295135,0.7191772611,0.8,0.8989715764
0.05632002163,337.93376,0.4974598365,0.8,0.6218247957
0.03887301799,332.0421139,0.526086528,0.8,0.6576081601
0.07086415001,310.6375985,0.6539876936,0.8,0.817484617
0.06578561158,327.1878329,0.5596188155,0.8,0.6995235194
0.01350049182,304.5279863,0.6452972499,0.8,0.8066215624
0.02633640815,329.6638572,0.5322454734,0.8,0.6653068417
0.02320149833,318.9044909,0.5883159375,0.8,0.7353949218
0.03966267266,349.5341167,0.428541087,0.8,0.5356763587
0.07823433214,338.9600204,0.4943559498,0.8,0.6179449373
0.02413208572,334.7981628,0.502031329,0.8,0.6275391612
0.04638229173,314.2406453,0.6284500959,0.8,0.7855626199
0.05985686947,343.6882749,0.4655433748,0.8,0.5819292185
0.02356396409,314.9729414,0.6103213588,0.8,0.7629016985
0.04968463727,332.8508331,0.5247613176,0.8,0.6559516471
0.07827497459,323.0404026,0.5846223816,0.8,0.730777977
0.0300811541,322.0594375,0.5771490587,0.8,0.7214363234
0.008681853679,323.7568562,0.5200577525,0.8,0.6500721906
0.06156205403,321.5631816,0.5907510627,0.8,0.7384388283
0.06356858376,310.9018002,0.6513363618,0.8,0.8141704522
0.06450127952,316.9232218,0.6174593774,0.8,0.7718242217
0.07781322246,341.2201928,0.4815045802,0.8,0.6018807253
0.01325303786,346.6157249,0.4213656035,0.8,0.5267070043
0.04914075204,343.5096107,0.4646979189,0.8,0.5808723986
0.06493885138,324.7947362,0.5730271778,0.8,0.7162839722
0.0711645041,317.121326,0.6173195222,0.8,0.7716494027
0.0489100552,343.2138735,0.4663119981,0.8,0.5828899976
0.04984130516,304.6903626,0.6831971442,0.8,0.8539964302
0.05305207321,331.6512793,0.5322506373,0.8,0.6653132966
0.01916498893,353.6092077,0.3940497182,0.8,0.4925621478
0.0304050135,317.0819421,0.6049805271,0.8,0.7562256589
0.06790656091,298.2880401,0.7234193687,0.8,0.9042742109
0.06002040795,332.729001,0.5274409737,0.8,0.6593012171
0.06345523148,345.344987,0.456663315,0.8,0.5708291438
0.05272939985,307.9005809,0.6659391245,0.8,0.8324239057
0.07068211383,303.0267557,0.6970496833,0.8,0.8713121042
0.06051820338,311.5461292,0.6471332929,0.8,0.8089166162
0.06692182411,319.6583755,0.6023670778,0.8,0.7529588472
0.02267547635,322.6509163,0.5671498069,0.8,0.7089372586
0.07931443382,334.0469964,0.5223117397,0.8,0.6528896746
0.01730619177,346.5699134,0.4296834887,0.8,0.5371043608
0.07532588832,322.928326,0.5849373297,0.8,0.7311716622
0.02173828919,310.6197566,0.6317762674,0.8,0.7897203342
0.06924862119,352.868147,0.4147447415,0.8,0.5184309269
0.05513379246,320.5369002,0.5953137187,0.8,0.7441421484
0.07663157053,334.7121036,0.5182893096,0.8,0.647861637
0.03778255412,332.2444462,0.5245307981,0.8,0.6556634976
0.02732936112,334.4030819,0.5068609567,0.8,0.6335761959
0.0597807766,338.1940029,0.4965501188,0.8,0.6206876485
0.03643568609,349.432572,0.4280660396,0.8,0.5350825495
0.01944288243,335.796747,0.4912043213,0.8,0.6140054017
0.07024879958,299.7379434,0.7156005898,0.8,0.8945007373
0.04879798345,350.2645844,0.4266471863,0.8,0.5333089829
0.04774352866,333.524442,0.5205071977,0.8,0.6506339971
0.05153240673,350.2457454,0.4272603395,0.8,0.5340754244
0.01977591613,357.8221921,0.371810876,0.8,0.464763595
0.01810299006,338.1136842,0.476646543,0.8,0.5958081787
0.02924062604,344.7930391,0.4506302027,0.8,0.5632877534
0.01328451299,327.1895564,0.5243840437,0.8,0.6554800546
0.06947133117,302.5538337,0.6995382303,0.8,0.8744227879
0.0124717556,298.9058882,0.670730148,0.8,0.838412685
0.07498127595,318.3264336,0.610974542,0.8,0.7637181775
0.06641483598,310.4223475,0.6545287117,0.8,0.8181608896
0.07186580409,321.3113287,0.5936848816,0.8,0.7421061021
0.006887182564,335.1565958,0.4478471965,0.8,0.5598089956
0.05408263225,333.5042721,0.5220188032,0.8,0.652523504
0.07373462345,339.8392418,0.4889530031,0.8,0.6111912539
0.04053522697,324.3851837,0.5695453599,0.8,0.7119316999
0.07380259881,299.6768733,0.716483811,0.8,0.8956047637
0.01549036638,315.7376336,0.5918304953,0.8,0.7397881192
0.05104712234,346.3197478,0.4492689717,0.8,0.5615862146
0.05814464732,343.5382181,0.466139665,0.8,0.5826745813
0.01421233575,315.8133521,0.5877512593,0.8,0.7346890742
0.07107509622,352.2124273,0.4186258722,0.8,0.5232823402
0.06334948991,333.636544,0.5228176329,0.8,0.6535220411
0.07627545203,303.6409339,0.6943609284,0.8,0.8679511605
0.02695238538,300.1695119,0.6955996406,0.8,0.8694995507
0.06091420637,342.5338525,0.4722105021,0.8,0.5902631277
0.02792034229,303.0459956,0.6806671309,0.8,0.8508339136
0.0256907099,317.9673136,0.5961494152,0.8,0.745186769
0.007378531164,331.0481108,0.4728164972,0.8,0.5910206215
0.07683915144,347.3584027,0.4466246592,0.8,0.558280824
0.04485384821,321.2833806,0.5884280551,0.8,0.7355350689
0.02022767944,351.4589422,0.4069331453,0.8,0.5086664316
0.07303352504,308.571732,0.6659894244,0.8,0.8324867806
0.07982473047,321.2010455,0.5952130634,0.8,0.7440163292
0.02449334017,330.9529947,0.5235094391,0.8,0.6543867989
0.01908555651,322.255027,0.5642368715,0.8,0.7052960894
0.03030626118,338.9749355,0.4834877694,0.8,0.6043597117
0.01467336745,314.3444517,0.5969897635,0.8,0.7462372043
0.0314215236,316.5918757,0.6084023536,0.8,0.760502942
0.02264677625,303.5805623,0.6716100697,0.8,0.8395125871
0.07986547279,312.9890866,0.6417912951,0.8,0.8022391188
0.02896728351,310.5333791,0.6401674105,0.8,0.8002092632
0.05340429176,317.8083654,0.6103017998,0.8,0.7628772498
0.01369516888,300.4321954,0.6677810173,0.8,0.8347262716
0.01108295375,325.2199133,0.5263550209,0.8,0.6579437761
0.06829673653,323.4649732,0.5810264291,0.8,0.7262830364
0.05141843953,321.1931313,0.5907679376,0.8,0.738459922
0.02946413771,329.3328748,0.5364141211,0.8,0.6705176514
0.07637166317,352.1235142,0.419577349,0.8,0.5244716863
0.0670069575,341.6629349,0.4779087953,0.8,0.5973859941
0.07549536838,331.0344771,0.5390189261,0.8,0.6737736577
0.0737349026,338.9254474,0.4941297033,0.8,0.6176621291
0.07015154607,326.7617371,0.5626106,0.8,0.70326325
0.03657500238,327.0940752,0.5527727927,0.8,0.6909659909
0.03533895355,343.1106869,0.4629110677,0.8,0.5786388346
0.02960995623,298.7662698,0.7058962439,0.8,0.8823703048
0.0473328668,316.7336623,0.6147405992,0.8,0.768425749
0.01104562891,336.3351986,0.4682363718,0.8,0.5852954648
0.04724833315,304.7994496,0.6817631868,0.8,0.8522039835
0.07263500304,327.3711543,0.5594592995,0.8,0.6993241244
0.04347817938,338.6344699,0.4906896445,0.8,0.6133620556
0.07009577446,308.3758856,0.6666797522,0.8,0.8333496903
0.0599551163,349.9396725,0.4302635601,0.8,0.5378294502
0.07822391357,346.8813029,0.4494424606,0.8,0.5618030758
0.007428784778,327.8913724,0.4889795154,0.8,0.6112243942
0.02577943355,331.5183212,0.521551284,0.8,0.651939105
0.01790632221,335.0778225,0.4927609136,0.8,0.615951142
0.03052986487,329.9001293,0.5339584684,0.8,0.6674480855
0.04060953031,355.8341348,0.3935549398,0.8,0.4919436747
0.05659100864,343.8735059,0.4640081715,0.8,0.5800102144
0.03886193085,323.9494076,0.5713222015,0.8,0.7141527519
0.01613492902,314.0016792,0.6028043045,0.8,0.7535053806
0.07961629438,301.1775231,0.7087500665,0.8,0.8859375831
0.04795204806,300.6028831,0.7055793184,0.8,0.881974148
0.03587484995,316.3653469,0.6122874992,0.8,0.765359374
0.04165837429,323.6870097,0.5738689623,0.8,0.7173362029
0.06229444603,347.7366848,0.4430044702,0.8,0.5537555877
0.07124256326,326.9599035,0.5616230378,0.8,0.7020287973
0.01097490904,329.671533,0.5026643606,0.8,0.6283304508
0.04912142024,348.1074736,0.4388396846,0.8,0.5485496058
0.05812745695,322.8951545,0.5826155823,0.8,0.7282694778
0.03263491356,318.4732601,0.5987247997,0.8,0.7484059996
0.05800118724,314.5375599,0.629747527,0.8,0.7871844088
0.07806144526,305.2463374,0.6854869333,0.8,0.8568586667
0.07082685345,321.5206945,0.5923668858,0.8,0.7404586072
0.03068418427,306.175256,0.6656944613,0.8,0.8321180766
0.01078886275,322.2264055,0.5405504214,0.8,0.6756880268
0.02691229817,354.9086104,0.3933348168,0.8,0.491668521
0.02244151318,301.6241007,0.6820320849,0.8,0.8525401061
0.007923828326,341.5730045,0.4246191459,0.8,0.5307739324
0.07229796263,335.3105303,0.514456456,0.8,0.64307057
0.01421832707,342.683388,0.4446316493,0.8,0.5557895617
0.005230715388,300.4703631,0.5898772818,0.8,0.7373466023
0.04012162965,298.9074894,0.7119384623,0.8,0.8899230779
0.02988370536,336.0595416,0.4994036829,0.8,0.6242546037
0.07555273478,315.2302917,0.628588045,0.8,0.7857350563
0.03006605458,328.860806,0.5394278439,0.8,0.6742848048
0.03354082896,306.4635861,0.6661029612,0.8,0.8326287015
0.04900572837,308.9963003,0.6587305183,0.8,0.8234131479
0.02713430825,302.9849104,0.6802381184,0.8,0.850297648
0.01836626174,341.6057141,0.4581309979,0.8,0.5726637474
0.02114290869,320.6844506,0.5759300217,0.8,0.7199125272
0.006631952417,305.3209389,0.5912422159,0.8,0.7390527699
0.01644751489,339.8260037,0.4645852114,0.8,0.5807315142
0.05392563014,317.5774678,0.6117234959,0.8,0.7646543699
0.03108277522,318.8721629,0.5955146984,0.8,0.7443933731
0.02624198011,311.7778525,0.6308163168,0.8,0.788520396
0.04080174966,306.3103647,0.6708222617,0.8,0.8385278272
0.07330220396,299.5789098,0.7169661649,0.8,0.8962077061
0.03970874261,316.8017196,0.611645046,0.8,0.7645563075
0.03632797152,336.639253,0.4994056146,0.8,0.6242570182
0.07888248117,328.2678976,0.5550427567,0.8,0.6938034458
0.01753913892,323.2756645,0.5559175271,0.8,0.6948969089
0.05417870937,319.2881801,0.6021419435,0.8,0.7526774294
0.01770574259,354.6860009,0.3864040853,0.8,0.4830051066
0.02149837357,317.1519425,0.595724122,0.8,0.7446551525
0.04831434356,313.8468492,0.631255549,0.8,0.7890694363
0.04229552164,345.6312602,0.4511427632,0.8,0.563928454
0.02510901938,323.7237852,0.5638761598,0.8,0.7048451998
0.04469054629,302.4903716,0.6938177783,0.8,0.8672722229
0.02360960348,316.5224019,0.6018688759,0.8,0.7523360949
0.07602538076,337.0817038,0.5048003875,0.8,0.6310004844
0.03386778087,317.5624865,0.6045224866,0.8,0.7556531083
0.03475591516,301.1976939,0.6961993201,0.8,0.8702491502
0.01397077592,310.0247986,0.617780156,0.8,0.772225195
0.05000926948,343.2786776,0.4661764185,0.8,0.5827205231
0.0273955583,335.4840562,0.5009371397,0.8,0.6261714246
0.04585060828,328.0745292,0.5506127583,0.8,0.6882659478
0.01067789938,337.1553136,0.462425212,0.8,0.578031515
0.04057546497,358.0273108,0.3812712299,0.8,0.4765890374
0.02728929896,356.0010053,0.3875194257,0.8,0.4843992822
0.07345651504,337.3254172,0.5031656033,0.8,0.6289570042
0.06265592024,299.2767099,0.7168569462,0.8,0.8960711827
0.01223876328,301.2750313,0.6571698745,0.8,0.8214623431
0.02206630278,356.6743968,0.3802080324,0.8,0.4752600405
0.023580988,301.3410704,0.6851780824,0.8,0.856472603
0.05909754162,344.2303555,0.4623744578,0.8,0.5779680722
0.05579166091,357.9013664,0.3847898447,0.8,0.4809873059
0.04335788217,327.663736,0.5521628547,0.8,0.6902035684
0.05108511134,306.5284825,0.6732171087,0.8,0.8415213859
0.01392656805,309.4174035,0.6208602873,0.8,0.7760753591
0.04179799626,352.1058101,0.4147388151,0.8,0.5184235188
0.03848854053,333.3472944,0.5186449434,0.8,0.6483061793
0.03944228239,320.7121037,0.5896627308,0.8,0.7370784135
0.0542701031,326.2620625,0.5628648326,0.8,0.7035810407
0.06120871186,353.2366481,0.4118035396,0.8,0.5147544245
0.02269416299,322.8683907,0.5659803518,0.8,0.7074754398
0.02693875957,342.9411215,0.4594273909,0.8,0.5742842386
0.07889787624,312.5959686,0.6439125424,0.8,0.804890678
0.06669619332,329.0406958,0.5492658402,0.8,0.6865823003
0.06377213775,330.101352,0.5428580582,0.8,0.6785725728
0.005652509786,318.3417043,0.5134616286,0.8,0.6418270358
0.07527571197,343.4816584,0.4684610171,0.8,0.5855762713
0.03665536957,350.1873324,0.4239306064,0.8,0.529913258
0.04487663927,300.3189359,0.7060725694,0.8,0.8825907118
0.03522598733,351.2482774,0.4175059818,0.8,0.5218824773
0.01464090298,304.1813362,0.6511504995,0.8,0.8139381244
0.01721123998,316.9984186,0.5891490381,0.8,0.7364362976
0.03664674496,312.0317512,0.6368638908,0.8,0.7960798634
0.02732992517,301.8181905,0.6868785666,0.8,0.8585982082
0.03975306792,313.5675928,0.6297545756,0.8,0.7871932195
0.07955410194,301.3411729,0.707814354,0.8,0.8847679425
0.04941013563,315.0125044,0.6250166822,0.8,0.7812708528
0.05798721778,298.7449278,0.718850557,0.8,0.8985631963
0.07374087896,324.5813551,0.5753901085,0.8,0.7192376356
0.05904035601,354.8136525,0.4026325305,0.8,0.5032906631
0.01336073687,331.2859011,0.5029088988,0.8,0.6286361235
0.07781318481,320.6620527,0.5980577503,0.8,0.7475721879
0.04110935542,325.6690179,0.5625714933,0.8,0.7032143666
0.01946715797,342.6816368,0.4538061294,0.8,0.5672576618
0.03057794632,301.7530132,0.6901468417,0.8,0.8626835521
0.04076695165,331.9744667,0.5271511611,0.8,0.6589389513
0.007073634967,346.3017201,0.3945651115,0.8,0.4932063894
0.01242505117,354.1458544,0.3794266505,0.8,0.4742833131
0.02060801212,353.4446469,0.3965053674,0.8,0.4956317092
0.05820499609,302.9740932,0.6950376116,0.8,0.8687970145
0.02076622327,315.6066493,0.6030993542,0.8,0.7538741928
0.01235167415,311.8499129,0.6019981354,0.8,0.7524976693
0.01344058081,323.2908241,0.5455532673,0.8,0.6819415842
0.0232007107,303.6764102,0.6718514485,0.8,0.8398143107
0.07801650921,317.1726254,0.6178635202,0.8,0.7723294002
0.05198677587,352.3823518,0.415310474,0.8,0.5191380924
0.0441703642,313.4424493,0.6321870503,0.8,0.7902338129
0.05696391352,321.4700658,0.5904297346,0.8,0.7380371683
0.0561010645,309.4467042,0.6580512173,0.8,0.8225640216
0.07122222107,351.8898837,0.4204654552,0.8,0.525581819
0.05940558788,318.1916177,0.6094019232,0.8,0.761752404
0.07432469279,354.7740357,0.4043946295,0.8,0.5054932869
0.06498467642,325.3030553,0.5701600943,0.8,0.7127001179
0.07290293738,300.9304344,0.7092523839,0.8,0.8865654799
0.05898300829,350.9096552,0.4246596003,0.8,0.5308245004
0.01236357444,301.2751524,0.6577482403,0.8,0.8221853003
0.03925763902,334.3714874,0.5132057357,0.8,0.6415071697
0.05115540331,320.516154,0.5945134607,0.8,0.7431418258
0.07211295033,357.9429324,0.3862660479,0.8,0.4828325599
0.0711301838,319.8848162,0.6016681954,0.8,0.7520852443
0.009725467397,341.6475567,0.4348317064,0.8,0.543539633
0.04572970886,334.5774596,0.5140718156,0.8,0.6425897695
0.05078752568,348.4478491,0.4372445992,0.8,0.546555749
0.07906799792,324.1865924,0.5782047313,0.8,0.7227559141
0.02465381479,324.2121802,0.5607401921,0.8,0.7009252401
0.05627828027,312.8568352,0.6388618214,0.8,0.7985772768
0.06362037622,341.7762087,0.4768533338,0.8,0.5960666673
0.01753242539,349.4471108,0.414481194,0.8,0.5181014925
0.03971722152,354.5014748,0.4007719393,0.8,0.5009649241
0.0275142527,311.7026342,0.6324396643,0.8,0.7905495803
0.03768304624,314.4399229,0.6239344825,0.8,0.7799181031
0.04495679423,336.1624955,0.5049664353,0.8,0.6312080441
0.01719133917,323.997687,0.5513303312,0.8,0.689162914
0.07284964264,328.4695083,0.5532630627,0.8,0.6915788283
0.06583064323,314.9378021,0.6288983809,0.8,0.7861229761
0.05993855795,333.8563334,0.5210632572,0.8,0.6513290715
0.01682012067,316.602201,0.5904280893,0.8,0.7380351116
0.02582170468,358.0029554,0.3756102355,0.8,0.4695127944
0.02647685076,311.4925274,0.6326220398,0.8,0.7907775498
0.07467846934,312.6099309,0.6433285977,0.8,0.8041607471
0.04824172618,337.5134214,0.4982088917,0.8,0.6227611147
0.0285219172,316.8387938,0.6049000678,0.8,0.7561250848
0.05553918874,305.8731051,0.6780678672,0.8,0.847584834
0.02556511117,348.5318123,0.4276325655,0.8,0.5345407069
0.005492460724,338.6485174,0.414542629,0.8,0.5181782862
0.01809786665,354.821702,0.3861794204,0.8,0.4827242755
0.008579864727,322.0795519,0.5278147596,0.8,0.6597684495
0.01833365531,350.6502884,0.4090772754,0.8,0.5113465943
0.03224787182,315.8125293,0.613274056,0.8,0.76659257
0.04335299052,355.2706206,0.3973838356,0.8,0.4967297945
0.04854968063,357.5102355,0.3858661127,0.8,0.4823326409
0.04706611304,336.7943209,0.501966921,0.8,0.6274586512
0.04502536007,330.3249365,0.5377438796,0.8,0.6721798495
0.06579198869,309.4500326,0.6599249467,0.8,0.8249061834
0.05683538584,355.7819157,0.3968822324,0.8,0.4961027905
0.01282827071,333.108034,0.4916127462,0.8,0.6145159328
0.05662776668,347.4474458,0.4438580745,0.8,0.5548225931
0.02176697163,315.5940412,0.6046140805,0.8,0.7557676007
0.02131233453,310.0716723,0.6341424655,0.8,0.7926780818
0.05445770451,349.643373,0.4311419259,0.8,0.5389274074
0.03352373109,347.7145416,0.4365176022,0.8,0.5456470028
0.01955961328,353.3404453,0.3959594401,0.8,0.4949493001
0.0369902903,316.8181048,0.6103210091,0.8,0.7629012614
0.005949925249,303.0619197,0.5916045221,0.8,0.7395056526
0.03231396714,314.0588257,0.6230644282,0.8,0.7788305352
0.0354246267,325.1563471,0.5630413172,0.8,0.7038016465
0.06660227299,323.8651554,0.578526142,0.8,0.7231576776
0.03887798218,318.2229999,0.6033409778,0.8,0.7541762223
0.07702662216,326.1378884,0.5669313274,0.8,0.7086641593
0.03690999177,320.7619726,0.5882675459,0.8,0.7353344324
0.02617530799,301.3227305,0.6884087357,0.8,0.8605109196
0.04717694584,339.350448,0.4876341281,0.8,0.6095426601
0.01229622186,318.5217521,0.5666378091,0.8,0.7082972614
0.02221615975,318.3057744,0.5903771443,0.8,0.7379714304
0.0194793738,331.3531526,0.5154154837,0.8,0.6442693547
0.06707982802,327.1643103,0.5599315236,0.8,0.6999144045
0.04082734142,304.8295152,0.6791229409,0.8,0.8489036761
0.06233269227,339.8702726,0.4874518658,0.8,0.6093148323
0.04832840649,302.5067766,0.6950026224,0.8,0.868753278
0.03616732165,340.5466784,0.4775413797,0.8,0.5969267247
0.007195601203,334.9185764,0.4519433626,0.8,0.5649292033
0.03122902707,312.5375593,0.6307823429,0.8,0.7884779287
0.02903353489,345.4648585,0.4467905993,0.8,0.5584882492
0.04590216685,340.3944768,0.4814593042,0.8,0.6018241302
0.02674541052,305.9582426,0.6634304427,0.8,0.8292880534
0.01376340677,320.3210074,0.5623547179,0.8,0.7029433974
0.01289028057,356.0892731,0.3703335076,0.8,0.4629168845
0.05109299039,312.732575,0.6383032446,0.8,0.7978790557
0.04958408864,299.5947518,0.7117784679,0.8,0.8897230848
0.07049571652,337.799843,0.5001649145,0.8,0.6252061431
0.01917635253,356.786669,0.3768019685,0.8,0.4710024607
0.07346201792,336.9387937,0.5053562781,0.8,0.6316953477
0.005604966186,332.028084,0.4475854808,0.8,0.559481851
0.06397968549,319.7063775,0.6016429759,0.8,0.7520537199
0.01648469782,312.2669448,0.6129951484,0.8,0.7662439355
0.06747832606,330.0816099,0.5434816246,0.8,0.6793520308
0.05644101289,340.0575214,0.485503946,0.8,0.6068799325
0.06412709575,355.3291332,0.4003109924,0.8,0.5003887405
0.01986610325,323.1418709,0.5606654368,0.8,0.700831796
0.006856625368,307.1086293,0.5854975519,0.8,0.7318719399
0.04166035184,304.8096041,0.6795973204,0.8,0.8494966505
0.02342578195,341.3216601,0.4655502719,0.8,0.5819378399
0.07464224577,328.8695381,0.5511962277,0.8,0.6889952847
0.02477364924,308.2538158,0.6486620263,0.8,0.8108275329
0.01315624335,299.2895486,0.6716964511,0.8,0.8396205639
0.03165898109,341.1286962,0.4722661467,0.8,0.5903326834
0.03112939713,318.2020873,0.5992657851,0.8,0.7490822314
0.006181420334,299.8680305,0.610918743,0.8,0.7636484287
0.01215973529,317.8019814,0.569871659,0.8,0.7123395737
0.009345894942,338.84001,0.4472977987,0.8,0.5591222484
0.01634655196,308.0213348,0.6354972571,0.8,0.7943715714
0.0124582052,350.9759426,0.3962211637,0.8,0.4952764546
0.06731192544,301.272288,0.7064344517,0.8,0.8830430646
0.05150425606,328.0583325,0.5521455114,0.8,0.6901818892
0.07473280241,310.8598965,0.6532514197,0.8,0.8165642746
0.02491615421,327.1906012,0.5446085844,0.8,0.6807607305
0.04448344824,337.852762,0.4953534901,0.8,0.6191918626
0.07456633233,317.4396079,0.615949615,0.8,0.7699370188
0.0548297816,333.4096497,0.5226958959,0.8,0.6533698699
0.03283035659,309.2166733,0.6503241168,0.8,0.812905146
0.05951448888,301.9432684,0.7011439912,0.8,0.8764299891
0.05282905049,331.0513061,0.5355833229,0.8,0.6694791537
0.05589339307,311.321194,0.6474347106,0.8,0.8092933883
0.06702335025,349.6897205,0.4325062774,0.8,0.5406328468
0.07505087597,304.7435559,0.6879502661,0.8,0.8599378327
0.06050320693,333.7035653,0.5220146343,0.8,0.6525182929
0.07916887105,310.9584007,0.6532294771,0.8,0.8165368464
0.07769158927,332.0385958,0.53354735,0.8,0.6669341876
0.05506343751,340.4120205,0.4832705652,0.8,0.6040882065
0.04016651643,356.6424216,0.3889157894,0.8,0.4861447368
0.007343399269,345.7291739,0.3995558947,0.8,0.4994448684
0.03580058372,322.2708718,0.579314904,0.8,0.72414363
0.07067019333,305.4816576,0.6831497224,0.8,0.853937153
0.008824857325,348.5762939,0.3947752784,0.8,0.4934690979
0.04926981511,328.7287659,0.5478444758,0.8,0.6848055947
0.04628269932,303.6034075,0.6881508458,0.8,0.8601885572
0.07247195908,321.7324598,0.5913754345,0.8,0.7392192932
0.01237524324,301.7960317,0.6550579802,0.8,0.8188224752
0.05083706751,330.9225903,0.5358737566,0.8,0.6698421957
0.06305917919,355.5004735,0.3992271292,0.8,0.4990339115
0.0263989999,357.4842676,0.378817049,0.8,0.4735213112
0.01313868919,325.6868823,0.53187095,0.8,0.6648386875
0.01531056073,305.019602,0.6487525138,0.8,0.8109406422
0.03419487353,300.8146651,0.6979746161,0.8,0.8724682702
0.04120102826,316.0115715,0.6166778693,0.8,0.7708473367
0.02028299979,307.1283318,0.6485504479,0.8,0.8106880598
0.0627981613,304.9973498,0.6845613741,0.8,0.8557017176
0.07294608194,319.3505862,0.6049247285,0.8,0.7561559106
0.05266471107,302.9218695,0.6939598097,0.8,0.8674497622
0.04818725343,343.8198288,0.4627499652,0.8,0.5784374565
0.04410825331,322.5781401,0.5809239062,0.8,0.7261548827
0.07168414827,338.2464114,0.4977649585,0.8,0.6222061981
0.05673272899,301.826892,0.7011689403,0.8,0.8764611754
0.0247613994,320.852151,0.5793337402,0.8,0.7241671753
0.00918937078,300.9737428,0.6400563146,0.8,0.8000703933
0.07410043036,310.1139432,0.6573958948,0.8,0.8217448685
0.04582112038,314.4345065,0.6271806088,0.8,0.7839757609
0.02451567364,309.5394353,0.6412932053,0.8,0.8016165066
0.05514629241,311.9341072,0.643808331,0.8,0.8047604137
0.01549706324,347.5803268,0.4211604547,0.8,0.5264505684
0.02664387887,338.0235693,0.486362107,0.8,0.6079526337
0.05144047366,355.4771527,0.3977979982,0.8,0.4972474977
0.07655727679,338.3714698,0.4975403485,0.8,0.6219254356
0.03974856601,338.9399909,0.4878269441,0.8,0.6097836802
0.0470648324,308.6113224,0.6602880922,0.8,0.8253601152
0.07970199441,324.7933018,0.574827603,0.8,0.7185345038
0.0348992207,327.0211795,0.5523891359,0.8,0.6904864199
0.008525511096,319.1320889,0.5423387749,0.8,0.6779234686
0.06258829422,299.2454757,0.7170198972,0.8,0.8962748716
0.009177938881,303.8241663,0.6253918427,0.8,0.7817398034
0.04955143077,350.7669186,0.423967207,0.8,0.5299590087
0.007211178767,308.6067518,0.5824698279,0.8,0.7280872849
0.04455039798,341.8020363,0.4732152413,0.8,0.5915190516
0.05412185438,313.5729249,0.6343326572,0.8,0.7929158215
0.03929286411,340.2127508,0.4805546084,0.8,0.6006932605
0.01372628094,347.4927056,0.4178816195,0.8,0.5223520244
0.05253662879,314.5162127,0.6286344077,0.8,0.7857930096
0.06279975834,313.2791686,0.6377660377,0.8,0.7972075472
0.04105774626,305.1932492,0.6771883521,0.8,0.8464854401
0.04647192278,338.2447233,0.4936726501,0.8,0.6170908126
0.03958353325,340.7440855,0.4776807421,0.8,0.5971009276
0.0179190807,300.6752236,0.6789309026,0.8,0.8486636282
0.07951404832,357.3322114,0.3902759277,0.8,0.4878449096
0.05066357323,321.4960893,0.5888762214,0.8,0.7360952768
0.0781106091,351.4785387,0.4233681754,0.8,0.5292102193
0.007888100932,329.7131824,0.4838710749,0.8,0.6048388436
0.04022660556,337.902319,0.4937923193,0.8,0.6172403991
0.07090535647,323.7923966,0.5795153866,0.8,0.7243942333
0.05091185961,338.2026229,0.4949224116,0.8,0.6186530145
0.07766446859,327.8528348,0.5572750112,0.8,0.696593764
0.04858037367,310.1898303,0.651892328,0.8,0.81486541
0.02359416429,336.092668,0.4944108839,0.8,0.6180136049
0.07923749071,340.6651626,0.4847739338,0.8,0.6059674172
0.05281790374,338.1528952,0.4955859445,0.8,0.6194824306
0.00968000398,326.07804,0.5146858859,0.8,0.6433573574
0.02293183379,315.1638786,0.6085016931,0.8,0.7606271163
0.07986128841,325.6100797,0.5702110148,0.8,0.7127637685
0.03882129349,350.8622028,0.4208618172,0.8,0.5260772715
0.05597056357,316.2610385,0.6195992906,0.8,0.7744991132
0.02120263113,323.998656,0.5579120639,0.8,0.6973900799
0.06044944704,357.514803,0.3875541697,0.8,0.4844427121
0.04682964832,314.0584321,0.6296149169,0.8,0.7870186461
0.06087277421,311.9271667,0.6450495966,0.8,0.8063119958
0.06187591973,323.4099328,0.5803721326,0.8,0.7254651658
0.03519263143,316.4763682,0.6113084459,0.8,0.7641355574
0.05658363781,308.8656609,0.6614374536,0.8,0.826796817
0.0463985289,304.5649502,0.6827915845,0.8,0.8534894806
0.01480284623,317.511554,0.5804500898,0.8,0.7255626123
0.02419303793,310.1809513,0.6373892986,0.8,0.7967366232
0.04422724887,317.1504374,0.6114080326,0.8,0.7642600407
0.05963303637,356.0581635,0.3956811739,0.8,0.4946014674
0.04940069653,331.1580878,0.5342146562,0.8,0.6677683203
0.0738955188,304.5047643,0.6891461483,0.8,0.8614326854
0.06106120515,328.225621,0.5530381467,0.8,0.6912976834
0.02801041149,347.4803447,0.4350349687,0.8,0.5437937108
0.05956980786,323.0602265,0.5819492051,0.8,0.7274365063
0.01180007248,316.4569623,0.5754052641,0.8,0.7192565801
0.0537979504,329.4843109,0.544611309,0.8,0.6807641362
0.03797673728,315.1509992,0.6201015792,0.8,0.775126974
0.06914365543,314.8586449,0.6298475647,0.8,0.7873094558
0.03649254282,340.5430858,0.4776896311,0.8,0.5971120389
0.07366076324,330.5283005,0.5416916956,0.8,0.6771146194
0.02019581698,356.4823769,0.3795323927,0.8,0.4744154909
0.07180158784,315.208131,0.6282377691,0.8,0.7852972114
0.02444620329,322.163754,0.5717946266,0.8,0.7147432833
0.01409797127,316.7905551,0.5821894787,0.8,0.7277368484
0.02524311731,306.4410669,0.6591720919,0.8,0.8239651148
0.04019944924,346.933816,0.4432482136,0.8,0.554060267
0.05110893682,304.4255546,0.6850589918,0.8,0.8563237398
0.03480803932,315.9525669,0.6140180978,0.8,0.7675226222
0.02949564457,331.37106,0.5251422705,0.8,0.6564278381
0.01896980326,335.3959811,0.4927004252,0.8,0.6158755315
0.04319794841,303.4022495,0.6881206661,0.8,0.8601508327
0.04528150118,308.8537217,0.6583246985,0.8,0.8229058732
0.0693373043,317.8831086,0.6127578641,0.8,0.7659473301
0.03085545198,301.4439505,0.6920828038,0.8,0.8651035047
0.05096487622,339.8892333,0.4854418766,0.8,0.6068023457
0.05678777545,339.9481188,0.4861784089,0.8,0.6077230112
0.01426430161,357.953329,0.3633760601,0.8,0.4542200751
0.03462798449,328.6056378,0.5434270183,0.8,0.6792837729
0.05808293724,305.844853,0.678812139,0.8,0.8485151738
0.009124694673,335.9360327,0.4609099857,0.8,0.5761374822
0.02613796637,306.1624069,0.6616792631,0.8,0.8270990788
0.009128540705,348.3043095,0.3977389218,0.8,0.4971736523
0.02223394262,352.9531798,0.4007206995,0.8,0.5009008743
0.02718689785,348.0560896,0.4313443549,0.8,0.5391804436
0.02671849928,335.9009811,0.4981331547,0.8,0.6226664434
0.008681969836,307.1350858,0.6044811889,0.8,0.7556014862
0.04231761819,342.9102808,0.4663945663,0.8,0.5829932078
0.02177885799,343.4405062,0.4523381797,0.8,0.5654227246
0.06094797052,308.0199334,0.6671296711,0.8,0.8339120889
0.05408017533,299.5882327,0.713120434,0.8,0.8914005425
0.0757763729,303.8134836,0.6933173785,0.8,0.8666467232
0.01454093182,357.3488614,0.3671216093,0.8,0.4589020116
0.03352875765,350.8125448,0.4192782964,0.8,0.5240978705
0.0307271306,344.8873931,0.4509177922,0.8,0.5636472403
0.01621399185,312.0803079,0.6133311213,0.8,0.7666639017
0.0220556118,340.2700352,0.4699703891,0.8,0.5874629864
0.03917617315,324.8782285,0.5662573008,0.8,0.707821626
0.06417992597,319.1387358,0.6048836874,0.8,0.7561046093
0.05905384096,339.7249911,0.4877971528,0.8,0.609746441
0.02338836834,304.2821876,0.6687788149,0.8,0.8359735186
0.05301177899,318.7711806,0.6047864958,0.8,0.7559831197
0.06177368985,354.4903712,0.4047888612,0.8,0.5059860765
0.02590184884,351.2509487,0.4128793533,0.8,0.5160991916
0.03336117924,320.5461714,0.5876250246,0.8,0.7345312808
0.01491666634,356.2927368,0.3734506197,0.8,0.4668132747
0.06760968329,350.0349786,0.4306142641,0.8,0.5382678302
0.015098706,322.6013429,0.554042328,0.8,0.6925529101
0.02918367133,316.9578668,0.6047633049,0.8,0.7559541311
0.02038159962,308.5558617,0.6409369947,0.8,0.8011712434
0.04590876091,310.394467,0.6498913034,0.8,0.8123641293
0.01928371846,343.7287268,0.4478768941,0.8,0.5598461177
0.06780949192,310.9035053,0.652028351,0.8,0.8150354388
0.01148991189,321.2736344,0.5487992293,0.8,0.6859990367
0.04403709984,310.2443502,0.6500768765,0.8,0.8125960957
0.009857790426,326.9880747,0.5110128739,0.8,0.6387660924
0.05125784917,329.9760584,0.5412956715,0.8,0.6766195894
0.02178478968,340.3157707,0.4694337067,0.8,0.5867921333
0.03694924808,340.5464893,0.4778469408,0.8,0.597308676
0.01830084291,343.752159,0.4464060695,0.8,0.5580075868
0.07580365504,350.3964022,0.4293203748,0.8,0.5366504685
0.01106404578,329.3004765,0.504991835,0.8,0.6312397937
0.01539759762,301.968644,0.6653567154,0.8,0.8316958943
0.07953693133,346.1869814,0.4534839839,0.8,0.5668549799
0.03054821969,337.9365637,0.4893857922,0.8,0.6117322403
0.006921122959,339.4112522,0.4272237095,0.8,0.5340296369
0.02655931325,304.4378378,0.6716317241,0.8,0.8395396551
0.02838450454,353.7097799,0.4007916204,0.8,0.5009895255
0.035664571,308.0032667,0.6588062866,0.8,0.8235078582
0.06547418069,312.4623676,0.6428386346,0.8,0.8035482932
0.05660115176,345.8286993,0.4529831918,0.8,0.5662289897
0.06887299138,340.3296789,0.4856653724,0.8,0.6070817155
0.0104700496,323.7428241,0.531067928,0.8,0.66383491
0.02700294651,320.0306314,0.5859809143,0.8,0.7324761429
0.06709088052,357.6653393,0.387397649,0.8,0.4842470613
0.02273809845,338.3246737,0.4813247189,0.8,0.6016558986
0.04577979187,350.0696698,0.4271124805,0.8,0.5338906007
0.0767137955,298.3984254,0.7241339999,0.8,0.9051674999
0.03346627245,332.4763612,0.5212937326,0.8,0.6516171658
0.009455340644,320.2272968,0.5433638296,0.8,0.679204787
0.0161291703,318.3145618,0.5796084945,0.8,0.7245106182
0.01237759828,312.0073524,0.6012777946,0.8,0.7515972433
0.01090765486,304.4061339,0.6339212064,0.8,0.7924015079
0.07484585535,353.1689106,0.4135312055,0.8,0.5169140069
0.006623066874,319.1731362,0.5233503942,0.8,0.6541879927
0.05772150397,344.5279856,0.4604913783,0.8,0.5756142229
0.06317223948,331.3563306,0.5356777539,0.8,0.6695971924
0.01563382506,302.4706911,0.66336586,0.8,0.829207325
0.04596674575,348.4035109,0.4365085753,0.8,0.5456357191
0.04551029625,347.2951706,0.4426259234,0.8,0.5532824042
0.04644533003,341.4502903,0.4756639106,0.8,0.5945798883
0.06751683287,350.6177834,0.4273075823,0.8,0.5341344779
0.009966705752,344.8957527,0.4192211507,0.8,0.5240264384
0.02502136613,348.495531,0.4274382274,0.8,0.5342977842
0.07345783789,327.356355,0.5596376108,0.8,0.6995470135
0.01741270249,307.186325,0.6425752374,0.8,0.8032190468
0.06618947215,312.1876527,0.6445083945,0.8,0.8056354932
0.05818398391,314.7796569,0.6284187715,0.8,0.7855234644
0.04029306754,351.2679593,0.4190232482,0.8,0.5237790602
0.07067063687,333.8454047,0.5225717329,0.8,0.6532146661
0.07604813649,339.6606778,0.4901859971,0.8,0.6127324964
0.02912919422,319.703915,0.5895131971,0.8,0.7368914963
0.0140588298,309.8218758,0.6191570966,0.8,0.7739463708
0.01118585943,302.9362399,0.6431332891,0.8,0.8039166114
0.05849569065,351.6891513,0.4201951829,0.8,0.5252439786
0.01426036652,336.7607598,0.4762877094,0.8,0.5953596368
0.05456602096,348.4360004,0.437963348,0.8,0.547454185
0.07974175239,352.0357382,0.4203295504,0.8,0.5254119379
0.07484219386,349.0193756,0.4370433151,0.8,0.5463041439
0.06226154593,324.0291957,0.5769371298,0.8,0.7211714123
0.02458935962,331.5644177,0.5202369907,0.8,0.6502962384
0.05395472064,322.2625642,0.5853329439,0.8,0.7316661798
0.06217082201,326.225331,0.5645154674,0.8,0.7056443343
0.02083631181,327.6280379,0.5376075302,0.8,0.6720094127
0.07988321792,357.1702633,0.3912192653,0.8,0.4890240817
0.02737894448,339.3866997,0.4793631702,0.8,0.5992039628
0.05601031307,320.7103025,0.5945207461,0.8,0.7431509326
0.02198535786,303.5649718,0.6707303808,0.8,0.838412976
0.02251251478,313.394797,0.6176575881,0.8,0.7720719851
0.0301963731,327.1647431,0.5489174489,0.8,0.6861468111
0.06083830189,340.8164186,0.4818986733,0.8,0.6023733416
0.03149986035,339.8392015,0.4793456793,0.8,0.5991820992
0.06957579207,312.8080148,0.6415160755,0.8,0.8018950944
0.05364850661,315.6980969,0.6222471693,0.8,0.7778089616
0.02161330944,334.8868774,0.4989280966,0.8,0.6236601207
0.01039993166,299.2071155,0.6578563876,0.8,0.8223204845
0.04692360063,352.5778086,0.4132720472,0.8,0.516590059
0.04987630274,325.7803961,0.5645767008,0.8,0.705720876
0.02695360784,346.2318768,0.4412676926,0.8,0.5515846158
0.03588199602,306.8400458,0.6654157311,0.8,0.8317696638
0.01152797538,316.7809849,0.5724837092,0.8,0.7156046365
0.01261632172,319.4536987,0.5629706729,0.8,0.7037133411
0.02220860173,315.8484071,0.6038196243,0.8,0.7547745304
0.01014174255,352.317897,0.3816276202,0.8,0.4770345252
0.01399381793,302.9664296,0.6554130932,0.8,0.8192663665
0.06222502061,355.3070295,0.4002271504,0.8,0.500283938
0.03975487244,334.1412554,0.5146718874,0.8,0.6433398593
0.07530212105,329.0952842,0.5499878427,0.8,0.6874848034
0.05007826842,318.9890028,0.6028313774,0.8,0.7535392218
0.02637177983,340.6485743,0.4716766634,0.8,0.5895958292
0.05033665464,347.7348933,0.4411715237,0.8,0.5514644046
0.05722777238,338.5935687,0.4938911763,0.8,0.6173639703
0.01140828733,348.3426473,0.4068819475,0.8,0.5086024343
0.07010379967,355.9438945,0.3974139215,0.8,0.4967674019
0.02598472931,305.3421977,0.6660392975,0.8,0.8325491218
0.005654754099,301.2682842,0.5948206764,0.8,0.7435258455
0.04338185354,298.2862943,0.7168773358,0.8,0.8960966698
0.0122423874,299.7149031,0.6653974221,0.8,0.8317467777
0.03429681787,332.4629339,0.5217792944,0.8,0.652224118
0.01879756262,311.6628462,0.6212229037,0.8,0.7765286296
0.06226551556,355.0872895,0.4014731613,0.8,0.5018414516
0.05683265737,342.0049168,0.4745852889,0.8,0.5932316112
0.06215805499,331.3377392,0.5356314394,0.8,0.6695392992
0.07047405451,321.5610405,0.5920926464,0.8,0.740115808
0.02343457329,341.8416395,0.462704576,0.8,0.5783807199
0.03316289488,341.3193811,0.4719419064,0.8,0.589927383
0.05936381496,315.3226834,0.6255883377,0.8,0.7819854221
0.0363044113,340.7037087,0.4767195968,0.8,0.595899496
0.07839851027,333.1105095,0.52753739,0.8,0.6594217375
0.05108798507,312.0954144,0.6418877835,0.8,0.8023597294
0.05269221922,324.8957474,0.5702199873,0.8,0.7127749841
0.01258002227,335.9716564,0.4756993238,0.8,0.5946241548
0.03168505537,330.0471923,0.5338354499,0.8,0.6672943124
0.0346222254,338.8770861,0.4862014599,0.8,0.6077518249
0.0307079125,314.0826389,0.6218364118,0.8,0.7772955147
0.005405005947,327.8310874,0.464384208,0.8,0.58048026
0.06189197607,340.0870904,0.4861661558,0.8,0.6077076947
0.07699632288,343.9050512,0.4662133049,0.8,0.5827666311
0.07192451108,298.5624935,0.7225169367,0.8,0.9031461709
0.04065054581,333.8503188,0.5166114308,0.8,0.6457642885
0.01070219083,335.6205405,0.4705063222,0.8,0.5881329027
0.02048264686,300.1798637,0.6867692959,0.8,0.8584616198
0.06898431621,333.6977569,0.5232094695,0.8,0.6540118369
0.05481927659,312.7897311,0.638909824,0.8,0.79863728
0.06063703107,309.208449,0.6603568528,0.8,0.825446066
0.06682266112,314.7057159,0.6303663683,0.8,0.7879579604
0.02789528889,307.2491436,0.6574041023,0.8,0.8217551278
0.0375443883,317.6329616,0.6060356684,0.8,0.7575445855
0.02984152737,343.0139885,0.4608290008,0.8,0.576036251
0.0194724425,299.9914418,0.6859172337,0.8,0.8573965421
0.04477308059,339.023931,0.4888607375,0.8,0.6110759219
0.03307198702,346.7366585,0.4417638777,0.8,0.5522048471
0.07870265835,357.7752819,0.3877081409,0.8,0.4846351761
0.06726044244,302.3409846,0.7003801077,0.8,0.8754751346
0.01169254874,300.2040303,0.6601128848,0.8,0.825141106
0.006675305638,330.8962212,0.4665718393,0.8,0.5832147992
0.01274567058,313.7756523,0.5934401407,0.8,0.7418001759
0.04971829128,342.0535881,0.4730074464,0.8,0.591259308
0.07343201258,307.9551088,0.6695365858,0.8,0.8369207322
0.03706437459,350.4843502,0.4224115445,0.8,0.5280144307
0.01214616315,310.5543096,0.6079321831,0.8,0.7599152289
0.01794048167,344.4251373,0.4422364259,0.8,0.5527955324
0.06545152155,349.5270949,0.4332562625,0.8,0.5415703281
0.01747717922,311.1445573,0.6213368869,0.8,0.7766711086
0.07336620622,354.2873106,0.4070739073,0.8,0.5088423841
0.008965774407,331.1109983,0.4845665262,0.8,0.6057081578
0.02747996448,351.5324732,0.4123184456,0.8,0.515398057
0.07231702755,306.2549969,0.6790110603,0.8,0.8487638253
0.04823107425,357.0063645,0.3886409236,0.8,0.4858011545
0.06636925523,341.9228978,0.476363528,0.8,0.5954544099
0.03842816563,318.5477831,0.6013279718,0.8,0.7516599647
0.07527437835,339.8216001,0.489201535,0.8,0.6115019187
0.06827443686,353.3186123,0.4121023378,0.8,0.5151279222
0.04000117369,339.0333188,0.4873893181,0.8,0.6092366476
0.06833531347,314.469967,0.6319289181,0.8,0.7899111477
0.06042496923,340.0570788,0.4861270521,0.8,0.6076588152
0.008180853731,305.4203596,0.6086532986,0.8,0.7608166232
0.06657551669,324.7437306,0.5735531066,0.8,0.7169413832
0.04239840008,357.2019263,0.3863370368,0.8,0.4829212961
0.04797145181,329.5127364,0.5431099047,0.8,0.6788873809
0.0673051208,325.3656841,0.5701369344,0.8,0.712671168
0.0404325908,312.1537878,0.6379570298,0.8,0.7974462873
0.03723780909,329.0677945,0.5420459583,0.8,0.6775574479
0.04613782125,334.5266256,0.5144658144,0.8,0.643082268
0.02505147342,345.1872402,0.4456714657,0.8,0.5570893322
0.02918714558,334.8877767,0.5054602997,0.8,0.6318253746
0.05456053388,337.0688678,0.5020227049,0.8,0.6275283812
0.07149484211,334.4111015,0.5194618683,0.8,0.6493273354
0.009536954769,332.4719171,0.481011575,0.8,0.6012644688
0.0274044338,358.0229756,0.3764125022,0.8,0.4705156278
0.02182418775,319.1811661,0.5850728671,0.8,0.7313410838
0.03737191967,349.8570186,0.4260167431,0.8,0.5325209289
0.02100486188,342.0223915,0.4592526439,0.8,0.5740658049
0.05486196231,313.9028272,0.6326461184,0.8,0.790807648
0.008385455737,345.8471756,0.4061152297,0.8,0.5076440371
0.04633303948,299.4818839,0.7113131707,0.8,0.8891414634
0.009275991172,351.198401,0.3836573448,0.8,0.479571681
0.02737443791,350.5214282,0.4178415887,0.8,0.5223019859
0.04249722634,300.1223504,0.706213526,0.8,0.8827669075
0.04886516045,322.0113269,0.5855122308,0.8,0.7318902885
0.02105000457,355.7614179,0.3842937162,0.8,0.4803671452
0.05085342977,312.0670498,0.6419840884,0.8,0.8024801106
0.02292518915,332.5624214,0.5131039798,0.8,0.6413799747
0.06825570247,350.1933854,0.4297839397,0.8,0.5372299246
0.008191395387,331.8783376,0.4753451382,0.8,0.5941814227
0.008276794303,308.4095264,0.5944685501,0.8,0.7430856876
0.06294318764,331.0932145,0.5371307663,0.8,0.6714134579
0.06893904305,341.2057125,0.4807151348,0.8,0.6008939185
0.01492615054,342.0109555,0.4498203006,0.8,0.5622753757
0.02219489456,330.4768464,0.5237239782,0.8,0.6546549727
0.05610981069,326.1719542,0.5637447868,0.8,0.7046809835
0.0479352247,304.2765045,0.6849279593,0.8,0.8561599491
0.03410984913,329.9872432,0.5354741906,0.8,0.6693427383
0.03505103455,347.3113659,0.4393827207,0.8,0.5492284009
0.05087381115,355.1725412,0.3994180667,0.8,0.4992725833
0.04060623479,338.1712459,0.4924123127,0.8,0.6155153909
0.04507000817,330.190576,0.538510806,0.8,0.6731385075
0.04806614964,341.3979635,0.4763352487,0.8,0.5954190608
0.06359984763,299.1020244,0.7180300124,0.8,0.8975375155
0.03312058591,312.5666551,0.63187672,0.8,0.7898459
0.07986593671,341.569014,0.4797004836,0.8,0.5996256044
0.04825878711,317.6507952,0.6098577141,0.8,0.7623221426
0.01369796443,355.1273395,0.3772603378,0.8,0.4715754223
0.06378135635,335.0039651,0.5151502212,0.8,0.6439377765
0.02874112103,347.1745802,0.4371566131,0.8,0.5464457663
0.01008326618,342.1003832,0.4341770949,0.8,0.5427213687
0.0417947509,347.6984663,0.4394244878,0.8,0.5492806097
0.07006514478,312.8583955,0.6413013886,0.8,0.8016267358
0.0285012038,299.1165714,0.7029508251,0.8,0.8786885313
0.009897084166,346.2789238,0.4117767033,0.8,0.5147208791
0.03005501063,351.8352289,0.4120388144,0.8,0.5150485181
0.02854950638,328.5715472,0.5399939067,0.8,0.6749923833
0.06087836061,323.1580539,0.5816264655,0.8,0.7270330819
0.07038546303,304.1965794,0.6903817776,0.8,0.862977222
0.07449059325,320.4410389,0.5989346596,0.8,0.7486683245
0.009262388175,310.1330965,0.5937603696,0.8,0.742200462
0.07080242298,338.4276931,0.4966439598,0.8,0.6208049497
0.03461381677,310.0228919,0.646944575,0.8,0.8086807187
0.05885413598,322.3219458,0.5859860166,0.8,0.7324825207
0.01969680638,325.4258894,0.5479775683,0.8,0.6849719604
0.007497515582,330.9543152,0.474349073,0.8,0.5929363413
0.07182586028,319.3734343,0.6046537495,0.8,0.7558171869
0.03055689062,338.5464384,0.4860072706,0.8,0.6075090882
0.06117024729,337.7698802,0.4991518868,0.8,0.6239398585
0.07296777554,354.776886,0.4042677084,0.8,0.5053346355
0.06734611102,326.8069293,0.5619893721,0.8,0.7024867152
0.02080926957,307.3496902,0.6482172456,0.8,0.810271557
0.009334235239,302.1340022,0.6352565656,0.8,0.7940707069
0.05745774047,317.1014593,0.6151716107,0.8,0.7689645133
0.01330274861,342.2813413,0.4444628729,0.8,0.5555785911
0.0124860777,308.7314749,0.6189982459,0.8,0.7737478074
0.01321601707,321.4802533,0.5544057273,0.8,0.6930071591
0.02707787488,305.8018969,0.6646245439,0.8,0.8307806798
0.04047442466,340.0009623,0.4821293204,0.8,0.6026616505
0.03277345938,330.3249512,0.5328998687,0.8,0.6661248359
0.04805827518,322.7655091,0.5810538119,0.8,0.7263172648
0.06825591691,302.6665382,0.698704275,0.8,0.8733803437
0.03087722357,349.8707748,0.4233383394,0.8,0.5291729243
0.02750687637,301.6874922,0.6877763686,0.8,0.8597204608
0.05093380566,330.252775,0.5396650396,0.8,0.6745812995
0.01336067887,320.248338,0.5614228179,0.8,0.7017785224
0.0705094862,314.7256258,0.6307938039,0.8,0.7884922549
0.0158330783,325.8881414,0.5382295866,0.8,0.6727869832
0.07213106885,302.0430907,0.7028372552,0.8,0.878546569
0.009946928526,337.6295675,0.4566135631,0.8,0.5707669539
0.0427482254,302.45889,0.6932248874,0.8,0.8665311092
0.06514509566,313.4285883,0.6373213977,0.8,0.7966517471
0.07609847927,322.8803601,0.5852955297,0.8,0.7316194122
0.07112193607,341.0372548,0.4819032779,0.8,0.6023790973
0.03578711938,339.6565414,0.4823526825,0.8,0.6029408532
0.07604043983,349.3563558,0.4352342373,0.8,0.5440427966
0.01699855853,341.7900775,0.4549789762,0.8,0.5687237203
0.04585448987,320.7232587,0.5918852625,0.8,0.7398565781
0.06899825897,329.7430703,0.5455917414,0.8,0.6819896768
0.02253076622,355.8105543,0.3853248773,0.8,0.4816560966
0.04778460681,301.7841607,0.6988847221,0.8,0.8736059026
0.00672365693,321.3561687,0.5138764986,0.8,0.6423456232
0.06231264135,326.9417334,0.5604906626,0.8,0.7006133283
0.007647888011,348.040492,0.39028101,0.8,0.4878512625
0.02884106385,303.3874481,0.679622748,0.8,0.849528435
0.02784729246,334.9700881,0.5041008787,0.8,0.6301260984
0.01935358659,307.2527691,0.6462177069,0.8,0.8077721336
0.07145570939,301.5277467,0.7056544899,0.8,0.8820681124
0.0244714696,323.2379415,0.5659138432,0.8,0.707392304
0.06002057435,300.3305839,0.7103576217,0.8,0.8879470271
0.006686431641,341.1557553,0.4164265721,0.8,0.5205332151
0.06579389352,346.0435339,0.4529931072,0.8,0.566241384
0.03740152603,320.2701996,0.5912419206,0.8,0.7390524007
0.04352442419,319.1232733,0.6001027117,0.8,0.7501283896
0.07800293582,308.3734084,0.6677503655,0.8,0.8346879569
0.03860751382,325.2225727,0.5641006695,0.8,0.7051258369
0.03596254259,342.9534202,0.4640356909,0.8,0.5800446136
0.03586378099,349.2194379,0.42905068,0.8,0.53631335
0.07239466173,344.7072972,0.4612485291,0.8,0.5765606614
0.03344139545,305.0819187,0.6737274857,0.8,0.8421593571
0.02843620805,349.2706329,0.4253817862,0.8,0.5317272328
0.06544799711,344.1755989,0.4635153234,0.8,0.5793941543
0.02099864659,319.1772647,0.5839553016,0.8,0.729944127
0.005031755597,317.1681274,0.5075697719,0.8,0.6344622149
0.04713742227,302.2647547,0.6959655871,0.8,0.8699569839
0.0449135586,317.1342254,0.6117296037,0.8,0.7646620046
0.02338335993,304.3600214,0.668345053,0.8,0.8354313162
0.03959355392,303.7106864,0.6848156855,0.8,0.8560196069
0.03637624623,301.6233575,0.6947967863,0.8,0.8684959828
0.03030978202,353.6728123,0.4019725141,0.8,0.5024656426
0.019959368,332.9520761,0.507398136,0.8,0.63424767
0.02542544419,341.2388176,0.4677038503,0.8,0.5846298128
0.04842800879,327.8052086,0.5528249981,0.8,0.6910312477
0.02061374211,351.0702865,0.4094601313,0.8,0.5118251642
0.04422733409,312.3662772,0.6382437117,0.8,0.7978046396
0.04865833723,301.7081794,0.6995987556,0.8,0.8744984445
0.07434871582,301.5185686,0.7061273628,0.8,0.8826592035
0.0551791514,325.0170895,0.5700693425,0.8,0.7125866781
0.01755141644,344.659983,0.4403787912,0.8,0.550473489
0.02067703332,353.5963981,0.3957470626,0.8,0.4946838283
0.0666595903,318.8941802,0.6066506983,0.8,0.7583133728
0.07667061116,339.9770674,0.4884499376,0.8,0.610562422
0.02961506964,313.3478513,0.6250964518,0.8,0.7813705647
0.04586794867,299.8712634,0.7089571807,0.8,0.8861964759
0.00810567786,316.1402245,0.5539491599,0.8,0.6924364499
0.04132485985,315.3516026,0.6204223256,0.8,0.775527907
0.01796023721,338.0677867,0.4766693579,0.8,0.5958366974
0.005693004622,329.2617765,0.4620504939,0.8,0.5775631174
0.0244089551,343.7114431,0.4532785467,0.8,0.5665981834
0.02571559907,340.1148182,0.4741231813,0.8,0.5926539766
0.00720636794,317.4905185,0.5383954453,0.8,0.6729943067
0.04795039593,337.7120192,0.4970242473,0.8,0.6212803091
0.04675813461,334.6667423,0.5138403436,0.8,0.6423004295
0.05516863496,323.4875765,0.5786887664,0.8,0.7233609581
0.01544228321,335.4718225,0.4859466724,0.8,0.6074333405
0.06514696535,299.6993845,0.7149459952,0.8,0.893682494
0.01563682233,311.6781344,0.6139889427,0.8,0.7674861783
0.02800619202,337.8353442,0.4883679597,0.8,0.6104599497
0.05660828668,345.6960318,0.4537324931,0.8,0.5671656163
0.06905347734,325.3007705,0.5707391048,0.8,0.713423881
0.05077677445,344.8627468,0.4574165601,0.8,0.5717707001
0.07997118995,345.0945324,0.4597138287,0.8,0.5746422859
0.06223619107,307.3112382,0.671381349,0.8,0.8392266862
0.07559347951,349.3517841,0.4352230841,0.8,0.5440288551
0.01207212548,351.212932,0.3938911053,0.8,0.4923638816
0.05223341315,323.8220804,0.5761614469,0.8,0.7202018086
0.06740459843,326.9848482,0.5609907857,0.8,0.7012384822
0.07076721262,347.7495887,0.4438641954,0.8,0.5548302442
0.0129885106,331.6239789,0.4999679995,0.8,0.6249599994
0.06468899733,340.0660487,0.4866568489,0.8,0.6083210611
0.05503068585,315.4763693,0.6238154478,0.8,0.7797693098
0.008426734406,341.2477266,0.42964009,0.8,0.5370501125
0.03511828293,353.4515012,0.4051866826,0.8,0.5064833532
0.03290187953,357.3589872,0.3826084439,0.8,0.4782605549
0.02231694972,299.3350511,0.6943823106,0.8,0.8679778882
0.02876363866,316.1467777,0.6089243884,0.8,0.7611554855
0.07796644114,353.9187768,0.4095220279,0.8,0.5119025349
0.01834198067,353.2325706,0.3950963411,0.8,0.4938704264
0.0301143039,327.2787921,0.5482312061,0.8,0.6852890076
0.02746813313,335.272841,0.5021567026,0.8,0.6276958783
0.07429613067,345.8080572,0.4551905741,0.8,0.5689882176
0.0157433414,356.2039312,0.3753419149,0.8,0.4691773936
0.0328859305,342.5480229,0.4649780257,0.8,0.5812225321
0.07531517531,303.6253946,0.6943218854,0.8,0.8679023568
0.03494751279,311.579723,0.6384632114,0.8,0.7980790142
0.04391095175,320.2795882,0.5937502371,0.8,0.7421877963
0.06151288655,326.577043,0.5624226417,0.8,0.7030283022
0.007700329317,332.6585672,0.467574271,0.8,0.5844678387
0.01898285298,322.7337796,0.5614650368,0.8,0.701831296
0.04257720541,347.9778316,0.4380697818,0.8,0.5475872273
0.06371838213,336.5445406,0.5064344228,0.8,0.6330430284
0.07122919303,337.6177479,0.5012759408,0.8,0.626594926
0.05349663988,326.4648561,0.5615585572,0.8,0.7019481965
0.07560344112,336.9817192,0.5053264299,0.8,0.6316580374
0.02368812941,353.2582103,0.400245691,0.8,0.5003071137
0.0390015701,306.0188417,0.6716251787,0.8,0.8395314734
0.0110050491,354.4762984,0.3735277074,0.8,0.4669096343
0.06483819076,321.9897841,0.5888699893,0.8,0.7360874866
0.05251846858,312.2917969,0.6411559707,0.8,0.8014449634
0.06676468252,320.6047539,0.5969909333,0.8,0.7462386666
0.07184508169,341.6963364,0.4782456924,0.8,0.5978071155
0.03170914245,317.6539897,0.6026933893,0.8,0.7533667366
0.04660687459,319.7876085,0.5973677322,0.8,0.7467096652
0.02782376235,336.9833911,0.4929537938,0.8,0.6161922422
0.008046846564,331.0587334,0.4783741858,0.8,0.5979677323
0.05343161555,318.6758458,0.6054215115,0.8,0.7567768894
0.07239102993,314.9098077,0.6300053214,0.8,0.7875066517
0.07925358238,331.0475795,0.5393155711,0.8,0.6741444639
0.0749045148,336.0653679,0.5104504972,0.8,0.6380631215
0.04035788032,351.7922423,0.4161075617,0.8,0.5201344521
0.05603825244,313.3021397,0.6362977951,0.8,0.7953722439
0.06297700759,298.6900819,0.7202356166,0.8,0.9002945207
0.04665057924,353.3996646,0.4085998448,0.8,0.510749806
0.01651312407,311.0865161,0.6194186055,0.8,0.7742732568
0.07499576295,357.6518981,0.3881406997,0.8,0.4851758746
0.01422024711,307.1666956,0.6338376532,0.8,0.7922970664
0.03196140938,324.0587988,0.5672683672,0.8,0.709085459
0.06945257493,335.1353468,0.5151289109,0.8,0.6439111386
0.07692810302,336.9139413,0.5058366948,0.8,0.6322958685
0.04786618969,357.1787458,0.3876050988,0.8,0.4845063735
0.04850232172,357.7708043,0.3843928529,0.8,0.4804910661
0.05873326837,303.0988513,0.6944509915,0.8,0.8680637393
0.04337617165,344.9702968,0.4551385189,0.8,0.5689231486
0.03103550726,352.2686584,0.4101040971,0.8,0.5126301214
0.02879592499,320.6811482,0.583849042,0.8,0.7298113026
0.06558028548,335.877193,0.5104549726,0.8,0.6380687158
0.02596835206,302.0806084,0.6840031265,0.8,0.8550039081
0.01456539994,309.4275014,0.6229062971,0.8,0.7786328714
0.01571156819,328.6366489,0.5232001692,0.8,0.6540002114
0.03229563167,323.911576,0.5682865572,0.8,0.7103581965
0.04806473013,315.013415,0.6246249589,0.8,0.7807811986
0.04071684711,300.9928988,0.7005486144,0.8,0.875685768
0.01356442463,329.9149998,0.5107907336,0.8,0.6384884169
0.07076720936,306.4280466,0.6778062462,0.8,0.8472578078
0.01879432411,300.1842361,0.6835006463,0.8,0.8543758078
0.05182269133,331.5609277,0.5324992612,0.8,0.6656240765
0.04105214327,301.5116818,0.6977974419,0.8,0.8722468024
0.06755944787,316.7800935,0.6187435023,0.8,0.7734293779
0.06550066083,306.5147615,0.6764735212,0.8,0.8455919015
0.04043003554,342.0274034,0.4707745053,0.8,0.5884681316
0.0553540021,348.3071126,0.4388148283,0.8,0.5485185354
0.03504771302,332.1680819,0.5237775838,0.8,0.6547219797
0.05715567838,348.4795817,0.4381152727,0.8,0.5476440909
0.07246337804,308.9475023,0.6637826737,0.8,0.8297283421
0.03221061831,299.8628177,0.7018978243,0.8,0.8773722804
0.005358196814,298.3218995,0.6027632276,0.8,0.7534540345
0.0775458297,326.676179,0.5639336453,0.8,0.7049170566
0.01032328143,305.7724371,0.6233602913,0.8,0.7792003641
0.0206375993,303.8579892,0.6669809438,0.8,0.8337261798
0.03074729851,313.1322926,0.6271381132,0.8,0.7839226415
0.0675007164,332.2240697,0.531364081,0.8,0.6642051013
0.006460000461,314.32505,0.5449063079,0.8,0.6811328849
0.05022243031,325.9876436,0.5634959912,0.8,0.704369989
0.04510602292,311.5145456,0.6433305047,0.8,0.8041631309
0.06422577798,312.1029554,0.6446614479,0.8,0.8058268098
0.03471696369,328.0581379,0.5465212239,0.8,0.6831515299
0.05375122217,349.1483028,0.4338173643,0.8,0.5422717054
0.05421491696,320.0201332,0.5980256128,0.8,0.747532016
0.05246904692,302.7910305,0.6946428762,0.8,0.8683035953
0.04149198268,334.9848009,0.5105393173,0.8,0.6381741467
0.01778125396,322.0524929,0.5629981716,0.8,0.7037477145
0.05233616307,356.9857062,0.3894483202,0.8,0.4868104003
0.07148609403,355.5589397,0.3997137085,0.8,0.4996421356
0.03952972212,303.1464078,0.6879411629,0.8,0.8599264536
0.02930098378,321.258745,0.5810293991,0.8,0.7262867489
0.00571506095,304.0462895,0.5827073776,0.8,0.728384222
0.05984896732,357.6394545,0.3867800922,0.8,0.4834751153
0.03573294628,312.338762,0.6346679138,0.8,0.7933348923
0.0266277487,342.4722496,0.4617988322,0.8,0.5772485403
0.01474701935,298.1533018,0.6836926532,0.8,0.8546158165
0.07353399187,341.357888,0.4803303647,0.8,0.6004129559
0.04920871845,357.2433152,0.3874833645,0.8,0.4843542056
0.0757888176,347.4934153,0.4457712883,0.8,0.5572141104
0.06414429035,337.3389737,0.5020016601,0.8,0.6275020751
0.03718770835,330.4497704,0.5343088104,0.8,0.667886013
0.0671036875,334.3097953,0.5195147325,0.8,0.6493934156
0.04520204069,308.4922293,0.6603255902,0.8,0.8254069878
0.05796477204,299.1294152,0.7166759517,0.8,0.8958449396
0.06015366286,334.0118133,0.5202194074,0.8,0.6502742593
0.01256301443,347.2446808,0.4161851963,0.8,0.5202314953
0.02296393319,303.3161734,0.6735033571,0.8,0.8418791964
0.0710310745,307.8226155,0.6699493891,0.8,0.8374367364
0.01353940705,351.9683282,0.3936798911,0.8,0.4920998639
0.07453232868,341.8070735,0.4778811301,0.8,0.5973514126
0.02057197171,321.617598,0.5700247421,0.8,0.7125309276
0.01705259409,355.4545743,0.3813586878,0.8,0.4766983598
0.07366766857,309.1834925,0.6626097879,0.8,0.8282622349
0.01186381945,299.4608662,0.6648826796,0.8,0.8311033494
0.03874789911,320.0802256,0.592902774,0.8,0.7411284676
0.0442538373,306.285878,0.6723602537,0.8,0.8404503171
0.03388337299,323.0400397,0.5740366413,0.8,0.7175458017
0.01894838264,323.1922843,0.5589179257,0.8,0.6986474071
0.02278599053,344.3309979,0.4484520755,0.8,0.5605650944
0.007092248198,323.4538723,0.5076627959,0.8,0.6345784948
0.0578007842,346.8562191,0.4473676804,0.8,0.5592096005
0.03859626987,311.567073,0.6404183274,0.8,0.8005229093
0.01098414509,305.6845085,0.6276907837,0.8,0.7846134797
0.009303126898,347.6998719,0.401698887,0.8,0.5021236087
0.07287558744,336.0979257,0.5100583764,0.8,0.6375729706
0.07942522278,322.1458019,0.5898142086,0.8,0.7372677607
0.05923527998,314.0095338,0.6329753848,0.8,0.791219231
0.06427111296,346.5183601,0.4501306052,0.8,0.5626632565
0.007838420123,301.0194752,0.6273124825,0.8,0.7841406031
0.05760064315,320.1872427,0.5977921154,0.8,0.7472401443
0.04117304436,321.818942,0.5841512162,0.8,0.7301890203
0.04565090564,300.4365828,0.7057034927,0.8,0.8821293659
0.06594584352,326.9875983,0.560773783,0.8,0.7009672287
0.04561765635,300.9584366,0.7027617712,0.8,0.8784522139
0.02565943314,342.4699825,0.4611017504,0.8,0.576377188
0.02394661258,356.8883012,0.3805008401,0.8,0.4756260501
0.04034368075,308.317265,0.6593881698,0.8,0.8242352123
0.07565607877,302.8964485,0.6984984379,0.8,0.8731230473
0.07817033906,333.1908486,0.52706037,0.8,0.6588254624
0.06130206838,348.8623271,0.4365209207,0.8,0.5456511508
0.02100760544,305.1583555,0.6604978696,0.8,0.825622337
0.07759829883,346.2293138,0.4530879972,0.8,0.5663599965
0.06937733498,318.6189458,0.6085987923,0.8,0.7607484904
0.06636955992,306.2818406,0.6779388356,0.8,0.8474235445
0.05061848999,342.9801959,0.4679784924,0.8,0.5849731155
0.0465634116,322.1119166,0.5843008428,0.8,0.7303760535
0.07925684575,308.1564446,0.6691291092,0.8,0.8364113865
0.06505257365,333.0063403,0.5266171558,0.8,0.6582714447
0.06731043677,340.7650998,0.4830230511,0.8,0.6037788139
0.06362186991,355.8033374,0.3975767072,0.8,0.496970884
0.03032038946,334.7324051,0.5070260413,0.8,0.6337825517
0.07558049578,341.7791279,0.4781368858,0.8,0.5976711072
0.03461201143,299.9213485,0.7032191589,0.8,0.8790239486
0.03612562531,320.2164645,0.5909337071,0.8,0.7386671339
0.02449479958,303.7164537,0.6732909922,0.8,0.8416137403
0.02964053786,319.06183,0.5934509824,0.8,0.741813728
0.07249483992,356.0231329,0.3971699026,0.8,0.4964623783
0.05112376198,335.1039151,0.5124059149,0.8,0.6405073937
0.06439722341,332.8294289,0.52752707,0.8,0.6594088375
0.03504374467,299.8364858,0.703964718,0.8,0.8799558975
0.04301862765,304.8137399,0.6801362734,0.8,0.8501703417
0.05635200394,344.4269555,0.460849162,0.8,0.5760614524
0.07168543202,320.4599122,0.5984833772,0.8,0.7481042215
0.04888479512,337.811814,0.4966795829,0.8,0.6208494786
0.05967993688,320.3360586,0.5973475678,0.8,0.7466844597
0.06607731776,334.083187,0.5206646762,0.8,0.6508308452
0.07932787797,336.4258861,0.508822361,0.8,0.6360279513
0.04916652929,353.5343326,0.4083323306,0.8,0.5104154132
0.008622799628,309.2883336,0.5930505696,0.8,0.741313212
0.0411806871,338.4454092,0.4910617819,0.8,0.6138272274
0.03306610796,333.072601,0.5177718425,0.8,0.6472148032
0.04524542927,356.0890184,0.3932093059,0.8,0.4915116324
0.01368905531,346.6472582,0.4222836039,0.8,0.5278545048
0.05106840229,333.089284,0.5237320929,0.8,0.6546651161
0.01587186624,325.9168041,0.5381650077,0.8,0.6727062597
0.0385191229,340.1327349,0.4807340739,0.8,0.6009175924
0.06314194805,315.0563716,0.6277833873,0.8,0.7847292341
0.02633191588,315.2804931,0.6115839713,0.8,0.7644799641
0.04072765449,311.3194307,0.6427519269,0.8,0.8034399086
0.03747897827,330.0841037,0.5364725346,0.8,0.6705906682
0.06254230356,327.2460977,0.5588071401,0.8,0.6985089251
0.01786109201,321.446258,0.5664303706,0.8,0.7080379633
0.01215579164,344.2165769,0.4309281038,0.8,0.5386601297
0.04153995737,339.1788419,0.4870668219,0.8,0.6088335274
0.07418412517,327.1068202,0.5611330403,0.8,0.7014163004
0.03923782818,300.2218574,0.7041532612,0.8,0.8801915765
0.04190885904,313.7475219,0.6296360205,0.8,0.7870450256
0.06140836472,341.7716143,0.4765840002,0.8,0.5957300003
0.009092249276,341.5742488,0.4319254665,0.8,0.5399068331
0.01563915351,298.9123106,0.6824675591,0.8,0.8530844489
0.01303715068,323.6317716,0.542407066,0.8,0.6780088325
0.07533379406,341.8761289,0.4775645115,0.8,0.5969556394
0.06706099206,315.7590793,0.6244445369,0.8,0.7805556711
0.01339980511,300.5206626,0.6661621302,0.8,0.8327026628
0.03448403425,318.7288427,0.5983728464,0.8,0.747966058
0.0737396243,321.1581531,0.5947825236,0.8,0.7434781545
0.008499881656,311.0721663,0.5829671819,0.8,0.7287089774
0.07033189574,333.8260654,0.5226422243,0.8,0.6533027804
0.04317359723,334.7422288,0.5124222647,0.8,0.6405278309
0.02749517452,327.4612548,0.5453421087,0.8,0.6816776359
0.005653627724,315.7712543,0.5257229125,0.8,0.6571536406
0.007535002579,321.6010583,0.521317274,0.8,0.6516465925
0.01402008565,357.5738378,0.3649201256,0.8,0.456150157
0.01037346644,343.9688109,0.4257768544,0.8,0.5322210681
0.0650363448,347.8122254,0.4429055396,0.8,0.5536319245
0.04200689398,341.2755605,0.4754632783,0.8,0.5943290979
0.01950043507,323.6476147,0.5573442682,0.8,0.6966803353
0.07077940782,329.8667046,0.5451096573,0.8,0.6813870716
0.01391440105,340.342017,0.456352266,0.8,0.5704403325
0.0290399878,330.3735085,0.5303627301,0.8,0.6629534127
0.07848662497,321.0299101,0.5960441892,0.8,0.7450552365
0.06245634979,331.1199411,0.5369069958,0.8,0.6711337447
0.04111557499,353.2387737,0.4082159748,0.8,0.5102699685
0.06060991348,337.5761198,0.5001635108,0.8,0.6252043885
0.01898049648,334.2427592,0.4989772195,0.8,0.6237215244
0.0705487024,332.9822049,0.5274445157,0.8,0.6593056446
0.02713745432,357.1310433,0.3811919688,0.8,0.4764899611
0.06343187358,356.4572944,0.3938604643,0.8,0.4923255803
0.04604801394,312.6897802,0.6370504375,0.8,0.7963130468
0.03693334667,310.5190699,0.6454546584,0.8,0.8068183229
0.02898868487,317.9651915,0.5990341706,0.8,0.7487927132
0.03999679196,353.0809303,0.4087963086,0.8,0.5109953858
0.06393640162,317.4128022,0.6145996574,0.8,0.7682495717
0.06417053683,352.2157038,0.4179143053,0.8,0.5223928816
0.03307582172,321.3858207,0.5827888088,0.8,0.728486011
0.03055295484,304.0076495,0.6776185491,0.8,0.8470231864
0.01639819834,325.0629654,0.5439310637,0.8,0.6799138296
0.0634200563,315.3896375,0.6259476827,0.8,0.7824346034
0.05640565479,304.0683745,0.688450282,0.8,0.8605628525
0.02918791469,312.5453417,0.6292055893,0.8,0.7865069866
0.005531425305,307.2512665,0.5640314083,0.8,0.7050392604
0.01983653766,352.3268839,0.4017810632,0.8,0.5022263289
0.02266019785,337.6453877,0.4849681378,0.8,0.6062101722
0.02135512714,345.4820502,0.4407383867,0.8,0.5509229834
0.04929875087,316.4037428,0.6171617885,0.8,0.7714522356
0.03162294232,346.7707174,0.4409092599,0.8,0.5511365748
0.01580290468,302.2138431,0.6652326277,0.8,0.8315407846
0.01846205757,303.2407883,0.666226934,0.8,0.8327836675
0.0303036951,304.8080628,0.6729810262,0.8,0.8412262827
0.04111002034,319.3922567,0.5977139913,0.8,0.7471424891
0.02499095009,331.552953,0.5206688299,0.8,0.6508360373
0.07526692275,331.0868617,0.5386983449,0.8,0.6733729311
0.05126139345,309.8911668,0.6543404057,0.8,0.8179255072
0.04631363785,302.3928091,0.694959818,0.8,0.8686997724
0.03855432301,350.8494291,0.4208513884,0.8,0.5260642354
0.01538565959,333.2810924,0.4975594437,0.8,0.6219493046
0.07788484638,354.3641872,0.4069907399,0.8,0.5087384248
0.05344810101,332.537812,0.527337855,0.8,0.6591723188
0.06203260244,326.0648351,0.5654000059,0.8,0.7067500073
0.01022634644,310.0577783,0.6005836757,0.8,0.7507295946
0.02789804884,302.0559122,0.6861201769,0.8,0.8576502212
0.0167129794,313.8125696,0.605214981,0.8,0.7565187263
0.04705859329,351.1905541,0.4210926844,0.8,0.5263658555
0.0751459706,353.4634098,0.4118865584,0.8,0.514858198
0.05168473958,313.303367,0.635246393,0.8,0.7940579912
0.07224909776,315.8329884,0.6247583536,0.8,0.7809479419
0.07310286429,331.1091932,0.5383398939,0.8,0.6729248674
0.03493663567,341.9561092,0.4691808542,0.8,0.5864760678
0.04101486063,354.4622465,0.4013398425,0.8,0.5016748032
0.07572517778,321.4642523,0.5932794327,0.8,0.7415992909
0.02778578576,335.8410612,0.4992424835,0.8,0.6240531044
0.01596890686,319.3314385,0.5737588184,0.8,0.717198523
0.06664938159,305.6153774,0.6817553511,0.8,0.8521941888
0.04649829941,310.3963484,0.6500767151,0.8,0.8125958938
0.04383298893,337.5871956,0.496662485,0.8,0.6208281063
0.07453878037,323.080472,0.5839854888,0.8,0.729981861
0.06237125044,305.4310921,0.6820292226,0.8,0.8525365283
0.02712399121,302.9804714,0.6802522828,0.8,0.8503153535
0.06876603906,350.7421937,0.4267294107,0.8,0.5334117634
0.006115378326,301.9895334,0.5995703856,0.8,0.749462982
0.0219701347,317.4248378,0.5948751121,0.8,0.7435938902
0.07701513749,320.5293785,0.5987226067,0.8,0.7484032584
0.02707370752,327.954876,0.5422809756,0.8,0.6778512195
0.04918916008,331.3488524,0.5330911435,0.8,0.6663639294
0.02870923332,350.3980102,0.4192961942,0.8,0.5241202427
0.0126119873,332.8638131,0.4921994316,0.8,0.6152492895
0.03106828998,306.4985187,0.6641917419,0.8,0.8302396774
0.01019240109,307.0569212,0.6158952604,0.8,0.7698690755
0.0761077978,337.9364721,0.4999637316,0.8,0.6249546646
0.05876138591,344.7155874,0.4595870341,0.8,0.5744837926
0.05983421041,306.2999404,0.6766171226,0.8,0.8457714032
0.02883485226,355.078951,0.3934514958,0.8,0.4918143697
0.058561481,323.5743048,0.5788641823,0.8,0.7235802278
0.05773723219,349.5287154,0.4322807188,0.8,0.5403508985
0.0161335672,330.4879597,0.514186613,0.8,0.6427332663
0.07323351817,353.5053367,0.4114923546,0.8,0.5143654433
0.02743190347,347.4118198,0.4350580636,0.8,0.5438225795
0.0249752052,326.7978644,0.5468262158,0.8,0.6835327698
0.03610892051,336.1709231,0.5019272465,0.8,0.6274090582
0.06508456031,318.7987323,0.606949381,0.8,0.7586867262
0.05943439057,323.4210154,0.5798882679,0.8,0.7248603349
0.05424183934,355.6131143,0.3974685701,0.8,0.4968357126
0.01555718915,333.7795143,0.4952702521,0.8,0.6190878151
0.03868360725,318.6048394,0.6011216978,0.8,0.7514021223
0.03085344745,314.7030298,0.6184973007,0.8,0.7731216259
0.05506511761,298.1890488,0.7212649398,0.8,0.9015811747
0.05459293495,300.677982,0.7071143942,0.8,0.8838929928
0.05632450755,309.9109102,0.6554843872,0.8,0.819355484
0.05342425194,347.5049555,0.44302063,0.8,0.5537757875
0.07265853767,338.7182466,0.4951945534,0.8,0.6189931917
0.07781871492,313.9684661,0.6360072847,0.8,0.7950091059
0.05372094929,317.9960003,0.6093183285,0.8,0.7616479107
0.05334575533,326.6642989,0.5604026485,0.8,0.7005033106
0.05653457088,355.3485067,0.3992858249,0.8,0.4991072811
0.0374625531,345.6200053,0.4497077663,0.8,0.5621347079
0.06206257949,303.7116495,0.6916832664,0.8,0.864604083
0.04632413833,319.3122559,0.5999516904,0.8,0.749939613
0.03797750145,339.9980018,0.4812928099,0.8,0.6016160124
0.01837889466,351.7429235,0.4032154722,0.8,0.5040193403
0.02851670911,346.4958537,0.4407824688,0.8,0.550978086
0.02414562354,338.1508372,0.4836186158,0.8,0.6045232698
0.04991726829,345.093772,0.4559476029,0.8,0.5699345036
0.041445576,311.256553,0.6434022637,0.8,0.8042528297
0.05033971713,339.5165735,0.487409287,0.8,0.6092616088
0.07752308035,341.6440247,0.4790764516,0.8,0.5988455645
0.03432239043,320.4590987,0.5886471902,0.8,0.7358089878
0.01649281336,325.17036,0.5435577524,0.8,0.6794471906
0.04359156575,330.7686647,0.5348272351,0.8,0.6685340438
0.02749093445,345.6060548,0.4450734204,0.8,0.5563417755
0.04939811282,320.4939108,0.5941870711,0.8,0.7427338388
0.007382440133,300.5686422,0.6243976307,0.8,0.7804970384
0.02376358125,302.6924577,0.6779985256,0.8,0.847498157
0.05690805482,354.6085515,0.4035100226,0.8,0.5043875282
0.06958048801,319.073408,0.6060545692,0.8,0.7575682115
0.07714848583,334.2167574,0.5211469394,0.8,0.6514336743
0.07562682956,322.8288722,0.5855347895,0.8,0.7319184869
0.02138848706,349.7862325,0.4172549643,0.8,0.5215687054
0.05805228204,352.5119381,0.4154927253,0.8,0.5193659067
0.07810830054,308.772395,0.6655008624,0.8,0.831876078
0.01543509938,303.3870966,0.6578682369,0.8,0.8223352961
0.07968388085,335.7283859,0.512809496,0.8,0.6410118699
0.06139498658,306.9323601,0.6733596373,0.8,0.8416995466
0.02478397354,330.0760665,0.528606154,0.8,0.6607576925
0.02877554645,350.7038543,0.4176397313,0.8,0.5220496642
0.006171947952,316.5544681,0.5300579118,0.8,0.6625723897
0.06456405728,307.0250156,0.6734250814,0.8,0.8417813518
0.01629160499,303.4115565,0.6601499603,0.8,0.8251874504
0.04165318827,329.6001557,0.5407491834,0.8,0.6759364793
0.007414236706,312.2395271,0.5667135801,0.8,0.7083919752
0.04634391215,303.9477098,0.6862388237,0.8,0.8577985296
0.02954868699,326.2239053,0.5536977651,0.8,0.6921222063
0.03353719496,356.2686263,0.3889165426,0.8,0.4861456782
0.04069868585,341.2529481,0.4751931827,0.8,0.5939914784
0.05849238418,340.6583766,0.4824432033,0.8,0.6030540041
0.06303579412,343.6089378,0.4664209491,0.8,0.5830261864
0.05201204944,346.3862181,0.4490731811,0.8,0.5613414764
0.05524735818,350.6273187,0.4257191654,0.8,0.5321489568
0.05793358206,317.4188752,0.6134768707,0.8,0.7668460884
0.06429305924,318.7883497,0.6068824595,0.8,0.7586030744
0.03644578805,301.4462436,0.6958247546,0.8,0.8697809433
0.05898319678,346.3895802,0.450171116,0.8,0.562713895
0.02444120813,324.1458912,0.5608902619,0.8,0.7011128274
0.05329732056,325.8863559,0.5647742837,0.8,0.7059678547
0.04002287041,304.6526795,0.6797477864,0.8,0.849684733
0.0195928826,357.4049795,0.3738903756,0.8,0.4673629695
0.01604427015,315.4791425,0.5946388566,0.8,0.7432985708
0.04964900459,351.3109434,0.4209257554,0.8,0.5261571942
0.03536278235,343.0196953,0.4634279326,0.8,0.5792849158
0.02082719582,343.6027906,0.4504274235,0.8,0.5630342794
0.02045966238,353.6745295,0.3951014028,0.8,0.4938767535
0.02444537705,336.5305503,0.4927944318,0.8,0.6159930398
0.0138225825,334.9913311,0.484560896,0.8,0.60570112
0.06486882317,326.17909,0.5651902442,0.8,0.7064878053
0.06099323967,316.6253872,0.6185393297,0.8,0.7731741621
0.04673950632,337.0718254,0.5003268908,0.8,0.6254086135
0.01981975163,326.0978601,0.5445069707,0.8,0.6806337133
0.03335046975,350.0632098,0.4233751199,0.8,0.5292188999
0.03494411144,351.2938346,0.4171480079,0.8,0.5214350099
0.03405803239,300.0000742,0.7024211006,0.8,0.8780263758
0.008819026892,318.3882319,0.5483600395,0.8,0.6854500494
0.07378543874,328.9249636,0.5507883459,0.8,0.6884854323
0.02194693351,309.9538146,0.6357187102,0.8,0.7946483877
0.06530698742,298.4769181,0.7218874753,0.8,0.9023593441
0.04335364202,326.6701509,0.5577320128,0.8,0.6971650161
0.01040174273,298.9687226,0.6591035266,0.8,0.8238794083
0.01710841867,337.677959,0.4773510311,0.8,0.5966887888
0.07348354809,354.1371556,0.4079341984,0.8,0.509917748
0.07815853542,351.8133532,0.4214734866,0.8,0.5268418582
0.03049891818,338.6627905,0.4853289466,0.8,0.6066611832
0.06854813413,300.3668542,0.7117651926,0.8,0.8897064907
0.0318699389,300.4857587,0.6981834371,0.8,0.8727292963
0.07752113177,346.6168548,0.4508846065,0.8,0.5636057581
0.02643295052,329.1761773,0.5350161675,0.8,0.6687702094
0.05907953485,299.1601775,0.7167574942,0.8,0.8959468678
0.04092679975,314.5107113,0.6249704988,0.8,0.7812131235
0.02826176054,347.0345726,0.437650943,0.8,0.5470636788
0.06059206475,321.524448,0.5908017705,0.8,0.7385022131
0.04854257165,346.6120983,0.4471297369,0.8,0.5589121711
0.02994632708,352.2631752,0.4096122924,0.8,0.5120153655
0.01297889661,303.4108456,0.6491536011,0.8,0.8114420014
0.01948500181,344.8513959,0.4420318969,0.8,0.5525398712
0.05202019558,328.0027783,0.5525744765,0.8,0.6907180956
0.07414832992,352.7933814,0.4156018534,0.8,0.5195023168
0.07032041625,352.2339393,0.4184348986,0.8,0.5230436232
0.05781957675,302.7149698,0.6964125318,0.8,0.8705156647
0.07235805531,303.4851869,0.6947035127,0.8,0.8683793909
0.01789662727,312.8060324,0.6132460787,0.8,0.7665575984
0.02033377968,338.2138614,0.4792287933,0.8,0.5990359916
0.01641149526,356.2628941,0.3760698768,0.8,0.4700873461
0.02678670516,332.3868273,0.5175832053,0.8,0.6469790066
0.06769429056,324.2156047,0.5766968458,0.8,0.7208710573
0.04403223729,341.890091,0.4725849743,0.8,0.5907312179
0.07706499427,301.3364477,0.7075264457,0.8,0.8844080572
0.05635970607,302.6895519,0.6962148218,0.8,0.8702685272
0.038485013,299.1314855,0.7098644256,0.8,0.887330532
0.07317892604,343.0537084,0.4706898723,0.8,0.5883623404
0.03181133599,325.8070777,0.5574645627,0.8,0.6968307034
0.04779177021,338.3111557,0.4936197664,0.8,0.617024708
0.06926242263,337.4676481,0.5019067265,0.8,0.6273834081
0.07937951945,348.7554667,0.4389056763,0.8,0.5486320954
0.03212160913,340.5686068,0.4756125745,0.8,0.5945157181
0.008309273188,304.4128868,0.6149528768,0.8,0.768691096
0.07140388433,319.8177788,0.6020832789,0.8,0.7526040987
0.01977305665,335.7979549,0.4916535264,0.8,0.614566908
0.03381408143,304.8131661,0.6754653298,0.8,0.8443316622
0.07986225236,346.2162274,0.4533435575,0.8,0.5666794469
0.02972817144,321.6267791,0.5792994077,0.8,0.7241242597
0.04170925304,326.5609737,0.5577904424,0.8,0.697238053
0.01573351765,304.2297765,0.6542157441,0.8,0.8177696801
0.01495043627,328.5672845,0.5217531879,0.8,0.6521914849
0.07944904651,347.9624744,0.4434081033,0.8,0.5542601291
0.04779051217,357.1567412,0.3877147528,0.8,0.4846434409
0.06934634332,309.8753569,0.6580806713,0.8,0.8226008391
0.06965882146,308.728602,0.6646180315,0.8,0.8307725394
0.02067373784,334.266871,0.5011767079,0.8,0.6264708849
0.01950536543,321.9689488,0.5664797385,0.8,0.7080996731
0.01635578718,349.0601652,0.4147359072,0.8,0.518419884
0.04977504087,338.36019,0.4937936485,0.8,0.6172420606
0.04928326831,329.9478318,0.5409923805,0.8,0.6762404756
0.01546216236,304.2630032,0.6532539628,0.8,0.8165674534
0.01337406334,324.1558192,0.5407512042,0.8,0.6759390053
0.03017139191,357.1463269,0.3826447731,0.8,0.4783059663
0.03762847289,307.3211241,0.6636672852,0.8,0.8295841064
0.01589912235,309.1163603,0.6284417356,0.8,0.7855521695
0.0758187816,310.8375792,0.6535150257,0.8,0.8168937821
0.07592099197,338.6065355,0.496148477,0.8,0.6201855962
0.05780544997,357.5257222,0.3871719892,0.8,0.4839649865
0.01183389634,308.5618892,0.6169789591,0.8,0.7712236989
0.07007885126,317.7009486,0.6138913832,0.8,0.767364229
0.0117463204,308.3059999,0.6179063703,0.8,0.7723829628
0.03993544857,329.6331707,0.5399558456,0.8,0.6749448069
0.07246363477,331.4052373,0.5365921077,0.8,0.6707401347
0.06112448116,303.725289,0.6914191498,0.8,0.8642739373
0.07668071375,305.4953966,0.6839020398,0.8,0.8548775498
0.07217083355,321.2349072,0.5941559014,0.8,0.7426948767
0.01318745455,328.9575351,0.5147104451,0.8,0.6433880564
0.01871134559,319.8734897,0.5765183353,0.8,0.7206479191
0.06632774745,326.0061898,0.5663778665,0.8,0.7079723331
0.04745046726,349.7058616,0.4295154033,0.8,0.5368942541
0.02540057392,318.103121,0.5951139681,0.8,0.7438924601
0.03780378727,329.9817933,0.5371780619,0.8,0.6714725774
0.04631548814,323.7355847,0.5751097764,0.8,0.7188872205
0.03938734384,329.7508131,0.5390928525,0.8,0.6738660656
0.0369559213,298.5145625,0.7124769487,0.8,0.8905961859
0.05333478291,331.19832,0.5348602673,0.8,0.6685753341
0.04596294577,307.2532108,0.6675461075,0.8,0.8344326343
0.02545548364,319.3933952,0.5880613986,0.8,0.7350767483
0.05268444171,309.5042372,0.6568962791,0.8,0.8211203489
0.02823414718,332.2551871,0.5193880662,0.8,0.6492350827
0.02273340372,328.2843187,0.5363453833,0.8,0.6704317291
0.0618369241,309.6538065,0.6580722821,0.8,0.8225903526
0.06964769906,352.8573429,0.4148434618,0.8,0.5185543273
0.01623981134,346.6370413,0.4275712069,0.8,0.5344640086
0.07026556932,317.349119,0.6159085314,0.8,0.7698856643
0.03053812034,332.2948471,0.5206784776,0.8,0.650848097
0.04698231691,317.2236729,0.6118822133,0.8,0.7648527666
0.02288858968,346.4957275,0.4366801452,0.8,0.5458501814
0.01691741572,301.1746022,0.6738259699,0.8,0.8422824624
0.03178825084,349.0765869,0.4281779779,0.8,0.5352224723
0.03503779203,349.7319739,0.4258872107,0.8,0.5323590134
0.0489653039,321.688178,0.5873559621,0.8,0.7341949527
0.009028681398,334.7880548,0.4662009596,0.8,0.5827511995
0.06569220551,354.906178,0.402865473,0.8,0.5035818412
0.04354537355,334.6747187,0.5129113836,0.8,0.6411392295
