m_c (kg/s),A_hx (m^2),P,B,A
1.48470347,15.32684903,274.6909592,293.3,0.9365528783
0.6788822409,33.12363547,197.7115518,198.6409437,0.9953212469
1.040207392,37.55045232,274.7497895,293.3,0.9367534591
1.751226388,21.51063315,289.0194389,293.3,0.9854055197
2.060452123,32.95075326,293.0757654,293.3,0.999235477
2.81197401,25.62130997,293.0886681,293.3,0.9992794685
1.789905096,6.115050722,233.4569816,293.3,0.7959665244
2.062499311,18.94521363,289.7051243,293.3,0.9877433492
1.332979488,19.83709442,277.5645991,293.3,0.9463504913
1.23229101,13.25733317,256.0457258,293.3,0.8729823588
1.132086959,14.71277808,253.4382558,293.3,0.8640922461
0.4474623994,18.1257783,130.4498771,130.9274981,0.9963520197
0.3686156851,10.03084615,105.7872724,107.8569495,0.980810907
0.4781310846,24.17524562,139.7390615,139.9011553,0.9988413685
0.3342270607,8.897315787,95.68014795,97.79483797,0.9783762613
2.578680155,16.00242161,289.8562324,293.3,0.9882585489
0.4226527837,39.06690792,123.6675847,123.6682045,0.9999949877
1.07781448,33.46220394,275.9424757,293.3,0.9408198968
2.742614632,36.32567433,293.2853714,293.3,0.9999501242
1.965274607,9.962218872,268.9068814,293.3,0.9168321901
1.444497712,18.86539087,280.2053831,293.3,0.955354187
2.714407323,3.296228318,199.4884655,293.3,0.6801516043
0.3698285273,24.2425676,108.1971238,108.2118271,0.999864125
2.90530726,21.16784694,292.688657,293.3,0.9979156394
0.6559458195,20.15300136,187.8210598,191.9297468,0.9785927555
2.201990522,11.3723205,278.5167414,293.3,0.9495968
1.620999512,37.34828227,292.6520413,293.3,0.9977907989
0.8804474808,30.98195173,246.0331747,257.6189329,0.9550275358
0.9472804658,25.16898378,252.5534255,277.1742643,0.9111719883
2.502029959,31.95608174,293.2206772,293.3,0.9997295507
1.263022881,19.86431146,274.2307932,293.3,0.9349839521
2.063682545,8.756019474,264.1436131,293.3,0.9005919303
1.67756033,30.18945084,291.8921272,293.3,0.995199888
1.327877003,3.819177084,177.667213,293.3,0.6057525162
0.9945611754,5.376679411,183.0221613,291.0085999,0.6289235484
0.9508950545,22.98068286,250.4538243,278.2318929,0.9001621691
1.954395275,39.11675642,293.197199,293.3,0.9996495021
2.894371343,2.46659978,173.8212753,293.3,0.592639875
2.455989977,25.11375109,292.8491239,293.3,0.9984627478
0.9144329731,31.47991152,252.7031404,267.5630879,0.9444618926
2.718330224,31.13092595,293.2405096,293.3,0.9997971689
2.380957641,27.9032189,293.0254066,293.3,0.9990637798
2.801190296,16.21085938,290.6978297,293.3,0.9911279568
2.828888356,39.39692744,293.2947637,293.3,0.9999821471
2.041184462,21.8416772,291.1927266,293.3,0.9928152968
0.5726292192,11.68061265,158.990508,167.5513095,0.9489063886
1.535172225,27.79098216,289.9531865,293.3,0.9885891117
2.928199308,39.55191591,293.2960928,293.3,0.9999866783
2.52593101,4.28432336,220.6962098,293.3,0.7524589492
1.951081633,8.881213882,262.5580853,293.3,0.8951861075
1.101890278,13.57281006,247.1352114,293.3,0.8426021527
2.359934499,26.70328503,292.9210556,293.3,0.9987079972
2.36363126,24.14336304,292.6243167,293.3,0.9976962723
2.639462837,35.04210524,293.2736944,293.3,0.9999103117
0.8769004544,10.75443687,210.9957176,256.581073,0.8223354716
0.2785653668,4.110030829,72.07145743,81.50822631,0.8842231109
1.290340627,23.61210894,280.6470473,293.3,0.9568600316
0.5128068913,15.37474816,147.7903241,150.0472964,0.9849582609
0.825396326,32.04044067,234.9786629,241.510965,0.9729523583
1.110800459,39.72038731,282.2481231,293.3,0.9623188649
1.835865943,22.98742466,290.5794365,293.3,0.9907242977
1.93550325,8.077360635,256.6239376,293.3,0.8749537592
2.832658183,16.88751526,291.1939413,293.3,0.9928194385
2.846449354,37.81047262,293.2923477,293.3,0.9999739097
2.677156199,4.002380058,216.9487653,293.3,0.7396821184
2.538300155,29.990091,293.1826222,293.3,0.9995998028
1.671473638,7.334773585,242.6569763,293.3,0.8273337073
1.924914981,15.85183624,285.1268594,293.3,0.972133854
2.857459231,28.95269393,293.2197,293.3,0.9997262188
2.102173815,16.72238879,288.002321,293.3,0.9819376781
0.4503814966,37.20373799,131.7789954,131.7816259,0.9999800392
0.2446594734,21.85491859,71.58650552,71.58736193,0.9999880369
0.3415806129,19.11494712,99.8987829,99.94648734,0.9995227002
1.933847434,36.67788996,293.1246809,293.3,0.9994022534
1.45714119,22.11595148,284.6534242,293.3,0.9705196868
0.3092635298,34.38818086,90.49047054,90.49050882,0.999999577
0.6102043976,27.62765249,177.814445,178.5458067,0.9959037864
1.045832036,20.47958896,258.5016781,293.3,0.881355875
1.010605106,20.33506711,254.2994622,293.3,0.8670285107
2.938974955,18.64985035,292.1301586,293.3,0.9960114511
0.7335112987,23.21518739,208.7884898,214.625406,0.9728041695
1.531674809,16.4864227,278.7108981,293.3,0.9502587728
1.201919528,21.44167752,273.1332724,293.3,0.931241979
2.41639838,27.09732415,292.9937537,293.3,0.99895586
1.233844803,34.68867207,286.3893316,293.3,0.9764382256
2.404341563,27.68404427,293.0258158,293.3,0.9990651748
1.839812044,23.83545766,290.9716391,293.3,0.9920615039
1.112597611,33.21538017,278.7092212,293.3,0.9502530557
2.237696022,39.30393225,293.2674593,293.3,0.9998890533
1.780401639,7.334418616,246.1806519,293.3,0.8393476029
2.934492148,21.57729076,292.7730255,293.3,0.998203292
0.2650033092,7.72074274,76.07425287,77.53996827,0.9810972916
0.2147575527,27.99119885,62.83805132,62.83805993,0.999999863
2.800679826,26.49275516,293.1290482,293.3,0.9994171437
0.2983365681,21.93853774,87.28834949,87.29327982,0.99994352
2.548522957,20.31678539,292.0700364,293.3,0.9958064659
2.405023748,22.61672571,292.409098,293.3,0.9969624889
0.4449737517,25.56997705,130.142,130.1993197,0.9995597539
1.276094589,35.03489913,287.9799688,293.3,0.9818614688
2.311428846,3.147943731,188.7920934,293.3,0.643682555
2.403532541,3.394312088,197.4569902,293.3,0.6732253332
2.569770172,7.183098746,260.7391941,293.3,0.8889846371
1.484461617,26.73865238,288.707407,293.3,0.9843416535
0.5344783306,20.53286135,155.4508996,156.3883595,0.9940055647
1.519459577,25.12845516,288.3579691,293.3,0.9831502527
2.515832901,24.18383068,292.7955347,293.3,0.9982800365
2.979510435,25.51103771,293.1323077,293.3,0.9994282568
2.312423079,18.82788534,290.8323902,293.3,0.9915867378
0.9857151535,23.37729838,255.7693556,288.4202539,0.886794017
1.672979462,30.96347727,292.0217387,293.3,0.9956417959
2.045111434,15.90921857,286.5188765,293.3,0.9768799062
2.507611055,33.83291125,293.2502787,293.3,0.9998304764
2.534935217,32.24064834,293.2316905,293.3,0.9997671003
2.929895163,31.82222746,293.2678112,293.3,0.999890253
1.434598888,37.25812284,291.525573,293.3,0.9939501295
2.899416296,32.80880275,293.2738503,293.3,0.9999108433
0.4642542405,26.97954966,135.7814268,135.8407908,0.9995629887
0.4580655548,34.11929173,134.0223639,134.0299813,0.9999431659
2.369292352,25.78410076,292.8414528,293.3,0.9984365933
2.124427099,17.61775799,289.0403343,293.3,0.9854767619
2.11015077,39.33546587,293.2478676,293.3,0.9998222556
1.781701342,18.25150253,286.4638775,293.3,0.9766923883
1.374989986,5.765295009,212.6401023,293.3,0.724991825
1.86388417,23.40971564,290.9421476,293.3,0.9919609531
0.7055690789,17.27918311,197.1532737,206.4495125,0.9549708852
0.4307832485,5.362641953,109.4817606,126.0471785,0.8685776381
1.881630715,17.5580515,286.8875488,293.3,0.9781368863
0.6634362231,12.48639848,180.46359,194.1214389,0.9296427589
2.420070218,37.51825407,293.2734697,293.3,0.9999095455
1.187475802,28.85431662,280.4631683,293.3,0.9562331002
2.560792141,12.32440214,284.5249657,293.3,0.9700817104
0.663565408,33.55665983,193.4702594,194.1592384,0.9964514745
0.5950396062,3.213545859,112.9195326,174.1085888,0.6485580834
2.238104611,16.19916011,288.3882195,293.3,0.9832533907
1.196238575,13.10132026,252.9910191,293.3,0.8625674022
1.259350779,17.77650954,270.1552606,293.3,0.9210885122
1.809356974,29.71095893,292.3562115,293.3,0.9967821735
2.659901982,30.37527813,293.2182533,293.3,0.9997212865
0.2316466872,17.7201527,67.77522028,67.77982068,0.9999321273
0.2066198129,37.21494921,60.45695724,60.45695727,0.9999999995
2.580633694,21.48040612,292.4196614,293.3,0.9969985047
1.541009481,11.84117361,265.7814206,293.3,0.9061759993
0.9484070832,16.25150775,238.2259848,277.5039125,0.8584599136
1.746366448,35.87437202,292.8551422,293.3,0.9984832671
2.144434729,14.22736351,284.86156,293.3,0.9712293216
1.83188268,8.861601902,259.5203954,293.3,0.8848291696
1.755843235,15.73292258,282.40374,293.3,0.9628494375
2.327805391,13.66256086,285.465984,293.3,0.9732900921
2.771871652,36.74138684,293.2877939,293.3,0.9999583834
0.2141488046,2.094014487,46.21904744,62.65994022,0.7376171646
1.530337599,15.59046237,276.7891408,293.3,0.943706583
2.419135838,30.73011448,293.1698534,293.3,0.9995562678
2.388105644,12.44225718,283.4595619,293.3,0.9664492393
2.48738324,20.89836228,292.1308972,293.3,0.9960139695
0.5857409605,12.87005239,163.9039323,171.387805,0.9563336915
2.985171472,25.93845835,293.1522868,293.3,0.9994963752
2.007218695,2.834578992,173.0441845,293.3,0.5899904006
0.7768270909,21.00289833,216.7884127,227.2996068,0.9537562153
2.375208847,4.745216729,226.9274742,293.3,0.7737043103
2.013014476,4.798968716,220.2541432,293.3,0.7509517328
0.6674203286,21.46834838,191.4679132,195.2871882,0.9804427778
2.766153315,36.02017327,293.2850458,293.3,0.999949014
1.608653387,22.52145642,287.9811293,293.3,0.9818654254
2.840118789,20.66184971,292.5393846,293.3,0.9974066982
0.4568103297,28.33425723,133.6276976,133.6627025,0.9997381105
2.120788117,4.689496439,220.8258095,293.3,0.7529008166
0.2265127812,19.15121886,66.27583353,66.27763977,0.9999727473
0.4503417616,22.12624249,131.6041008,131.7699995,0.9987409981
1.310572803,22.96495576,280.7811954,293.3,0.9573174067
1.728822228,6.995644367,241.3085156,293.3,0.8227361595
2.966793317,5.132098325,241.9273592,293.3,0.8248460935
0.4030190805,36.85216095,117.922767,117.923383,0.9999947764
2.220991813,3.098829658,185.650371,293.3,0.6329709207
0.4352921496,34.75414344,127.3631771,127.366483,0.9999740441
0.6013801814,14.5342106,169.7337613,175.9638411,0.9645945454
0.9714255255,13.25498605,232.5736221,284.2391088,0.8182323083
1.515496293,3.306588555,173.1526244,293.3,0.5903601242
2.973578578,7.937182431,270.7469498,293.3,0.9231058637
0.2279798768,28.38690537,66.70689808,66.70691194,0.9999997922
0.3924992606,34.61976116,114.8444058,114.8452836,0.9999923561
0.4795838276,10.38239132,134.7709755,140.326228,0.9604118735
2.891493592,32.76397337,293.2730974,293.3,0.999908276
1.20949448,9.487160994,236.5601287,293.3,0.8065466371
2.094405177,28.30004678,292.7873882,293.3,0.9982522611
0.4488202868,33.41040729,131.3176716,131.3248159,0.9999455978
1.11227421,16.28183029,256.1224732,293.3,0.8732440274
1.778604041,5.104634806,218.9136347,293.3,0.7463812979
1.146501285,9.494774669,231.9853214,293.3,0.7909489307
0.9520292958,15.17128568,235.9685712,278.563772,0.8470899483
0.7618545703,25.57177874,216.9414291,222.9186473,0.9731865493
2.512974017,16.47528897,290.004342,293.3,0.9887635254
2.464099996,9.473272718,274.1960023,293.3,0.9348653334
2.281582078,10.80521381,277.5560563,293.3,0.9463213649
0.5661169781,20.42851208,164.1973083,165.6458278,0.9912553217
0.8895092899,3.762469732,150.0107087,260.2704182,0.5763648043
0.3965487773,19.55821635,115.9013198,116.0301722,0.9988894923
1.689811487,32.3385088,292.325501,293.3,0.9966774667
1.766777685,21.11536645,288.9017677,293.3,0.9850043221
2.755037681,25.46166554,293.0579262,293.3,0.9991746546
2.696005251,18.9918748,291.8890169,293.3,0.9951892835
0.4516693607,34.80368887,132.1531747,132.1584549,0.9999600461
2.230460043,23.30278902,292.2408037,293.3,0.9963886932
0.3999131481,24.57121947,116.9868224,117.0145871,0.9997627246
2.240693819,36.33050739,293.2386455,293.3,0.999790813
1.598770153,8.264207518,247.8998241,293.3,0.8452090834
1.565754955,20.66482193,285.6019121,293.3,0.973753536
2.138138061,20.66396021,291.0870059,293.3,0.9924548445
1.593497206,21.69175276,287.0781485,293.3,0.978786732
1.678093306,6.028250773,228.7213805,293.3,0.779820595
1.175509141,18.38486294,265.9949262,293.3,0.906903942
2.443994995,3.518967109,201.5001945,293.3,0.6870105507
2.733172004,31.34413704,293.2454501,293.3,0.9998140134
2.45405364,20.98209599,292.0933778,293.3,0.9958860479
2.151546617,34.94825308,293.1894374,293.3,0.9996230393
2.292413174,3.675526209,202.8153149,293.3,0.6914944253
0.746749276,34.1687956,216.3136918,218.4988382,0.9899992769
0.3740995699,33.95748965,109.4609539,109.4615341,0.9999946989
2.575768307,15.84224656,289.7048719,293.3,0.9877424885
2.486296799,2.545435685,171.5374444,293.3,0.5848532028
0.9395217037,21.77303874,247.1466372,274.9040505,0.8990287221
1.528625616,15.91623771,277.4514032,293.3,0.9459645522
1.453434731,8.595144193,244.3335426,293.3,0.8330499235
2.29514824,3.809069586,206.1212028,293.3,0.7027657785
2.572351201,13.02831777,286.0138608,293.3,0.9751580661
0.3171033707,30.60343369,92.78419541,92.78444626,0.9999972965
1.967634333,37.96722141,293.1795802,293.3,0.9995894314
0.6183892445,2.727626078,106.6205499,180.9406929,0.5892568896
1.431154033,26.21875957,287.3732033,293.3,0.9797927149
2.722471652,31.18380915,293.2418309,293.3,0.9998016736
1.505668698,37.20208938,292.0935619,293.3,0.9958866754
0.2146034008,23.6561932,62.79285985,62.79295506,0.9999984838
2.09551131,36.48220764,293.2018707,293.3,0.9996654302
2.147696512,33.23256905,293.140172,293.3,0.9994550699
2.721280524,26.02412239,293.0784961,293.3,0.9992447873
1.158946405,18.18481004,264.3512753,293.3,0.9012999498
1.75141918,18.24051906,286.0325493,293.3,0.9752217842
2.434709745,17.96574617,290.7633562,293.3,0.9913513678
1.722352212,19.93479451,287.4137961,293.3,0.9799311153
2.759468019,4.379949783,226.1015996,293.3,0.7708885086
2.512531063,8.900568562,271.8462553,293.3,0.926853922
1.396926324,36.89414696,291.0200629,293.3,0.992226604
0.7144211172,35.21465032,207.8010275,209.0396189,0.9940748488
0.6986073027,28.35383141,202.1927731,204.4124968,0.989140959
0.5653196274,12.8458415,159.010469,165.412523,0.9612964369
0.7588426423,4.161660122,144.8190282,222.0373571,0.6522282108
1.802613932,4.318141114,205.6008847,293.3,0.7009917651
1.114833162,9.069200635,226.7621133,293.3,0.7731405159
1.765341947,9.397086871,261.0245767,293.3,0.8899576429
2.149706828,21.84903784,291.6079262,293.3,0.994230911
2.983113747,31.93073656,293.2718044,293.3,0.9999038677
1.974065395,4.944220995,221.7693898,293.3,0.7561179332
0.893518924,30.74809734,248.386054,261.4436371,0.950055839
1.20337051,21.04999559,272.6312743,293.3,0.929530427
1.65475645,28.71633871,291.3991661,293.3,0.9935191479
0.4953066021,28.92433361,144.8558124,144.9267118,0.9995107913
0.6762650299,31.39376557,196.7558641,197.8751478,0.9943434855
2.748345774,31.56798003,293.2501651,293.3,0.9998300889
2.419098738,24.95912789,292.7977752,293.3,0.9982876755
1.453803074,6.064264271,220.2201156,293.3,0.7508357163
1.53421024,32.41242227,291.4193238,293.3,0.9935878751
2.017469729,8.302040607,260.1480772,293.3,0.8869692369
0.4422867609,19.38981518,129.1046243,129.4131062,0.9976163004
0.6341321667,5.311130365,143.1148335,185.547072,0.77131281
1.859631184,39.52120445,293.1543224,293.3,0.9995033155
0.3128045978,15.36121884,91.41371722,91.52662533,0.9987663906
2.286823416,22.55675171,292.1813967,293.3,0.9961861461
1.211813272,10.02057165,239.910376,293.3,0.8179692327
2.525444841,4.379813274,222.6184172,293.3,0.7590126738
1.495551204,13.17366391,268.9781219,293.3,0.9170750832
0.8480926047,24.97243953,235.1826242,248.1518961,0.9477365592
0.7606921049,4.541738849,150.2481649,222.5785099,0.6750344629
0.2217811965,36.78793377,64.893178,64.89317811,0.9999999984
2.131937687,26.37841753,292.6116093,293.3,0.9976529468
2.562089675,9.7316453,276.4178626,293.3,0.9424407179
1.802594898,2.617408723,161.0901511,293.3,0.5492333824
0.9539248784,8.356042902,207.0136525,279.1184194,0.7416696216
2.812570926,10.83614135,282.4247421,293.3,0.9629210436
2.89441844,39.64964835,293.295861,293.3,0.9999858881
0.5323603686,39.50594631,155.7530015,155.7686439,0.9998995796
1.414865484,21.1093184,282.3422819,293.3,0.9626398973
1.010219389,27.55992294,263.6838871,293.3,0.8990245044
2.140647469,10.7158912,275.3119938,293.3,0.9386702823
2.653700646,3.014105025,190.1163601,293.3,0.6481976136
1.431402063,26.49676617,287.5561688,293.3,0.980416532
2.579600625,16.36990636,290.160787,293.3,0.9892969213
0.8283585122,11.60457626,207.4639609,242.3777007,0.8559531686
1.409410902,30.94941443,289.3847647,293.3,0.98665109
2.190028583,29.6733275,293.0022865,293.3,0.9989849521
2.494958432,15.7073717,289.2467086,293.3,0.9861803907
2.287512871,13.98600514,285.7133675,293.3,0.9741335407
0.416681125,6.858608104,112.5593157,121.9208972,0.9232159396
1.005379631,16.45406779,245.7714986,293.3,0.8379526036
1.248885992,2.572868983,142.0870068,293.3,0.4844425733
2.944716036,14.79909592,289.9431592,293.3,0.9885549239
1.840293145,24.7556571,291.3146335,293.3,0.9932309358
1.693269505,17.93077428,284.728013,293.3,0.9707739958
2.730947922,29.17542838,293.2038138,293.3,0.9996720551
0.9139653644,2.045752875,109.8482109,267.4262656,0.4107607407
2.932235339,11.48741768,284.8357524,293.3,0.9711413311
2.402783293,31.00656869,293.1729117,293.3,0.9995666953
0.6461761501,9.573501411,169.1390038,189.0711415,0.8945786355
2.781325718,21.88048812,292.7051282,293.3,0.9979717974
2.887460483,20.83206777,292.615238,293.3,0.9976653189
0.8910849332,27.13187661,245.1948553,260.7314515,0.9404114997
0.7189534235,21.93990149,204.4691858,210.3657717,0.9719698417
0.8881260009,10.01443107,209.0374295,259.8656679,0.8044057195
1.393356867,17.95547993,276.8663732,293.3,0.9439699052
0.2192082361,31.5847963,64.14032835,64.14032987,0.9999999763
1.526906679,4.787215642,204.8015171,293.3,0.6982663387
1.800657665,3.686485235,191.7182596,293.3,0.6536592554
0.5950539227,36.8577963,173.9971824,174.1127778,0.9993360889
1.892048655,19.72170764,289.0407615,293.3,0.9854782185
0.3856075197,36.72196284,112.8284158,112.8287603,0.9999969467
0.4419500393,2.107311911,76.54471231,129.3145815,0.5919263816
2.453728272,31.10243029,293.1904872,293.3,0.9996266186
2.733942954,18.20183978,291.6450949,293.3,0.9943576368
1.700788702,2.43800414,152.2434702,293.3,0.5190708155
2.193585987,14.47199708,285.7385818,293.3,0.9742195083
1.809757896,13.12315748,277.5335389,293.3,0.9462445923
1.727498782,17.03846613,284.0553244,293.3,0.9684804786
2.637760537,23.6760482,292.8353591,293.3,0.998415817
1.229126187,8.987033852,234.6371613,293.3,0.7999903215
1.353685498,31.81780527,288.6307888,293.3,0.9840804257
0.7470198031,35.91897073,216.7308672,218.5779944,0.9915493452
1.948956391,18.9920971,288.9354534,293.3,0.9851191728
1.34508586,16.36615681,271.5156736,293.3,0.9257268108
1.030013585,22.29934305,259.6488478,293.3,0.8852671252
0.4245671746,31.2448334,124.2216074,124.2283553,0.9999456818
0.7499796604,33.97368439,217.119392,219.4440486,0.9894066091
0.8777903449,31.31137718,245.7158553,256.8414549,0.9566830065
1.928437125,22.24124143,290.8066487,293.3,0.9914989727
2.983207034,8.848173572,275.9883007,293.3,0.9409761359
1.187482456,11.93581446,247.7009952,293.3,0.8445311803
2.357427847,33.41148858,293.2176174,293.3,0.9997191185
1.102687595,37.42167047,280.4825887,293.3,0.9562993136
1.583280131,4.062010874,193.2262561,293.3,0.6588007369
0.7863910789,8.225901898,185.8115973,230.0980297,0.8075323268
2.972227697,35.07035135,293.2879032,293.3,0.9999587563
0.5444449583,12.98616312,154.0808516,159.3045948,0.9672090862
2.619284401,4.913902609,233.8481728,293.3,0.7973002825
2.425237927,35.88305373,293.2616895,293.3,0.9998693812
1.91706674,29.81545174,292.6518821,293.3,0.997790256
0.338858276,7.399273991,95.16340715,99.14993155,0.9597929687
1.810812151,3.259364161,181.0059071,293.3,0.6171357215
2.881683624,21.62701567,292.7436976,293.3,0.9981032992
0.7763829443,8.815243599,187.649295,227.1696495,0.826031538
1.973459995,3.721908848,197.1092287,293.3,0.6720396479
0.4025311597,31.74995584,117.7775726,117.7806173,0.9999741493
1.461115602,27.04878871,288.4687836,293.3,0.9835280721
2.634049761,12.31786979,284.9954203,293.3,0.9716857152
0.8348031626,8.621636057,194.6834416,244.2634054,0.7970225473
2.568305819,23.20484856,292.7142068,293.3,0.9980027508
0.9640154967,16.04682982,239.7554158,282.0709343,0.8499827051
1.484477922,2.832539686,158.8098591,293.3,0.5414587762
0.5339656872,32.53397353,156.166385,156.2383601,0.9995393251
2.596568501,27.24648421,293.0956459,293.3,0.9993032591
2.08722166,16.2336201,287.3170019,293.3,0.9796010976
1.250380407,2.36613366,135.5084953,293.3,0.462013281
0.9222284617,9.627437344,211.2099742,269.8440479,0.7827112582
2.865413686,6.75313821,260.4192224,293.3,0.8878937006
1.202643508,31.82673805,283.4269234,293.3,0.9663379592
1.739718242,33.10362916,292.592714,293.3,0.9975885238
1.065878433,23.79621999,265.5445578,293.3,0.9053684208
2.460633941,27.52238882,293.0479152,293.3,0.9991405222
1.162536014,6.244377362,206.0558595,293.3,0.7025429918
1.848750796,15.10274499,282.7953526,293.3,0.9641846322
1.707751642,12.30868613,272.6595881,293.3,0.9296269625
0.3980059023,3.015811671,85.02335499,116.456527,0.7300866441
0.3704294453,10.11418236,106.3354241,108.3876557,0.9810658181
0.4286069994,23.55526416,125.3384408,125.410408,0.9994261459
0.4211112984,26.14083064,123.1888887,123.2171659,0.9997705094
2.920761174,22.35078598,292.8658376,293.3,0.9985197328
1.184923005,6.960302596,215.0995024,293.3,0.7333770964
1.997115481,19.88737988,289.9358088,293.3,0.9885298631
2.731519049,25.67075314,293.0614939,293.3,0.9991868185
2.029975819,17.32116295,288.0610367,293.3,0.9821378682
1.077791537,36.47420133,277.860815,293.3,0.9473604329
2.226266844,10.48177156,275.6081894,293.3,0.9396801548
2.295395281,6.561290447,250.5281069,293.3,0.8541701564
2.891837628,16.67976964,291.1981634,293.3,0.9928338337
1.303571229,6.435600516,216.9644712,293.3,0.7397356671
0.9910864686,17.42878939,246.3359549,289.9919007,0.8494580513
2.110414784,13.62193747,283.3306449,293.3,0.9660096996
2.14738883,18.2733261,289.7144524,293.3,0.987775153
1.917281553,26.65228054,292.1519513,293.3,0.9960857529
2.600649262,15.56637593,289.5463281,293.3,0.9872019369
0.7068342717,38.29905233,206.0464125,206.8197079,0.9962610167
0.2957222827,27.0520183,86.52784245,86.52833992,0.9999942507
1.721482368,32.61464939,292.4783108,293.3,0.9971984686
1.273087684,8.349965489,232.8594308,293.3,0.7939291878
0.9194228981,36.49456173,256.5681964,269.02314,0.953703077
2.29070815,6.51792684,249.981837,293.3,0.8523076612
1.338179056,4.00309757,181.9882971,293.3,0.620485159
0.9938606837,28.50486,262.5118794,290.8036361,0.9027118196
2.483978229,4.805079037,229.8610391,293.3,0.7837062364
2.838572953,24.03860642,292.991007,293.3,0.9989464951
1.352829032,15.39778167,269.5022036,293.3,0.9188619283
1.565529702,8.018801662,244.6822504,293.3,0.8342388353
0.5472011062,16.98753951,157.7980916,160.1110437,0.9855540751
1.11762308,16.28982502,256.607441,293.3,0.8748975144
2.786058057,14.33137663,288.9538135,293.3,0.9851817711
2.482509445,23.80106112,292.7128989,293.3,0.9979982914
0.4047525219,17.81827541,118.1699746,118.4305879,0.9977994429
1.417760563,10.05273602,252.015621,293.3,0.8592418036
0.808486938,25.39763892,227.3661497,236.5632781,0.96112191
1.098140563,7.405319941,212.8309671,293.3,0.7256425744
2.236020198,11.57082325,279.5677073,293.3,0.9531800453
2.636603999,8.744968453,272.3695212,293.3,0.9286379856
0.7487559192,4.342912241,146.3290643,219.085982,0.6679070153
2.283968365,15.81113395,288.2481464,293.3,0.9827758146
2.366040655,29.4332937,293.0999519,293.3,0.9993179403
1.622819046,17.05541318,282.04768,293.3,0.9616354586
0.7360015738,21.62141845,208.2489928,215.3540605,0.9670075053
1.229199611,28.93792757,282.7179244,293.3,0.9639206424
2.651848709,6.270780358,252.9144125,293.3,0.8623062137
1.950002358,30.43641574,292.779686,293.3,0.9982260005
2.360554845,38.74409909,293.2758546,293.3,0.9999176767
1.753598067,33.28437239,292.6502559,293.3,0.9977847116
2.576174646,31.42544515,293.2243324,293.3,0.9997420129
0.483062793,2.521223788,88.74260917,141.3441732,0.6278476654
1.044227789,20.23523942,257.9089116,293.3,0.8793348502
2.348963024,6.005945133,245.1480139,293.3,0.8358268459
0.2693643635,4.086835854,69.98384896,78.81601275,0.8879394747
2.256275934,16.69713341,289.0024945,293.3,0.9853477479
0.9250139283,13.70430188,228.2132584,270.6590754,0.8431760805
2.17962834,9.939054323,272.5961381,293.3,0.9294106309
0.4776054741,5.163413913,117.0370574,139.7473617,0.8374902822
2.470210199,34.51769853,293.2533928,293.3,0.9998410937
1.840953898,14.46246264,281.3879714,293.3,0.9593861964
1.830354015,9.196890631,261.5867833,293.3,0.8918744744
2.4743,23.25559959,292.6212509,293.3,0.9976858196
2.79349215,18.32476284,291.8024159,293.3,0.9948940196
0.7013819312,26.8145664,202.4598947,205.2243531,0.9865295794
0.4941419666,34.89455351,144.5695262,144.5859394,0.9998864813
2.386226435,14.27554691,286.8982757,293.3,0.9781734597
0.9725068054,38.0850185,266.2827839,284.5554913,0.9357850827
2.395144851,9.623274169,274.0833179,293.3,0.9344811383
2.99534699,5.208161712,243.4117914,293.3,0.8299072327
2.867830734,4.469251595,229.2783266,293.3,0.7817194905
1.995966913,35.34201067,293.1232191,293.3,0.9993972694
2.2600423,14.7329914,286.6868318,293.3,0.9774525461
1.041205808,17.33951024,251.8255496,293.3,0.8585937593
2.857650705,16.07102422,290.7399716,293.3,0.9912716385
2.000153137,14.11259442,283.0108077,293.3,0.9649192215
0.3691520342,14.59510676,107.5941734,108.0138852,0.9961142793
0.8236588055,37.71710607,236.6725502,241.0025665,0.9820333186
1.002168412,38.54893665,270.726711,293.2344773,0.9232431108
1.512122802,27.57908548,289.5541554,293.3,0.9872286239
1.727796544,19.23193332,286.7975823,293.3,0.9778301476
1.901550122,24.64704088,291.5800107,293.3,0.9941357338
2.593518077,8.133796708,268.206697,293.3,0.9144449268
2.550808978,7.980617687,266.6556857,293.3,0.9091567872
1.844596162,32.28322942,292.761046,293.3,0.998162448
1.829538803,29.84316924,292.4384197,293.3,0.9970624606
2.079125399,28.37926441,292.773968,293.3,0.9982065053
1.820669064,30.07866063,292.446459,293.3,0.9970898705
1.734535627,39.14243393,293.018111,293.3,0.9990389055
2.957022811,39.12755146,293.2959083,293.3,0.9999860495
2.579990175,18.14646174,291.2835794,293.3,0.9931250577
0.8276500439,3.363606423,137.5663474,242.1704029,0.5680559877
1.863909366,20.83221847,289.5933968,293.3,0.9873624165
2.170429756,14.04083445,284.7777774,293.3,0.9709436666
2.135660523,24.53659011,292.3022676,293.3,0.9965982529
1.472685019,35.80232127,291.606673,293.3,0.9942266383
1.096754739,30.16974508,275.1226706,293.3,0.938024789
0.512006411,37.11098697,149.7975448,149.8130759,0.9998963301
0.7247131261,20.80704458,204.9807725,212.0510607,0.9666576145
0.9748867945,26.89937779,258.3811443,285.2518761,0.9057999823
2.458724594,21.40945586,292.2179882,293.3,0.9963109043
0.4712585051,39.89657978,137.8877826,137.8902386,0.9999821891
0.5582030962,25.76820912,162.8750942,163.3302259,0.9972134264
2.63123877,12.06865331,284.4289214,293.3,0.9697542496
1.400819477,8.612443776,241.9263344,293.3,0.8248425994
1.551172776,15.13395315,276.3664838,293.3,0.942265543
2.65882078,27.40963782,293.1260324,293.3,0.9994068612
1.723457081,10.99284683,267.9734748,293.3,0.9136497607
0.8028688304,9.872223555,196.6750672,234.9194198,0.8372022517
0.6181787077,15.79113032,175.1167378,180.8790899,0.9681425195
1.434239898,24.8067748,286.4508331,293.3,0.9766479138
1.458911368,8.236738671,241.8758467,293.3,0.8246704628
1.836162666,12.65835712,276.7165206,293.3,0.9434589861
0.8063632944,5.72105444,168.8543238,235.9418999,0.7156606088
1.287277979,26.40970442,283.220719,293.3,0.9656349097
0.2185435755,33.56494631,63.9458497,63.94585019,0.9999999923
2.606212185,17.10101239,290.7620278,293.3,0.9913468389
2.989994878,37.7857221,293.2945128,293.3,0.9999812916
0.5159134992,2.871434659,98.41739148,150.9562899,0.6519595279
0.3477272751,21.07009136,101.7185312,101.7450007,0.9997398443
2.298288111,31.02890726,293.1342591,293.3,0.9994349101
1.804942126,2.028217646,138.6994461,293.3,0.4728927586
0.4586568691,22.72251883,134.0383665,134.2029999,0.998773251
0.943460489,37.83691226,261.4989991,276.0565391,0.9472660924
0.4421794225,19.00299131,129.0382544,129.381699,0.9973454933
1.18606914,12.26944579,249.0049552,293.3,0.8489770037
0.6592797796,34.56702722,192.3469399,192.9052635,0.997105711
2.410615805,29.75338865,293.1330952,293.3,0.9994309417
0.8513844528,10.60644004,206.8748892,249.1150909,0.8304390088
0.4921060989,11.17498792,138.9397258,143.9902445,0.9649245767
1.838366745,13.55438777,279.2327722,293.3,0.9520380914
1.563667906,13.9924382,273.8053981,293.3,0.9335335769
1.790269126,2.063891463,139.8848531,293.3,0.476934378
1.124392176,10.51448614,236.0174408,293.3,0.8046963547
2.733168297,33.91434349,293.2720011,293.3,0.9999045385
1.107768808,31.68948689,277.2407659,293.3,0.945246389
2.60661393,30.66798956,293.2147432,293.3,0.9997093186
2.365282456,3.71452484,205.1220821,293.3,0.699359298
0.5684209484,36.83466732,166.2550922,166.3199695,0.9996099245
1.927763742,8.542353099,259.7922599,293.3,0.8857560856
2.154613107,29.23807537,292.9408907,293.3,0.9987756248
2.514183387,24.09547191,292.7830958,293.3,0.9982376262
0.7200046195,23.55370843,205.7292765,210.6733517,0.9765320336
2.360723272,2.690211814,174.8278642,293.3,0.596071818
0.6971438396,21.34267155,198.7992002,203.9842875,0.9745809479
1.234613323,7.389325821,222.4329114,293.3,0.7583801957
0.7211586364,8.894473986,179.5338418,211.011017,0.8508268637
1.787671963,6.982375314,243.0210278,293.3,0.8285749328
1.600940546,7.395438644,240.6598312,293.3,0.820524484
0.3028266714,20.65751311,88.59738275,88.60708406,0.9998905131
2.882069417,37.05736593,293.291399,293.3,0.9999706752
1.413499782,38.00077218,291.4472642,293.3,0.9936831373
2.051761643,3.747708861,199.5803584,293.3,0.680464911
1.220145247,37.49156507,287.0939674,293.3,0.9788406662
0.2059867688,20.9761882,60.27143398,60.27172855,0.9999951126
1.337659474,23.94274092,282.8662572,293.3,0.9644263797
1.211205586,33.5946726,284.8796484,293.3,0.9712909935
0.8017840545,29.37631443,228.3031582,234.6020143,0.9731508864
1.054427079,13.21207627,241.4144988,293.3,0.823097507
1.070276307,10.81139658,232.8270038,293.3,0.7938186287
1.537900911,38.8973563,292.4782852,293.3,0.9971983812
0.793741207,31.97443097,227.545672,232.2486772,0.9797501317
2.27614671,6.413137802,248.5759159,293.3,0.8475142037
2.691487439,32.88980324,293.2598643,293.3,0.9998631582
2.154445552,29.64529473,292.9699263,293.3,0.9988746208
0.6927358244,30.42347711,201.0975373,202.6945022,0.992121321
1.264253511,37.86263335,288.6924444,293.3,0.9842906391
1.120174941,8.937556539,226.3215601,293.3,0.7716384594
1.928513698,35.5881748,293.0815799,293.3,0.9992553013
0.4558965526,13.65780461,131.5629949,133.3953313,0.9862638643
0.6642723125,5.84648726,151.990684,194.3660786,0.7819815323
1.386462924,3.445232384,171.6965225,293.3,0.5853955763
1.509694907,6.048839174,222.4937864,293.3,0.7585877478
1.596806141,4.140704488,195.3426734,293.3,0.6660166159
0.4991710848,2.101701277,82.19755285,146.0574594,0.5627754527
2.940944749,8.078015116,271.3609094,293.3,0.9251991457
0.2454149231,23.97530125,71.80810438,71.80840649,0.9999957929
0.9032174786,28.6582942,248.6341234,264.2814342,0.9407930002
2.503642476,33.85867438,293.2500722,293.3,0.9998297724
2.073871889,22.76206337,291.6611415,293.3,0.9944123473
2.053779267,8.87265492,264.6751109,293.3,0.9024040604
0.4910041726,13.64049427,140.9620704,143.6678209,0.9811666212
2.43700956,17.68777197,290.5989062,293.3,0.9907906791
2.276538826,31.16205573,293.1293681,293.3,0.9994182343
2.06263415,10.47647482,273.0884619,293.3,0.9310891986
0.5948207486,9.761669976,159.5626715,174.044551,0.9167921121
1.481962098,25.80576206,288.1251651,293.3,0.9823565124
0.3049153993,32.88309148,89.21818635,89.21824583,0.9999993333
2.639856051,8.978501032,273.6485246,293.3,0.9329987202
1.281056821,34.33889257,287.8359421,293.3,0.981370413
2.546680992,38.5522009,293.2858432,293.3,0.9999517327
0.4342434086,35.52138762,127.057054,127.0596214,0.9999797939
0.6292357048,33.39229745,183.7187961,184.1143672,0.9978514923
0.796876619,7.722015993,184.0983347,233.1660987,0.7895587553
2.545496237,10.55658225,279.462667,293.3,0.9528219126
1.499187761,15.52161531,275.6419107,293.3,0.9397951268
0.386382668,32.25554218,113.0540083,113.0555687,0.9999861985
0.7769781827,3.139320712,128.975455,227.3438163,0.567314551
2.251057815,28.16944561,292.9486121,293.3,0.9988019505
2.168048765,28.32588702,292.8807518,293.3,0.9985705824
0.7771010948,3.259256445,131.3585322,227.3797803,0.5777054232
0.8468046241,2.666336216,123.5795692,247.775033,0.4987571495
0.4515163219,30.23098357,132.095279,132.1136758,0.9998607501
1.850918347,15.42403631,283.4136494,293.3,0.9662927017
1.441229025,14.40797045,270.6636036,293.3,0.9228216965
1.588459655,9.885975783,258.1924277,293.3,0.8803014922
0.9291809433,8.561267129,205.7049414,271.878344,0.7566065704
0.535079991,23.60212012,156.0729757,156.5644054,0.9968611662
2.846534732,2.964758861,191.0878675,293.3,0.6515099473
0.8801154675,38.30897366,249.650052,257.5217858,0.9694327461
2.386615442,37.47678859,293.2702875,293.3,0.9998986959
0.6067854389,38.07291961,177.4249743,177.5454194,0.9993216097
0.705748106,14.76273961,193.6124172,206.5018958,0.9375817904
1.897287553,14.78821418,282.9312395,293.3,0.9646479357
0.5963890306,3.196461384,112.791494,174.5034304,0.646356887
1.899180926,4.003116614,201.7009076,293.3,0.6876948777
0.6484467491,31.21287301,188.9815957,189.7355188,0.9960264527
0.370063665,21.00942264,108.2350422,108.2806284,0.9995789998
2.283570768,25.1490466,292.6664349,293.3,0.9978398736
0.550526283,21.64795831,160.1577351,161.0839904,0.9942498611
0.6405940752,5.034202384,141.4146878,187.4378264,0.7544618422
1.75158469,22.31271507,289.5408405,293.3,0.9871832272
2.438763923,6.510199865,252.4040733,293.3,0.8605662233
0.4451496001,20.28953706,129.9992075,130.250773,0.9980686069
1.735097303,9.910900876,263.0582825,293.3,0.8968915189
2.278110486,18.85689067,290.7183387,293.3,0.9911978818
2.312993905,14.38793655,286.5611505,293.3,0.9770240384
2.528157048,17.05699966,290.4909822,293.3,0.9904227145
2.619587026,36.47516197,293.2806868,293.3,0.9999341521
2.395245527,18.49837612,290.9384235,293.3,0.9919482561
2.558651017,6.185195583,250.645642,293.3,0.85457089
2.173381804,7.311949735,255.5027128,293.3,0.8711309674
2.492978931,27.99293754,293.0897188,293.3,0.9992830507
1.323985259,11.75718409,255.6438718,293.3,0.8716122462
1.662754718,3.654033189,186.7898564,293.3,0.6368559714
0.5892391551,20.26328249,170.4354541,172.4113768,0.9885394877
1.522185673,13.48058143,270.9261375,293.3,0.9237168001
0.7501525686,20.28920807,210.2874522,219.4946416,0.9580527831
0.7073391305,16.64579165,196.7589299,206.9674296,0.9506758154
0.5012042469,23.8604861,146.3870809,146.6523627,0.9981910846
1.353601775,19.46772598,277.8527743,293.3,0.9473330183
2.639252494,20.33428313,292.221606,293.3,0.9963232389
2.842933956,2.84276797,186.9828264,293.3,0.6375138983
2.069271632,5.130994392,227.1444478,293.3,0.7744440769
1.495273883,28.40860888,289.6857686,293.3,0.9876773564
0.6892227601,29.76938947,200.0145428,201.6665796,0.9918080785
0.9078388892,31.24054942,251.3585661,265.633659,0.9462602255
0.4674647897,29.21934439,136.744759,136.7801975,0.9997409091
2.151645605,24.34642034,292.2984157,293.3,0.9965851202
0.8936933224,28.16866565,246.5272138,261.4946661,0.9427619211
0.5546942618,29.75039596,162.1092939,162.303541,0.9988031861
1.58870437,33.77243891,292.0684403,293.3,0.995801024
1.210938655,10.78286414,243.9694934,293.3,0.8318087058
0.9853779369,14.8875712,239.3049412,288.3215843,0.8299931542
1.627770426,13.64636668,274.7063769,293.3,0.9366054445
2.651472706,10.44635352,279.9977669,293.3,0.9546463243
1.654153189,25.53093264,290.275429,293.3,0.9896877908
0.240250131,6.771448589,68.62531941,70.29718833,0.9762171296
0.798922274,24.85178088,224.8860612,233.7646574,0.9620190826
2.467225541,4.908668144,231.3583887,293.3,0.7888114172
2.80350007,6.513254427,257.3835946,293.3,0.8775437935
1.175310618,7.274765745,217.4140186,293.3,0.7412683893
2.596709813,2.496396232,171.2523621,293.3,0.5838812211
2.263593692,23.64077483,292.3791855,293.3,0.9968605029
0.25949258,39.53377249,75.92752862,75.92752891,0.9999999962
1.114091687,39.0240691,282.1525011,293.3,0.9619928437
2.599806465,6.085719113,250.0823875,293.3,0.8526504857
1.069016139,21.48551779,262.5362862,293.3,0.8951117839
1.754660968,9.530344547,261.4998607,293.3,0.8915781136
1.737434455,20.84097098,288.3755728,293.3,0.983210272
1.947923478,3.275952208,184.9430297,293.3,0.6305592557
1.320021072,22.71100918,280.8756212,293.3,0.9576393493
2.140140597,16.03271053,287.503326,293.3,0.9802363657
0.8552296606,10.65766672,207.6293927,250.2401987,0.8297203799
2.00319828,33.09454358,293.0355941,293.3,0.9990985138
1.879325943,32.1147882,292.810968,293.3,0.9983326558
2.030880476,28.57944205,292.7211484,293.3,0.9980264181
1.809025703,8.792413681,258.4502385,293.3,0.8811804927
1.626480133,8.621488155,251.558127,293.3,0.8576819876
2.821978083,23.55936923,292.9401167,293.3,0.9987729858
1.573827124,4.160019226,194.9086355,293.3,0.6645367728
1.12550792,20.40518829,265.888907,293.3,0.906542472
2.067119548,5.726968322,235.8367113,293.3,0.8040801611
0.6157535824,8.419591717,159.1095968,180.1694982,0.8831106176
2.12893802,6.895905479,250.7302886,293.3,0.8548594905
1.223691698,33.68300225,285.4740884,293.3,0.9733177239
1.075085409,27.44250955,270.646404,293.3,0.922763055
2.642573141,31.63287383,293.2382528,293.3,0.9997894744
2.266042113,34.41534662,293.2140234,293.3,0.9997068645
1.127665541,29.641077,277.1657937,293.3,0.9449907729
1.32408118,19.20894298,276.1568126,293.3,0.9415506736
2.296421642,12.97402548,283.8402789,293.3,0.9677472856
1.213789178,10.79138391,244.2111263,293.3,0.8326325481
2.097449145,20.13111162,290.640287,293.3,0.990931766
0.6522176458,28.34764755,189.6335467,190.8388832,0.9936840102
2.351332497,4.390223944,219.8237036,293.3,0.7494841583
0.603687155,39.56931582,176.5513344,176.6388616,0.9995044854
0.6640196836,31.58455931,193.3830706,194.2921594,0.9953210216
1.338452579,6.68630742,221.6261771,293.3,0.7556296526
1.722171861,17.84053729,285.0887166,293.3,0.9720038071
0.676878273,27.00110848,196.0449036,198.0545827,0.9898529027
0.8477443812,4.074344225,151.8604408,248.050006,0.6122170416
1.858623242,2.023537321,139.6204438,293.3,0.4760328802
1.323094624,8.462711165,236.6673516,293.3,0.8069122113
0.5585116744,18.99918876,161.6719061,163.4205159,0.9892999369
1.039297171,18.87965487,254.8723367,293.3,0.8689817138
2.387422261,24.84922004,292.7517472,293.3,0.9981307439
2.50762832,18.03195841,291.0286831,293.3,0.9922559941
1.279131228,37.47224731,288.9680029,293.3,0.9852301498
1.132259761,8.149633642,221.6085304,293.3,0.7555694867
2.508117603,30.8329196,293.1974859,293.3,0.9996504804
0.4042698416,26.28104393,118.2713939,118.2893557,0.9998481541
2.892754378,39.62504166,293.2958158,293.3,0.999985734
0.9060362987,15.75791595,231.1714567,265.106221,0.8719955943
1.962608147,39.62480267,293.2096959,293.3,0.9996921102
0.5702072863,25.96069852,166.311856,166.842652,0.9968185833
0.6411757481,5.942413975,149.3868474,187.6080239,0.7962710991
0.2639689837,6.573804128,74.72887415,77.23732463,0.9675228202
0.9712887887,27.68935385,258.6551266,284.1990996,0.9101194445
2.852378323,39.08314055,293.294638,293.3,0.9999817185
0.954841959,22.24235629,250.0226521,279.3867572,0.8948980066
1.701679658,9.32945043,258.7340344,293.3,0.8821480886
2.944000269,37.46648407,293.2933408,293.3,0.9999772956
2.353999458,5.232584637,234.6000993,293.3,0.7998639593
0.5732987538,17.56190809,165.013766,167.7472154,0.9837049495
0.2927809781,32.06499861,85.66766431,85.66771421,0.9999994175
2.364040909,30.70329684,293.1496909,293.3,0.9994875244
1.130523591,17.79232976,261.2509548,293.3,0.8907294743
0.9269964032,5.912402186,183.3417734,271.2391476,0.6759414156
1.155715687,32.74881088,281.3996088,293.3,0.959425874
1.882024872,29.10749026,292.4770439,293.3,0.9971941488
0.4989896175,30.12148864,145.9466656,146.0043621,0.9996048301
0.3882532376,30.4087085,113.599849,113.6028973,0.9999731666
2.980775418,14.97820961,290.1979738,293.3,0.9894237088
1.537966205,33.31409493,291.6486881,293.3,0.9943698878
0.7096980232,36.89822021,206.7060648,207.6576416,0.9954175692
0.5870527581,35.09289775,171.637977,171.771637,0.9992218737
0.4528013099,17.85241127,131.931075,132.4896633,0.9957839101
1.041171484,6.186079501,196.3559312,293.3,0.6694712961
2.349077838,35.04324493,293.2418115,293.3,0.9998016076
1.057741407,22.56375043,263.0221858,293.3,0.896768448
2.211272651,24.62145198,292.4702757,293.3,0.9971710729
2.562876831,26.85263009,293.059374,293.3,0.9991795909
0.7396164009,3.69819238,135.7787412,216.4117589,0.6274092587
0.3429521509,24.70417471,100.3418106,100.3477994,0.99994032
2.913616847,32.73089131,293.2740522,293.3,0.9999115317
0.3589002377,39.23822914,105.0141593,105.0142096,0.9999995217
2.350968084,4.824137931,227.8724607,293.3,0.7769262212
2.231133943,7.519036676,258.348239,293.3,0.8808327276
1.01893217,37.49285814,272.263474,293.3,0.92827642
2.624621525,24.42814709,292.9070396,293.3,0.99866021
1.414858452,31.48984041,289.690436,293.3,0.9876932697
2.881757526,10.76967728,282.6657306,293.3,0.9637426887
2.540350708,7.687520202,264.4094042,293.3,0.9014981391
1.790632901,11.93314972,273.3695879,293.3,0.9320476915
2.763923434,14.11756528,288.6140254,293.3,0.9840232711
2.291115026,8.546051122,266.7867569,293.3,0.9096036718
2.018181357,4.271645857,210.4066563,293.3,0.7173769394
2.286394527,24.62043297,292.5918719,293.3,0.9975856527
1.51820124,22.71893932,286.5882119,293.3,0.9771163037
1.310601949,30.82068342,287.0276501,293.3,0.9786145588
1.413705904,20.05263363,280.9375268,293.3,0.9578504153
2.37869754,16.4610373,289.4231434,293.3,0.9867819412
1.306040723,21.46811126,278.7360734,293.3,0.9503446075
0.8892671908,33.9979004,249.5199852,260.19958,0.958956141
1.410087901,28.39585762,288.2059699,293.3,0.9826320146
2.79290411,34.59207976,293.279563,293.3,0.9999303205
0.4210061744,37.38553395,123.185438,123.1864066,0.999992137
0.4302066565,14.89202703,124.9414882,125.8784677,0.992556475
1.419058824,28.65031388,288.5205342,293.3,0.9837045147
1.745592484,38.14612779,292.987788,293.3,0.9989355199
2.592524242,20.94823303,292.3126441,293.3,0.9966336314
0.90718135,18.09631732,236.301176,265.441263,0.8902202066
0.5218819264,3.230618692,104.5979267,152.7026517,0.6849778018
1.681710265,16.45741138,282.2775241,293.3,0.9624191071
2.79490505,13.37220727,287.7298574,293.3,0.9810087195
0.6419584168,26.45134581,186.4537859,187.8370328,0.9926359202
1.328149388,29.65459324,286.8933882,293.3,0.9781567956
2.45559771,3.778420231,208.2516507,293.3,0.7100294942
0.3932206836,36.29538073,115.0558504,115.056372,0.9999954666
2.373249595,25.15062437,292.7738944,293.3,0.9982062544
1.750385265,18.97653891,286.8397527,293.3,0.9779739267
2.005192711,15.74919829,285.8916146,293.3,0.9747412704
1.333896101,6.775494412,222.319251,293.3,0.757992673
2.857093156,24.75741434,293.0521776,293.3,0.9991550549
2.144227892,18.7467806,290.0359786,293.3,0.9888713896
1.9617193,4.093207663,205.2748812,293.3,0.6998802633
2.425982587,30.69432152,293.1709474,293.3,0.999559998
1.78182716,36.77858911,292.9713479,293.3,0.9988794676
1.570657042,10.20272239,259.2734853,293.3,0.8839873347
1.568837171,8.047143453,245.0417384,293.3,0.835464502
0.4969616154,13.69618537,142.5719927,145.4109687,0.9804761912
1.008753419,13.94144505,239.1198582,293.3,0.8152739795
2.196629604,12.30549224,281.2105878,293.3,0.9587814107
1.52057365,37.23737234,292.1912492,293.3,0.9962197383
2.822420147,34.20210627,293.2788002,293.3,0.9999277197
2.312234849,26.35931576,292.8452812,293.3,0.9984496463
0.7038724666,18.08038155,197.6638558,205.9530837,0.9597518631
1.186732587,13.13761799,252.4351626,293.3,0.8606722218
0.3974600766,15.70083182,115.8431731,116.2968184,0.9960992456
2.578750828,13.09052947,286.1652375,293.3,0.9756741817
1.679340081,20.51757387,287.3601069,293.3,0.9797480632
0.6310084993,37.10394591,184.4026408,184.6330869,0.9987518702
1.007045519,16.29998921,245.584293,293.3,0.8373143301
2.178998743,31.38244559,293.0860006,293.3,0.9992703737
2.786209566,3.832366742,214.5315878,293.3,0.7314408038
2.482460036,8.0643127,266.353894,293.3,0.9081278348
1.391969652,13.1206492,264.4638267,293.3,0.9016836915
2.087720362,3.97940748,205.7752517,293.3,0.7015862655
2.924607372,9.090981083,276.7105154,293.3,0.9434385113
0.3788902168,23.9963329,110.8431517,110.8632774,0.9998184633
2.571549957,17.97227427,291.1724171,293.3,0.9927460522
0.618822134,21.30387503,178.7437151,181.0673564,0.9871669783
2.836964098,32.16741369,293.2646616,293.3,0.9998795145
2.226321798,37.64383969,293.2515151,293.3,0.9998346916
0.9735570474,22.27061353,252.6464283,284.8627921,0.88690568
1.269610816,8.316599314,232.3896856,293.3,0.7923276019
1.334946312,10.06522093,247.8142492,293.3,0.8449173173
0.6572090429,16.87042568,185.5666221,192.299366,0.9649882158
0.9118453207,7.201948893,193.9394431,266.8059408,0.7268932711
1.299746221,28.74506882,285.4382099,293.3,0.9731953969
0.3700675532,35.31081657,108.281452,108.2817661,0.9999970995
2.777088133,3.679243713,210.6546526,293.3,0.7182224773
0.597693959,7.603932405,152.2390155,174.8852524,0.8705080241
2.504391427,6.625546432,254.6027943,293.3,0.8680627148
2.287130252,26.22230804,292.8044064,293.3,0.9983102843
2.356393332,13.64556315,285.6567492,293.3,0.9739405019
2.814178764,15.41128732,290.1192629,293.3,0.9891553456
0.5945921333,37.33274254,173.8722944,173.9776582,0.999394383
0.2233502263,23.63571845,65.35213363,65.35227621,0.9999978183
0.9775540772,27.94717388,259.7811563,286.032323,0.9082230762
0.7542396401,18.1817076,208.8137382,220.6905187,0.9461835491
0.6554046067,11.08204154,175.4986485,191.7713879,0.9151451134
0.4148700243,25.79905364,121.3639387,121.3909691,0.9997773276
2.041936762,17.82026112,288.644016,293.3,0.9841255232
0.6649309703,17.18448275,187.7079972,194.5588019,0.9647879994
1.175565377,8.817862763,229.7431829,293.3,0.783304408
0.8642737011,27.35512944,240.3324571,252.886485,0.9503570628
2.793373706,22.59992862,292.8162006,293.3,0.9983504964
1.239991848,32.61985432,285.5710713,293.3,0.9736483851
0.2961234899,18.95321924,86.62895206,86.64573314,0.9998063254
1.27823334,7.17177415,223.1028598,293.3,0.7606643704
1.019778712,5.17068774,182.3354299,293.3,0.6216687005
2.942929486,31.1027633,293.2617712,293.3,0.9998696598
2.904975195,36.51501009,293.2905543,293.3,0.999967795
2.406311951,26.84427591,292.9680502,293.3,0.9988682245
1.109776566,35.19115513,279.7567838,293.3,0.9538246976
2.64547826,19.3511465,291.9282179,293.3,0.9953229388
0.8198921985,33.03660867,234.1495296,239.9004573,0.9760278588
1.761032282,12.29745551,273.9369847,293.3,0.9339822185
1.213074412,19.15595836,270.0525309,293.3,0.9207382574
0.7003879652,9.722850898,179.5540016,204.9335186,0.876157316
2.297984831,19.49944772,291.1305279,293.3,0.9926032318
0.4632203919,13.15343197,133.2576377,135.5382867,0.9831733966
2.242047068,6.068497635,243.9335403,293.3,0.8316861245
2.828300935,12.12232215,285.6959246,293.3,0.9740740696
0.4049488529,31.31001871,118.4842737,118.4880344,0.9999682613
2.087408837,29.92423812,292.9229988,293.3,0.9987146226
2.668951934,28.78836769,293.179877,293.3,0.9995904433
1.316529043,35.3969872,289.1797958,293.3,0.9859522531
2.910644176,34.48883485,293.283819,293.3,0.9999448314
1.095726031,20.89941064,264.1300348,293.3,0.9005456352
1.528279098,19.75132674,283.7524112,293.3,0.9674477025
2.828598149,7.384208361,265.4345052,293.3,0.9049931987
2.47815107,20.91607693,292.1192389,293.3,0.9959742206
2.851810614,8.024595474,270.2163558,293.3,0.9212968149
2.440293137,39.60353306,293.2847433,293.3,0.9999479827
2.125398336,16.85617465,288.3177696,293.3,0.9830131934
1.440596434,12.4023843,264.0159064,293.3,0.900156517
1.673201312,38.72116191,292.8911853,293.3,0.9986061551
2.832037118,4.246489421,224.3636439,293.3,0.7649629863
0.405746044,27.52920942,118.7086917,118.7212925,0.9998938626
2.820666761,33.91962468,293.2770574,293.3,0.9999217777
2.959116783,20.96419184,292.6950407,293.3,0.9979374044
2.6058442,17.66778162,291.0975317,293.3,0.9924907321
2.332147609,28.44625822,293.0283821,293.3,0.9990739246
2.581412047,30.78923026,293.2124814,293.3,0.9997016074
1.063339028,37.41354492,277.0526225,293.3,0.9446049183
2.4750541,39.57318555,293.2862438,293.3,0.9999530986
0.2184705389,28.35810067,63.9244711,63.92447967,0.9999998659
2.640718424,6.429805719,254.4884129,293.3,0.8676727339
2.977082394,26.83005855,293.1831372,293.3,0.9996015588
2.138101514,34.9072941,293.1833697,293.3,0.9996023515
1.073456294,9.034130083,223.0408475,293.3,0.7604529407
0.2943899211,27.53744361,86.13810747,86.13849091,0.9999955486
2.068281106,14.65901085,284.8374392,293.3,0.9711470823
0.7798193308,37.32455132,225.6227022,228.1751362,0.9888137067
2.167404832,33.18767247,293.1483355,293.3,0.9994829031
0.9672922015,10.13910989,219.0398774,283.0296982,0.7739112851
0.9225643251,31.24413066,253.9639201,269.9423215,0.9408080905
1.225713658,27.75910883,281.6114749,293.3,0.9601482268
2.566993371,35.66890696,293.2728459,293.3,0.9999074187
1.441269828,32.68932553,290.4958655,293.3,0.9904393643
0.8777529208,31.39025492,245.7566257,256.8305046,0.9568825403
1.447471346,13.26332995,267.3888088,293.3,0.9116563546
2.374225056,32.36726174,293.2000671,293.3,0.9996592808
1.104413058,29.85829106,275.5092624,293.3,0.9393428652
1.900382752,30.40973653,292.6848658,293.3,0.9979027132
2.9322258,19.00912267,292.2321702,293.3,0.9963592574
2.399962097,22.16817396,292.3022785,293.3,0.9965982902
1.730329938,21.90996289,289.0718933,293.3,0.9855843618
2.599862157,35.33283958,293.2729361,293.3,0.9999077262
2.771720708,11.6696715,284.380069,293.3,0.9695876885
2.89291158,21.8749195,292.7873755,293.3,0.9982522177
1.460701976,28.95273194,289.4036952,293.3,0.9867156332
2.866959618,32.5957866,293.2703891,293.3,0.9998990423
1.369499519,16.0647101,271.9288422,293.3,0.9271355001
0.4966397573,23.22820334,145.0317769,145.316793,0.9980386567
1.938364116,11.20519691,273.7861834,293.3,0.9334680647
2.021623979,20.67344179,290.5444817,293.3,0.9906051199
1.282151755,29.00245463,284.9852857,293.3,0.9716511617
1.245833115,4.647233566,189.2240506,293.3,0.6451553039
2.661480823,35.50850418,293.2778874,293.3,0.9999246077
1.375832596,9.974756654,249.4850414,293.3,0.8506138474
2.5004207,23.77178861,292.727228,293.3,0.9980471464
2.335973179,27.52470818,292.9684056,293.3,0.9988694361
2.790092946,32.2851468,293.2622103,293.3,0.999871157
2.585971243,4.20110344,219.9136389,293.3,0.7497907906
2.937402771,32.20544426,293.2714386,293.3,0.9999026205
2.354687528,26.47383204,292.8960982,293.3,0.9986229057
2.530514206,20.65128271,292.1366848,293.3,0.9960337019
2.305516397,12.81214892,283.568661,293.3,0.9668212103
2.427323901,26.5289986,292.9581189,293.3,0.9988343637
2.585834025,33.15601429,293.2518289,293.3,0.9998357616
2.591086963,22.22392493,292.5797619,293.3,0.9975443637
0.9558198153,18.32645516,243.6934233,279.672878,0.8713516487
1.975855458,11.56845797,275.7994911,293.3,0.9403323939
2.42090121,39.38341539,293.2828963,293.3,0.9999416854
2.681488811,2.310605241,164.967859,293.3,0.5624543438
2.049492571,4.220003173,210.0877467,293.3,0.7162896238
2.6967713,33.99153311,293.2701159,293.3,0.9998981107
0.3817887669,3.378439019,86.41647958,111.7113932,0.7735690794
1.834569876,36.23496792,293.0141158,293.3,0.9990252841
0.6462741087,37.28716966,188.7992867,189.0998042,0.9984107994
2.052008857,39.05769925,293.2306365,293.3,0.9997635067
2.254810475,36.26230167,293.2405433,293.3,0.9997972836
1.549144199,23.18108908,287.5285499,293.3,0.9803223658
1.503984468,2.106398968,134.5108433,293.3,0.458611808
2.203767466,29.2460888,292.9857384,293.3,0.9989285319
1.237736967,11.0045732,246.9027862,293.3,0.8418097041
0.6154267068,18.42149744,176.4632339,180.0738544,0.9799492237
0.4250081234,9.085145712,119.360763,124.3573769,0.959820527
1.982892121,15.58596163,285.4044663,293.3,0.9730803487
0.8644326009,2.667482997,124.7847926,252.932979,0.4933512155
0.3890682335,3.910780824,92.31652012,113.8413651,0.8109224623
0.9438235131,2.585090566,127.5497237,276.1627599,0.4618643142
2.806558859,14.65392711,289.3804848,293.3,0.9866364979
0.6998763096,20.47167565,198.8527956,204.7838082,0.971037688
0.2442663947,14.89996765,71.44377251,71.47234708,0.999600201
2.559275631,38.94475106,293.2876117,293.3,0.9999577625
0.649146892,3.429528927,122.2506203,189.9403806,0.6436262785
2.168719305,14.04096164,284.7614497,293.3,0.9708879974
1.398549933,3.895667678,182.4469566,293.3,0.6220489484
0.9738765529,2.543248134,128.1047374,284.9562794,0.4495592715
1.438445613,7.100377051,230.9376786,293.3,0.7873770152
2.520640102,2.333517301,163.775675,293.3,0.5583896183
1.824064535,16.95277698,285.4096177,293.3,0.9730979124
0.8546040642,2.990950044,131.8072991,250.0571492,0.527108701
2.156369305,6.678736158,249.0955647,293.3,0.8492859348
2.536901955,7.464663375,262.6370124,293.3,0.8954552077
0.5934584561,36.64764057,173.5299988,173.6459443,0.9993322879
1.540147573,30.38000572,290.9336283,293.3,0.9919319068
2.794264059,29.58990504,293.2237021,293.3,0.9997398638
2.670393313,38.99060424,293.2910942,293.3,0.9999696359
0.7353871684,17.53112753,203.9829105,215.1742855,0.9479892547
0.6792103312,9.772011522,175.9652441,198.7369429,0.8854178874
1.986329655,17.06499943,287.397587,293.3,0.9798758508
0.8125216582,20.96288417,224.1027668,237.7438372,0.9426228224
2.227027342,7.265771168,256.1056804,293.3,0.8731867725
1.617517322,26.97206641,290.521861,293.3,0.9905279952
0.2219876944,17.04441786,64.94878058,64.95359938,0.9999258117
0.755085877,2.801855198,120.0623807,220.9381276,0.54342083
0.2255512933,16.65022678,65.98962181,65.99630841,0.9998986822
0.5312483523,18.06752287,153.9141062,155.4432679,0.9901625738
1.819205982,21.36462312,289.5641375,293.3,0.9872626575
1.382389107,7.970156669,236.0009323,293.3,0.8046400693
1.405228824,28.8047675,288.3194466,293.3,0.9830189109
0.7553401437,35.98564526,218.9516024,221.012526,0.9906750823
1.352826094,13.65994717,264.4030665,293.3,0.901476531
0.7398989352,9.249499798,184.1799032,216.4944284,0.8507373816
1.918143891,6.098553885,236.923477,293.3,0.8077854653
1.791842362,29.55346504,292.2712015,293.3,0.9964923338
2.740444621,34.44478089,293.2760147,293.3,0.9999182226
1.011398663,3.978226418,162.9566108,293.3,0.5555970365
2.065880791,30.09654286,292.9119792,293.3,0.9986770513
0.8359119316,8.9788488,196.8524557,244.5878312,0.8048333996
0.3974556948,28.04130899,116.2869503,116.2955363,0.999926171
1.39430566,30.65358871,288.9776136,293.3,0.9852629173
0.5680785928,2.2839474,92.63391039,166.2197963,0.5572977014
2.139781076,12.22026463,280.2911684,293.3,0.9556466703
1.762426745,5.105231262,218.4190204,293.3,0.7446949212
0.7648188735,38.66775062,221.9449514,223.7860024,0.9917731631
0.8925028183,29.46337367,247.2977166,261.1463246,0.9469699294
2.289905204,5.123651985,231.700137,293.3,0.7899766006
2.83938332,30.41624582,293.2438606,293.3,0.999808594
2.250547422,27.24843458,292.8698985,293.3,0.9985335781
1.562995503,10.56083924,260.8373111,293.3,0.8893191651
1.822409906,14.6689933,281.5068484,293.3,0.9597915049
0.7151316375,29.59471637,206.8906702,209.2475171,0.9887365597
1.169844835,29.12710723,279.6283451,293.3,0.9533867888
0.531833056,23.84019692,155.170696,155.6143522,0.997149002
2.801315843,21.63273584,292.682059,293.3,0.9978931435
2.969734694,4.37812712,228.7540527,293.3,0.7799319902
1.150420477,7.58641837,218.3945156,293.3,0.7446113727
0.4166271487,11.46650042,119.6873323,121.9051037,0.9818073949
0.934919208,8.477139891,205.7875124,273.5573603,0.7522645787
0.6008316563,35.64533684,175.642786,175.8033426,0.9990867261
2.960572087,21.22538142,292.7380562,293.3,0.9980840648
0.7572865404,28.97234535,217.4688398,221.5820417,0.9814371151
1.001002729,3.578990549,154.5364245,292.8933984,0.5276200328
1.17152298,33.57542358,282.8556986,293.3,0.9643903804
1.906669744,12.13153413,276.4376426,293.3,0.9425081576
1.750524786,37.31227569,292.9520808,293.3,0.998813777
2.639224418,7.354474238,263.0584828,293.3,0.8968922019
1.345154539,33.5948552,289.1622993,293.3,0.985892599
0.3868716527,30.17058081,113.1954824,113.1986456,0.9999720566
0.8914009562,15.29572918,227.904837,260.8239198,0.8737880987
1.077477954,9.797331764,228.064624,293.3,0.7775813978
2.580596364,16.20819208,290.035195,293.3,0.9888687181
0.3488215994,31.74698038,102.0646789,102.0652,0.9999948945
1.083468329,25.96078421,269.8669364,293.3,0.9201054769
2.456684819,18.45899146,291.1089273,293.3,0.9925295851
2.255026249,39.60767031,293.2713798,293.3,0.9999024201
1.41061155,14.90179176,270.7736194,293.3,0.9231967929
0.3542467301,26.73497867,103.6486682,103.6525932,0.9999621325
0.9442790927,20.66283072,246.1824781,276.2960625,0.8910097229
0.3395585477,37.37318331,99.35478731,99.35483107,0.9999995595
0.3783553835,12.66458927,109.7691336,110.7067852,0.9915303148
2.602360066,29.00681131,293.1697519,293.3,0.9995559218
2.949978921,3.176007235,198.9745124,293.3,0.6783992922
2.307186386,38.2617066,293.2678507,293.3,0.9998903876
1.594458785,29.64065064,291.2050274,293.3,0.9928572364
1.25106406,14.18832344,260.4093144,293.3,0.8878599197
2.354452809,29.28147197,293.086996,293.3,0.9992737676
1.118493536,6.706367646,207.8378411,293.3,0.7086186195
0.9813994396,24.95139396,257.1498103,287.157476,0.8955010118
2.163745664,16.21100173,287.8930798,293.3,0.9815652226
2.408926811,31.79661229,293.1958931,293.3,0.9996450498
2.136930982,27.20212834,292.7263109,293.3,0.9980440193
2.557521404,14.18868518,287.7747996,293.3,0.9811619488
1.297213261,26.30803441,283.5229307,293.3,0.966665294
1.232910421,37.84458575,287.6978136,293.3,0.9808994669
2.817332042,33.65806057,293.2752248,293.3,0.9999155295
1.075400525,18.48463547,257.7713007,293.3,0.8788656689
2.496493372,17.93225664,290.9398647,293.3,0.9919531698
0.8881715399,11.17360034,214.2729639,259.8789926,0.8245105224
1.756734973,6.867424479,240.9000078,293.3,0.8213433611
2.340761444,13.74116517,285.7064743,293.3,0.9741100386
2.711492546,8.88859198,273.8898371,293.3,0.9338214697
2.595089617,38.4871221,293.2874984,293.3,0.9999573762
2.600431355,7.349917818,262.5367095,293.3,0.8951132271
2.696454489,35.42940677,293.2793248,293.3,0.9999295084
2.34364622,29.24815744,293.07967,293.3,0.9992487897
2.386452672,33.71971181,293.2292209,293.3,0.9997586801
2.32706907,37.07188354,293.260659,293.3,0.9998658678
0.2183944437,15.34305199,63.89131612,63.90221422,0.9998294565
2.524650414,28.46220409,293.1245224,293.3,0.999401713
2.148189817,24.36286927,292.2941888,293.3,0.9965707084
2.12858026,12.66917253,281.3470745,293.3,0.9592467592
2.903195381,27.16326656,293.1797775,293.3,0.999590104
0.6525220775,30.34292385,190.0184553,190.9279599,0.9952363992
2.379507053,26.05366419,292.8781051,293.3,0.9985615585
0.7412148766,39.30312035,215.6666755,216.8794729,0.994407966
0.4750020127,9.106875411,131.4864363,138.9855889,0.946043668
2.929378199,14.26577676,289.3636895,293.3,0.9865792347
0.4756389421,13.65190706,136.8817309,139.1719544,0.9835439294
0.9850054275,17.94790751,246.6991949,288.2125881,0.8559625953
0.5897043917,24.0583476,171.5419869,172.547505,0.9941725141
0.2364985726,37.7623356,69.19948217,69.19948233,0.9999999976
1.643181007,22.93625675,288.7451346,293.3,0.9844702849
1.691333387,9.902648045,261.7147098,293.3,0.8923106367
2.97671326,33.06514487,293.2791413,293.3,0.9999288826
2.360404486,15.33141391,288.1520983,293.3,0.9824483407
0.8366710766,26.49715287,234.1347486,244.809957,0.9563938964
1.089110285,31.86449949,275.8018789,293.3,0.9403405348
1.934132156,6.655369077,243.7362843,293.3,0.8310135845
2.332090632,35.83955841,293.2488623,293.3,0.9998256472
0.8597875326,17.75765578,228.1093759,251.573832,0.9067293447
2.504731467,39.45230932,293.2870915,293.3,0.9999559886
2.426552069,17.52847106,290.457072,293.3,0.9903070986
0.6444392688,32.18051922,187.9488108,188.5629301,0.9967431599
0.5886595762,21.9383901,170.7911466,172.241792,0.991577855
0.4898355543,36.73638346,143.3165189,143.3258832,0.9999346641
2.09792326,10.55972597,274.0218425,293.3,0.9342715394
2.76449381,38.43864733,293.2920284,293.3,0.9999728211
0.8388944712,23.90888424,232.395018,245.4605223,0.9467714639
2.535465637,23.69370838,292.750856,293.3,0.9981277056
2.539464953,30.589661,293.1988788,293.3,0.9996552293
1.69269194,39.75840751,292.9827925,293.3,0.998918488
0.2044775795,4.325629932,55.79968793,59.83013977,0.9326350923
1.579962746,26.58449309,289.9662865,293.3,0.988633776
0.6505009052,12.43298222,177.6347977,190.3365649,0.9332668044
1.959935693,30.89426384,292.8371944,293.3,0.9984220742
2.232084981,9.777566811,272.6273641,293.3,0.9295170954
2.172271929,3.593988882,198.3940187,293.3,0.6764201114
1.291950741,9.053060109,239.0545263,293.3,0.8150512319
0.204985963,38.32224831,59.97889276,59.97889277,0.9999999998
0.6501595095,23.85625572,187.9869147,190.2366725,0.9881739006
1.265958,37.92857921,288.7629214,293.3,0.9845309288
2.021312436,33.98914956,293.0909111,293.3,0.9992871159
2.211197008,32.87146364,293.1581503,293.3,0.9995163664
2.786314585,26.46278554,293.1234156,293.3,0.9993979395
2.667022705,35.95252909,293.2805241,293.3,0.9999335974
0.3347653018,27.04531135,97.95041482,97.95232731,0.9999804753
0.7450469227,12.34226123,195.9930549,218.0007296,0.8990477016
1.431852248,9.714242591,250.7203725,293.3,0.8548256818
2.995124423,25.50871231,293.1360485,293.3,0.9994410109
2.772201128,17.31066921,291.296603,293.3,0.9931694614
0.6421584934,10.39446819,170.9577188,187.8955752,0.909854948
2.198952215,5.699471231,238.3376576,293.3,0.8126070836
2.331682781,9.819827466,274.1896585,293.3,0.9348437044
2.898499655,29.6758588,293.2387147,293.3,0.999791049
2.873577654,23.09784104,292.9219202,293.3,0.9987109453
1.332514278,30.02404174,287.2230529,293.3,0.9792807803
1.738541807,15.76826972,282.1521079,293.3,0.9619915033
2.385411487,34.11014695,293.2351325,293.3,0.9997788358
1.149083654,2.782179578,143.8312969,293.3,0.4903896928
2.648323909,24.71711455,292.9491107,293.3,0.9988036506
2.244678334,36.29070722,293.2389186,293.3,0.9997917445
1.830634956,7.466073567,248.8421647,293.3,0.848421973
1.003253048,32.83030335,267.2905269,293.3,0.9113212647
0.7721738702,24.23484109,218.4810687,225.9380744,0.9669953561
2.462212573,20.09295178,291.8274011,293.3,0.9949792059
2.90965915,30.31535936,293.2495409,293.3,0.9998279608
1.452766808,22.66974233,285.0847342,293.3,0.9719902291
0.3242291305,18.25258018,94.82456025,94.86944359,0.9995268936
0.7794287628,18.99127477,215.0597237,228.060856,0.9429927059
2.699236182,4.159699497,220.7190482,293.3,0.7525368162
2.714552761,13.79319254,287.9820074,293.3,0.9818684194
0.5925130181,20.33321395,171.3421641,173.3693091,0.9883073593
0.5785751749,20.83608695,167.7261289,169.2910962,0.9907557615
0.8979284518,14.8455251,227.7156455,262.733865,0.8667160036
1.241757841,20.21661777,273.6284211,293.3,0.9329301777
2.509716141,11.54967657,282.2293169,293.3,0.9622547457
2.736123968,38.48102835,293.2915061,293.3,0.9999710402
0.6580708257,8.928667669,168.9210035,192.5515236,0.8772768989
2.952624897,27.39160627,293.1958862,293.3,0.9996450262
0.6158771951,31.0737165,179.7513203,180.2056673,0.9974787308
2.352210142,5.883715254,243.6773983,293.3,0.8308128138
2.177324953,26.71683475,292.7255728,293.3,0.9980415031
1.809261988,27.76951455,291.9946345,293.3,0.9955493846
2.956399289,26.14728204,293.1542755,293.3,0.9995031554
2.542177801,4.730526921,229.4914261,293.3,0.7824460487
1.641298438,21.14227731,287.3583803,293.3,0.9797421762
2.657965398,26.23271459,293.0650731,293.3,0.9991990218
2.164244879,15.61639248,287.1688935,293.3,0.9790961251
1.383833406,22.50438374,282.9520156,293.3,0.9647187711
2.814301707,34.13620121,293.2780316,293.3,0.9999250992
0.9523385475,25.54205288,253.7156411,278.654259,0.9105033672
1.616584878,28.20916014,290.9540602,293.3,0.992001569
2.469635227,12.27351154,283.7365641,293.3,0.9673936723
2.894250507,27.68498983,293.1940631,293.3,0.9996388105
2.137155468,15.39870924,286.6511717,293.3,0.9773309638
2.930910557,36.06466408,293.2899292,293.3,0.9999656639
1.433770656,36.1076716,291.2844765,293.3,0.9931281162
0.4814971571,33.75727778,140.8704049,140.8860682,0.9998888235
2.197509979,32.6787742,293.1459994,293.3,0.9994749384
2.508647488,39.23105484,293.2865461,293.3,0.9999541292
2.02644272,27.90463078,292.6317325,293.3,0.9977215565
2.460116564,19.97653516,291.7812634,293.3,0.9948219003
2.700064327,12.46763332,285.6986696,293.3,0.9740834285
2.85482668,3.479724963,206.474869,293.3,0.7039715957
0.6496161615,17.07040865,183.9454812,190.0776889,0.9677384141
0.7116047737,22.59709713,203.1176337,208.2155568,0.9755161276
2.156108414,30.70375971,293.0364505,293.3,0.9991014335
1.404492057,34.80248165,290.5993059,293.3,0.9907920418
0.4016796333,31.53670228,117.5282858,117.5314607,0.9999729869
2.196763994,37.42453687,293.2436863,293.3,0.9998079995
2.21067202,34.0430891,293.1894215,293.3,0.999622985
0.3787995187,9.422320346,107.9729104,110.8367392,0.9741617372
1.651990168,11.58104714,268.3909654,293.3,0.9150731857
1.769207095,8.067766331,252.0779501,293.3,0.8594543132
2.078181642,15.59382439,286.3961783,293.3,0.9764615693
0.7272237003,16.15521911,200.3375259,212.7856547,0.9414992106
2.637862891,30.6637561,293.2203146,293.3,0.9997283142
1.009887079,5.197028862,181.9141006,293.3,0.6202321876
0.8728435118,32.66957189,245.511279,255.3940116,0.9613039771
2.695574788,31.86429383,293.2482641,293.3,0.9998236077
2.287350262,37.59489982,293.2601553,293.3,0.9998641505
0.8996399354,9.9531695,210.1787138,263.2346451,0.7984462447
1.83905803,25.08841964,291.4184803,293.3,0.9935849994
1.260357133,27.76103814,283.2133444,293.3,0.9656097659
2.897904685,12.71835382,287.1367749,293.3,0.9789866175
0.4245492041,11.70729549,121.973133,124.2230971,0.9818877149
1.423731401,6.137523248,219.7152154,293.3,0.7491142699
1.288588714,9.072119519,238.9810355,293.3,0.8148006664
0.7599014748,39.2268563,220.7197109,222.3471715,0.9926805429
2.861949408,4.169853778,223.1408794,293.3,0.7607939973
2.241095713,28.8438882,292.9889218,293.3,0.9989393857
0.8632589108,25.36634129,238.4688437,252.5895573,0.9440962098
0.6014795666,35.3721137,175.822497,175.9929212,0.9990316419
0.8840132075,32.87737282,247.8667547,258.6622645,0.9582640713
2.829154471,16.08693078,290.6815705,293.3,0.9910725213
2.658875772,38.71698727,293.2901418,293.3,0.9999663887
1.116305434,24.00589481,270.4342345,293.3,0.9220396675
1.75899319,22.30251309,289.6042352,293.3,0.9873993698
1.272525938,34.5423914,287.664094,293.3,0.9807845005
1.668683567,31.94985977,292.1748977,293.3,0.996163988
1.115536943,9.845588188,231.6014886,293.3,0.7896402612
1.54973212,27.75483563,290.1148829,293.3,0.9891404123
1.833228383,8.334965133,255.9235574,293.3,0.8725658283
0.4632714177,10.31887328,130.6449959,135.5532168,0.9637911878
1.135860585,21.74539645,268.8879386,293.3,0.9167676052
0.2639538972,21.62039225,77.23100617,77.23291033,0.9999753453
2.010412811,3.379066143,189.2345908,293.3,0.6451912403
0.7340286258,9.912667502,186.040533,214.7767759,0.8662041427
2.372852957,35.39389423,293.2499469,293.3,0.9998293452
0.8014575253,6.028574858,171.3079901,234.5064719,0.7305043169
2.395978057,15.79218935,288.8607369,293.3,0.9848644285
0.7677386685,14.67192447,205.7374281,224.6403344,0.9158525723
1.515575459,12.92135382,268.8667406,293.3,0.9166953311
2.012173995,38.65241744,293.2118407,293.3,0.9996994227
1.88795192,39.11240427,293.1624053,293.3,0.999530874
2.756528336,14.23002515,288.7224991,293.3,0.9843931099
0.9056583674,37.21995424,254.3363604,264.9956383,0.9597756478
1.103402247,3.613935743,161.6281986,293.3,0.5510678438
2.236660063,12.94088452,283.1962534,293.3,0.9655514946
0.3733041,6.237321936,100.8856646,109.2287797,0.9236179776
1.22275069,11.71313142,249.2166761,293.3,0.8496988617
0.419309973,4.08056681,98.91114106,122.6900981,0.8061868283
1.434398282,6.006403796,218.6038614,293.3,0.7453251327
0.6961424267,39.53523344,203.1352324,203.6912741,0.9972701744
0.3450729793,31.26056265,100.9678074,100.9683538,0.999994589
1.362535251,18.11136851,275.9063046,293.3,0.9406965721
0.6643374773,25.59018538,192.3018663,194.3851459,0.9892827225
2.54397077,14.73072823,288.406423,293.3,0.9833154551
1.761646592,13.88051028,278.5533771,293.3,0.9497217085
1.634875722,22.87083572,288.5943732,293.3,0.9839562673
0.519174055,15.03888867,149.2999942,151.9103285,0.9828166109
0.7826863547,8.385598025,186.2164281,229.0140274,0.8131223673
0.5208785871,8.133912206,139.2213793,152.4090746,0.9134717186
1.583703291,4.283850027,197.7482443,293.3,0.6742183576
0.7015843703,2.020633671,96.50716652,205.2835868,0.4701163305
1.097165554,11.03725119,236.3400238,293.3,0.8057961945
0.3279203912,35.05337157,95.94944107,95.94950647,0.9999993185
1.856256123,36.96502827,293.069984,293.3,0.9992157655
0.2726579842,10.48213313,79.33120687,79.77972619,0.9943780288
0.5686734687,6.683078418,142.3792467,166.3938569,0.8556761009
2.260851115,26.66785642,292.8232888,293.3,0.9983746634
1.353607305,25.46046836,284.7742222,293.3,0.9709315453
0.785058654,29.46592012,224.4260423,229.7081622,0.9770050841
2.458704849,7.944004204,265.1942166,293.3,0.9041739399
1.001995156,31.81811119,266.372978,293.1837826,0.9085529072
0.691300628,33.75310815,201.2368146,202.2745637,0.9948696012
2.303927659,5.34808638,235.4188344,293.3,0.8026554192
2.316106698,35.53240315,293.242443,293.3,0.9998037608
2.666845256,2.266921583,162.9617714,293.3,0.5556146316
0.9075183267,14.781979,228.9176062,265.5398624,0.862083772
2.522771556,20.10170203,291.9547846,293.3,0.9954135173
2.459259357,39.31089803,293.2846092,293.3,0.9999475254
2.387845615,5.172846551,234.2816301,293.3,0.7987781455
0.8021514085,35.70476611,230.8457082,234.7095021,0.9835379742
1.546632607,16.5651369,279.2863922,293.3,0.9522209075
2.183316251,27.68466114,292.8385403,293.3,0.998426663
2.496829847,30.57755829,293.1880448,293.3,0.999618291
0.5474742713,34.92763486,160.1320494,160.1909718,0.9996321743
2.073831173,18.72651868,289.6158765,293.3,0.9874390607
1.437579591,26.6105654,287.7568006,293.3,0.9811005817
2.176500159,10.93193597,276.6478393,293.3,0.9432248185
1.176045898,3.190659054,155.8770221,293.3,0.5314593321
1.016018725,18.14782004,250.8088541,293.3,0.855127358
1.671679378,32.21026569,292.2302447,293.3,0.9963526925
0.2081760423,23.03868609,60.91220975,60.91230997,0.9999983546
1.360960274,16.71222816,273.023176,293.3,0.9308666074
0.2793132981,16.87922391,81.69981188,81.72707102,0.9996664613
2.760150546,10.89193074,282.2401097,293.3,0.9622915435
1.346170377,5.443367682,206.8043029,293.3,0.7050947933
2.40912022,12.25698918,283.2007897,293.3,0.965566961
2.642150319,23.37891555,292.8026856,293.3,0.9983044172
2.061366336,11.06646423,275.4227881,293.3,0.9390480332
0.5182132358,15.59939113,149.354488,151.6291928,0.9849982396
2.993963523,21.00476279,292.7262919,293.3,0.9980439546
1.766787256,17.86300361,285.794904,293.3,0.9744115377
0.4238717018,10.6102774,120.9147191,124.0248599,0.9749232461
0.7788486645,37.21140722,225.347568,227.8911192,0.9888387433
1.563582359,22.33577069,287.1114588,293.3,0.9789003027
1.222471375,30.40231649,283.4497054,293.3,0.9664156338
1.944431161,11.63296476,275.4632973,293.3,0.9391861484
0.9676704763,29.28340316,259.5862816,283.1403814,0.916811231
2.39718229,28.28622581,293.0577548,293.3,0.9991740702
2.805782221,23.56532239,292.9319593,293.3,0.9987451732
1.717238382,18.61517443,285.9677007,293.3,0.9750006843
1.710374495,30.28467112,292.0732447,293.3,0.9958174042
2.864570587,7.492834547,266.6330117,293.3,0.9090794807
1.885942776,9.677594411,265.7055375,293.3,0.9059172776
2.04611946,5.578427277,233.2973457,293.3,0.7954222493
1.800422744,21.06803044,289.1991899,293.3,0.9860183768
1.676644949,38.83825674,292.9051447,293.3,0.9986537495
2.619349095,22.98742399,292.7307731,293.3,0.9980592331
1.396962197,21.23219279,281.9186569,293.3,0.9611955571
2.886272407,16.74601956,291.2245471,293.3,0.9929237882
2.685001367,39.65645827,293.2927872,293.3,0.999975408
1.842549274,16.77884682,285.4196375,293.3,0.9731320745
1.912999771,33.63647254,292.9701014,293.3,0.9988752177
1.495997063,21.70372646,285.1786898,293.3,0.9723105688
2.925986028,30.59847354,293.2546928,293.3,0.9998455261
1.883742942,9.758706409,266.087564,293.3,0.9072197887
2.256665378,20.66632836,291.5075854,293.3,0.9938888013
0.8061397867,35.75899822,231.8398041,235.8765016,0.9828863943
2.466019165,34.55930606,293.2533219,293.3,0.9998408519
1.897696292,24.36841283,291.4737917,293.3,0.9937735825
2.887946962,39.00320797,293.2949889,293.3,0.9999829147
1.237384005,26.95071565,281.4929746,293.3,0.9597442026
2.016363244,26.02011458,292.3111109,293.3,0.996628404
1.280573235,8.597747865,235.1685205,293.3,0.8018019792
2.607252572,10.0113828,278.0046041,293.3,0.9478506788
1.655437468,31.86324247,292.0972434,293.3,0.9958992275
1.128977254,3.860611817,168.1893021,293.3,0.5734377843
1.696704233,29.65361731,291.8798466,293.3,0.9951580176
1.210027127,29.553475,282.2352778,293.3,0.9622750691
2.267860207,33.55259733,293.1966602,293.3,0.9996476652
1.309887035,8.518203632,236.3239997,293.3,0.8057415606
1.672440894,32.72101326,292.3106795,293.3,0.9966269332
2.017698489,20.31397544,290.3220398,293.3,0.9898467091
0.8836257071,20.54140499,236.5762273,258.5488819,0.9150154724
0.9578462219,10.23235134,218.4661124,280.2658045,0.7794961386
2.711479111,8.522280339,271.8846108,293.3,0.9269846943
2.699751061,28.53456951,293.1793707,293.3,0.9995887169
0.7734087488,19.23821348,214.1262231,226.2993999,0.9462076488
2.540452725,8.902969365,272.1810929,293.3,0.9279955436
2.722707374,31.2078904,293.242221,293.3,0.9998030039
2.874504847,8.135584906,271.1295889,293.3,0.9244104632
1.398277152,21.68656143,282.5025933,293.3,0.9631864755
1.122983611,20.96070175,266.6066669,293.3,0.9089896588
1.390580687,17.71760363,276.3160241,293.3,0.9420935019
0.251477031,11.31146351,73.37849906,73.58217927,0.9972319357
2.108953596,19.7347739,290.4750874,293.3,0.9903685217
1.778804485,9.156233322,259.946232,293.3,0.8862810502
2.698385816,37.24057715,293.2870781,293.3,0.999955943
1.745718793,22.43673987,289.5595688,293.3,0.9872470807
1.251503641,36.90424483,287.9610393,293.3,0.9817969292
2.00074521,2.758970118,170.4207043,293.3,0.5810457017
1.234603191,34.57984664,286.3665437,293.3,0.9763605309
0.584020939,31.47398478,170.6427612,170.8845268,0.9985852107
0.6045736568,12.74560835,168.0826434,176.898252,0.9501656547
1.344268565,25.61149798,284.6009742,293.3,0.9703408599
1.195262338,23.13746441,275.0606657,293.3,0.9378133844
2.430069061,31.31249712,293.1894991,293.3,0.9996232495
1.885246795,27.03386742,292.1244089,293.3,0.9959918474
1.570756271,28.00371434,290.4471201,293.3,0.9902731678
0.8613474212,18.02129567,228.8386908,252.0302554,0.9079810296
1.005390189,31.73908593,266.7483365,293.3,0.909472678
2.67952049,35.58257272,293.2792638,293.3,0.9999293005
0.3046009366,37.10238534,89.12622415,89.12623404,0.9999998889
1.4961927,22.42698872,285.8740634,293.3,0.9746814298
0.90788596,22.47350117,243.1934991,265.6474319,0.9154746853
2.098257908,4.049943028,207.5750164,293.3,0.7077225245
0.921788768,3.206164468,141.3092679,269.7153935,0.5239199218
1.259155197,36.42183373,288.0171309,293.3,0.9819881721
0.8353226618,21.87073971,229.5930799,244.4154108,0.9393559886
0.8239641623,6.711614459,180.010378,241.0919139,0.746646269
1.672481832,22.4200881,288.761854,293.3,0.9845272896
2.24085153,9.79713597,272.8466922,293.3,0.9302648899
1.967354979,20.83211437,290.3199125,293.3,0.9898394561
2.890859517,13.97699825,288.9090511,293.3,0.9850291547
1.90154846,20.72458165,289.81441,293.3,0.9881159564
0.3600281059,15.95525957,105.1222281,105.3442238,0.9978926636
0.2033235643,24.22716141,59.49243468,59.49247491,0.9999993237
2.916304349,39.85173929,293.2962916,293.3,0.9999873563
0.6210200879,24.06271717,180.1860428,181.7104777,0.991610638
2.430586608,6.353011826,250.5738316,293.3,0.854326054
0.9368072037,24.60963702,250.3366019,274.1097878,0.9132712986
2.761336471,14.44899614,288.997044,293.3,0.9853291648
1.417024237,8.018169774,238.1380047,293.3,0.8119263713
1.491956488,7.371988488,235.9834466,293.3,0.8045804522
2.953374102,15.79832388,290.7708953,293.3,0.9913770722
0.8663116949,4.372804492,158.1412895,253.4828019,0.623873842
1.41092008,23.16709396,284.4455534,293.3,0.969810956
2.929734426,17.18635066,291.5355787,293.3,0.9939842439
0.82829488,11.85103984,208.3247207,242.3590819,0.8595705146
0.4952498828,4.445674485,114.5263983,144.9101157,0.7903271469
1.209882097,29.83713211,282.4367943,293.3,0.9629621354
1.846807809,23.71853476,290.9667138,293.3,0.9920447114
1.496674738,37.63429452,292.0962348,293.3,0.9958957887
2.805568214,11.23873022,283.50369,293.3,0.9665996932
1.195539506,21.18498611,272.3337618,293.3,0.9285160648
1.41752976,36.03641705,291.081612,293.3,0.9924364542
1.810484377,7.396955588,247.6438875,293.3,0.8443364729
2.475100321,4.304424848,220.2714487,293.3,0.7510107353
0.2030755306,11.54429825,59.35959798,59.41990024,0.9989851504
1.119141462,28.2887074,275.3170354,293.3,0.9386874716
0.9905642095,7.771781176,206.4474963,289.8390877,0.7122831428
1.681646861,37.15092403,292.8059682,293.3,0.9983156094
0.9709240427,23.10395228,253.4324989,284.0923749,0.8920777931
1.827022813,19.08229952,287.8704827,293.3,0.9814881784
1.134675075,28.94764716,277.0940894,293.3,0.9447462987
0.7266004228,33.80970761,210.8804433,212.6032837,0.9918964544
2.371752236,12.3755478,283.1596437,293.3,0.9654266748
1.638525142,4.15523038,197.0970864,293.3,0.6719982488
1.491433146,9.462599615,251.8668861,293.3,0.8587346951
2.29514585,35.38229598,293.2365053,293.3,0.999783516
1.839047166,3.99342858,199.8529301,293.3,0.6813942382
2.718027822,31.915522,293.2513944,293.3,0.9998342803
2.020727176,6.504379138,244.2396645,293.3,0.8327298482
0.9508481096,39.84503254,263.7281994,278.2181569,0.9479187211
2.880550394,33.62101311,293.2781691,293.3,0.9999255681
1.585498792,5.529206321,218.6521842,293.3,0.7454898883
2.30183946,28.95377036,293.0391943,293.3,0.9991107887
0.239066575,12.85638408,69.87960652,69.95087985,0.9989810946
1.107559305,2.0279389,118.1230038,293.3,0.402737824
2.49027307,6.00948088,247.5394015,293.3,0.8439802303
1.52936514,30.17265438,290.760218,293.3,0.9913406682
2.928105801,25.20084098,293.1027298,293.3,0.9993274115
2.306558367,21.20839927,291.8412303,293.3,0.9950263562
0.7543798679,22.28387884,212.9867955,220.7315493,0.9649132448
0.9364530298,37.13301287,259.9342191,274.0061565,0.9486437179
1.531806623,22.73809863,286.8671289,293.3,0.9780672653
0.8450419671,3.487116282,141.3492096,247.2592796,0.5716639224
1.279092485,30.20042971,285.6443652,293.3,0.973898279
0.2751329424,15.59942462,80.45971724,80.50389895,0.9994511854
2.413431743,2.413859101,165.4176224,293.3,0.5639878024
0.9750633543,8.030555546,206.8786577,285.3035375,0.7251177449
2.396242446,28.90912673,293.0898874,293.3,0.9992836255
1.663527932,21.46393177,287.9430558,293.3,0.9817356147
0.8256428963,38.55454786,237.3918445,241.5831115,0.9826508279
2.774258396,3.066962983,193.4223026,293.3,0.6594691529
2.657276813,25.58726378,293.0229046,293.3,0.9990552493
0.2821723622,29.58316034,82.56353809,82.56363318,0.9999988482
1.806535675,35.24738968,292.9202201,293.3,0.9987051487
2.989977025,17.93463627,291.9476933,293.3,0.9953893397
1.524948316,39.87995506,292.5166134,293.3,0.9973290603
2.535654801,38.07733022,293.2835789,293.3,0.9999440126
1.413361034,20.04171519,280.9110394,293.3,0.957760107
1.146720424,37.62048449,283.604304,293.3,0.9669427344
2.29970256,2.65199478,172.4588492,293.3,0.5879947126
1.032307441,24.2693957,262.5875598,293.3,0.8952866
0.3686825177,17.71564946,107.73673,107.8765047,0.9987043087
0.3198625625,4.031517287,80.21008915,93.59178578,0.857020608
2.744384561,2.069278996,155.2355374,293.3,0.5292722037
1.628399213,22.28355128,288.088718,293.3,0.982232247
2.207101927,25.46628171,292.6011925,293.3,0.9976174308
0.7806035439,34.3044213,225.0761566,228.4045969,0.9854274371
2.813998353,16.16629076,290.6991414,293.3,0.9911324288
0.3131055687,25.856449,91.61317496,91.61468942,0.9999834693
2.846675677,30.79946363,293.2500454,293.3,0.9998296809
0.8059183505,36.32560522,231.9530875,235.8117094,0.9836368522
2.332274613,18.90075174,290.9432849,293.3,0.9919648309
1.076711474,14.44850236,247.6994854,293.3,0.8445260328
2.200828547,9.298580565,269.7408472,293.3,0.9196755785
2.495417401,32.00267858,293.2202748,293.3,0.9997281786
2.685376514,28.07456313,293.1604341,293.3,0.999524153
0.3815462664,27.38087983,111.6335588,111.6404375,0.9999383849
0.8580148578,32.22622974,242.2031686,251.0551474,0.9647408989
2.127424498,37.03691561,293.2218862,293.3,0.9997336726
0.4938338316,37.54836528,144.4871917,144.4957791,0.9999405695
1.60580845,15.79601361,279.3264408,293.3,0.9523574524
2.010998022,21.04229093,290.6801339,293.3,0.9910676232
0.2723164582,23.26029319,79.6786217,79.67979568,0.9999852663
0.3756898511,2.759236186,78.64832003,109.9268504,0.7154605061
0.7982469935,16.03375038,214.1000047,233.5670703,0.9166532098
1.714457943,4.083063236,198.0866512,293.3,0.6753721486
2.565713665,20.71596334,292.2125469,293.3,0.9962923523
1.297074293,18.72118517,274.0164688,293.3,0.9342532179
0.774157599,32.50692527,222.9203022,226.5185135,0.984115156
0.7221463774,24.97695178,207.0024455,211.30003,0.9796612213
1.545076669,20.9550859,285.4854037,293.3,0.973356303
1.426587502,22.93987527,284.6612105,293.3,0.9705462342
2.45744788,31.67882615,293.2053509,293.3,0.9996772959
0.9618594799,22.04733272,250.7321965,281.4400838,0.890890143
1.420386241,10.25062242,253.2385379,293.3,0.8634113123
1.207805761,29.36051728,281.9758726,293.3,0.9613906327
0.7168031221,32.62257697,208.0232475,209.7365935,0.9918309626
2.030712356,11.37597204,276.0508982,293.3,0.9411895609
1.934630159,6.186599291,238.4312612,293.3,0.812926223
2.163549597,7.124173498,253.6141392,293.3,0.8646919168
1.405033866,22.68222909,283.7952739,293.3,0.967593842
2.499210984,16.4639205,289.9426207,293.3,0.9885530878
2.164967461,3.272194176,189.6118123,293.3,0.6464773689
1.674674168,15.93262104,281.1884298,293.3,0.9587058635
2.987497324,2.519141566,176.9156717,293.3,0.6031901523
1.725818595,36.31760487,292.8445979,293.3,0.9984473166
2.13457673,26.36519085,292.6141721,293.3,0.9976616847
1.272807837,31.20509545,286.0140852,293.3,0.9751588311
1.811973959,39.63517238,293.1213254,293.3,0.999390813
0.5185562806,39.47936015,151.7187206,151.7295677,0.9999285103
0.4634492599,38.25513179,135.6022923,135.6052535,0.9999781634
2.285074303,8.639544906,267.2759153,293.3,0.9112714468
0.7870902591,32.08583333,225.9741677,230.3026098,0.9812054144
2.146571214,38.71873746,293.2485238,293.3,0.9998244931
1.298418934,31.18472624,286.8529701,293.3,0.9780189913
1.078154417,28.70703017,272.1611599,293.3,0.9279275824
1.65788557,34.99215572,292.5426155,293.3,0.9974177139
2.185766405,7.093545368,253.764691,293.3,0.8652052201
2.711197924,11.36579628,283.2348114,293.3,0.9656829575
2.953473364,17.50107479,291.7190791,293.3,0.9946098843
1.603385069,37.04311698,292.5614282,293.3,0.9974818554
0.2948842005,16.45512288,86.23506449,86.28311708,0.9994430824
2.127929192,28.63056686,292.8623114,293.3,0.9985077102
0.7410720456,10.47279257,189.3633686,216.8376805,0.8732954907
1.183389232,36.80913639,285.2017439,293.3,0.9723891711
1.121574973,28.12854314,275.3599685,293.3,0.9388338509
0.3559300983,7.962859169,100.3308411,104.1451468,0.9633750993
0.9442217997,8.283954128,205.4926082,276.2792986,0.7437857604
2.638739037,33.50146535,293.2611283,293.3,0.9998674678
2.090142611,13.42086941,282.6635898,293.3,0.9637353896
2.3332588,23.99493798,292.5585645,293.3,0.9974720917
1.915355157,2.939930759,174.3074842,293.3,0.5942975935
1.890581049,20.59685228,289.6497118,293.3,0.9875544215
1.866077634,14.72636378,282.338912,293.3,0.9626284078
1.604750123,25.29733978,289.6425936,293.3,0.9875301519
0.7544124817,34.61723227,218.4240945,220.7410921,0.9895035508
0.216697072,15.27047252,63.39479136,63.40556326,0.9998301111
0.5770348443,30.850926,168.6021694,168.8403955,0.9985890458
2.372490018,30.9856092,293.1621113,293.3,0.9995298713
2.416268406,27.49993984,293.0211811,293.3,0.999049373
2.926458684,24.59873898,293.0668759,293.3,0.9992051684
0.6404626195,23.63737607,185.3275953,187.3993625,0.988944641
0.4037887595,9.551280133,114.6080225,118.148591,0.9700329182
2.153639638,12.82614684,282.0346355,293.3,0.9615909835
2.808844942,20.2892145,292.4262994,293.3,0.9970211366
1.184241545,19.76164598,269.2267091,293.3,0.9179226359
1.374758596,31.0568224,288.7571093,293.3,0.9845111125
2.436932089,15.58125499,288.8460029,293.3,0.9848141934
2.302622369,33.84819808,293.212643,293.3,0.9997021581
0.5333695296,18.85205282,154.7388631,156.0639244,0.9915094969
0.3993133981,20.59515164,116.7415536,116.8391003,0.9991651195
2.633025215,18.05402449,291.3652733,293.3,0.9934035912
2.253258401,30.66661278,293.0973774,293.3,0.9993091628
1.042608318,21.84684993,260.3620759,293.3,0.887698861
0.451988723,14.99656369,131.0418062,132.2519003,0.990850081
1.49487311,38.36231613,292.1838486,293.3,0.996194506
2.301963029,31.45468597,293.1507432,293.3,0.9994911121
1.832596695,16.59202179,285.0189021,293.3,0.9717657759
0.9442562375,14.73081571,233.7568236,276.2893751,0.8460579546
1.55912576,6.827260647,233.4382329,293.3,0.7959026013
1.690821389,33.67382984,292.5052606,293.3,0.9972903534
1.404236954,30.52445754,289.1122431,293.3,0.9857219334
0.582418708,36.58428961,170.3230973,170.415714,0.999456525
0.9505743303,27.66213749,255.585661,278.1380491,0.9189165662
1.693241663,13.9949594,277.3282132,293.3,0.9455445387
2.919677902,4.570710754,231.8450588,293.3,0.7904707086
1.588773947,12.51806435,269.9620591,293.3,0.9204297957
1.741020814,20.80838672,288.391222,293.3,0.9832636275
2.447172733,26.22155603,292.9471156,293.3,0.9987968483
0.5984346033,4.570077201,130.9695744,175.1019649,0.7479617629
2.384329195,9.009334053,270.8428906,293.3,0.9234329719
2.719238603,17.15300658,291.0904573,293.3,0.992466612
1.782778832,5.479947755,224.7520217,293.3,0.7662871522
0.552127549,29.86362694,161.3716162,161.5525208,0.9988802119
1.215739216,21.89601206,274.6473177,293.3,0.9364040837
0.5189776996,39.09978585,151.8409323,151.8528749,0.9999213542
2.756328414,2.997024635,190.9717746,293.3,0.6511141308
1.55165241,12.99960751,270.3893552,293.3,0.9218866526
1.995839571,23.51550757,291.6173863,293.3,0.9942631649
1.761154578,11.63035522,271.5558591,293.3,0.9258638224
0.7420708314,18.53716137,206.6535369,217.1299253,0.9517506013
2.124174275,34.08410221,293.1553241,293.3,0.9995067306
2.939643748,26.97011422,293.1806218,293.3,0.9995929827
2.492892782,18.84420213,291.3976115,293.3,0.9935138476
0.2342469921,17.69595644,68.53560318,68.54066988,0.9999260774
2.837884883,12.66611577,286.7786997,293.3,0.9777657678
0.7008272846,37.45922851,204.2902524,205.0620635,0.9962362075
0.2644244031,33.69141237,77.37057415,77.37058034,0.99999992
1.082305858,17.25071339,255.7480534,293.3,0.8719674511
1.924418359,3.230453907,183.1036594,293.3,0.6242879624
2.867768166,15.61239032,290.4290924,293.3,0.9902117028
1.029064969,19.52066729,254.971827,293.3,0.8693209239
0.9065605946,20.6085493,240.4118717,265.25963,0.9063266497
0.3776633649,22.00206376,110.4658081,110.5043006,0.999651665
1.632583484,3.235008243,175.1623463,293.3,0.5972122273
2.411951284,3.795723771,207.9221754,293.3,0.7089061555
2.307116289,7.686695921,261.000554,293.3,0.8898757383
2.801350945,12.32867688,285.9716665,293.3,0.9750142056
1.965785443,31.06509659,292.8601829,293.3,0.9985004531
2.423594904,35.84670521,293.2611763,293.3,0.9998676315
2.282538176,20.0003604,291.3113992,293.3,0.9932199087
1.363708451,10.21097913,250.1858304,293.3,0.8530031723
1.528471864,14.59013335,274.3062427,293.3,0.9352411957
2.325410389,3.390198055,195.9679324,293.3,0.6681484228
2.652761858,33.35023459,293.2609415,293.3,0.999866831
1.014105529,7.547687766,206.8706582,293.3,0.7053210305
1.927921344,24.64783475,291.6932687,293.3,0.9945218845
2.809066011,14.80742931,289.5459305,293.3,0.9872005814
0.6240319957,13.11696738,173.0965039,182.5917619,0.947997336
1.192232278,17.88549844,266.1429941,293.3,0.9074087764
2.695290608,32.57334134,293.2568449,293.3,0.9998528637
2.476615428,31.09175764,293.196154,293.3,0.9996459393
1.812054712,21.19785132,289.3933219,293.3,0.9866802655
2.163801209,35.49801086,293.205367,293.3,0.9996773507
1.318526212,8.27608501,234.9821488,293.3,0.8011665488
0.5530045747,34.04763963,161.7296055,161.8091386,0.9995084763
1.534955717,22.31625591,286.5702941,293.3,0.9770552135
0.2191512466,28.77603575,64.1236477,64.12365477,0.9999998897
2.667010363,8.713021857,272.508728,293.3,0.9291126083
2.733331878,21.54093417,292.6050412,293.3,0.997630553
0.9092538135,19.61341732,239.2800148,266.0476658,0.8993877622
1.317611924,18.31330211,274.2675133,293.3,0.9351091485
2.574974262,38.81552926,293.2877868,293.3,0.9999583594
2.155624539,5.170279042,229.70331,293.3,0.7831684625
1.587027564,19.15210988,284.3043991,293.3,0.9693296933
2.746698232,12.02842629,285.0514837,293.3,0.9718768622
2.105841815,15.90766603,287.0661472,293.3,0.9787458138
1.217051903,28.03715525,281.4040382,293.3,0.9594409758
2.063775759,18.80252107,289.6090538,293.3,0.9874157988
2.055423804,25.07453946,292.2210519,293.3,0.9963213499
2.678727843,26.56286933,293.0920023,293.3,0.9992908363
2.958891519,29.05993138,293.2348992,293.3,0.9997780403
0.6089776195,27.18160837,177.4134325,178.1868515,0.995659506
0.3812804724,31.81379659,111.5611323,111.5626662,0.9999862505
0.4232163903,14.32790532,122.8245527,123.8331158,0.9918554655
2.862914221,32.96993759,293.2729973,293.3,0.999907935
2.122458406,8.547710733,263.9335423,293.3,0.8998756981
2.798834131,13.31822271,287.6661391,293.3,0.9807914734
2.09977412,33.1548166,293.110705,293.3,0.9993546028
2.447980508,20.70093377,291.997856,293.3,0.9955603682
2.18180811,19.15848363,290.4853134,293.3,0.9904033869
0.9752767065,27.58615656,259.1170584,285.3659643,0.9080166902
1.878045731,27.80465521,292.2517188,293.3,0.996425908
2.49436321,19.45668418,291.6623306,293.3,0.9944164016
1.837301317,10.86809126,270.296389,293.3,0.9215696862
2.035048084,37.35140544,293.1964496,293.3,0.9996469472
1.159641112,39.20648321,285.0660234,293.3,0.9719264351
0.6338600881,26.27796743,184.1938669,185.4674618,0.9931330548
1.39881108,4.562272913,195.4190072,293.3,0.6662768743
0.2917594783,21.09137677,85.36297062,85.36882336,0.9999314417
0.9957539069,38.82371716,270.013433,291.3575932,0.9267423925
0.62428745,30.17718276,182.0642529,182.6665079,0.9967029812
1.087759875,23.64422816,267.4528519,293.3,0.9118747082
0.4934031198,29.56726377,144.3114703,144.3697529,0.9995962964
1.445985032,26.73387017,288.0013109,293.3,0.9819342341
2.878069168,25.42693796,293.0996638,293.3,0.9993169581
1.723126966,21.588988,288.772344,293.3,0.984563055
2.891953248,16.76308123,291.245452,293.3,0.9929950632
0.8947002683,4.421244494,161.3527853,261.7892985,0.6163459935
0.4793662853,32.32157312,140.2412911,140.2625751,0.9998482566
2.953384118,11.22430957,284.3063529,293.3,0.9693363549
0.2957403091,33.19127793,86.53357958,86.53361444,0.9999995972
1.584654295,3.816134906,187.9321694,293.3,0.6407506629
1.347417556,16.99429324,273.0219664,293.3,0.9308624835
0.4856188766,21.56378575,141.736596,142.0920833,0.9974981909
0.2939181839,4.35145002,76.44111507,86.00046061,0.8888454146
0.4239755187,39.36911931,124.0546434,124.0552368,0.9999952167
1.396864119,35.79943359,290.7555669,293.3,0.9913248104
1.369591582,7.519345424,231.4486942,293.3,0.789119312
1.045810236,30.53076857,270.5143967,293.3,0.9223129787
0.393380053,35.9153533,115.10241,115.1030035,0.9999948434
1.519546966,17.71881916,280.5977063,293.3,0.9566918046
2.186425856,39.01193875,293.2582497,293.3,0.9998576532
1.588073933,25.31520001,289.4502705,293.3,0.9868744307
1.713218285,33.11753125,292.5132309,293.3,0.9973175278
2.95046468,34.605919,293.285604,293.3,0.999950917
2.579879068,29.5703865,293.1812401,293.3,0.9995950906
2.690301861,5.880191361,248.8466294,293.3,0.8484371954
2.615203327,32.82887386,293.2513069,293.3,0.9998339821
2.594837758,36.64704245,293.2802267,293.3,0.9999325834
1.640397933,26.59938568,290.5897115,293.3,0.9907593301
2.510021442,18.61864546,291.3363626,293.3,0.9933050209
2.41137064,33.44344172,293.2295342,293.3,0.9997597485
1.057124748,21.90206197,261.9784375,293.3,0.8932098107
1.67077288,2.674346057,159.5544784,293.3,0.5439975398
1.925324643,9.010073627,262.7732347,293.3,0.8959196547
1.931645686,6.122520451,237.5755019,293.3,0.8100085301
1.613453861,23.43377396,288.6831969,293.3,0.9842591097
0.6953877204,28.15823209,201.286261,203.470447,0.9892653404
1.53601766,22.15422769,286.4488024,293.3,0.97664099
0.4923314413,20.9489482,143.5959283,144.0561797,0.9968050557
1.825095657,32.51346167,292.7426226,293.3,0.9980996338
1.834326633,5.833401794,231.1944185,293.3,0.7882523643
0.4132028839,19.85582176,120.7422152,120.9031638,0.9986687803
1.28246952,33.37377112,287.4491556,293.3,0.9800516728
2.632003634,39.55736817,293.2913982,293.3,0.9999706724
1.051478395,35.69109412,274.8402297,293.3,0.9370618128
2.676117634,32.8030322,293.2574921,293.3,0.9998550701
0.6661790459,25.31670336,192.7118243,194.9239888,0.9886511428
1.456545054,37.43645942,291.761444,293.3,0.9947543265
0.4843750831,2.2451292,83.70876558,141.7281493,0.590629074
2.614920743,26.32078051,293.0513433,293.3,0.9991522103
1.98543336,13.12595948,280.5770778,293.3,0.9566214721
2.13113325,5.904364374,239.6063412,293.3,0.816932633
2.859126119,37.15444806,293.2911521,293.3,0.9999698332
0.6500010642,8.236670195,164.5053746,190.1903114,0.8649513919
1.841333686,7.674824884,250.9529703,293.3,0.8556187189
1.316243317,20.2213898,277.41714,293.3,0.9458477326
0.6612498732,39.09111848,193.1722843,193.4817129,0.9984007344
2.299567559,25.93189474,292.7856078,293.3,0.9982461909
1.334660813,6.206488544,216.0420985,293.3,0.7365908575
2.530642478,29.19775327,293.155165,293.3,0.9995061883
0.3974684263,38.38960456,116.2989524,116.2992615,0.999997342
2.872756622,33.06933472,293.2742466,293.3,0.9999121943
0.740147512,18.8798585,206.6247675,216.567162,0.9540909415
2.692408977,19.08127749,291.9149685,293.3,0.995277765
2.222142956,9.320343084,270.1913964,293.3,0.9212117164
2.259327254,4.358199413,217.4296917,293.3,0.7413218264
0.4957398691,35.63577981,145.0391676,145.0534857,0.999901291
1.434024353,20.62475678,282.3312158,293.3,0.9626021676
1.206665104,6.47933767,211.5893538,293.3,0.7214093208
0.5788164343,23.33447574,168.3749391,169.3616887,0.9941737144
2.817663798,21.83518466,292.7272077,293.3,0.9980470769
1.107720562,6.932965626,209.2533035,293.3,0.7134446077
0.4261793157,15.57989191,123.9767085,124.7000678,0.9941992073
0.893355272,24.28549821,242.8725292,261.3957526,0.9291372442
1.489781028,36.64570488,291.8967591,293.3,0.9952156806
2.348577295,25.39188638,292.7764275,293.3,0.998214891
2.656752166,24.91214283,292.9708062,293.3,0.9988776209
2.623309279,2.875783081,185.1882101,293.3,0.6313951929
1.358499929,14.40137436,267.0017428,293.3,0.9103366613
1.391326579,28.79500983,288.0151759,293.3,0.9819815066
2.628343299,33.31810672,293.2582629,293.3,0.9998576982
2.537959511,3.043513282,189.3475478,293.3,0.6455763649
1.369074173,32.88654584,289.3865343,293.3,0.9866571234
2.903691533,7.871956442,269.6968998,293.3,0.9195257408
1.065447314,8.259699463,216.981138,293.3,0.7397924924
1.568169232,37.15592873,292.4285125,293.3,0.9970286822
2.124783227,5.043582938,226.9987518,293.3,0.7739473296
1.674716559,18.64154054,285.3174833,293.3,0.9727837821
2.408417546,37.24948499,293.2707239,293.3,0.9999001837
0.4046198361,10.49443023,115.7524039,118.391764,0.9777065563
0.7612795654,8.076348837,181.3724949,222.7504008,0.8142409361
1.605179993,7.300553455,239.9360681,293.3,0.8180568295
1.908379465,20.00535924,289.3845287,293.3,0.9866502853
1.209034472,13.97105575,256.9318561,293.3,0.8760036008
2.546157123,11.83536925,283.26866,293.3,0.9657983636
1.494849445,21.67205788,285.1205056,293.3,0.9721121909
0.3501502949,6.803111603,96.87651749,102.4539763,0.9455613243
0.5327661046,2.616702129,95.88838999,155.8873622,0.6151133012
0.5506241002,25.29753066,160.6700562,161.1126117,0.9972531292
2.676234788,5.706221796,246.4367444,293.3,0.8402207447
1.716380921,20.03265455,287.4254293,293.3,0.9799707785
1.230275979,10.77071546,245.2310534,293.3,0.8361099671
0.3721574626,16.1025798,108.632118,108.8932736,0.9976017293
1.13739329,30.77516884,278.7830284,293.3,0.9505046995
0.7453551062,18.73598386,207.5934854,218.0909041,0.9518667744
0.4644059991,11.06833635,131.8391697,135.8851953,0.9702246764
1.156446648,23.51955614,272.9306628,293.3,0.930551186
1.479260334,3.495970201,176.5918964,293.3,0.6020862475
1.383067991,38.78396977,291.2462605,293.3,0.9929978197
2.797203045,30.3156093,293.2373693,293.3,0.9997864618
0.5584688779,33.54747037,163.3092954,163.4079937,0.999396001
2.144039855,7.031024725,252.3491081,293.3,0.8603788206
0.9057532668,35.83989086,253.6782892,265.0234059,0.95719202
1.372056319,27.05071025,286.4948853,293.3,0.9767981086
2.339757373,39.18060299,293.2765681,293.3,0.9999201093
1.642609273,34.96963265,292.4849691,293.3,0.9972211698
2.882286623,36.1694856,293.2890733,293.3,0.9999627457
1.178010024,26.20454173,277.4734522,293.3,0.9460397278
2.196464038,12.1665761,280.8337447,293.3,0.9574965725
1.895084666,35.05203766,293.0257803,293.3,0.9990650538
2.907690135,26.20225621,293.1450332,293.3,0.9994716441
1.178180054,34.44958134,283.7263718,293.3,0.967358922
1.978157031,17.01427335,287.2616097,293.3,0.9794122391
2.767909336,14.63917545,289.2310073,293.3,0.9861268576
0.8322506735,2.755034657,124.7440064,243.5165471,0.5122609034
2.179622415,7.909603016,260.5034152,293.3,0.8881807543
1.390562708,30.35578717,288.7700753,293.3,0.9845553198
2.214281215,9.072448265,268.7143339,293.3,0.9161757037
0.4790223534,7.850302047,129.3420839,140.1619406,0.9228046025
2.066293235,8.015271266,259.0851821,293.3,0.8833453192
2.477111596,21.79677261,292.3422677,293.3,0.9967346325
1.000626001,20.27883004,253.0066636,292.783168,0.864143473
2.362386299,38.12502833,293.27235,293.3,0.9999057278
1.316354633,38.20307371,290.0460675,293.3,0.9889057874
0.6506348076,4.677735488,139.0410769,190.3757447,0.7303507972
0.3751968399,37.23805231,109.7823995,109.7825953,0.9999982162
2.316047233,9.996515368,274.7728811,293.3,0.9368321891
1.583376457,35.26900744,292.2653795,293.3,0.9964724837
1.15925066,20.1045521,268.0286821,293.3,0.9138379888
1.894010399,25.14740092,291.6958183,293.3,0.9945305773
0.9345033525,32.13208513,256.6107093,273.4356809,0.9384682659
0.7754660247,36.01623845,224.2077393,226.9013588,0.9881286761
1.291617483,18.78751729,273.8617762,293.3,0.9337257967
1.879002766,9.815538079,266.2766114,293.3,0.9078643418
2.977692337,37.78410115,293.2943538,293.3,0.9999807494
1.367102464,20.98841117,280.5704658,293.3,0.9565989286
2.456123287,9.166568263,272.5852408,293.3,0.929373477
1.703439413,38.95879393,292.9613838,293.3,0.9988454953
0.7946735414,18.02922118,216.7729746,232.5214782,0.9322707573
1.062417189,10.91796643,232.621001,293.3,0.7931162666
1.028297966,38.3018753,273.8298215,293.3,0.933616848
2.507591661,2.497388143,170.0356997,293.3,0.5797330369
1.972614596,17.64160134,287.895965,293.3,0.9815750597
1.513733798,13.00494615,269.083609,293.3,0.917434739
1.624616875,29.07200655,291.2810033,293.3,0.9931162745
2.662655919,25.58078804,293.0250624,293.3,0.9990626063
0.8906567965,25.20066831,243.3409482,260.6061786,0.933749727
1.879361703,16.63547488,285.6969205,293.3,0.9740774649
1.498500092,19.17621298,282.2455442,293.3,0.9623100723
0.8811221206,14.93087913,225.4595471,257.8163325,0.8744967587
0.4695909829,2.653690264,89.4305806,137.4023216,0.6508665905
2.801912846,9.659503071,278.2449663,293.3,0.9486701886
2.62555232,4.412720969,224.8287897,293.3,0.7665488911
1.827302564,17.08869824,285.6371405,293.3,0.9738736465
2.898951502,24.75881878,293.0675107,293.3,0.9992073329
0.9416395396,17.50185746,240.098715,275.5237293,0.8714266306
2.559768258,11.04816769,281.1942102,293.3,0.9587255719
0.7606791404,10.37994372,192.2648643,222.5747165,0.8638216745
0.2982744885,2.659399327,65.68098949,87.27511533,0.7525740784
1.053877032,8.919430523,220.5514775,293.3,0.7519654874
0.9637866688,31.0024443,260.4186246,282.0039793,0.9234572693
1.585392152,10.67440982,262.2027042,293.3,0.8939744432
0.2316601251,16.95020918,67.77684802,67.7837526,0.9998981381
1.420876184,28.27202013,288.360871,293.3,0.9831601468
1.03785852,39.21762535,275.4039982,293.3,0.9389839692
0.2081976303,35.88197157,60.91862655,60.91862661,0.9999999989
0.7395505621,28.28309915,212.7693453,216.3924945,0.9832565856
2.11125972,2.32163335,156.7685163,293.3,0.5344988624
1.620624,22.31172923,287.9988189,293.3,0.981925738
0.7304308948,34.53462153,212.0410246,213.7240798,0.9921251023
0.3436520491,25.30817298,100.5477209,100.5525896,0.9999515811
1.739155851,15.04503595,280.7544478,293.3,0.9572262115
1.201942799,25.81063653,278.5277248,293.3,0.9496342476
0.9364332088,39.75947075,261.2107803,274.0003569,0.9533227739
1.084122125,34.85311284,277.4342643,293.3,0.9459061176
2.418974086,26.52305085,292.951634,293.3,0.9988122536
2.398100071,8.910128563,270.4766894,293.3,0.9221844168
2.96785205,10.99647648,283.7937199,293.3,0.9675885439
1.072468641,19.37057385,259.2290321,293.3,0.8838357725
2.802964516,21.47829927,292.6576902,293.3,0.9978100588
0.4496305875,28.44921964,131.5332464,131.5619099,0.9997821293
0.2099678533,33.21922911,61.43659354,61.43659388,0.9999999944
2.25113007,35.7693418,293.232999,293.3,0.9997715615
2.521381474,5.478516522,241.0591487,293.3,0.8218859485
1.726557335,15.64637212,281.6984636,293.3,0.9604448127
1.016001291,17.54659824,249.5204511,293.3,0.8507345758
2.770797071,16.66073983,290.9190502,293.3,0.991882203
1.53955109,13.76371712,272.3743793,293.3,0.9286545492
1.351232596,31.71177834,288.5283795,293.3,0.9837312631
0.7101189153,27.38305867,204.919968,207.7807946,0.9862315158
1.291200181,30.97047944,286.5065543,293.3,0.9768378941
0.7248605201,8.935685587,180.3238819,212.0941882,0.8502066152
1.351592109,3.488758481,171.2706887,293.3,0.583943705
2.969042991,28.99230459,293.2348314,293.3,0.999777809
0.3761780894,38.42234753,110.0695733,110.0697089,0.9999987678
2.594111844,2.639969399,176.5723879,293.3,0.6020197336
2.901706737,13.13876491,287.8225304,293.3,0.981324686
1.602962935,14.46942893,276.2297588,293.3,0.9417993821
2.228148413,20.32904745,291.2741424,293.3,0.9930928823
2.383730383,35.27351445,293.2501629,293.3,0.9998300816
2.768641828,16.62649123,290.8922081,293.3,0.9917906857
1.570984851,35.37425445,292.2162594,293.3,0.9963050099
0.9260155128,9.21215045,209.3292872,270.952139,0.7725692366
2.686667101,24.80277321,292.97821,293.3,0.9989028639
0.7646481327,21.59899128,214.7102603,223.7360436,0.9596587872
1.395841028,9.787234071,249.4073198,293.3,0.850348857
0.5917966978,37.77686767,173.0679707,173.1597138,0.9994701821
2.078392311,33.42408653,293.1076534,293.3,0.9993441986
0.6102403456,4.736731754,134.3038156,178.5563251,0.7521649848
1.107910186,19.09606996,261.9992358,293.3,0.8932807222
2.269263568,8.84092358,268.2444998,293.3,0.9145738144
0.3479324446,38.52730785,101.8049926,101.8050333,0.9999996001
1.266219086,2.096563048,126.6443846,293.3,0.4317912875
1.707631102,16.51166122,282.8709789,293.3,0.9644424783
2.921240163,15.4397112,290.4294599,293.3,0.9902129558
2.860121683,16.68527761,291.1358923,293.3,0.9926215218
2.297449962,7.159272033,256.4068828,293.3,0.8742137157
1.962065404,26.95362203,292.3419203,293.3,0.9967334479
0.2539572258,15.07934021,74.27432883,74.30788426,0.999548427
2.564227016,18.82413824,291.5609797,293.3,0.9940708481
1.333633152,18.92737517,276.1075386,293.3,0.9413826751
1.603763588,34.23319039,292.2199793,293.3,0.9963176929
1.711149909,4.421567492,204.803612,293.3,0.6982734812
2.724994888,32.44541245,293.258263,293.3,0.9998576986
2.602242074,14.59105465,288.5100611,293.3,0.9836688072
1.218972002,13.59606711,256.3477327,293.3,0.8740120447
2.12233545,5.443022445,233.1047476,293.3,0.7947655903
1.913281371,15.26129745,284.0170031,293.3,0.968349823
2.183048066,3.218676176,188.4450571,293.3,0.6424993424
0.487992239,32.40097186,142.760731,142.7865291,0.9998193235
0.9072509888,32.08726737,251.8101145,265.4616393,0.9485743971
2.796453213,7.507346748,266.0453238,293.3,0.9070757716
2.232206085,39.82381171,293.2703349,293.3,0.9998988574
1.641659782,34.07444295,292.3704308,293.3,0.9968306539
2.937530175,18.24496614,291.9906431,293.3,0.995535776
2.082980672,38.30879713,293.2287524,293.3,0.9997570829
2.809457834,28.16740788,293.1919569,293.3,0.9996316293
1.286666311,32.08609058,286.9548631,293.3,0.9783663933
0.4279157375,32.20639735,125.2025609,125.2081448,0.9999554034
0.7174492258,3.781052773,134.9010738,209.9256435,0.6426136014
2.746770959,2.423154915,170.3464638,293.3,0.5807925802
0.2224029772,24.18474908,65.0750096,65.07511113,0.9999984398
1.370642237,19.66154679,278.8311579,293.3,0.950668796
2.354962586,29.76806885,293.1096057,293.3,0.9993508548
1.559947787,38.88369984,292.5715785,293.3,0.9975164625
2.901293261,13.12897321,287.8061697,293.3,0.9812689044
1.03277197,3.008463736,143.6827522,293.3,0.4898832328
2.263932281,17.14694422,289.4496264,293.3,0.9868722345
0.9961275566,26.68100587,261.005199,291.4669231,0.89548823
1.705019676,37.93937659,292.9080068,293.3,0.9986635078
1.750009703,35.92451824,292.8657341,293.3,0.9985193799
2.046966446,30.64711746,292.9315141,293.3,0.9987436553
0.9372995466,24.39002549,250.1611042,274.2538473,0.9121516676
2.696540805,11.87175171,284.3962057,293.3,0.9696427062
0.650753384,5.223388548,144.617475,190.4104402,0.7595039162
1.885636693,27.52012617,292.2226345,293.3,0.9963267457
2.209739678,39.22688804,293.2633846,293.3,0.9998751605
0.2279246197,31.6699294,66.69074132,66.69074372,0.999999964
1.877807144,7.339606294,249.0045136,293.3,0.8489754981
0.618807587,29.62614376,180.4605132,181.0631,0.9966719515
2.812098378,4.091876937,220.8079615,293.3,0.7528399643
0.7714295289,39.79255352,223.8842589,225.7202801,0.9918659445
1.510902475,10.70673775,259.5638901,293.3,0.8849774636
2.085083676,24.9691729,292.2735376,293.3,0.9965002988
1.743316899,3.223602929,178.1562451,293.3,0.6074198605
2.877372089,18.05215035,291.8299588,293.3,0.9949879264
1.156850855,25.64074747,275.4683951,293.3,0.939203529
2.281765233,11.19653021,278.912326,293.3,0.9509455369
1.639988326,25.26730677,290.0150418,293.3,0.9888000062
2.827216247,11.70336834,284.7778389,293.3,0.9709438763
2.127880378,33.32578734,293.1330167,293.3,0.9994306742
1.911225837,33.76386273,292.9754453,293.3,0.9988934379
1.190905559,8.08310369,225.3932954,293.3,0.7684735608
2.111658034,25.34444778,292.4065758,293.3,0.9969538894
2.677827592,7.015399701,260.6527195,293.3,0.888689804
2.522811356,31.70668108,293.2198935,293.3,0.9997268787
1.14086753,31.21931754,279.360046,293.3,0.9524720285
0.3608446673,5.428156718,95.35196772,105.5831496,0.9030983452
2.770734391,24.52413919,292.9983726,293.3,0.998971608
1.724761537,9.294471206,259.226602,293.3,0.8838274872
0.2443913516,11.87799872,71.37648662,71.50890948,0.9981481629
0.4589644824,9.5676834,128.477003,134.2930075,0.9566916801
1.97946184,15.14517281,284.6590765,293.3,0.9705389586
2.047308338,35.04402357,293.1446741,293.3,0.9994704196
1.324907496,21.74235527,279.9009746,293.3,0.9543163131
2.010784319,10.13898214,270.6505564,293.3,0.9227772123
0.6072472444,16.48767259,173.0364891,177.6805437,0.9738628973
0.7548515442,23.41052808,213.9328158,220.8695618,0.9685934724
2.898748333,36.91710474,293.2914084,293.3,0.9999707071
2.567900059,20.99744647,292.2888414,293.3,0.9965524767
1.797492847,33.11705452,292.7395867,293.3,0.9980892828
1.684323713,3.695159357,188.4531712,293.3,0.6425270071
1.778779132,4.327257648,205.0728437,293.3,0.6991914208
0.861263207,30.13712531,241.6720123,252.0056144,0.958994556
0.2155704444,23.21332127,63.0757848,63.07591202,0.9999979831
1.392837364,2.712728688,151.9476853,293.3,0.5180623432
2.316109096,12.99474067,284.0611053,293.3,0.9685001885
1.160081451,20.51710643,268.7925451,293.3,0.9164423632
1.324353711,17.57405195,273.1493688,293.3,0.9312968593
1.340000195,6.415258755,218.73797,293.3,0.7457823731
2.715877642,5.540649773,244.7528736,293.3,0.8344796236
0.6054440867,19.62812241,174.5005765,177.1529398,0.9850278336
1.927633372,13.01771201,279.3965507,293.3,0.9525964906
0.9978934633,4.089282187,164.0029508,291.9836274,0.5616854353
2.907715846,37.71960841,293.2932348,293.3,0.9999769341
2.640836238,24.73309196,292.9460314,293.3,0.9987931516
1.775506665,28.09792501,291.9213405,293.3,0.9952994903
0.4057219727,37.87002342,118.7137574,118.7142492,0.999995857
0.5892594831,14.01693177,166.2186829,172.4173248,0.9640486134
2.236198217,38.53625859,293.2613693,293.3,0.9998682893
0.2193800778,11.4689273,64.09683824,64.19061077,0.9985391551
0.5113756793,9.154605317,139.9614606,149.6285238,0.9353929124
2.676697707,23.19175838,292.8062038,293.3,0.9983164125
1.161905487,5.347737304,194.8513195,293.3,0.6643413552
2.379972243,13.44867217,285.4791946,293.3,0.9733351333
1.808411979,5.940147015,231.8171048,293.3,0.7903754001
0.7159369849,22.97999617,204.4037725,209.4831618,0.9757527564
2.217317638,18.38892055,290.1614939,293.3,0.9892993313
2.82754564,19.78096436,292.322501,293.3,0.9966672384
2.8497284,3.866380965,216.1786309,293.3,0.7370563617
2.953419166,33.17581831,293.2788026,293.3,0.9999277279
1.354429991,29.84298382,287.7018099,293.3,0.9809130922
0.9605126282,28.65615044,257.9853101,281.045995,0.9179469365
1.960783299,10.14787154,269.714925,293.3,0.9195871972
2.875705497,21.55404605,292.7281971,293.3,0.9980504503
0.4254752871,21.98363124,124.3867866,124.494069,0.9991382527
2.792399749,15.29499424,289.9536172,293.3,0.9885905801
0.4657911966,18.67080942,135.745545,136.2905041,0.9960014884
2.230682187,30.66744671,293.0845637,293.3,0.9992654746
2.537413151,33.27851444,293.2472961,293.3,0.9998203073
2.467774391,16.59405439,289.9249688,293.3,0.9884929041
2.142403916,33.06623779,293.1317889,293.3,0.9994264879
1.223565246,34.60039035,285.9371629,293.3,0.9748965663
1.42124715,13.45125043,266.9043013,293.3,0.9100044367
0.4063093026,13.19631053,117.7427736,118.8861019,0.990382994
2.296210692,15.5373156,288.0066085,293.3,0.9819522963
2.252796547,14.52820094,286.3212387,293.3,0.9762060643
1.212868518,6.846396176,215.8305475,293.3,0.7358695789
1.634333943,27.4791819,290.8594056,293.3,0.9916788463
2.562372874,17.17251402,290.6774339,293.3,0.9910584178
0.7610017511,11.98964096,197.8096314,222.6691124,0.8883568505
1.841727734,18.77091291,287.7329911,293.3,0.9810194038
1.475961486,7.703224647,238.2508031,293.3,0.8123109549
2.626314794,24.71734331,292.9356541,293.3,0.9987577706
1.85447531,5.404477597,225.7839205,293.3,0.7698053886
0.5266829978,8.912309145,142.7451059,154.1074451,0.9262700177
1.285637545,10.31282045,246.3388027,293.3,0.8398868144
0.332834572,22.04890151,97.3748995,97.38739577,0.9998716849
1.354131713,18.47349038,276.2060786,293.3,0.9417186449
1.84767357,5.323317539,224.375783,293.3,0.7650043743
1.847994652,32.28054308,292.7675135,293.3,0.9981844988
2.80425715,36.0407347,293.286428,293.3,0.9999537266
0.713387351,3.468958404,129.4090103,208.7371389,0.6199615983
2.338245083,15.88107285,288.6450221,293.3,0.9841289536
2.301314695,24.64299687,292.61674,293.3,0.9976704399
2.253273324,37.19317356,293.2512273,293.3,0.9998337107
1.065467129,4.018028282,167.3074928,293.3,0.5704312744
1.696979813,27.19257956,291.2418945,293.3,0.9929829339
0.963460602,39.21229974,265.4694348,281.9085721,0.9416862808
1.697749578,32.59504696,292.392273,293.3,0.9969051244
0.492170841,28.10841134,143.9283925,144.0091881,0.9994389553
0.6815721612,23.06594018,195.8679919,199.4280144,0.9821488347
1.927146699,19.58624782,289.2264818,293.3,0.986111428
1.370071558,7.883987662,234.6423962,293.3,0.8000081698
2.935947695,10.70461949,282.7989975,293.3,0.9641970593
2.458127083,5.851172618,245.0584039,293.3,0.8355213224
0.9826625292,8.542188663,211.2371923,287.527056,0.734668922
2.210251609,5.37397551,233.9614703,293.3,0.7976865677
0.5658316255,19.69510449,163.8978754,165.5623336,0.9899466373
2.893443585,18.01831413,291.8413402,293.3,0.995026731
1.343010533,26.23871674,285.0620439,293.3,0.9719128671
1.570801799,37.58364621,292.4869673,293.3,0.9972279827
2.580353963,34.19247896,293.2622298,293.3,0.9998712235
0.5274165121,36.63761801,154.2965023,154.3220715,0.999834313
1.516944879,10.77782657,260.1528797,293.3,0.8869856109
0.3785624171,22.33729002,110.7322978,110.7673632,0.9996834315
0.9326611876,6.706715464,191.7935848,272.8966635,0.7028066315
0.3027460525,29.03023682,88.58321732,88.58349495,0.9999968658
1.811579767,33.84515503,292.8302103,293.3,0.9983982621
2.833194224,38.68775566,293.2937434,293.3,0.9999786683
1.13257101,24.82628261,272.7511704,293.3,0.9299392104
1.95566224,28.94104723,292.625693,293.3,0.9977009649
2.554018157,2.644002631,176.149426,293.3,0.6005776543
0.8029607298,16.31098856,215.4833586,234.9463095,0.9171600056
0.7826436415,10.47087264,196.1328727,229.0015295,0.8564697061
2.715524407,38.20055565,293.2903534,293.3,0.9999671101
2.293440718,20.20809029,291.4347813,293.3,0.9936405773
2.861619567,22.42159709,292.8388057,293.3,0.998427568
0.4024938289,10.24517084,114.9744776,117.7696943,0.9762653988
0.2445437793,5.644181043,68.398003,71.55350983,0.9559000413
1.045665805,23.54671857,263.1174876,293.3,0.8970933773
2.608295066,15.43240043,289.4476766,293.3,0.9868655868
2.487608655,38.82267299,293.2841676,293.3,0.9999460197
2.570987325,14.26540888,287.9473166,293.3,0.9817501419
0.791066594,6.864786304,177.2117867,231.4660854,0.7656058398
0.7193943893,7.478007205,171.638914,210.4947983,0.8154069145
1.848771306,8.095000834,254.5458124,293.3,0.8678684363
2.484722443,33.67605958,293.2451785,293.3,0.9998130873
2.617702779,5.543999456,243.4283819,293.3,0.829963798
0.4868044981,6.285677514,125.0671926,142.4389962,0.8780403962
1.332175276,32.71014769,288.512331,293.3,0.9836765462
2.950032711,7.469193692,267.2782468,293.3,0.9112793959
1.367297602,8.553262452,239.764505,293.3,0.8174718889
1.019623455,9.306558406,219.7870815,293.3,0.7493592961
2.515211786,34.25552877,293.2559955,293.3,0.9998499676
0.8171420493,21.97056531,226.1320004,239.0957636,0.945780038
1.57117861,33.37323751,291.8934128,293.3,0.9952042713
2.290548521,29.81766351,293.0786047,293.3,0.9992451574
2.92324775,3.13850669,197.5135764,293.3,0.6734182626
1.016669769,26.06306032,262.8935531,293.3,0.8963298777
0.4599506786,23.8168673,134.4557102,134.5815685,0.9990648173
2.577707747,29.65437805,293.1831359,293.3,0.9996015545
2.309163668,35.95759405,293.2465332,293.3,0.9998177061
1.239219091,15.06809215,262.3167103,293.3,0.8943631447
1.957361128,30.13465719,292.7625777,293.3,0.9981676704
1.070801614,13.9504682,245.5415837,293.3,0.8371687136
2.258401992,28.20460974,292.9575388,293.3,0.9988323859
1.347987748,14.24553567,266.0165606,293.3,0.9069777039
1.455809376,2.511452401,147.6733188,293.3,0.5034889835
1.810057215,10.24075323,266.7651459,293.3,0.9095299894
2.786307734,21.43609646,292.635765,293.3,0.9977353051
0.5369548093,14.52396249,153.6087262,157.1129772,0.9776959802
1.590698273,24.56944593,289.0747605,293.3,0.9855941373
1.216978517,35.67546571,286.1806998,293.3,0.9757269
1.541632961,38.33488096,292.436386,293.3,0.9970555268
0.343940494,26.94985129,100.6343387,100.6369886,0.9999736694
1.526610875,34.4306404,291.7831517,293.3,0.9948283385
1.986475779,30.08467595,292.8049709,293.3,0.9983122089
1.272771436,22.62063418,278.6838801,293.3,0.9501666558
0.4133323437,34.92882356,120.9394591,120.9410438,0.9999868973
1.925058987,14.99688505,283.7094144,293.3,0.9673011062
1.176163411,7.353253269,218.1882575,293.3,0.74390814
2.005025897,10.8426125,273.5976403,293.3,0.9328252313
2.985628873,34.54330926,293.2863927,293.3,0.9999536061
1.152642336,24.51286084,273.8859163,293.3,0.9338081019
2.597679241,38.31420431,293.2870446,293.3,0.9999558289
1.412732456,3.800368466,180.9874074,293.3,0.6170726471
0.7402927373,28.8791349,213.1742001,216.6096549,0.9841398813
2.246467417,25.42019526,292.6533161,293.3,0.9977951453
2.831945531,36.76153409,293.2895103,293.3,0.9999642357
2.724169085,28.66164855,293.1886578,293.3,0.9996203813
2.747748734,3.015451183,191.446672,293.3,0.6527332833
2.420171271,26.22106293,292.9270452,293.3,0.9987284187
0.542257672,7.552928992,141.4989034,158.6645948,0.8918114565
2.395755631,8.26581047,266.5240067,293.3,0.9087078304
0.9103470129,5.083596205,172.0032164,266.367536,0.6457364098
1.807657026,17.09714204,285.3793692,293.3,0.9729947809
2.647996872,37.9369697,293.2876216,293.3,0.9999577961
0.6160997696,39.34238519,180.1515526,180.2707926,0.999338551
2.836521467,32.8242485,293.2703182,293.3,0.9998988007
0.4064839368,17.31590935,118.6229234,118.9371999,0.9973576268
2.307087009,32.95829999,293.1948084,293.3,0.9996413514
1.22942275,32.31541447,284.9622333,293.3,0.9715725649
2.090089469,10.89145419,275.2173952,293.3,0.9383477504
1.555408481,38.31250193,292.4965828,293.3,0.9972607664
2.556431852,11.02239404,281.0870667,293.3,0.9583602683
2.714324988,12.20999384,285.2535641,293.3,0.9725658511
0.3247103967,6.155208186,89.28848595,95.01026207,0.939777283
1.962384181,15.44324936,284.9429084,293.3,0.971506677
0.3801841706,39.40244324,111.2417744,111.2418883,0.9999989756
2.76795465,27.42505743,293.1583824,293.3,0.9995171578
0.786614024,14.47325888,208.7738935,230.1632634,0.9070687057
0.3939748851,31.41438927,115.2744396,115.2770514,0.9999773436
2.024731568,23.78589387,291.806317,293.3,0.9949073201
0.8541045711,17.64502023,226.9477074,249.9109975,0.9081141272
2.84456374,28.38548063,293.2043092,293.3,0.9996737444
2.57666441,19.32931707,291.7904374,293.3,0.994853179
0.8674470856,13.14627355,218.4353304,253.8150172,0.8606083783
0.3926102321,3.622017648,90.47329203,114.8777539,0.7875614638
0.2364397315,3.722849382,61.25266852,69.18226544,0.8853810747
1.13153942,14.94523638,254.0899577,293.3,0.8663142095
2.011617828,4.245878185,209.7195191,293.3,0.7150341601
1.125986919,15.4005747,254.9380576,293.3,0.8692057879
2.660114535,25.29566335,293.0030827,293.3,0.9989876668
0.4654522155,31.60421364,136.173248,136.1913183,0.9998673171
0.3159398611,23.91631204,92.44033385,92.44400335,0.9999603057
2.389697019,2.3901791,164.1273498,293.3,0.5595886458
2.655679706,17.16695581,290.9393535,293.3,0.9919514268
1.622646578,16.07866533,280.2992344,293.3,0.955674171
2.602307875,38.54052474,293.2879153,293.3,0.9999587975
1.452010655,14.29785386,270.776066,293.3,0.9232051346
2.444668563,13.55360578,286.1266448,293.3,0.9755426007
1.854420902,16.75346952,285.5411583,293.3,0.9735463974
1.73209745,33.47765858,292.6116694,293.3,0.9976531519
1.093767927,9.918714345,230.1834381,293.3,0.7848054487
1.855306714,4.711548819,214.5454079,293.3,0.7314879232
2.971193611,29.22972653,293.2391927,293.3,0.9997926787
2.84444789,19.45452085,292.2545702,293.3,0.9964356297
2.021963519,3.289353513,187.0387136,293.3,0.6377044445
1.294754729,31.53126377,286.922544,293.3,0.9782562018
0.5272527609,10.71273077,146.7620547,154.2741578,0.9513067951
0.7844314977,10.51360698,196.5827756,229.5246562,0.8564778129
0.3902515128,19.60032762,114.0752081,114.1875927,0.9990157898
0.6407508031,22.75786655,185.1089673,187.483685,0.9873337369
2.761618098,29.05582515,293.2065084,293.3,0.9996812425
1.066321059,8.008518726,215.1604955,293.3,0.7335850511
2.279013851,19.77502071,291.1974026,293.3,0.9928312395
2.618345384,12.96009796,286.163754,293.3,0.9756691238
2.751794024,39.25978409,293.2933482,293.3,0.999977321
2.20748112,3.978170775,208.3143958,293.3,0.7102434224
0.5661863381,7.140638236,144.2633165,165.6661225,0.8708075875
1.041301512,31.00332533,270.4146507,293.3,0.9219728972
1.091937382,12.81927928,243.5074045,293.3,0.8302332236
2.992755831,4.242325795,226.2745655,293.3,0.7714782321
1.37195339,19.02726723,277.8819138,293.3,0.9474323688
0.9221350616,25.45025572,248.9311085,269.816719,0.9225933419
2.742243921,39.65368505,293.2938399,293.3,0.9999789971
1.895895407,11.1596197,272.7674683,293.3,0.9299947778
0.7148549766,20.64906839,202.5478903,209.1665662,0.9683569129
1.561758931,21.23654654,286.0966069,293.3,0.9754401871
2.949979278,23.77984492,293.0179092,293.3,0.9990382174
1.579805374,11.00265781,263.5571806,293.3,0.8985925012
1.5561612,37.13815095,292.3701327,293.3,0.9968296376
0.3391682166,14.18487089,98.9447961,99.24062018,0.997019123
1.359482078,38.05028651,290.7615859,293.3,0.9913453321
1.560691345,30.45920437,291.1481101,293.3,0.992663178
2.46980645,31.91597246,293.2132579,293.3,0.9997042547
2.056410853,20.12198991,290.4261687,293.3,0.9902017345
1.984071439,23.43145922,291.5427925,293.3,0.9940088392
0.3591997574,27.0395063,105.0977764,105.101849,0.9999612506
1.713613429,4.370999706,203.9052745,293.3,0.6952106189
0.7334506,37.50051656,213.3164691,214.6076455,0.9939835485
0.5678755317,9.281537217,152.5841176,166.1603806,0.918294223
0.7433734037,13.83971699,199.3523091,217.5110579,0.9165157442
2.885828794,8.576515871,273.7999829,293.3,0.933515114
0.5062309141,29.96528471,148.0531193,148.1231655,0.9995271086
2.544448424,13.35159588,286.4159741,293.3,0.9765290626
0.7777013145,35.30065153,224.6069406,227.5554046,0.9870428743
0.4373369678,13.67246901,126.5008526,127.9647968,0.9885597901
2.555793131,7.652654004,264.3461588,293.3,0.9012825052
1.057424165,17.24233235,253.2863225,293.3,0.8635742327
1.772945372,31.40704664,292.486079,293.3,0.9972249539
2.004888641,12.73873671,279.8596919,293.3,0.9541755607
2.236629692,11.2871065,278.6703623,293.3,0.950120567
0.4323675,21.36721009,126.3638697,126.5107305,0.9988391438
2.642025538,3.470916687,203.3224389,293.3,0.6932234534
2.879592131,9.914690471,279.820506,293.3,0.9540419569
1.699029484,6.100783452,230.3470672,293.3,0.7853633387
1.581231086,15.10004473,277.1551568,293.3,0.9449545067
1.116065278,15.32431869,253.8745395,293.3,0.8655797461
1.129257132,7.239512604,213.7537736,293.3,0.7287888633
1.837600577,16.09911346,284.3442521,293.3,0.9694655713
2.50478905,20.4312234,292.0252537,293.3,0.9956537801
1.47325844,13.80410375,270.1390172,293.3,0.9210331306
0.4800411002,5.052015675,116.7156982,140.4600259,0.8309531301
0.5895540924,27.55405539,171.9658966,172.5035274,0.9968833633
2.667224934,29.2759072,293.1935291,293.3,0.9996369896
2.719137946,7.639539383,266.1983939,293.3,0.9075976606
2.135597964,10.93858291,276.0879894,293.3,0.9413160225
2.908988025,29.56790136,293.2380885,293.3,0.9997889142
2.975780722,35.66091803,293.2898021,293.3,0.9999652305
2.466925555,29.1574563,293.1314906,293.3,0.9994254707
0.910884631,34.03515814,253.6613449,266.524843,0.9517362135
0.9518016846,37.0366064,262.4650639,278.4971729,0.9424334944
2.195428619,16.73522358,288.6710888,293.3,0.9842178275
0.5160152192,8.596940352,139.5603916,150.9860531,0.924326378
2.652414584,13.51153299,287.2738899,293.3,0.9794541079
2.220174025,18.17609665,290.0276389,293.3,0.9888429558
2.347043456,34.40655093,293.2323451,293.3,0.9997693322
2.302569237,20.77542861,291.6816691,293.3,0.9944823359
1.721995735,27.54870376,291.5059472,293.3,0.9938832157
0.2306874003,11.15842094,67.35613981,67.49913334,0.9978815502
1.131157769,19.75023186,265.2013683,293.3,0.9041983236
2.4202711,2.246772364,158.7761404,293.3,0.5413438131
2.732404843,30.14630025,293.225446,293.3,0.9997458098
2.454862372,18.16124845,290.9420598,293.3,0.991960654
0.4640322766,26.69639591,135.7121801,135.7758441,0.9995311091
1.518669228,14.12339059,272.7121902,293.3,0.9298063082
2.958418729,10.51713956,282.3690573,293.3,0.9627311876
0.6777202782,9.163624753,173.3701074,198.3009534,0.8742777298
2.369824965,34.33849979,293.2356634,293.3,0.9997806457
1.057528172,16.77598117,252.1976131,293.3,0.8598623019
0.9926828582,16.62535285,244.6928312,290.4590043,0.8424349997
2.129204259,22.7851183,291.8478461,293.3,0.9950489127
2.592341581,15.96958505,289.8779247,293.3,0.9883325085
2.095715539,39.24301445,293.2437969,293.3,0.9998083767
0.917275231,9.479257882,209.8198524,268.3947326,0.7817584584
0.6896096458,37.32002763,201.1294957,201.7797824,0.9967772455
2.471865547,20.06428748,291.83828,293.3,0.9950162974
2.982387009,5.930251795,252.9613235,293.3,0.8624661557
1.656321423,4.875562197,211.1332368,293.3,0.7198541997
1.335505036,11.47613669,255.0242588,293.3,0.8694996891
1.305394162,10.53944327,248.7322073,293.3,0.8480470758
1.392245485,15.73719376,272.1347852,293.3,0.9278376584
1.184498022,6.227112831,207.3358708,293.3,0.7069071626
0.3939177539,7.35996793,108.6039837,115.2603348,0.9422494204
1.610996683,33.39736322,292.1283009,293.3,0.9960051174
2.790967535,10.21507741,280.273213,293.3,0.9555854518
1.327764837,21.30011268,279.4445242,293.3,0.9527600552
1.603225969,21.15649947,286.7657815,293.3,0.9777217234
2.74206458,29.49780111,293.2134554,293.3,0.9997049282
1.826059909,26.17995026,291.6792933,293.3,0.9944742357
1.71895116,29.31857479,291.9209716,293.3,0.9952982327
1.059239457,28.50540419,270.1191006,293.3,0.9209652255
2.392419375,34.32493311,293.239484,293.3,0.9997936719
1.017929523,28.76639946,265.7840674,293.3,0.9061850237
1.661039211,32.76714041,292.269087,293.3,0.9964851246
0.9279098713,29.41196753,253.4939535,271.5064283,0.9336572803
2.209180652,25.22628873,292.5677762,293.3,0.9975034988
1.925054133,17.68347139,287.4879397,293.3,0.9801839062
1.159254725,8.517965829,226.4117677,293.3,0.7719460201
1.382430344,10.40369158,252.2015132,293.3,0.8598755992
0.7547835714,28.78073158,216.7724761,220.849673,0.9815385876
2.647399605,37.09089048,293.2846426,293.3,0.9999476394
1.565911024,16.54751063,279.7738221,293.3,0.9538827893
0.5823439251,5.131883042,133.9776146,170.3938325,0.7862820656
0.6947644378,36.846738,202.5368565,203.2880745,0.996304663
0.4530778478,2.391011021,83.05410125,132.5705783,0.6264896958
2.12896016,36.29473774,293.2095348,293.3,0.9996915608
1.051238267,25.32550889,265.9381902,293.3,0.9067105019
2.759256398,19.57730332,292.1788309,293.3,0.9961773983
1.58753135,20.78134056,286.1331075,293.3,0.9755646352
2.257375632,27.22269985,292.8744006,293.3,0.998548928
0.3122259025,36.17603182,91.35727822,91.35729907,0.9999997717
2.895967478,3.25216069,200.5851116,293.3,0.6838905952
2.610870994,35.59683768,293.2753773,293.3,0.9999160494
1.672621017,25.89544565,290.5954227,293.3,0.9907788024
2.720395282,37.03029784,293.2871129,293.3,0.9999560617
0.3361507255,36.77420178,98.35765477,98.35770229,0.9999995169
0.7188060909,23.20783324,205.2375376,210.3226622,0.9758222696
2.357305428,6.09579827,246.3843174,293.3,0.840041996
0.9282685893,22.26732246,246.1382496,271.6113892,0.906214759
1.112573356,33.74996353,279.063771,293.3,0.9514618855
2.991348694,21.84690815,292.8444862,293.3,0.9984469357
1.609399643,27.49975447,290.6441276,293.3,0.9909448605
0.2446573708,37.89195832,71.58674643,71.58674669,0.9999999964
2.976244655,37.67054969,293.2941544,293.3,0.9999800696
1.779686484,19.70187709,287.9080468,293.3,0.9816162521
2.235086188,14.45292608,286.060211,293.3,0.9753160963
0.834619339,39.86193134,239.9120446,244.2096186,0.9824021102
0.209054573,22.69362321,61.16924117,61.16936806,0.9999979256
1.726761914,36.78461079,292.878153,293.3,0.9985617217
0.242704762,2.833913303,57.51769701,71.01541335,0.8099325808
1.742685311,11.85343591,271.9306294,293.3,0.9271415936
2.732378614,16.15824583,290.4765041,293.3,0.9903733517
0.7580525059,22.57453234,214.0489231,221.8061632,0.9650269404
1.043191635,16.45213385,249.9283154,293.3,0.8521251804
2.532767088,35.44206658,293.2685258,293.3,0.9998926893
0.2936777231,38.18026608,85.93009817,85.93010178,0.999999958
2.608152666,37.21579269,293.2834519,293.3,0.9999435798
0.2102871711,32.18184005,61.53002564,61.53002627,0.9999999897
2.691364511,18.73762933,291.785082,293.3,0.9948349199
1.562918671,28.58369997,290.5774043,293.3,0.9907173689
0.704165436,17.67316503,197.2901036,206.0388066,0.9575385669
1.25440119,4.685303769,190.3294791,293.3,0.6489242382
2.188883031,13.58159892,284.0791453,293.3,0.9685616957
0.5024261339,31.62811619,146.9662231,147.0098868,0.9997029878
0.7584657717,35.91098827,219.7607237,221.9270848,0.9902384104
1.093832799,27.75541819,272.6861379,293.3,0.9297174835
1.850488623,3.349886021,184.5210301,293.3,0.6291204572
0.8222646847,14.87615023,215.9192227,240.5946467,0.8974398461
1.308304268,3.826629221,176.9139883,293.3,0.6031844128
2.238754719,14.75357743,286.5534394,293.3,0.9769977477
1.959169292,9.892865953,268.4358462,293.3,0.9152262058
1.270220577,36.51246615,288.3840569,293.3,0.9832391984
1.119297402,26.79905205,273.8752963,293.3,0.9337718932
1.166444438,21.88795994,271.4036955,293.3,0.9253450237
1.6674713,3.63293421,186.4344036,293.3,0.6356440628
1.838637438,4.85597711,216.5941536,293.3,0.7384730775
0.268022811,13.05459999,78.30028885,78.4234745,0.9984292248
1.789297394,21.64656958,289.4787322,293.3,0.98697147
1.980897332,36.7879054,293.1575669,293.3,0.9995143774
1.797198526,26.10129041,291.5122325,293.3,0.9939046454
1.062674944,3.195599425,149.9182903,293.3,0.511143165
0.8838425939,37.03371364,249.8966155,258.612343,0.9662980995
1.100874438,20.86738626,264.5421923,293.3,0.9019508774
2.957996762,14.84160982,290.0179975,293.3,0.9888100837
0.6888722902,20.8310508,196.4390821,201.5640321,0.9745740847
0.8803792931,10.4219564,209.972639,257.5989812,0.8151144
2.248275311,33.263537,293.1833234,293.3,0.9996021938
1.405769848,24.82372629,285.7560376,293.3,0.9742790235
1.852943071,37.41635986,293.0841381,293.3,0.9992640234
1.564546471,32.98515674,291.7751934,293.3,0.994801205
2.098004215,23.89805786,292.0630927,293.3,0.9957827914
1.180690098,4.024920664,174.381622,293.3,0.5945503648
2.813135661,23.17261325,292.8959521,293.3,0.9986224076
0.9079221395,21.41502012,241.7896968,265.658018,0.9101539588
2.705990397,29.74552417,293.2127489,293.3,0.9997025192
0.3071019455,33.84691803,89.85798564,89.85802927,0.9999995145
2.378408792,17.67948981,290.3769581,293.3,0.9900339518
1.166474346,10.02146452,236.6357853,293.3,0.8068045869
0.2695529132,11.4798855,78.60495751,78.87118239,0.9966245608
1.685008671,27.31479851,291.1972758,293.3,0.9928308073
0.6983291625,10.13282453,180.7010646,204.3311129,0.8843541346
2.153482112,30.33558937,293.013318,293.3,0.9990225641
0.2479391129,20.75582128,72.54530895,72.54698445,0.9999769046
1.007935819,26.04898122,261.8161939,293.3,0.8926566446
2.111308712,21.59424145,291.377529,293.3,0.9934453767
1.424984112,30.857318,289.615911,293.3,0.9874391784
1.599981331,22.828751,288.0786414,293.3,0.9821978909
0.9751547805,33.12287637,263.6478035,285.3302888,0.9240091708
2.315083306,16.10912725,288.7543162,293.3,0.9845015894
1.526786527,17.26525322,280.0216864,293.3,0.9547278772
2.449526698,10.18260974,277.1174971,293.3,0.9448261069
1.167002185,10.26017273,238.0108663,293.3,0.8114928958
1.537950762,4.284263391,196.0467894,293.3,0.6684172841
0.8135494902,20.8571594,224.1845764,238.0445808,0.9417755936
1.863673759,4.933777865,218.6305022,293.3,0.7454159638
2.259167915,20.17534062,291.3118245,293.3,0.9932213585
1.529273624,13.08501621,269.90465,293.3,0.9202340606
2.735439649,34.58232895,293.2765829,293.3,0.9999201598
0.9990322978,30.74444375,265.1393212,292.3168503,0.9070271553
0.4067825424,11.24926397,116.898458,119.0245719,0.9821371854
0.2762228344,22.05260412,80.82045981,80.82280133,0.9999710289
2.046715351,35.36012026,293.1537011,293.3,0.999501197
2.7996105,24.67909193,293.0233351,293.3,0.9990567171
2.140954327,19.04102685,290.2137566,293.3,0.9894775199
0.6531752641,13.48856152,180.1843024,191.1190823,0.942785515
1.023062173,6.21113707,195.1314667,293.3,0.6652965111
0.7281543321,7.545605888,173.3528588,213.0579576,0.8136417937
0.2839376393,11.49613954,82.73699319,83.08015327,0.99586953
2.823135115,23.89062063,292.9710515,293.3,0.9988784571
2.999517364,17.31270351,291.7070185,293.3,0.9945687642
2.285750189,38.90443551,293.2700232,293.3,0.9998977946
0.9332507341,26.12902816,251.4074955,273.0691648,0.9206733234
2.43593164,20.09548992,291.7693862,293.3,0.9947814053
1.809069464,24.20587095,290.9287383,293.3,0.9919152347
2.353434772,22.63571119,292.3276774,293.3,0.9966848872
1.331069167,9.32284256,243.1025444,293.3,0.8288528618
1.519004516,22.84541305,286.7100464,293.3,0.977531696
0.9510566853,3.076571264,140.3389311,278.2791861,0.5043098375
0.2610012162,34.13729201,76.36895168,76.36895587,0.9999999452
1.730223452,26.96381412,291.3869926,293.3,0.9934776429
0.4225055543,5.590294925,108.9804555,123.6251252,0.8815396977
1.799265551,32.30584616,292.6636823,293.3,0.9978304887
1.825474509,38.26179951,293.0888053,293.3,0.9992799364
2.260422995,24.3328258,292.5038486,293.3,0.9972855391
1.760519197,14.30121954,279.5464505,293.3,0.9531075707
2.81829874,27.53016027,293.1740514,293.3,0.999570581
1.15420327,2.044590818,120.5857847,293.3,0.4111346223
2.616830881,17.70352427,291.1453692,293.3,0.9926538329
2.392594195,34.86039339,293.2465645,293.3,0.9998178127
2.10700602,21.22391762,291.2090128,293.3,0.9928708246
1.903369735,5.124245997,222.8505135,293.3,0.7598040011
1.148647419,14.97835105,255.5826244,293.3,0.8714034244
1.00259725,30.21340433,265.160269,293.3,0.9040581963
1.091975415,38.73364692,280.3171189,293.3,0.9557351479
2.220125513,26.00449769,292.6955187,293.3,0.997939034
1.976163516,22.61171439,291.2101784,293.3,0.9928747983
1.304232433,14.03807823,263.06701,293.3,0.8969212752
0.5368715227,19.44353676,155.8677786,157.0886075,0.9922284058
2.118348818,21.41202082,291.3315934,293.3,0.9932887603
1.408449291,39.87602967,291.7229698,293.3,0.9946231497
0.828173671,37.5518251,237.7025491,242.3236161,0.9809301831
0.6551633036,20.55893394,187.8579275,191.7007826,0.9799538891
1.753388128,6.78343088,239.9212996,293.3,0.8180064765
0.360771859,6.447855137,98.57714858,105.561846,0.9338331259
1.610188859,9.709060428,257.9602817,293.3,0.8795099954
1.013059833,39.62337159,272.6958753,293.3,0.9297506828
0.8722186724,24.88159703,239.6956324,255.2111836,0.9392050498
2.390513753,16.92383271,289.8698329,293.3,0.9883049195
1.250242494,32.21678794,285.7502882,293.3,0.9742594212
2.363513429,3.83770222,208.0656655,293.3,0.7093953818
1.487750906,38.35169253,292.1365845,293.3,0.9960333599
1.758197255,15.39179856,281.8097874,293.3,0.960824369
1.574815811,13.10972082,271.5061465,293.3,0.9256943283
1.938891708,2.762635278,169.1799924,293.3,0.5768155215
0.7525409761,24.641702,214.1932651,220.1934896,0.9727502182
2.583734153,27.67870348,293.11174,293.3,0.9993581315
0.7003103675,13.73249693,190.6102102,204.9108135,0.9302105971
0.491989506,12.66740278,140.4781738,143.9561295,0.9758401694
2.670549746,34.63189632,293.2729793,293.3,0.9999078734
2.850519243,5.615558267,247.4851083,293.3,0.8437951185
1.73051054,22.27868604,289.3128074,293.3,0.9864057532
0.9906132056,28.24681265,261.8406708,289.853424,0.903355452
0.251983227,10.8414329,73.47065442,73.73029222,0.9964785464
0.3044758512,25.39844847,89.08826045,89.08963407,0.9999845816
1.519811963,18.11038229,281.2390009,293.3,0.9588782848
2.354804143,19.93548692,291.5013446,293.3,0.9938675234
2.440326525,11.34153512,281.023833,293.3,0.9581446744
1.163445384,22.22338975,271.6755071,293.3,0.9262717597
2.811333622,30.48305273,293.2417349,293.3,0.9998013464
1.989839309,28.74716349,292.6686428,293.3,0.9978474012
1.872124896,33.28607313,292.8910826,293.3,0.9986058049
2.086699954,5.573860879,234.1770608,293.3,0.7984216187
2.794191832,4.523892612,229.3626813,293.3,0.7820070961
2.730976541,6.590324528,257.2952046,293.3,0.8772424297
2.699455136,21.50393165,292.5641649,293.3,0.9974911861
2.660477575,18.62094656,291.679309,293.3,0.994474289
0.3369159661,18.9830555,98.53649261,98.5816117,0.9995423175
0.910217925,16.34628987,233.1446341,266.3297648,0.8753983402
2.365355027,23.50661901,292.5206801,293.3,0.9973429258
1.301534009,13.6926483,261.7884245,293.3,0.8925619654
1.918669946,32.45690538,292.9001556,293.3,0.9986367392
0.4432178408,27.83603344,129.6563422,129.6855402,0.9997748551
2.633584373,4.541176134,227.4252638,293.3,0.7754015133
1.168903179,12.61285282,249.1036905,293.3,0.8493136397
2.642079439,5.537573282,243.6896416,293.3,0.830854557
1.423147074,38.82055016,291.6921708,293.3,0.9945181413
1.368999104,37.75756197,290.8350162,293.3,0.991595691
2.828923597,3.756294223,213.2589174,293.3,0.7271016617
2.410412615,12.57882448,283.9573212,293.3,0.9681463388
1.987411304,37.15032692,293.1703556,293.3,0.9995579803
1.62008704,17.25673908,282.3157476,293.3,0.9625494293
2.84420818,3.925652927,217.4920172,293.3,0.741534324
1.355238002,34.3342845,289.632915,293.3,0.9874971531
0.5027493739,38.19246066,147.0950371,147.1044668,0.9999358978
0.725333198,26.58718817,208.5179402,212.2324937,0.9824977155
0.6288370008,21.38629502,181.4311869,183.9977064,0.9860513504
1.55296129,9.159823102,252.4698699,293.3,0.8607905555
0.4099265122,18.28981594,119.6984999,119.9444975,0.997949072
0.5113425662,27.1642898,149.4706588,149.6188349,0.9990096432
0.9692025818,30.13070142,260.5223197,283.5886754,0.9186626344
2.085835462,15.49256516,286.3240963,293.3,0.9762158072
1.060000887,39.37867711,277.7880234,293.3,0.9471122518
0.8195503561,5.407307755,166.9628394,239.8004342,0.6962574526
2.610895396,2.466876292,170.307029,293.3,0.580658128
2.732434618,17.47559951,291.297178,293.3,0.9931714218
2.045914475,19.81703443,290.1869531,293.3,0.9893861341
0.8667189871,8.024008733,194.942621,253.6019756,0.7686951986
2.844425606,7.658757666,267.6528246,293.3,0.9125565107
1.091897032,32.0132052,276.1566463,293.3,0.9415501066
2.817527753,8.246214868,271.2822902,293.3,0.9249310952
0.3545825619,17.07542841,103.6171445,103.7508576,0.9987112099
2.068315254,19.39030485,290.0450691,293.3,0.9889023835
0.2670456276,33.76705269,78.13754381,78.13755064,0.9999999127
2.088514769,14.76107307,285.2216426,293.3,0.9724570153
0.6408471363,9.141023417,166.5896628,187.5118721,0.8884219489
1.24709657,9.098667655,236.5690077,293.3,0.8065769098
2.133393457,29.57384601,292.9448477,293.3,0.9987891161
0.7915805627,32.67618085,227.2796882,231.6164726,0.9812760104
2.952497126,39.44030203,293.2962042,293.3,0.9999870583
2.8714839,16.33098909,290.9444122,293.3,0.9919686744
2.951639673,30.23338957,293.2522449,293.3,0.9998371802
1.875029977,37.53054303,293.1076633,293.3,0.9993442323
1.212343132,22.86174408,275.7511839,293.3,0.9401676914
0.2297248401,15.46098777,67.20317882,67.21748822,0.9997871179
1.017082514,16.92739636,248.2372092,293.3,0.8463593905
2.504864262,37.87833297,293.2811349,293.3,0.9999356798
1.853578195,36.38071957,293.0426883,293.3,0.9991227013
2.936859101,35.42635419,293.2881638,293.3,0.9999596448
1.279135834,20.79311213,276.5192271,293.3,0.9427863182
1.431392493,21.22765984,282.9828482,293.3,0.9648238943
1.915919777,12.81283614,278.6422628,293.3,0.9500247623
1.57791991,12.2349854,268.5852416,293.3,0.9157355664
1.548750498,32.53764055,291.5658691,293.3,0.9940875184
2.967912611,9.925655153,280.4541636,293.3,0.9562023989
1.282617958,6.579364607,217.3424416,293.3,0.741024349
1.850036903,6.541023759,240.2105929,293.3,0.8189928158
1.2410985,5.764732221,205.3126993,293.3,0.7000092032
1.254236875,29.36074312,284.1374618,293.3,0.9687605245
1.833442663,13.37986559,278.6912683,293.3,0.9501918454
0.3740722582,26.80817627,109.4467615,109.4535428,0.999938044
0.3385897828,18.53014876,99.0156535,99.07137044,0.9994376081
0.485212451,32.25750297,141.9481872,141.9731631,0.9998240795
1.560279219,16.65054299,279.8180814,293.3,0.9540336904
0.2494658192,2.397044391,55.03456795,72.9936987,0.7539632726
2.246790678,14.56662181,286.3332163,293.3,0.9762469017
2.180816641,13.49360114,283.8194914,293.3,0.9676764113
1.339352207,17.29525718,273.2841633,293.3,0.9317564382
1.864761668,31.76425853,292.7521899,293.3,0.9981322534
2.6438641,35.50547535,293.2768586,293.3,0.9999210998
2.824033814,17.72887865,291.6030729,293.3,0.9942143639
1.25888438,35.13273454,287.4828909,293.3,0.9801666924
1.29753657,7.603179549,228.2020172,293.3,0.7780498369
0.3466241769,3.300244198,79.85098831,101.4222342,0.7873124563
2.86869735,19.2061061,292.2133071,293.3,0.9962949439
1.594256216,22.20451234,287.5158204,293.3,0.980278965
1.290980113,9.864604455,244.114669,293.3,0.8323036788
0.8266020368,17.9514629,222.6446404,241.863756,0.9205374305
1.714659292,33.79167239,292.5945976,293.3,0.9975949458
2.357446504,39.16510875,293.2778406,293.3,0.9999244479
1.581032247,38.86344966,292.6491736,293.3,0.9977810214
1.640346623,37.18811087,292.6985243,293.3,0.9979492816
0.5342880077,29.3821256,156.1909617,156.3326711,0.9990935394
0.4550109378,33.9718,133.1289192,133.1362004,0.9999453103
0.9407892595,7.059793485,195.7387074,275.2749373,0.7110662138
2.685634662,25.56546586,293.0348362,293.3,0.9990959297
0.8801401521,2.359904754,117.5345712,257.5290085,0.456393522
0.5370847711,5.350373065,128.5582381,157.151004,0.8180554676
2.95933702,6.664914881,260.5689675,293.3,0.8884042535
1.418853682,35.53483175,290.9795062,293.3,0.9920883265
2.116941543,12.71647705,281.3235728,293.3,0.9591666306
1.669654104,29.37895046,291.6657743,293.3,0.9944281428
1.477732178,23.98243972,286.785102,293.3,0.9777875964
2.27581473,31.05412333,293.1249147,293.3,0.9994030505
1.464110236,15.37778766,274.0854514,293.3,0.9344884125
1.022930841,28.40139781,266.0363247,293.3,0.9070450894
2.284189193,17.87405157,290.1156269,293.3,0.989142949
1.05687317,15.24894096,248.1407532,293.3,0.8460305257
0.7915133534,3.495652955,137.0404095,231.5968072,0.5917197701
2.472819252,14.62377775,287.9065948,293.3,0.9816113019
2.135689193,13.92107963,284.2043374,293.3,0.9689885353
2.466997948,22.61876286,292.4997901,293.3,0.9972717016
2.720883832,28.18142314,293.1731313,293.3,0.9995674439
0.4636945545,14.06356243,133.8799753,135.6770267,0.9867549325
0.4366800674,14.36111515,126.5820443,127.7725877,0.9906823249
1.375419117,16.76179394,273.7627708,293.3,0.93338824
2.374311886,16.74960851,289.654524,293.3,0.9875708283
1.758004688,31.12562074,292.399516,293.3,0.9969298192
0.392371831,2.968632608,83.63498796,114.8079978,0.728477019
0.6043210178,22.17901068,175.1336143,176.8243298,0.9904384453
0.2937463782,22.71980829,85.94713734,85.95019026,0.9999644804
1.765279059,20.7377906,288.6057848,293.3,0.9839951751
0.2702485957,27.07744009,79.0745559,79.07473909,0.9999976833
1.286935062,25.7353584,282.6181572,293.3,0.9635804882
0.4016500103,15.27478214,116.9682376,117.522793,0.9952812951
0.6127250692,32.57087291,178.9465479,179.2833553,0.9981213684
2.40092936,13.64718132,285.9859501,293.3,0.9750629053
2.119925324,14.37086032,284.8718224,293.3,0.971264311
0.6030514937,31.31686077,176.1028161,176.452867,0.9980161787
1.222118967,31.63105954,284.2310791,293.3,0.9690797105
1.352995234,4.18381723,186.2768275,293.3,0.6351068104
2.32262312,3.99713836,210.9907146,293.3,0.7193682733
1.795184593,38.2836055,293.0581748,293.3,0.9991755023
1.652393568,8.23201493,249.5878872,293.3,0.8509644977
1.267267728,35.4861822,287.8970775,293.3,0.9815788528
0.3454270855,5.703155462,92.89160702,101.0719652,0.9190640235
0.7744021666,33.39139451,223.2509934,226.590074,0.985263783
2.117343763,12.81139707,281.5663276,293.3,0.9599942981
1.138393116,27.103688,275.6563013,293.3,0.9398441912
2.228826341,19.42475662,290.8377166,293.3,0.9916048981
0.5083805837,39.8378695,148.7446295,148.7521588,0.9999493837
1.994166143,34.83694471,293.1041094,293.3,0.9993321151
1.821736284,19.12816693,287.8557545,293.3,0.981437963
2.950280007,32.44087706,293.2738953,293.3,0.9999109965
2.413601084,9.365669801,273.0723693,293.3,0.9310343312
2.088330301,3.608355938,196.9707937,293.3,0.6715676566
1.10613143,33.54074125,278.4209276,293.3,0.9492701248
1.118621544,36.15712632,280.9798157,293.3,0.9579945985
0.8166335529,14.34622928,213.7125225,238.9469776,0.8943930768
1.379484597,11.4457537,257.1816996,293.3,0.8768554367
1.240601308,34.23649743,286.429761,293.3,0.9765760689
0.3094775452,22.98813675,90.54870827,90.55312974,0.9999511726
0.9310811957,9.918335544,213.787647,272.4343579,0.7847308567
1.091363422,39.47536357,280.6390928,293.3,0.9568329109
0.7284656192,8.964598529,181.0384125,213.1490402,0.8493512911
0.6721157689,29.20993456,195.2523966,196.661074,0.9928370301
1.787261696,31.77709235,292.5736727,293.3,0.9975236029
2.642905533,8.586048606,271.5422301,293.3,0.9258173547
2.832710581,9.149976123,276.2587939,293.3,0.9418983767
2.29473631,25.44303062,292.7204135,293.3,0.9980239123
2.947431483,28.23830573,293.2167776,293.3,0.9997162549
0.6599684612,18.06950994,187.3299745,193.1067717,0.9700849578
0.6002869467,24.1783287,174.5058073,175.6439606,0.9935201114
2.432213885,27.80327889,293.049201,293.3,0.9991449062
0.610545529,36.68388938,178.4815525,178.6456218,0.9990815939
0.6011835151,13.18698974,167.9715417,175.9062965,0.9548921499
2.634534951,39.09332283,293.2904018,293.3,0.9999672751
1.300400147,17.48806298,271.7838491,293.3,0.9266411495
0.9348843783,26.5237258,252.0593708,273.5471691,0.9214475574
1.225761297,38.93098428,287.8481038,293.3,0.9814118779
0.7161387396,27.94806146,206.6663874,209.5421952,0.986275758
2.336107392,32.23201632,293.1857571,293.3,0.9996104911
2.491061789,19.05982344,291.4895231,293.3,0.993827218
0.527632829,6.50644505,133.9576644,154.3853658,0.8676836932
1.437203511,3.058490453,163.6571721,293.3,0.5579855851
1.008594549,3.998840832,163.1381825,293.3,0.5562161013
1.123988545,7.319123669,214.0751981,293.3,0.7298847532
0.7933877156,25.5506854,224.1633998,232.1452456,0.965617018
0.844241698,38.82614668,241.8775267,247.0251208,0.9791616574
1.692734344,6.733019042,237.3949914,293.3,0.8093930836
0.5271389635,19.11174099,153.0845125,154.2408607,0.9925029711
0.6278954644,28.28164553,182.864423,183.7222129,0.9953310497
2.200390205,32.39895969,293.1379553,293.3,0.999447512
0.4594702664,33.60046364,134.4319011,134.4409999,0.9999323211
0.3875625247,26.09153429,113.3883486,113.4007947,0.9998902467
1.085227883,26.16865608,270.2604794,293.3,0.9214472535
1.51266433,5.534689149,215.8060332,293.3,0.735785998
1.849664676,20.27571856,289.0866785,293.3,0.9856347715
2.131886201,11.9993102,279.5560839,293.3,0.9531404155
2.480224125,34.82424383,293.2578499,293.3,0.99985629
2.29590749,2.384127597,162.4088559,293.3,0.5537294779
0.3815666745,3.246734505,85.0677996,111.646409,0.7619394157
2.036597233,12.41187795,279.42564,293.3,0.9526956698
2.471317604,35.69394013,293.2648978,293.3,0.9998803199
2.263439902,22.28336379,292.058704,293.3,0.9957678281
1.999168815,14.08227433,282.9363094,293.3,0.9646652214
1.996423336,31.27610993,292.9174324,293.3,0.9986956441
2.729292712,14.6547141,289.106926,293.3,0.9857038051
0.5226924001,22.00133599,152.3649323,152.9397963,0.9962412401
2.420943115,22.41002673,292.3904926,293.3,0.9968990543
0.3468530094,37.97513522,101.4891428,101.4891906,0.9999995298
0.9030296307,13.25388277,223.8339136,264.2264699,0.8471290317
0.9336814025,17.17595903,238.3082507,273.1951784,0.8723003536
1.760371439,3.796626178,193.1510109,293.3,0.6585441898
1.905584813,8.350782677,257.9122031,293.3,0.8793460727
0.5039686641,20.8674452,146.9001126,147.4612311,0.9961948064
2.828836963,26.19331541,293.1234448,293.3,0.999398039
1.900363805,20.82206263,289.8666406,293.3,0.9882940354
1.897031676,3.993365121,201.4290955,293.3,0.6867681401
0.8588700829,38.08534643,244.9574541,251.3053862,0.9747401667
0.8049031307,3.929499625,145.6865432,235.514656,0.6185880132
2.360669719,18.01635651,290.5298822,293.3,0.9905553433
1.635466348,26.18950201,290.3790047,293.3,0.9900409298
0.7554502451,13.56179202,200.9933544,221.0447417,0.9092881052
0.9487299288,5.673418866,182.6802447,277.5983772,0.6580738929
1.745173325,31.54321299,292.4153126,293.3,0.9969836775
0.6213754564,31.33612681,181.3367836,181.8144586,0.9973727341
0.6583505215,31.16208156,191.7489799,192.6333626,0.9954089851
2.711998957,3.13362926,194.6436216,293.3,0.6636332139
1.344224061,8.618715459,239.0018646,293.3,0.814871683
1.026454768,4.763491975,177.0438721,293.3,0.6036272489
2.801121026,4.583708553,230.5762075,293.3,0.7861445873
0.3446548464,29.11485842,100.8448049,100.8460081,0.9999880689
0.7474811842,8.138427201,179.7135648,218.7129945,0.821686728
0.3680682902,11.23832096,106.3542668,107.6967817,0.987534308
1.294472305,2.814782767,151.1939671,293.3,0.5154925576
2.580729984,3.356623686,199.2660275,293.3,0.6793932066
1.417611394,7.596529291,234.5734574,293.3,0.7997731245
1.287973563,23.99725041,280.9603269,293.3,0.9579281517
1.178378762,27.0814409,278.3564597,293.3,0.9490503227
1.254427528,23.00523871,278.2503895,293.3,0.9486886789
2.056121166,8.036436707,259.0319588,293.3,0.8831638553
2.579159726,25.6026381,292.9823094,293.3,0.9989168408
0.2878637252,3.426362545,70.20690734,84.228926,0.8335249027
1.033819207,32.85817476,271.011076,293.3,0.9240063963
0.6180459223,3.187791187,114.9834676,180.8402369,0.6358290037
2.096229964,36.39886173,293.2004665,293.3,0.9996606426
2.342812357,5.759564368,241.9017974,293.3,0.8247589411
1.693949001,16.71149676,282.9411383,293.3,0.9646816852
2.112801095,5.651004768,235.8380397,293.3,0.8040846903
0.8271804541,20.81974556,226.7978459,242.0330009,0.9370533981
1.114684317,8.274679951,221.1817679,293.3,0.754114449
0.7699577609,11.03946467,196.2249297,225.2896408,0.8709895804
0.367884158,39.90583339,107.6428467,107.6429046,0.999999462
0.975065993,39.21883271,267.2589039,285.3043096,0.9367503223
1.272288937,34.73795667,287.7405928,293.3,0.9810453215
1.294445247,7.334872309,225.5965385,293.3,0.7691665137
2.2405946,37.70031626,293.2544012,293.3,0.999844532
2.999039329,34.63465355,293.2870963,293.3,0.9999560052
2.017455449,37.43189723,293.190837,293.3,0.9996278111
2.629192983,20.01124936,292.1138395,293.3,0.9959558115
1.215714491,24.73532966,278.1804774,293.3,0.9484503151
0.5147205263,22.14562886,150.1146303,150.607226,0.9967292694
0.3529177229,29.67491588,103.2624393,103.2637257,0.9999875423
1.985593554,33.54963669,293.0421709,293.3,0.9991209371
0.9309930763,13.31465558,227.7595267,272.4085741,0.8360952932
1.879267421,17.81070315,287.1469085,293.3,0.9790211677
2.619677932,31.49650336,293.2327077,293.3,0.9997705685
0.7346988335,35.68462873,213.3862567,214.9728787,0.9926194318
0.3117480258,38.57290371,91.21746478,91.21747236,0.9999999169
2.853081651,20.031931,292.4137586,293.3,0.996978379
0.7817632685,22.02881785,218.8315687,228.7439324,0.9566661131
1.193940142,26.27092927,278.5195012,293.3,0.9496062092
0.7971203388,21.00911012,221.043506,233.2374111,0.9477189141
0.5860051584,22.15600447,170.1169088,171.4651093,0.9921371729
0.2215250271,24.29307475,64.81813094,64.81822293,0.9999985807
1.946685422,32.55202132,292.9439302,293.3,0.9987859878
2.74494805,31.72931958,293.2518693,293.3,0.9998358995
1.600083226,28.18991193,290.8020374,293.3,0.9914832505
1.68745138,11.87186814,270.5442521,293.3,0.9224147701
2.733613007,7.692382479,266.7440543,293.3,0.9094580781
2.976184098,19.6814439,292.4547643,293.3,0.9971181873
0.3841746431,4.857404318,97.60126979,112.4095006,0.8682653093
1.456129095,32.69936237,290.6907235,293.3,0.9911037281
1.084872833,6.843914855,206.6167995,293.3,0.7044555046
1.354652562,39.73910742,291.0607195,293.3,0.9923652217
0.3937469264,6.68278806,106.8515269,115.2103507,0.927447285
0.5846224518,7.550207272,149.5904439,171.0605294,0.8744883723
1.86412116,22.95305467,290.7472702,293.3,0.991296523
1.365955236,39.54899973,291.1778025,293.3,0.9927644137
0.5603325881,15.19467528,160.1360726,163.9533153,0.9767175024
2.869500181,21.77360249,292.7566837,293.3,0.9981475748
2.988901902,20.53093404,292.641701,293.3,0.9977555439
1.634521934,7.221140655,240.2713464,293.3,0.8191999537
0.311281833,21.81110701,91.07347018,91.08106434,0.9999166219
1.43755359,22.8077399,284.8266484,293.3,0.9711102911
2.127995409,9.922287981,271.6973179,293.3,0.9263461232
1.738012473,9.259467098,259.4078857,293.3,0.88444557
0.7814930159,37.71307317,226.1378721,228.6648564,0.9889489605
1.181670448,11.30331855,244.4189008,293.3,0.8333409505
2.52661927,34.30923428,293.2578471,293.3,0.9998562806
0.5835043062,11.13610389,160.4362118,170.73336,0.9396887158
2.628904551,12.90126411,286.1176621,293.3,0.9755119744
2.309011368,29.0705233,293.0503623,293.3,0.9991488658
1.508091578,39.70492155,292.4174728,293.3,0.9969910427
2.567907761,19.30894944,291.7649443,293.3,0.994766261
0.9243539015,18.59559829,239.7869712,270.4659516,0.8865698983
2.718108862,7.765300824,267.0989735,293.3,0.9106681675
0.5989958239,7.100155541,149.9742682,175.2661781,0.8556942924
0.6317767684,36.81214604,184.6132522,184.8578824,0.998676658
0.8855149386,37.57553058,250.4745106,259.101671,0.9667035707
1.720093454,28.69142728,291.7869251,293.3,0.9948412037
2.107532696,18.54943575,289.6895626,293.3,0.987690292
0.5312439091,35.89433942,155.408997,155.4419678,0.9997878896
2.446248546,20.27678413,291.8562871,293.3,0.9950776922
2.060932944,2.80651364,173.263062,293.3,0.5907366587
2.755157229,17.39033922,291.3020002,293.3,0.9931878629
1.923618004,27.5076956,292.3347491,293.3,0.9967089981
0.7304717757,33.72857217,211.9027547,213.7360416,0.9914226591
1.227828748,23.8194367,277.8179602,293.3,0.9472143205
1.719317894,28.16476083,291.6543121,293.3,0.9943890626
2.040989223,11.02445689,274.9301786,293.3,0.9373684917
2.585816551,27.45378459,293.1017617,293.3,0.9993241107
2.034640298,38.06395231,293.2097199,293.3,0.9996921919
2.373846405,27.6214008,293.0022744,293.3,0.9989849109
2.056728123,39.16970611,293.2334231,293.3,0.9997730075
0.5053326959,19.66419482,147.1015382,147.8603468,0.9948680721
0.2068027358,13.12229784,60.48354641,60.51048049,0.9995548857
0.806087669,26.48509821,227.6037229,235.8612519,0.9649898871
0.7940409551,28.14492147,225.879858,232.3363835,0.9722104415
2.623249814,23.77032125,292.8353295,293.3,0.9984157159
0.2367822497,24.33435418,69.28231033,69.28248625,0.9999974608
1.506419445,29.93228528,290.4229588,293.3,0.9901907902
0.8621835,28.52091177,240.7838389,252.2748921,0.9544502701
1.983544348,10.55596986,272.0086634,293.3,0.9274076488
1.920542908,3.659382127,194.2723185,293.3,0.6623672639
1.948566297,12.71794066,278.9246643,293.3,0.9509876043
1.932749144,15.98156,285.4169273,293.3,0.9731228343
0.5559431981,3.284589639,109.533745,162.6689798,0.6733536115
2.530428492,21.40657987,292.3323933,293.3,0.996700966
2.758426716,20.02755348,292.3025135,293.3,0.9965990914
1.737458741,21.45137471,288.8321719,293.3,0.9847670369
1.831630284,32.69384719,292.7725354,293.3,0.9982016208
2.826019152,39.26451359,293.2945354,293.3,0.9999813686
0.7470144896,38.60316172,217.1550749,218.5764397,0.9934971731
2.256484465,29.39289942,293.0346481,293.3,0.9990952885
1.603985291,13.68122416,274.1318363,293.3,0.9346465607
2.645753013,7.490719163,264.221329,293.3,0.9008569009
2.585268392,2.19214236,158.7352124,293.3,0.54120427
0.4747920863,35.2927539,138.9152775,138.9241644,0.99993603
2.581852885,12.1516381,284.2841253,293.3,0.9692605705
0.4529319542,39.59232731,132.5264067,132.5278898,0.9999888096
2.179088757,18.34062864,289.9362716,293.3,0.9885314409
1.039357449,25.26310192,264.5845813,293.3,0.9020954015
2.05448876,21.14410152,290.9456421,293.3,0.9919728679
1.068962008,5.519325124,190.6650781,293.3,0.6500684558
2.409970814,37.08621235,293.269733,293.3,0.9998968054
0.4294669023,8.261711814,118.9943305,125.6620156,0.946939534
2.788865565,33.49251241,293.2724386,293.3,0.9999060299
2.606481663,25.4555979,292.9864466,293.3,0.9989309464
0.7290306292,32.7847426,211.3275821,213.3143621,0.9906861405
0.2008402761,19.14535197,58.76518123,58.76586478,0.9999883682
2.885117412,32.87059,293.2735169,293.3,0.9999097063
0.6497600192,13.89809248,180.1039469,190.1197816,0.9473182924
1.231674951,33.94596248,285.9386754,293.3,0.974901723
0.7233955198,39.54419229,210.77863,211.6655291,0.9958099032
2.952845527,25.67764685,293.1332726,293.3,0.9994315465
1.047630448,2.58601391,133.2578261,293.3,0.454339673
0.3286918421,28.19443843,96.17423316,96.17523298,0.9999896042
0.6671383813,12.68364182,181.6475716,195.2046904,0.9305492159
1.687219269,36.14276819,292.7412135,293.3,0.9980948294
0.3079648186,37.92093057,90.11049765,90.11050592,0.9999999083
1.169229283,6.497114602,209.2881658,293.3,0.7135634701
1.822735338,35.96266621,292.985241,293.3,0.9989268358
2.927799901,27.95718217,293.2070755,293.3,0.9996831759
2.170834501,11.05903225,277.0297553,293.3,0.9445269529
1.034281318,5.990556933,193.6275941,293.3,0.6601690902
2.827797709,21.2775483,292.6444351,293.3,0.9977648657
2.620425964,26.02197989,293.0347081,293.3,0.999095493
1.559363186,36.80568892,292.3456229,293.3,0.9967460719
2.307374097,10.31878489,276.014321,293.3,0.9410648516
2.194700843,19.72931578,290.8604578,293.3,0.9916824336
2.63445235,23.09753178,292.7594665,293.3,0.9981570628
2.862343825,18.06437837,291.8111913,293.3,0.9949239389
0.5266710467,9.114921363,143.2709906,154.1039483,0.9297035684
1.384799042,13.84716198,266.549153,293.3,0.9087935663
1.110732599,15.94882301,255.1209655,293.3,0.8698294085
2.045945408,33.53979764,293.0903852,293.3,0.9992853229
2.156622444,12.94315385,282.3480585,293.3,0.9626595926
1.398016013,33.13255684,289.9936325,293.3,0.9887270116
0.6113065497,9.656517823,162.6098175,178.8682964,0.9091036293
0.9363675585,15.61088731,235.0487288,273.9811476,0.8579011032
2.146799459,5.762663382,238.0922022,293.3,0.8117702088
1.102428693,35.88101267,279.5951086,293.3,0.9532734694
2.796729962,10.35696956,280.804309,293.3,0.9573962119
2.852046875,10.36296112,281.2074195,293.3,0.9587706087
2.718137076,18.22175294,291.6233477,293.3,0.9942834904
2.185880946,11.77439162,279.5779541,293.3,0.9532149816
0.4619920462,26.34217261,135.1119308,135.1788727,0.9995047901
0.7219854789,7.572438311,172.6037599,211.2529511,0.8170478043
1.067926154,12.81400869,241.2595802,293.3,0.8225693154
2.698454787,33.42162314,293.2655417,293.3,0.9998825151
2.684449628,39.53380346,293.2925457,293.3,0.9999745848
2.057773401,32.88082659,293.0706289,293.3,0.9992179641
1.005990996,17.86295961,249.0496774,293.3,0.849129483
2.940470042,32.12082821,293.2709443,293.3,0.9999009352
0.454780055,28.2575398,133.0345515,133.0686441,0.9997437967
2.830167144,36.48500353,293.2886598,293.3,0.9999613359
2.716917865,20.2157142,292.2980941,293.3,0.9965840235
2.640061562,32.06625433,293.2443369,293.3,0.9998102178
2.108892693,28.6541183,292.8413169,293.3,0.9984361297
2.906298927,19.65501054,292.3784043,293.3,0.9968578395
2.239952278,7.7671122,260.4927421,293.3,0.8881443646
1.540451765,34.40262286,291.8764709,293.3,0.9951465082
0.6822520383,5.850463266,154.5493967,199.6269464,0.7741910573
2.89753613,6.198292617,255.1152678,293.3,0.8698099823
2.779614541,7.759312384,267.7115996,293.3,0.9127569028
2.836393327,9.778309813,278.9858884,293.3,0.9511963465
0.4584122906,39.56286473,134.1296514,134.1314362,0.9999866932
2.678851168,6.310894222,253.7135573,293.3,0.8650308806
1.816795072,29.04538712,292.2711763,293.3,0.9964922479
2.379476516,6.197382211,247.9640825,293.3,0.8454281707
2.855400138,37.06538847,293.290857,293.3,0.999968827
2.948066068,13.99037282,289.1138504,293.3,0.9857274135
0.6735992468,32.83740199,196.205719,197.0951396,0.9954873539
0.8582870688,29.95292616,240.9489709,251.1347963,0.9594408039
1.3800149,25.07752501,285.2533074,293.3,0.9725649758
1.92699419,4.527450025,213.1279003,293.3,0.7266549618
2.210399134,9.768407021,272.2625902,293.3,0.9282734068
2.149534011,3.376993594,192.2082894,293.3,0.6553300012
2.728166653,34.72366761,293.2770335,293.3,0.9999216962
0.8974571562,39.16617616,253.5730505,262.5959639,0.965639558
2.164566692,33.43023664,293.1545559,293.3,0.9995041113
1.784230084,16.18809323,283.6708884,293.3,0.9671697525
2.093050515,4.331708323,213.3758388,293.3,0.7275003029
0.8658743625,39.98850703,247.1755208,253.3548385,0.975610027
2.496935543,37.02013944,293.2762562,293.3,0.999919046
2.569842201,7.289416862,261.641353,293.3,0.8920605286
0.3654316224,17.72192387,106.7943256,106.9252927,0.9987751528
2.688206625,10.23912917,279.5652165,293.3,0.9531715529
1.59836798,35.27488297,292.3381472,293.3,0.9967205839
0.3579882691,15.06412479,104.452173,104.7473675,0.9971818433
2.309974975,11.84869751,281.2051932,293.3,0.9587630179
0.3254962897,28.14924735,95.23930218,95.24021438,0.9999904221
0.5685903556,18.2741305,164.1051993,166.369538,0.9863897037
1.665138785,33.07659068,292.3314399,293.3,0.9966977154
2.406355557,25.28151934,292.8223573,293.3,0.9983714874
0.5954140107,4.204414042,126.539726,174.2181395,0.7263292237
1.468578015,13.22149667,268.1007507,293.3,0.9140837049
2.63048717,32.27171613,293.2459692,293.3,0.999815783
0.6387627432,14.2414314,178.1397374,186.9019787,0.9531185208
0.8298738836,9.80802401,200.2606626,242.8210983,0.8247251329
1.415679553,20.83398234,282.0285623,293.3,0.9615702773
1.64412371,4.998730387,212.7475846,293.3,0.7253582835
1.996320231,35.15060719,293.1169049,293.3,0.9993757411
0.6187978368,20.32316707,178.3320581,181.0602471,0.9849321485
1.110670975,29.4111869,275.6419348,293.3,0.939795209
1.727399236,33.05620626,292.5507644,293.3,0.9974454974
2.596010379,9.809651416,277.0804043,293.3,0.9446996396
1.217721952,16.47323339,264.6452811,293.3,0.9023023562
2.120578285,12.31270059,280.3018816,293.3,0.9556831966
1.911386594,24.32031682,291.5212529,293.3,0.9939354001
2.27517295,20.21168106,291.3794023,293.3,0.9934517638
0.9041342289,34.87667758,252.8667575,264.5496754,0.9558384722
0.3664060675,37.81515132,107.2103018,107.2104154,0.9999989408
0.441159944,29.1702789,129.0643264,129.0833996,0.9998522409
0.8195457789,15.53699475,216.9094128,239.7990949,0.90454642
1.424090889,39.79557038,291.8560762,293.3,0.995076973
1.744370628,23.06659434,289.9054385,293.3,0.9884263162
0.2236116833,5.290135832,62.47629624,65.42877852,0.9548748679
2.556959421,12.56053832,285.0034804,293.3,0.9717131959
2.960408889,31.90333588,293.2703271,293.3,0.9998988309
1.882746096,24.74751856,291.5252676,293.3,0.9939490884
2.926291855,13.83167217,288.8535295,293.3,0.9848398551
2.181556435,30.6479586,293.0519836,293.3,0.9991543933
0.9918516247,20.59880594,252.4603395,290.2157854,0.8699056088
2.65670502,14.65385088,288.8200209,293.3,0.9847256083
0.3305877377,4.845414259,86.45559266,96.72997205,0.8937828764
1.523617085,21.68796521,285.7684649,293.3,0.974321394
0.5896431278,28.92993552,172.1081707,172.5295792,0.9975574712
0.8224931745,34.94638983,235.4911551,240.6615029,0.9785160996
2.945744885,32.3142687,293.2727294,293.3,0.9999070215
0.5425466949,39.93245179,158.7304712,158.7491629,0.9998822562
0.735341775,20.27973429,206.9652876,215.1610034,0.9619089163
0.4763857001,33.1230594,139.3743394,139.3904558,0.9998843793
1.822501019,34.06982684,292.8668247,293.3,0.9985230981
2.614090819,17.48331592,291.0153051,293.3,0.9922103823
1.840414368,15.82873364,283.9485974,293.3,0.9681165953
1.142161606,25.07425295,273.7719741,293.3,0.9334196186
0.6280672887,24.09365786,182.1137706,183.7724887,0.9909740678
0.892139881,14.90862637,227.0373345,261.0401292,0.8697411207
2.845987356,2.9101269,189.2853006,293.3,0.6453641344
2.141254947,8.261300118,262.3483799,293.3,0.8944711213
2.545691202,20.05960794,291.9845625,293.3,0.9955150444
1.356355134,11.48855391,256.1928817,293.3,0.8734840834
2.886404018,37.36245079,293.2921605,293.3,0.9999732715
2.293499485,15.7074055,288.1889358,293.3,0.9825739373
1.772788831,32.63474704,292.6321023,293.3,0.9977228174
0.6249944384,23.79643143,181.2004606,182.8733727,0.9908520741
0.6022985348,25.08742368,175.2317977,176.2325513,0.9943214035
1.703116885,39.22083439,292.9739983,293.3,0.9988885043
2.017020035,35.18770309,293.1315103,293.3,0.999425538
2.407600715,22.80318537,292.4508633,293.3,0.9971048868
0.2582377854,29.55689529,75.56034269,75.56037602,0.9999995589
2.268055761,13.83031122,285.2792498,293.3,0.972653426
2.355612621,4.732489358,226.3444524,293.3,0.7717165102
2.943499751,16.44134398,291.1629019,293.3,0.9927136103
1.602952325,24.0363652,288.9212292,293.3,0.9850706759
0.5245780198,16.21118405,151.3644984,153.4915286,0.9861423609
1.252664027,32.18584113,285.8256021,293.3,0.974516202
1.467030299,17.86367082,279.2888708,293.3,0.9522293582
1.892846259,5.291001225,225.1609944,293.3,0.7676815356
2.88484415,19.31877135,292.2651582,293.3,0.9964717294
2.382279482,9.361198119,272.656707,293.3,0.9296171394
0.7408062763,8.113189943,178.5778164,216.7599164,0.8238507344
0.8075158217,21.71161341,223.9157392,236.2791294,0.9476746413
1.638294461,32.65314622,292.1459337,293.3,0.996065236
2.072019471,39.67167206,293.2433209,293.3,0.999806754
2.629676292,33.27446504,293.2579368,293.3,0.9998565865
1.919256025,10.60194393,270.9349038,293.3,0.9237466888
2.860892599,15.64758701,290.4385909,293.3,0.9902440877
1.751852596,26.5233816,291.3846291,293.3,0.9934695844
1.320926285,13.53615522,262.3298097,293.3,0.8944078068
2.285789792,15.29569687,287.6410864,293.3,0.9807060567
2.487621919,2.710935918,177.5566124,293.3,0.6053754258
1.497054456,6.389367622,226.0292637,293.3,0.7706418809
2.997420832,35.2691179,293.2891452,293.3,0.9999629908
0.7349732716,16.67306922,202.7249834,215.0531793,0.9426737334
0.6469909372,3.445109096,122.2712825,189.3095482,0.6458801663
2.806190957,10.44689378,281.1705972,293.3,0.9586450639
0.2716328243,5.538789245,74.99287564,79.47976439,0.9435467784
2.666791674,34.23759695,293.2698514,293.3,0.999897209
0.2097469125,24.89619091,61.37190888,61.37194659,0.9999993855
1.953106141,17.94482965,288.0260997,293.3,0.9820187512
0.9525545059,23.98538794,251.9612009,278.7174484,0.9040022515
2.316270529,36.34230031,293.2520294,293.3,0.9998364453
0.7093670753,26.04442444,204.2436314,207.5608062,0.9840182988
1.515325364,3.225028855,170.999127,293.3,0.5830178212
0.4512912698,32.07006397,132.0367759,132.0478255,0.999916321
0.9010311155,6.282737221,184.5981208,263.6417044,0.7001855841
1.593367224,28.64867113,290.8939762,293.3,0.9917967138
2.14687505,32.05745991,293.0955688,293.3,0.9993029963
2.119951878,38.87649494,293.2448845,293.3,0.9998120848
1.532809723,13.1754552,270.3240711,293.3,0.9216640678
1.308373634,25.23348418,283.0096892,293.3,0.964915408
1.657231482,6.293038539,231.2170234,293.3,0.7883294354
1.034896072,14.89924227,244.876163,293.3,0.8348999761
1.41985495,26.79986724,287.4949122,293.3,0.9802076787
0.9517879043,32.0600827,259.3652027,278.4931408,0.9313163044
0.8557244392,11.96779717,212.8175992,250.3849709,0.849961555
0.314459311,5.571397026,85.35565745,92.0107944,0.9276700414
2.707609212,39.3472047,293.2926673,293.3,0.9999749995
2.250013908,12.82027484,283.0557922,293.3,0.9650725953
2.990405161,30.00491929,293.2525622,293.3,0.999838262
0.298611609,35.40688782,87.3737415,87.3737568,0.9999998249
1.79720755,16.38700204,284.1925648,293.3,0.968948397
2.485688514,6.395296513,251.9017989,293.3,0.8588537298
0.6116470892,9.345825267,161.69533,178.9679383,0.9034876947
2.547217214,28.17312245,293.1204404,293.3,0.9993877953
2.563611678,4.29190814,221.4517971,293.3,0.7550351078
2.094747571,5.087047643,227.0279282,293.3,0.7740468061
1.516041582,17.68728457,280.4475736,293.3,0.9561799305
1.292256305,23.34244408,280.4306186,293.3,0.9561221227
0.4559716011,4.626998576,109.4761965,133.4172905,0.8205547883
2.881776279,38.11609014,293.2935337,293.3,0.9999779532
1.363497245,31.19384937,288.5743581,293.3,0.9838880262
2.217749894,31.34841545,293.1071181,293.3,0.9993423734
1.024391285,27.39122908,265.215035,293.3,0.90424492
0.25598514,31.71678218,74.90124152,74.90125197,0.9999998605
2.58802702,22.60379607,292.6415328,293.3,0.9977549703
1.597237618,2.187797407,140.2197653,293.3,0.4780762542
0.4785061042,19.9516895,139.5355332,140.0108861,0.996604886
2.322535453,13.07908266,284.2940888,293.3,0.9692945408
0.7674370321,26.88146309,218.9810275,224.5520756,0.9751903958
1.825204658,21.94962224,289.9655243,293.3,0.9886311773
2.699346827,27.91052092,293.1582747,293.3,0.9995167905
0.5302982032,11.48511861,148.710122,155.1652543,0.9583983394
2.424861558,3.482431778,200.2076551,293.3,0.6826036656
1.227621422,6.908527521,217.4049497,293.3,0.7412374693
1.466047719,24.99169946,287.2845453,293.3,0.9794904373
0.2131810452,19.15286343,62.37566939,62.37677381,0.9999822943
2.532367664,35.89735507,293.2718001,293.3,0.999903853
2.117948218,8.867390862,265.864683,293.3,0.9064598807
0.8772590133,5.978758438,179.1232033,256.6859873,0.697830081
2.861350627,2.81399378,186.2238443,293.3,0.6349261654
1.09280325,22.1504657,265.8229099,293.3,0.9063174563
1.898076977,24.32854412,291.4624977,293.3,0.9937350756
2.862346485,8.966603521,275.6229883,293.3,0.9397306113
0.9584316312,14.6920664,235.4591173,280.4370953,0.8396147345
1.735063638,25.12203489,290.7841571,293.3,0.9914222883
2.962860651,11.85421424,285.79963,293.3,0.9744276509
2.618470322,18.85389179,291.6900488,293.3,0.9945109062
1.77658365,23.9291337,290.5902172,293.3,0.9907610543
2.013923913,10.96860747,274.2534012,293.3,0.9350610339
0.5260962974,32.35678595,153.8728117,153.9357766,0.9995909662
1.085484531,12.51210434,241.7320469,293.3,0.8241801802
2.67753615,29.34212237,293.197484,293.3,0.999650474
1.920400903,28.26819031,292.4511892,293.3,0.9971059979
1.554892525,31.15067437,291.2837473,293.3,0.99312563
2.427756032,17.88931283,290.6933148,293.3,0.9911125632
1.342398501,33.01089011,288.8748612,293.3,0.9849125852
2.559665266,36.81031032,293.2790849,293.3,0.9999286904
1.302569911,35.934293,289.0367438,293.3,0.9854645204
1.442906486,26.24011552,287.6367787,293.3,0.9806913697
1.323804615,4.261767695,186.3866876,293.3,0.635481376
1.936127113,3.040316102,177.8584377,293.3,0.6064044928
2.42588457,27.53552212,293.0292157,293.3,0.9990767668
2.060377001,4.6450574,218.6358074,293.3,0.7454340517
1.481014006,12.77520328,267.0542162,293.3,0.9105155685
0.8807064815,23.33264117,239.6165774,257.6947165,0.9298466832
1.735884251,22.42207953,289.4553889,293.3,0.9868918817
2.187032228,12.33775965,281.1850392,293.3,0.9586943033
0.7007842949,4.591638713,144.1922984,205.0494847,0.7032073193
2.582328945,11.21246415,281.8679277,293.3,0.9610225969
1.079174132,10.02299972,229.493603,293.3,0.7824534709
2.100103704,13.07329258,281.9894057,293.3,0.9614367735
0.510235757,31.01907481,149.2350635,149.2949825,0.9995986539
2.896087905,6.070410972,253.6552612,293.3,0.8648321215
1.61935254,5.831821919,224.0743136,293.3,0.7639765208
1.213515812,24.95626471,278.296362,293.3,0.9488454212
0.6613144302,27.50791728,191.9644927,193.5006023,0.9920614739
2.63700593,22.03054117,292.5952381,293.3,0.9975971296
0.7912693883,9.720016734,194.2618034,231.525423,0.8390517156
1.188249989,5.395010507,197.1796454,293.3,0.6722797319
1.280799839,16.21574255,267.8510808,293.3,0.9132324608
0.2188822592,15.77697391,64.03623173,64.04494903,0.9998638877
2.787909923,3.161364536,196.5040612,293.3,0.6699763422
1.76771007,15.41363694,282.0245416,293.3,0.9615565688
2.472522134,20.50515625,291.9859087,293.3,0.9955196341
1.555825338,4.755854015,205.4000477,293.3,0.7003070158
2.586547689,35.55799406,293.2735023,293.3,0.9999096567
2.486224711,39.56846245,293.2867033,293.3,0.9999546651
2.434972684,9.614534793,274.5191456,293.3,0.9359670837
2.710088287,7.250184602,263.0522445,293.3,0.8968709325
1.949056315,28.70136767,292.5808524,293.3,0.9975480818
2.549297663,9.668488589,276.0134909,293.3,0.9410620216
1.210872207,3.324757789,160.871075,293.3,0.5484864474
2.334624257,25.14460462,292.7300147,293.3,0.9980566474
0.4957946981,20.81557319,144.5679691,145.0695287,0.9965426264
1.971879023,6.539063485,243.4345052,293.3,0.829984675
2.110505638,4.43070022,215.7312938,293.3,0.7355311755
1.271061184,10.43131405,246.0875918,293.3,0.8390303166
0.9808893162,34.15774825,265.1745948,287.0082139,0.9239268493
