r_p,T_3 (K),eps_r,P,B,A
11.12447498,1179.410127,0.7479577455,0.3056324564,0.6686095988,0.4571164652
7.615886401,1594.728754,0.09946048361,0.3372374836,0.7100645286,0.4749392062
18.90783213,1346.505878,0.02959380029,0.3480879001,0.7092126154,0.4908089514
13.79107804,1615.530548,0.673897839,0.4305215032,0.7456475739,0.5773793389
20.07603859,1345.051859,0.776763759,0.3376679813,0.7114453613,0.4746225075
18.32060385,1202.961947,0.2524983195,0.3015242883,0.6894860418,0.4373174656
20.82474316,1434.359641,0.2156003916,0.3675250461,0.7228367479,0.5084482038
23.28308803,1304.836641,0.9228919286,0.3144901784,0.7126474498,0.4412983986
23.49850211,1286.164111,0.5115924457,0.3163945366,0.710780575,0.4451367239
13.81238603,1295.347164,0.4934975922,0.3333182692,0.6911711654,0.4822514102
4.431777548,1314.171789,0.4465211064,0.318026119,0.6906305421,0.4604866128
9.035577153,1537.294172,0.4497924902,0.3936142765,0.7276115019,0.5409676393
16.64742302,1293.325664,0.5295473099,0.3305663155,0.6974406606,0.4739705242
19.19142093,1614.438933,0.3756159266,0.402027817,0.7404682823,0.5429372556
15.87116304,1529.919095,0.4384432846,0.3913800576,0.7286888084,0.5371017821
17.99570496,1469.421952,0.4479271071,0.3704278823,0.7213370631,0.5135295291
14.66269219,1171.462969,0.01301469548,0.2999843207,0.6749695726,0.4444412502
23.13296929,1691.900982,0.4462168325,0.4113479938,0.7514816533,0.5473826167
8.870428996,1122.174556,0.5121560989,0.2987612624,0.6524796676,0.4578859347
6.35911487,1298.529395,0.941672647,0.43792746,0.7155090123,0.6120502362
16.35442245,1552.949316,0.1082744113,0.3841091773,0.7274715745,0.5280057541
17.67708301,1210.255057,0.7599150882,0.2971446029,0.6889353578,0.4313098458
19.5291607,1524.236348,0.724441207,0.3771669781,0.7299991075,0.5166677249
18.74268168,1196.655503,0.7375151627,0.2884397026,0.6896048606,0.4182680823
21.27082425,1375.224013,0.04531308949,0.3542346653,0.7171921337,0.4939187823
17.26195316,1663.92175,0.2977243136,0.4095035517,0.7436786673,0.5506458229
5.72399875,1305.596656,0.7788358807,0.4050451725,0.710404876,0.5701610253
4.513831135,1363.218732,0.311731378,0.2990013488,0.6868220331,0.4353403566
15.87106518,1411.128583,0.4852004479,0.3613543391,0.7117559943,0.5076941283
12.66254895,1222.43712,0.572762078,0.3118818243,0.6766487556,0.4609213004
7.744844293,1101.846845,0.5210168698,0.2983746614,0.6473119051,0.4609441895
19.42340428,1375.321259,0.8116794465,0.3449736969,0.7136326339,0.483405159
8.320267452,1385.74152,0.6773104976,0.3971216569,0.7144889168,0.5558122003
13.58233247,1366.115275,0.1022761995,0.3485969326,0.6992391628,0.4985374835
14.27291724,1656.115054,0.24717846,0.4016522031,0.7385994472,0.5438024691
11.52983925,1419.373207,0.3441983929,0.3676442524,0.7077670979,0.5194424176
8.550257897,1190.086247,0.7854106625,0.341970044,0.676456771,0.5055312604
10.45301817,1192.751907,0.808051488,0.320647995,0.6737658924,0.4759041659
15.95867697,1267.135882,0.5548851079,0.3232269905,0.6922361041,0.4669317138
17.45373451,1238.099895,0.5573643398,0.3126952749,0.6921943844,0.4517448884
22.23961062,1293.928364,0.2159284493,0.3266745042,0.7094822513,0.4604406996
10.69962745,1191.469969,0.4903433917,0.3133573159,0.6689097733,0.468459766
7.862356496,1163.179326,0.3962146096,0.3107703804,0.6581245276,0.4722060452
13.33103773,1292.453832,0.02696408531,0.3321905979,0.6880235917,0.4828186154
12.32338468,1644.492736,0.5520169252,0.4274376379,0.7462927436,0.5727479485
22.16829373,1205.41929,0.7471675582,0.2770272884,0.6980742212,0.3968450345
22.35266283,1232.150942,0.1052992048,0.300495112,0.7019469994,0.4280880355
8.630642844,1530.435845,0.3883581713,0.3819965212,0.7232132436,0.5281934818
12.79185681,1420.564893,0.182459379,0.3600570823,0.7060237607,0.5099787037
13.83054955,1317.929687,0.7336080571,0.3409298655,0.6968896173,0.4892164513
6.701756531,1237.59961,0.2065527256,0.3042020982,0.661655506,0.459759037
12.89962371,1556.234678,0.7340049365,0.4255572067,0.7394789975,0.5754824791
9.533986498,1257.469396,0.8601459345,0.3639108878,0.6925176724,0.5254896767
11.45229018,1241.281724,0.547188265,0.3280107076,0.6803606053,0.4821130222
20.46975426,1598.025782,0.7715235562,0.3955121611,0.7408149331,0.5338879433
16.00205262,1255.080336,0.1008394691,0.3247600475,0.6907414876,0.4701614907
18.02329502,1354.29353,0.2652621167,0.3489256192,0.7082066935,0.4926889599
10.79368463,1239.951309,0.5411266824,0.3314462907,0.6799468953,0.487459084
15.53454123,1365.280627,0.8976220471,0.3440504843,0.7056485716,0.48756633
19.06280324,1411.573869,0.1995199558,0.3622323009,0.7169714815,0.5052255358
20.880822,1656.074378,0.6366828934,0.4101005249,0.7478344057,0.5483841366
16.83664538,1490.504455,0.1382531647,0.3756382688,0.7216242545,0.5205455145
14.61208017,1322.271285,0.4371569035,0.3389394886,0.6962661463,0.4867958759
6.155527623,1340.678381,0.09026931377,0.2957782863,0.6684354065,0.4424934458
23.39279365,1500.206478,0.5020646125,0.3786010163,0.733872337,0.5158949277
14.3277408,1613.978668,0.1112985871,0.3866868851,0.7302598958,0.5295195414
10.41417104,1155.244479,0.2993900689,0.2994243431,0.6589620187,0.4543878624
6.6061261,1344.709765,0.707070568,0.3968063648,0.7114704042,0.5577271556
21.55263691,1632.286268,0.1323808396,0.4017925961,0.7434406486,0.5404501312
6.543088203,1295.087027,0.03231054434,0.2903633258,0.6590261071,0.4405945723
14.65666316,1405.373288,0.7510182759,0.3682250615,0.7131999969,0.5162998641
14.47573314,1330.92952,0.7012057126,0.3409810467,0.6988101081,0.4879452125
17.28952142,1201.581586,0.06509694291,0.3050971502,0.6867489247,0.4442630185
17.01278052,1347.803663,0.06888513624,0.3480551221,0.7050997936,0.4936253355
18.67156224,1274.094543,0.4286514456,0.3248115946,0.699789803,0.4641559411
11.93135077,1445.929378,0.2012285925,0.3633635391,0.7081763182,0.5130975575
16.61153885,1311.309994,0.1517526397,0.339188675,0.6996315906,0.4848104052
22.22415075,1457.993309,0.5475671034,0.3690939736,0.7277557171,0.5071673982
14.90022558,1190.759516,0.4446870225,0.3027335681,0.6785654501,0.44613761
14.29130946,1559.722636,0.4115380262,0.3984292365,0.7313746916,0.5447676014
7.323206792,1425.094576,0.176126536,0.3303140724,0.6926688699,0.4768715425
16.07330997,1398.515352,0.3024216254,0.3573665451,0.7093626954,0.5037853659
14.58844409,1227.40573,0.380839909,0.3152099417,0.6828944323,0.4615793112
20.01076703,1192.704713,0.7986247383,0.2793446639,0.6919180265,0.4037250849
9.235429686,1571.504418,0.825076884,0.4637967256,0.7503564481,0.6181018725
6.062676579,1448.506613,0.3103735835,0.3364536371,0.7033120759,0.4783845588
5.56055888,1342.630813,0.7614000968,0.4102786851,0.7173562469,0.5719315708
23.77335263,1574.450531,0.4863460471,0.3924095804,0.7414520316,0.5292447302
4.340264616,1136.488773,0.8792210685,0.3878324015,0.6837647289,0.5672015317
20.84168639,1463.288101,0.178154647,0.3735693863,0.7258999191,0.5146293264
5.983166631,1358.268187,0.2566618271,0.3175217215,0.684238283,0.464051383
5.197109744,1400.737149,0.3574873096,0.3257716753,0.6985043886,0.4663845792
13.81431515,1621.135439,0.1605803872,0.3894270149,0.7315181665,0.532354537
18.09825068,1534.208259,0.002542096248,0.3820777451,0.7278619525,0.5249316079
19.26118042,1483.407457,0.02344701097,0.3762497653,0.7250234095,0.5189484373
9.147803716,1334.030562,0.5907573347,0.3706837674,0.7004235214,0.52922804
11.79329359,1251.01382,0.5936200858,0.3299699397,0.6829159961,0.4831779335
18.8421188,1568.605675,0.2078297239,0.3911263381,0.7337776013,0.5330311765
3.885242176,1233.769778,0.08376394176,0.2345685741,0.6331314781,0.3704895148
16.44238859,1367.11159,0.01351717141,0.3516649812,0.7060278376,0.4980893988
7.556095876,1404.982198,0.6898602261,0.4059672303,0.7198233057,0.5639817815
6.266135589,1314.078653,0.5594489443,0.3621390602,0.6974384931,0.5192415729
16.6886566,1593.391728,0.5809550977,0.4089411522,0.7395595757,0.5529522781
11.98733999,1312.723576,0.269678773,0.3410853028,0.690165658,0.4942078744
16.96630314,1518.535073,0.2808540187,0.3834283812,0.7262627578,0.5279471887
19.83275493,1481.833813,0.8816143359,0.3657595897,0.7259537585,0.5038331786
7.757481265,1240.419951,0.1478719713,0.3077358866,0.6631391328,0.4640593073
10.52589596,1665.548395,0.08476432539,0.3688703468,0.725902146,0.5081543687
13.08174221,1653.70061,0.5964351858,0.4329769999,0.7487685607,0.5782521097
10.98825954,1260.987865,0.2470463115,0.3280538071,0.6792480128,0.4829661639
10.76615868,1112.378005,0.1093783468,0.2836045394,0.6508607873,0.4357376338
17.91704776,1336.255415,0.3572994429,0.3437519456,0.7058122497,0.4870302912
6.371441283,1331.212053,0.7326385298,0.3992011334,0.7108574579,0.5615769083
14.90587649,1170.405666,0.8731709088,0.2851491879,0.6755615549,0.422092089
4.19755568,1399.925545,0.3806705126,0.307116212,0.7000334417,0.4387164865
17.23883136,1508.45095,0.05819447961,0.3777014467,0.7238296767,0.5218098385
18.94161478,1663.458847,0.222570953,0.4070441076,0.7441472948,0.546994003
8.84710929,1483.043799,0.9019021058,0.4586028121,0.740502226,0.6193132121
13.63974114,1577.763637,0.9052938477,0.4420319235,0.7465614447,0.5920904792
18.81129975,1218.925752,0.906950281,0.2928570824,0.6928308795,0.4226963478
12.48702972,1211.521476,0.2067280315,0.3120479976,0.6737547097,0.4631477793
16.3750147,1571.36965,0.1820035842,0.3896373717,0.7305741073,0.5333303875
11.97772586,1551.269987,0.5530869916,0.4105444216,0.7337569061,0.5595101295
7.869601428,1267.717006,0.2856671718,0.3256018331,0.6747232317,0.4825709533
8.709605779,1300.459756,0.8185888008,0.3868013292,0.7026796497,0.5504661042
6.295206782,1322.987443,0.3786570844,0.3348926289,0.6875122842,0.4871078475
10.83196737,1420.526608,0.836761426,0.4098329742,0.7227124627,0.567076113
16.69670235,1133.284012,0.9145522262,0.2604504933,0.6751252314,0.3857810094
22.52407288,1461.415516,0.08311062424,0.3739843901,0.7286055936,0.5132878383
21.20589801,1408.970933,0.3501612413,0.3607903205,0.7208015481,0.5005404351
22.12058504,1653.326944,0.4773740113,0.4049843138,0.7468231988,0.5422760226
18.41410074,1694.717644,0.09648225695,0.4056309085,0.7447939916,0.5446216177
16.87964752,1422.638776,0.3001522193,0.361954943,0.713683992,0.5071641611
3.289258358,1179.719266,0.4035983513,0.2593462889,0.6580826095,0.3940938192
13.52321541,1472.737347,0.6409447187,0.3934030363,0.7237044275,0.5435962823
10.35158615,1628.390196,0.8290615202,0.4710153159,0.7567468296,0.622421261
10.36110206,1446.324273,0.8118520003,0.4194663304,0.7273629975,0.576694624
19.19879354,1504.736293,0.5960968987,0.374799117,0.7270752678,0.5154887445
5.240457776,1330.066096,0.5239249555,0.349938149,0.6993196045,0.5003980251
23.51204594,1362.74214,0.2754917862,0.3470375911,0.7197055608,0.4821938442
21.04468515,1414.453491,0.4981739758,0.3602365475,0.7211029233,0.4995632882
15.01693348,1441.343851,0.2982614544,0.3691420783,0.7141201012,0.5169187616
15.39150563,1323.318076,0.7626666342,0.3324082687,0.6979706613,0.4762496293
9.238700326,1589.703129,0.1495276097,0.3605008386,0.7179675769,0.5021129787
10.36871838,1217.667691,0.5681723616,0.3268363887,0.675683093,0.4837125452
3.287850182,1119.754009,0.3179290241,0.2372706664,0.6336858484,0.3744294858
20.77825963,1657.650323,0.7360317609,0.4117817055,0.7487946787,0.5499260574
11.33770182,1409.388038,0.4673857548,0.3740526772,0.7094978763,0.5272076065
14.69440872,1398.47741,0.2292563685,0.3585617902,0.7070817543,0.5071008946
8.612505264,1320.64505,0.5624958558,0.3657516916,0.6970809203,0.5246904354
13.85592527,1664.454457,0.1570201554,0.3940005176,0.7360545652,0.5352871053
11.38463434,1661.822833,0.7877768454,0.4656135767,0.7581459176,0.6141477068
12.65354937,1374.872409,0.618431381,0.3680378691,0.7070196176,0.520548313
10.81750857,1135.216213,0.7201460838,0.2869929742,0.6574202152,0.4365441883
10.16514144,1542.395685,0.6504320339,0.4238043247,0.7370865747,0.5749722478
22.1595011,1342.544968,0.02061778788,0.3440505985,0.7150852236,0.4811323003
18.06132963,1148.855865,0.1230192959,0.278023242,0.6810708039,0.4082148881
20.01150482,1206.259121,0.1373874014,0.2976336939,0.6937817227,0.429001924
11.11220916,1646.447209,0.5275078543,0.4249108232,0.7458695131,0.5696852006
10.67528528,1515.268479,0.7120595513,0.4241240998,0.7347965681,0.5771993477
21.90855039,1501.282617,0.3324387176,0.3802046044,0.7315875554,0.5196980205
14.61888313,1128.699437,0.02905652267,0.2834994391,0.6682256324,0.4242570553
9.145574351,1427.459361,0.004900230882,0.3293071633,0.6896318997,0.4775115007
15.35670625,1201.076561,0.06348826967,0.3089342214,0.6814187789,0.4533691042
3.3312624,1235.414691,0.5926394254,0.3120135998,0.6904641022,0.4518896766
4.891047522,1437.015518,0.317054525,0.3153196879,0.7003842921,0.4502095371
9.349147058,1673.941037,0.08672401392,0.3597224315,0.723569883,0.4971495359
23.95752438,1643.442126,0.4028574026,0.4039526666,0.7478087592,0.5401817799
9.914238994,1681.566804,0.4358852,0.4137316279,0.7459971407,0.5546021632
13.31393075,1675.600963,0.6907627971,0.4471329748,0.7545466346,0.5925849434
11.54930692,1330.776524,0.1645315097,0.3405347379,0.6901754565,0.4934031407
14.83985418,1335.411521,0.6642213267,0.3402649049,0.6993261117,0.4865611326
19.63749913,1170.103599,0.5443042544,0.2757660064,0.687913675,0.4008729822
22.93327756,1578.210223,0.3832391367,0.393509366,0.7405334043,0.5313863814
4.228704329,1331.38995,0.2460424138,0.2771247568,0.6733868276,0.4115387255
8.038395166,1603.371345,0.1152945196,0.3451525394,0.7137784283,0.4835569775
21.54681509,1666.585757,0.2849168066,0.4083509699,0.7473505196,0.5463981882
21.76774615,1613.75627,0.1756229682,0.3987961752,0.7419243957,0.5375159214
12.94622565,1660.872198,0.4653618717,0.4204706204,0.7452736127,0.5641828897
15.25651894,1569.642997,0.1750932366,0.3874231086,0.7285759857,0.5317538818
23.67978877,1294.469454,0.2182294674,0.3229269475,0.7120919807,0.4534904988
9.566363932,1595.161214,0.6782712572,0.4399459688,0.7466349597,0.5892383728
12.90398223,1223.758319,0.321082213,0.3142385767,0.6769105489,0.4642246707
10.29516886,1592.297836,0.4971948451,0.4115670291,0.7375461518,0.5580220684
18.30187285,1537.440105,0.4116420897,0.387186384,0.7306629586,0.5299110615
19.29246269,1567.846256,0.243649248,0.3911725556,0.7343718087,0.532662816
14.07487179,1610.038106,0.01323481511,0.3783179162,0.7265020597,0.5207389451
5.247044636,1244.581785,0.3740143991,0.3101624802,0.6708546663,0.462339305
9.993496796,1694.394628,0.4283051235,0.4143726622,0.7471609883,0.5545962232
8.006907522,1522.048492,0.3109734442,0.3655234123,0.7168850196,0.5098773196
13.5884293,1570.25245,0.6257854536,0.4168545719,0.7380851307,0.5647784444
17.1422129,1374.535574,0.8070871569,0.3440808105,0.7085768662,0.4855941915
15.91780433,1505.46442,0.6741098654,0.3916896537,0.7283370473,0.5377862559
18.9436577,1405.460323,0.2171200556,0.3608036304,0.7160497225,0.5038806929
17.7683731,1585.720111,0.5725655376,0.4029905072,0.7383271585,0.5458156354
17.32723298,1422.884014,0.8204680217,0.3535392327,0.7145133709,0.4947972243
10.58917965,1451.15967,0.5160587776,0.3882276016,0.7176196603,0.5409935417
17.86303624,1415.984638,0.03967218976,0.3626727596,0.7149324718,0.5072825391
19.65532606,1311.94795,0.593668045,0.3325129996,0.7066377723,0.4705565038
20.97929542,1211.804365,0.7323290057,0.2866213733,0.6965669662,0.411477126
14.45889481,1135.3606,0.3140804496,0.2849277137,0.6687628945,0.4260519178
10.19695721,1129.682018,0.7475279951,0.2916835851,0.6569634024,0.4439875708
8.815957357,1642.370687,0.9279234717,0.5092278579,0.7662544088,0.6645676058
10.64670195,1405.476331,0.4993056058,0.3766298888,0.7096440925,0.5307306759
10.12296142,1477.14052,0.7907871083,0.4275831071,0.7323081727,0.583884112
22.38731107,1573.865889,0.7462021798,0.386916144,0.7392874491,0.5233636043
18.15834862,1698.783663,0.1759602838,0.4093339756,0.7461203427,0.5486165598
11.74436579,1186.930876,0.6958981585,0.3027867175,0.6694251419,0.4523085534
11.6285801,1110.480846,0.7697737294,0.2718328903,0.6543018185,0.4154548904
20.44323489,1360.367726,0.6424612152,0.3445795564,0.7139428957,0.4826430216
19.75536081,1240.370148,0.9025237798,0.2990812678,0.6977956308,0.4286086852
15.11264707,1110.910261,0.8755985312,0.2580904828,0.6669479387,0.3869724574
10.93213577,1544.750857,0.547431704,0.4099459698,0.7328759832,0.5593660854
13.31069082,1179.963899,0.3289970642,0.3023399743,0.6718239464,0.4500285765
15.29589056,1418.674199,0.8542433257,0.3690342382,0.7161181283,0.5153259269
14.45872025,1688.425003,0.262825148,0.4073127103,0.7427861115,0.548358005
12.29404953,1530.336451,0.03320764189,0.3633946326,0.7141139093,0.5088748838
13.57854306,1133.078452,0.1199574952,0.2878652191,0.6654491926,0.4325878254
8.313084721,1128.915961,0.4671569309,0.3028271156,0.6528227102,0.4638734389
12.03884625,1205.628407,0.06152337235,0.3107457333,0.6712603964,0.4629287456
23.64929353,1315.912584,0.2725756781,0.3309033039,0.7145798689,0.4630739239
15.11866615,1318.884196,0.1184882402,0.3399941551,0.6966652286,0.4880308951
20.73732765,1472.268689,0.9245286711,0.3635647315,0.726636953,0.5003388969
9.126385913,1163.749336,0.9161940147,0.3278478757,0.6715645905,0.4881851729
22.72049206,1488.55031,0.8784568487,0.3688127353,0.731658958,0.5040773864
22.72955013,1641.481796,0.9272697776,0.3945330713,0.7462089589,0.5287166103
21.62519494,1255.077741,0.3083491146,0.3121618322,0.7035037503,0.4437244748
8.138513883,1571.078942,0.5120556492,0.4048166794,0.7359111611,0.5500890608
17.64519477,1147.002313,0.927254886,0.2624448135,0.6797365315,0.3860978502
9.652665729,1601.220114,0.3399571004,0.3892652652,0.7308531097,0.5326176492
21.19955698,1597.761016,0.3857016649,0.3947747635,0.7397052776,0.5336919656
6.188241464,1240.049969,0.7243271626,0.3732076023,0.6915819529,0.5396433506
14.28576985,1120.360491,0.7779138834,0.2693101587,0.6658077116,0.4044863915
19.11704928,1338.003533,0.9208511493,0.3324688739,0.7086472216,0.4691599201
4.197297086,1107.725176,0.2657854537,0.2550633095,0.6285083834,0.4058232415
14.98377188,1291.460569,0.5262184516,0.3296318936,0.6927559254,0.4758268844
9.313781745,1377.875158,0.5691769611,0.3790828293,0.7075746942,0.5357495575
17.21603083,1294.919914,0.2265361627,0.3345134591,0.6990498094,0.4785259284
14.87283394,1494.471646,0.6147131822,0.3919244824,0.7261405332,0.539736407
16.77616717,1222.788567,0.2246616348,0.3131530302,0.6883862759,0.4549088806
11.43698007,1373.498222,0.5831723788,0.3720523153,0.7064384805,0.5266591862
10.27238992,1199.53117,0.3032456333,0.3138657548,0.6674948563,0.4702144921
2.406807769,1181.408953,0.176544425,0.1733194886,0.6230891504,0.2781616218
19.86942251,1323.741136,0.9102603089,0.3280503608,0.7085032411,0.4630188569
15.70697689,1352.549272,0.3281402402,0.3462376866,0.7024213035,0.4929202529
12.855469,1321.862006,0.4867438171,0.346880622,0.6955422476,0.4987197013
16.78582374,1239.731439,0.6387794304,0.312635441,0.6907312409,0.4526151743
12.90525166,1193.034596,0.1850171084,0.3074035713,0.6723803927,0.4571869951
22.50716076,1332.760993,0.2281033955,0.3395663051,0.7145713917,0.4752027706
8.621795337,1276.587373,0.08336725302,0.314090164,0.6699055994,0.4688573499
5.200618632,1138.835877,0.7677030508,0.3538071043,0.6726777145,0.5259682261
6.763757657,1331.351162,0.9136850494,0.436839589,0.7193019596,0.6073104392
23.58069848,1470.930074,0.03920058346,0.3760280309,0.7312661618,0.514215002
16.38299348,1633.493072,0.06791157848,0.392484833,0.7351008764,0.5339196913
6.658561186,1523.405697,0.8310436268,0.4691321463,0.7496139917,0.62583163
16.59603435,1396.593217,0.7901980113,0.3493142371,0.7101878158,0.4918617714
14.53334698,1446.485022,0.925334225,0.3885401817,0.7233399025,0.5371474466
11.56617875,1347.051827,0.4961755706,0.3595708,0.6997377858,0.513865061
18.50517221,1258.786806,0.6364546314,0.3162588203,0.6974354046,0.4534596583
4.932743346,1226.632388,0.5572013275,0.3350233534,0.680897212,0.4920322003
17.79987502,1222.354226,0.1701999206,0.3112465689,0.6909046712,0.4504913368
14.01725941,1563.668253,0.301483674,0.3921354026,0.7290362518,0.5378818978
18.11978861,1532.326738,0.4454554845,0.3866439618,0.7300919791,0.5295825359
12.07085399,1344.159894,0.2357844462,0.3469394499,0.6946888105,0.4994170695
5.127003342,1224.884202,0.7148542542,0.3690382334,0.6909046706,0.5341377024
4.570553126,1305.113258,0.1832054487,0.274153981,0.6630803025,0.4134551728
12.59835993,1621.785046,0.5206344478,0.4198094577,0.7422061987,0.5656237558
6.695830686,1135.992269,0.4407278281,0.3065659826,0.6523462379,0.4699436661
11.10449336,1471.983749,0.8980568256,0.4308859481,0.7333499748,0.587558414
12.64679815,1583.010299,0.2851401805,0.3915571597,0.729408304,0.536814782
11.00357605,1122.647773,0.4479519796,0.2833458214,0.6536702575,0.4334690436
11.92966985,1257.540845,0.591333849,0.3314592394,0.6842202276,0.4844335581
18.12405703,1454.971959,0.170206464,0.3695759702,0.7197442634,0.5134823422
23.19600955,1433.661416,0.2791718966,0.3665917305,0.7268412016,0.504362892
8.053542842,1373.001811,0.82186761,0.4178532955,0.7191301247,0.5810538054
4.185043527,1258.802066,0.684633944,0.3627163172,0.6999531434,0.5182008548
15.79792612,1394.105181,0.7489949468,0.3551608831,0.7101996707,0.5000859586
17.50976653,1181.406277,0.7121616302,0.2868142758,0.6844377681,0.4190509191
22.63747658,1463.812649,0.9302608074,0.3621852467,0.7290366196,0.4967997999
14.96108313,1121.214002,0.4444395567,0.2751348037,0.6681230872,0.411802569
20.85800799,1450.223864,0.7705091615,0.3629594685,0.7245705615,0.5009304654
10.94421317,1527.029957,0.2079454862,0.3715258271,0.7170465281,0.5181334998
15.02695224,1258.043242,0.7414353973,0.3168197328,0.6884282612,0.4602073312
16.12774607,1365.895983,0.9425068031,0.3375585167,0.7051028456,0.4787365685
15.21899834,1661.747318,0.4194770275,0.4164666497,0.7447061645,0.5592362056
19.88866945,1157.538605,0.1469078518,0.2725954905,0.6866747,0.3969790797
2.604647379,1105.041087,0.6566064254,0.2779005483,0.6691052466,0.4153315935
14.80464778,1240.061404,0.2922891535,0.3196978835,0.6853127073,0.4664992785
22.40570825,1392.416343,0.6263559167,0.3519982775,0.7211162161,0.4881297489
5.281146572,1443.664159,0.1650278854,0.2984432541,0.6870494044,0.4343839791
20.43603386,1641.101326,0.07561534634,0.4016525915,0.7425818542,0.5408866231
19.50605317,1642.960633,0.7587151772,0.4144515294,0.7476449792,0.5543426907
23.6118831,1478.072657,0.7521731345,0.3695874321,0.7320288737,0.5048809485
17.17829035,1166.561485,0.5145590249,0.2859262646,0.6814232813,0.4196015494
22.57168535,1585.812417,0.2846064875,0.3951726619,0.7406692332,0.5335345984
21.83964648,1558.010557,0.4663867659,0.3883486229,0.7369360706,0.5269773572
21.03344922,1490.965156,0.0007025590737,0.3792795035,0.7290615035,0.5202297772
8.060477782,1176.411186,0.8621810168,0.3478821065,0.6767053286,0.514082115
8.608252638,1434.324057,0.2119243537,0.3473197126,0.6997668765,0.4963363147
7.537340598,1192.466672,0.4985004229,0.3272502743,0.6682102167,0.4897415007
3.317074666,1249.979372,0.1751604144,0.2275116489,0.6444804196,0.3530156106
12.85182077,1374.474704,0.9120088786,0.3766150048,0.7120479747,0.5289180198
12.27961613,1203.111687,0.3090622745,0.3092728966,0.6719222274,0.4602807944
6.98735046,1245.114722,0.130410378,0.3002046828,0.6597196399,0.4550488794
21.05802463,1452.315349,0.8125947765,0.3624921866,0.7251485137,0.4998868228
10.45469485,1251.326817,0.8883224626,0.3506402327,0.6896000107,0.5084690071
5.655465215,1204.434295,0.4744088188,0.3228058522,0.6695787118,0.4821029201
19.16423723,1614.560296,0.5749926008,0.4052792006,0.7421465921,0.546090496
11.09012465,1289.943323,0.4436771112,0.3427826095,0.6881134126,0.4981484203
20.4479513,1415.3382,0.1228314924,0.3638386771,0.7200939287,0.5052655808
11.40738878,1529.650551,0.09860359229,0.3640386259,0.7140024912,0.5098562405
9.310855278,1492.627778,0.9043859775,0.4570874207,0.741065915,0.616797253
16.36072488,1215.257992,0.8842632667,0.2983896797,0.686239594,0.4348185128
11.51710629,1341.797953,0.399176601,0.3537335925,0.6967248951,0.5077091331
13.19184018,1494.839428,0.2341034431,0.3758736414,0.7176501406,0.5237561036
9.415736711,1318.455859,0.1230362963,0.3283173079,0.6809405945,0.4821526438
15.92878573,1689.760788,0.9296068047,0.4592820347,0.7603740831,0.6040211587
15.45315986,1293.819462,0.09558603783,0.3347684436,0.6943698231,0.4821183647
5.844397709,1252.631462,0.9423331113,0.4290545744,0.7077561226,0.6062181035
16.62946598,1183.529944,0.8874158398,0.2853846175,0.6824415875,0.4181817503
10.40557875,1588.878126,0.2813564105,0.3841680703,0.7271930933,0.5282889425
13.20344362,1143.131592,0.2273015868,0.2914943912,0.6657317975,0.4378555934
4.586561777,1333.671579,0.04957821376,0.2575192759,0.6524052189,0.3947228938
21.43087232,1214.127254,0.2312955569,0.2947867452,0.6977899908,0.4224576866
16.22587672,1344.031371,0.6457390266,0.3403349494,0.7027128083,0.4843158477
6.511103144,1112.783109,0.5719818895,0.3118571604,0.6523736755,0.4780345561
16.32092617,1601.667501,0.2095283442,0.3952804407,0.7343006466,0.5383087194
12.71667994,1365.411965,0.8764254614,0.3731291685,0.7098020327,0.5256806142
4.325779191,1183.794988,0.1196366932,0.2479445431,0.6314647986,0.3926498257
11.92486927,1230.203934,0.09768952894,0.3172287465,0.6749299432,0.4700172954
18.80232224,1225.478029,0.1682923028,0.3098503402,0.6936976161,0.4466648479
16.0063935,1495.513661,0.6700241398,0.388110841,0.7266862635,0.5340830844
4.83538328,1286.701375,0.007613103048,0.2550745995,0.6419534501,0.3973412706
19.45962647,1632.57344,0.5388163623,0.4081257539,0.7441485008,0.5484466521
20.49265253,1663.605506,0.4464664814,0.4109973486,0.7473695004,0.5499252356
23.3056263,1280.484465,0.8179468025,0.3074789323,0.7097549766,0.4332184238
22.95880375,1395.868947,0.4834547198,0.3548560167,0.7224305336,0.4911974234
17.25719693,1611.357734,0.5083339602,0.4086765877,0.7408395737,0.5516397911
14.67119693,1539.387803,0.819990031,0.4156539608,0.7371466771,0.5638687302
7.51722723,1561.346228,0.3071389502,0.3644835426,0.7213741037,0.5052628598
18.99784708,1540.934596,0.06499488114,0.3852057385,0.730458539,0.5273478479
13.26472456,1124.118006,0.5795243325,0.2790786012,0.6628975869,0.4209980647
8.367170638,1485.772639,0.1442181019,0.3428571478,0.702251365,0.4882256766
11.4188368,1319.050363,0.1731078529,0.3383848064,0.6882598172,0.491652713
20.51922585,1464.201602,0.4374185645,0.371324414,0.7254100073,0.5118821222
22.11714592,1660.16529,0.03154189379,0.405874653,0.7465914913,0.5436368586
9.660703237,1175.35781,0.508195725,0.313982138,0.6651721112,0.4720314227
8.340771879,1587.517888,0.3717646883,0.3844720415,0.7298627638,0.5267730601
2.578191814,1171.134879,0.1416200795,0.1794795126,0.6160422024,0.291342885
19.61081113,1340.720181,0.5497059941,0.3415798512,0.7099960697,0.4811010452
13.65079123,1466.897136,0.5804091194,0.3882496622,0.7215034033,0.5381120316
10.07387574,1367.659026,0.4629345448,0.3657334405,0.7019350965,0.5210359794
21.95588181,1318.623564,0.4426083836,0.3335830358,0.7119220171,0.4685668202
9.142200045,1158.47538,0.1024922462,0.2956135834,0.652808885,0.4528332721
10.2252419,1525.755849,0.5956829755,0.4129187827,0.7322985838,0.5638666957
6.702023055,1533.814116,0.1855345303,0.3331492096,0.7066539297,0.4714460582
16.10024659,1346.978896,0.5673860236,0.3423056393,0.7027540773,0.4870916447
13.65047272,1484.946875,0.2805948347,0.3773486611,0.7180574703,0.5255131751
14.84376479,1443.873619,0.5393285236,0.3757097118,0.7171603219,0.5238852463
19.7382612,1324.103776,0.8825861216,0.3291152201,0.7082784758,0.4646692387
10.29949536,1675.539381,0.2715750644,0.3914472812,0.7368745845,0.5312264657
8.893566531,1462.387131,0.7143958872,0.4194099525,0.7287014439,0.5755580095
9.506492027,1474.394143,0.3861509094,0.3775016558,0.7156058129,0.5275273747
22.08525797,1496.843429,0.5442212601,0.376915965,0.7314423785,0.5153050686
11.70478486,1196.785926,0.3170274144,0.3092358324,0.6697504259,0.4617180079
18.66741178,1257.595507,0.6091427654,0.3161205386,0.6976494094,0.4531223482
11.89890355,1503.8863,0.03467547945,0.3586727129,0.7100607553,0.5051296107
17.9741064,1283.148604,0.2176039216,0.3307383251,0.6993526616,0.472920664
5.6092173,1421.215616,0.8010361117,0.4401555836,0.7343155546,0.599409315
7.849790405,1456.218366,0.8776894841,0.4556625577,0.7374932966,0.6178531517
4.43063597,1217.421944,0.11592313,0.2533623731,0.6385039032,0.3968063027
16.93017281,1484.661711,0.6979942459,0.379710362,0.7248141649,0.5238727117
6.463590995,1295.774706,0.8337054706,0.4100985563,0.7088287441,0.5785580223
17.14106381,1367.918855,0.2105893513,0.3518559749,0.7077977849,0.4971136988
4.180404135,1120.60769,0.4862633595,0.2908255213,0.6510515348,0.4467012298
11.92788784,1323.250565,0.6295483327,0.3559112219,0.6979142473,0.5099641156
19.82363282,1439.082646,0.1876668986,0.3682460866,0.7214646744,0.510414577
14.94473466,1696.439968,0.9202084334,0.4680151248,0.7623416584,0.6139178145
8.949388025,1420.914239,0.2791150842,0.3551781611,0.7019322051,0.506000663
7.298582391,1187.531582,0.3384922422,0.3116616272,0.660196369,0.472074131
17.82757104,1226.758658,0.7577849914,0.3032121284,0.6915729882,0.4384383623
8.087351326,1462.831965,0.2714841308,0.3540229118,0.7061709559,0.5013274886
3.165769173,1186.798193,0.9388548283,0.4452157193,0.7104578988,0.6266602427
19.6409979,1351.019908,0.1716890602,0.3485133752,0.7112678148,0.4899889577
15.11377689,1692.169226,0.7434517746,0.4487438036,0.7568727894,0.5928919759
23.32949825,1524.496378,0.09347799191,0.3865245177,0.7361223873,0.5250818673
2.415001387,1158.282482,0.2185682465,0.1784399467,0.6251940765,0.2854152868
19.73099976,1676.406565,0.6073892237,0.4190686569,0.7503245087,0.5585165513
17.96086232,1212.684413,0.3441751157,0.3055718937,0.6899672873,0.4428788138
15.80367148,1287.945654,0.3347694032,0.3318542699,0.6945552987,0.4777938783
18.87860922,1620.1054,0.1138211473,0.3975849239,0.7385546612,0.5383283659
16.85741255,1435.479214,0.2857152439,0.3652464712,0.7153953689,0.5105519089
14.25011883,1109.172683,0.5261767078,0.270856585,0.66387609,0.4079926798
13.83475246,1387.420684,0.1244808568,0.3535655956,0.7029060667,0.5030054688
11.45959102,1502.877353,0.1638938889,0.3668446418,0.7133682691,0.5142430041
6.943218462,1332.617301,0.4732507899,0.3551282794,0.6954637577,0.5106352063
9.701022058,1145.411303,0.7967619158,0.3066720061,0.6627174525,0.4627492529
12.10950414,1159.35353,0.9076711151,0.2833579419,0.6642386672,0.4265905553
8.659258076,1211.464136,0.494183525,0.3298787537,0.6724569371,0.4905574402
5.720176424,1100.784496,0.06656467908,0.2577500516,0.6208229557,0.4151748083
15.73542156,1271.381925,0.004309217305,0.3294262606,0.6921970993,0.4759139571
13.17581229,1525.403848,0.3493762206,0.3883427085,0.7245337555,0.535989808
21.79000988,1540.172525,0.6325151071,0.3829777398,0.735166859,0.5209398861
21.11257458,1432.214271,0.8929926814,0.3561312507,0.7231304692,0.4924854724
13.50366762,1340.943157,0.5112631164,0.350304373,0.699425756,0.5008456866
12.49022494,1433.149474,0.9000758124,0.4030795732,0.723805764,0.5568891452
21.36148155,1231.581529,0.7679977418,0.2936974223,0.6999575181,0.4195932106
14.70603272,1198.20579,0.3459802629,0.3067923582,0.6790639018,0.4517871697
13.35340762,1219.556251,0.5325544946,0.3105067169,0.677836507,0.4580849713
3.260682663,1166.677067,0.6285783668,0.3088769556,0.6781172771,0.4554919422
22.4044653,1680.068225,0.2768909887,0.41009283,0.7493843109,0.5472396794
11.37241386,1368.53353,0.4894882522,0.3654958153,0.703271713,0.5197078292
13.11283879,1404.728901,0.5660571427,0.3727534862,0.7111748311,0.5241376239
7.40584401,1205.542845,0.3041276236,0.3129619973,0.6625992798,0.4723246867
9.755567618,1675.725275,0.2869891161,0.390259398,0.73708927,0.5294601534
7.497954679,1359.472519,0.09241700751,0.3154809134,0.6780919212,0.4652480048
18.13047279,1559.241191,0.7274081708,0.3966326437,0.7360495607,0.5388667624
7.027866708,1551.862011,0.3534506968,0.3661466814,0.7228708391,0.5065174325
23.27603016,1584.632767,0.07858606015,0.3966351023,0.7416370988,0.5348102231
15.93260333,1354.034483,0.001799368152,0.3484462109,0.7031832954,0.4955268608
13.87075166,1488.865212,0.880684118,0.4087652401,0.7310903463,0.5591172721
15.01845483,1152.046979,0.04829353465,0.2918630786,0.673120481,0.4335970852
18.0355186,1195.500341,0.2028339691,0.2997242489,0.6877535257,0.4358018356
14.97315327,1275.011731,0.563110112,0.3250190323,0.6905544805,0.4706638527
11.30914429,1623.10877,0.2693916635,0.3907251789,0.7319663924,0.5338020747
22.59385819,1290.810959,0.6740105984,0.3176562333,0.7097472281,0.4475624853
13.24991622,1467.737527,0.7939197869,0.4019281279,0.7263992908,0.5533156943
12.54689281,1511.695478,0.698406764,0.4126530414,0.7319365847,0.5637825052
12.71734339,1119.202075,0.6630772413,0.2763631399,0.6600813704,0.4186804116
11.41271582,1122.18312,0.0774163346,0.2868521118,0.6553625853,0.4376998599
4.253038636,1260.224217,0.6305194101,0.3491342922,0.6956748728,0.5018641694
22.82723583,1558.88202,0.3888792171,0.3902689401,0.7385883471,0.5283984531
12.53608814,1100.899098,0.8460353296,0.2641819226,0.6563355534,0.4025104556
7.209316997,1348.934768,0.6203520886,0.381693879,0.7064375268,0.5403080449
22.39597197,1223.903609,0.7231059875,0.2866598038,0.700954774,0.4089562044
4.677598796,1397.754327,0.7935709529,0.4314353156,0.7334284523,0.588244585
17.71663421,1160.762576,0.2057909509,0.2851780187,0.6819609735,0.4181735169
19.97846359,1619.600854,0.6594928796,0.4042690405,0.7433740722,0.5438298908
9.225696074,1491.337646,0.6123636362,0.4095188326,0.7284507807,0.5621777661
22.59201914,1537.661769,0.8065160743,0.3797867269,0.7362244115,0.5158572862
17.40795443,1216.046808,0.3883374642,0.3076966926,0.6890677938,0.4465405224
14.92842887,1323.627768,0.5908889956,0.3359688865,0.6968834926,0.482101944
13.36814144,1224.847687,0.4381698713,0.3134443668,0.678649513,0.4618648665
12.59266769,1124.344235,0.8810757353,0.272046543,0.6604545665,0.4119080355
21.66145572,1444.045724,0.4124941127,0.3679285104,0.7253488692,0.5072435156
23.77925239,1234.05157,0.6928372745,0.2863240708,0.7047876509,0.4062557998
18.86764885,1220.0668,0.819357271,0.2959348711,0.6931150657,0.4269635531
3.714207236,1252.47108,0.3494543649,0.2723233735,0.6683965633,0.4074278482
17.31758381,1513.779984,0.5139047024,0.385002007,0.7277416656,0.529036642
21.0001152,1415.032807,0.2224154247,0.3632825785,0.7210842691,0.503800449
23.58059102,1242.007646,0.5451486069,0.2948806674,0.705451212,0.4180029212
9.181734936,1216.203353,0.05911922017,0.3057273982,0.6618534754,0.4619261053
10.43707499,1357.467505,0.534105879,0.3681153237,0.7024376615,0.5240540818
20.549432,1576.46966,0.7530431914,0.3882150103,0.7375219977,0.5263775338
6.533616465,1279.952538,0.2787120159,0.3172620194,0.673440444,0.4711062755
9.436424571,1252.492812,0.4234164195,0.3353190948,0.679235507,0.4936713281
23.52167746,1490.375687,0.1583970638,0.3797759369,0.7331077393,0.51803564
11.61070194,1371.322526,0.8654125487,0.3866628135,0.7127005948,0.542531908
15.46337121,1141.117436,0.9299302837,0.2692657808,0.6727868707,0.400224488
7.592884406,1453.289937,0.9158211559,0.4667444432,0.7396014958,0.6310755804
15.12518411,1393.802217,0.6897638008,0.3601017988,0.7101843317,0.5070539897
22.94413854,1364.274433,0.5536931392,0.3447384012,0.7189232057,0.4795204807
4.580256197,1162.721295,0.3242043087,0.2794037533,0.6479241466,0.4312291103
9.727611471,1166.570309,0.8128860122,0.3172932433,0.6685641618,0.4745890693
16.08684183,1113.309025,0.580732908,0.2630789127,0.6702740208,0.3924945686
12.16770302,1493.954848,0.3242420865,0.3803016253,0.7185983482,0.5292269684
20.28218437,1517.534789,0.4534399551,0.3803106606,0.7303714214,0.520708573
10.17438842,1457.051904,0.6287447396,0.4021678609,0.7228335516,0.5563768589
13.58051374,1161.518491,0.8260570827,0.2857527398,0.6699259086,0.4265437955
10.65523957,1507.109302,0.1953881412,0.3665421285,0.7134243713,0.5137785352
21.56822719,1557.191169,0.2278287236,0.3901065608,0.736413472,0.5297384901
12.30295453,1537.972188,0.7237552336,0.4230470178,0.7369768514,0.5740302657
20.69351309,1658.936258,0.4416932349,0.4095230496,0.7468655632,0.5483223083
7.932398059,1365.215304,0.6172431175,0.3844169759,0.7084304355,0.542631932
4.990395317,1203.389954,0.883551364,0.4065990485,0.6971841019,0.5832018364
22.21156516,1290.444741,0.260358953,0.3250824628,0.7090075797,0.4585035084
12.02214874,1536.388126,0.1367401077,0.371035078,0.7176942072,0.5169821273
7.43871027,1498.849099,0.5488471802,0.3978428952,0.7278303573,0.5466148687
20.40894193,1561.706663,0.9269152982,0.3820060589,0.7359288779,0.5190801318
9.505731606,1302.130908,0.2755767639,0.3370636271,0.6838661289,0.4928795459
18.46190788,1307.475638,0.1345972848,0.337755332,0.7035213156,0.4800925352
9.28645441,1234.46886,0.9499587625,0.3630252196,0.6902802007,0.5259099409
11.81712415,1248.624768,0.1747635338,0.3230130298,0.6781960224,0.4762826957
6.360768818,1160.017751,0.3615966017,0.3037109721,0.6535909417,0.46468051
20.75726426,1292.351079,0.7267290259,0.3214170605,0.7064714072,0.4549611735
16.00453574,1514.61971,0.9114552711,0.4002838923,0.7330759593,0.5460333097
19.69682976,1165.429755,0.4262802371,0.2750851052,0.6873790346,0.4001942035
8.868079999,1324.055719,0.9076319324,0.4043987919,0.7105688744,0.5691197665
11.92293497,1407.011422,0.9480471912,0.4024711111,0.7211349692,0.5581078831
23.32412748,1559.667582,0.8653831208,0.3827809463,0.7394233178,0.5176749732
21.4403837,1495.632337,0.60548282,0.3753557766,0.7302346227,0.5140207886
7.815784791,1280.11453,0.3810572937,0.3371934154,0.6813306095,0.4949042516
12.55206419,1551.623151,0.4059751179,0.3969052047,0.7291931365,0.5443073787
7.719960828,1299.030983,0.0517646868,0.3067967469,0.6676413476,0.4595232874
13.49520889,1413.500606,0.548773658,0.372983464,0.7123279629,0.5236119926
4.233226834,1254.226705,0.6028574956,0.3406906349,0.692189128,0.4921929876
3.958515307,1135.716504,0.8295788481,0.3741078873,0.6826486141,0.5480240926
12.83051092,1518.339767,0.4469404894,0.393952852,0.7259528411,0.5426700327
7.315207439,1237.681675,0.8766328149,0.3868516104,0.6949022549,0.5566993166
13.04355854,1338.097571,0.4969485935,0.3512855091,0.6986241234,0.5028247628
19.47738575,1462.877106,0.7335601112,0.3653567179,0.7233122187,0.5051161981
9.464233017,1451.661178,0.8785438766,0.4383453132,0.7325970799,0.5983443358
17.69960684,1654.36899,0.1091836731,0.4000202563,0.7400867796,0.5405045291
10.37902021,1425.455007,0.6711709424,0.3980210059,0.7188385718,0.5537001233
17.68873936,1460.19984,0.03517266535,0.3702619305,0.7194017761,0.514680312
8.430502886,1309.354511,0.5978303595,0.3670499733,0.6964307542,0.5270444637
16.90970032,1566.767185,0.5650670412,0.401110191,0.7356730639,0.5452288669
22.16574301,1293.049448,0.06263604239,0.327242567,0.7092401538,0.4613988157
13.90232198,1686.962149,0.457763274,0.423913859,0.7483534347,0.5664621011
17.68679564,1209.089742,0.8418200418,0.2942557506,0.6887974484,0.4272021495
13.07758743,1561.857481,0.2434025153,0.386246939,0.7260808823,0.5319613124
13.05667725,1640.554731,0.01307094053,0.3758847922,0.7268308269,0.5171558199
7.266853322,1118.096778,0.4681024454,0.3029435205,0.6495273374,0.4664061126
17.06809713,1476.657312,0.6585208398,0.3761391545,0.7231865106,0.5201136208
5.929626492,1279.634328,0.8368701893,0.4104606921,0.7075290134,0.580132665
5.413549016,1307.924447,0.7659285669,0.4030665927,0.711215153,0.5667294784
14.37744282,1105.048615,0.005917124012,0.2738830831,0.6636260607,0.4127069434
17.01981622,1633.343839,0.7559673594,0.425096097,0.7478278549,0.5684411114
12.73678557,1367.641136,0.7955881147,0.3711171718,0.7087564111,0.5236173754
5.449620865,1165.909063,0.3735570755,0.2993312832,0.6541131733,0.4576139045
19.92571744,1499.564623,0.06058146236,0.3796828534,0.7279283032,0.52159375
12.66253022,1408.004558,0.1839709405,0.3577133071,0.7040896917,0.5080507658
21.89945004,1445.393649,0.1044369384,0.3705021305,0.7259009266,0.5104031652
18.42277802,1372.526494,0.8156196609,0.3441346264,0.7112161334,0.4838678571
9.230095335,1632.634245,0.5822923353,0.4294775649,0.7474820345,0.5745657356
11.06198689,1662.97483,0.1938481415,0.3849694774,0.7326056915,0.5254797797
9.929191868,1644.30376,0.715379844,0.4552059787,0.7546909265,0.6031687445
21.760984,1196.424684,0.4658146744,0.2806800839,0.6960650748,0.4032382805
20.94385625,1294.639073,0.3004765002,0.3291385168,0.7071190333,0.4654640892
8.804444498,1163.217055,0.3168525395,0.3057138203,0.6574687772,0.4649860661
20.69385566,1331.598561,0.1004546194,0.3425847792,0.7110779452,0.4817823159
16.77157465,1356.073949,0.5902280969,0.3444584035,0.7055132872,0.4882380102
9.94476265,1163.994159,0.6374700013,0.3102390557,0.6646334312,0.4667822008
16.00091346,1488.319584,0.6143095891,0.3848724672,0.7249122192,0.530922858
7.514643969,1434.221514,0.6245731595,0.4005333705,0.721550785,0.5551007342
7.891935342,1489.14622,0.6247455058,0.4113984566,0.7301010683,0.5634815157
22.27069707,1506.105749,0.4974828119,0.3794126528,0.7326608355,0.5178557859
5.924782209,1448.434779,0.1860114794,0.3143960484,0.6922552943,0.4541619991
21.62555689,1635.566946,0.8842389347,0.4002147098,0.7460928091,0.5364141095
17.38372526,1328.002911,0.4152427206,0.3410257785,0.7035760617,0.4847034984
12.55909423,1468.335964,0.7915882513,0.4072101283,0.7272926233,0.5598986092
12.23066674,1242.489667,0.4653660475,0.3231169609,0.6801012437,0.4751012645
4.788168014,1421.894789,0.8192305751,0.4467856838,0.7390071876,0.6045755593
8.1726216,1422.828047,0.003873340789,0.3192191844,0.6843482801,0.4664572026
13.77479342,1271.345431,0.7621756098,0.3208733976,0.687248146,0.4668959814
21.61764672,1645.488157,0.6375680588,0.4042550977,0.7463471167,0.5416448844
22.42951748,1472.441251,0.1756616327,0.3759251653,0.7295696654,0.5152697311
9.663379779,1388.169653,0.6263857287,0.3866566332,0.7113367604,0.5435634073
12.49594242,1650.385203,0.05595810008,0.3774686261,0.7280548981,0.5184617631
16.00048329,1230.732378,0.9306963463,0.3027352568,0.6874174038,0.4403951008
20.1771529,1554.256928,0.2336364944,0.3878500468,0.7337544641,0.5285828787
22.88382718,1516.874415,0.6813306517,0.3787309195,0.7346946227,0.5154943398
9.248901692,1392.569202,0.5418927274,0.3796107403,0.7091020862,0.5353400416
9.772217939,1674.819794,0.7656767703,0.4714334782,0.7612838472,0.6192611073
20.11518745,1177.299337,0.7079606202,0.2732024279,0.6899948868,0.3959484817
11.48182933,1685.89723,0.03003615637,0.3711437467,0.7276035921,0.5100905916
18.18904981,1139.491853,0.2904698836,0.2708602531,0.6799917797,0.3983287169
9.448560574,1406.127723,0.3649707092,0.363839062,0.7041876697,0.516679115
11.64589107,1130.137738,0.6748679575,0.2810291871,0.6576608699,0.4273162658
11.34834908,1239.723665,0.2512642929,0.3224652037,0.6763971064,0.4767394784
13.25463802,1234.602054,0.3732749424,0.316676648,0.6796663569,0.4659295621
2.513387913,1176.241574,0.1096376048,0.1714851644,0.6104417365,0.28091979
18.38521569,1343.87649,0.4872437413,0.3438936699,0.7077712027,0.4858825403
15.390948,1558.168015,0.1278129786,0.3837451516,0.7266308011,0.528115724
7.907426588,1124.623148,0.7684274336,0.3194534261,0.6603241645,0.4837827287
19.89769225,1494.173108,0.3839274218,0.3767894702,0.7273319431,0.5180433415
16.41665333,1584.291115,0.003025764069,0.3839696038,0.729243252,0.5265315829
17.93695085,1478.80712,0.004592635873,0.3736111711,0.7218776068,0.5175547317
22.59564608,1609.804814,0.03627713146,0.3997112436,0.7428659403,0.5380664557
6.238660332,1120.222809,0.1257690163,0.2723692184,0.6318347864,0.4310766426
9.388013704,1309.903109,0.6385459311,0.367216127,0.6972233237,0.5266836529
10.4828225,1485.388787,0.9155009113,0.4440670792,0.7375610447,0.6020750179
20.16685465,1174.796305,0.2890791421,0.2796696196,0.689754906,0.405462313
3.661206088,1329.836877,0.4137629187,0.2907456625,0.6908896965,0.4208279035
19.42108178,1638.010709,0.02566881027,0.3985661298,0.7403500493,0.538348218
12.17601671,1408.229534,0.27054721,0.3615153588,0.7051129524,0.5127055993
7.707759484,1256.361889,0.7865919956,0.3771168273,0.6942061875,0.5432346097
4.412023917,1371.801873,0.6100996331,0.3643973498,0.7157348698,0.5091233712
7.61072904,1283.506637,0.9305080233,0.4095372939,0.7066980335,0.5795081838
20.47512595,1528.978435,0.5336637258,0.3813161478,0.7318389737,0.5210383178
15.50428979,1409.964249,0.4231394964,0.3621564398,0.7110439424,0.5093306029
9.105155315,1226.05811,0.1149862977,0.3104471816,0.6647706012,0.4669989633
20.34203723,1370.373216,0.172575439,0.3531036642,0.7148909844,0.4939265873
18.75597565,1691.711354,0.5332592126,0.4230867335,0.7512740053,0.5631590212
21.11083302,1378.766703,0.3830345652,0.3530656714,0.7172944591,0.4922185958
20.94688849,1259.880523,0.3861333256,0.3152707762,0.7027848963,0.4486020941
5.825348757,1462.055877,0.9470746846,0.5021686117,0.7493524078,0.6701367827
12.41431679,1383.32213,0.6347374697,0.3726784566,0.7089486337,0.525677657
12.13058968,1685.009317,0.125289956,0.385261062,0.7337309126,0.5250713244
3.56015942,1115.287025,0.3034280879,0.2441465919,0.6317471825,0.3864624943
7.341875637,1507.046193,0.3159311427,0.3586802124,0.7142339712,0.5021886761
11.36847916,1625.078687,0.07787713682,0.3708055284,0.7235593921,0.5124742107
9.294018003,1439.272732,0.2139391894,0.3526524501,0.7021802446,0.5022249668
9.37284762,1551.291964,0.4138463372,0.3917844488,0.7278492817,0.5382768915
20.20933095,1323.355286,0.9113785624,0.3274932716,0.7091434374,0.4618152751
11.95005817,1103.904883,0.8356750275,0.2669535412,0.6545149975,0.4078646665
8.9441169,1525.852938,0.4628343993,0.393499966,0.7266244027,0.5415452117
7.611269054,1295.353326,0.7354951836,0.3838703064,0.7006822921,0.5478521589
14.88888782,1116.189128,0.1329787673,0.2766054514,0.6670916668,0.4146438416
7.76422064,1473.834732,0.3648889507,0.3658648654,0.7129882901,0.5131428812
8.762814909,1338.411437,0.3007321085,0.3435730929,0.6895188669,0.4982794661
19.9225324,1409.609737,0.259547208,0.3617465602,0.7184641256,0.5034998232
13.83291969,1617.544079,0.6370628233,0.4275833698,0.7448743715,0.5740342079
15.19347338,1383.901462,0.3392942309,0.3554928798,0.7063584435,0.503275473
10.59228016,1465.017862,0.7381234501,0.4147145687,0.7276595976,0.5699293599
5.752055662,1280.207748,0.9227924216,0.4356013852,0.7132983002,0.6106861394
13.6362033,1652.045519,0.9006628733,0.4636964004,0.7574503856,0.6121805589
7.715779227,1472.38771,0.2302428322,0.3463309827,0.7041953496,0.4918109483
7.075578145,1118.940827,0.3964158938,0.2983275705,0.6468790875,0.4611798036
16.67069985,1157.712215,0.5241709001,0.2836633258,0.6787554542,0.4179168272
9.835194624,1126.796138,0.3257296151,0.2917917267,0.6520343784,0.447509727
15.72778069,1299.078291,0.7681100914,0.3268900387,0.695791748,0.4698101691
11.76509106,1679.688429,0.8890888943,0.4842622614,0.763798014,0.6340187491
14.57300522,1325.074043,0.1081848931,0.3409795237,0.696078616,0.4898577773
9.321643891,1346.649971,0.6579977458,0.3800976089,0.7051289937,0.5390469152
14.23471287,1246.252409,0.2288010226,0.3217602613,0.6844525387,0.4700987184
21.25302499,1552.424165,0.167505433,0.3893267382,0.7354372745,0.529381297
7.983483747,1537.789758,0.4972801628,0.3968563935,0.7303524337,0.5433765606
8.851023338,1342.812547,0.5335898298,0.3677514679,0.6999967195,0.525361702
16.37338041,1625.631412,0.3087363392,0.4037840361,0.7388292942,0.5465187145
8.744258368,1594.377509,0.140321051,0.3552748949,0.716620424,0.4957644005
20.33548577,1658.611127,0.2295486901,0.4067645134,0.7451414074,0.5458890209
11.29744194,1578.198622,0.3097200118,0.3895706786,0.7281815852,0.5349911155
4.151086875,1281.951111,0.9280377433,0.4609216841,0.7231309631,0.6373972455
11.30542749,1631.746972,0.8459550819,0.4683831925,0.7563020115,0.6193070828
10.3092823,1368.254668,0.682948005,0.3833332078,0.7090003792,0.5406671408
17.85539247,1177.011791,0.7874859595,0.2813423356,0.684676129,0.4109130197
23.02010138,1315.109327,0.09901964389,0.3331666441,0.7134066501,0.4670080438
11.49310949,1601.540782,0.5075539621,0.4152452193,0.7391318277,0.5618012968
14.91176511,1149.986376,0.4127557509,0.2882125527,0.6724748271,0.4285848943
14.72969627,1259.902204,0.9299854535,0.3119467909,0.6878157737,0.453532476
13.67319058,1680.769799,0.2747081761,0.4056237726,0.7414977894,0.5470330167
6.341699314,1334.768726,0.04989852308,0.2931805628,0.6652389057,0.4407146971
4.582609698,1250.226029,0.0866708824,0.2562180745,0.6425534072,0.3987498496
17.66878796,1527.523016,0.1095895688,0.3821613127,0.7269983808,0.5256701017
2.530877638,1177.766916,0.3348213126,0.2062194076,0.6485867026,0.3179519513
19.1607841,1149.252081,0.06503292236,0.2723981252,0.6837972659,0.3983609452
23.9507355,1313.95556,0.4693889282,0.3269752656,0.7148565817,0.4573998114
22.03365948,1248.279128,0.4035622304,0.3065940433,0.7034188054,0.4358627334
7.834209761,1237.399443,0.2375856373,0.3154602177,0.6669062446,0.4730203387
19.19377675,1377.099355,0.7579792851,0.3467058709,0.7133661609,0.4860139013
2.93863131,1250.640405,0.2953127318,0.2290990571,0.6599990287,0.3471202943
3.787397627,1165.217183,0.01643300268,0.2175445798,0.6095521106,0.3568925052
15.07927283,1532.141272,0.662107313,0.4032219091,0.7326273958,0.5503778748
14.45952781,1141.774788,0.1704970742,0.2888114507,0.6697718066,0.4312087309
9.439561384,1143.407509,0.7608718391,0.3085068044,0.6620585861,0.4659811244
16.94729491,1565.43789,0.483382047,0.3983278202,0.7344437558,0.5423530624
20.5223539,1606.492772,0.7553329461,0.3979301518,0.7419302659,0.5363444114
10.27024365,1328.975477,0.808726492,0.3805469812,0.7051003485,0.5397061312
10.47890703,1331.585139,0.4025714282,0.352721444,0.69413193,0.5081475564
20.84749492,1231.467952,0.9328125649,0.2904454842,0.6989101156,0.4155691522
23.13056867,1198.753391,0.9247093489,0.2617078854,0.699001315,0.3744025651
15.8648139,1159.782062,0.5062361452,0.2877745232,0.6768096054,0.4251927291
21.43006572,1575.930718,0.8399566763,0.3841676593,0.7379351773,0.520598111
20.96850137,1257.457818,0.04513773764,0.3167796195,0.7025193051,0.4509194511
8.630336006,1295.890416,0.4396356023,0.3477571815,0.6875042699,0.5058254861
15.07950604,1142.161886,0.3582302779,0.2852802482,0.6717838734,0.4246607569
6.967794574,1468.471216,0.4376172277,0.3706300528,0.7163685896,0.5173734
11.00599397,1530.323442,0.6658528784,0.4206946605,0.7350997249,0.5722960385
10.23703747,1602.925721,0.6537203129,0.4361824768,0.7459197597,0.5847579062
11.88236236,1600.764896,0.2886677755,0.3921619821,0.7307947486,0.5366239738
7.994703903,1157.198395,0.006960304328,0.2847910802,0.6441664552,0.4421079023
9.970133956,1658.875973,0.7843567578,0.4712161705,0.7596812573,0.620281422
17.16180226,1240.492034,0.6345451852,0.3124156797,0.6917902296,0.451604643
5.028252993,1345.697394,0.3248902614,0.3110643682,0.6858144227,0.4535693009
8.994259919,1422.119247,0.149330126,0.3419035917,0.6958145455,0.4913717224
3.177630741,1270.457813,0.8408502008,0.4099614216,0.7213043527,0.5683612196
8.157336099,1293.250122,0.1340343172,0.3175176007,0.672913719,0.4718548481
16.68534815,1652.002053,0.0649512059,0.3952013019,0.7373808088,0.5359527902
20.18623572,1159.441205,0.3606719748,0.2697904185,0.6876101393,0.3923595698
14.70979075,1555.036994,0.9118826618,0.4258055442,0.7415515952,0.5742089249
5.502594655,1171.029057,0.9149549091,0.3943055627,0.688119938,0.5730186571
20.1673037,1594.162663,0.5271125518,0.3962368105,0.7392371505,0.5360077078
5.276699937,1164.661912,0.203187861,0.2755236819,0.6410351099,0.4298105949
14.72951585,1624.534581,0.2641131975,0.3995931077,0.7360801616,0.5428662916
10.87771271,1487.143724,0.7598792454,0.4215127778,0.7317147175,0.5760616367
7.689104318,1264.118408,0.8231072926,0.3849151559,0.6975299479,0.5518259926
10.67392729,1360.92771,0.1624184643,0.3433731491,0.6923199172,0.4959746795
12.65373362,1271.006539,0.596657279,0.3314881972,0.6869004183,0.4825855224
5.460060461,1437.511906,0.5418599391,0.3721009098,0.7196457676,0.5170612079
15.01366134,1538.653175,0.5710375868,0.4010192671,0.7319321333,0.5478913261
18.77208194,1289.86427,0.6019060833,0.3266968162,0.7020139377,0.4653708404
20.09449195,1638.286778,0.02472321991,0.3998686685,0.7414941545,0.5392742021
22.67202266,1329.303244,0.2211744132,0.3381720152,0.7144599236,0.4733253806
20.29329126,1675.989447,0.8457156801,0.4212945589,0.752610208,0.5597778962
10.57062723,1153.443776,0.3754953099,0.2987483767,0.6594903589,0.4529988538
11.81766194,1252.69761,0.2096745816,0.3247052168,0.6792080321,0.4780644536
15.07538289,1282.128333,0.872558368,0.3195617599,0.6917890348,0.4619352777
16.83896569,1288.152909,0.7702985649,0.3240188972,0.6972575212,0.4647047717
23.37643057,1452.089646,0.08678795275,0.3718215853,0.7290349706,0.510018861
13.84362695,1210.232872,0.2151075922,0.3121372386,0.6781008095,0.4603109659
11.63713826,1195.44709,0.8915221326,0.3064976828,0.6731073999,0.4553473679
13.04418007,1553.156014,0.1988905492,0.3816399817,0.7236636527,0.5273720468
22.58943135,1331.276565,0.03687989211,0.3397405312,0.7145441272,0.475464731
22.60715963,1217.977449,0.7019632138,0.2830376024,0.7005753541,0.4040073645
23.15584305,1575.300356,0.02510175931,0.3951439722,0.7406065276,0.5335410335
22.48837425,1561.166784,0.7672175695,0.3845426183,0.738270904,0.5208692584
23.70161827,1467.27261,0.4578666388,0.3722715541,0.7310873891,0.5092025381
15.56861152,1663.97984,0.1720633466,0.4000833726,0.7391085749,0.5413052779
9.429012205,1267.022085,0.6725184627,0.3557934146,0.6894035789,0.5160887258
8.375994946,1514.366375,0.8236651159,0.4550656504,0.7432644952,0.6122526414
18.82862879,1487.01289,0.06748972244,0.3762179355,0.7245451969,0.5192470216
12.58349975,1446.301626,0.9272512508,0.4088092503,0.7267190541,0.562540982
18.56608157,1434.330609,0.05397277288,0.3668044006,0.7184438847,0.5105540021
22.63372052,1373.705359,0.687079186,0.3453372838,0.7194449804,0.4800051335
7.468608721,1367.88595,0.5173180087,0.3701471846,0.7042220407,0.5256114737
19.18362187,1218.891018,0.2803374244,0.3051402028,0.6936725605,0.4398908364
9.014322812,1377.717803,0.2757177465,0.3487075268,0.6952563274,0.5015524678
4.489177121,1167.415924,0.1408536148,0.2529798835,0.6315320272,0.4005812415
19.34262297,1291.433634,0.8896557951,0.319221741,0.7034508392,0.4537939587
18.97476724,1473.435383,0.3981060066,0.3720341399,0.7234296199,0.514264456
7.071460125,1376.469968,0.9345874755,0.4533616023,0.7281838649,0.6225922108
17.81922087,1575.392228,0.2665702449,0.3935722189,0.7338438166,0.5363160525
10.95204458,1404.922252,0.8582400235,0.4053137455,0.7202382269,0.5627495603
5.403372147,1446.237913,0.3204032611,0.3271840213,0.7028682212,0.4654983842
4.65729707,1124.192991,0.1049006357,0.247244619,0.6202382211,0.3986284795
11.38316141,1495.718612,0.2163033672,0.3700369164,0.714183385,0.5181259102
11.96613653,1374.141197,0.2558990885,0.3539259757,0.6994199146,0.5060278787
18.1362133,1552.942652,0.2042952663,0.3882757834,0.7311302241,0.5310624162
17.77927397,1324.642526,0.1816176794,0.3423582657,0.7040862919,0.4862447539
3.64683408,1225.183362,0.04327099587,0.2203697269,0.623219804,0.3535987231
12.14968853,1353.61567,0.151520985,0.3454556109,0.6947300368,0.4972515835
17.80760344,1673.248576,0.3817872021,0.4148189115,0.7465212357,0.5556692719
5.978238626,1108.801265,0.008975585981,0.2572718148,0.6209489306,0.4143204088
15.52549034,1422.942019,0.8338185708,0.3685622384,0.7164375467,0.5144373576
16.65869359,1142.57431,0.1244768513,0.2815652898,0.6764411358,0.4162450728
18.60771281,1546.787669,0.435573494,0.3888203922,0.7321675402,0.5310538515
6.617004885,1503.111105,0.2406873463,0.3380221475,0.7068039487,0.4782403213
10.5150783,1111.221591,0.06921632383,0.2834590133,0.6495992244,0.4363598395
17.57940176,1497.493011,0.4723201446,0.3794680765,0.7252359124,0.523233985
22.08389776,1328.98622,0.7804837193,0.3300601584,0.7133746064,0.4626743866
23.20617387,1529.881825,0.6899978718,0.3811265748,0.7364459364,0.5175214581
17.89776649,1362.231425,0.6933620848,0.3444452968,0.7088618788,0.4859131335
14.46182873,1571.835783,0.7537975233,0.4224921929,0.7408999947,0.5702418624
9.71187638,1465.035209,0.9414080887,0.4500325161,0.7367931079,0.6107990306
23.54101253,1239.123284,0.2562169741,0.297814975,0.7050144191,0.422423949
6.263134245,1380.436451,0.2529475855,0.3232780153,0.6883369362,0.4696508327
11.2909767,1211.1221,0.9147950903,0.3196827174,0.6781956047,0.4713724406
9.536175604,1160.165384,0.4429884526,0.3073157977,0.6605289545,0.4652571179
15.85103791,1547.335055,0.09033647637,0.3816124318,0.7256766155,0.525871199
13.64478286,1452.419816,0.6408301605,0.3870190024,0.7203435464,0.537270035
7.427703165,1464.667238,0.006896545941,0.3138838921,0.6859161793,0.4576126086
7.07294304,1231.495826,0.359241696,0.322161927,0.6698059326,0.4809780137
6.506831236,1173.937639,0.4905787449,0.3214977755,0.6635584194,0.4845056081
15.96380572,1412.307679,0.1949299227,0.3606626237,0.7107949865,0.5074073826
8.637365146,1366.947158,0.8758985966,0.4186945167,0.7187326293,0.5825455804
14.62685925,1237.538732,0.8372900588,0.308596501,0.6844320111,0.4508797017
14.532167,1542.794848,0.6187242825,0.4062580761,0.7335825486,0.5538000827
23.63691085,1289.462112,0.4367520354,0.3185623675,0.7114171331,0.4477856277
11.30236984,1471.809567,0.1834852287,0.3637717757,0.709762285,0.5125262124
15.14321566,1667.970501,0.2932443952,0.408226879,0.7421202695,0.5500818342
19.86734391,1651.256099,0.2850029883,0.4066736139,0.7443643713,0.5463367533
11.67428354,1353.823504,0.109289151,0.3423749892,0.6926709615,0.4942822902
14.97329664,1172.347867,0.05982583021,0.2996465183,0.6760585806,0.4432256714
21.70461664,1597.736304,0.2154071519,0.3963084699,0.7403813747,0.5352761205
4.617924395,1357.777192,0.5032862857,0.3396097073,0.7037110581,0.4825982247
11.34022033,1120.197117,0.3675301092,0.2838549409,0.6547206844,0.4335512038
13.56650467,1251.367448,0.5036972866,0.3191793486,0.6830552223,0.4672819095
7.79166387,1529.01504,0.4097749469,0.3798993266,0.7238524767,0.5248297669
16.73015666,1189.664643,0.319363002,0.3002056308,0.6835963217,0.4391562992
12.99629589,1534.686487,0.03530458895,0.3674539701,0.7166062795,0.5127696765
2.900939928,1149.933351,0.4436304487,0.2465192174,0.6558301946,0.3758887887
20.13083863,1177.280071,0.6831318764,0.2737855897,0.6900263965,0.3967755308
4.314757134,1395.223891,0.01322217073,0.2483246284,0.6543947577,0.3794722153
20.65316065,1485.844257,0.761808667,0.3700048078,0.7278697213,0.5083393318
22.31969316,1261.166514,0.3451617859,0.3120454085,0.7055872557,0.442249213
7.739544802,1461.590673,0.4516826002,0.3771468577,0.7162336588,0.5265695811
5.792483586,1119.002152,0.9459554575,0.3706140745,0.6739973667,0.5498746625
14.5005146,1677.819827,0.3025270021,0.4093447879,0.7428730681,0.5510292477
9.083149374,1482.412891,0.7628261558,0.4312771852,0.7338485304,0.5876923743
5.786778296,1275.819845,0.6820592799,0.3754422173,0.698052644,0.5378422681
14.29347775,1222.844968,0.8116796889,0.305158495,0.6813430769,0.4478778832
12.93764694,1348.387186,0.523439837,0.3555008115,0.7007587259,0.5073084335
5.717471331,1379.697813,0.1312739777,0.2971992285,0.6758984666,0.4397098723
8.710493657,1311.523778,0.1249582458,0.3232306487,0.6774635356,0.477118888
6.134202615,1483.308193,0.392185747,0.3554347476,0.715225901,0.4969545246
18.461237,1317.964767,0.2624588842,0.3398220027,0.7048103387,0.4821467337
23.03508812,1443.479516,0.9419707547,0.3571019721,0.7275997752,0.4907945057
14.12901993,1139.701261,0.413247699,0.2862003689,0.668366887,0.4282084802
15.16358989,1159.880473,0.1358712335,0.2942581975,0.6747570813,0.436095012
12.6812379,1170.051815,0.9158986567,0.286367493,0.6680679526,0.4286502472
5.596397874,1377.249332,0.6004008618,0.37772665,0.7131095584,0.5296895063
20.36929402,1637.807968,0.5292153864,0.4064552401,0.744823404,0.5457068587
20.97080594,1342.614491,0.1555280704,0.3452444175,0.7129016615,0.4842805623
10.53236851,1389.786655,0.2907166559,0.3569822215,0.7003281134,0.509735672
6.349472566,1253.744439,0.1063316402,0.2913999676,0.6564704694,0.4438889199
22.70403802,1296.626398,0.1578903519,0.3268690397,0.7106477821,0.4599592765
17.39281822,1528.887881,0.5248089846,0.3888587992,0.7299809713,0.5326971722
17.11197729,1269.227478,0.3411713904,0.3263152347,0.6954832226,0.4691921014
10.09236727,1329.349623,0.612126215,0.3673809452,0.6996627607,0.5250828911
6.125840211,1428.283922,0.3971858663,0.350052859,0.7069072637,0.4951892235
18.32275665,1309.893496,0.4115207103,0.3361145588,0.7035088448,0.4777687748
11.39783088,1640.618524,0.4800958938,0.4180692999,0.743124867,0.5625828424
11.52418924,1681.65242,0.2358672964,0.3940453907,0.7374054985,0.5343673074
3.77649774,1157.534066,0.3389694644,0.2618688917,0.6463218317,0.4051679501
22.08594638,1611.000557,0.2136748419,0.3986722121,0.7421817077,0.5371625411
6.371660406,1404.568028,0.6432886591,0.3963675061,0.7193329464,0.5510209258
7.695883466,1380.02728,0.2578380664,0.3389277201,0.6920060021,0.4897756943
14.05950358,1586.731868,0.1511267978,0.3854307758,0.7279211371,0.5294952381
13.17628008,1644.903878,0.2073004609,0.3939105292,0.7346109296,0.5362165377
17.55565775,1458.672006,0.8139017539,0.3659241073,0.7207302458,0.5077129889
17.26518924,1221.007624,0.5423615022,0.307316641,0.6893936041,0.4457782016
6.991344782,1339.461427,0.2808815195,0.3303256817,0.6851751519,0.4821040005
14.24170338,1496.798578,0.2273232357,0.377271927,0.7193533078,0.5244598488
19.1411159,1234.094794,0.1341646403,0.3124630731,0.6956191045,0.4491870206
20.45003582,1295.292911,0.7161846835,0.3232983654,0.7062216336,0.4577859839
14.11693131,1647.057436,0.6509498544,0.4342760735,0.7490841405,0.5797427151
8.932338008,1135.166358,0.7909829277,0.311842551,0.6614408813,0.4714594453
17.98550145,1653.812337,0.3321057161,0.4093173579,0.7436904589,0.5503867275
19.09331384,1347.27842,0.5985671318,0.3427011273,0.7096960241,0.4828843838
16.61295224,1219.526298,0.7283055644,0.3039231156,0.6875065565,0.4420657704
17.03377652,1227.75236,0.7489219806,0.305498631,0.6897334134,0.4429227656
10.56282144,1333.794997,0.2113849508,0.341422278,0.6893681965,0.4952683917
22.53213939,1660.753647,0.1414955201,0.4066081073,0.7473441418,0.5440707762
15.86228518,1429.783167,0.3418777098,0.3658636586,0.7137703461,0.5125789557
16.79246608,1114.360534,0.519401243,0.2610086802,0.6724484564,0.3881467461
9.451105078,1463.036987,0.1626662565,0.3511877793,0.7033528209,0.499305283
9.199529051,1543.502315,0.5739442322,0.4135355152,0.7346170161,0.5629266762
22.2722772,1579.484585,0.5916716328,0.390397423,0.7396224478,0.5278333888
20.12757656,1413.31133,0.07367385285,0.3634897017,0.719264954,0.5053627314
12.26835478,1425.10236,0.2148073191,0.3615778298,0.706344846,0.5118998628
15.2818793,1430.732621,0.4159994221,0.3683351675,0.7139879016,0.5158843262
11.88633937,1383.796938,0.5628948255,0.3719163847,0.7076722491,0.5255489178
17.55326285,1381.981575,0.6334750865,0.3497760799,0.7103873165,0.4923737682
13.91883938,1648.389379,0.07428324122,0.3858576911,0.7318202439,0.5272574711
6.59840625,1395.926522,0.3849223583,0.3490490503,0.7009694741,0.4979518555
9.01709134,1531.436736,0.4476889248,0.3923960886,0.7266643544,0.5399963356
12.51589737,1115.353371,0.7084656673,0.2740941512,0.6586780792,0.4161276348
21.65385494,1568.926763,0.6777009954,0.3866455519,0.7376526628,0.5241566545
11.77345188,1555.967946,0.5248442338,0.4088902392,0.7334997108,0.5574511253
8.907294393,1474.796573,0.6913224859,0.4186072092,0.7297063658,0.5736652835
18.08516485,1250.704484,0.7397731617,0.3117993446,0.695399772,0.4483742404
11.71238194,1593.073106,0.8702761268,0.4587787992,0.7508806565,0.6109876386
23.29470029,1435.627023,0.7284478077,0.3603896579,0.7272055478,0.4955815573
11.04728646,1247.323856,0.8543754599,0.3400848313,0.6866942615,0.4952492694
21.42692477,1657.991867,0.002816098646,0.4042868137,0.7452752447,0.5424664466
22.87367375,1325.648759,0.4669047872,0.3338007375,0.7143869956,0.4672547787
4.847209325,1403.034542,0.1085442757,0.2771018531,0.6724027905,0.412106935
11.8803974,1327.090105,0.3663492315,0.3480676653,0.6939708608,0.5015594818
3.757120965,1310.929665,0.7625198883,0.3928347852,0.7192466204,0.5461753646
18.433727,1164.479726,0.3203867162,0.2825873617,0.6842864813,0.412966454
7.625505698,1235.046176,0.5483339531,0.3436930764,0.6795940244,0.5057329288
2.538905231,1152.128738,0.8553046159,0.3711027028,0.7014930676,0.5290183466
18.51577184,1230.21137,0.1222126757,0.3126741925,0.6936744838,0.450750604
15.55894688,1549.880895,0.797694312,0.4115826989,0.7374523432,0.5581143008
9.266041886,1536.317527,0.1521659963,0.3562874697,0.7117424123,0.5005848513
18.04876162,1577.962958,0.2791567109,0.3942377115,0.7344906524,0.536749801
10.71434241,1163.73594,0.4061477447,0.3020394772,0.6621214943,0.4561692677
17.68125726,1470.983959,0.164923625,0.3724269354,0.7207912899,0.5166917812
10.5151207,1563.748074,0.3959975927,0.3949079404,0.7292819551,0.5415024157
19.6422269,1425.122424,0.1790884261,0.3654067686,0.7196107308,0.5077839351
8.942977768,1349.622631,0.2015046084,0.3370062555,0.6874427845,0.4902317155
12.33515597,1614.860108,0.8315467173,0.4548509533,0.7518284775,0.604992983
23.54034606,1377.98252,0.6950554613,0.3452825369,0.7214409422,0.4786012502
13.78026888,1199.145278,0.2711034918,0.3085004504,0.6762713789,0.4561784811
21.65778662,1373.634877,0.947811802,0.3396337347,0.7177186533,0.4732129131
23.80723796,1580.089343,0.4719086035,0.3935360405,0.7420139682,0.5303620381
4.963924042,1258.099096,0.2086128485,0.2823127889,0.6587599523,0.4285518388
13.9536447,1699.022849,0.01151933148,0.3851059816,0.7345264216,0.5242915302
16.04081954,1649.772104,0.1795595342,0.3998327752,0.738488062,0.54142077
21.85424651,1498.653044,0.1722199406,0.3807961153,0.7312365063,0.5207564338
17.36649124,1341.738453,0.6004282334,0.3413795682,0.7052050103,0.4840855683
18.04777718,1293.756749,0.1076696343,0.3343230441,0.7008690384,0.4770121461
5.942647799,1443.382237,0.4965388523,0.3687042701,0.7167332858,0.5144232553
11.13145598,1382.876387,0.6909931648,0.3833671744,0.7111180832,0.5391048034
22.51863719,1513.931529,0.9250943876,0.3725552157,0.7338271425,0.5076879747
7.045630062,1286.698109,0.4829090385,0.3479427576,0.6872225196,0.5063029043
9.715699828,1434.505584,0.8000298058,0.4195371169,0.7260049149,0.5778709046
8.367204214,1350.458884,0.4343117229,0.3583404446,0.6970613202,0.5140730582
23.35455135,1680.242951,0.5176036221,0.4076847363,0.7503333935,0.5433381212
8.669914042,1299.20657,0.5952613675,0.363283268,0.6941377659,0.5233590302
23.04221309,1486.677997,0.01797773841,0.3793198951,0.7319885747,0.5182046663
22.15795002,1429.802036,0.7214763574,0.3595758528,0.7247082476,0.4961663594
8.311169264,1200.092374,0.7347631862,0.3450609533,0.6778121507,0.5090805069
9.046801056,1633.007405,0.3602783719,0.3922757284,0.7355045402,0.5333423616
19.93832453,1300.865948,0.593075193,0.3286911395,0.7058674591,0.4656556062
12.54860446,1526.521968,0.8133680323,0.4268056152,0.7375230604,0.5787013831
20.64091368,1428.5951,0.5171561972,0.3630745823,0.7218839508,0.502954224
18.31945038,1200.728725,0.1876203035,0.3011025004,0.6891722033,0.4369045922
21.76534873,1648.887786,0.5180145816,0.4048335852,0.746331758,0.5424311385
16.79080174,1202.633166,0.0619570506,0.3067579338,0.6856058733,0.4474260588
8.904266421,1649.025055,0.9203973334,0.50795968,0.7666144501,0.6626012332
6.342493234,1249.565313,0.1884734828,0.3000795071,0.6613335561,0.4537491019
11.21399797,1305.691641,0.2211353306,0.3374438158,0.6866534358,0.4914325018
11.38260689,1690.420087,0.4596287418,0.4224563427,0.7484014572,0.5644782471
18.38405353,1657.758306,0.3010771848,0.4087132925,0.7440037943,0.5493430216
7.251605771,1114.041606,0.3273681996,0.2922548746,0.6435078327,0.4541590012
23.20625511,1674.147604,0.7680655207,0.4043081956,0.75007732,0.5390220245
18.63103947,1486.75731,0.5091129555,0.3724393052,0.724138463,0.5143205675
16.48353113,1349.218243,0.7871330081,0.3385521171,0.7039853313,0.4809079138
10.85659797,1252.051001,0.0792872524,0.3198788908,0.6746010986,0.4741748738
13.45616026,1559.544948,0.315577365,0.3918723168,0.728307976,0.5380585271
6.118793421,1327.595497,0.5598452567,0.3640922248,0.7002605053,0.5199382545
3.797530422,1219.749938,0.4979193052,0.3009777962,0.6764323747,0.4449488337
11.80224125,1627.430638,0.3366599583,0.4003246152,0.7358356629,0.5440407898
13.773315,1389.45446,0.2120542145,0.3563316111,0.7040958894,0.5060839247
4.135631016,1324.364485,0.3674325972,0.295784279,0.6849629739,0.4318252085
5.781469293,1108.550168,0.7917842129,0.3410739998,0.663356321,0.514164091
14.47192363,1105.643787,0.3456197274,0.2714141049,0.6640359531,0.4087340507
15.44304816,1402.42336,0.6266388797,0.3609048711,0.7111157169,0.5075191878
13.30775783,1620.339833,0.6233879129,0.4285365442,0.7451065778,0.5751345605
13.34224233,1422.804828,0.3547152153,0.3684459885,0.7104242172,0.5186281374
18.49112302,1376.975211,0.4498670953,0.3522005136,0.7118762753,0.4947496157
9.825760216,1589.64195,0.1327798929,0.3631469183,0.7184820305,0.5054363268
9.45989305,1109.010313,0.1562381415,0.2841436914,0.6455231973,0.4401758024
3.511365031,1272.315182,0.05605267789,0.2198434579,0.6323426105,0.3476651015
22.10974511,1596.5576,0.4517082009,0.3946434926,0.7409208665,0.5326391933
10.53354432,1696.020914,0.8601956071,0.4916764344,0.7669433606,0.6410857173
9.400490435,1524.071996,0.5493190166,0.4065814755,0.7304739348,0.5565995665
17.24614137,1693.900477,0.9358504903,0.4508367407,0.7594589356,0.5936288581
9.42789896,1316.626284,0.8748417086,0.3907409333,0.7063592148,0.5531759551
12.38033568,1227.896715,0.4780720518,0.3168509642,0.6773595207,0.4677736926
16.82848599,1301.316696,0.382417504,0.3347688598,0.6989109392,0.4789864359
8.342339923,1119.644775,0.2925218329,0.292170001,0.6464735659,0.4519442347
11.73814022,1175.675949,0.7702114163,0.2962060467,0.6670169094,0.4440757686
15.02461618,1301.982651,0.8945145038,0.3236948146,0.6942393844,0.4662582128
7.358537661,1198.878396,0.4113943542,0.3210338678,0.665869435,0.4821273524
15.90243421,1210.75056,0.7586832749,0.3013003063,0.6843520244,0.440270936
16.75997341,1433.862584,0.7741697977,0.3628677862,0.7168108282,0.5062253134
3.128115907,1109.919531,0.5392119012,0.2720030393,0.6553390984,0.4150569376
10.69107683,1205.029849,0.2822634278,0.3142337676,0.6690949817,0.4696400006
16.2639813,1327.157524,0.9379200704,0.3292646079,0.7007343979,0.4698850362
18.706316,1382.589576,0.2975758751,0.3552126583,0.7129774048,0.4982102601
14.81655201,1345.069321,0.9144046745,0.3421524715,0.7026063531,0.4869760571
9.177635962,1608.695723,0.1754195305,0.3648961219,0.7216493239,0.5056418814
12.12106043,1421.289833,0.8242243903,0.3974523819,0.7203828309,0.5517238402
22.43762898,1675.959814,0.2768219378,0.4093232538,0.7489897373,0.5465004838
10.24903331,1130.614447,0.5951953718,0.2919077986,0.6557520313,0.4451496674
8.440340015,1357.195089,0.318453837,0.3471496308,0.6929020105,0.5010082602
16.13443657,1115.411334,0.7884520012,0.2581645778,0.670745593,0.3848919479
12.78283282,1515.465567,0.1966503099,0.3756193495,0.7185831012,0.5227222139
18.9366357,1386.659963,0.5991822442,0.3521412363,0.7139228576,0.4932483006
20.72313238,1300.741213,0.1770476882,0.332586362,0.7074318851,0.4701319929
18.11715183,1342.02009,0.1266356464,0.3468677979,0.7069556793,0.4906499913
17.64119395,1305.320784,0.7711503315,0.3283845305,0.7013753841,0.4682008208
16.19154234,1586.989131,0.1996029206,0.3925053929,0.7323327454,0.535965919
15.71018386,1383.157276,0.01696071312,0.3537329352,0.7061233164,0.5009506513
10.68913867,1426.456709,0.3862585619,0.3715906793,0.709315214,0.5238724222
16.90433471,1589.557275,0.08251002887,0.3891763988,0.7319273217,0.5317145395
18.78067159,1447.801872,0.3551382712,0.3677506701,0.7203354592,0.5105269572
12.70562196,1584.465312,0.5472349028,0.4153811743,0.7380736314,0.5627909691
17.83049714,1160.899708,0.7608037133,0.2743893039,0.6822696778,0.4021713302
6.377719312,1134.736138,0.05264381706,0.2699623349,0.6315853673,0.4274360187
3.837445798,1245.049424,0.6891919524,0.3558223863,0.6988971912,0.509119783
11.20174322,1530.472587,0.4794279775,0.399750615,0.7282632902,0.5489094677
23.87063459,1593.179315,0.8142307647,0.3899203034,0.7432850983,0.5245905027
6.934961366,1425.387657,0.2809481171,0.3403848772,0.6990140422,0.4869499848
12.61602595,1464.407764,0.1864402667,0.3670217701,0.7115495397,0.5158063488
14.97383507,1654.212342,0.5192074765,0.4227328476,0.7462615187,0.5664674339
7.191159647,1270.525859,0.4334517431,0.3389190881,0.6814877934,0.4973223164
15.26168661,1606.29243,0.6317061526,0.419626446,0.7426019915,0.5650758426
5.791011556,1143.659353,0.02087815558,0.2607760325,0.6267885782,0.4160510282
10.40602679,1144.270908,0.3700374825,0.296086933,0.6572292349,0.4505078552
6.450858809,1181.734467,0.001805200346,0.2730955559,0.6376766102,0.4282665407
4.201139777,1342.104477,0.382830869,0.3023707348,0.6898864514,0.4382905827
22.43287242,1334.872649,0.2975453233,0.3397994809,0.7146849332,0.4754535392
4.565556874,1195.616232,0.4757740383,0.3091278512,0.6680803002,0.4627106219
7.955184997,1255.409176,0.800383247,0.3760053005,0.6939229703,0.5418545236
11.85228119,1538.2983,0.6509572931,0.4178823874,0.7351253825,0.5684504948
4.702104882,1290.214363,0.5137874753,0.3340575945,0.6913876513,0.4831697441
10.21702092,1596.652614,0.8287147431,0.4641721909,0.7524004953,0.6169216977
6.702554452,1439.17667,0.2931594589,0.3410947947,0.7015891262,0.4861745742
11.30650386,1151.336089,0.4180955235,0.2935752411,0.6602066748,0.4446717253
8.210441432,1612.578471,0.7410335154,0.4584469644,0.7542270751,0.6078367902
23.79815864,1245.837013,0.009994053572,0.3012910834,0.7063177135,0.4265659457
20.67375206,1259.135171,0.6107478809,0.3118625423,0.7021415629,0.4441590683
14.89991384,1529.380092,0.3356332941,0.3883642522,0.7263022922,0.5347143419
19.4515852,1539.111286,0.2449778342,0.3853313266,0.7312452959,0.5269522125
8.193655337,1484.742128,0.1498860997,0.3418035182,0.7019427948,0.4869392788
10.14288133,1393.965862,0.25564596,0.3538707813,0.6990800334,0.5061949482
4.732908337,1215.521813,0.3921079213,0.3006395991,0.6656572333,0.4516432543
19.67520053,1319.267962,0.1360070872,0.3400030312,0.7075663513,0.4805245905
19.29744634,1677.417289,0.8678467214,0.4284530473,0.7538968229,0.5683178842
6.876330386,1535.423485,0.3850025071,0.3683897901,0.7227308675,0.5097191869
21.89889514,1431.943301,0.7028316766,0.3605206576,0.724489011,0.4976206017
21.47655584,1172.054372,0.7119104442,0.2620225988,0.6921345795,0.3785717497
8.90490504,1445.957048,0.3791860855,0.370151264,0.7105196208,0.5209585395
15.66901652,1533.89406,0.7423123395,0.4037611615,0.7339213998,0.5501422381
22.22017081,1613.804434,0.2930215442,0.3987276631,0.7426417498,0.5369044539
4.123058013,1110.244024,0.2713822474,0.2544709759,0.6293335698,0.4043499157
12.60460721,1686.333785,0.2855072994,0.4043359731,0.7413765848,0.5453854106
21.91441547,1317.491823,0.2706745012,0.3352722242,0.7117118983,0.4710785713
21.33296947,1690.995105,0.2233233564,0.4118438235,0.7493149295,0.5496271425
2.428705372,1175.978293,0.4604806817,0.2232201435,0.6655530036,0.3353904832
11.73282987,1338.307721,0.2820235321,0.3474791563,0.6940388566,0.5006623951
3.536714257,1254.208267,0.8678319483,0.4245952744,0.7171554585,0.5920547203
5.130088551,1432.63996,0.582001054,0.3768219832,0.722464742,0.5215783709
11.34816438,1547.578559,0.3940296817,0.3939971677,0.7275283402,0.5415557661
21.11757522,1475.484569,0.8640866479,0.3659660204,0.7276425485,0.5029475271
9.468227241,1132.612228,0.9429240996,0.3052385409,0.6622651256,0.4609008221
11.78168225,1533.412622,0.07195113603,0.3641380309,0.7144072291,0.5097065316
6.609556711,1139.084489,0.408075273,0.3042450247,0.6514925421,0.4669969417
8.499729413,1322.187348,0.3004613824,0.3396467098,0.6862907775,0.4949020458
22.62132098,1366.707677,0.6247138083,0.3445833931,0.7186425407,0.4794920612
8.102529219,1185.421034,0.4675942268,0.3217718531,0.6656904642,0.4833655736
12.82357174,1384.678197,0.147913348,0.3522559227,0.700581812,0.5028048354
16.30123648,1297.43908,0.7280301221,0.3276060259,0.6970856931,0.4699652125
6.505132474,1225.534502,0.6383660799,0.3542178984,0.6829705395,0.518643013
23.05126868,1184.491644,0.2570441024,0.2687860825,0.6969293371,0.3856719299
21.66973566,1459.791906,0.6141512022,0.3682916674,0.7269971318,0.5065930129
19.49616852,1236.251011,0.5668476454,0.3069885166,0.6966902198,0.4406384759
19.70393059,1303.969857,0.8250651515,0.3245871419,0.7057638064,0.4599090219
11.19824338,1401.371488,0.08668747563,0.3465456421,0.6971386636,0.4970971489
13.04510011,1681.559749,0.5220371273,0.4298439838,0.7497782343,0.5732948279
15.2091307,1640.49718,0.283744522,0.4038068875,0.7388844887,0.5465088165
19.69669784,1579.883624,0.1559280924,0.3926904246,0.7358400167,0.5336627741
20.73238637,1193.005434,0.5993200565,0.2813697555,0.6935017841,0.4057231892
13.02278014,1184.437494,0.5920802802,0.2994656895,0.6714984415,0.445966321
4.412239014,1399.672777,0.268809454,0.2915670759,0.6883380879,0.4235812038
11.8030593,1427.693615,0.04428927307,0.3500328882,0.7010946303,0.4992662517
11.38269508,1639.86493,0.8221465329,0.4660468782,0.7564334752,0.616110859
18.78303971,1479.299743,0.2299093733,0.3742314519,0.7236573695,0.5171390049
22.05009081,1688.103936,0.07017001089,0.4097539523,0.7490725202,0.5470150636
22.52132354,1407.840483,0.328323351,0.360188331,0.7229866411,0.4981950019
12.74263286,1644.819037,0.4887603549,0.4203367258,0.7440655685,0.5649189313
8.213080768,1501.464989,0.2938542395,0.3624471144,0.7132406628,0.5081694486
17.66839237,1266.812397,0.8134996171,0.315846013,0.6965235023,0.4534606685
5.639510126,1349.557716,0.7327792595,0.404365829,0.7166167241,0.5642707118
21.71788517,1421.826287,0.3259094109,0.3639049793,0.7230993573,0.5032572297
19.94733218,1295.519265,0.6190836365,0.3264243182,0.7052273855,0.4628639286
12.1068922,1140.35862,0.3355575191,0.2904627707,0.6611879395,0.4393043996
17.72288995,1695.252475,0.8154792023,0.4409582736,0.7568115466,0.582652677
19.32075507,1432.896247,0.3845189383,0.3651031327,0.7198184224,0.5072155996
8.897497188,1390.015943,0.313880555,0.3540083257,0.6987134605,0.506657372
11.41033579,1184.446048,0.7251428423,0.3049529672,0.6693278075,0.4556107841
10.66448136,1244.671553,0.1864575942,0.3218489,0.6746496436,0.4770608019
11.61472534,1317.245839,0.344137889,0.3451286064,0.69159237,0.4990347225
3.832920345,1307.493426,0.008063930565,0.2273375035,0.6345469931,0.3582674033
3.459657189,1184.57587,0.7113737556,0.3429898182,0.6888414566,0.4979227294
5.306737195,1451.30112,0.6014130921,0.3866290799,0.7266959102,0.5320369559
11.37532285,1205.134908,0.7179363783,0.3151558921,0.6742916645,0.4673880883
2.447322974,1134.970384,0.6082492952,0.2574587173,0.6730182701,0.3825434297
9.202585715,1351.585504,0.4722412093,0.3633905086,0.6991789312,0.5197389286
4.841484627,1429.677747,0.02637831913,0.2666492222,0.6660156253,0.4003648144
20.12569512,1228.614726,0.5608921424,0.3019257834,0.6970334202,0.43315826
16.06281432,1154.543778,0.5918157102,0.2830715199,0.6765868381,0.4183816533
9.464132199,1113.409048,0.02130692227,0.282621951,0.6449151892,0.4382311903
20.85665631,1350.138826,0.08746156479,0.3477414721,0.7135577384,0.4873347361
12.57050217,1361.136751,0.8368897544,0.3715637501,0.7084534053,0.5244716834
17.18540717,1393.596073,0.3829425744,0.3555491835,0.7108840095,0.5001507683
13.15688777,1143.11903,0.8928443915,0.2776561744,0.665563691,0.4171744615
19.53470488,1402.763941,0.03174661958,0.3611412165,0.7169459422,0.5037216828
23.27120473,1417.47225,0.9024031427,0.3515374788,0.7252618212,0.4847042386
17.20016365,1423.866946,0.5787192648,0.358476425,0.7143359039,0.5018317336
10.24984271,1268.096549,0.5028741357,0.3418379123,0.6847941292,0.4991834738
19.53206258,1628.27724,0.1618809057,0.4004733755,0.7406584733,0.5406991076
16.54225838,1150.386311,0.9499075536,0.2685569347,0.6773034399,0.396509037
16.78730572,1374.713986,0.3100867783,0.3521388288,0.7077600242,0.4975398677
6.637520106,1497.883239,0.7561281316,0.4421946328,0.7412891778,0.596521096
7.276076604,1385.089888,0.5725724271,0.3815830626,0.7104309384,0.5371149284
22.37695846,1585.560429,0.4427874005,0.3934389944,0.7403426549,0.5314282404
22.18791576,1223.321105,0.8260879372,0.284305752,0.7004832992,0.4058708499
7.715019896,1172.750967,0.8192571312,0.3474411355,0.6753127739,0.51448921
17.80987446,1407.299267,0.2983971197,0.3597028285,0.7138446855,0.5038950851
11.34794874,1470.993749,0.8375080836,0.4217309871,0.7308157361,0.5770688374
20.6863717,1288.932426,0.09146596561,0.3290468844,0.7059093733,0.4661319099
8.212412941,1232.713337,0.24383597,0.316823861,0.6673689428,0.4747356982
3.930351976,1367.957306,0.523935424,0.3294192109,0.7087543986,0.4647861255
6.445846599,1460.053691,0.7599301119,0.4355544866,0.7358128959,0.5919364678
16.85384467,1265.954082,0.9370287513,0.3127766632,0.6944080799,0.4504219813
15.24197494,1496.733069,0.007709208415,0.3700152707,0.717703229,0.5155546969
16.81520282,1331.420061,0.9321117121,0.3307227162,0.702631704,0.4706914224
16.50485896,1213.482923,0.07633272571,0.3112150949,0.6863765319,0.4534174472
19.84807641,1494.892438,0.714795458,0.3718343276,0.7273122248,0.5112444352
3.703563006,1107.577775,0.3205921126,0.2502305478,0.6320758872,0.3958868751
21.01809416,1292.27554,0.8037597096,0.3188387042,0.7069740464,0.4509906776
23.77189097,1252.440445,0.2039675732,0.303943677,0.7071022055,0.4298440518
20.5253415,1215.04887,0.3531414767,0.2977571393,0.6960637084,0.4277728256
20.93677647,1349.611339,0.1396558123,0.3473346499,0.7136490257,0.4867023389
4.57204728,1305.408173,0.4267393138,0.3159905151,0.6870907027,0.4598963628
20.89405861,1509.653697,0.3615245847,0.380654779,0.7306802281,0.5209594626
23.73969343,1210.356933,0.6588761841,0.2736968068,0.7016466738,0.3900778226
4.393618201,1191.637236,0.2622012205,0.2702024798,0.6481085521,0.4169092954
7.808297472,1123.095929,0.2079597544,0.2884674532,0.6432448103,0.4484567129
9.79676991,1390.387724,0.7321892967,0.39779036,0.7153917637,0.5560454848
13.32734537,1514.183635,0.8574403888,0.4205171814,0.7356115707,0.5716565619
9.320067746,1635.688537,0.4398974181,0.4063672016,0.7404052946,0.5488442675
14.56768829,1218.494009,0.1294831989,0.314838014,0.6815668748,0.4619326814
8.226904784,1330.479294,0.8749401023,0.41039721,0.7124631622,0.576025866
12.15406077,1179.894599,0.03482110387,0.3039624095,0.6676196093,0.4552928123
10.5286629,1261.162547,0.7283597223,0.3476258582,0.6882356465,0.5050971422
5.947481113,1309.388343,0.6723271279,0.3815652688,0.7040084435,0.54198962
21.09456441,1216.572844,0.6790557361,0.2899113703,0.6974397991,0.4156794187
5.851755253,1471.695855,0.8540261722,0.4688098367,0.7453481949,0.6289809782
19.97683664,1691.703939,0.08037280834,0.4075339436,0.7466011602,0.5458522774
6.164731471,1266.224927,0.2378225985,0.3061728633,0.6671253782,0.4589435109
5.783495933,1333.99422,0.3651298622,0.3285595045,0.6880265638,0.4775389814
18.2196565,1159.67364,0.3405899205,0.2809056333,0.6830611448,0.4112452237
2.828059746,1153.027815,0.02751897705,0.1783426548,0.5943570024,0.3000598194
6.917774854,1490.063757,0.04345696457,0.3131139768,0.6894680475,0.4541384882
15.78946797,1163.502781,0.2776516731,0.2928790878,0.6771510641,0.4325166175
12.5194726,1677.92362,0.1942446824,0.3936374699,0.736668329,0.5343483009
23.71846174,1442.488579,0.3920593604,0.3673546151,0.7285911847,0.5041985449
23.56604768,1262.246108,0.2418728446,0.3091360083,0.7079662262,0.4366536098
23.97664897,1684.459847,0.2631703041,0.4105345055,0.7512856632,0.5464426192
14.28972721,1577.85496,0.7546185513,0.4251940729,0.7419673993,0.5730630123
10.09987954,1284.976315,0.3162761366,0.3367924954,0.6831957185,0.4929663437
17.58749532,1647.956235,0.8193947736,0.4287405118,0.7505220283,0.5712563997
15.03366282,1417.098065,0.1772682714,0.3615361202,0.7097355939,0.5093955034
7.714385066,1338.339868,0.4480368505,0.3558616329,0.6952757855,0.5118280261
4.037215786,1366.356721,0.6595601351,0.3709873099,0.7201554029,0.5151489642
14.38547882,1181.832178,0.280825188,0.3025526543,0.6756532837,0.4477927683
8.332318323,1631.603786,0.2792960123,0.3742896042,0.7295613753,0.5130337446
13.81678633,1350.967837,0.660070208,0.3535454193,0.7027094933,0.5031174656
7.934279251,1476.810372,0.7589139357,0.4347505073,0.734958174,0.5915309506
22.79957576,1548.058053,0.4894841845,0.3872759317,0.7375333736,0.5250961455
8.293586294,1234.083797,0.06107502811,0.3035733716,0.6607030066,0.4594702439
6.861876921,1193.622996,0.06170069188,0.2850178917,0.6460925008,0.4411409998
7.53814282,1411.632354,0.1024427826,0.322298681,0.6864556079,0.4695113236
10.20235106,1104.014195,0.8771093148,0.2758292644,0.6508257251,0.4238143235
10.89638133,1603.614834,0.6823563472,0.4390591092,0.7465639101,0.5881065281
7.218234265,1304.742712,0.6871510327,0.3813439018,0.7011434374,0.5438885704
9.589643767,1617.085837,0.9272567151,0.494702315,0.7607876353,0.650250204
6.574413955,1230.902488,0.8648576721,0.3922125852,0.6954594139,0.5639618608
21.62075407,1465.74223,0.6815036167,0.3682573328,0.7275237906,0.5061790935
14.78070195,1510.542702,0.8738697423,0.4080268223,0.7333742603,0.5563691616
22.21976739,1385.883115,0.8509960638,0.345273195,0.7200769315,0.4794948705
22.94800995,1653.096387,0.04670929359,0.4059930196,0.7471749651,0.5433707479
21.70858895,1262.713302,0.005154772205,0.3167282296,0.704630449,0.4494955193
7.955144249,1183.575378,0.8829112517,0.3545732528,0.6796059804,0.5217335677
14.79123262,1602.703083,0.5423282475,0.4145243301,0.7401997351,0.5600168582
16.58619378,1611.383628,0.1640186141,0.3949355063,0.7349411188,0.5373702685
21.15797011,1591.352197,0.3769012489,0.3934544775,0.7389140288,0.5324766645
21.17710179,1529.303026,0.06735470219,0.3858970282,0.7330931009,0.5263956621
13.75258378,1633.805184,0.4191110235,0.4119951527,0.7407082887,0.5562178242
10.88686471,1299.395112,0.7851001818,0.3617489483,0.6972540234,0.518819449
6.98086093,1498.209288,0.4145687645,0.3704687035,0.7193830006,0.5149811758
22.77331796,1375.370773,0.7370046136,0.3445463256,0.7198689488,0.4786236803
15.5430412,1657.828514,0.01691508208,0.3891344191,0.7345753874,0.5297406173
23.09797617,1657.433011,0.2963708374,0.4056999425,0.7477656378,0.5425495931
12.01484733,1419.924152,0.05403758053,0.3505662901,0.7010431803,0.500063762
9.175869453,1201.439631,0.2803903382,0.3142409148,0.6650601238,0.4725000094
9.74326467,1652.277829,0.846713118,0.4840576557,0.7619290763,0.6353053988
15.74140542,1414.321087,0.4120646691,0.3625597677,0.7118014743,0.5093551794
17.07962837,1123.410189,0.6605699102,0.2610731903,0.6746490948,0.3869762701
3.161843388,1260.218594,0.2171237507,0.2277684458,0.6517034653,0.3494970611
16.55292032,1280.485038,0.6569438458,0.3246734487,0.6955444397,0.4667903734
19.05900174,1594.279552,0.124877501,0.3942445755,0.7363013395,0.5354391665
5.864034537,1192.403804,0.4937710389,0.3242861811,0.6680414166,0.485428258
5.561181869,1124.378115,0.933940288,0.3759248109,0.6762126532,0.5559269102
12.46107477,1218.902403,0.2198128117,0.3143462038,0.6749899694,0.4657050002
22.9689837,1262.768037,0.3835846021,0.3100077159,0.7069733716,0.4384998479
21.75151299,1318.182899,0.4934298054,0.3330436435,0.7114936687,0.4680908042
4.720878053,1198.731742,0.405994166,0.3001445724,0.6631064614,0.4526340639
12.35923961,1620.378555,0.7762278773,0.4491274069,0.7507531647,0.5982357825
18.51630203,1687.569092,0.5257866775,0.4225128573,0.7506541327,0.5628595633
18.69310949,1213.692561,0.8705436483,0.2921970684,0.6918440489,0.4223452797
12.19149383,1509.761278,0.7738861411,0.420795543,0.7341475923,0.5731756767
11.94186333,1596.839626,0.3800784756,0.4010141514,0.7338299753,0.5464673902
16.11249533,1202.642222,0.04930856869,0.308230463,0.6837814014,0.4507733938
20.18342737,1499.533871,0.1078676006,0.379853205,0.7283998172,0.5214899786
12.4299138,1327.345705,0.2012596544,0.3422990225,0.6923125994,0.4944284169
12.51949964,1579.782925,0.1538915508,0.3795141913,0.7243480232,0.5239390171
20.43096413,1355.732399,0.3827181109,0.3474734406,0.7133852987,0.487076817
20.81436846,1564.922301,0.4002380528,0.3889188461,0.7358723022,0.5285140438
16.61018237,1369.001919,0.695815398,0.3449611852,0.7066609465,0.4881565719
13.82899498,1214.130201,0.9399953486,0.2987367047,0.6786187043,0.4402128954
13.41668529,1382.885617,0.0070112875,0.3481684041,0.6997630403,0.4975518627
7.332362097,1289.366575,0.1431462647,0.3109207614,0.6694876248,0.464415995
21.11765915,1627.483416,0.7805770832,0.4010919699,0.7447405854,0.5385660158
13.35882867,1134.474765,0.2509091685,0.2879299572,0.6649026905,0.4330407462
9.262523095,1254.726803,0.5873575181,0.3469467361,0.6844085277,0.5069293004
18.21664659,1330.410672,0.7100867279,0.3363302981,0.705780486,0.4765366921
9.311918058,1648.816484,0.01444788432,0.3486469165,0.7158224173,0.4870578345
17.79737886,1676.675591,0.5541383851,0.4232406119,0.7497706096,0.5644934683
23.54788807,1471.901228,0.2620348785,0.375300696,0.7313122524,0.5131880326
22.12637262,1497.996017,0.2186447522,0.3805689667,0.7316245906,0.5201697314
13.68833232,1107.87368,0.3123877679,0.2758287243,0.6617412996,0.4168225929
18.69846346,1519.850985,0.4353624601,0.3818360124,0.7286416373,0.5240381456
18.13852983,1574.633311,0.005885028965,0.3875517744,0.7319138973,0.5295045986
6.064738444,1256.703054,0.01234927894,0.2771831591,0.648044692,0.4277222891
12.12673763,1551.048969,0.1170062424,0.3715144363,0.7189297882,0.516760388
21.89128617,1474.638173,0.2113097609,0.376042156,0.7288923638,0.515909035
8.213348321,1253.184179,0.4168561304,0.3355636688,0.6780725662,0.4948786981
14.46929123,1374.827822,0.8333836628,0.3587628188,0.7084971599,0.5063715694
11.9621143,1620.783767,0.09694086092,0.3758440221,0.7254389002,0.5180919054
4.575860161,1233.045113,0.8697624315,0.4166031062,0.7056557021,0.5903772973
15.74993184,1572.685757,0.2347709432,0.3914479915,0.7307303357,0.5356941848
12.01609913,1251.440919,0.7079508724,0.3293274396,0.6841568409,0.4813624886
22.199793,1336.652214,0.754427124,0.3330343267,0.7144760522,0.4661238479
10.79418941,1208.603911,0.05772496982,0.3097298869,0.6672388908,0.4641963939
19.55066039,1552.751171,0.05804341945,0.3876251217,0.7325720759,0.5291289888
3.020338962,1255.670929,0.463658511,0.2678865126,0.6823631304,0.3925864406
2.694169653,1111.884813,0.1819326649,0.1879371302,0.6099836623,0.308101908
12.32010424,1665.418274,0.3236076878,0.4051027658,0.740248872,0.5472521218
19.77023728,1264.77281,0.7776744391,0.3123110995,0.7009920908,0.4455272799
16.6237094,1378.095153,0.2185150651,0.3533379538,0.7077641481,0.4992312124
16.61148384,1671.735101,0.5433021918,0.4245684073,0.7489875192,0.5668564514
3.241299732,1164.770966,0.4596702416,0.2669420377,0.6607122387,0.4040216331
21.49081303,1676.73069,0.4377350774,0.4116071006,0.749172216,0.5494158644
16.80892323,1398.825282,0.7240896347,0.3505134045,0.7106064482,0.4932595326
10.29244523,1235.401338,0.696217982,0.3383371972,0.6821079626,0.496017076
8.815602228,1201.286513,0.1513645458,0.3064664447,0.6604397078,0.4640339475
19.82900269,1148.657437,0.3897005762,0.2650010516,0.6852501295,0.3867216367
15.68986845,1444.327842,0.3198339106,0.3694102128,0.7154863221,0.5163064638
19.09881383,1399.686873,0.579033187,0.355413861,0.7157238968,0.4965795646
11.14826465,1147.503272,0.4643606589,0.2925858365,0.6593118835,0.4437745532
16.8555844,1414.57417,0.2430889535,0.3603150299,0.7125155763,0.5056942498
17.89813131,1401.659086,0.4253131405,0.3573439809,0.7134033372,0.5009003494
11.35219514,1320.806822,0.5602755749,0.355717412,0.6962895784,0.5108756803
11.71700757,1314.395178,0.1878312365,0.338480345,0.6885427036,0.4915894732
15.94264501,1126.819089,0.2013140339,0.2766446054,0.6719813194,0.4116849642
23.58913325,1331.672932,0.73429822,0.3291327473,0.7163094947,0.4594839936
16.85450369,1492.211777,0.8828593313,0.3842032978,0.7278095371,0.5278898918
19.46112132,1620.088212,0.2385661726,0.400546793,0.740284092,0.5410717281
9.144418789,1660.556333,0.6822130194,0.4529782266,0.7563119992,0.5989303714
21.86310676,1415.096053,0.02320664529,0.3638396949,0.7226328381,0.5034917813
3.646543122,1319.146157,0.3193698347,0.270205698,0.6781626712,0.3984378815
7.287390473,1565.334199,0.4445491008,0.386395254,0.7311566795,0.5284712084
14.39286045,1227.83171,0.6391958891,0.3108829873,0.6823579121,0.455601059
8.286710757,1587.549457,0.1914381666,0.3572107957,0.7181017828,0.4974375559
23.61886742,1205.454431,0.4353236801,0.2761536624,0.7007838692,0.3940639539
6.253685776,1200.251498,0.2064582961,0.2938690084,0.6527941847,0.4501709961
19.45986735,1407.501494,0.9055989901,0.3499841292,0.7173215062,0.4879041352
15.39149693,1688.110774,0.1969380282,0.4042194968,0.7419775997,0.5447866579
9.430134676,1539.803946,0.8538217492,0.4599898964,0.746342822,0.6163252099
14.77719266,1637.711006,0.5604217165,0.4230130195,0.7452251392,0.5676311724
14.69566006,1138.478779,0.003181908059,0.2873585388,0.6700111829,0.428886183
22.00758637,1558.873359,0.8338889737,0.3822785058,0.7372895122,0.5184917179
19.24651868,1257.73072,0.9329238706,0.3062584343,0.6989572423,0.4381647629
9.647698336,1203.479792,0.5531677375,0.3257731219,0.6723537203,0.4845263915
19.86694696,1172.687179,0.05361235476,0.2816550451,0.6887953018,0.408909649
6.102092333,1119.600026,0.3823282155,0.2951269497,0.644874196,0.4576504246
8.608243629,1618.109635,0.4817853901,0.4078769018,0.7404541045,0.5508469727
5.57132105,1194.511223,0.2339138906,0.2879078371,0.6508064459,0.4423862715
19.15828837,1280.151109,0.3684955021,0.3268017029,0.7016356894,0.4657712084
20.37208778,1647.052465,0.2063601236,0.4045082204,0.7438432971,0.5438083828
10.17968241,1486.262938,0.4516096369,0.3883151898,0.7205263462,0.5389326731
8.514663502,1215.314956,0.5463712858,0.3351354128,0.6749447309,0.4965375644
20.57423057,1475.290706,0.7223887742,0.3688019707,0.726652205,0.5075357484
9.93047479,1169.101921,0.08984512012,0.2995501464,0.6577095637,0.4554444133
18.3640001,1664.088095,0.3510838048,0.411602262,0.7453656783,0.5522152066
21.4002125,1428.382029,0.6940930553,0.3599422327,0.7232373803,0.4976820094
16.46803209,1245.721342,0.3837512398,0.3193577414,0.6907167808,0.462357004
12.44477653,1493.63748,0.1288751194,0.366866727,0.7132842031,0.5143345744
6.234633081,1491.209082,0.6653172651,0.4165230427,0.7356046165,0.5662322304
10.72572358,1266.507251,0.4089468074,0.33575888,0.6827688072,0.4917607197
16.43951148,1335.452928,0.05266336023,0.3449964902,0.7021994711,0.491308388
12.01774942,1315.6456,0.02747334204,0.3333785348,0.6869610257,0.4852946853
19.08528265,1529.910912,0.07468270385,0.383567438,0.7294839551,0.5258065449
4.725293714,1240.046642,0.4681787761,0.3176289245,0.6772021979,0.4690311483
14.89584191,1492.367039,0.2598192179,0.3783009904,0.7202600426,0.5252283453
21.56928349,1372.740092,0.3254140623,0.3517764599,0.7174581481,0.4903093802
22.18575304,1354.934623,0.1738565663,0.3472783361,0.7165510153,0.4846526328
5.395502404,1242.767464,0.728476691,0.3769039088,0.6949037161,0.5423829231
15.06952445,1176.550656,0.7790996521,0.2899999089,0.6769773027,0.4283746409
15.61942164,1221.314287,0.6580358768,0.3077272894,0.6850487583,0.4492049445
22.4746645,1642.030216,0.4521935529,0.4015446905,0.7455607091,0.5385808098
20.72196341,1592.96791,0.5078179374,0.3941320043,0.7391202977,0.5332447309
6.717591542,1238.750241,0.1133410015,0.2947301883,0.6562681413,0.4491002531
10.5496843,1526.998435,0.1335229875,0.3621638942,0.712960739,0.5079717219
13.30199932,1656.626291,0.3173351005,0.4057112437,0.7398759479,0.5483503618
6.62557639,1525.490681,0.07328389544,0.3149870216,0.6952224014,0.4530737516
13.76424887,1244.395047,0.367402563,0.3196286065,0.6827179061,0.4681708267
9.231296828,1622.70605,0.3363785503,0.3887596482,0.73298933,0.5303755898
14.20244704,1583.561587,0.8530719423,0.4348262289,0.7453246607,0.5834051278
5.30198741,1368.021789,0.8508416176,0.444705107,0.7289618721,0.6100526296
12.55423085,1653.976077,0.4220782985,0.4145907336,0.7427836663,0.5581581184
4.090768499,1311.85111,0.06463038438,0.2438395821,0.646430621,0.3772092073
16.28950232,1492.143051,0.3690489554,0.3802683114,0.7230097323,0.5259518571
6.522444204,1327.840508,0.4733118027,0.3519367626,0.6946077573,0.5066697843
21.89851041,1231.682326,0.6269231896,0.2951948158,0.7010204605,0.42109301
12.763036,1307.73379,0.09123026503,0.3355536366,0.6889518788,0.4870494544
20.8572442,1318.957381,0.617427282,0.3325649537,0.7098930869,0.4684718866
23.80676802,1451.747807,0.4293451859,0.3690631705,0.7296787781,0.5057885491
5.861279069,1222.260585,0.1118146712,0.2813883973,0.6485151825,0.4338963912
21.55995422,1516.411105,0.6280333142,0.3787979622,0.7324890394,0.5171380618
11.64460078,1428.547983,0.3294806623,0.3684840085,0.7088574989,0.5198280459
13.8672555,1437.091476,0.5466881969,0.3779652701,0.7161379632,0.5277827591
17.74369189,1218.275805,0.4274251319,0.3071583226,0.6902079002,0.4450229018
16.39517696,1279.798807,0.1564031505,0.3311655388,0.6950500025,0.4764628984
11.51903971,1420.864561,0.6041874466,0.386062569,0.7151820813,0.5398101814
22.93562432,1582.987348,0.5464127191,0.3922811641,0.7409724162,0.529413991
15.46868061,1632.982156,0.1946518696,0.3974884321,0.7362569405,0.5398773312
13.11417155,1132.375615,0.6189649076,0.2816197633,0.663691331,0.4243234019
3.8655018,1318.221274,0.457034417,0.305948591,0.6929409662,0.4415218697
15.44080002,1517.449803,0.877720283,0.4050367517,0.7337474912,0.5520110891
4.237976056,1362.161414,0.05729122519,0.2503811417,0.6549804865,0.3822726735
10.68088631,1461.333545,0.4527565507,0.3841760966,0.7169715632,0.535831707
19.9288149,1519.549457,0.3336967487,0.3814663411,0.7299274092,0.5226085995
8.81068738,1436.495298,0.7271284977,0.4153601557,0.7249782416,0.5729277541
15.2111876,1204.85231,0.8083942414,0.2989330232,0.6815374003,0.4386157282
8.966519781,1506.466464,0.2763500935,0.366014649,0.7141017806,0.5125524945
7.210282078,1251.339765,0.4490628953,0.3367226374,0.6784456884,0.4963148019
19.78812059,1330.459607,0.2192589724,0.3426068562,0.7091409073,0.4831294496
19.40257397,1308.159722,0.6064586127,0.3314225309,0.7056461381,0.4696724222
6.308215305,1395.689236,0.2498704308,0.325049632,0.6906729332,0.4706274364
23.68287137,1651.480454,0.3476767242,0.4052522208,0.7481046019,0.5417052907
13.88209329,1371.905363,0.07967150415,0.3496023517,0.7005100678,0.4990682758
8.303858235,1164.15521,0.918274267,0.3420481002,0.6744321666,0.5071645706
17.6470994,1643.046047,0.6697799136,0.4209227886,0.7473837923,0.5631949649
17.22965629,1266.23784,0.4462077373,0.3239494296,0.6953826215,0.4658578164
21.70419774,1338.364216,0.2784708611,0.3422196036,0.7137765682,0.4794491986
20.27497815,1689.194843,0.7055942206,0.4223355828,0.752872596,0.5609655406
14.51327057,1224.348823,0.4200355796,0.3138277877,0.6822334555,0.4600005837
13.92977858,1632.303943,0.2785598912,0.4003739674,0.7364752079,0.5436353635
15.83493563,1641.325746,0.8108604945,0.437221608,0.7509971407,0.5821881126
21.37692851,1582.08875,0.2756073366,0.3932694883,0.7384165944,0.5325848461
21.15601172,1649.227001,0.7591072615,0.4075127732,0.7476320119,0.5450713275
12.43938109,1331.904166,0.4085530772,0.3495025793,0.696014108,0.5021486997
10.10073272,1602.336782,0.7244033588,0.4478857633,0.7490323156,0.5979525235
13.4295892,1455.655011,0.4872335336,0.3817019001,0.7179049334,0.5316886433
10.91958437,1461.426188,0.04973458386,0.3497592834,0.7025838074,0.4978185943
9.017389926,1448.982217,0.5688311346,0.3950153449,0.7198482411,0.5487480865
23.03108556,1444.0387,0.7150245487,0.3627988954,0.7276511,0.4985890839
11.74355801,1642.511597,0.8919223527,0.4752259893,0.7587839411,0.626299482
16.98009788,1250.413837,0.4374763786,0.3194925556,0.6926653094,0.4612509841
18.16595401,1330.326802,0.5640547734,0.3392623968,0.7056568563,0.4807753142
14.85498933,1674.019291,0.7587053109,0.4470775191,0.7550967511,0.5920797812
14.38435747,1635.29707,0.5567623366,0.4230915387,0.7448705811,0.5680067779
15.72590322,1430.079045,0.2806648355,0.3655602588,0.7132790109,0.5125066814
8.806775782,1496.26749,0.6079016336,0.4101029027,0.7293890551,0.5622553558
13.78772581,1276.933192,0.8807942153,0.3214996117,0.6889757642,0.4666341379
14.23197587,1659.088132,0.607807002,0.4325333038,0.7493868415,0.5771829446
11.89278291,1272.745402,0.5087068738,0.3359188944,0.6862833281,0.4894755281
11.34464149,1466.554324,0.7222829584,0.4090931753,0.7264849196,0.5631131002
13.96470032,1350.511849,0.3316632596,0.3493099346,0.6997860073,0.4991667896
15.87196355,1577.768646,0.3818671206,0.3990273583,0.7340294968,0.5436121573
6.585890477,1171.523764,0.7793203028,0.3558413449,0.6767642847,0.5257980555
9.029538048,1387.247728,0.4519190184,0.3686176024,0.7044644929,0.5232593071
3.754707135,1344.628505,0.2989642577,0.2722921077,0.6806911271,0.4000230015
18.49250751,1678.736107,0.07158874311,0.4029088813,0.7430688324,0.5422228248
15.54245483,1301.116586,0.8484316494,0.325185618,0.695555256,0.4675194604
10.80514879,1151.253256,0.07446263754,0.2955018029,0.657881226,0.4491719648
6.171775946,1517.859339,0.09594437521,0.3101517927,0.6943014557,0.4467105609
21.30985536,1424.788138,0.5534543207,0.3617120663,0.7226930624,0.5005057958
6.775652343,1289.647702,0.06791097787,0.2968035149,0.6621205154,0.4482620731
10.56869671,1186.250081,0.5887693979,0.3135092785,0.6689373511,0.4686676233
7.632624497,1402.586024,0.2802824346,0.3441398198,0.6967610003,0.4939137231
5.475874838,1199.975525,0.577716806,0.3370215303,0.6753547491,0.4990288892
12.91026819,1473.893434,0.265843036,0.3739020163,0.7152519537,0.5227556728
13.93529159,1257.889392,0.5343630127,0.3205998431,0.6851313077,0.4679392688
14.58037306,1356.244683,0.3308613479,0.3494469429,0.7014064141,0.4982089354
17.29164925,1300.025928,0.5944159984,0.3310042312,0.6998791239,0.4729448556
5.964184359,1194.02117,0.602690356,0.34073447,0.6746923108,0.5050220145
14.0809438,1411.028498,0.2014097947,0.3605169916,0.7074814644,0.5095780027
10.08832977,1576.174155,0.3659397203,0.3915544163,0.7292773107,0.5369074432
11.17256258,1282.740631,0.2911543597,0.3349423376,0.6840974429,0.4896120297
9.143713616,1287.826593,0.05923738883,0.3173708775,0.6729223469,0.4716307593
2.734309555,1207.516435,0.7748382032,0.3487099445,0.7054139149,0.4943338048
17.19798699,1262.33815,0.4863672615,0.3221762829,0.6947922232,0.4637016249
23.83618805,1517.226141,0.3972606353,0.3833125475,0.7361991325,0.5206642205
20.15678993,1551.376573,0.6026007479,0.383988216,0.733648566,0.5233953065
18.26209927,1628.092071,0.1816843847,0.4000149273,0.7392246705,0.541127675
10.70488297,1120.710791,0.8554698034,0.2782919835,0.6543877389,0.425270779
4.452538263,1242.425969,0.05040295939,0.2475129743,0.6358279227,0.3892766667
5.143840998,1173.006442,0.8743209594,0.390666633,0.6882166331,0.5676506702
12.71057066,1599.493721,0.6690128646,0.4305151619,0.7439874798,0.578659149
23.47628748,1370.128944,0.3041528757,0.3490853181,0.720468311,0.4845255686
13.71219791,1246.688702,0.8785043264,0.3095117787,0.6828719634,0.4532500897
22.54734117,1367.307736,0.1142599542,0.3506968213,0.7185818553,0.4880401846
22.34336001,1268.838373,0.2157376297,0.3164845229,0.7065902562,0.4479038879
10.05407113,1278.314699,0.6422282766,0.353455483,0.6903510521,0.5119938355
18.58529345,1227.395665,0.3855664498,0.3090786114,0.6934563499,0.4457073779
3.782772315,1299.81583,0.2503442898,0.2612374203,0.6665139237,0.391945931
15.82404295,1586.554018,0.4181093384,0.4024461205,0.7357543259,0.5469843755
13.81324308,1150.353385,0.8766762106,0.2797189936,0.6689816154,0.418126578
7.506594699,1567.65926,0.1719856563,0.3443189418,0.7122224544,0.4834429744
16.99611135,1161.461777,0.01733234321,0.2892916072,0.6801896178,0.4253102365
11.14381447,1268.544464,0.8083637476,0.3472491939,0.6905703782,0.5028440329
6.103706756,1390.441222,0.1906371302,0.3129956868,0.6844497881,0.4572953227
7.079319102,1467.240556,0.07441531391,0.3178183269,0.6899356882,0.460649206
12.14550618,1180.573757,0.07110946373,0.3040709872,0.6676917293,0.455406251
19.87271506,1392.283411,0.25663688,0.3579124655,0.7164470184,0.4995658525
19.22261819,1259.550633,0.6183402481,0.3154753566,0.6991404913,0.4512331363
12.93402783,1551.12866,0.861533902,0.435690411,0.7422548932,0.5869822011
19.97368109,1326.015884,0.1301114162,0.3416601194,0.7089874319,0.4818986966
2.818412835,1178.199642,0.7755455723,0.3468873744,0.6977772414,0.4971319697
10.85637857,1217.903897,0.2790835188,0.3176298826,0.6717922461,0.4728096885
18.71004585,1274.294905,0.05054086253,0.3278204161,0.6999017069,0.4683806496
22.65185386,1528.83617,0.8168839515,0.3780160739,0.7354776643,0.5139735606
14.81703996,1534.626285,0.04058073529,0.3748751976,0.7212717454,0.5197419697
9.041003683,1205.858426,0.04895999599,0.3025349113,0.6592321093,0.4589201694
18.44185605,1413.122194,0.6306219102,0.3569080474,0.71585611,0.4985751221
19.60335164,1314.043326,0.300993531,0.3374118995,0.7067845869,0.4773900078
6.115326135,1159.035696,0.08544875854,0.2736081785,0.6364250866,0.4299141946
17.03452874,1273.200791,0.7130736206,0.321045763,0.6958097383,0.461398778
10.49372042,1421.91766,0.2900421757,0.3623676792,0.7050734182,0.5139431864
9.589844771,1313.925958,0.7649316516,0.3779338107,0.7018805937,0.5384588405
22.31258648,1397.902357,0.2969991859,0.358090499,0.7215542604,0.4962766054
22.00241723,1506.145022,0.855399741,0.372555213,0.7322228896,0.5088002823
16.57912164,1550.903225,0.7549019314,0.403783291,0.7360750644,0.5485626542
23.29513665,1614.717493,0.4374699553,0.3987944744,0.7443545233,0.5357587842
9.023314714,1331.396101,0.01103149154,0.3185809096,0.6767405617,0.4707578172
18.65136987,1413.724031,0.5179702197,0.359082713,0.7163620349,0.5012587149
12.92254572,1362.062826,0.7692490566,0.366577211,0.7069946339,0.5185006978
20.36424846,1288.280879,0.3919280791,0.3270608908,0.705182814,0.46379589
16.71573895,1455.721934,0.2133880291,0.3697800777,0.7176282832,0.5152808026
16.49298122,1522.162851,0.2070935619,0.3825024185,0.725408886,0.5272921601
8.573945275,1619.480331,0.823367938,0.4783437681,0.7586312512,0.6305352795
10.42771377,1694.130671,0.2813059437,0.3952514913,0.7396554504,0.5343724447
16.69615476,1515.565523,0.3627080966,0.3847080543,0.7263812545,0.529622773
12.60437067,1583.837078,0.3132315313,0.3940303786,0.7303987227,0.5394729842
15.5108813,1640.663568,0.3102131946,0.4058233878,0.7398151003,0.548547046
13.59853855,1250.197005,0.5270353428,0.3185366521,0.6829957285,0.4663816168
5.674490731,1115.637363,0.8390682337,0.3527440438,0.6682262469,0.5278811562
5.465978755,1106.122241,0.1075803694,0.2590292594,0.6227644615,0.4159345553
20.62542338,1424.879344,0.4834068407,0.3627613288,0.7214566024,0.5028179485
21.13845007,1612.013274,0.8144049638,0.3958582106,0.7426560789,0.5330303244
11.98119171,1402.436363,0.9469244619,0.3998585623,0.7200908951,0.5552890129
21.28784408,1367.522912,0.4747790703,0.3487706796,0.7163551206,0.4868684114
22.29482321,1318.228856,0.09474693411,0.3358221589,0.712490672,0.4713355164
3.509595642,1123.59269,0.2684085485,0.2380853131,0.6296749433,0.3781082852
7.163251109,1243.033301,0.4388746661,0.3336181579,0.6762242392,0.4933543321
21.87268049,1274.359847,0.327403037,0.3191007776,0.7063991309,0.4517287234
21.2877182,1389.84186,0.2621831249,0.3569457601,0.7188528249,0.4965491513
14.09522198,1145.538291,0.8314699095,0.278729146,0.6691709773,0.4165290418
6.334387362,1524.870676,0.6976459415,0.4310620963,0.7427253889,0.5803788356
14.62667701,1592.893933,0.570338541,0.4147048107,0.7395535061,0.5607502463
8.329331742,1540.5348,0.6862636558,0.4327667599,0.7406765657,0.5842857462
23.88053001,1222.641937,0.9224994768,0.2721749071,0.7034981893,0.3868878574
9.340837905,1612.009845,0.1500051176,0.3632638822,0.7208517995,0.5039369847
10.10810668,1637.023322,0.6836974668,0.4477692277,0.752068142,0.5953838525
4.104704161,1252.25277,0.8262062647,0.4076608109,0.7097200209,0.5743966619
21.50142604,1671.499976,0.3560145867,0.4098677375,0.7481696692,0.5478272568
7.744558944,1524.323247,0.9206927697,0.4870647416,0.7512293466,0.648356915
8.940950496,1314.417747,0.1451990411,0.326793078,0.6795723359,0.4808804901
16.29484424,1400.860936,0.828247166,0.3530833229,0.7114188529,0.4963086393
7.764349156,1130.758941,0.8316923164,0.3282435952,0.6643493096,0.4940828423
22.17592839,1532.461225,0.4719551694,0.3843850787,0.7350608109,0.5229296312
9.261507012,1623.512608,0.7192581559,0.4536120467,0.75293893,0.602455297
12.83791812,1111.806026,0.5944987305,0.2749149373,0.6593120036,0.4169724437
10.80185156,1241.264768,0.5843406127,0.333056562,0.6809510723,0.4891049821
21.94071709,1572.313949,0.7426324083,0.3862712316,0.7384328843,0.5230959235
5.226061475,1232.068307,0.3260274029,0.3007540279,0.6645032809,0.4525997636
14.62697092,1546.412229,0.7230026813,0.4125915632,0.7362564713,0.5603910856
9.475715178,1427.860169,0.6145774461,0.3956165031,0.7179555383,0.5510320375
11.38587841,1328.758323,0.7398016928,0.3662033068,0.7016360108,0.5219277534
4.657333039,1280.425881,0.07214130115,0.2585998815,0.6468389554,0.3997902095
10.34839902,1445.781643,0.004301612864,0.340588657,0.6968478199,0.4887561492
12.02059141,1566.039385,0.1586157639,0.3762918393,0.7219473361,0.5212178513
17.9304194,1667.279703,0.8003306736,0.4313509186,0.7526045209,0.5731442034
11.61333423,1396.672527,0.571807257,0.3770453936,0.7101644,0.5309269144
17.07731919,1401.14712,0.1480834935,0.3586792882,0.7114975732,0.5041187794
11.87799546,1511.818322,0.6971741924,0.4159186152,0.7325057981,0.5678024888
8.151444619,1466.707588,0.5164625505,0.3896783024,0.7205612045,0.5407983388
5.361437699,1375.809482,0.5817880151,0.3710841203,0.7119728468,0.5212054391
18.69889207,1508.985504,0.8430730815,0.3760019407,0.7284909585,0.5161381021
15.7993675,1305.762422,0.8775810183,0.3256399772,0.6968384018,0.4673106079
5.678963489,1485.928302,0.3546612555,0.3419438808,0.7123143573,0.4800463128
15.48326407,1322.084123,0.2833393972,0.3400653466,0.6980626269,0.4871559277
16.93184551,1521.176497,0.1791566982,0.3818554116,0.7256508047,0.5262247477
18.82148296,1300.435184,0.2944985474,0.3343211346,0.7034435417,0.4752636349
16.82565707,1136.371191,0.03967803884,0.2780025002,0.6759530999,0.4112748358
14.44065318,1404.476236,0.7971861828,0.3703014905,0.7137969522,0.5187770687
20.73248683,1256.286719,0.1639646247,0.3165658369,0.7018961508,0.4510152059
22.44363537,1633.749248,0.5465579984,0.3990520942,0.744745019,0.5358237839
14.38426706,1635.024315,0.2431957205,0.3988970611,0.7362904689,0.5417658899
20.49668274,1388.399124,0.8544066683,0.3468738925,0.7172193255,0.4836371248
23.8745768,1566.530602,0.04462920525,0.3942292569,0.7408776694,0.5321111341
8.869118665,1206.517122,0.8932687734,0.3522666729,0.6829456299,0.5158048569
3.626263577,1161.185188,0.6507894548,0.3238513174,0.676943601,0.478402214
19.96490387,1378.447938,0.8466348505,0.3447505551,0.7150714102,0.482120457
22.66918185,1558.951666,0.2860393519,0.3910630924,0.7383485596,0.529645636
14.46847759,1370.903179,0.724514711,0.3566059189,0.706680717,0.5046209841
6.901952354,1165.051051,0.2450261732,0.2967508168,0.6502021085,0.4563978076
4.176512193,1296.043374,0.7883220128,0.4045102775,0.7158674783,0.5650630734
21.94551734,1498.208972,0.5225281545,0.3774229548,0.7313451709,0.5160667901
18.47348228,1136.260886,0.4685645806,0.2646077453,0.6802129646,0.3890072067
19.53649827,1539.357318,0.8470191651,0.3810360795,0.7327869592,0.5199820695
18.09700692,1364.894239,0.4158951191,0.349809155,0.7096172535,0.4929546925
21.91893676,1476.004291,0.5826526631,0.3721943033,0.7290774661,0.5105003523
18.21453425,1397.186581,0.5292589978,0.3552306211,0.7135863061,0.4978103112
14.82750793,1130.685261,0.1117133682,0.2834237765,0.669203802,0.4235238587
15.70644318,1330.035632,0.5265263105,0.3389666357,0.6996510925,0.4844795347
15.5587876,1412.321857,0.5312139706,0.3631962384,0.712127411,0.5100158101
18.45750582,1149.426634,0.0468332146,0.2764942586,0.6821369899,0.4053353838
23.54392033,1421.696227,0.08171401317,0.3644941429,0.7261488156,0.5019551572
11.97208414,1316.999368,0.5174537004,0.3500587048,0.6948130762,0.5038170938
14.83136006,1506.354334,0.4277178792,0.3877461524,0.7247775237,0.5349864471
12.50319145,1661.737676,0.150919683,0.3876530755,0.7331538251,0.5287472591
12.75740327,1636.656482,0.5284994194,0.4231198159,0.7443863842,0.5684142334
10.00686765,1431.732354,0.2385213337,0.3576592529,0.7036944964,0.5082592726
14.7577322,1446.73942,0.1333191708,0.3657419133,0.7125377805,0.513294766
12.16734152,1611.41843,0.7207315515,0.4411576629,0.747823833,0.5899219087
11.4270167,1412.73389,0.4094794044,0.3707140881,0.7084668215,0.5232624547
9.172951327,1410.304517,0.4919536151,0.3777556513,0.7100574184,0.5320071892
3.17780468,1269.817973,0.8532211652,0.4166733163,0.7221879188,0.5769596881
20.08399039,1481.062414,0.04657322375,0.3767083352,0.7263440955,0.5186361912
3.324083634,1188.766479,0.4210066821,0.2651856534,0.6621193161,0.4005103717
13.67675462,1310.64006,0.7451691392,0.3392356747,0.695619368,0.4876742804
12.57155626,1541.278919,0.641069669,0.41502272,0.7348037446,0.5648075736
8.211173992,1488.77471,0.8078134974,0.4463285976,0.738723723,0.6041887971
20.17689316,1357.50147,0.7127501346,0.3425002701,0.7130928452,0.4803024913
20.18259939,1696.625803,0.8029541807,0.4270499366,0.7549980914,0.565630485
12.00643585,1194.10376,0.2485137565,0.3074613798,0.6696238469,0.459155362
16.49055172,1470.223467,0.7999087318,0.3783503478,0.7235845301,0.5228834117
5.246262087,1259.333253,0.7552861541,0.3878484658,0.7008359176,0.5534083742
12.24799585,1364.931679,0.3418751076,0.3558439703,0.7001348687,0.5082506046
12.92050808,1459.131565,0.7656862283,0.39993965,0.7246607012,0.5518991844
15.45927195,1117.159572,0.09119668063,0.2747652602,0.669017618,0.4106995882
5.891761931,1472.965816,0.262610576,0.3280458753,0.7026862927,0.4668454169
11.61856218,1241.817897,0.13016864,0.3203939757,0.6761161673,0.4738741524
2.548358895,1227.30862,0.803993528,0.3577352278,0.7144178472,0.5007366896
15.55750281,1538.548214,0.9191468494,0.4130663948,0.7378160282,0.559850124
22.06180804,1544.236645,0.4933895675,0.3859958046,0.7359979762,0.5244522637
14.12622635,1634.188154,0.009019990394,0.3804285167,0.7288362764,0.5219670439
20.86588358,1614.450648,0.1022958487,0.3985257095,0.7407529386,0.5380008484
6.975059911,1456.804532,0.1811174904,0.3298734831,0.6965090231,0.4736097769
12.49936665,1612.833449,0.5166754744,0.4178894198,0.7409049169,0.5640257073
8.73952217,1196.790883,0.03168378639,0.298229227,0.6557667896,0.4547793998
12.13850338,1264.899274,0.6927072697,0.3337470262,0.6868141058,0.4859350199
12.36696578,1678.336604,0.578025763,0.4363562523,0.7515394488,0.5806165637
17.03325219,1224.887268,0.3399844115,0.3122799679,0.689338667,0.4530138564
15.14794757,1665.854871,0.3768817391,0.4140248118,0.7440643228,0.5564368551
6.375925049,1219.699077,0.8173057803,0.3818086379,0.6911698544,0.5524092746
10.52647226,1421.184656,0.009136213796,0.3396049196,0.6947464837,0.4888184792
18.18793583,1210.122887,0.374333896,0.3035146205,0.6901613259,0.4397734401
21.26478025,1699.752212,0.4388456687,0.4168244379,0.7516829893,0.5545215788
12.74619843,1486.742253,0.8182135928,0.4135382751,0.730851434,0.5658308322
20.06064748,1310.9042,0.2070344274,0.3366722771,0.707343216,0.4759673515
12.8417502,1588.686175,0.1985526518,0.3854897724,0.727473523,0.5299021341
8.34006766,1477.912135,0.5058542421,0.3904618802,0.7217018874,0.5410293184
7.642656919,1269.288772,0.2028851677,0.3165767878,0.6704172895,0.4722085674
11.6556822,1391.150734,0.07284282094,0.346175989,0.6967879662,0.4968168306
11.69678522,1518.167304,0.3564396221,0.3862803116,0.722459389,0.5346740833
23.85348024,1459.743129,0.8392560053,0.3633749412,0.7305638295,0.4973897235
15.82306486,1413.977224,0.9157930899,0.3623419831,0.7150973617,0.5067030065
10.26300068,1224.602665,0.7561680593,0.3362095375,0.6808841048,0.4937837954
22.0692388,1429.208943,0.1707374399,0.3666416597,0.7244936286,0.5060660925
23.70721565,1578.021774,0.005579731461,0.3960204822,0.7416792552,0.5339511379
21.61880973,1676.40524,0.7130363305,0.4128611114,0.7507742906,0.5499137579
20.89754726,1696.131031,0.7698257609,0.4224616968,0.7541451479,0.5601861895
9.02013796,1649.427511,0.05225950238,0.3504635024,0.7175130512,0.4884419897
10.22018677,1642.494261,0.9040591096,0.4903549237,0.7620752416,0.6434468632
9.398565858,1225.450103,0.0589350602,0.3084682174,0.664299407,0.4643511858
5.454206544,1163.942544,0.851938849,0.3779742656,0.6830058218,0.5533983072
11.28376342,1117.661772,0.1818177608,0.2849440073,0.6540514181,0.4356599487
7.914852809,1593.071483,0.7771020899,0.4641349049,0.7539253317,0.6156244993
17.55933301,1189.207655,0.3519447852,0.2971299206,0.6856803229,0.4333359303
17.87117861,1354.449297,0.8440016327,0.3390325088,0.707883995,0.4789379492
15.18016394,1207.898674,0.5231640347,0.3066910027,0.6818836098,0.4497703102
20.0380849,1254.28102,0.772654959,0.3077719249,0.7002085354,0.4395432352
13.97231315,1538.762671,0.2924338215,0.3874940268,0.725662115,0.5339868497
18.61431037,1291.147663,0.4860902667,0.3293525914,0.7018248879,0.4692802965
16.19541035,1509.555705,0.08653548134,0.3767735134,0.7221714886,0.5217230525
15.51719852,1458.53939,0.2815323268,0.3720744757,0.7168854636,0.5190152328
18.9747775,1397.009498,0.8466057765,0.3490600976,0.7151693999,0.4880803033
15.93813987,1205.728766,0.1543522088,0.3092413758,0.6837384607,0.4522802118
8.910911876,1304.583264,0.7049323233,0.3745079903,0.6990139032,0.5357661538
13.09984146,1298.536081,0.7279180897,0.3393397774,0.6934838936,0.489326112
3.926807793,1336.123436,0.7100657981,0.3809072243,0.7190694279,0.5297224573
20.36933462,1633.169738,0.525188366,0.4053046401,0.744220253,0.5446030775
18.18485104,1228.212516,0.3865243571,0.3103988868,0.6926277466,0.448146769
10.36968416,1256.792648,0.7499028719,0.3482920448,0.6879560426,0.5062707836
6.070199,1262.162,0.3064323336,0.3133551371,0.6708401324,0.4671085136
12.30629595,1210.72678,0.1404928178,0.3122659484,0.6730790913,0.4639364859
17.84906545,1698.248676,0.4008463991,0.4199766426,0.7496647876,0.5602192468
12.94117768,1294.478732,0.2611728192,0.3353730916,0.6888014693,0.4868936937
9.369775609,1236.528207,0.3204774595,0.3252443693,0.6732167506,0.4831198406
22.77857935,1281.187835,0.4461540947,0.3176250348,0.7089067726,0.4480490906
10.63636982,1670.099592,0.8152465213,0.4762712365,0.7614563298,0.6254741314
9.732939975,1169.418092,0.5418089116,0.3121872795,0.6644288542,0.4698581007
16.1716717,1552.20355,0.5743513829,0.4004040059,0.7338095122,0.5456511523
16.21404113,1335.425575,0.01937145695,0.3448552716,0.7016290422,0.4915065524
10.42018666,1300.801202,0.5532838964,0.3536050945,0.6924235067,0.5106774844
10.1280842,1314.405045,0.8485889715,0.379456997,0.7034748617,0.5394037764
9.84822809,1515.897557,0.8942281518,0.4568388999,0.7432684518,0.6146351278
21.19438208,1246.081891,0.206527287,0.3106750745,0.7015094786,0.4428665385
7.148521612,1244.589119,0.08371680313,0.2971860974,0.65774729,0.4518241304
9.26943807,1558.728094,0.4242371429,0.3938531333,0.729362209,0.5399966278
23.48168237,1360.225963,0.4164124411,0.3447783554,0.7193737648,0.4792756871
11.89378681,1552.533155,0.261492109,0.3833359315,0.7238595257,0.5295722691
16.46892797,1112.118165,0.3262488278,0.2649602026,0.6711854422,0.3947645255
22.09490828,1537.281789,0.8008367727,0.3794759512,0.7353900893,0.516019942
9.05966077,1579.999313,0.01625495842,0.3419135257,0.7077141348,0.4831237768
18.46073991,1507.83974,0.7643515528,0.3778462905,0.72811584,0.5189370561
18.67594477,1370.154778,0.2643122051,0.3526981136,0.7114843851,0.4957215098
13.82369635,1409.066684,0.5500891137,0.3703493993,0.7116185719,0.5204324535
13.87378757,1384.778852,0.01306856682,0.3500248723,0.7014070134,0.499032467
22.58081382,1428.112496,0.338508771,0.3649987023,0.7252454653,0.5032760903
17.12970436,1313.366182,0.8912188602,0.3274358568,0.7011620984,0.4669902403
12.55269955,1345.620333,0.8234394474,0.3651275622,0.7051109334,0.5178299539
17.07176889,1201.744908,0.8673549645,0.2922078758,0.6862130466,0.4258267564
6.630549906,1225.994222,0.7964362184,0.3780069593,0.6907525284,0.5472393423
19.22149876,1394.867889,0.09287056854,0.3592337867,0.7154344956,0.5021197453
12.46857253,1262.329801,0.90804498,0.3300242425,0.6881684754,0.4795689637
11.76754339,1118.890245,0.48505326,0.2813858255,0.6562928299,0.4287504186
9.166133421,1527.609969,0.730916131,0.4362180778,0.7395425484,0.5898485201
21.96628184,1310.837529,0.04919336654,0.3340683697,0.7110154482,0.4698468515
23.19071414,1662.19346,0.427240897,0.4052693422,0.7483052877,0.5415828925
9.421953254,1502.245229,0.6144987904,0.4118064028,0.7300863263,0.564051658
10.40999504,1331.711319,0.7558406121,0.3764034761,0.703929861,0.534717302
17.91667448,1450.374878,0.02417786193,0.3688984109,0.7188115859,0.5132059891
23.86859357,1552.46911,0.9291198435,0.3802651489,0.7395720596,0.5141691658
7.660520064,1370.909031,0.3431116115,0.3479247856,0.6953165021,0.5003833284
6.992682702,1267.514935,0.8233986582,0.3935123978,0.7003876449,0.5618494281
10.85950449,1441.646686,0.266384551,0.3645955301,0.707684629,0.515194926
12.34694447,1593.722404,0.4845330849,0.4113538544,0.7372846106,0.5579308838
9.165539551,1220.481999,0.4115989666,0.3262932347,0.6722749863,0.485356798
17.58034076,1597.270752,0.7144811604,0.4105779511,0.7417536164,0.553523356
21.4738329,1397.648996,0.1016475807,0.359655272,0.7200497524,0.4994866964
20.38944416,1427.658848,0.9173457695,0.3543599527,0.7213153478,0.4912691152
14.77260781,1402.490682,0.7084208283,0.3658204501,0.7121277841,0.5137005721
20.06313472,1227.601363,0.1094804217,0.3071127535,0.6967658497,0.4407689521
6.908591481,1357.489669,0.3385782163,0.3397556206,0.6917479109,0.4911552536
14.020648,1178.449738,0.1749427822,0.3027216803,0.6739753325,0.4491583975
22.37449693,1499.684999,0.4901208381,0.378357384,0.7321991499,0.5167410861
13.76406764,1611.696752,0.9481720679,0.4557313323,0.7527160447,0.6054492069
15.19762056,1227.883037,0.4493033511,0.3141187838,0.6847648912,0.4587250132
22.26398097,1395.630461,0.8883500306,0.3468781647,0.7212227394,0.4809584415
9.364280788,1592.232946,0.6561834491,0.435817171,0.7454224913,0.5846579303
9.144603988,1218.736393,0.3164935177,0.3205260535,0.6692898019,0.4789047323
12.4945332,1604.884295,0.05876544782,0.3737501286,0.7235335997,0.5165622284
11.43111507,1397.546544,0.7981296999,0.3934990565,0.7163478774,0.5493127975
16.32764934,1192.903891,0.4466561933,0.300726377,0.6829769215,0.4403170408
15.47025547,1491.199473,0.4222138703,0.3828940962,0.7229251692,0.5296455463
17.02211169,1444.570106,0.6444934554,0.3658135996,0.7179191084,0.5095470998
10.54378596,1590.392719,0.8604436377,0.4657983354,0.75215736,0.6192830918
17.68993854,1265.012789,0.4381661239,0.3231698408,0.6963403223,0.4640975547
7.938743307,1280.463825,0.8152557027,0.3871581346,0.7001447493,0.552968704
4.799080186,1152.078396,0.2788063676,0.2754101111,0.6423337516,0.4287648133
10.55454942,1449.743428,0.7254704622,0.4093499113,0.7246796519,0.5648701605
3.690878738,1258.662253,0.4258580535,0.2871977548,0.6778684425,0.423677718
15.82256042,1559.393571,0.807735546,0.4131715893,0.7388562361,0.5592043068
9.392248203,1411.500267,0.2186010566,0.3499714357,0.698626696,0.5009419734
14.53083134,1501.992813,0.3854153418,0.3854516785,0.723254407,0.5329406565
11.2416933,1538.556301,0.07702985783,0.3620781431,0.7137040528,0.5073225263
11.36920197,1698.322232,0.3342555391,0.4070313668,0.7436758453,0.5473236349
7.294613625,1113.957983,0.9291232247,0.3347483663,0.6645118689,0.503750771
7.278521101,1281.693195,0.8809310968,0.4052025196,0.7052692653,0.5745359108
14.8033449,1195.615381,0.7441124788,0.2981533754,0.6789824216,0.4391179594
18.93505252,1591.097601,0.5825836367,0.4002035463,0.7391016703,0.5414729291
12.6353624,1698.643403,0.7572818825,0.4630992823,0.7603958218,0.6090239703
12.52978612,1350.850275,0.1203547497,0.3444500859,0.694761081,0.4957820686
17.15049532,1454.407185,0.4771276905,0.3690449212,0.7188481916,0.5133836679
11.86403634,1504.801179,0.7057556228,0.4149921916,0.7316743403,0.5671815571
17.61694935,1228.525273,0.6322887922,0.3074307909,0.6912990374,0.4447146231
11.65621138,1577.575157,0.6600829384,0.4283271772,0.7413518885,0.5777650045
19.53507601,1586.802391,0.5722019239,0.3966859287,0.7384399655,0.537194555
6.563587759,1241.110076,0.3444243272,0.3192364424,0.6700896979,0.4764085217
7.834940575,1319.108405,0.7021670772,0.384899683,0.7036184907,0.5470289483
10.69659291,1560.143458,0.2788490983,0.3817668092,0.7238561132,0.5274070388
5.25553703,1413.600508,0.1439492381,0.2925375872,0.6801657682,0.4300974863
15.96832512,1438.058485,0.02910904068,0.363851721,0.7131863964,0.5101775957
13.75110508,1506.896258,0.738612243,0.4073325016,0.7311402772,0.5571194945
23.35236756,1669.548096,0.5935987393,0.4043311636,0.7491599778,0.5397127123
19.11477659,1683.487785,0.4690132646,0.4183533585,0.7494833316,0.5581890094
17.22647988,1642.682472,0.6066197787,0.4197968366,0.7464308207,0.5624055505
18.56434686,1314.753021,0.2393407317,0.3390705543,0.7046450563,0.4811934055
14.32072154,1576.712963,0.6889914392,0.420087301,0.7402051648,0.5675281949
23.77730416,1417.76073,0.4498354998,0.3604257553,0.7261071245,0.4963809652
19.01911549,1465.271472,0.253473106,0.3719874766,0.7226644357,0.5147444073
18.17206425,1416.415897,0.2878094047,0.3619005489,0.7156482476,0.5056961296
18.71921585,1594.051711,0.3100550317,0.3974263592,0.7372268189,0.5390828833
13.77056734,1366.496612,0.4294618188,0.3556463806,0.7030639819,0.5058520842
18.25940251,1623.484967,0.5873311962,0.4109592441,0.7434979918,0.5527375307
23.96663442,1614.783031,0.4965104859,0.3987668998,0.7453380507,0.5350148157
5.138328128,1260.043613,0.2511343086,0.2919729166,0.6636213744,0.4399691267
23.14235803,1438.183606,0.7490136006,0.3606316198,0.7272249515,0.4959010538
6.563396201,1557.013282,0.2121996152,0.3370055503,0.7116482816,0.4735563326
10.92418753,1475.874688,0.2974039989,0.372764017,0.7136995337,0.5222982493
20.73526825,1377.286339,0.05710402576,0.3550562922,0.7164258403,0.4955939223
13.28240107,1611.460234,0.320524171,0.3998084524,0.7346609731,0.5442081001
23.03068313,1256.884142,0.771963602,0.2990564809,0.7063484978,0.4233837573
16.68466408,1316.618123,0.1270768168,0.3405902394,0.7004784986,0.4862251162
16.86136332,1300.954943,0.4677368595,0.3335155277,0.6989465272,0.4771688745
11.95841329,1411.63508,0.4769243721,0.3740557667,0.7103216851,0.5266005171
5.342442737,1178.063567,0.8874503628,0.3931949444,0.6892238287,0.5704894811
12.9438681,1383.348887,0.8820906746,0.3782147602,0.7131055139,0.5303769959
22.01950615,1331.939935,0.04805603419,0.3409284854,0.7136031726,0.4777564036
5.912150962,1200.895512,0.4799664148,0.3244994705,0.6691119654,0.4849703597
15.15396735,1435.745249,0.5490152231,0.3722476607,0.7160035763,0.5198963707
22.02506207,1332.499344,0.2193074064,0.3403691201,0.7136784956,0.4769222027
5.696367269,1414.440897,0.7926248652,0.435865434,0.732267248,0.5952272687
6.40664761,1301.588152,0.6858839322,0.3823503051,0.7021331104,0.5445552979
19.53282302,1690.018997,0.3814988815,0.4162170547,0.7493060105,0.5554700601
22.65027613,1604.837555,0.8343755469,0.3901063799,0.7425064011,0.5253912685
19.03207056,1235.227973,0.9303510907,0.2981595458,0.6955256636,0.4286823066
15.44658224,1486.111057,0.2696275543,0.3774390299,0.7202890471,0.5240105085
21.0722568,1366.537898,0.2428769233,0.3512267014,0.7158433905,0.4906474043
12.03284646,1613.85291,0.6488734701,0.4335169922,0.7457882525,0.5812869682
7.277357689,1116.488652,0.1271483605,0.2797827147,0.6368209354,0.4393428343
16.95276528,1667.262689,0.6006422895,0.4259392896,0.7495258957,0.5682782837
15.07350491,1568.191134,0.645380066,0.4118873707,0.7376146017,0.5584045784
9.03084864,1122.569207,0.7085513956,0.3022963269,0.6561892503,0.460684668
3.741545226,1265.666155,0.8407268191,0.4157334461,0.7160716382,0.5805752161
15.72318936,1107.387135,0.7724957956,0.2565512167,0.6682527623,0.3839134399
3.069030563,1227.712287,0.6072234754,0.3047622143,0.6914346918,0.4407678959
10.9761354,1201.43857,0.04451703311,0.308147399,0.6666504882,0.4622323159
2.679959173,1104.555242,0.7156448355,0.3016207709,0.6743328634,0.4472876636
12.53499384,1286.499619,0.9337626253,0.3411699892,0.6940048925,0.4915959424
23.82147603,1495.989847,0.1675631952,0.3808921569,0.734120422,0.5188415218
5.924561791,1133.298502,0.6847772541,0.3342093872,0.6641565911,0.5032087186
22.81889254,1373.489661,0.2568630316,0.3513363075,0.7197378474,0.4881448277
22.67593525,1611.7187,0.8424043764,0.3909759297,0.7431589734,0.5260999917
21.6741014,1624.190717,0.4112440887,0.3996289694,0.7430973753,0.537788159
11.63321974,1359.825728,0.3412730952,0.3550573058,0.6985620818,0.5082687925
3.516622177,1317.238137,0.3712652701,0.2752765793,0.6837522447,0.4025969661
19.44003145,1177.675236,0.4035588806,0.2833843351,0.6885431339,0.4115709259
16.41000027,1450.010664,0.1788995747,0.3683800772,0.7162834414,0.5142937222
3.208304659,1241.807718,0.1022906518,0.2116248763,0.6307838569,0.3354950732
16.27657552,1656.997651,0.8974507507,0.4445094154,0.7546204945,0.5890502825
11.97624177,1291.726738,0.07722912611,0.3305000129,0.6841854149,0.4830562092
17.96058113,1506.40735,0.5752446042,0.3807007157,0.7271291678,0.5235668333
12.80823072,1184.712603,0.02456093244,0.3056382882,0.6707772332,0.4556479753
21.79163677,1344.66468,0.6051652347,0.3394433842,0.7146659602,0.4749678915
16.38263097,1460.747372,0.5595114903,0.3742464168,0.7200928569,0.5197196628
15.0991631,1222.179785,0.04588145366,0.3158794886,0.6836768737,0.4620303842
11.84109967,1150.18782,0.4637061841,0.2916308072,0.6617200653,0.4407162824
21.39881714,1637.04017,0.6424097105,0.4028454413,0.7452994551,0.5405148744
12.67308205,1368.304117,0.744803464,0.3701843821,0.7080515306,0.5228212441
17.62100093,1260.748293,0.1776435719,0.3245972097,0.6956163202,0.4666325391
20.04861165,1470.161035,0.8899878434,0.3635780773,0.725156909,0.5013784917
11.73564994,1475.659488,0.5926436096,0.3981685277,0.7237232892,0.5501668023
10.7419067,1201.304268,0.7094807563,0.3199358738,0.6739567947,0.4747127358
16.70023185,1151.347852,0.6957809855,0.2765473977,0.6778821437,0.4079579324
15.99326238,1416.106629,0.6743186175,0.3622114858,0.7136036437,0.5075807684
7.72654448,1356.493583,0.6135345164,0.3820917398,0.7068638159,0.5405450544
18.69559314,1263.267788,0.7035901171,0.3159075061,0.6984500299,0.4522979348
12.56947914,1438.707555,0.3996543896,0.3748133292,0.7130362539,0.5256581655
19.74794719,1536.861276,0.5033895025,0.3825280316,0.7314631057,0.5229628517
11.24280504,1312.78058,0.8349075473,0.3657373952,0.7006189657,0.5220204035
6.648290088,1259.528807,0.1889923431,0.3049286775,0.6643796502,0.4589675156
4.264576558,1364.473133,0.5206876236,0.3369569738,0.7070787925,0.476547985
17.18695121,1453.724401,0.3809184577,0.3689828129,0.7184701395,0.5135673602
10.64339636,1537.508519,0.06713077119,0.357265515,0.7114028493,0.5021986001
17.41133089,1629.936539,0.7529612011,0.4219084232,0.7470375632,0.5647753795
11.70871711,1277.55089,0.8553985852,0.3460018752,0.6924343312,0.4996890819
9.106074817,1461.095748,0.5527722462,0.3952583621,0.7210407658,0.5481775522
15.02690601,1190.032904,0.4269599189,0.3025726927,0.6788403474,0.4457199603
10.92718576,1437.893727,0.01740588052,0.3446341882,0.6985637296,0.4933468108
6.786717315,1188.30425,0.758323175,0.3574208318,0.6794043915,0.5260796609
22.41671951,1209.138174,0.3345743474,0.2863591847,0.699046753,0.409642393
10.08024091,1212.657538,0.4069492717,0.3215086798,0.6715689998,0.4787425862
8.692882574,1368.972734,0.4616936731,0.3656403329,0.7016531455,0.5211126541
13.34959308,1598.906429,0.5309561373,0.4157034801,0.7394651738,0.5621677597
15.72214246,1646.611094,0.5256025427,0.4203703709,0.745484808,0.5638885814
9.630863817,1123.418327,0.4747217898,0.293314986,0.6526175576,0.4494439087
16.91115005,1656.495452,0.6679914103,0.4272024895,0.749426912,0.5700388959
12.82032509,1382.413873,0.5701583965,0.367723879,0.7074560426,0.5197833602
7.239964274,1542.282594,0.8594903003,0.4786552289,0.7523938093,0.6361764583
10.8465611,1556.364137,0.6148529935,0.4204772265,0.7371916856,0.5703770604
22.03221323,1375.82993,0.5611435646,0.3490075414,0.718632966,0.4856547889
20.27073393,1430.95715,0.219903004,0.366633274,0.7214462001,0.5081921201
13.7861022,1210.61986,0.4307089858,0.3098689037,0.67797015,0.4570539037
23.20650792,1328.191928,0.3988876925,0.3349464518,0.7152579918,0.4682876049
12.6947934,1444.865736,0.3270123519,0.3719653779,0.7123894618,0.5221376759
13.7044549,1455.646245,0.6240239421,0.3869127132,0.7205292923,0.5369840162
5.704141308,1484.206299,0.7593956994,0.4400290656,0.741990933,0.5930383325
22.32269443,1456.764945,0.2336978505,0.3723216379,0.7277946827,0.5115751005
21.64572058,1461.428733,0.7241742974,0.366515743,0.7271241396,0.5040621306
5.5708194,1161.341136,0.7749577776,0.3605410517,0.6774822786,0.5321778342
10.4211815,1168.522539,0.6944323498,0.3081813793,0.6661357237,0.4626405226
15.91596638,1240.341963,0.05192148789,0.320666949,0.6885084817,0.4657414652
9.525353815,1168.323143,0.4489710938,0.3104132585,0.6624346235,0.4685945563
10.18508108,1409.956077,0.8256171549,0.4110673569,0.7215939491,0.5696657482
21.81850936,1558.766185,0.8767902325,0.3810762952,0.7369724895,0.5170834741
3.348687917,1167.881325,0.5793309216,0.2988317516,0.6733197996,0.4438184527
18.82452722,1620.465932,0.240274018,0.4006859699,0.7396802449,0.541701597
10.56179731,1690.745906,0.06728641935,0.3688612141,0.7275458659,0.5069937599
7.760085479,1614.078286,0.2557750463,0.3635311686,0.7248878179,0.5014999006
7.799888045,1180.246829,0.2954694007,0.3079911494,0.6580443152,0.4680401339
23.771594,1602.309146,0.6700176464,0.3940845201,0.7439550775,0.5297154788
13.03463598,1166.755836,0.8556686576,0.2871297361,0.6688334317,0.429299318
11.02946129,1591.647854,0.03105244782,0.3610439961,0.7168154206,0.503677775
19.46443338,1449.127419,0.09534768082,0.3702842023,0.7218380171,0.5129740933
23.50061107,1231.649991,0.2196537174,0.2944127681,0.7039864855,0.418207983
11.64467704,1301.139381,0.6478029761,0.350707064,0.6940352594,0.5053159177
14.18490152,1669.655207,0.2178198505,0.4006776941,0.7390543941,0.5421491264
20.60813851,1396.454786,0.2764294699,0.3586590389,0.718325196,0.4992989817
7.416204866,1220.784529,0.1574294212,0.3028288988,0.6587139908,0.4597274433
11.58646333,1609.838767,0.2864507276,0.3920800468,0.7314528392,0.5360291543
5.447823848,1147.674169,0.6265665498,0.3313061477,0.665764088,0.4976329508
18.00463568,1338.551758,0.1516561856,0.3459236554,0.7062869922,0.4897777522
16.13432571,1244.721475,0.8614724237,0.3092269634,0.689696546,0.4483521996
3.296204064,1180.538664,0.8473789645,0.3924211005,0.7004400195,0.5602493998
14.04899139,1196.602953,0.729435961,0.2995878203,0.6767697318,0.4426731963
12.26082339,1593.674741,0.4062613251,0.4035926955,0.7345549423,0.5494384044
23.78614785,1224.023874,0.5719052069,0.2835781804,0.7035104323,0.4030902277
12.61019976,1570.704194,0.3999030447,0.399618756,0.7315571089,0.5462577715
11.25681173,1185.848046,0.696372099,0.3074189133,0.6695904378,0.4591148499
6.640789507,1161.447495,0.4741197222,0.3166304024,0.6598698475,0.4798376583
18.67627794,1331.123284,0.5261615231,0.3399409107,0.7068795435,0.4809035907
20.68594282,1565.996529,0.06095595959,0.3909352894,0.7357526749,0.5313406294
3.319334649,1181.861897,0.2044813653,0.2269373601,0.6342499312,0.3578043118
20.15295067,1507.382591,0.7558145197,0.3734703493,0.7291297708,0.5122138256
14.7990119,1164.780241,0.4332996682,0.2938913297,0.6743841351,0.435792176
4.006630826,1368.691202,0.943946655,0.497992043,0.7424410975,0.6707495648
18.74525982,1233.289024,0.7532444643,0.303531952,0.6946165748,0.4369776982
17.01159134,1687.415389,0.6377279731,0.4322758763,0.7527758804,0.5742424639
16.87741443,1500.17544,0.2702412867,0.3795806313,0.7237856236,0.524437926
19.31157363,1654.916878,0.7737695035,0.4192504743,0.7495757465,0.559317022
18.9702999,1573.227892,0.393867743,0.3938509613,0.7354877757,0.535496271
7.729904588,1610.088036,0.4828983126,0.402147021,0.739686162,0.5436724948
12.23026233,1222.751801,0.4925046016,0.3157502644,0.6762984457,0.4668800681
16.70605564,1369.057749,0.2347924085,0.3515265986,0.7068991294,0.4972797164
14.75955766,1689.338532,0.4478810424,0.4232987524,0.7485504381,0.5654912894
11.8110972,1206.43353,0.3886035715,0.3121885773,0.6721304266,0.4644761864
23.15848098,1263.565636,0.1058060831,0.3120711128,0.7074115474,0.4411450646
12.85994643,1424.840864,0.3402699914,0.3685856334,0.7099504745,0.5191709094
15.88714407,1124.306174,0.1130368711,0.2762093922,0.671425208,0.4113777512
12.49738638,1143.508361,0.1629912446,0.2928286076,0.6632005883,0.4415385221
22.07131017,1697.346684,0.01720250207,0.4102175906,0.7496712655,0.5471966307
23.47963764,1516.332111,0.3671353593,0.3833588864,0.7355702919,0.5211723347
20.04580487,1430.873788,0.1141239828,0.3670344997,0.7210109253,0.5090553926
8.208614679,1467.156483,0.5251717689,0.3912541102,0.7210680387,0.5426035953
2.610007792,1150.591183,0.8438458422,0.3668343026,0.6992657778,0.52459925
16.84261339,1169.666814,0.3919804882,0.2906380806,0.6809905153,0.4267872666
16.39923985,1642.629268,0.5590173067,0.419951749,0.7456671945,0.5631892513
18.55441775,1397.296008,0.3224596488,0.3580642482,0.7143242086,0.5012629334
21.17591123,1572.199916,0.5811224508,0.3881514413,0.7371659841,0.5265455131
11.2233386,1555.172936,0.09190690034,0.364985433,0.7161747261,0.5096318254
22.49673784,1438.6231,0.7047231394,0.3619028586,0.7262071746,0.4983465756
20.78044516,1628.783101,0.2655597433,0.4018557615,0.7426268978,0.5411273989
18.29831797,1566.085876,0.616732181,0.3964777356,0.736000591,0.538692143
11.82739584,1550.085507,0.2781078416,0.3843121134,0.7240585408,0.530774919
16.98691631,1386.998998,0.7252814249,0.3483933112,0.7096633375,0.4909275889
9.375215959,1275.641673,0.2036796074,0.3265508765,0.6767422054,0.4825336353
15.82943741,1262.907285,0.3054274421,0.325634494,0.6913245553,0.471029839
5.884716506,1215.145795,0.4540464097,0.3236811717,0.6706513686,0.4826370105
13.02466997,1532.037608,0.02869675585,0.3668411498,0.7162018255,0.5122035951
5.754859106,1404.232892,0.6708249024,0.400275331,0.722407873,0.5540849511
15.37302949,1495.142547,0.008595147785,0.3702368897,0.7178661511,0.5157464092
19.08513514,1292.069956,0.8779832905,0.3201583727,0.7029759516,0.4554328949
11.91268518,1617.043261,0.9135793356,0.4700644548,0.7555764834,0.6221268993
20.5349516,1410.925965,0.8462910134,0.352483012,0.7197769681,0.4897114351
9.819786016,1670.979762,0.8119919759,0.4802074451,0.762786374,0.6295438165
7.118954871,1476.178865,0.4067260674,0.3676522925,0.7155693217,0.5137899032
7.175674566,1550.507161,0.3768746635,0.3716058572,0.7244475197,0.5129506929
20.13836954,1641.805612,0.0241365709,0.4003686335,0.7418800743,0.5396675923
14.98726895,1635.087355,0.9390258611,0.4512511019,0.7540873509,0.598406937
4.007657261,1228.745446,0.4308817827,0.2939522917,0.6718063702,0.4375550825
19.1014135,1165.782091,0.7044758736,0.2722993975,0.6860640642,0.3969008315
10.13183968,1540.319766,0.367787516,0.387101554,0.7246081477,0.5342219173
8.110828652,1296.413491,0.5809446824,0.3625898585,0.6934049842,0.522912103
23.8201331,1226.369555,0.5537856555,0.2851203521,0.7038732754,0.405073416
12.87926,1640.345919,0.8053133005,0.4546048743,0.7538890586,0.6030129621
15.58091885,1381.881053,0.909926085,0.3508615826,0.7090428944,0.494838303
9.490235511,1124.059327,0.08475651639,0.2870342558,0.6477175496,0.4431472577
17.55661226,1267.973232,0.2606976835,0.3262993264,0.6964062009,0.4685474167
17.93545975,1232.210252,0.7443144514,0.3053569286,0.6925727499,0.4409023148
23.55324314,1366.246954,0.07361151139,0.3491445846,0.7201643669,0.4848123576
16.68018048,1112.254919,0.3880117715,0.2629068884,0.6718034279,0.3913449641
8.127243294,1178.677849,0.6352082557,0.3312013396,0.6696791393,0.4945672041
20.25901761,1460.488235,0.08280557914,0.3730378574,0.7245449451,0.5148581326
18.47641767,1275.250041,0.6533256087,0.3214124823,0.6994973803,0.4594906162
11.2495529,1137.782966,0.559254508,0.2860275131,0.657294988,0.4351585183
18.11969062,1168.941621,0.5140981889,0.2831553135,0.6841655283,0.4138695999
13.8764908,1187.144112,0.02409746589,0.3061192017,0.6748071194,0.4536395556
9.882972394,1110.642747,0.3236400631,0.2855567465,0.6485840838,0.4402771416
19.24508199,1393.789613,0.7376569108,0.3510309,0.7153614497,0.4907042449
21.68451642,1259.003936,0.8899901499,0.3012954853,0.7041159299,0.427906077
8.975110059,1420.093027,0.2903240605,0.3564131193,0.7023897493,0.5074292723
23.61832217,1242.767837,0.2668928434,0.2992339398,0.7056142139,0.424075839
18.98484515,1633.600696,0.7833978488,0.4150991994,0.746932559,0.5557385261
20.00446187,1224.663528,0.081800117,0.3061463228,0.6962491961,0.4397079731
3.59775745,1239.769141,0.6317353663,0.3321922949,0.6938937742,0.478736526
23.40458473,1304.926,0.4568384657,0.3251341437,0.712867507,0.4560933701
3.458269901,1106.144479,0.5069705194,0.2755534345,0.6501942751,0.4238016928
20.33857981,1399.576691,0.06511540554,0.3604768804,0.7181594293,0.5019454813
3.687424402,1168.495233,0.5789942646,0.308487174,0.6721776283,0.4589369848
23.12726412,1580.205786,0.8811124901,0.3856969812,0.7410107459,0.5205011983
16.86420029,1505.510934,0.2706683586,0.3806857356,0.7244426637,0.5254877366
15.23353259,1579.252326,0.3759854102,0.3994484466,0.7336849823,0.544441356
23.05750223,1423.371799,0.6562923025,0.3589691571,0.7255359477,0.4947641233
15.02189248,1400.648125,0.6050266681,0.3626646803,0.7107333054,0.5102683067
16.44215274,1304.968568,0.1662537965,0.3375379547,0.698404671,0.4832985356
13.78960475,1229.857,0.4085298772,0.3154133506,0.6807480251,0.4633334787
5.962789944,1453.003947,0.6830876909,0.413256717,0.7311308025,0.5652295261
7.56029993,1230.037739,0.1811433762,0.3075333413,0.6620883774,0.4644898654
23.15212375,1377.395862,0.7668178347,0.3439741105,0.7207328498,0.4772560465
15.22456627,1244.3742,0.4898082563,0.3182368935,0.6871295269,0.4631395989
7.984586804,1368.874626,0.2875757887,0.3430004609,0.6924716167,0.4953278267
15.16238841,1179.383733,0.146841227,0.3014804959,0.6776765719,0.4448737176
7.835275803,1603.289615,0.1773005438,0.3516242335,0.7179019278,0.4897942461
19.61275685,1655.192167,0.4818933353,0.4117687853,0.7464222476,0.5516566348
13.84367672,1244.009821,0.178696814,0.3212913217,0.682917195,0.4704689295
11.54973286,1184.574897,0.05072744696,0.3048473736,0.6661487403,0.4576265858
12.54537959,1508.53444,0.8860303512,0.4278496757,0.7366227767,0.58082602
9.995689536,1699.237777,0.05079403211,0.3626847774,0.7257012466,0.499771468
2.381483793,1190.679929,0.6150903496,0.2612406695,0.6881102241,0.379649452
22.90403286,1356.204343,0.03646443743,0.3471127503,0.7179469466,0.4834796665
23.98796127,1380.18885,0.2861679331,0.3515387016,0.7224098322,0.4866194865
23.34272659,1192.431491,0.7355380474,0.2626204897,0.6985445044,0.3759538412
18.67360566,1221.808458,0.4124771893,0.3062570623,0.692904883,0.4419900477
15.3792328,1152.378132,0.8503425397,0.27732361,0.6742642744,0.4112980926
6.385433366,1380.55936,0.798810108,0.4270599514,0.7241213938,0.5897629252
17.39555379,1652.566957,0.2861992842,0.407239507,0.7423614122,0.5485731078
5.01120119,1235.355231,0.04522583159,0.2595699747,0.638976104,0.4062279842
9.089127766,1171.806062,0.5547741344,0.3178116073,0.6652566333,0.4777278293
20.23385887,1472.554238,0.7412790602,0.3676439831,0.725748225,0.506572349
10.70305504,1441.479041,0.4568239138,0.3806475813,0.7140538206,0.5330796788
14.77306,1411.809906,0.6377697108,0.368129478,0.7130245801,0.5162928295
15.20539169,1433.286206,0.7925849861,0.3747339471,0.7182237639,0.5217509722
21.1498653,1298.101,0.3937253804,0.3288460335,0.7079421051,0.4645097829
18.09279358,1158.907653,0.03366547875,0.2833275178,0.6826345021,0.4150500992
19.44472638,1310.183669,0.3193855008,0.3362695859,0.7059825582,0.476314297
13.71932187,1488.341929,0.8508867357,0.4082447773,0.7305750003,0.5587992706
7.713552751,1357.498226,0.7214138544,0.3989793229,0.712285238,0.560139817
5.123716125,1214.922214,0.6700947259,0.3566615786,0.6856617931,0.5201712888
15.37614492,1450.907059,0.126752619,0.3670754315,0.7141893816,0.5139749218
11.18614826,1601.138737,0.9105334036,0.4716709039,0.7544484601,0.625186383
4.926535069,1121.95051,0.3020677862,0.2755802928,0.6376303398,0.4321944481
12.07826241,1247.761819,0.363914124,0.3249335324,0.6801949662,0.4777064644
16.73828056,1603.452418,0.6951916739,0.4158314512,0.7427743669,0.5598354895
4.687268156,1266.593745,0.7503420203,0.3877530357,0.7043750923,0.550492259
20.71213071,1438.023613,0.7201122016,0.361447828,0.7230197822,0.4999141613
22.59562088,1457.581394,0.7291549891,0.3656686484,0.7283316284,0.5020633927
11.98281574,1590.863234,0.3324284998,0.3954699685,0.7313417533,0.5407457822
10.51203057,1151.745531,0.3623387174,0.2983239713,0.6589372473,0.4527350253
8.53634852,1107.482949,0.5138097488,0.2952179158,0.6487532841,0.4550542141
9.559061247,1382.251051,0.4006835271,0.3631659783,0.7018617526,0.5174323532
15.36928264,1125.763951,0.4322249124,0.2757919975,0.6701067133,0.4115642957
22.66410636,1477.260039,0.5099651446,0.3737358168,0.7304397518,0.5116586493
19.01551376,1295.559195,0.8713937031,0.3215570064,0.7032603381,0.4572375107
4.755214445,1288.592699,0.9367908257,0.4588243176,0.7212827442,0.6361226875
6.719608682,1410.529874,0.5648742435,0.3830953896,0.7150265278,0.5357778693
15.42432421,1442.821426,0.4297926556,0.3712956921,0.7160022354,0.5185677833
10.03369754,1644.634327,0.7227503034,0.4563369572,0.754929074,0.6044765964
9.772276904,1621.492064,0.7661997007,0.460674053,0.7540402195,0.6109409565
5.103073032,1153.018571,0.4480562317,0.3035585632,0.6559176428,0.4627998141
16.10660181,1113.827749,0.5698459658,0.2635053615,0.6704138765,0.3930487878
22.23916433,1282.536071,0.5601350827,0.3177745993,0.7080914798,0.448776194
20.88028833,1357.036519,0.6906561988,0.3423272411,0.7143975556,0.4791831081
17.50354701,1521.609159,0.4854966915,0.386121201,0.7286722315,0.5298969609
16.09856777,1303.66488,0.3011961017,0.3361315697,0.6973564655,0.4820082503
20.63102829,1342.807614,0.718334198,0.3379104089,0.7122725146,0.4744116921
11.47012502,1650.214278,0.2798516314,0.3955937973,0.7357940811,0.5376419945
21.7462452,1449.72437,0.8314065668,0.3616178701,0.7260877534,0.4980360409
12.84482747,1477.420717,0.5935341117,0.3948226254,0.7236405567,0.5456059942
12.41747272,1644.205859,0.8357754035,0.4624176711,0.7560331533,0.6116367636
8.966349017,1209.358229,0.3734994869,0.3213342459,0.6687203081,0.4805211417
15.85721747,1319.19644,0.5377107969,0.3365093981,0.6986916882,0.4816278821
3.466793281,1335.728036,0.2371582645,0.249474206,0.6704066381,0.372123711
6.667266838,1389.160082,0.2721282699,0.332033826,0.6921199345,0.479734522
11.3100199,1471.215363,0.7115204119,0.4095391079,0.726961773,0.5633571436
8.330898547,1501.27488,0.3784855896,0.3750942158,0.7182880963,0.5222058081
19.28929238,1622.245722,0.5196049565,0.4058795757,0.7426568595,0.5465237014
20.89239924,1599.008157,0.5260893473,0.3950297835,0.7399720802,0.5338441734
7.177731558,1448.014458,0.3020283619,0.3485127791,0.7043556781,0.4947965778
7.117209994,1142.521056,0.6684025276,0.3278832854,0.663279273,0.4943366976
16.94433069,1588.537669,0.4968787742,0.4039966467,0.7376670543,0.5476680087
22.12998215,1683.182954,0.6094214963,0.4121720899,0.750923983,0.5488865707
18.2161307,1658.12945,0.1208904867,0.4019047942,0.7413996783,0.5420892482
22.81796405,1653.221327,0.1289312631,0.4056514171,0.7469929057,0.5430458764
15.21897635,1594.47263,0.5205174914,0.4104732493,0.7386281621,0.5557238004
9.341435176,1258.7768,0.7316145192,0.3576600243,0.6894750963,0.5187424843
21.56963631,1441.840595,0.7869780248,0.3609292879,0.7249577845,0.4978624903
14.9042186,1162.103361,0.7929986435,0.2844501836,0.6743031421,0.4218431827
9.011228664,1330.239858,0.509748371,0.3622032685,0.6967249367,0.5198655157
11.5569926,1135.471807,0.8681046273,0.2771691642,0.6581719015,0.4211197159
18.53371558,1218.080487,0.6626469813,0.3003481475,0.6920724472,0.43398368
15.93808491,1530.632298,0.1074380067,0.3801065162,0.7242695522,0.5248136071
23.51059993,1678.994751,0.7878728895,0.4039974038,0.7506351969,0.5382073815
4.160123659,1243.454914,0.06865427406,0.2418145609,0.6355365317,0.3804888451
12.38530527,1504.314822,0.1075274506,0.3664733308,0.7137875782,0.5134207178
9.602360234,1185.439144,0.4792394824,0.3169700912,0.6668325741,0.4753368439
4.780468924,1112.717002,0.8802026411,0.3726196251,0.6744771695,0.5524569873
11.25708317,1287.67628,0.2253399726,0.3336611614,0.6839220261,0.4878643306
15.43631881,1330.139851,0.02901226504,0.342943724,0.698946157,0.4906582869
14.09460413,1608.236833,0.2131667347,0.3925896025,0.7320694017,0.5362737489
17.43901784,1201.422763,0.2201428995,0.3038371548,0.687105831,0.4421984811
7.462142491,1555.190831,0.7827873039,0.4592561249,0.7496576315,0.6126211561
16.90649384,1264.968542,0.213177522,0.3264095085,0.6944110686,0.4700522835
6.365588466,1104.467022,0.5143028222,0.3041142902,0.6477154123,0.4695183787
16.2803662,1632.227084,0.3785167573,0.4084839543,0.7408496934,0.5513722391
13.59051209,1651.151259,0.1577455453,0.3917151137,0.7342407473,0.5334968334
18.43610352,1272.840918,0.2247888943,0.3269713105,0.6990966997,0.4677054127
15.52093635,1522.721692,0.4635881987,0.3913807818,0.7279278655,0.537664239
13.85834229,1443.600946,0.2180012628,0.3671435576,0.7117060078,0.5158640697
10.13721049,1168.882696,0.2956189511,0.3046091055,0.6610841007,0.4607720942
10.48027244,1225.571167,0.1789097979,0.3168776058,0.6707528834,0.4724207881
20.83036575,1355.935931,0.8268107185,0.3388023433,0.7141763175,0.474395937
14.57787555,1144.59523,0.3992117698,0.2871788185,0.6705910849,0.4282472955
19.70205231,1556.091093,0.8456654408,0.3858815636,0.7353251708,0.524776764
18.33906271,1236.727867,0.6653576879,0.3080673847,0.694137205,0.443813388
16.61731111,1571.260928,0.2222515108,0.3913558463,0.7314690083,0.5350272423
4.832517071,1191.337902,0.4816581902,0.3132615659,0.6673953894,0.4693792779
8.229891276,1349.399289,0.4869322067,0.3639631717,0.6992521826,0.5205034474
8.552289265,1404.959437,0.1520548521,0.336840095,0.6921747428,0.4866402573
8.752226092,1506.815831,0.1930085066,0.354209611,0.7090314398,0.4995682718
3.916566837,1342.277706,0.005046424072,0.2316723326,0.640693249,0.361596338
11.01824435,1101.959713,0.3824161179,0.2778216783,0.6502047267,0.4272833876
9.833062462,1109.963903,0.9244378414,0.2851946147,0.6541239323,0.435994772
10.50889359,1189.359243,0.5307408894,0.3143706829,0.6688850113,0.4699921176
23.49616345,1238.579042,0.2115783933,0.2981177804,0.7048654765,0.422942803
17.86115475,1446.155262,0.6853042327,0.3614445486,0.7182376669,0.5032380858
14.85132173,1276.451339,0.9124133517,0.316830128,0.690396073,0.4589106752
7.061157944,1515.499087,0.7834644879,0.4522986289,0.7445584884,0.6074722616
14.80667669,1264.601645,0.2147438182,0.3267518947,0.6886775843,0.4744627996
13.78599426,1234.79702,0.6448836757,0.3125157154,0.6814371101,0.4586127037
16.21457997,1329.267665,0.5829555314,0.3382572588,0.7008704103,0.4826245392
17.29559657,1595.5657,0.5680135425,0.4069429913,0.7396163472,0.5502082165
20.90002405,1479.068976,0.2874205256,0.3758804826,0.7276226976,0.5165870772
23.16026035,1656.664988,0.3039057618,0.4056285416,0.7477913291,0.5424354707
14.99726515,1358.470301,0.5533036914,0.3485222748,0.7030863562,0.4957033681
5.608599131,1348.265742,0.3204798437,0.3206517208,0.6868406354,0.4668502477
17.51895474,1514.830453,0.0939517598,0.3796902355,0.7252602461,0.5235227459
8.235626231,1592.863604,0.2091387914,0.3596510046,0.7198609469,0.4996117738
16.33894563,1527.265925,0.2809087254,0.385456464,0.726664311,0.5304463947
11.81837632,1357.860343,0.5593076648,0.3646270956,0.7030245265,0.5186548718
8.745356922,1175.596345,0.1424135238,0.3001872479,0.6552608232,0.4581187175
14.75083695,1162.086694,0.03557568729,0.2963965154,0.6738259191,0.4398710512
16.7810586,1135.231989,0.10673926,0.2774513,0.6756565245,0.410639563
22.70880864,1350.038449,0.9417323887,0.3313602328,0.7169112081,0.4622054015
17.52732613,1640.398331,0.9224416497,0.4313169007,0.7512387713,0.5741408953
14.92116746,1544.371268,0.5371413021,0.4010428975,0.7321083649,0.5477917159
19.64258824,1425.711614,0.2295962895,0.3652299452,0.7196753057,0.5074926738
12.44543827,1576.410235,0.4168161055,0.4019735783,0.7327651322,0.5485708321
14.95737271,1137.520643,0.6556629666,0.2779466478,0.6706837291,0.4144228281
10.20395779,1484.965413,0.2182291395,0.3638225977,0.7105888289,0.5120015724
21.29658865,1474.326732,0.6217664959,0.3709520462,0.7278383956,0.509662651
13.81988159,1577.36943,0.09434738462,0.3796411698,0.7248823083,0.5237280113
19.61120025,1617.516222,0.2470867913,0.4002038892,0.7402169544,0.5406575556
13.71817476,1138.518277,0.3604537318,0.2874598135,0.6667968941,0.4311055076
13.05754036,1591.870978,0.9025765802,0.4511621121,0.7495535305,0.6019077941
17.59991401,1228.713236,0.5608475482,0.3090313177,0.6912827444,0.4470404046
20.11800829,1643.000002,0.6889560865,0.410377626,0.7467120381,0.5495794966
13.28964295,1103.445591,0.318194828,0.2751603873,0.6595874651,0.4171704313
19.54208002,1650.114192,0.02401762514,0.4001985536,0.7416360335,0.5396158432
20.4437157,1362.340976,0.5430901997,0.346929125,0.71417028,0.4857792808
5.871995027,1170.537128,0.4610173689,0.3149822767,0.6610675015,0.4764752102
22.26374784,1262.142763,0.3562093283,0.3125171861,0.705605837,0.4429061804
8.501095824,1420.319672,0.6961284083,0.4078653161,0.7212687443,0.5654831424
19.95803331,1434.609732,0.3589597334,0.366093138,0.7212440386,0.5075856693
16.88821329,1392.41492,0.2891887161,0.355894905,0.7100568398,0.5012203039
12.18456997,1389.664762,0.4279271828,0.3656765436,0.7057597397,0.5181317707
19.46312562,1163.751763,0.8743244638,0.2638638798,0.6866071091,0.3843011183
17.49271244,1437.403134,0.4518396369,0.3631765979,0.71648343,0.5068876442
12.70578384,1121.666594,0.8022761952,0.2733996109,0.6604430949,0.4139639175
8.993681685,1105.242504,0.05767066771,0.2803518472,0.6415332052,0.4370028627
10.98078373,1385.405265,0.4807796833,0.3699868673,0.70579942,0.5242096506
17.84849536,1660.247022,0.5352392464,0.4188040041,0.7474479464,0.5603119336
20.52119683,1334.861992,0.9246212653,0.3302206948,0.711126667,0.4643626939
3.862085711,1365.829328,0.6495580102,0.3636323019,0.7199330755,0.5050918123
19.33815759,1373.763766,0.4038021961,0.3521711841,0.7132807839,0.4937342938
8.798909512,1492.362152,0.1000200019,0.342233053,0.701792094,0.4876558968
12.47800909,1642.635606,0.9404363275,0.4761907826,0.7592016206,0.6272257193
14.38888966,1413.805003,0.2169512484,0.3615954426,0.7085698366,0.5103172954
12.7407565,1194.494676,0.8983804602,0.2942222452,0.672013524,0.437821911
21.4368051,1496.628095,0.7678880381,0.3724266929,0.7303277433,0.5099446054
8.162885356,1134.008588,0.660692833,0.3150083388,0.6592696909,0.4778140769
16.19778935,1293.97446,0.9388533081,0.3209411793,0.6963738734,0.4608748139
10.97127938,1668.494795,0.1993442262,0.3856008512,0.7333286088,0.5258227302
19.81649937,1379.478554,0.8773186041,0.344220548,0.7148948896,0.4814981237
22.84507908,1572.147107,0.3988919261,0.3923164228,0.739842431,0.5302702391
16.75075514,1340.210034,0.194782559,0.3457152695,0.7035485923,0.4913879059
8.136805406,1287.868685,0.0003773147309,0.304773915,0.6654911947,0.457968366
7.776231612,1154.688224,0.2121611453,0.2962190379,0.649755734,0.4558929185
13.44701795,1247.925523,0.2228054563,0.3215709506,0.6821857312,0.4713832845
9.744249021,1316.867496,0.363499549,0.3468197534,0.6896413238,0.5028987409
10.89798499,1567.664456,0.3000308189,0.3858005647,0.725987822,0.5314146506
23.47390729,1533.436432,0.2893219554,0.3872028961,0.7371943874,0.5252385296
6.272495675,1379.065803,0.08684465213,0.3005421215,0.6746217361,0.44549724
21.30291618,1518.215439,0.5373329503,0.3803401257,0.7322291421,0.5194277362
20.73284334,1345.940469,0.2057781363,0.3461514935,0.7128339498,0.4855990566
12.38539159,1371.13465,0.899591404,0.3799415573,0.7119955046,0.5336291519
7.102582065,1219.066316,0.3666643139,0.32050953,0.6677003287,0.4800200273
18.45396512,1381.415921,0.8921390396,0.3441675841,0.7123064469,0.483173479
13.07277221,1636.295748,0.9147968246,0.4655701092,0.7564787233,0.6154437592
11.20186628,1140.802982,0.009876385576,0.2924351099,0.6575534206,0.4447320944
6.145359269,1405.32253,0.1293952019,0.3063755837,0.6816284164,0.4494759555
14.69002036,1372.567749,0.8942828116,0.3558821795,0.708350072,0.5024100279
20.37213784,1283.395666,0.7996365899,0.3171558948,0.7045913506,0.4501274313
21.8181,1238.464001,0.6521316984,0.298170763,0.7017453943,0.4248987816
22.23904039,1366.645435,0.1960720092,0.3504744876,0.7179694744,0.4881467808
7.577259674,1335.80064,0.8669800679,0.4184698101,0.7151414152,0.5851567274
11.66910939,1179.48752,0.4167990485,0.302724661,0.6666079468,0.454126991
20.07271631,1285.1981,0.6813297914,0.3213739362,0.7042043514,0.4563645987
11.11089693,1551.572342,0.3073960474,0.385191638,0.7244795192,0.5316805069
17.75487264,1205.014041,0.6726193465,0.2970836163,0.688397885,0.4315580027
13.67560541,1575.289753,0.4711272016,0.4059427707,0.7346697937,0.5525513288
15.93916218,1557.886116,0.3684507562,0.3945739611,0.7313470213,0.5395167406
7.141849693,1290.165039,0.2645180924,0.3225127544,0.6759570271,0.4771202037
10.51217442,1536.077917,0.7860789721,0.4401665639,0.7410549338,0.5939729214
8.712656912,1243.262299,0.7643636552,0.3602063512,0.6881326302,0.5234548332
19.61547501,1327.369215,0.2410197144,0.3417372097,0.7084174045,0.4823952765
8.76709324,1334.3941,0.7688492544,0.3921086598,0.7077095403,0.554053093
16.28011638,1560.689352,0.008013183981,0.3810624105,0.7267067864,0.5243688619
14.93580823,1284.045419,0.5390952019,0.3276229644,0.6916453144,0.4736863788
17.53350914,1576.92125,0.6612178332,0.4037372892,0.7381904135,0.546928383
14.6807081,1442.037233,0.4839610229,0.3744654568,0.7161419204,0.522892804
19.68799153,1172.974693,0.2285952448,0.281789277,0.6884361741,0.4093179406
7.553174728,1376.366031,0.1983283875,0.3300867742,0.6875015665,0.480125123
3.328960048,1122.2671,0.8539801327,0.3780712516,0.6857564074,0.5513200424
15.01011291,1678.603328,0.50778927,0.4262458314,0.7489618867,0.569115517
13.65708603,1514.408783,0.6686555186,0.4056918942,0.7308098805,0.5551264495
6.992413629,1101.391766,0.890734854,0.3305518907,0.6607020285,0.5003040349
18.35733736,1302.065021,0.06288282604,0.3365467639,0.7026153094,0.4789915041
12.30003646,1690.575688,0.009197422441,0.3748025954,0.7293356754,0.5138958755
18.04761143,1559.312314,0.1362724547,0.3881113923,0.7312252976,0.5307685519
18.67788348,1397.063363,0.2185880283,0.3589074927,0.7145579717,0.5022790409
10.82575089,1171.654024,0.7728414345,0.3053034617,0.6673139914,0.4575109554
19.92271378,1387.18116,0.4795001477,0.3542859003,0.7159734938,0.4948310284
19.59650363,1473.335829,0.01299227685,0.3749066618,0.7246303152,0.5173764524
14.3868892,1519.192218,0.3087885903,0.3852353467,0.7239723559,0.5321133377
15.64349962,1590.270082,0.4460143353,0.4047895625,0.7366711617,0.549484741
6.168210056,1498.727974,0.1050901111,0.3102013511,0.6926625503,0.4478390681
14.4038715,1458.976,0.2380622158,0.371107619,0.7149088875,0.5190977836
3.456364499,1164.038038,0.4978555839,0.2827428116,0.6640754764,0.4257690905
5.151537661,1170.710736,0.4318424629,0.3052019193,0.6589555854,0.4631600764
15.8913141,1443.677761,0.9044425334,0.3739503536,0.720535845,0.5189892441
8.037223843,1195.715409,0.2225321128,0.3069408544,0.6590734106,0.4657157298
10.43828633,1381.875845,0.9072829938,0.4070168698,0.7183552837,0.5665954982
8.27029111,1183.263601,0.7808055239,0.3420204759,0.6752461439,0.5065122978
8.756654769,1525.6655,0.2846787457,0.3679028355,0.7168569577,0.5132165232
4.495776783,1373.563876,0.6633851474,0.3814520119,0.7200612449,0.5297493992
21.68999171,1592.978591,0.7339771778,0.3892434034,0.7399254906,0.5260575671
9.170100482,1592.390598,0.4827958532,0.4068623112,0.7369744991,0.5520710848
13.4103118,1696.061364,0.8955498071,0.4768200757,0.7636956266,0.6243587879
23.84310436,1305.152124,0.1790675767,0.3269838405,0.7136403187,0.4581913772
23.86834814,1432.705659,0.08537981234,0.3670134815,0.7278152499,0.5042673695
6.510591703,1429.644261,0.2127995372,0.3257599599,0.6935847263,0.4696757982
12.85820783,1303.220967,0.629581213,0.3424581653,0.6936062955,0.4937356646
14.01126367,1396.508914,0.6585247009,0.3680777832,0.7109102945,0.517755596
6.097863251,1126.459666,0.7309795894,0.3367341055,0.6641738384,0.5069969426
23.46383643,1611.604644,0.5546839846,0.3970266805,0.7443284908,0.5334025036
21.24606911,1360.148929,0.7598609502,0.3412849182,0.7154398297,0.4770281218
18.50387496,1625.018876,0.6640801713,0.4123775903,0.7445805165,0.5538388141
11.76157499,1322.497667,0.1295996529,0.3378856513,0.6888467754,0.4905091573
15.75733753,1312.069104,0.7358480111,0.3308038984,0.69752897,0.4742511245
7.337492228,1489.92377,0.3010428834,0.3545504068,0.7107457499,0.4988428096
21.2631873,1524.721312,0.1846197233,0.384834489,0.7327955277,0.52515944
9.546252042,1342.88452,0.7553581862,0.3872086934,0.7075000179,0.5472914256
7.469850631,1167.255992,0.1775653118,0.2950459111,0.6497710463,0.4540767286
6.363276174,1433.541282,0.8441545186,0.453186535,0.7364053687,0.6154036272
4.730892942,1147.46902,0.6382793387,0.3313433274,0.6683098,0.4957930101
18.27182369,1656.262688,0.5145138855,0.4161116589,0.7466882636,0.5572762814
11.07779345,1339.044674,0.3426324903,0.3506381274,0.6945085006,0.5048723336
12.60412455,1459.043631,0.30097069,0.3730754134,0.7136656224,0.5227594012
23.82215296,1251.141648,0.7988638811,0.29221825,0.7070267843,0.4133057708
6.686396969,1321.125894,0.8150697809,0.4121504363,0.712392207,0.5785442798
21.76403593,1403.519774,0.2811790932,0.3599448079,0.7212079645,0.4990860136
9.231826912,1159.220292,0.2145802436,0.3003134271,0.6555267722,0.4581253425
11.81117834,1529.367661,0.4469969462,0.3964264929,0.7271235455,0.5451982615
2.947470172,1113.849066,0.493048426,0.2547291916,0.6520779624,0.3906422334
10.68775901,1316.076911,0.8289476944,0.3726937598,0.7021878962,0.5307607292
19.47670411,1279.809586,0.6052633881,0.3222982102,0.7022785425,0.4589321626
13.07875303,1352.999058,0.4059250105,0.3534682658,0.700051004,0.5049178758
18.3686889,1278.37828,0.250988303,0.328590478,0.6996525719,0.469648067
4.863363599,1267.048646,0.3624248125,0.3051708295,0.6740080508,0.4527703031
13.56282025,1685.239666,0.2930559837,0.4076044607,0.7425048444,0.548958655
8.897659981,1552.050584,0.1249058361,0.3513029405,0.7110106182,0.4940895839
20.43080632,1353.40083,0.1227277842,0.3488731367,0.7131155127,0.4892238782
10.10709958,1594.317008,0.3337305808,0.3898266208,0.7300774491,0.53395242
16.01364192,1196.980162,0.5967128314,0.3001273305,0.6826974969,0.4396197903
19.32680165,1417.134995,0.5012944878,0.3604406498,0.7181161386,0.5019252881
12.07389153,1335.426771,0.3163096276,0.3480510692,0.694727253,0.5009895145
14.10576757,1688.023087,0.4083058713,0.4195025355,0.7469858592,0.5615936772
15.28202685,1152.7517,0.6592394274,0.2832933523,0.6740296504,0.4202980568
8.116055972,1218.269831,0.2761414054,0.3159914606,0.6656377543,0.4747198586
22.21462459,1184.952902,0.3699657317,0.2729033204,0.6953931195,0.3924446659
7.5971477,1452.60737,0.0764187041,0.3235094744,0.6904751966,0.4685316373
15.30111729,1576.269149,0.8437716947,0.423856219,0.7426876987,0.5707058562
17.3188279,1581.203125,0.1227781536,0.3902182659,0.7322877036,0.5328756225
20.81707442,1242.911551,0.5978492747,0.3050018753,0.7003431783,0.435503457
8.776598016,1357.292094,0.1309142703,0.3305128381,0.684904189,0.4825679903
14.44857098,1503.505455,0.6933691898,0.3998700016,0.7291361455,0.5484161004
18.17507467,1644.65057,0.04353424544,0.3972071313,0.7390013457,0.5374917564
19.64149856,1542.71946,0.6849104434,0.3830365514,0.7326707255,0.5227949446
11.88598635,1365.856028,0.8319601584,0.379932158,0.7103656097,0.5348403031
13.70621244,1311.058833,0.8074096846,0.3389882652,0.6961658235,0.4869360916
8.778118127,1173.73062,0.07377507624,0.2963260734,0.6532318799,0.453630759
7.772750031,1586.504561,0.6896799843,0.4421299825,0.7485386321,0.590657534
19.05561789,1599.611575,0.1470729981,0.3954578224,0.7369945945,0.5365817136
6.425364666,1242.609256,0.1274746884,0.293307391,0.6563720312,0.4468615009
19.07290856,1621.103235,0.9327372284,0.4134748048,0.7467603277,0.5536914448
16.50218871,1437.702392,0.07948620867,0.3651603236,0.7145338937,0.5110468892
19.08524111,1190.850214,0.3686781613,0.2919945768,0.6895877936,0.4234335055
22.25533274,1592.714909,0.1175468944,0.396702702,0.7408022076,0.5355042115
18.18251856,1668.137163,0.7604764093,0.4285313693,0.7518968349,0.5699337321
5.742113144,1340.137112,0.7662886593,0.4107367267,0.7165444279,0.5732187855
23.86833502,1695.322331,0.7204091803,0.4078205265,0.7524830959,0.5419663627
17.88926545,1309.000916,0.2136669015,0.3380813811,0.7024114726,0.4813152893
15.17982012,1115.356319,0.8346384278,0.2614483326,0.667871206,0.3914651961
4.582321464,1255.043144,0.8033500054,0.4007938047,0.706053114,0.5676539013
7.284651651,1166.22024,0.1170399114,0.2890023833,0.6461606759,0.4472608657
15.17829609,1442.306003,0.5087603997,0.3733227084,0.7166146345,0.5209532299
22.41041058,1244.611212,0.6149913418,0.2996082473,0.7036590098,0.425786131
17.63155721,1638.084657,0.0304020014,0.3945941619,0.7372226598,0.5352442125
8.963043332,1230.820419,0.5265374926,0.3368139357,0.6776179897,0.497055776
23.37066221,1262.129331,0.7781809016,0.3000553693,0.7076087925,0.424041324
20.37536476,1476.139417,0.6706337623,0.3698342928,0.7263769464,0.5091492711
10.71940833,1426.218251,0.0822241026,0.3471052408,0.6987603884,0.4967443011
6.957805835,1315.138134,0.5631972962,0.3650755059,0.6971660533,0.5236564577
10.30958761,1228.859418,0.2249510626,0.3192094018,0.6716765867,0.4752427108
9.870440424,1148.328751,0.7598135146,0.3054681464,0.6626053517,0.461010684
19.71101056,1295.686952,0.566411252,0.3278901397,0.7047577887,0.4652522398
6.545928049,1469.903623,0.8377776726,0.4592785179,0.7416772771,0.6192430752
11.63239559,1256.035971,0.2794762305,0.3271756838,0.6801456634,0.481037668
7.657149239,1132.215355,0.7365476609,0.3239408429,0.6619607856,0.4893656089
9.365266277,1359.009757,0.7816664324,0.3966842767,0.7119147029,0.5572075911
6.364360618,1310.529935,0.04885590206,0.2911587505,0.6615716172,0.4401016352
22.73355341,1351.28999,0.7911066212,0.3359551696,0.7170964884,0.4684936756
6.92487454,1305.804129,0.6570833045,0.3776126424,0.700371021,0.5391608605
11.76479556,1152.631815,0.8021344369,0.2845529852,0.661806358,0.4299641153
9.274087169,1108.018035,0.2928236486,0.2865799714,0.6463045695,0.4434131908
22.52782243,1405.747292,0.2074804646,0.3606160024,0.7227722798,0.4989344673
14.13287128,1162.347116,0.3077954973,0.2959851337,0.6718963542,0.4405220118
10.45558122,1372.670018,0.8289748129,0.3962002019,0.7141088827,0.5548176357
23.34590789,1614.352961,0.3015852741,0.4000709161,0.7443973836,0.5374426683
10.85122346,1342.967335,0.7190215057,0.3742982856,0.7045904898,0.5312281262
8.215068165,1555.567677,0.5796878761,0.415054778,0.7374283102,0.5628408515
17.18061224,1397.525661,0.1559655364,0.3580869499,0.7113226177,0.5034100435
18.7209906,1560.138197,0.4536234391,0.391873625,0.7340585881,0.5338451608
19.67854193,1557.754991,0.3095049353,0.3889063438,0.733772437,0.5300094747
7.785414474,1285.358712,0.5503758028,0.3567907829,0.690057078,0.5170453202
8.413913789,1326.437858,0.1906512015,0.329390514,0.6817950074,0.4831225081
14.32093909,1357.67961,0.6963990211,0.3526072503,0.7040342142,0.5008382309
19.08355079,1527.300031,0.9106598044,0.3793809062,0.7315302821,0.5186127157
23.03906276,1397.237072,0.1874882222,0.3581365031,0.7227127107,0.4955447687
13.62942647,1496.581007,0.03507625303,0.3657719587,0.7141026082,0.512212047
18.46307138,1184.408547,0.1868894098,0.2933770867,0.6872196904,0.4269043667
15.75679387,1579.375358,0.03300502594,0.3827556741,0.7278405205,0.5258784902
7.688522285,1267.627395,0.7384621538,0.3749742076,0.6947127473,0.5397543216
13.23175239,1358.563152,0.4908188994,0.3565401708,0.7021755131,0.5077650305
19.86546014,1313.283626,0.7666669533,0.3288193005,0.7072336273,0.4649373104
23.26932236,1297.447572,0.5477420401,0.3210352616,0.7117419849,0.4510556753
20.63621703,1209.637964,0.8780941222,0.2825997108,0.6955666955,0.4062870069
2.371184716,1152.48104,0.7649128192,0.3123974239,0.6948226429,0.4496074315
20.82680303,1550.937059,0.7240119732,0.3819926892,0.7345698873,0.520022255
21.68021843,1167.072,0.2202026557,0.2667403713,0.6918499956,0.385546539
14.24449516,1179.403323,0.543237103,0.2980664256,0.6748415877,0.4416835463
6.655532329,1491.523065,0.8393332678,0.4643129085,0.7449937753,0.6232440108
4.673574477,1404.018523,0.06705225619,0.2666178604,0.6662683436,0.4001658835
11.14016417,1453.783743,0.3398204951,0.3732369763,0.7122931911,0.5239934636
21.39919328,1251.550935,0.3914156279,0.3103859605,0.7026150351,0.4417582104
22.75180698,1197.763297,0.3836364961,0.2773246173,0.6981611595,0.3972214918
3.419149653,1193.990366,0.5435643396,0.2963242,0.6758679716,0.4384350382
17.53207527,1322.095354,0.573366756,0.3371064301,0.7031997534,0.4793892895
10.91168962,1403.0744,0.8833491174,0.4073267499,0.720712167,0.5651725731
12.85258032,1623.492053,0.8804957245,0.4595010341,0.7538990833,0.6094993936
7.82672159,1377.403524,0.3915208814,0.3560390767,0.699225736,0.5091904636
12.9532302,1107.442108,0.6305537738,0.2720248915,0.6590172494,0.4127735529
20.30231302,1283.368184,0.1829453624,0.3274918523,0.7044460725,0.4648927222
11.54058544,1276.199195,0.3677668133,0.3351220564,0.684742387,0.4894133367
10.62902429,1415.79496,0.09852060301,0.3465754371,0.6977109841,0.4967320925
23.22933517,1303.595561,0.5275072243,0.3239182136,0.7124067519,0.4546815604
20.42448625,1651.638481,0.8933725625,0.413498373,0.7495360537,0.5516724258
7.450090161,1398.991988,0.9128666157,0.4505927722,0.7300869771,0.6171768383
13.72959846,1332.713903,0.5320239083,0.3466782252,0.6981951393,0.4965348592
7.473966949,1365.537145,0.3845006646,0.3512908874,0.696519296,0.5043519819
22.65382472,1654.877605,0.05129065508,0.4058407869,0.7469010631,0.5433661926
15.81274203,1675.559534,0.8880157174,0.4526250614,0.7575626714,0.5974754018
9.350077758,1611.149903,0.4904567771,0.411250024,0.7398660241,0.5558439103
17.32162718,1539.797182,0.7464715855,0.3956044273,0.7337569687,0.5391491245
22.65245519,1470.63179,0.1894799894,0.3755107867,0.7297528116,0.5145725796
10.03458644,1549.828596,0.91670946,0.4690432778,0.7491911146,0.6260662582
18.02155473,1284.621451,0.621405899,0.3255719773,0.6996507404,0.465335
22.55541007,1268.738967,0.875028862,0.3031197616,0.7069673207,0.428760641
18.51730407,1451.008089,0.9196844013,0.3577178911,0.7201394575,0.4967341913
23.92485986,1665.295913,0.4316278286,0.4065718167,0.7496161885,0.5423733145
3.993111881,1176.732023,0.6012835594,0.3217485303,0.6750810204,0.4766072821
12.08430248,1432.418763,0.2376081685,0.3638382436,0.7075922635,0.5141919469
15.16300936,1507.687006,0.9341158353,0.4061216897,0.7334507931,0.5537136146
11.64146251,1494.610684,0.6966736916,0.4125952893,0.7299789619,0.5652153155
17.23542566,1250.880038,0.2167553243,0.3217418008,0.6933672728,0.4640279595
20.90043889,1584.950163,0.07364967041,0.3939317431,0.7378915333,0.5338613133
19.63455961,1559.0223,0.8591343639,0.3873111161,0.735917779,0.5262967238
17.19365989,1432.837297,0.5181789899,0.3621179745,0.7156790296,0.5059781823
4.979657731,1166.859609,0.8619913907,0.3871595284,0.6867814121,0.5637303538
20.0150131,1462.410759,0.7845938089,0.3646117973,0.7242893597,0.5034062595
18.65860357,1405.659273,0.8959682657,0.3494862662,0.7154808043,0.4884635116
21.71525747,1527.398269,0.2850690785,0.3850545432,0.7338166888,0.5247285175
20.67494525,1476.933848,0.321682373,0.3750445847,0.7270022421,0.5158781679
20.97626969,1543.496684,0.6471158547,0.3824213821,0.734116245,0.5209275571
15.55370004,1433.986836,0.7793433433,0.3721222468,0.7178802034,0.5183625973
12.95823407,1296.461746,0.4463664136,0.3378309059,0.6906204183,0.4891701677
9.23137736,1202.068329,0.4305331426,0.3217618354,0.6690354805,0.4809338888
11.7087829,1620.212853,0.9418809936,0.4772484885,0.7573956718,0.6301177922
16.74214219,1553.481444,0.5812063313,0.3988076832,0.7340371894,0.5433071907
18.94662442,1413.110368,0.06352202499,0.3629942024,0.7169039987,0.5063358595
16.68588427,1598.033039,0.5814354863,0.4100807046,0.7401945115,0.554017489
12.39683171,1477.863523,0.4386999945,0.3856210559,0.7197231412,0.5357908254
23.96527756,1359.004773,0.3335998196,0.3445584844,0.7200322581,0.4785320109
9.092265255,1619.634034,0.06030906478,0.3502673371,0.7151461109,0.4897842997
14.27024528,1693.710588,0.6939807701,0.4478477577,0.7563050297,0.5921522931
21.58194704,1387.998879,0.6946653213,0.3500538272,0.7191816202,0.4867391177
20.66336182,1520.74416,0.2338751696,0.3832958903,0.7313668628,0.5240815654
3.672659429,1173.489225,0.1724450278,0.2347731438,0.6306069211,0.3722971251
13.55804146,1698.309287,0.8550843695,0.4710100495,0.7625169538,0.6177043633
22.18099071,1624.917225,0.3107063936,0.400052751,0.743565383,0.5380196015
13.91582696,1378.572114,0.08328191136,0.3509690597,0.7014928981,0.5003173384
10.47309479,1698.263815,0.7533465743,0.4710598214,0.7627798332,0.6175567324
20.46481267,1546.365351,0.2590106908,0.3869043307,0.7335023105,0.5274752719
18.81844885,1161.72051,0.2511782649,0.2800252909,0.6848099492,0.4089094956
19.20957592,1578.980105,0.6896204715,0.3964715428,0.7381569482,0.5371100872
5.65383747,1463.126169,0.0997119608,0.2975457626,0.6847370092,0.4345402083
13.86259972,1258.196914,0.6707590837,0.3178974272,0.684945504,0.4641207591
22.39675725,1576.148206,0.7621547126,0.3869656544,0.7395122833,0.5232714359
15.55138895,1497.384762,0.655533628,0.3907565419,0.7269808793,0.5375059414
17.6431865,1654.264293,0.6085969003,0.4211388504,0.7478768524,0.563112562
16.75275306,1457.671657,0.8939152054,0.3717283601,0.721894648,0.5149343622
20.57299078,1204.904475,0.8439999751,0.2815997023,0.6947934696,0.4052998691
14.46978113,1184.704046,0.4312597629,0.3014978449,0.6763462005,0.4457744343
17.79387057,1333.344707,0.1453655443,0.3446896704,0.7051794529,0.4887970983
17.20045065,1650.745269,0.2697856979,0.4061334575,0.7417041524,0.5475679975
6.600027517,1334.979785,0.1805852514,0.31282455,0.6765661598,0.4623709677
21.20483975,1258.406484,0.7038072397,0.3078585144,0.7031081413,0.4378537188
11.34066181,1658.560397,0.7428255052,0.4579767268,0.7560208463,0.6057726173
8.940128303,1363.366719,0.1061318464,0.3301685374,0.6852102183,0.4818499909
15.14889709,1677.102457,0.01671902492,0.3892606309,0.7354756846,0.5292637663
6.66938694,1235.43985,0.9166405795,0.4022492586,0.6986608805,0.5757432108
16.84434636,1566.316666,0.03110371409,0.3841745152,0.7287794849,0.5271478179
4.577684168,1268.869819,0.1572738532,0.2673948902,0.6537034479,0.4090461678
22.86185625,1296.941373,0.9053471158,0.3130550107,0.7109664049,0.4403232115
21.00908638,1607.152587,0.3848023416,0.3973098899,0.7407082309,0.5363918927
20.42620379,1454.078987,0.02004531164,0.3720064063,0.7241852364,0.513689575
18.38994973,1423.406358,0.5374311458,0.3604721739,0.7168826986,0.5028328548
22.59987982,1264.219857,0.08450549512,0.3143718605,0.7064856426,0.4449798291
19.44875997,1157.791318,0.1328946615,0.2753685547,0.6857128205,0.4015800004
7.147485856,1109.148905,0.8674301985,0.3298982036,0.6615174848,0.4986991442
17.23073642,1492.925679,0.5418493009,0.3798266583,0.7249049039,0.5239675663
17.43402453,1427.606219,0.7777050683,0.3555587466,0.7152758565,0.4970931751
11.92222542,1259.564433,0.6159162915,0.332575794,0.6849240498,0.4855659458
20.28440424,1220.027176,0.08478418241,0.3031027053,0.6962246877,0.4353518493
8.889063101,1427.313479,0.8700595089,0.4350760071,0.7292664855,0.5965939964
21.81484869,1521.751047,0.04711524559,0.3852336878,0.7334355857,0.5252454276
22.6451923,1398.41062,0.3734951392,0.3572123814,0.7221781484,0.4946319439
4.031986036,1211.754874,0.9312858384,0.4399792956,0.7084890872,0.6210106882
15.969769,1307.492582,0.2807802591,0.3371727498,0.6975075262,0.4833965759
13.63970798,1391.507006,0.3860650817,0.3616682746,0.7064358145,0.5119619747
11.62793111,1233.741803,0.8774518745,0.3265060565,0.6826229804,0.4783109651
12.19033226,1523.696898,0.534793524,0.4028459896,0.7291619063,0.5524781068
23.35468436,1213.789046,0.5606612185,0.2802106606,0.7014043966,0.3994994356
8.890092672,1436.437561,0.7095367175,0.4123305858,0.7240760484,0.5694575682
19.32141622,1649.074203,0.2709257473,0.4061773242,0.7435301479,0.5462822527
10.2181128,1511.311097,0.278148184,0.3734447143,0.7167693436,0.5210110026
13.46086665,1358.050078,0.1106076409,0.3470903295,0.6979496887,0.4972999274
19.15341685,1419.478584,0.437118632,0.3616999205,0.718024749,0.5037429712
21.43613515,1650.943877,0.6614007888,0.4065013836,0.7472029453,0.5440307565
20.14050094,1601.099908,0.6418202786,0.3982889925,0.7407077911,0.5377140584
13.32878325,1362.696012,0.8581478022,0.3651836984,0.7079663619,0.5158206916
15.49626034,1393.417876,0.1288993912,0.3562344995,0.7072392659,0.5036972871
13.33228238,1115.558224,0.6469344645,0.2739089031,0.6617430447,0.4139203356
7.134716905,1196.33153,0.7838369241,0.3602847708,0.6815231313,0.5286464306
17.15329166,1695.04439,0.7087579071,0.4376865663,0.7551064189,0.5796356054
15.59523021,1163.473172,0.02994130047,0.2948293622,0.6765825366,0.4357625955
5.135055034,1281.023053,0.8215231185,0.4122182245,0.7102714404,0.5803671682
17.51935385,1287.193218,0.03777234901,0.3330305447,0.6987961694,0.476577519
5.907418415,1392.513239,0.2326067454,0.3162878572,0.6876849003,0.4599313683
6.182896009,1291.83207,0.8714916162,0.4203394727,0.7110744678,0.5911328444
20.45442943,1544.575892,0.154175681,0.3871911095,0.7333121679,0.5280031158
18.00454327,1319.759541,0.2363598102,0.3407041688,0.7040039733,0.4839520539
7.959065526,1565.381769,0.6047631638,0.42078916,0.7404970384,0.56825232
10.72244744,1344.323884,0.5563669149,0.3651424664,0.7006524058,0.5211463822
5.275833268,1161.886768,0.2862472338,0.285292023,0.6466696027,0.4411712284
13.67481659,1109.226048,0.2911521154,0.2767016153,0.6619166034,0.4180309331
16.62697882,1599.481009,0.9164484567,0.4247698558,0.7460658324,0.5693463463
9.340937998,1306.442394,0.14055702,0.3273555416,0.679479828,0.4817737452
8.209706956,1114.845622,0.7132572056,0.3084918977,0.6555036063,0.4706181549
22.25534893,1485.079983,0.7344300197,0.3712914338,0.7305529743,0.5082334162
12.52479856,1260.041953,0.6281051072,0.3282109175,0.6849315137,0.4791879347
8.705504327,1580.632635,0.7574819866,0.4544690515,0.7495679006,0.6063080492
5.233719125,1183.024023,0.7144441306,0.3572898369,0.680569167,0.5249868115
5.468570268,1489.344739,0.04828676716,0.2877934467,0.6815036197,0.4222918829
22.25265409,1611.106779,0.2777627183,0.398506456,0.7424519735,0.5367437494
22.96347728,1462.157126,0.2867478303,0.37306776,0.7293991093,0.5114727386
14.28304021,1474.918369,0.8042365945,0.3968936696,0.7266518237,0.5461951055
11.48090959,1382.545564,0.7948784764,0.3876537343,0.7133526376,0.5434251083
20.16069561,1510.840428,0.2864827907,0.3807475961,0.7294882132,0.5219379686
10.86822211,1588.711413,0.2302446961,0.3805880887,0.7254712832,0.5246080687
8.510511773,1302.953922,0.831833457,0.3913590327,0.7041941368,0.5557544607
17.6436742,1553.075203,0.6794430478,0.3967598488,0.734892156,0.539888534
10.51412997,1421.130196,0.08541686996,0.3455958186,0.6975762276,0.4954237329
9.177485911,1461.172579,0.7772406127,0.4275417211,0.7307283104,0.5850898549
6.326498268,1235.924879,0.5754977734,0.3477270143,0.6821424528,0.5097571817
10.16572022,1226.932681,0.5668498654,0.3314560943,0.677694011,0.4890940291
17.16361793,1342.668636,0.5168472897,0.3429669699,0.7048393577,0.4865888463
22.66894547,1633.972684,0.4886032243,0.4001437163,0.7451067495,0.5370287097
8.450912128,1206.934771,0.2048216861,0.3096441665,0.6618896094,0.467818443
8.035344574,1629.841311,0.3672352188,0.3857791429,0.7348810091,0.5249545683
15.66812493,1228.211336,0.7378349693,0.3079337495,0.6861493974,0.4487852801
23.68067261,1456.935635,0.4484923977,0.3700683938,0.7300096953,0.5069362725
17.70566252,1368.731785,0.4801416034,0.3496193644,0.7091917284,0.4929828569
16.44704241,1690.388149,0.9479294295,0.4568420465,0.7602199146,0.6009340689
13.5141164,1467.414325,0.8140953997,0.4008703371,0.7264606738,0.5518128531
19.1464666,1684.584382,0.7644444299,0.4281157615,0.7535546777,0.5681283312
19.17038767,1577.531732,0.9306350047,0.3973615957,0.7398370839,0.5370933741
4.043265892,1332.160874,0.2485147745,0.2720239952,0.6731990264,0.4040766319
13.72094051,1611.03615,0.3546970453,0.4030975834,0.7360102989,0.5476792704
14.77044115,1516.038207,0.4681186129,0.3917290498,0.7268088439,0.5389712207
21.17218388,1550.60318,0.6494996826,0.3837320093,0.7351279931,0.5219934663
12.76689894,1297.968977,0.1466018238,0.3345728072,0.6880490354,0.4862630278
9.557931226,1647.152925,0.3668230832,0.3977259831,0.7379663377,0.5389486794
11.30242423,1196.368053,0.01073031717,0.3069828552,0.6668621222,0.460339319
22.56097783,1226.361565,0.6747376023,0.2884533626,0.7015858733,0.4111447702
7.896383831,1356.819512,0.6784103495,0.3913957117,0.7097972047,0.551419066
11.93964936,1508.914215,0.3764282845,0.3867272469,0.722046556,0.5355987696
22.32282998,1184.514204,0.5673915193,0.2683138425,0.6955435887,0.3857613625
8.458197884,1585.517967,0.04929602584,0.3399643166,0.7082657228,0.479995439
20.19221897,1560.449086,0.281410068,0.3888733639,0.734501625,0.5294383983
9.777574757,1694.026956,0.7314799279,0.4679750229,0.7622025702,0.6139772302
19.09118918,1340.312103,0.1293870931,0.3462061079,0.7088671331,0.4883935109
12.30312072,1503.384175,0.1021620524,0.3656310743,0.7133131463,0.5125814324
6.050446328,1148.385455,0.911196711,0.373637154,0.6791156772,0.5501819006
20.40700219,1250.412636,0.1040801758,0.3154468768,0.7004764989,0.4503318488
23.1490777,1435.605065,0.6636785266,0.3617841428,0.726967631,0.4976619693
7.171211021,1145.89977,0.7823815481,0.3392498346,0.6684751272,0.5074980666
5.001320234,1451.317399,0.3467880333,0.3246090456,0.7056613279,0.4600068514
18.74023632,1404.50032,0.1336579186,0.3609187323,0.7155217874,0.5044133367
23.08204219,1237.014413,0.5733510838,0.2939566871,0.7039221485,0.4175982922
4.080371744,1107.59772,0.1155234412,0.2328562436,0.6127164687,0.3800391462
9.239098327,1285.431948,0.5173859952,0.3510291334,0.6884647551,0.5098723366
12.69572828,1307.496173,0.2239785748,0.3383157349,0.6900825466,0.4902540088
5.986443036,1384.742475,0.4520641162,0.352671232,0.7035503321,0.5012736344
19.69871945,1621.030272,0.09024201771,0.3982200364,0.7396747731,0.5383717965
5.227327159,1436.604731,0.9208349944,0.4911683716,0.7461542652,0.65826652
23.23595299,1258.202948,0.4576204374,0.3058347244,0.7068806529,0.4326539751
4.215656757,1137.942044,0.1461037608,0.2436571344,0.623796929,0.3906032926
15.0225074,1171.10583,0.2890681165,0.2976484022,0.6760220069,0.4402939537
12.0310323,1359.895347,0.8623151209,0.3775906976,0.7095903339,0.5321249171
8.29437389,1480.054761,0.2480322427,0.3545916463,0.7076269178,0.5010997142
15.41936876,1301.913131,0.01091028337,0.3367692663,0.6953231966,0.4843348646
9.345204794,1280.369587,0.1318891897,0.3224316975,0.6750839575,0.4776171822
8.844633153,1236.127054,0.01902652971,0.3047235596,0.6621903571,0.4601751691
18.03592307,1193.673128,0.05918501426,0.2996294388,0.6874970879,0.4358264843
10.58076023,1474.014483,0.6257452269,0.4045624688,0.7251794109,0.5578791438
9.813443679,1378.485467,0.3963477689,0.362338651,0.7012871736,0.5166765693
20.09869491,1439.61411,0.7326963628,0.3612858669,0.7220460962,0.5003639917
13.77338628,1405.747413,0.4722155923,0.3674140202,0.7099533537,0.5175185359
21.67716462,1211.286533,0.5592957002,0.2873646204,0.6978996341,0.4117563706
15.8260597,1193.817608,0.5297158087,0.3007172454,0.6817160293,0.4411180498
7.231766139,1441.189778,0.2900545888,0.3465345143,0.7026041072,0.4932144728
12.21417468,1175.948725,0.5553683309,0.297553543,0.6672385769,0.4459477514
23.00299823,1542.17577,0.8905365412,0.3788983449,0.7372963601,0.5139023673
2.546944617,1152.221244,0.5731154369,0.2567260147,0.6727789196,0.381590456
16.35932839,1126.331791,0.793085413,0.2626932072,0.6731048569,0.3902708538
23.65448064,1323.02426,0.1066144948,0.3345263514,0.7154183405,0.4675954367
3.563659844,1163.204171,0.2495226232,0.2413545972,0.6370428939,0.3788671053
10.89744363,1419.234611,0.6992407616,0.3962333534,0.7181352067,0.5517531374
18.30147943,1253.607823,0.471346206,0.3179815117,0.6962882284,0.4566808669
9.695721435,1570.098633,0.1540296245,0.3629245014,0.7170469076,0.5061377402
20.27786444,1633.737926,0.1418719941,0.4014403192,0.7420203348,0.5410098623
9.350535014,1650.879185,0.2423243947,0.3789128651,0.73102265,0.5183325921
7.270879651,1233.347013,0.0908013196,0.2974984499,0.6568644748,0.4529068953
14.83981575,1223.215169,0.5735328664,0.3107692652,0.6830575459,0.4549679117
20.72641405,1370.427625,0.1317413061,0.3531073844,0.7156339356,0.4934190049
13.94191296,1344.877189,0.9272296051,0.3517035951,0.7041586178,0.4994664358
5.298844476,1458.934917,0.7484013079,0.4304069019,0.7384501326,0.582851682
11.7648546,1282.94564,0.82613621,0.3471345071,0.6930674081,0.5008668754
11.70088778,1112.098971,0.009442406274,0.2835429964,0.6548768127,0.4329715008
15.16540369,1456.82817,0.4972083654,0.3770875488,0.7187107255,0.5246722158
22.97529676,1443.83472,0.7146941266,0.3627759171,0.7275391691,0.4986342076
17.61508872,1137.854087,0.0485238406,0.2747487102,0.6782817964,0.4050657288
10.18112563,1117.305022,0.3058613513,0.2866960004,0.6505657322,0.4406872145
16.35988571,1344.335793,0.4821260796,0.3433580907,0.7030860798,0.488358539
18.71599111,1534.240097,0.3558503542,0.3852994859,0.7302614597,0.527618541
10.19562784,1256.168889,0.07657303857,0.3184397673,0.6727932529,0.4733099893
18.98893175,1402.368007,0.3457576694,0.3591224415,0.715798155,0.5017090907
13.72043252,1363.948814,0.6131266938,0.3581260119,0.7046323124,0.5082452303
11.08172924,1217.714567,0.3989980051,0.3193420608,0.6735870463,0.4740917488
15.87130423,1138.86975,0.2362996601,0.2823591405,0.6736442771,0.4191516949
6.757747934,1146.328201,0.420706962,0.3075964435,0.6539342969,0.4703782092
20.99399338,1348.956967,0.6219485882,0.3413527678,0.7136817438,0.4782983042
11.64920908,1493.508977,0.4640855885,0.3912526151,0.7224825374,0.5415391998
23.66467011,1284.995029,0.326142568,0.3180427295,0.7109253977,0.4473644219
23.06415198,1627.075212,0.07936309323,0.4026189265,0.7450970079,0.5403577282
17.78904041,1694.066531,0.392383629,0.4188932766,0.7490217355,0.559253833
23.04552604,1584.472741,0.0585897382,0.3964370973,0.7412746674,0.5348045936
13.7079579,1644.335866,0.07806655066,0.3848736642,0.7310888532,0.5264389719
11.49684535,1397.942955,0.7411686318,0.3891161416,0.7148293523,0.5443482984
12.52433529,1543.05117,0.7625940418,0.4268678033,0.7386839207,0.5778761271
7.306368939,1113.358764,0.3225750092,0.2918148209,0.6433131153,0.4536124229
23.20727472,1472.664724,0.4115311426,0.3740770126,0.7308517403,0.5118370689
15.08127232,1629.438727,0.9349582488,0.4483450803,0.7530209056,0.5953952632
16.26415216,1486.743996,0.9211284215,0.387695927,0.7280244039,0.5325314988
11.59551443,1165.729494,0.8941571742,0.290522738,0.6652854985,0.4366888181
10.37882896,1653.85501,0.1700403771,0.3770746731,0.7290669865,0.517201684
20.07178782,1665.245582,0.9255517762,0.4208198155,0.7521700543,0.5594743011
20.06709224,1282.084341,0.4191357764,0.3251525403,0.7038035975,0.4619932911
14.13331848,1534.91855,0.9282858986,0.4252511173,0.7395100833,0.5750443799
17.95268021,1598.640962,0.2555215193,0.397375237,0.73651731,0.539532787
13.3584041,1257.195828,0.4522700317,0.3223452674,0.6836531818,0.4715040842
13.22004442,1522.665695,0.9387156539,0.4306628557,0.7392450284,0.5825711897
23.34440646,1649.973497,0.4587054362,0.4035212925,0.7474885105,0.5398361136
13.4600472,1181.54599,0.1290960004,0.3043628567,0.6725751947,0.452533574
3.352533276,1248.527536,0.4280664092,0.2742415984,0.6762344116,0.4055422109
17.59811448,1262.033828,0.2091750245,0.3248250905,0.6957298015,0.4668839682
18.73208452,1463.455036,0.006933640239,0.3722246984,0.7218984613,0.515619188
19.40897549,1563.833832,0.3097228162,0.3905780091,0.734266469,0.5319295182
9.915133167,1660.242234,0.2222113973,0.3810716697,0.7318390144,0.520704229
16.97055634,1266.674209,0.152251976,0.3272206174,0.6947962585,0.4709590954
17.94611573,1355.523229,0.7396512594,0.3418784989,0.7081795058,0.4827568379
22.1846893,1536.488073,0.7417509992,0.3806536703,0.7354599908,0.5175722338
19.41424611,1408.533693,0.205466624,0.3617305794,0.7173444802,0.504263418
15.26865283,1533.438025,0.678583518,0.4033508795,0.7330239139,0.5502560992
10.44300288,1285.842978,0.2314777363,0.3327448047,0.6819110295,0.4879592649
17.98254947,1308.037892,0.1139107738,0.3382949059,0.7025064904,0.4815541358
13.77369089,1403.379598,0.5679322916,0.3693943791,0.7109250454,0.5195968006
9.16051023,1514.387294,0.7730351454,0.4405179626,0.7393483717,0.5958192099
12.57084613,1652.836632,0.05567823872,0.3780624217,0.7284734032,0.518979032
21.54539933,1372.643385,0.2817767164,0.3521737825,0.7174039467,0.4909002579
17.60747489,1279.811195,0.485730177,0.3270204983,0.6980607485,0.4684699706
9.016358149,1417.127464,0.6815657634,0.4030187638,0.7193350464,0.5602657146
16.24909593,1310.020585,0.1723741458,0.3386644179,0.6985514134,0.4848095808
22.40241508,1301.374153,0.1310490234,0.3295158055,0.7106770132,0.4636646457
15.42273949,1380.292856,0.910547889,0.3517554864,0.7089589149,0.4961577871
21.46539338,1420.898245,0.2242367572,0.364550158,0.7225541961,0.5045298469
12.7151225,1136.853953,0.1778547927,0.2903347967,0.6629485929,0.4379446609
18.42057101,1164.528983,0.8407627692,0.2709288665,0.6842616811,0.3959433561
18.86587621,1597.671568,0.257599011,0.3970829784,0.7373657158,0.5385156509
11.98814333,1314.838572,0.5488139649,0.3502502642,0.6949249681,0.5040116275
17.98828315,1239.300962,0.2735518735,0.3161483451,0.693653073,0.4557730044
17.28365747,1456.544676,0.05329718466,0.3692015634,0.7182034036,0.5140626758
9.006290415,1144.480492,0.08545592216,0.2912226602,0.649327158,0.448499122
2.964993701,1248.468314,0.2900661119,0.2294223143,0.658872673,0.348204325
7.29920771,1376.75185,0.7959507779,0.4200049972,0.7205815406,0.582869493
23.94359592,1603.199509,0.8820800315,0.3900608155,0.7442832858,0.5240757424
16.35758853,1649.854323,0.06707421396,0.3941512412,0.7366170233,0.5350829926
20.38931505,1167.611155,0.01485020205,0.2759791053,0.6892214117,0.400421549
6.236512803,1301.19639,0.4127243402,0.3360415698,0.6856555951,0.4901025708
10.12639935,1146.1916,0.07637938187,0.2936378767,0.6543193104,0.4487684713
11.36934212,1203.919417,0.6777828858,0.3145879533,0.6736137733,0.4670153221
23.13728242,1509.985389,0.5119727153,0.380304011,0.7344261209,0.5178247345
14.28598007,1155.422656,0.9092956626,0.2795605158,0.671330006,0.4164278571
22.46154182,1644.545935,0.8164950321,0.3986086182,0.7465249135,0.5339521976
12.79307227,1257.729335,0.9498932627,0.3233113425,0.6868024792,0.4707486537
4.983479642,1330.144775,0.348402942,0.3125973759,0.6850344409,0.4563235908
9.579397534,1207.508868,0.9083837771,0.3428605848,0.6815590077,0.5030534127
2.576446532,1117.235676,0.6631612206,0.2803589497,0.6733055926,0.4163918327
11.07578779,1333.386421,0.3684741971,0.3507043709,0.6941733806,0.5052114942
21.46755993,1369.644395,0.5892251545,0.3473186393,0.7169246458,0.4844562694
22.89470909,1615.069615,0.8059605914,0.3925055719,0.7437877659,0.5277117881
22.37519832,1332.840162,0.4614269883,0.3372491315,0.7143465791,0.4721085554
8.794885939,1440.347025,0.2834049621,0.3574892622,0.7047753345,0.5072386116
12.18768753,1399.96796,0.5356900897,0.3737450681,0.7098058904,0.5265454587
9.534931833,1473.55562,0.8681685509,0.4427714935,0.7358374891,0.6017245656
10.29042843,1274.358661,0.6552381927,0.3511694371,0.6896596431,0.5091923829
17.23209403,1444.197553,0.7786216953,0.3632045212,0.7182965219,0.5056470554
14.42904929,1263.678851,0.6826535459,0.3194425947,0.6874356668,0.4646872575
13.02302717,1236.532146,0.6183770504,0.3143891888,0.6797462272,0.4625096487
13.69062073,1676.500179,0.2687702823,0.4046140238,0.7408483808,0.5461495689
9.811192009,1305.327228,0.6905893888,0.3673180874,0.6974977152,0.5266226389
14.84014619,1568.269342,0.7730715695,0.4204441582,0.7404553989,0.5678183437
19.79717602,1317.761421,0.3898350692,0.3373081609,0.7076355793,0.4766693066
17.65751711,1138.772008,0.7545084016,0.2637283215,0.6785306045,0.3886756466
15.08893982,1648.848782,0.6333054912,0.4299792532,0.7484105624,0.5745232294
18.7011388,1547.00941,0.7904065392,0.3896241942,0.7343358137,0.530580406
8.403824088,1249.47322,0.1354431743,0.312453924,0.6667066315,0.4686527916
4.599244859,1330.976232,0.7730658184,0.4094308337,0.7197109849,0.5688822906
8.536989246,1346.049277,0.3259618628,0.3464759408,0.6915391864,0.5010214138
15.00767137,1587.481697,0.4959211914,0.4080189972,0.7371535934,0.5535060818
7.476777007,1121.885186,0.05037717889,0.2772177027,0.6361821354,0.435752102
13.98384192,1117.857373,0.009275736083,0.2809920275,0.6643911475,0.4229316247
15.38960449,1602.020828,0.0402544891,0.3844531102,0.7294517242,0.5270439393
7.624612136,1396.736249,0.3147590955,0.3477543586,0.6978670928,0.4983102974
21.20143004,1393.114981,0.09717042025,0.3586755501,0.719057032,0.4988137715
16.06372488,1548.363656,0.3373786512,0.3914542421,0.7297718276,0.5364063496
17.90056455,1532.508358,0.8733069305,0.3905937275,0.7333769972,0.5325960986
11.33563067,1605.601814,0.8913154819,0.468507786,0.7541358507,0.6212511785
6.72420583,1381.214238,0.2361726595,0.3267880134,0.6884208821,0.474692186
22.760812,1549.217526,0.004673086962,0.3906141403,0.7375816726,0.5295876441
11.74745124,1288.216044,0.363072349,0.3378816904,0.6870650434,0.4917754056
22.27894682,1556.353419,0.5833015382,0.3868861295,0.7374893439,0.5245989419
6.76648583,1379.883031,0.8128285793,0.4280645454,0.7235804017,0.5915922327
12.06833017,1168.458233,0.6615007683,0.2930563118,0.6655123898,0.4403468911
17.42986581,1572.387209,0.7994739114,0.4062666834,0.7393046414,0.5495254062
21.31753039,1276.161716,0.672521868,0.3154110374,0.7055629459,0.4470345832
12.18728588,1147.415862,0.7660685636,0.2839825457,0.6626389436,0.4285630183
9.448096823,1296.437634,0.686875567,0.3666128548,0.6959966802,0.52674512
23.68785501,1442.600559,0.4155152714,0.3671222556,0.7285544702,0.503905021
14.08567497,1633.180165,0.1890040119,0.3938408211,0.734115066,0.5364837739
17.72259551,1698.19523,0.3389419072,0.4169184426,0.7484812247,0.5570192395
21.49595136,1646.696119,0.2349496789,0.4045369329,0.7450612315,0.5429579688
7.480897942,1559.051696,0.2977119976,0.3623933044,0.7203545782,0.5030762841
11.57744991,1479.8916,0.8236944573,0.4212060483,0.7315418858,0.5757784433
14.19629023,1671.054379,0.06407068634,0.3883134601,0.7342928473,0.5288264233
12.26218473,1613.911117,0.9039564335,0.4647123437,0.7541897006,0.6161743435
23.91452797,1657.053822,0.7926090186,0.3999201957,0.7489065656,0.5340054608
5.907095936,1462.309678,0.867662373,0.4710241442,0.7443865168,0.6327682374
23.50583255,1396.693893,0.9378272451,0.3446115268,0.7234226008,0.476362677
10.72174189,1162.874087,0.3162037201,0.301143465,0.6612666829,0.4554039585
8.44727538,1562.546732,0.1113191795,0.3461007304,0.7099858703,0.4874755188
11.10603733,1423.273269,0.09568741504,0.349708845,0.7000052396,0.4995803249
9.656193029,1611.040841,0.6235208619,0.4333616429,0.7462206257,0.5807419789
8.996855094,1164.444791,0.5656736959,0.3161100919,0.6637966713,0.4762152412
21.79247396,1407.20359,0.2052717439,0.3613728172,0.7216578324,0.5007536826
18.74479867,1243.170523,0.1429836352,0.3168300103,0.69593055,0.45526096
22.60898516,1269.999059,0.4027079858,0.3141233134,0.7072215063,0.4441653861
19.60439742,1505.912454,0.7805429102,0.3720362746,0.7279660964,0.5110626394
22.26266048,1183.37722,0.5536417341,0.2682769315,0.6952707754,0.3858596406
4.057876578,1152.370388,0.6622969448,0.3320791218,0.6737383944,0.4928903036
6.77013768,1374.6553,0.1807228101,0.3192629606,0.6835366373,0.4670751255
10.52538105,1540.24147,0.4429799049,0.3968690325,0.728069652,0.5450976173
12.13185894,1418.675071,0.5938679854,0.3822537627,0.7143115021,0.5351359477
18.64119096,1207.372417,0.2731089606,0.3021370967,0.6908545475,0.437338218
9.400142503,1442.060138,0.3908567668,0.3725366497,0.710857933,0.5240662479
13.21991889,1225.082555,0.5204203595,0.3120628456,0.6781851454,0.4601440296
22.90761373,1455.469417,0.6207907029,0.3672777268,0.7286263089,0.5040687143
8.476471974,1304.206316,0.6598337677,0.3722022953,0.6978362337,0.5333662504
9.135312973,1157.293674,0.1848423045,0.2985912718,0.6542464587,0.4563895882
16.47140393,1350.413081,0.1548511928,0.3479212036,0.704099744,0.494136245
19.07585432,1297.354789,0.6551017833,0.3275231382,0.703614668,0.4654865128
6.462124088,1437.967278,0.7999848956,0.4412994235,0.7343255776,0.6009588076
2.450269317,1198.476859,0.7282353824,0.3092386483,0.7014474066,0.4408579252
21.63756521,1537.649869,0.3882542947,0.3857617562,0.7346733544,0.5250792803
16.42672798,1294.104375,0.277745808,0.3340421747,0.696980332,0.4792705897
11.92459342,1494.262223,0.5909377966,0.4018256028,0.7265041624,0.5530947014
14.4807008,1228.678622,0.7032569292,0.3096405802,0.6827465644,0.4535219895
18.48903752,1634.217797,0.144042582,0.3999370066,0.739717079,0.5406621232
9.659323925,1592.860173,0.5180014741,0.4136030028,0.7387046521,0.5599030704
19.00780431,1544.077282,0.2039005355,0.3865355986,0.7312130113,0.5286224297
4.624151113,1362.731994,0.2977755933,0.2991767454,0.685524071,0.4364204818
15.18497797,1192.98802,0.06527136956,0.306477306,0.6797429446,0.4508723606
21.7406758,1620.229258,0.9470640914,0.3935660754,0.7439711626,0.5290071648
2.971277152,1157.711807,0.5562654312,0.2766877452,0.6700805202,0.4129171598
5.688862572,1160.510807,0.1809073442,0.27820826,0.6405696293,0.4343138471
5.941385435,1510.067436,0.7268177703,0.4354430785,0.7432995208,0.5858245113
20.46879774,1363.412706,0.01878736731,0.3517078813,0.714341539,0.4923525543
20.30531747,1655.806155,0.1267665242,0.4044352353,0.7441101304,0.5435152927
8.954581536,1203.348153,0.5578344658,0.3299079357,0.672545383,0.4905363177
6.660272019,1525.466264,0.843559382,0.4734878656,0.7506422386,0.6307770083
16.74622687,1325.128904,0.8643597561,0.3311214468,0.7016878479,0.471892805
7.317589351,1294.357495,0.118669484,0.3088847093,0.6688166678,0.4618376368
7.915681326,1128.195379,0.2306161239,0.2912814547,0.6453815858,0.4513321439
5.083268112,1111.646461,0.8334515075,0.3576596322,0.6696741822,0.5340800671
16.14376026,1459.513682,0.5053848023,0.3744114139,0.719453665,0.5204107395
19.15144796,1629.156571,0.8238519363,0.4135733391,0.7466395514,0.5539129803
15.88767154,1676.722711,0.01351680094,0.3919506619,0.736958964,0.5318486932
15.74529851,1317.61033,0.2208603161,0.3398111844,0.6981975069,0.4866977912
20.06786961,1198.541515,0.06459842983,0.2939812653,0.6928473001,0.4243088848
20.59369245,1607.99543,0.4767078199,0.3983691717,0.7408935913,0.537687431
9.914172808,1405.861143,0.8212998903,0.4116678914,0.7212031452,0.5708071216
4.241445154,1311.976066,0.1752211952,0.2645899682,0.6617335598,0.3998436595
20.79776733,1502.755522,0.439277755,0.378532394,0.7298262319,0.5186609873
19.66479416,1549.529119,0.7097760324,0.3848853388,0.7337620317,0.5245370055
11.72237938,1275.994731,0.626290359,0.3404369792,0.6885421977,0.49443154
2.803763673,1232.380788,0.3652197073,0.2331746284,0.665420021,0.3504172118
12.24489094,1302.556393,0.2827052226,0.338761268,0.6891362656,0.491573706
22.67311567,1388.416233,0.5930246432,0.3513011341,0.72113611,0.4871495536
10.04268948,1286.798928,0.5350323188,0.3499642463,0.6892537,0.5077437326
14.73210389,1405.808322,0.6552243339,0.3666151073,0.7121844398,0.5147755088
14.79305041,1441.222155,0.6480844504,0.3776444463,0.7181185704,0.5258803516
21.45784209,1372.412057,0.5994038798,0.3478938224,0.7172186035,0.4850596745
10.47036356,1292.451077,0.9081785699,0.3700381594,0.6995133817,0.5289936821
20.86099656,1167.656174,0.4534401729,0.2691563008,0.6902373481,0.3899474601
8.886869795,1409.240308,0.4654603298,0.3741609189,0.7086899638,0.5279613625
18.05191797,1204.652624,0.8802323585,0.2900925432,0.6890745838,0.4209885984
7.130156057,1383.716375,0.6036999213,0.3862944785,0.7120670665,0.5424973246
18.24781944,1230.178552,0.6211005911,0.3068315758,0.6930425135,0.4427312464
21.44463472,1499.76952,0.834411665,0.3715200399,0.7306536675,0.5084762541
6.495178077,1344.031864,0.3901848597,0.341602827,0.6922633408,0.4934579182
15.55012667,1122.835429,0.5095686155,0.2721806039,0.6701920039,0.4061233234
14.83798532,1226.641318,0.6595493775,0.3099621611,0.6835355396,0.4534689758
22.45245408,1600.775199,0.7592293892,0.3908421975,0.7418373736,0.526856979
21.64652238,1487.899728,0.2210402057,0.3784280154,0.7298135924,0.518526949
7.349030659,1191.168673,0.05161713673,0.2885300255,0.6480361899,0.4452375191
18.10965734,1299.023092,0.0565856274,0.3358957755,0.7016730659,0.4787069532
7.242348554,1151.009427,0.8448515413,0.3466469001,0.6720222414,0.5158265289
21.08056316,1680.917569,0.2817764755,0.4111446108,0.7484536933,0.5493253818
22.97341702,1438.896131,0.1379706898,0.3687627207,0.7270239067,0.5072222761
14.4581707,1413.381993,0.4548522137,0.3668533071,0.7112511669,0.5157858773
17.45016982,1201.427787,0.864419813,0.291104186,0.6871346864,0.4236493832
8.897668957,1659.115455,0.5289799601,0.4227586615,0.7483350672,0.5649323145
18.27599445,1582.327679,0.5888684313,0.4005426416,0.7380065274,0.5427359065
21.89971847,1552.024628,0.3005708838,0.3891381207,0.736470899,0.5283822093
19.33704231,1518.272069,0.7466525741,0.3760161257,0.7292095913,0.5156489028
21.28474428,1640.725557,0.6789286255,0.4043298875,0.7459796228,0.5420119735
16.14791144,1308.80341,0.8552749257,0.3271653106,0.6981370393,0.468626204
17.96636535,1589.093107,0.2595993278,0.3958215921,0.7354970226,0.5381688571
18.72705474,1320.606284,0.5212905807,0.3371654589,0.7057170307,0.4777629619
13.72026489,1464.284163,0.637540103,0.3898937921,0.7221830912,0.5398821945
13.70695409,1509.730206,0.5160314158,0.3951998666,0.7266374475,0.5438748965
8.785214584,1115.063432,0.1485996776,0.2855124993,0.6439840472,0.4433533727
11.17654556,1176.424505,0.9346726719,0.3023407396,0.6695399243,0.4515649159
10.38827469,1649.121839,0.7093144573,0.4538258871,0.7545036246,0.6014893399
17.42823104,1627.77652,0.3293495762,0.4049566478,0.7402881559,0.5470257015
20.78222146,1586.895746,0.3762176335,0.3932223566,0.7381580914,0.5327075069
7.265979855,1518.514364,0.3819676855,0.3698525691,0.7202977522,0.5134717803
20.9333684,1340.045222,0.4752897679,0.34137663,0.7125307283,0.4791044322
22.96210343,1665.228997,0.6224186471,0.4042722644,0.7486581528,0.5399958083
14.95973916,1151.989594,0.1352347614,0.2917057682,0.6729310019,0.4334854055
20.22957126,1498.632372,0.5196459527,0.376219289,0.7283935371,0.5165055287
20.45629492,1171.26063,0.6827837052,0.2685385962,0.6898834136,0.3892521416
10.62554614,1461.521993,0.3977657954,0.3789788803,0.7149835291,0.5300526024
21.96177542,1533.212859,0.8633946938,0.377234984,0.73478354,0.5133960731
7.878406658,1590.650828,0.4083015844,0.3874652857,0.7323450502,0.5290747656
23.04810913,1191.118473,0.537852408,0.2686557724,0.6978218447,0.3849919209
18.38495795,1158.528339,0.3535291185,0.2793324684,0.6832993315,0.4087995635
10.46733187,1695.958594,0.2302587713,0.3888806144,0.73715123,0.5275452289
6.589686172,1399.000416,0.001196022789,0.2963747829,0.6718754726,0.4411156456
11.1420895,1510.753474,0.3424461484,0.3828169406,0.7204302803,0.5313726409
16.66305801,1178.947463,0.8900011777,0.2832570743,0.6818662998,0.4154143919
8.796268711,1395.426169,0.4749060731,0.3725018752,0.7067884513,0.5270344676
23.0542221,1352.354029,0.005965353334,0.3457149622,0.7177678465,0.4816528963
6.383944067,1460.290789,0.4408971048,0.36476439,0.7152916689,0.509951962
3.064633846,1164.316032,0.7592351759,0.3455803257,0.69081234,0.5002521027
13.98167105,1518.724008,0.4912770668,0.3951749099,0.7274313174,0.5432470399
4.611094049,1192.469767,0.06428801075,0.2488708346,0.6296040218,0.3952815198
12.64055615,1291.878871,0.7312075171,0.3407313027,0.6925494025,0.4919956633
14.26475561,1479.451915,0.01574005952,0.3649492341,0.7134785821,0.5115069229
21.09093802,1429.569199,0.7947188734,0.3579998444,0.7228099895,0.4952890104
21.8510527,1314.244268,0.9075214195,0.3218966325,0.7112094198,0.4526045684
23.54744526,1245.805838,0.2223935145,0.3014664049,0.7058738623,0.4270825441
14.72031006,1355.361404,0.485759346,0.3490452436,0.7021594962,0.4971025038
20.76557599,1193.666295,0.1713327686,0.2878297526,0.6936620744,0.4149423232
21.20447139,1574.770161,0.140092273,0.3927110609,0.7374529023,0.5325235817
7.972354249,1116.826896,0.9154200509,0.3224996999,0.6622178517,0.4869994052
9.17785858,1316.890877,0.4441330131,0.3530357768,0.6918810691,0.5102550027
13.86062243,1180.618186,0.7540621676,0.2939717599,0.6737770571,0.4363042001
15.71092353,1578.431136,0.06717172647,0.3841928663,0.7282798009,0.5275347001
15.68475881,1619.912291,0.4733016383,0.4120257397,0.7409952134,0.5560437264
9.198872571,1143.494734,0.1276925885,0.2930011566,0.6507675272,0.4502393626
11.79510626,1256.604161,0.1293631753,0.3240215025,0.6789639249,0.4772293351
21.89099374,1456.493313,0.1370307048,0.3727342625,0.7270370707,0.5126757321
11.95308903,1498.554573,0.5921163669,0.4028377439,0.7271898335,0.5539650381
16.96790797,1451.853092,0.5548671666,0.3688439681,0.7187174957,0.513197425
12.34348454,1350.442203,0.7804691897,0.367605455,0.7056006674,0.5209822948
16.5596741,1414.50164,0.4346943329,0.3598302094,0.7124360051,0.5050702194
20.69640718,1583.075242,0.440640342,0.3921192438,0.7377323155,0.5315196793
15.5640665,1428.124172,0.5131995284,0.3678014573,0.7145261968,0.5147487369
2.916790634,1201.363145,0.3818768611,0.2401117025,0.6605968241,0.3634769253
14.8248033,1406.44991,0.04032985019,0.3565731519,0.706826311,0.504470683
10.90993723,1693.980656,0.5667775252,0.4377884535,0.753639031,0.5808993901
6.714623075,1521.916818,0.02636790573,0.3097378797,0.6907623154,0.4484000833
15.40125899,1633.093948,0.3509158633,0.4071656514,0.739787346,0.5503820167
11.47881042,1305.99655,0.9220556133,0.3636258845,0.7005171991,0.5190820225
17.57693253,1674.108853,0.7009947707,0.4303417314,0.7520340498,0.5722370304
16.23301073,1570.858996,0.1577498097,0.3883974377,0.7299364098,0.5320976355
22.8477375,1570.353091,0.8593159107,0.384354476,0.7396815227,0.5196215726
19.58207005,1151.132692,0.01799469557,0.2710676366,0.6850496656,0.3956904882
15.12650987,1102.956658,0.3806552448,0.2665453898,0.6657040757,0.4003962114
15.03148699,1439.0253,0.3435793301,0.3696041689,0.7142905537,0.5174423307
19.44198312,1586.028908,0.3784543126,0.3956535723,0.7372494804,0.5366617174
9.575485026,1323.669339,0.2469955146,0.3392422493,0.6866274145,0.4940703533
14.54580705,1357.904102,0.7400778033,0.3510115912,0.7042704514,0.4984045412
21.54326562,1595.185187,0.7817026162,0.3884176387,0.7398885079,0.5249677953
4.157496622,1190.870625,0.4429455777,0.2945743204,0.6643984525,0.4433699676
3.761772119,1110.294732,0.6657692531,0.3187890683,0.6642956674,0.479890332
12.04802974,1100.874333,0.1472991225,0.2787144991,0.6543978859,0.4259098404
9.281526866,1345.118781,0.3229403494,0.3485102234,0.6923931257,0.5033415417
18.20083719,1331.968411,0.6420737233,0.3381927118,0.7059335781,0.4790715761
16.1188023,1440.285384,0.853215935,0.37032742,0.71913438,0.5149627528
4.405260576,1320.40148,0.8521969327,0.4360611475,0.7242035422,0.6021251237
21.48173824,1318.276591,0.248640462,0.3364977095,0.7110022482,0.4732723566
21.93992523,1439.217503,0.672028578,0.3627912407,0.7253249962,0.5001774965
19.57214481,1412.805306,0.8159954888,0.3535052505,0.718128782,0.4922588529
22.63104949,1355.637566,0.3580318154,0.3453576405,0.7174122705,0.4813935512
20.15339488,1609.677343,0.2005519112,0.3981907439,0.7397030433,0.5383116205
5.821385383,1489.207436,0.5939625911,0.3955376238,0.7312978125,0.5408707876
20.37458065,1383.545177,0.5129568242,0.3528304249,0.7164426603,0.4924754547
17.97829643,1188.67264,0.1662435163,0.2972355998,0.68664828,0.4328789694
22.08383006,1355.610339,0.8586793395,0.3364520965,0.7164466137,0.4696122363
2.286839619,1103.491769,0.01327426379,0.1414631271,0.5692730348,0.2484978533
11.70038276,1601.443328,0.1270275107,0.3755258842,0.7240198989,0.5186679051
14.48209873,1196.062182,0.5549438126,0.3030294017,0.6780602797,0.4469062866
10.52880686,1205.976656,0.5751262561,0.3214741341,0.6732046682,0.4775280821
11.27622005,1506.723403,0.9308642398,0.4446357434,0.7400271157,0.6008370963
15.86818969,1344.921897,0.1621020341,0.3461245881,0.7019091242,0.4931188044
21.81302171,1399.161841,0.753425547,0.3514988891,0.7208197898,0.4876376787
16.76105182,1533.470462,0.9424696968,0.4013420616,0.7356893868,0.5455319444
13.193096,1270.892431,0.274861295,0.3283477679,0.6854288733,0.4790398839
17.85929086,1196.735561,0.1803777324,0.3009721687,0.6874949712,0.4377809021
5.066936036,1140.062787,0.05509404596,0.2517681282,0.6225480257,0.4044155917
13.36279854,1371.325108,0.1959874065,0.3519658935,0.7005768788,0.5023943897
23.47357466,1246.514173,0.03361222971,0.3030024663,0.7058328311,0.4292836107
17.36106315,1360.370407,0.9299934012,0.3378243866,0.7074193064,0.4775447653
8.841810459,1438.744304,0.7783763103,0.4238098318,0.7275365468,0.5825272059
4.855970408,1353.53076,0.8659148267,0.4487634136,0.7292680884,0.615361375
19.79243857,1439.794583,0.5095176766,0.3651643059,0.7214806647,0.5061317978
6.913133623,1357.758401,0.5201521628,0.3667633622,0.7028123278,0.5218510657
9.90595152,1344.64658,0.06522785677,0.3305709241,0.6844275288,0.4829889363
12.8109224,1616.587165,0.01289961612,0.3725276154,0.7238149203,0.5146724735
9.344041842,1568.69516,0.6710010862,0.43397151,0.7427510063,0.5842758964
17.19851764,1594.976282,0.1179187359,0.3917898274,0.7334692087,0.534159884
21.09012798,1472.520446,0.4988306665,0.3724377035,0.7272915805,0.5120885673
11.6830424,1543.778938,0.1180848264,0.3686933488,0.7170909585,0.5141514398
14.35422815,1583.997307,0.1446888036,0.385506404,0.7279789255,0.5295570937
18.58778118,1164.459834,0.7610469393,0.27257964,0.6846559784,0.3981264294
4.004670797,1349.624411,0.7431559423,0.3966475322,0.7239471593,0.5478956953
13.80582056,1560.759473,0.3801607594,0.3967629599,0.7304553951,0.5431720576
18.04253687,1555.734948,0.4926525223,0.3931389349,0.7335320054,0.5359533491
22.04212439,1544.589956,0.3179046923,0.3879294713,0.7359995286,0.5270784236
4.32729988,1169.162375,0.8889660921,0.4035733111,0.6930460587,0.5823181678
13.39451568,1536.157346,0.8560272326,0.4268546457,0.7390626094,0.5775622258
12.97534807,1486.150375,0.9188203547,0.4187338475,0.7329324213,0.571313037
13.79655341,1664.612594,0.6351738809,0.4374139001,0.751085375,0.5823757387
5.121705752,1213.784309,0.04995346028,0.2603887897,0.636521212,0.4090810876
8.377452988,1220.838875,0.7230121013,0.3514460211,0.6822108628,0.5151574685
12.85494482,1236.700017,0.7414069749,0.3143370062,0.6803116869,0.4620485173
18.29893974,1325.656424,0.2062855297,0.3423379934,0.7053874815,0.4853190656
2.557825887,1141.376917,0.03334769602,0.1632210956,0.588078888,0.2775496603
19.85608148,1183.818764,0.818147664,0.2748048789,0.6903408748,0.3980712847
20.4916588,1409.033384,0.4729824792,0.3593901944,0.7194889351,0.4995076045
18.34920169,1320.57775,0.6293408562,0.3353956087,0.7048806857,0.4758189797
13.84925378,1215.890185,0.5733952629,0.3088971588,0.6789386722,0.4549706349
14.52997869,1329.75934,0.6636721432,0.3403698832,0.6983684308,0.487378679
15.66854056,1481.676863,0.6312414396,0.3849121962,0.7241584813,0.5315303296
9.932470104,1208.694297,0.8594075028,0.3364338415,0.6798227381,0.4948846555
13.55095747,1150.558588,0.662678235,0.2864385783,0.668119909,0.4287233092
7.145868983,1135.185843,0.6343137587,0.321991925,0.6600267521,0.487846779
2.746172401,1158.969191,0.6206238745,0.2833124563,0.6783922735,0.4176233537
10.71509263,1574.359971,0.4565484257,0.404163961,0.7333780242,0.5510990889
12.05672966,1581.208139,0.6077980639,0.4220989049,0.7398071814,0.570552592
19.63049126,1383.586588,0.4192407181,0.3542726913,0.7149892701,0.4954937174
12.23504266,1138.232199,0.2444944915,0.2906877477,0.6613441246,0.4395408335
14.08269602,1200.229149,0.306778232,0.3083489496,0.6774106753,0.4551876149
16.35690098,1234.967659,0.288005637,0.3172241649,0.6889600205,0.4604391482
21.29152307,1169.905826,0.6936485952,0.2623514261,0.6914535535,0.3794201719
21.45100191,1430.630076,0.05957886022,0.3674000138,0.7235663522,0.5077627127
7.654605957,1200.079952,0.5947309957,0.3378670247,0.6737052673,0.5015056896
22.00761074,1503.662244,0.8884851702,0.3712770602,0.7319872077,0.5072179626
10.76176925,1364.171629,0.7558450656,0.3846527839,0.709821153,0.5419009878
21.78708827,1345.046772,0.5437205285,0.340686856,0.7147017614,0.4766839462
8.654774451,1510.872184,0.1385214346,0.3471449223,0.706021864,0.4916914617
5.826906839,1403.570999,0.3397282066,0.3332954694,0.6981528088,0.4773961591
10.75019379,1499.837889,0.3817756908,0.3841256937,0.720047264,0.5334728883
5.279528422,1396.097687,0.7142277423,0.4079711153,0.7252497925,0.5625249665
11.86627095,1363.172697,0.6261525547,0.3691234606,0.7053908322,0.5232892799
5.846336756,1186.801658,0.2396543875,0.2908989075,0.6506660166,0.4470786857
10.10400115,1510.893208,0.04760349939,0.3490518625,0.7056443056,0.4946569536
21.43754103,1209.525128,0.5393486664,0.2879850772,0.6971879854,0.4130666093
11.72386545,1509.492391,0.4090541657,0.389454594,0.7230336831,0.5386396278
14.28311335,1145.541443,0.2522526696,0.2900810085,0.66978835,0.4330935415
18.38661338,1584.864087,0.738556622,0.403136365,0.7398097394,0.5449189752
9.086328146,1287.648506,0.8190795323,0.3780988978,0.6990662016,0.5408627923
14.42182484,1556.877429,0.2937552034,0.3909044762,0.7284493132,0.536625499
13.21568226,1566.046898,0.7934319156,0.4316792268,0.7422985354,0.581543956
5.823643964,1451.598552,0.6987478762,0.4165757088,0.7322800375,0.5688748668
20.45444213,1697.635511,0.697840893,0.4235699102,0.7537989435,0.5619136427
3.867159057,1132.137045,0.191993107,0.239496967,0.624999671,0.3831953489
5.051074825,1245.733048,0.7054456082,0.372008794,0.6952616456,0.5350630174
14.6427159,1310.124456,0.2455867175,0.3368112632,0.6942044607,0.4851758845
23.92160601,1487.756612,0.7397252315,0.3719198811,0.7334652187,0.5070722805
10.4414351,1407.022,0.2067700613,0.3530179779,0.6998593085,0.5044127778
22.47000955,1480.609025,0.7605417871,0.3698872623,0.7304587384,0.5063766683
5.622082446,1132.096511,0.1402791182,0.2685839448,0.6315092689,0.4253048341
19.65454544,1654.908565,0.624947466,0.4144701608,0.7478028226,0.5542505969
13.37400898,1672.488026,0.6473391258,0.4414483931,0.7527065263,0.5864814209
20.91426257,1164.887846,0.580720846,0.264480578,0.6899577143,0.3833286773
13.08051522,1641.934868,0.3657166153,0.4078719753,0.7396241049,0.5514584674
19.68888755,1227.729707,0.6763172916,0.3004322451,0.695977812,0.4316692859
9.153418827,1600.543449,0.09513459574,0.3538261403,0.7155538612,0.4944786961
23.81925242,1419.327634,0.4101731202,0.3613048385,0.7263388711,0.4974328828
6.320556912,1541.100856,0.4009421259,0.3654388988,0.7245314608,0.5043796144
17.79577649,1679.740168,0.433618731,0.4183314388,0.7481129123,0.5591822196
13.11594226,1482.733114,0.4933664642,0.3891025502,0.7220527677,0.5388838152
18.63853765,1186.638149,0.9404150588,0.2776520336,0.6879532077,0.4035914515
23.13211312,1533.023467,0.4040497276,0.3858949725,0.73663017,0.523865283
17.82476865,1673.643728,0.581454293,0.4237440343,0.7498509985,0.5651043142
14.95923348,1470.194624,0.2021370665,0.3722534531,0.7167049135,0.5193957039
18.94864739,1460.810837,0.298314453,0.370781207,0.7220550063,0.5135082559
14.51622403,1323.716286,0.8319654197,0.3363702697,0.698000829,0.4819052582
12.86045412,1547.446264,0.3580812671,0.3925167201,0.7274107795,0.5396080608
10.18343321,1593.980777,0.506538569,0.4129579921,0.7382083198,0.559405768
10.10939217,1460.172803,0.8329298245,0.4284064089,0.730997059,0.5860576368
20.89405347,1183.189621,0.7870701523,0.2699826996,0.6924838562,0.3898758032
18.48402519,1217.421076,0.9096015449,0.2931536058,0.6918660882,0.423714373
7.913717042,1473.435533,0.6819797396,0.4189513414,0.7305344247,0.5734861044
11.08091435,1337.175811,0.5430449285,0.3609370591,0.6989673904,0.5163861206
12.3212464,1207.600119,0.812012417,0.3049866749,0.6743901191,0.4522407227
20.22940127,1689.699373,0.2607091902,0.4124377048,0.7484762762,0.5510364429
19.13648023,1625.720224,0.448433276,0.4057986901,0.7424135912,0.5465938325
14.63548566,1310.429842,0.6064096297,0.332648527,0.6944334856,0.4790214382
17.89624213,1452.814677,0.8371311086,0.360682415,0.7194680783,0.5013181625
11.60725694,1372.069587,0.3729803489,0.3594770225,0.7012221193,0.5126435869
10.39862728,1330.423584,0.8070481421,0.3796987873,0.7051184321,0.5384893799
13.69973724,1286.582014,0.07426403986,0.3316716634,0.6884329499,0.4817777294
11.2180413,1161.603913,0.4015420907,0.2984077336,0.6622621594,0.4505885311
22.21962736,1352.060516,0.3944288814,0.3444222624,0.7162836404,0.4808461942
7.242072795,1541.843653,0.3461085835,0.3661389241,0.7211344959,0.5077262649
23.82465644,1265.064052,0.9242980771,0.2951690897,0.7087638783,0.4164561693
18.20215167,1587.047325,0.5668070767,0.4016424329,0.7384335817,0.5439113859
5.887535273,1172.480752,0.9486674987,0.3952018422,0.6882460583,0.574215918
16.82464589,1448.602999,0.1244743537,0.3677540431,0.7165918667,0.51319874
10.44323106,1605.664863,0.306716642,0.3893213551,0.7305330903,0.5329277486
5.012727527,1212.872757,0.2394446271,0.2822968973,0.6528288085,0.4324210169
6.145820083,1252.516517,0.2796204881,0.3092747186,0.6673511066,0.4634362865
8.571318397,1205.56799,0.7400878485,0.3450556184,0.6788078894,0.508325881
16.90180433,1138.672822,0.1206273409,0.2785441234,0.6765120371,0.4117356502
15.51314183,1483.731883,0.2969292,0.3777077248,0.720388425,0.5243112072
20.15427084,1676.726475,0.382123494,0.4130427858,0.7481736428,0.5520680791
22.16595926,1445.941498,0.774833883,0.3621084817,0.7264125585,0.498488741
10.00387132,1637.611265,0.2253054861,0.3800254064,0.7295643234,0.5208936268
21.88615362,1345.44376,0.7113060049,0.3373196728,0.7149273571,0.4718237027
22.83286298,1295.167674,0.9196884789,0.3119698205,0.7107014572,0.4389604347
8.057012232,1350.52203,0.7715142456,0.4028659331,0.7125091808,0.5654185854
20.53974957,1295.187984,0.1848761942,0.3310298565,0.7063882459,0.4686231098
21.66410342,1334.523949,0.3031449079,0.3408708598,0.7132555541,0.4779084548
13.56558422,1570.740533,0.8155474035,0.432590329,0.7431980117,0.5820660473
12.841259,1425.137639,0.8437466177,0.3934749038,0.72046724,0.5461385084
8.464275361,1577.585006,0.7100252486,0.4445259381,0.7471790312,0.59493899
6.504303589,1150.842468,0.3137833144,0.297713252,0.6493786513,0.4584586379
4.373020792,1271.176692,0.5799067912,0.3403800471,0.6935215707,0.49079951
6.1453626,1151.123441,0.4652989901,0.3119939185,0.6568351611,0.474995763
22.24743279,1194.868927,0.07452101248,0.2812000766,0.6968071742,0.4035550824
4.436849659,1102.564641,0.7145674565,0.3330394062,0.6627270456,0.5025287687
22.97371402,1672.185424,0.4636602112,0.407218884,0.7492358902,0.5435122495
23.95007518,1593.303417,0.01385340242,0.3986210495,0.7434115188,0.5362051023
14.91859247,1228.905607,0.2184836936,0.3171761817,0.684092678,0.4636450468
18.07676467,1429.150736,0.1530623095,0.3650367567,0.7168488083,0.5092241941
14.78225405,1603.723473,0.1185292758,0.3874397613,0.7302286987,0.530573178
8.557510435,1634.231896,0.2246285694,0.3683643502,0.7265706113,0.5069904348
16.62637235,1484.918435,0.7913546915,0.3825167488,0.7258849075,0.5269661138
16.67412854,1697.453477,0.6027325228,0.4333264408,0.7533875166,0.5751707206
15.81715466,1591.645087,0.06000858985,0.3857032592,0.7297059108,0.5285735712
19.79318531,1349.297243,0.03837387244,0.3484157226,0.7113748689,0.4897779466
9.847561498,1512.009514,0.5699631687,0.4072245746,0.7293654821,0.5583271824
11.70748565,1348.702962,0.3304114714,0.35198274,0.6966355546,0.505260947
11.13230077,1168.082162,0.003205701818,0.2996733714,0.6616780769,0.4528990485
9.902406838,1214.980012,0.5712094983,0.3290019451,0.6752354145,0.487240358
11.26585635,1642.265674,0.9131178413,0.4827961585,0.7603713013,0.6349478967
7.322544091,1233.42446,0.5673246371,0.3458156026,0.6802558225,0.5083611065
10.13542535,1168.375573,0.4551731539,0.3074675482,0.6630549995,0.4637134904
9.25148989,1279.8103,0.1617252203,0.3239713865,0.675683447,0.4794721374
4.856086296,1169.768624,0.2844176113,0.2798004574,0.6469317074,0.432503855
15.92710396,1121.822531,0.8616540516,0.2602145087,0.6711521962,0.3877131151
6.250435821,1220.076381,0.7619882814,0.3732960401,0.6888230757,0.5419331223
16.08576891,1562.005984,0.6087507882,0.4044681828,0.7357446423,0.5497398955
11.20650014,1179.653562,0.1753239668,0.3044071157,0.6647369735,0.457936188
13.00568465,1512.051473,0.4777639424,0.39466588,0.7259333843,0.5436667999
20.67175765,1178.969246,0.586829487,0.2741995547,0.6914278289,0.3965700298
6.321057977,1435.187313,0.4467957681,0.3620045225,0.7116676611,0.5086707495
4.237920923,1253.223409,0.4379137574,0.3041996243,0.677621659,0.4489225223
22.92727059,1194.743747,0.2563312484,0.2760524226,0.6980847801,0.3954425458
17.40807934,1147.978921,0.2649947826,0.279736703,0.6792674432,0.4118211551
20.65245537,1429.409632,0.7746001622,0.3583831545,0.7219924665,0.4963807395
16.33074241,1144.213201,0.5226460921,0.2787931375,0.6757780381,0.4125513435
16.78506817,1413.757987,0.01969332649,0.3608801435,0.7122509095,0.5066755812
8.155617,1217.68112,0.7173408874,0.3517170203,0.6816766193,0.5159587557
7.0397121,1427.671125,0.6380835216,0.4012614011,0.7218804918,0.5558557207
17.99517729,1479.814695,0.1789190307,0.374147978,0.7223364125,0.5179691505
15.65176203,1324.402474,0.7549161636,0.333095094,0.6988033212,0.4766650128
20.67335587,1373.446927,0.7789564887,0.34488484,0.7158752049,0.4817667069
13.01477888,1494.698921,0.6651288212,0.4033047488,0.7280384303,0.5539607965
16.47350982,1541.209228,0.4186457087,0.3920854188,0.7302320359,0.5369326454
13.08856964,1607.124108,0.2067476816,0.3891926141,0.7302479197,0.5329595656
10.11846334,1477.082958,0.57175007,0.4001800758,0.7239117736,0.5528022757
20.69242305,1680.768373,0.8503482638,0.420412198,0.7530135995,0.5583062488
5.8402712,1362.960093,0.01543153459,0.282782814,0.6629477615,0.4265536902
14.07615462,1330.958673,0.06108129008,0.3416220073,0.6954962505,0.4911917311
16.26195282,1436.159747,0.176759463,0.3655451984,0.7142906742,0.5117597242
8.470307017,1345.255186,0.8240666675,0.4054772108,0.7127381274,0.5689006877
21.30449501,1201.421597,0.4434727306,0.2861383913,0.6958283727,0.4112197814
7.863266451,1568.497745,0.7805928146,0.4601425501,0.7506197925,0.6130168092
9.779664088,1368.178539,0.8751473492,0.4061779504,0.7161189795,0.5671933883
9.772591975,1553.475288,0.5283227281,0.4089727027,0.7336569457,0.5574440548
2.362338358,1179.447437,0.7187453898,0.295667634,0.6968265677,0.4243059144
20.90535607,1558.690712,0.5359426693,0.3864409392,0.7354404321,0.5254551182
3.050870374,1181.989144,0.3897301928,0.2465101802,0.6570438508,0.3751807127
20.76313028,1640.300901,0.006764806199,0.401020874,0.742675406,0.5399678928
17.90622656,1287.51932,0.5552118096,0.3278266807,0.6997511868,0.4684903533
11.20056259,1219.480331,0.03895008299,0.3125931387,0.6702778098,0.4663635498
12.72699159,1612.324593,0.8106954382,0.4490531846,0.7502656553,0.5985255774
20.77296836,1656.807486,0.4306695796,0.4087848167,0.7465784589,0.5475443496
9.873517547,1571.361374,0.7621400164,0.4484630755,0.7464595087,0.6007868749
17.00068994,1336.581102,0.2356930879,0.3447574267,0.7037119092,0.4899127358
2.710248467,1258.172091,0.449139792,0.24717353,0.6819612006,0.3624451506
6.429144908,1245.668532,0.7996686874,0.3871432865,0.6961267107,0.556139106
6.0291549,1297.112456,0.5653500374,0.3586687236,0.6947232324,0.5162757007
6.143869289,1239.075955,0.4999644286,0.3367510422,0.678592237,0.4962494763
9.757128077,1166.092557,0.9007104658,0.3184879333,0.6700196385,0.4753411916
15.45126991,1609.31967,0.6585665044,0.4212490515,0.7435187822,0.5665614126
15.49826048,1523.615895,0.6628882959,0.3988150823,0.7311584309,0.5454564503
14.8386272,1696.141743,0.4800779065,0.4271113395,0.7502776025,0.5692710779
4.245679441,1286.417585,0.9251619572,0.4598257727,0.723243116,0.6357831308
9.522182586,1291.684246,0.6920257943,0.3649208842,0.6950812781,0.5250046228
5.466729431,1296.668189,0.3989814054,0.3248133324,0.6833370735,0.4753339823
4.038299612,1144.613319,0.5015823261,0.295471211,0.6585943174,0.4486391747
22.74599292,1677.81284,0.5241214686,0.4088665548,0.7499667853,0.5451795504
11.2247738,1149.480143,0.2921627406,0.2943240214,0.6594594122,0.446311048
7.233075122,1409.326423,0.6063963378,0.3920448572,0.7166316056,0.5470660994
15.31220146,1165.847324,0.4035920313,0.2935434269,0.6761037818,0.4341691836
19.3221763,1394.121347,0.09198024628,0.3591001134,0.7155550842,0.5018483151
10.26195224,1687.624416,0.4172160952,0.4129639188,0.745847918,0.5536838124
15.92841065,1618.735601,0.9217932084,0.4369642756,0.7499779916,0.5826361314
19.88151611,1689.224544,0.6304240252,0.4221747154,0.7521552449,0.5612866735
4.080931319,1239.933172,0.4171168006,0.294604437,0.672887951,0.4378209426
8.077447478,1536.922148,0.3112612796,0.3677500108,0.7190449233,0.5114423298
16.84563756,1384.861469,0.9218595744,0.3428976803,0.7090831366,0.4835789523
3.731730307,1135.47028,0.943538591,0.4207189553,0.6926153129,0.6074352493
10.59102651,1423.59673,0.7510601436,0.4042945325,0.7209255584,0.5607992778
7.380724637,1368.435733,0.6094672115,0.3842626303,0.7092816831,0.5417630816
7.436871863,1378.136028,0.1244474968,0.320417744,0.6826760736,0.4693554621
16.69638301,1168.103339,0.9472689198,0.2763581198,0.6803671141,0.4061897085
18.41143328,1220.005893,0.1067753624,0.3090903655,0.692048312,0.4466311963
16.11898392,1364.28778,0.3212951632,0.3491761136,0.7048888289,0.4953633811
13.38029418,1436.639892,0.8662021036,0.3937789218,0.7222425924,0.5452169755
13.83923103,1172.661273,0.4664068095,0.2976947037,0.6725034459,0.4426664362
11.22022957,1277.518669,0.4445433417,0.3387492241,0.6859025287,0.4938737064
12.70348082,1361.877514,0.5022599393,0.3599006443,0.7027473775,0.5121337422
18.40782639,1531.57803,0.2315175604,0.384519915,0.7291515552,0.5273525267
4.267021266,1113.592681,0.6904920028,0.3304978486,0.6647977485,0.4971404451
7.585799853,1581.352704,0.7601854393,0.4583750587,0.7520290472,0.6095177579
13.70527245,1619.27087,0.1895026361,0.3911282482,0.7320205566,0.5343132029
14.1945244,1464.017197,0.01668136416,0.3627333366,0.7115923223,0.509748806
13.33954797,1693.746146,0.1216732454,0.3916244857,0.7368400189,0.5314918784
13.80999088,1612.059914,0.6160467322,0.4246542206,0.7435542399,0.571113979
16.78071257,1319.42732,0.2876897024,0.340249139,0.7010658416,0.4853312183
14.307361,1262.524934,0.8657250204,0.3143566797,0.6869116996,0.4576376845
5.184080296,1335.712381,0.1863278281,0.2911298326,0.6715509577,0.4335186024
4.098624654,1126.047531,0.1939144907,0.2454538789,0.6252830549,0.3925484258
10.80306754,1660.329351,0.4753284019,0.4193992558,0.7453796466,0.5626652911
8.417001048,1457.431682,0.1829031725,0.3450829091,0.7009074773,0.4923373203
9.187183791,1370.300944,0.7226985713,0.3946804448,0.712201966,0.5541692718
4.880513474,1369.28478,0.03595465321,0.2654581629,0.6587199475,0.4029909279
5.342062278,1316.309065,0.5252947509,0.349202,0.6966386471,0.5012670506
5.704573563,1460.718663,0.7685704261,0.4383218911,0.7387074833,0.5933632744
13.44161303,1209.24322,0.1169976638,0.3123655419,0.6766312591,0.46164811
9.498502757,1523.889632,0.885372786,0.46094524,0.744987457,0.61872886
9.744036244,1158.415475,0.4672728529,0.3061890277,0.6607067115,0.4634265437
21.0248607,1203.034115,0.7065712761,0.2825949365,0.6954772171,0.406332414
14.20521405,1627.514426,0.2349770292,0.3969330277,0.7349945875,0.5400489126
19.73941822,1501.201479,0.4600035717,0.3769038153,0.7277459435,0.5179057592
4.066295663,1359.59881,0.6352556126,0.3630294767,0.7167305065,0.5065076391
14.86389357,1385.215654,0.8853113255,0.3595398067,0.7105466375,0.506004515
21.71107022,1636.478242,0.4194358393,0.4022984265,0.7445648398,0.5403134891
13.64036797,1679.396185,0.7042024546,0.4482453912,0.7552202106,0.5935293904
