m (kg/s),T_i (K),P,A2,U,inC,inB
0.005,298.15,0.5953771759,1,0.06615138573,0,0
0.005625,298.15,0.6090866813,1,0.06204980461,0,0
0.00625,298.15,0.6203695775,1,0.0583373568,0,0
0.006875,298.15,0.6298157153,1,0.05498721476,0,0
0.0075,298.15,0.637838674,1,0.05196351137,0,0
0.008125,298.15,0.6447368428,1,0.04922952811,0,0
0.00875,298.15,0.6507308187,1,0.0467510085,0,0
0.009375,298.15,0.6559871563,1,0.04449729457,0,0
0.01,298.15,0.6606339333,1,0.04244149994,0,0
0.010625,298.15,0.664771239,1,0.04056027765,0,0
0.01125,298.15,0.6684784129,1,0.03883344072,0,0
0.011875,298.15,0.6718191512,1,0.03724355328,0,0
0.0125,298.15,0.6748451771,1,0.0357755437,0,0
0.013125,298.15,0.6775989251,1,0.03441635888,0,0
0.01375,298.15,0.6801155349,1,0.0331546646,0,0
0.014375,298.15,0.6824243529,1,0.03198058977,0,0
0.015,298.15,0.6845500785,1,0.03088551017,0,0
0.015625,298.15,0.6865136479,1,0.02986186622,0,0
0.01625,298.15,0.6883329244,1,0.02890300967,0,0
0.016875,298.15,0.6900232415,1,0.02800307475,0,0
0.0175,298.15,0.6915978357,1,0.02715686944,0,0
0.018125,298.15,0.6930681926,1,0.02635978383,0,0
0.01875,298.15,0.6944443272,1,0.02560771252,0,0
0.019375,298.15,0.6957350119,1,0.02489698874,0,0
0.02,298.15,0.6969479632,1,0.02422432832,0,0
0.020625,298.15,0.6980899959,1,0.02358678181,0,0
0.02125,298.15,0.6991671513,1,0.02298169352,0,0
0.021875,298.15,0.7001848033,1,0.0224066663,0,0
0.0225,298.15,0.7011477487,1,0.02185953118,0,0
0.023125,298.15,0.7020602823,1,0.02133832114,0,0
0.02375,298.15,0.7029262608,1,0.02084124843,0,0
0.024375,298.15,0.7037491574,1,0.0203666847,0,0
0.025,298.15,0.7045321085,1,0.01991314387,0,0
0.025625,298.15,0.705277953,1,0.01947926696,0,0
0.02625,298.15,0.7059892672,1,0.01906380896,0,0
0.026875,298.15,0.7066683945,1,0.01866562716,0,0
0.0275,298.15,0.7073174707,1,0.01828367095,0,0
0.028125,298.15,0.707938447,1,0.01791697277,0,0
0.02875,298.15,0.7085331092,1,0.01756464012,0,0
0.029375,298.15,0.7091030949,1,0.01722584845,0,0
0.03,298.15,0.7096499087,1,0.01689983484,0,0
0.030625,298.15,0.7101749352,1,0.01658589241,0,0
0.03125,298.15,0.7106794509,1,0.01628336524,0,0
0.031875,298.15,0.7111646346,1,0.01599164392,0,0
0.0325,298.15,0.7116315764,1,0.01571016151,0,0
0.033125,298.15,0.712081286,1,0.01543838989,0,0
0.03375,298.15,0.7125146998,1,0.01517583655,0,0
0.034375,298.15,0.7129326878,1,0.01492204161,0,0
0.035,298.15,0.713336059,1,0.01467657519,0,0
0.035625,298.15,0.7137255669,1,0.01443903502,0,0
0.03625,298.15,0.714101914,1,0.01420904423,0,0
0.036875,298.15,0.7144657562,1,0.01398624942,0,0
0.0375,298.15,0.7148177065,1,0.01377031886,0,0
0.038125,298.15,0.7151583385,1,0.01356094083,0,0
0.03875,298.15,0.7154881895,1,0.01335782219,0,0
0.039375,298.15,0.7158077632,1,0.01316068694,0,0
0.04,298.15,0.7161175326,1,0.01296927509,0,0
0.040625,298.15,0.716417942,1,0.01278334143,0,0
0.04125,298.15,0.7167094094,1,0.01260265453,0,0
0.041875,298.15,0.716992328,1,0.01242699581,0,0
0.0425,298.15,0.7172670685,1,0.01225615864,0,0
0.043125,298.15,0.7175339804,1,0.01208994751,0,0
0.04375,298.15,0.7177933937,1,0.01192817735,0,0
0.044375,298.15,0.7180456199,1,0.01177067281,0,0
0.045,298.15,0.7182909536,1,0.01161726762,0,0
0.045625,298.15,0.7185296734,1,0.01146780405,0,0
0.04625,298.15,0.7187620434,1,0.01132213231,0,0
0.046875,298.15,0.7189883134,1,0.01118011014,0,0
0.0475,298.15,0.7192087206,1,0.01104160227,0,0
0.048125,298.15,0.7194234899,1,0.01090648002,0,0
0.04875,298.15,0.7196328348,1,0.01077462091,0,0
0.049375,298.15,0.7198369583,1,0.01064590832,0,0
0.05,298.15,0.7200360534,1,0.01052023107,0,0
0.050625,298.15,0.7202303035,1,0.01039748317,0,0
0.05125,298.15,0.7204198834,1,0.01027756351,1,1
0.051875,298.15,0.7206049595,1,0.01016037556,0,0
0.0525,298.15,0.7207856904,1,0.01004582714,1,1
0.053125,298.15,0.7209622273,1,0.009933830155,0,0
0.05375,298.15,0.7211347146,1,0.009824300391,1,1
0.054375,298.15,0.72130329,1,0.009717157294,1,1
0.055,298.15,0.7214680851,1,0.009612323773,0,0
0.055625,298.15,0.7216292255,1,0.009509726021,1,1
0.05625,298.15,0.7217868317,1,0.009409293337,0,0
0.056875,298.15,0.7219410185,1,0.009310957969,1,1
0.0575,298.15,0.7220918961,1,0.009214654959,0,0
0.058125,298.15,0.7222395698,1,0.009120322001,1,1
0.05875,298.15,0.7223841406,1,0.00902789931,1,1
0.059375,298.15,0.7225257054,1,0.00893732949,0,0
0.06,298.15,0.7226643568,1,0.008848557423,1,1
0.060625,298.15,0.7228001839,1,0.008761530151,0,0
0.06125,298.15,0.7229332722,1,0.008676196777,0,0
0.061875,298.15,0.7230637035,1,0.00859250836,1,1
0.0625,298.15,0.7231915568,1,0.008510417827,1,1
0.063125,298.15,0.7233169077,1,0.00842987988,1,1
0.06375,298.15,0.723439829,1,0.00835085092,1,1
0.064375,298.15,0.7235603905,1,0.008273288961,1,1
0.065,298.15,0.7236786596,1,0.008197153559,1,1
0.065625,298.15,0.7237947012,1,0.008122405744,1,1
0.06625,298.15,0.7239085774,1,0.00804900795,1,1
0.066875,298.15,0.7240203484,1,0.007976923954,1,1
0.0675,298.15,0.724130072,1,0.007906118817,1,1
0.068125,298.15,0.7242378039,1,0.007836558828,1,1
0.06875,298.15,0.7243435979,1,0.007768211449,1,1
0.069375,298.15,0.7244475059,1,0.007701045264,1,1
0.07,298.15,0.7245495777,1,0.007635029934,1,1
0.070625,298.15,0.7246498617,1,0.007570136148,1,1
0.07125,298.15,0.7247484044,1,0.007506335583,1,1
0.071875,298.15,0.7248452507,1,0.00744360086,1,1
0.0725,298.15,0.7249404441,1,0.007381905507,1,1
0.073125,298.15,0.7250340266,1,0.007321223921,1,1
0.07375,298.15,0.7251260387,1,0.00726153133,1,1
0.074375,298.15,0.7252165196,1,0.007202803765,1,1
0.075,298.15,0.7253055071,1,0.007145018025,1,1
0.075625,298.15,0.7253930381,1,0.007088151645,1,1
0.07625,298.15,0.7254791479,1,0.007032182868,1,1
0.076875,298.15,0.7255638708,1,0.00697709062,1,1
0.0775,298.15,0.7256472402,1,0.00692285448,1,1
0.078125,298.15,0.7257292881,1,0.006869454654,1,1
0.07875,298.15,0.7258100458,1,0.006816871958,1,1
0.079375,298.15,0.7258895435,1,0.006765087786,1,1
0.08,298.15,0.7259678104,1,0.006714084093,1,1
0.005,298.65,0.5930514838,0.99609375,0.06703762847,0,0
0.005625,298.65,0.6067074364,0.99609375,0.06301365623,0,0
0.00625,298.65,0.6179462588,0.99609375,0.05936886426,0,0
0.006875,298.65,0.6273554977,0.99609375,0.05607811137,0,0
0.0075,298.65,0.6353471167,0.99609375,0.05310689091,0,0
0.008125,298.65,0.6422183395,0.99609375,0.05041958078,0,0
0.00875,298.65,0.6481889014,0.99609375,0.04798281149,0,0
0.009375,298.65,0.6534247064,0.99609375,0.04576664681,0,0
0.01,298.65,0.658053332,0.99609375,0.04374479176,0,0
0.010625,298.65,0.6621744763,0.99609375,0.04189438737,0,0
0.01125,298.65,0.6658671691,0.99609375,0.04019565222,0,0
0.011875,298.65,0.6691948577,0.99609375,0.03863148991,0,0
0.0125,298.65,0.6722090632,0.99609375,0.03718711476,0,0
0.013125,298.65,0.6749520543,0.99609375,0.0358497161,0,0
0.01375,298.65,0.6774588335,0.99609375,0.03460816646,0,0
0.014375,298.65,0.6797586328,0.99609375,0.0334527721,0,0
0.015,298.65,0.6818760548,0.99609375,0.0323750617,0,0
0.015625,298.65,0.683831954,0.99609375,0.03136760818,0,0
0.01625,298.65,0.6856441239,0.99609375,0.03042387865,0,0
0.016875,298.65,0.6873278382,0.99609375,0.0295381082,0,0
0.0175,298.65,0.6888962816,0.99609375,0.0287051934,0,0
0.018125,298.65,0.6903608949,0.99609375,0.02792060245,0,0
0.01875,298.65,0.6917316541,0.99609375,0.02718029904,0,0
0.019375,298.65,0.693017297,0.99609375,0.02648067777,0,0
0.02,298.65,0.6942255102,0.99609375,0.02581850915,0,0
0.020625,298.65,0.6953630819,0.99609375,0.0251908926,0,0
0.02125,298.65,0.6964360296,0.99609375,0.02459521624,0,0
0.021875,298.65,0.6974497064,0.99609375,0.0240291223,0,0
0.0225,298.65,0.6984088903,0.99609375,0.02349047731,0,0
0.023125,298.65,0.6993178593,0.99609375,0.02297734637,0,0
0.02375,298.65,0.7001804551,0.99609375,0.02248797075,0,0
0.024375,298.65,0.7010001373,0.99609375,0.02202074855,0,0
0.025,298.65,0.7017800299,0.99609375,0.02157421768,0,0
0.025625,298.65,0.7025229609,0.99609375,0.02114704111,0,0
0.02625,298.65,0.7032314966,0.99609375,0.02073799384,0,0
0.026875,298.65,0.7039079711,0.99609375,0.02034595151,0,0
0.0275,298.65,0.7045545118,0.99609375,0.01996988033,0,0
0.028125,298.65,0.7051730625,0.99609375,0.01960882822,0,0
0.02875,298.65,0.7057654018,0.99609375,0.01926191692,0,0
0.029375,298.65,0.706333161,0.99609375,0.018928335,0,0
0.03,298.65,0.7068778387,0.99609375,0.0186073317,0,0
0.030625,298.65,0.7074008143,0.99609375,0.01829821133,0,0
0.03125,298.65,0.7079033593,0.99609375,0.01800032839,0,0
0.031875,298.65,0.7083866478,0.99609375,0.01771308311,0,0
0.0325,298.65,0.7088517656,0.99609375,0.0174359175,0,0
0.033125,298.65,0.7092997184,0.99609375,0.01716831181,0,0
0.03375,298.65,0.7097314393,0.99609375,0.01690978126,0,0
0.034375,298.65,0.7101477945,0.99609375,0.01665987323,0,0
0.035,298.65,0.7105495901,0.99609375,0.01641816461,0,0
0.035625,298.65,0.7109375764,0.99609375,0.01618425943,0,0
0.03625,298.65,0.7113124534,0.99609375,0.01595778676,0,0
0.036875,298.65,0.7116748744,0.99609375,0.01573839873,0,0
0.0375,298.65,0.7120254499,0.99609375,0.01552576881,0,0
0.038125,298.65,0.7123647513,0.99609375,0.01531959016,0,0
0.03875,298.65,0.7126933137,0.99609375,0.01511957422,0,0
0.039375,298.65,0.7130116391,0.99609375,0.01492544932,0,0
0.04,298.65,0.7133201985,0.99609375,0.01473695951,0,0
0.040625,298.65,0.7136194344,0.99609375,0.01455386341,0,0
0.04125,298.65,0.7139097632,0.99609375,0.01437593322,0,0
0.041875,298.65,0.7141915767,0.99609375,0.01420295374,0,0
0.0425,298.65,0.714465244,0.99609375,0.01403472156,0,0
0.043125,298.65,0.7147311133,0.99609375,0.01387104422,0,0
0.04375,298.65,0.7149895133,0.99609375,0.01371173953,0,0
0.044375,298.65,0.7152407542,0.99609375,0.01355663486,0,0
0.045,298.65,0.7154851295,0.99609375,0.01340556652,0,0
0.045625,298.65,0.7157229169,0.99609375,0.01325837922,0,0
0.04625,298.65,0.7159543792,0.99609375,0.01311492553,0,0
0.046875,298.65,0.7161797653,0.99609375,0.01297506535,0,0
0.0475,298.65,0.7163993115,0.99609375,0.01283866553,0,0
0.048125,298.65,0.7166132418,0.99609375,0.01270559938,0,0
0.04875,298.65,0.716821769,0.99609375,0.01257574633,0,0
0.049375,298.65,0.7170250952,0.99609375,0.01244899153,0,0
0.05,298.65,0.7172234126,0.99609375,0.01232522554,0,0
0.050625,298.65,0.7174169039,0.99609375,0.01220434402,0,0
0.05125,298.65,0.7176057432,0.99609375,0.01208624741,1,1
0.051875,298.65,0.7177900964,0.99609375,0.01197084067,1,1
0.0525,298.65,0.7179701213,0.99609375,0.01185803304,1,1
0.053125,298.65,0.7181459686,0.99609375,0.01174773779,1,1
0.05375,298.65,0.7183177821,0.99609375,0.011639872,0,0
0.054375,298.65,0.718485699,0.99609375,0.01153435637,1,1
0.055,298.65,0.7186498503,0.99609375,0.01143111499,0,0
0.055625,298.65,0.7188103614,0.99609375,0.01133007519,1,1
0.05625,298.65,0.7189673519,0.99609375,0.01123116735,0,0
0.056875,298.65,0.7191209364,0.99609375,0.01113432478,1,1
0.0575,298.65,0.7192712246,0.99609375,0.01103948351,0,0
0.058125,298.65,0.7194183215,0.99609375,0.01094658219,0,0
0.05875,298.65,0.7195623276,0.99609375,0.01085556196,1,1
0.059375,298.65,0.7197033393,0.99609375,0.01076636631,0,0
0.06,298.65,0.7198414491,0.99609375,0.01067894096,1,1
0.060625,298.65,0.7199767457,0.99609375,0.01059323378,0,0
0.06125,298.65,0.7201093141,0.99609375,0.01050919464,0,0
0.061875,298.65,0.720239236,0.99609375,0.01042677535,1,1
0.0625,298.65,0.7203665898,0.99609375,0.01034592958,1,1
0.063125,298.65,0.7204914511,0.99609375,0.01026661271,1,1
0.06375,298.65,0.7206138921,0.99609375,0.01018878181,1,1
0.064375,298.65,0.7207339827,0.99609375,0.01011239555,1,1
0.065,298.65,0.7208517899,0.99609375,0.0100374141,1,1
0.065625,298.65,0.7209673781,0.99609375,0.009963799081,1,1
0.06625,298.65,0.7210808095,0.99609375,0.009891513511,1,1
0.066875,298.65,0.7211921439,0.99609375,0.009820521722,1,1
0.0675,298.65,0.7213014389,0.99609375,0.009750789309,1,1
0.068125,298.65,0.72140875,0.99609375,0.009682283077,1,1
0.06875,298.65,0.7215141308,0.99609375,0.009614970986,1,1
0.069375,298.65,0.7216176328,0.99609375,0.009548822103,1,1
0.07,298.65,0.7217193059,0.99609375,0.009483806552,1,1
0.070625,298.65,0.7218191982,0.99609375,0.009419895473,1,1
0.07125,298.65,0.7219173559,0.99609375,0.009357060974,1,1
0.071875,298.65,0.722013824,0.99609375,0.009295276097,1,1
0.0725,298.65,0.7221086455,0.99609375,0.009234514773,1,1
0.073125,298.65,0.7222018625,0.99609375,0.009174751791,1,1
0.07375,298.65,0.7222935151,0.99609375,0.00911596276,1,1
0.074375,298.65,0.7223836425,0.99609375,0.009058124076,1,1
0.075,298.65,0.7224722825,0.99609375,0.009001212893,1,1
0.075625,298.65,0.7225594715,0.99609375,0.008945207088,1,1
0.07625,298.65,0.7226452449,0.99609375,0.008890085239,1,1
0.076875,298.65,0.722729637,0.99609375,0.008835826592,1,1
0.0775,298.65,0.7228126807,0.99609375,0.008782411039,1,1
0.078125,298.65,0.7228944081,0.99609375,0.008729819089,1,1
0.07875,298.65,0.7229748503,0.99609375,0.00867803185,1,1
0.079375,298.65,0.7230540375,0.99609375,0.008627031,1,1
0.08,298.65,0.7231319986,0.99609375,0.00857679877,1,1
0.005,299.15,0.5907257917,0.9921875,0.06791186178,0,0
0.005625,299.15,0.6043281916,0.9921875,0.06396479299,0,0
0.00625,299.15,0.6155229402,0.9921875,0.06038704253,0,0
0.006875,299.15,0.62489528,0.9921875,0.05715513953,0,0
0.0075,299.15,0.6328555594,0.9921875,0.05423592513,0,0
0.008125,299.15,0.6396998362,0.9921875,0.05159486366,0,0
0.00875,299.15,0.6456469842,0.9921875,0.04919946456,0,0
0.009375,299.15,0.6508622566,0.9921875,0.04702050685,0,0
0.01,299.15,0.6554727307,0.9921875,0.0450322816,0,0
0.010625,299.15,0.6595777137,0.9921875,0.04321241348,0,0
0.01125,299.15,0.6632559253,0.9921875,0.04154152302,0,0
0.011875,299.15,0.6665705641,0.9921875,0.0400028502,0,0
0.0125,299.15,0.6695729492,0.9921875,0.03858189274,0,0
0.013125,299.15,0.6723051835,0.9921875,0.03726608024,0,0
0.01375,299.15,0.6748021322,0.9921875,0.03604449013,0,0
0.014375,299.15,0.6770929126,0.9921875,0.03490760441,0,0
0.015,299.15,0.679202031,0.9921875,0.0338471033,0,0
0.015625,299.15,0.6811502601,0.9921875,0.03285569101,0,0
0.01625,299.15,0.6829553234,0.9921875,0.03192694899,0,0
0.016875,299.15,0.6846324349,0.9921875,0.03105521227,0,0
0.0175,299.15,0.6861947276,0.9921875,0.03023546523,0,0
0.018125,299.15,0.6876535973,0.9921875,0.02946325344,0,0
0.01875,299.15,0.6890189809,0.9921875,0.02873460907,0,0
0.019375,299.15,0.6902995821,0.9921875,0.02804598756,0,0
0.02,299.15,0.6915030572,0.9921875,0.02739421356,0,0
0.020625,299.15,0.6926361678,0.9921875,0.02677643495,0,0
0.02125,299.15,0.6937049079,0.9921875,0.02619008324,0,0
0.021875,299.15,0.6947146095,0.9921875,0.0256328397,0,0
0.0225,299.15,0.6956700319,0.9921875,0.02510260604,0,0
0.023125,299.15,0.6965754363,0.9921875,0.02459747914,0,0
0.02375,299.15,0.6974346493,0.9921875,0.02411572911,0,0
0.024375,299.15,0.6982511171,0.9921875,0.02365578019,0,0
0.025,299.15,0.6990279514,0.9921875,0.0232161941,0,0
0.025625,299.15,0.6997679689,0.9921875,0.02279565552,0,0
0.02625,299.15,0.7004737261,0.9921875,0.02239295931,0,0
0.026875,299.15,0.7011475476,0.9921875,0.02200699928,0,0
0.0275,299.15,0.701791553,0.9921875,0.02163675832,0,0
0.028125,299.15,0.7024076779,0.9921875,0.02128129968,0,0
0.02875,299.15,0.7029976943,0.9921875,0.02093975919,0,0
0.029375,299.15,0.703563227,0.9921875,0.02061133845,0,0
0.03,299.15,0.7041057688,0.9921875,0.02029529871,0,0
0.030625,299.15,0.7046266935,0.9921875,0.01999095542,0,0
0.03125,299.15,0.7051272677,0.9921875,0.01969767336,0,0
0.031875,299.15,0.7056086609,0.9921875,0.01941486233,0,0
0.0325,299.15,0.7060719547,0.9921875,0.01914197322,0,0
0.033125,299.15,0.7065181509,0.9921875,0.01887849453,0,0
0.03375,299.15,0.7069481787,0.9921875,0.01862394919,0,0
0.034375,299.15,0.7073629012,0.9921875,0.01837789175,0,0
0.035,299.15,0.7077631211,0.9921875,0.01813990579,0,0
0.035625,299.15,0.7081495859,0.9921875,0.01790960162,0,0
0.03625,299.15,0.7085229928,0.9921875,0.01768661416,0,0
0.036875,299.15,0.7088839925,0.9921875,0.01747060105,0,0
0.0375,299.15,0.7092331932,0.9921875,0.01726124088,0,0
0.038125,299.15,0.709571164,0.9921875,0.01705823168,0,0
0.03875,299.15,0.709898438,0.9921875,0.0168612894,0,0
0.039375,299.15,0.710215515,0.9921875,0.01667014666,0,0
0.04,299.15,0.7105228644,0.9921875,0.01648455153,0,0
0.040625,299.15,0.7108209269,0.9921875,0.01630426642,0,0
0.04125,299.15,0.7111101171,0.9921875,0.0161290671,0,0
0.041875,299.15,0.7113908254,0.9921875,0.01595874175,0,0
0.0425,299.15,0.7116634195,0.9921875,0.01579309015,0,0
0.043125,299.15,0.7119282462,0.9921875,0.01563192286,0,0
0.04375,299.15,0.7121856328,0.9921875,0.01547506053,0,0
0.044375,299.15,0.7124358885,0.9921875,0.01532233322,0,0
0.045,299.15,0.7126793055,0.9921875,0.01517357982,0,0
0.045625,299.15,0.7129161604,0.9921875,0.01502864746,0,0
0.04625,299.15,0.7131467149,0.9921875,0.01488739099,0,0
0.046875,299.15,0.7133712172,0.9921875,0.01474967253,0,0
0.0475,299.15,0.7135899025,0.9921875,0.01461536098,0,0
0.048125,299.15,0.7138029938,0.9921875,0.01448433164,0,0
0.04875,299.15,0.7140107033,0.9921875,0.01435646581,0,0
0.049375,299.15,0.7142132321,0.9921875,0.01423165043,0,0
0.05,299.15,0.7144107717,0.9921875,0.01410977777,0,0
0.050625,299.15,0.7146035043,0.9921875,0.0139907451,0,0
0.05125,299.15,0.7147916031,0.9921875,0.01387445441,0,0
0.051875,299.15,0.7149752333,0.9921875,0.01376081215,1,1
0.0525,299.15,0.7151545522,0.9921875,0.01364972896,0,0
0.053125,299.15,0.7153297099,0.9921875,0.01354111947,1,1
0.05375,299.15,0.7155008497,0.9921875,0.01343490203,0,0
0.054375,299.15,0.715668108,0.9921875,0.01333099857,1,1
0.055,299.15,0.7158316156,0.9921875,0.01322933437,0,0
0.055625,299.15,0.7159914972,0.9921875,0.01312983787,1,1
0.05625,299.15,0.7161478721,0.9921875,0.01303244056,0,0
0.056875,299.15,0.7163008543,0.9921875,0.01293707675,1,1
0.0575,299.15,0.7164505531,0.9921875,0.01284368347,1,1
0.058125,299.15,0.7165970731,0.9921875,0.01275220034,0,0
0.05875,299.15,0.7167405145,0.9921875,0.01266256939,1,1
0.059375,299.15,0.7168809733,0.9921875,0.01257473498,0,0
0.06,299.15,0.7170185415,0.9921875,0.01248864369,0,0
0.060625,299.15,0.7171533075,0.9921875,0.01240424417,1,1
0.06125,299.15,0.717285356,0.9921875,0.0123214871,0,0
0.061875,299.15,0.7174147684,0.9921875,0.01224032501,1,1
0.0625,299.15,0.7175416228,0.9921875,0.01216071228,1,1
0.063125,299.15,0.7176659944,0.9921875,0.012082605,1,1
0.06375,299.15,0.7177879553,0.9921875,0.0120059609,1,1
0.064375,299.15,0.7179075749,0.9921875,0.01193073927,1,1
0.065,299.15,0.7180249201,0.9921875,0.01185690091,1,1
0.065625,299.15,0.718140055,0.9921875,0.01178440803,1,1
0.06625,299.15,0.7182530416,0.9921875,0.01171322421,1,1
0.066875,299.15,0.7183639394,0.9921875,0.01164331435,1,1
0.0675,299.15,0.7184728058,0.9921875,0.01157464456,1,1
0.068125,299.15,0.7185796961,0.9921875,0.01150718217,1,1
0.06875,299.15,0.7186846636,0.9921875,0.01144089562,1,1
0.069375,299.15,0.7187877597,0.9921875,0.01137575446,1,1
0.07,299.15,0.7188890341,0.9921875,0.01131172928,1,1
0.070625,299.15,0.7189885347,0.9921875,0.01124879165,1,1
0.07125,299.15,0.7190863075,0.9921875,0.01118691412,1,1
0.071875,299.15,0.7191823972,0.9921875,0.01112607014,1,1
0.0725,299.15,0.7192768469,0.9921875,0.01106623405,1,1
0.073125,299.15,0.7193696983,0.9921875,0.01100738102,1,1
0.07375,299.15,0.7194609915,0.9921875,0.01094948704,1,1
0.074375,299.15,0.7195507655,0.9921875,0.01089252886,1,1
0.075,299.15,0.7196390579,0.9921875,0.010836484,1,1
0.075625,299.15,0.719725905,0.9921875,0.01078133066,1,1
0.07625,299.15,0.719811342,0.9921875,0.01072704776,1,1
0.076875,299.15,0.7198954031,0.9921875,0.01067361486,1,1
0.0775,299.15,0.7199781211,0.9921875,0.01062101216,1,1
0.078125,299.15,0.7200595281,0.9921875,0.01056922048,1,1
0.07875,299.15,0.7201396549,0.9921875,0.0105182212,1,1
0.079375,299.15,0.7202185314,0.9921875,0.01046799629,1,1
0.08,299.15,0.7202961868,0.9921875,0.01041852825,1,1
0.005,299.65,0.5884000996,0.98828125,0.0687741338,0,0
0.005625,299.65,0.6019489467,0.98828125,0.06490326674,0,0
0.00625,299.65,0.6130996215,0.98828125,0.06139194679,0,0
0.006875,299.65,0.6224350624,0.98828125,0.05821835738,0,0
0.0075,299.65,0.630364002,0.98828125,0.05535067488,0,0
0.008125,299.65,0.6371813329,0.98828125,0.05275544003,0,0
0.00875,299.65,0.6431050669,0.98828125,0.0504010332,0,0
0.009375,299.65,0.6482998068,0.98828125,0.04825894219,0,0
0.01,299.65,0.6528921294,0.98828125,0.04630403883,0,0
0.010625,299.65,0.656980951,0.98828125,0.04451442706,0,0
0.01125,299.65,0.6606446815,0.98828125,0.04287112573,0,0
0.011875,299.65,0.6639462705,0.98828125,0.04135770821,0,0
0.0125,299.65,0.6669368352,0.98828125,0.03995995304,0,0
0.013125,299.65,0.6696583127,0.98828125,0.03866552794,0,0
0.01375,299.65,0.6721454309,0.98828125,0.0374637134,0,0
0.014375,299.65,0.6744271925,0.98828125,0.03634516558,0,0
0.015,299.65,0.6765280073,0.98828125,0.03530171486,0,0
0.015625,299.65,0.6784685661,0.98828125,0.03432619556,0,0
0.01625,299.65,0.6802665229,0.98828125,0.03341230241,0,0
0.016875,299.65,0.6819370316,0.98828125,0.03255446953,0,0
0.0175,299.65,0.6834931735,0.98828125,0.03174776826,0,0
0.018125,299.65,0.6849462997,0.98828125,0.03098782088,0,0
0.01875,299.65,0.6863063077,0.98828125,0.03027072741,0,0
0.019375,299.65,0.6875818672,0.98828125,0.02959300354,0,0
0.02,299.65,0.6887806043,0.98828125,0.02895152764,0,0
0.020625,299.65,0.6899092538,0.98828125,0.02834349553,0,0
0.02125,299.65,0.6909737862,0.98828125,0.02776638178,0,0
0.021875,299.65,0.6919795126,0.98828125,0.0272179063,0,0
0.0225,299.65,0.6929311735,0.98828125,0.02669600568,0,0
0.023125,299.65,0.6938330133,0.98828125,0.0261988083,0,0
0.02375,299.65,0.6946888436,0.98828125,0.02572461281,0,0
0.024375,299.65,0.695502097,0.98828125,0.02527186937,0,0
0.025,299.65,0.6962758728,0.98828125,0.0248391633,0,0
0.025625,299.65,0.6970129769,0.98828125,0.02442520079,0,0
0.02625,299.65,0.6977159555,0.98828125,0.02402879637,0,0
0.026875,299.65,0.6983871242,0.98828125,0.02364886186,0,0
0.0275,299.65,0.6990285941,0.98828125,0.02328439667,0,0
0.028125,299.65,0.6996422934,0.98828125,0.02293447922,0,0
0.02875,299.65,0.7002299869,0.98828125,0.02259825935,0,0
0.029375,299.65,0.7007932931,0.98828125,0.02227495155,0,0
0.03,299.65,0.7013336988,0.98828125,0.02196382896,0,0
0.030625,299.65,0.7018525727,0.98828125,0.02166421804,0,0
0.03125,299.65,0.7023511761,0.98828125,0.02137549381,0,0
0.031875,299.65,0.702830674,0.98828125,0.02109707553,0,0
0.0325,299.65,0.7032921439,0.98828125,0.02082842288,0,0
0.033125,299.65,0.7037365834,0.98828125,0.02056903254,0,0
0.03375,299.65,0.7041649182,0.98828125,0.02031843508,0,0
0.034375,299.65,0.7045780079,0.98828125,0.02007619214,0,0
0.035,299.65,0.7049766521,0.98828125,0.01984189396,0,0
0.035625,299.65,0.7053615954,0.98828125,0.01961515704,0,0
0.03625,299.65,0.7057335322,0.98828125,0.01939562212,0,0
0.036875,299.65,0.7060931107,0.98828125,0.01918295226,0,0
0.0375,299.65,0.7064409365,0.98828125,0.01897683118,0,0
0.038125,299.65,0.7067775767,0.98828125,0.01877696168,0,0
0.03875,299.65,0.7071035622,0.98828125,0.01858306421,0,0
0.039375,299.65,0.707419391,0.98828125,0.01839487564,0,0
0.04,299.65,0.7077255303,0.98828125,0.01821214801,0,0
0.040625,299.65,0.7080224193,0.98828125,0.0180346475,0,0
0.04125,299.65,0.708310471,0.98828125,0.01786215341,0,0
0.041875,299.65,0.7085900741,0.98828125,0.01769445727,0,0
0.0425,299.65,0.708861595,0.98828125,0.01753136201,0,0
0.043125,299.65,0.7091253791,0.98828125,0.01737268118,0,0
0.04375,299.65,0.7093817524,0.98828125,0.01721823824,0,0
0.044375,299.65,0.7096310228,0.98828125,0.01706786596,0,0
0.045,299.65,0.7098734815,0.98828125,0.01692140573,0,0
0.045625,299.65,0.7101094038,0.98828125,0.0167787071,0,0
0.04625,299.65,0.7103390507,0.98828125,0.0166396272,0,0
0.046875,299.65,0.7105626691,0.98828125,0.01650403031,0,0
0.0475,299.65,0.7107804934,0.98828125,0.0163717874,0,0
0.048125,299.65,0.7109927458,0.98828125,0.0162427757,0,0
0.04875,299.65,0.7111996375,0.98828125,0.01611687839,0,0
0.049375,299.65,0.711401369,0.98828125,0.01599398418,0,0
0.05,299.65,0.7115981309,0.98828125,0.01587398703,0,0
0.050625,299.65,0.7117901046,0.98828125,0.01575678581,1,1
0.05125,299.65,0.7119774629,0.98828125,0.01564228405,0,0
0.051875,299.65,0.7121603701,0.98828125,0.01553038966,1,1
0.0525,299.65,0.7123389831,0.98828125,0.01542101467,0,0
0.053125,299.65,0.7125134512,0.98828125,0.01531407505,1,1
0.05375,299.65,0.7126839172,0.98828125,0.01520949044,0,0
0.054375,299.65,0.7128505171,0.98828125,0.01510718397,1,1
0.055,299.65,0.7130133809,0.98828125,0.01500708209,0,0
0.055625,299.65,0.7131726331,0.98828125,0.01490911437,1,1
0.05625,299.65,0.7133283923,0.98828125,0.01481321334,1,1
0.056875,299.65,0.7134807722,0.98828125,0.01471931436,0,0
0.0575,299.65,0.7136298817,0.98828125,0.01462735543,1,1
0.058125,299.65,0.7137758248,0.98828125,0.01453727711,0,0
0.05875,299.65,0.7139187015,0.98828125,0.01444902234,1,1
0.059375,299.65,0.7140586072,0.98828125,0.01436253635,0,0
0.06,299.65,0.7141956338,0.98828125,0.01427776654,0,0
0.060625,299.65,0.7143298693,0.98828125,0.01419466237,1,1
0.06125,299.65,0.7144613979,0.98828125,0.01411317526,0,0
0.061875,299.65,0.7145903008,0.98828125,0.01403325852,0,0
0.0625,299.65,0.7147166558,0.98828125,0.01395486721,1,1
0.063125,299.65,0.7148405377,0.98828125,0.01387795811,1,1
0.06375,299.65,0.7149620185,0.98828125,0.0138024896,1,1
0.064375,299.65,0.7150811672,0.98828125,0.01372842162,1,1
0.065,299.65,0.7151980503,0.98828125,0.01365571556,1,1
0.065625,299.65,0.715312732,0.98828125,0.01358433424,1,1
0.06625,299.65,0.7154252737,0.98828125,0.01351424179,1,1
0.066875,299.65,0.7155357349,0.98828125,0.01344540364,1,1
0.0675,299.65,0.7156441727,0.98828125,0.01337778645,1,1
0.068125,299.65,0.7157506422,0.98828125,0.01331135804,1,1
0.06875,299.65,0.7158551964,0.98828125,0.01324608736,1,1
0.069375,299.65,0.7159578867,0.98828125,0.01318194441,1,1
0.07,299.65,0.7160587624,0.98828125,0.01311890025,1,1
0.070625,299.65,0.7161578711,0.98828125,0.01305692688,1,1
0.07125,299.65,0.716255259,0.98828125,0.01299599729,1,1
0.071875,299.65,0.7163509704,0.98828125,0.01293608533,1,1
0.0725,299.65,0.7164450483,0.98828125,0.01287716573,1,1
0.073125,299.65,0.7165375341,0.98828125,0.01281921407,1,1
0.07375,299.65,0.7166284679,0.98828125,0.01276220668,1,1
0.074375,299.65,0.7167178885,0.98828125,0.0127061207,1,1
0.075,299.65,0.7168058332,0.98828125,0.01265093397,1,1
0.075625,299.65,0.7168923384,0.98828125,0.01259662505,1,1
0.07625,299.65,0.7169774391,0.98828125,0.01254317317,1,1
0.076875,299.65,0.7170611692,0.98828125,0.01249055822,1,1
0.0775,299.65,0.7171435616,0.98828125,0.0124387607,1,1
0.078125,299.65,0.717224648,0.98828125,0.01238776172,1,1
0.07875,299.65,0.7173044594,0.98828125,0.01233754295,1,1
0.079375,299.65,0.7173830254,0.98828125,0.01228808665,1,1
0.08,299.65,0.7174603751,0.98828125,0.01223937559,1,1
0.005,300.15,0.5860744075,0.984375,0.0696244924,0,0
0.005625,300.15,0.5995697019,0.984375,0.06582912907,0,0
0.00625,300.15,0.6106763028,0.984375,0.06238363192,0,0
0.006875,300.15,0.6199748447,0.984375,0.05926782277,0,0
0.0075,300.15,0.6278724447,0.984375,0.05645120067,0,0
0.008125,300.15,0.6346628296,0.984375,0.05390137282,0,0
0.00875,300.15,0.6405631497,0.984375,0.05158758254,0,0
0.009375,300.15,0.645737357,0.984375,0.04948201996,0,0
0.01,300.15,0.6503115281,0.984375,0.04756013239,0,0
0.010625,300.15,0.6543841884,0.984375,0.04580049872,0,0
0.01125,300.15,0.6580334377,0.984375,0.04418453253,0,0
0.011875,300.15,0.661321977,0.984375,0.04269613754,0,0
0.0125,300.15,0.6643007212,0.984375,0.0413213706,0,0
0.013125,300.15,0.6670114419,0.984375,0.04004813538,0,0
0.01375,300.15,0.6694887296,0.984375,0.0388659136,0,0
0.014375,300.15,0.6717614724,0.984375,0.037765534,0,0
0.015,300.15,0.6738539835,0.984375,0.03673897575,0,0
0.015625,300.15,0.6757868722,0.984375,0.03577920214,0,0
0.01625,300.15,0.6775777224,0.984375,0.03488002014,0,0
0.016875,300.15,0.6792416283,0.984375,0.03403596202,0,0
0.0175,300.15,0.6807916195,0.984375,0.03324218534,0,0
0.018125,300.15,0.6822390021,0.984375,0.03249438835,0,0
0.01875,300.15,0.6835936346,0.984375,0.03178873833,0,0
0.019375,300.15,0.6848641524,0.984375,0.03112181067,0,0
0.02,300.15,0.6860581513,0.984375,0.03049053694,0,0
0.020625,300.15,0.6871823398,0.984375,0.02989216052,0,0
0.02125,300.15,0.6882426645,0.984375,0.02932419858,0,0
0.021875,300.15,0.6892444157,0.984375,0.02878440937,0,0
0.0225,300.15,0.6901923151,0.984375,0.02827076401,0,0
0.023125,300.15,0.6910905904,0.984375,0.0277814221,0,0
0.02375,300.15,0.6919430379,0.984375,0.02731471058,0,0
0.024375,300.15,0.6927530768,0.984375,0.02686910527,0,0
0.025,300.15,0.6935237943,0.984375,0.02644321489,0,0
0.025625,300.15,0.6942579849,0.984375,0.02603576694,0,0
0.02625,300.15,0.6949581849,0.984375,0.02564559543,0,0
0.026875,300.15,0.6956267008,0.984375,0.02527163003,0,0
0.0275,300.15,0.6962656352,0.984375,0.02491288652,0,0
0.028125,300.15,0.6968769088,0.984375,0.02456845837,0,0
0.02875,300.15,0.6974622794,0.984375,0.02423750926,0,0
0.029375,300.15,0.6980233591,0.984375,0.02391926645,0,0
0.03,300.15,0.6985616289,0.984375,0.0236130149,0,0
0.030625,300.15,0.6990784518,0.984375,0.02331809199,0,0
0.03125,300.15,0.6995750845,0.984375,0.02303388283,0,0
0.031875,300.15,0.7000526872,0.984375,0.02275981606,0,0
0.0325,300.15,0.700512333,0.984375,0.0224953601,0,0
0.033125,300.15,0.7009550159,0.984375,0.02224001972,0,0
0.03375,300.15,0.7013816576,0.984375,0.02199333305,0,0
0.034375,300.15,0.7017931146,0.984375,0.02175486879,0,0
0.035,300.15,0.7021901831,0.984375,0.02152422373,0,0
0.035625,300.15,0.702573605,0.984375,0.02130102053,0,0
0.03625,300.15,0.7029440716,0.984375,0.02108490569,0,0
0.036875,300.15,0.7033022288,0.984375,0.02087554765,0,0
0.0375,300.15,0.7036486799,0.984375,0.02067263519,0,0
0.038125,300.15,0.7039839895,0.984375,0.02047587585,0,0
0.03875,300.15,0.7043086865,0.984375,0.02028499456,0,0
0.039375,300.15,0.7046232669,0.984375,0.02009973236,0,0
0.04,300.15,0.7049281962,0.984375,0.01991984524,0,0
0.040625,300.15,0.7052239117,0.984375,0.01974510311,0,0
0.04125,300.15,0.7055108248,0.984375,0.01957528877,0,0
0.041875,300.15,0.7057893228,0.984375,0.01941019708,0,0
0.0425,300.15,0.7060597706,0.984375,0.01924963407,0,0
0.043125,300.15,0.706322512,0.984375,0.01909341628,0,0
0.04375,300.15,0.7065778719,0.984375,0.01894136995,0,0
0.044375,300.15,0.7068261571,0.984375,0.01879333049,0,0
0.045,300.15,0.7070676574,0.984375,0.01864914183,0,0
0.045625,300.15,0.7073026473,0.984375,0.01850865587,0,0
0.04625,300.15,0.7075313865,0.984375,0.01837173202,0,0
0.046875,300.15,0.707754121,0.984375,0.0182382367,0,0
0.0475,300.15,0.7079710843,0.984375,0.0181080429,0,0
0.048125,300.15,0.7081824978,0.984375,0.01798102983,0,0
0.04875,300.15,0.7083885718,0.984375,0.01785708247,0,0
0.049375,300.15,0.7085895059,0.984375,0.01773609131,0,0
0.05,300.15,0.7087854901,0.984375,0.01761795197,0,0
0.050625,300.15,0.708976705,0.984375,0.01750256492,1,1
0.05125,300.15,0.7091633227,0.984375,0.0173898352,0,0
0.051875,300.15,0.709345507,0.984375,0.01727967218,1,1
0.0525,300.15,0.709523414,0.984375,0.01717198927,0,0
0.053125,300.15,0.7096971925,0.984375,0.01706670376,1,1
0.05375,300.15,0.7098669847,0.984375,0.01696373656,0,0
0.054375,300.15,0.7100329261,0.984375,0.016863012,1,1
0.055,300.15,0.7101951462,0.984375,0.01676445768,0,0
0.055625,300.15,0.7103537689,0.984375,0.01666800429,0,0
0.05625,300.15,0.7105089124,0.984375,0.01657358542,1,1
0.056875,300.15,0.7106606901,0.984375,0.01648113743,0,0
0.0575,300.15,0.7108092102,0.984375,0.0163905993,1,1
0.058125,300.15,0.7109545765,0.984375,0.01630191252,0,0
0.05875,300.15,0.7110968884,0.984375,0.01621502093,0,0
0.059375,300.15,0.7112362412,0.984375,0.01612987061,1,1
0.06,300.15,0.7113727262,0.984375,0.01604640979,0,0
0.060625,300.15,0.711506431,0.984375,0.01596458872,1,1
0.06125,300.15,0.7116374398,0.984375,0.01588435958,1,1
0.061875,300.15,0.7117658332,0.984375,0.01580567641,0,0
0.0625,300.15,0.7118916888,0.984375,0.01572849497,1,1
0.063125,300.15,0.712015081,0.984375,0.01565277272,1,1
0.06375,300.15,0.7121360816,0.984375,0.0155784687,1,1
0.064375,300.15,0.7122547594,0.984375,0.01550554346,1,1
0.065,300.15,0.7123711806,0.984375,0.015433959,1,1
0.065625,300.15,0.7124854089,0.984375,0.01536367871,1,1
0.06625,300.15,0.7125975059,0.984375,0.0152946673,1,1
0.066875,300.15,0.7127075304,0.984375,0.01522689073,1,1
0.0675,300.15,0.7128155396,0.984375,0.01516031618,1,1
0.068125,300.15,0.7129215882,0.984375,0.01509491198,1,1
0.06875,300.15,0.7130257292,0.984375,0.01503064755,1,1
0.069375,300.15,0.7131280136,0.984375,0.01496749337,1,1
0.07,300.15,0.7132284906,0.984375,0.01490542094,1,1
0.070625,300.15,0.7133272076,0.984375,0.01484440271,1,1
0.07125,300.15,0.7134242106,0.984375,0.01478441208,1,1
0.071875,300.15,0.7135195437,0.984375,0.01472542332,1,1
0.0725,300.15,0.7136132497,0.984375,0.01466741155,1,1
0.073125,300.15,0.71370537,0.984375,0.01461035271,1,1
0.07375,300.15,0.7137959443,0.984375,0.01455422353,1,1
0.074375,300.15,0.7138850115,0.984375,0.01449900148,1,1
0.075,300.15,0.7139726086,0.984375,0.01444466476,1,1
0.075625,300.15,0.7140587719,0.984375,0.01439119227,1,1
0.07625,300.15,0.7141435362,0.984375,0.01433856355,1,1
0.076875,300.15,0.7142269353,0.984375,0.0142867588,1,1
0.0775,300.15,0.7143090021,0.984375,0.01423575883,1,1
0.078125,300.15,0.714389768,0.984375,0.01418554504,1,1
0.07875,300.15,0.7144692639,0.984375,0.0141360994,1,1
0.079375,300.15,0.7145475194,0.984375,0.01408740443,1,1
0.08,300.15,0.7146245633,0.984375,0.01403944317,1,1
0.005,300.65,0.5837487154,0.98046875,0.0704629852,0,0
0.005625,300.65,0.597190457,0.98046875,0.06674243124,0,0
0.00625,300.65,0.6082529842,0.98046875,0.06336215247,0,0
0.006875,300.65,0.6175146271,0.98046875,0.0603035932,0,0
0.0075,300.65,0.6253808874,0.98046875,0.05753756265,0,0
0.008125,300.65,0.6321443263,0.98046875,0.05503272459,0,0
0.00875,300.65,0.6380212324,0.98046875,0.05275917731,0,0
0.009375,300.65,0.6431749071,0.98046875,0.05068980687,0,0
0.01,300.65,0.6477309268,0.98046875,0.04880063084,0,0
0.010625,300.65,0.6517874257,0.98046875,0.04707069869,0,0
0.01125,300.65,0.6554221939,0.98046875,0.04548181518,0,0
0.011875,300.65,0.6586976834,0.98046875,0.04401821137,0,0
0.0125,300.65,0.6616646073,0.98046875,0.04266621992,0,0
0.013125,300.65,0.6643645711,0.98046875,0.04141397828,0,0
0.01375,300.65,0.6668320283,0.98046875,0.04025116758,0,0
0.014375,300.65,0.6690957523,0.98046875,0.03916878758,0,0
0.015,300.65,0.6711799598,0.98046875,0.03815896491,0,0
0.015625,300.65,0.6731051783,0.98046875,0.0372147906,0,0
0.01625,300.65,0.6748889219,0.98046875,0.03633018288,0,0
0.016875,300.65,0.676546225,0.98046875,0.03549977128,0,0
0.0175,300.65,0.6780900654,0.98046875,0.03471879877,0,0
0.018125,300.65,0.6795317044,0.98046875,0.03398303889,0,0
0.01875,300.65,0.6808809614,0.98046875,0.03328872557,0,0
0.019375,300.65,0.6821464375,0.98046875,0.03263249335,0,0
0.02,300.65,0.6833356983,0.98046875,0.0320113265,0,0
0.020625,300.65,0.6844554257,0.98046875,0.03142251553,0,0
0.02125,300.65,0.6855115428,0.98046875,0.03086361984,0,0
0.021875,300.65,0.6865093188,0.98046875,0.03033243563,0,0
0.0225,300.65,0.6874534567,0.98046875,0.02982696826,0,0
0.023125,300.65,0.6883481674,0.98046875,0.02934540827,0,0
0.02375,300.65,0.6891972322,0.98046875,0.02888611059,0,0
0.024375,300.65,0.6900040567,0.98046875,0.02844757653,0,0
0.025,300.65,0.6907717157,0.98046875,0.02802843793,0,0
0.025625,300.65,0.6915029929,0.98046875,0.02762744343,0,0
0.02625,300.65,0.6922004143,0.98046875,0.02724344635,0,0
0.026875,300.65,0.6928662774,0.98046875,0.02687539403,0,0
0.0275,300.65,0.6935026764,0.98046875,0.02652231847,0,0
0.028125,300.65,0.6941115242,0.98046875,0.02618332805,0,0
0.02875,300.65,0.6946945719,0.98046875,0.02585760018,0,0
0.029375,300.65,0.6952534251,0.98046875,0.02554437476,0,0
0.03,300.65,0.6957895589,0.98046875,0.02524294846,0,0
0.030625,300.65,0.696304331,0.98046875,0.02495266945,0,0
0.03125,300.65,0.6967989929,0.98046875,0.02467293288,0,0
0.031875,300.65,0.6972747003,0.98046875,0.02440317668,0,0
0.0325,300.65,0.6977325222,0.98046875,0.0241428779,0,0
0.033125,300.65,0.6981734483,0.98046875,0.02389154936,0,0
0.03375,300.65,0.6985983971,0.98046875,0.02364873665,0,0
0.034375,300.65,0.6990082213,0.98046875,0.02341401547,0,0
0.035,300.65,0.6994037141,0.98046875,0.02318698911,0,0
0.035625,300.65,0.6997856145,0.98046875,0.02296728634,0,0
0.03625,300.65,0.700154611,0.98046875,0.02275455933,0,0
0.036875,300.65,0.7005113469,0.98046875,0.02254848189,0,0
0.0375,300.65,0.7008564232,0.98046875,0.02234874779,0,0
0.038125,300.65,0.7011904022,0.98046875,0.02215506928,0,0
0.03875,300.65,0.7015138108,0.98046875,0.0219671757,0,0
0.039375,300.65,0.7018271428,0.98046875,0.02178481226,0,0
0.04,300.65,0.702130862,0.98046875,0.02160773885,0,0
0.040625,300.65,0.7024254041,0.98046875,0.02143572906,0,0
0.04125,300.65,0.7027111787,0.98046875,0.02126856918,0,0
0.041875,300.65,0.7029885716,0.98046875,0.02110605734,0,0
0.0425,300.65,0.7032579461,0.98046875,0.02094800268,0,0
0.043125,300.65,0.7035196449,0.98046875,0.02079422465,0,0
0.04375,300.65,0.7037739915,0.98046875,0.02064455229,0,0
0.044375,300.65,0.7040212914,0.98046875,0.02049882362,0,0
0.045,300.65,0.7042618334,0.98046875,0.02035688505,0,0
0.045625,300.65,0.7044958908,0.98046875,0.02021859086,0,0
0.04625,300.65,0.7047237222,0.98046875,0.02008380268,0,0
0.046875,300.65,0.7049455729,0.98046875,0.01995238906,0,0
0.0475,300.65,0.7051616753,0.98046875,0.01982422501,0,0
0.048125,300.65,0.7053722498,0.98046875,0.01969919165,0,0
0.04875,300.65,0.705577506,0.98046875,0.01957717581,0,0
0.049375,300.65,0.7057776427,0.98046875,0.01945806969,0,0
0.05,300.65,0.7059728492,0.98046875,0.01934177059,0,0
0.050625,300.65,0.7061633054,0.98046875,0.01922818054,1,1
0.05125,300.65,0.7063491826,0.98046875,0.0191172061,0,0
0.051875,300.65,0.7065306439,0.98046875,0.01900875806,1,1
0.0525,300.65,0.7067078449,0.98046875,0.01890275123,0,0
0.053125,300.65,0.7068809338,0.98046875,0.01879910417,1,1
0.05375,300.65,0.7070500522,0.98046875,0.01869773906,0,0
0.054375,300.65,0.7072153351,0.98046875,0.01859858143,0,0
0.055,300.65,0.7073769115,0.98046875,0.01850156003,1,1
0.055625,300.65,0.7075349047,0.98046875,0.01840660663,0,0
0.05625,300.65,0.7076894326,0.98046875,0.01831365588,1,1
0.056875,300.65,0.707840608,0.98046875,0.01822264514,0,0
0.0575,300.65,0.7079885387,0.98046875,0.01813351436,1,1
0.058125,300.65,0.7081333282,0.98046875,0.01804620594,1,1
0.05875,300.65,0.7082750754,0.98046875,0.01796066461,0,0
0.059375,300.65,0.7084138752,0.98046875,0.01787683731,1,1
0.06,300.65,0.7085498186,0.98046875,0.01779467307,0,0
0.060625,300.65,0.7086829928,0.98046875,0.01771412294,0,0
0.06125,300.65,0.7088134817,0.98046875,0.01763513985,1,1
0.061875,300.65,0.7089413656,0.98046875,0.01755767856,0,0
0.0625,300.65,0.7090667217,0.98046875,0.01748169553,1,1
0.063125,300.65,0.7091896244,0.98046875,0.01740714888,1,1
0.06375,300.65,0.7093101448,0.98046875,0.0173339983,1,1
0.064375,300.65,0.7094283516,0.98046875,0.01726220496,1,1
0.065,300.65,0.7095443108,0.98046875,0.01719173146,1,1
0.065625,300.65,0.7096580859,0.98046875,0.01712254178,1,1
0.06625,300.65,0.709769738,0.98046875,0.01705460115,1,1
0.066875,300.65,0.7098793259,0.98046875,0.0169878761,1,1
0.0675,300.65,0.7099869065,0.98046875,0.0169223343,1,1
0.068125,300.65,0.7100925343,0.98046875,0.01685794459,1,1
0.06875,300.65,0.7101962621,0.98046875,0.01679467686,1,1
0.069375,300.65,0.7102981405,0.98046875,0.01673250208,1,1
0.07,300.65,0.7103982188,0.98046875,0.01667139216,1,1
0.070625,300.65,0.7104965441,0.98046875,0.01661132001,1,1
0.07125,300.65,0.7105931621,0.98046875,0.01655225944,1,1
0.071875,300.65,0.7106881169,0.98046875,0.01649418511,1,1
0.0725,300.65,0.7107814511,0.98046875,0.01643707255,1,1
0.073125,300.65,0.7108732058,0.98046875,0.01638089807,1,1
0.07375,300.65,0.7109634208,0.98046875,0.01632563876,1,1
0.074375,300.65,0.7110521344,0.98046875,0.01627127245,1,1
0.075,300.65,0.711139384,0.98046875,0.01621777767,1,1
0.075625,300.65,0.7112252053,0.98046875,0.01616513366,1,1
0.07625,300.65,0.7113096333,0.98046875,0.01611332028,1,1
0.076875,300.65,0.7113927015,0.98046875,0.01606231805,1,1
0.0775,300.65,0.7114744425,0.98046875,0.01601210806,1,1
0.078125,300.65,0.711554888,0.98046875,0.01596267201,1,1
0.07875,300.65,0.7116340684,0.98046875,0.01591399216,1,1
0.079375,300.65,0.7117120133,0.98046875,0.01586605129,1,1
0.08,300.65,0.7117887516,0.98046875,0.01581883271,1,1
0.005,301.15,0.5814230233,0.9765625,0.07128965956,0,0
0.005625,301.15,0.5948112122,0.9765625,0.06764322426,0,0
0.00625,301.15,0.6058296655,0.9765625,0.06432756271,0,0
0.006875,301.15,0.6150544095,0.9765625,0.06132572585,0,0
0.0075,301.15,0.6228893301,0.9765625,0.05860982064,0,0
0.008125,301.15,0.629625823,0.9765625,0.05614955752,0,0
0.00875,301.15,0.6354793151,0.9765625,0.05391588188,0,0
0.009375,301.15,0.6406124573,0.9765625,0.05188236928,0,0
0.01,301.15,0.6451503255,0.9765625,0.0500256023,0,0
0.010625,301.15,0.6491906631,0.9765625,0.04832509676,0,0
0.01125,301.15,0.6528109501,0.9765625,0.046763045,0,0
0.011875,301.15,0.6560733899,0.9765625,0.04532400244,0,0
0.0125,301.15,0.6590284933,0.9765625,0.04399457503,0,0
0.013125,301.15,0.6617177003,0.9765625,0.04276313189,0,0
0.01375,301.15,0.664175327,0.9765625,0.04161955173,0,0
0.014375,301.15,0.6664300321,0.9765625,0.04055500378,0,0
0.015,301.15,0.668505936,0.9765625,0.03956176076,0,0
0.015625,301.15,0.6704234843,0.9765625,0.03863304031,0,0
0.01625,301.15,0.6722001215,0.9765625,0.03776287087,0,0
0.016875,301.15,0.6738508218,0.9765625,0.03694597836,0,0
0.0175,301.15,0.6753885114,0.9765625,0.03617769037,0,0
0.018125,301.15,0.6768244068,0.9765625,0.03545385507,0,0
0.01875,301.15,0.6781682883,0.9765625,0.03477077237,0,0
0.019375,301.15,0.6794287226,0.9765625,0.03412513545,0,0
0.02,301.15,0.6806132453,0.9765625,0.03351398081,0,0
0.020625,301.15,0.6817285117,0.9765625,0.03293464564,0,0
0.02125,301.15,0.6827804212,0.9765625,0.03238473118,0,0
0.021875,301.15,0.683774222,0.9765625,0.03186207125,0,0
0.0225,301.15,0.6847145983,0.9765625,0.03136470512,0,0
0.023125,301.15,0.6856057444,0.9765625,0.03089085396,0,0
0.02375,301.15,0.6864514265,0.9765625,0.03043890048,0,0
0.024375,301.15,0.6872550365,0.9765625,0.0300073712,0,0
0.025,301.15,0.6880196372,0.9765625,0.0295949209,0,0
0.025625,301.15,0.6887480009,0.9765625,0.02920031916,0,0
0.02625,301.15,0.6894426438,0.9765625,0.02882243841,0,0
0.026875,301.15,0.690105854,0.9765625,0.02846024351,0,0
0.0275,301.15,0.6907397175,0.9765625,0.02811278253,0,0
0.028125,301.15,0.6913461397,0.9765625,0.02777917862,0,0
0.02875,301.15,0.6919268645,0.9765625,0.02745862279,0,0
0.029375,301.15,0.6924834912,0.9765625,0.02715036748,0,0
0.03,301.15,0.693017489,0.9765625,0.02685372092,0,0
0.030625,301.15,0.6935302101,0.9765625,0.02656804202,0,0
0.03125,301.15,0.6940229013,0.9765625,0.02629273585,0,0
0.031875,301.15,0.6944967135,0.9765625,0.02602724955,0,0
0.0325,301.15,0.6949527113,0.9765625,0.02577106872,0,0
0.033125,301.15,0.6953918808,0.9765625,0.02552371414,0,0
0.03375,301.15,0.6958151365,0.9765625,0.02528473882,0,0
0.034375,301.15,0.6962233279,0.9765625,0.02505372535,0,0
0.035,301.15,0.6966172452,0.9765625,0.02483028351,0,0
0.035625,301.15,0.696997624,0.9765625,0.02461404808,0,0
0.03625,301.15,0.6973651504,0.9765625,0.02440467689,0,0
0.036875,301.15,0.6977204651,0.9765625,0.02420184904,0,0
0.0375,301.15,0.6980641665,0.9765625,0.02400526325,0,0
0.038125,301.15,0.698396815,0.9765625,0.02381463644,0,0
0.03875,301.15,0.698718935,0.9765625,0.02362970231,0,0
0.039375,301.15,0.6990310187,0.9765625,0.02345021019,0,0
0.04,301.15,0.6993335279,0.9765625,0.02327592387,0,0
0.040625,301.15,0.6996268965,0.9765625,0.02310662056,0,0
0.04125,301.15,0.6999115326,0.9765625,0.02294209002,0,0
0.041875,301.15,0.7001878203,0.9765625,0.0227821336,0,0
0.0425,301.15,0.7004561216,0.9765625,0.02262656354,0,0
0.043125,301.15,0.7007167778,0.9765625,0.02247520218,0,0
0.04375,301.15,0.700970111,0.9765625,0.0223278813,0,0
0.044375,301.15,0.7012164257,0.9765625,0.02218444152,0,0
0.045,301.15,0.7014560094,0.9765625,0.02204473174,0,0
0.045625,301.15,0.7016891342,0.9765625,0.02190860854,0,0
0.04625,301.15,0.701916058,0.9765625,0.02177593579,0,0
0.046875,301.15,0.7021370248,0.9765625,0.02164658413,0,0
0.0475,301.15,0.7023522662,0.9765625,0.02152043059,0,0
0.048125,301.15,0.7025620018,0.9765625,0.02139735818,0,0
0.04875,301.15,0.7027664402,0.9765625,0.02127725553,0,0
0.049375,301.15,0.7029657796,0.9765625,0.02116001659,0,0
0.05,301.15,0.7031602084,0.9765625,0.02104554027,0,0
0.050625,301.15,0.7033499058,0.9765625,0.02093373018,1,1
0.05125,301.15,0.7035350424,0.9765625,0.02082449436,0,0
0.051875,301.15,0.7037157808,0.9765625,0.02071774504,1,1
0.0525,301.15,0.7038922758,0.9765625,0.02061339837,1,1
0.053125,301.15,0.7040646751,0.9765625,0.02051137422,0,0
0.05375,301.15,0.7042331197,0.9765625,0.020411596,1,1
0.054375,301.15,0.7043977441,0.9765625,0.02031399043,0,0
0.055,301.15,0.7045586768,0.9765625,0.0202184874,1,1
0.055625,301.15,0.7047160406,0.9765625,0.02012501975,0,0
0.05625,301.15,0.7048699528,0.9765625,0.02003352317,1,1
0.056875,301.15,0.7050205259,0.9765625,0.01994393603,0,0
0.0575,301.15,0.7051678673,0.9765625,0.01985619923,0,0
0.058125,301.15,0.7053120799,0.9765625,0.01977025608,1,1
0.05875,301.15,0.7054532623,0.9765625,0.01968605219,0,0
0.059375,301.15,0.7055915091,0.9765625,0.01960353534,1,1
0.06,301.15,0.7057269109,0.9765625,0.01952265537,1,1
0.060625,301.15,0.7058595546,0.9765625,0.01944336411,0,0
0.06125,301.15,0.7059895236,0.9765625,0.01936561523,1,1
0.061875,301.15,0.706116898,0.9765625,0.0192893642,0,0
0.0625,301.15,0.7062417547,0.9765625,0.01921456819,1,1
0.063125,301.15,0.7063641677,0.9765625,0.01914118597,1,1
0.06375,301.15,0.706484208,0.9765625,0.01906917787,1,1
0.064375,301.15,0.7066019438,0.9765625,0.01899850567,1,1
0.065,301.15,0.7067174411,0.9765625,0.01892913258,1,1
0.065625,301.15,0.7068307628,0.9765625,0.01886102312,1,1
0.06625,301.15,0.7069419701,0.9765625,0.01879414311,1,1
0.066875,301.15,0.7070511215,0.9765625,0.01872845957,1,1
0.0675,301.15,0.7071582734,0.9765625,0.01866394071,1,1
0.068125,301.15,0.7072634804,0.9765625,0.01860055584,1,1
0.06875,301.15,0.7073667949,0.9765625,0.01853827534,1,1
0.069375,301.15,0.7074682675,0.9765625,0.01847707063,1,1
0.07,301.15,0.707567947,0.9765625,0.01841691408,1,1
0.070625,301.15,0.7076658806,0.9765625,0.01835777901,1,1
0.07125,301.15,0.7077621136,0.9765625,0.01829963964,1,1
0.071875,301.15,0.7078566902,0.9765625,0.01824247105,1,1
0.0725,301.15,0.7079496525,0.9765625,0.01818624914,1,1
0.073125,301.15,0.7080410416,0.9765625,0.0181309506,1,1
0.07375,301.15,0.7081308972,0.9765625,0.01807655289,1,1
0.074375,301.15,0.7082192574,0.9765625,0.01802303417,1,1
0.075,301.15,0.7083061593,0.9765625,0.01797037333,1,1
0.075625,301.15,0.7083916388,0.9765625,0.01791854992,1,1
0.07625,301.15,0.7084757303,0.9765625,0.01786754413,1,1
0.076875,301.15,0.7085584676,0.9765625,0.01781733677,1,1
0.0775,301.15,0.708639883,0.9765625,0.01776790924,1,1
0.078125,301.15,0.7087200079,0.9765625,0.01771924354,1,1
0.07875,301.15,0.7087988729,0.9765625,0.01767132218,1,1
0.079375,301.15,0.7088765073,0.9765625,0.01762412823,1,1
0.08,301.15,0.7089529398,0.9765625,0.01757764527,1,1
0.005,301.65,0.5790973312,0.97265625,0.07210456257,0,0
0.005625,301.65,0.5924319673,0.97265625,0.06853155885,0,0
0.00625,301.65,0.6034063468,0.97265625,0.06527991659,0,0
0.006875,301.65,0.6125941918,0.97265625,0.06233427759,0,0
0.0075,301.65,0.6203977728,0.97265625,0.05966803413,0,0
0.008125,301.65,0.6271073197,0.97265625,0.05725193348,0,0
0.00875,301.65,0.6329373979,0.97265625,0.05505776024,0,0
0.009375,301.65,0.6380500075,0.97265625,0.05305977312,0,0
0.01,301.65,0.6425697242,0.97265625,0.05123511454,0,0
0.010625,301.65,0.6465939004,0.97265625,0.04956376234,0,0
0.01125,301.65,0.6501997063,0.97265625,0.0480282929,0,0
0.011875,301.65,0.6534490963,0.97265625,0.04661358306,0,0
0.0125,301.65,0.6563923793,0.97265625,0.04530650954,0,0
0.013125,301.65,0.6590708295,0.97265625,0.04409567102,0,0
0.01375,301.65,0.6615186257,0.97265625,0.04297114199,0,0
0.014375,301.65,0.663764312,0.97265625,0.04192425957,0,0
0.015,301.65,0.6658319123,0.97265625,0.04094744126,0,0
0.015625,301.65,0.6677417904,0.97265625,0.04003403014,0,0
0.01625,301.65,0.669511321,0.97265625,0.03917816386,0,0
0.016875,301.65,0.6711554185,0.97265625,0.03837466382,0,0
0.0175,301.65,0.6726869573,0.97265625,0.03761894147,0,0
0.018125,301.65,0.6741171092,0.97265625,0.0369069189,0,0
0.01875,301.65,0.6754556151,0.97265625,0.03623496144,0,0
0.019375,301.65,0.6767110077,0.97265625,0.03559982034,0,0
0.02,301.65,0.6778907923,0.97265625,0.03499858386,0,0
0.020625,301.65,0.6790015976,0.97265625,0.03442863543,0,0
0.02125,301.65,0.6800492995,0.97265625,0.03388761773,0,0
0.021875,301.65,0.6810391251,0.97265625,0.03337340188,0,0
0.0225,301.65,0.6819757399,0.97265625,0.03288406072,0,0
0.023125,301.65,0.6828633214,0.97265625,0.0324178458,0,0
0.02375,301.65,0.6837056208,0.97265625,0.03197316734,0,0
0.024375,301.65,0.6845060164,0.97265625,0.03154857681,0,0
0.025,301.65,0.6852675586,0.97265625,0.03114275175,0,0
0.025625,301.65,0.6859930089,0.97265625,0.03075448246,0,0
0.02625,301.65,0.6866848732,0.97265625,0.03038266032,0,0
0.026875,301.65,0.6873454306,0.97265625,0.03002626756,0,0
0.0275,301.65,0.6879767586,0.97265625,0.02968436815,0,0
0.028125,301.65,0.6885807551,0.97265625,0.02935609987,0,0
0.02875,301.65,0.689159157,0.97265625,0.02904066721,0,0
0.029375,301.65,0.6897135572,0.97265625,0.02873733503,0,0
0.03,301.65,0.690245419,0.97265625,0.02844542303,0,0
0.030625,301.65,0.6907560893,0.97265625,0.02816430075,0,0
0.03125,301.65,0.6912468097,0.97265625,0.02789338306,0,0
0.031875,301.65,0.6917187266,0.97265625,0.02763212626,0,0
0.0325,301.65,0.6921729005,0.97265625,0.0273800244,0,0
0.033125,301.65,0.6926103133,0.97265625,0.02713660616,0,0
0.03375,301.65,0.693031876,0.97265625,0.02690143189,0,0
0.034375,301.65,0.6934384346,0.97265625,0.02667409103,0,0
0.035,301.65,0.6938307762,0.97265625,0.02645419975,0,0
0.035625,301.65,0.6942096335,0.97265625,0.02624139881,0,0
0.03625,301.65,0.6945756898,0.97265625,0.02603535163,0,0
0.036875,301.65,0.6949295832,0.97265625,0.02583574256,0,0
0.0375,301.65,0.6952719099,0.97265625,0.02564227524,0,0
0.038125,301.65,0.6956032277,0.97265625,0.02545467118,0,0
0.03875,301.65,0.6959240593,0.97265625,0.02527266844,0,0
0.039375,301.65,0.6962348947,0.97265625,0.02509602041,0,0
0.04,301.65,0.6965361938,0.97265625,0.02492449473,0,0
0.040625,301.65,0.6968283889,0.97265625,0.02475787223,0,0
0.04125,301.65,0.6971118865,0.97265625,0.02459594605,0,0
0.041875,301.65,0.697387069,0.97265625,0.02443852081,0,0
0.0425,301.65,0.6976542971,0.97265625,0.02428541175,0,0
0.043125,301.65,0.6979139107,0.97265625,0.02413644411,0,0
0.04375,301.65,0.6981662306,0.97265625,0.02399145238,0,0
0.044375,301.65,0.69841156,0.97265625,0.02385027976,0,0
0.045,301.65,0.6986501853,0.97265625,0.02371277757,0,0
0.045625,301.65,0.6988823777,0.97265625,0.02357880474,0,0
0.04625,301.65,0.6991083938,0.97265625,0.02344822732,0,0
0.046875,301.65,0.6993284767,0.97265625,0.02332091804,0,0
0.0475,301.65,0.6995428571,0.97265625,0.02319675589,0,0
0.048125,301.65,0.6997517538,0.97265625,0.02307562579,0,0
0.04875,301.65,0.6999553745,0.97265625,0.02295741815,0,0
0.049375,301.65,0.7001539165,0.97265625,0.02284202862,0,0
0.05,301.65,0.7003475676,0.97265625,0.02272935775,0,0
0.050625,301.65,0.7005365061,0.97265625,0.02261931069,0,0
0.05125,301.65,0.7007209022,0.97265625,0.02251179697,1,1
0.051875,301.65,0.7009009176,0.97265625,0.0224067302,0,0
0.0525,301.65,0.7010767067,0.97265625,0.02230402789,1,1
0.053125,301.65,0.7012484164,0.97265625,0.02220361121,0,0
0.05375,301.65,0.7014161873,0.97265625,0.02210540478,1,1
0.054375,301.65,0.7015801532,0.97265625,0.0220093365,0,0
0.055,301.65,0.7017404421,0.97265625,0.02191533738,1,1
0.055625,301.65,0.7018971764,0.97265625,0.02182334134,0,0
0.05625,301.65,0.702050473,0.97265625,0.0217332851,0,0
0.056875,301.65,0.7022004438,0.97265625,0.02164510801,1,1
0.0575,301.65,0.7023471958,0.97265625,0.02155875191,0,0
0.058125,301.65,0.7024908315,0.97265625,0.02147416103,1,1
0.05875,301.65,0.7026314493,0.97265625,0.02139128184,0,0
0.059375,301.65,0.7027691431,0.97265625,0.02131006296,0,0
0.06,301.65,0.7029040033,0.97265625,0.02123045503,1,1
0.060625,301.65,0.7030361164,0.97265625,0.02115241064,0,0
0.06125,301.65,0.7031655655,0.97265625,0.02107588421,0,0
0.061875,301.65,0.7032924304,0.97265625,0.02100083192,1,1
0.0625,301.65,0.7034167877,0.97265625,0.02092721162,1,1
0.063125,301.65,0.703538711,0.97265625,0.02085498273,1,1
0.06375,301.65,0.7036582711,0.97265625,0.02078410623,1,1
0.064375,301.65,0.7037755361,0.97265625,0.0207145445,1,1
0.065,301.65,0.7038905713,0.97265625,0.02064626132,1,1
0.065625,301.65,0.7040034398,0.97265625,0.0205792218,1,1
0.06625,301.65,0.7041142022,0.97265625,0.02051339228,1,1
0.066875,301.65,0.704222917,0.97265625,0.02044874033,1,1
0.0675,301.65,0.7043296403,0.97265625,0.02038523465,1,1
0.068125,301.65,0.7044344265,0.97265625,0.02032284504,1,1
0.06875,301.65,0.7045373277,0.97265625,0.02026154236,1,1
0.069375,301.65,0.7046383944,0.97265625,0.02020129847,1,1
0.07,301.65,0.7047376752,0.97265625,0.02014208619,1,1
0.070625,301.65,0.704835217,0.97265625,0.02008387927,1,1
0.07125,301.65,0.7049310652,0.97265625,0.02002665232,1,1
0.071875,301.65,0.7050252634,0.97265625,0.01997038083,1,1
0.0725,301.65,0.7051178539,0.97265625,0.01991504108,1,1
0.073125,301.65,0.7052088775,0.97265625,0.01986061013,1,1
0.07375,301.65,0.7052983736,0.97265625,0.01980706579,1,1
0.074375,301.65,0.7053863804,0.97265625,0.01975438659,1,1
0.075,301.65,0.7054729347,0.97265625,0.01970255173,1,1
0.075625,301.65,0.7055580722,0.97265625,0.01965154108,1,1
0.07625,301.65,0.7056418274,0.97265625,0.01960133517,1,1
0.076875,301.65,0.7057242337,0.97265625,0.0195519151,1,1
0.0775,301.65,0.7058053235,0.97265625,0.01950326257,1,1
0.078125,301.65,0.7058851279,0.97265625,0.01945535985,1,1
0.07875,301.65,0.7059636774,0.97265625,0.01940818975,1,1
0.079375,301.65,0.7060410013,0.97265625,0.0193617356,1,1
0.08,301.65,0.7061171281,0.97265625,0.01931598123,1,1
0.005,302.15,0.5767716391,0.96875,0.07290774107,0,0
0.005625,302.15,0.5900527225,0.96875,0.06940748545,0,0
0.00625,302.15,0.6009830282,0.96875,0.06621926777,0,0
0.006875,302.15,0.6101339742,0.96875,0.06332930495,0,0
0.0075,302.15,0.6179062154,0.96875,0.06071226223,0,0
0.008125,302.15,0.6245888164,0.96875,0.05833991393,0,0
0.00875,302.15,0.6303954806,0.96875,0.05618487602,0,0
0.009375,302.15,0.6354875576,0.96875,0.05422208397,0,0
0.01,302.15,0.6399891229,0.96875,0.05242923489,0,0
0.010625,302.15,0.6439971378,0.96875,0.05078676439,0,0
0.01125,302.15,0.6475884625,0.96875,0.04927762937,0,0
0.011875,302.15,0.6508248027,0.96875,0.04788702511,0,0
0.0125,302.15,0.6537562653,0.96875,0.04660209662,0,0
0.013125,302.15,0.6564239587,0.96875,0.04541167004,0,0
0.01375,302.15,0.6588619244,0.96875,0.04430601382,0,0
0.014375,302.15,0.6610985919,0.96875,0.04327663147,0,0
0.015,302.15,0.6631578886,0.96875,0.0423160839,0,0
0.015625,302.15,0.6650600964,0.96875,0.04141783849,0,0
0.01625,302.15,0.6668225205,0.96875,0.04057614108,0,0
0.016875,302.15,0.6684600152,0.96875,0.0397859077,0,0
0.0175,302.15,0.6699854033,0.96875,0.03904263287,0,0
0.018125,302.15,0.6714098115,0.96875,0.03834231192,0,0
0.01875,302.15,0.672742942,0.96875,0.037681375,0,0
0.019375,302.15,0.6739932928,0.96875,0.03705663088,0,0
0.02,302.15,0.6751683394,0.96875,0.03646521911,0,0
0.020625,302.15,0.6762746836,0.96875,0.03590456891,0,0
0.02125,302.15,0.6773181778,0.96875,0.03537236407,0,0
0.021875,302.15,0.6783040282,0.96875,0.03486651262,0,0
0.0225,302.15,0.6792368816,0.96875,0.03438512068,0,0
0.023125,302.15,0.6801208984,0.96875,0.03392646988,0,0
0.02375,302.15,0.6809598151,0.96875,0.03348899768,0,0
0.024375,302.15,0.6817569963,0.96875,0.03307128032,0,0
0.025,302.15,0.6825154801,0.96875,0.03267201786,0,0
0.025625,302.15,0.6832380169,0.96875,0.03229002112,0,0
0.02625,302.15,0.6839271026,0.96875,0.03192420027,0,0
0.026875,302.15,0.6845850071,0.96875,0.03157355471,0,0
0.0275,302.15,0.6852137998,0.96875,0.03123716421,0,0
0.028125,302.15,0.6858153706,0.96875,0.03091418102,0,0
0.02875,302.15,0.6863914496,0.96875,0.03060382298,0,0
0.029375,302.15,0.6869436232,0.96875,0.03030536727,0,0
0.03,302.15,0.6874733491,0.96875,0.03001814495,0,0
0.030625,302.15,0.6879819685,0.96875,0.02974153607,0,0
0.03125,302.15,0.6884707181,0.96875,0.02947496525,0,0
0.031875,302.15,0.6889407398,0.96875,0.0292178978,0,0
0.0325,302.15,0.6893930896,0.96875,0.02896983621,0,0
0.033125,302.15,0.6898287458,0.96875,0.02873031694,0,0
0.03375,302.15,0.6902486154,0.96875,0.02849890763,0,0
0.034375,302.15,0.6906535413,0.96875,0.0282752045,0,0
0.035,302.15,0.6910443072,0.96875,0.02805883005,0,0
0.035625,302.15,0.691421643,0.96875,0.02784943097,0,0
0.03625,302.15,0.6917862292,0.96875,0.02764667622,0,0
0.036875,302.15,0.6921387014,0.96875,0.02745025533,0,0
0.0375,302.15,0.6924796532,0.96875,0.02725987682,0,0
0.038125,302.15,0.6928096404,0.96875,0.02707526678,0,0
0.03875,302.15,0.6931291835,0.96875,0.02689616755,0,0
0.039375,302.15,0.6934387706,0.96875,0.02672233656,0,0
0.04,302.15,0.6937388597,0.96875,0.02655354525,0,0
0.040625,302.15,0.6940298813,0.96875,0.02638957804,0,0
0.04125,302.15,0.6943122403,0.96875,0.02623023146,0,0
0.041875,302.15,0.6945863177,0.96875,0.02607531329,0,0
0.0425,302.15,0.6948524726,0.96875,0.02592464181,0,0
0.043125,302.15,0.6951110436,0.96875,0.02577804509,0,0
0.04375,302.15,0.6953623502,0.96875,0.02563536032,0,0
0.044375,302.15,0.6956066943,0.96875,0.02549643327,0,0
0.045,302.15,0.6958443613,0.96875,0.02536111766,0,0
0.045625,302.15,0.6960756212,0.96875,0.02522927471,0,0
0.04625,302.15,0.6963007295,0.96875,0.02510077265,0,0
0.046875,302.15,0.6965199286,0.96875,0.02497548628,0,0
0.0475,302.15,0.6967334481,0.96875,0.02485329655,0,0
0.048125,302.15,0.6969415058,0.96875,0.02473409024,0,0
0.04875,302.15,0.6971443087,0.96875,0.02461775955,0,0
0.049375,302.15,0.6973420534,0.96875,0.0245042018,0,0
0.05,302.15,0.6975349267,0.96875,0.02439331916,0,0
0.050625,302.15,0.6977231065,0.96875,0.02428501832,0,0
0.05125,302.15,0.6979067621,0.96875,0.02417921026,1,1
0.051875,302.15,0.6980860545,0.96875,0.02407581,0,0
0.0525,302.15,0.6982611376,0.96875,0.02397473637,1,1
0.053125,302.15,0.6984321577,0.96875,0.02387591182,0,0
0.05375,302.15,0.6985992548,0.96875,0.02377926218,1,1
0.054375,302.15,0.6987625622,0.96875,0.02368471653,0,0
0.055,302.15,0.6989222074,0.96875,0.02359220696,1,1
0.055625,302.15,0.6990783122,0.96875,0.02350166849,1,1
0.05625,302.15,0.6992309932,0.96875,0.02341303884,0,0
0.056875,302.15,0.6993803617,0.96875,0.02332625833,1,1
0.0575,302.15,0.6995265243,0.96875,0.02324126976,0,0
0.058125,302.15,0.6996695832,0.96875,0.02315801824,1,1
0.05875,302.15,0.6998096362,0.96875,0.02307645111,1,1
0.059375,302.15,0.6999467771,0.96875,0.0229965178,0,0
0.06,302.15,0.7000810956,0.96875,0.02291816976,1,1
0.060625,302.15,0.7002126782,0.96875,0.02284136034,0,0
0.06125,302.15,0.7003416074,0.96875,0.02276604468,0,0
0.061875,302.15,0.7004679628,0.96875,0.02269217968,1,1
0.0625,302.15,0.7005918207,0.96875,0.02261972385,1,1
0.063125,302.15,0.7007132544,0.96875,0.02254863728,1,1
0.06375,302.15,0.7008323343,0.96875,0.02247888156,1,1
0.064375,302.15,0.7009491283,0.96875,0.02241041968,1,1
0.065,302.15,0.7010637015,0.96875,0.022343216,1,1
0.065625,302.15,0.7011761167,0.96875,0.02227723619,1,1
0.06625,302.15,0.7012864343,0.96875,0.02221244713,1,1
0.066875,302.15,0.7013947125,0.96875,0.02214881691,1,1
0.0675,302.15,0.7015010072,0.96875,0.02208631473,1,1
0.068125,302.15,0.7016053725,0.96875,0.02202491087,1,1
0.06875,302.15,0.7017078605,0.96875,0.02196457666,1,1
0.069375,302.15,0.7018085213,0.96875,0.02190528441,1,1
0.07,302.15,0.7019074034,0.96875,0.02184700737,1,1
0.070625,302.15,0.7020045535,0.96875,0.02178971972,1,1
0.07125,302.15,0.7021000167,0.96875,0.02173339647,1,1
0.071875,302.15,0.7021938366,0.96875,0.0216780135,1,1
0.0725,302.15,0.7022860553,0.96875,0.02162354747,1,1
0.073125,302.15,0.7023767133,0.96875,0.02156997582,1,1
0.07375,302.15,0.70246585,0.96875,0.02151727669,1,1
0.074375,302.15,0.7025535033,0.96875,0.02146542896,1,1
0.075,302.15,0.7026397101,0.96875,0.02141441218,1,1
0.075625,302.15,0.7027245056,0.96875,0.02136420653,1,1
0.07625,302.15,0.7028079245,0.96875,0.02131479285,1,1
0.076875,302.15,0.7028899999,0.96875,0.02126615253,1,1
0.0775,302.15,0.7029707639,0.96875,0.02121826759,1,1
0.078125,302.15,0.7030502479,0.96875,0.02117112056,1,1
0.07875,302.15,0.7031284819,0.96875,0.02112469453,1,1
0.079375,302.15,0.7032054953,0.96875,0.02107897309,1,1
0.08,302.15,0.7032813163,0.96875,0.02103394034,1,1
0.005,302.65,0.574445947,0.96484375,0.07369924165,0,0
0.005625,302.65,0.5876734776,0.96484375,0.07027105422,0,0
0.00625,302.65,0.5985597095,0.96484375,0.0671456696,0,0
0.006875,302.65,0.6076737565,0.96484375,0.06431086415,0,0
0.0075,302.65,0.6154146581,0.96484375,0.06174256377,0,0
0.008125,302.65,0.6220703131,0.96484375,0.05941356003,0,0
0.00875,302.65,0.6278535634,0.96484375,0.05729729246,0,0
0.009375,302.65,0.6329251078,0.96484375,0.05536936701,0,0
0.01,302.65,0.6374085216,0.96484375,0.0536080303,0,0
0.010625,302.65,0.6414003751,0.96484375,0.0519941715,0,0
0.01125,302.65,0.6449772187,0.96484375,0.05051112447,0,0
0.011875,302.65,0.6482005092,0.96484375,0.04914440003,0,0
0.0125,302.65,0.6511201514,0.96484375,0.047881409,0,0
0.013125,302.65,0.6537770879,0.96484375,0.04671120285,0,0
0.01375,302.65,0.6562052231,0.96484375,0.04562424226,0,0
0.014375,302.65,0.6584328717,0.96484375,0.04461219552,0,0
0.015,302.65,0.6604838648,0.96484375,0.04366776569,0,0
0.015625,302.65,0.6623784025,0.96484375,0.04278454327,0,0
0.01625,302.65,0.66413372,0.96484375,0.04195688131,0,0
0.016875,302.65,0.6657646119,0.96484375,0.04117978957,0,0
0.0175,302.65,0.6672838492,0.96484375,0.0404488449,0,0
0.018125,302.65,0.6687025139,0.96484375,0.03976011517,0,0
0.01875,302.65,0.6700302688,0.96484375,0.03911009474,0,0
0.019375,302.65,0.6712755779,0.96484375,0.03849564941,0,0
0.02,302.65,0.6724458864,0.96484375,0.03791396949,0,0
0.020625,302.65,0.6735477695,0.96484375,0.03736252962,0,0
0.02125,302.65,0.6745870561,0.96484375,0.03683905428,0,0
0.021875,302.65,0.6755689313,0.96484375,0.03634148805,0,0
0.0225,302.65,0.6764980232,0.96484375,0.03586797007,0,0
0.023125,302.65,0.6773784755,0.96484375,0.03541681173,0,0
0.02375,302.65,0.6782140094,0.96484375,0.03498647752,0,0
0.024375,302.65,0.6790079761,0.96484375,0.03457556818,0,0
0.025,302.65,0.6797634015,0.96484375,0.03418280606,0,0
0.025625,302.65,0.6804830249,0.96484375,0.03380702237,0,0
0.02625,302.65,0.681169332,0.96484375,0.03344714585,0,0
0.026875,302.65,0.6818245837,0.96484375,0.03310219294,0,0
0.0275,302.65,0.6824508409,0.96484375,0.03277125903,0,0
0.028125,302.65,0.683049986,0.96484375,0.03245351074,0,0
0.02875,302.65,0.6836237421,0.96484375,0.0321481791,0,0
0.029375,302.65,0.6841736893,0.96484375,0.03185455351,0,0
0.03,302.65,0.6847012791,0.96484375,0.03157197628,0,0
0.030625,302.65,0.6852078476,0.96484375,0.03129983787,0,0
0.03125,302.65,0.6856946265,0.96484375,0.03103757256,0,0
0.031875,302.65,0.6861627529,0.96484375,0.03078465462,0,0
0.0325,302.65,0.6866132788,0.96484375,0.03054059484,0,0
0.033125,302.65,0.6870471782,0.96484375,0.03030493743,0,0
0.03375,302.65,0.6874653549,0.96484375,0.03007725722,0,0
0.034375,302.65,0.687868648,0.96484375,0.02985715717,0,0
0.035,302.65,0.6882578382,0.96484375,0.02964426606,0,0
0.035625,302.65,0.6886336525,0.96484375,0.02943823642,0,0
0.03625,302.65,0.6889967686,0.96484375,0.02923874272,0,0
0.036875,302.65,0.6893478195,0.96484375,0.02904547963,0,0
0.0375,302.65,0.6896873965,0.96484375,0.02885816049,0,0
0.038125,302.65,0.6900160532,0.96484375,0.02867651591,0,0
0.03875,302.65,0.6903343078,0.96484375,0.02850029249,0,0
0.039375,302.65,0.6906426465,0.96484375,0.02832925168,0,0
0.04,302.65,0.6909415256,0.96484375,0.02816316865,0,0
0.040625,302.65,0.6912313738,0.96484375,0.0280018314,0,0
0.04125,302.65,0.6915125942,0.96484375,0.02784503979,0,0
0.041875,302.65,0.6917855664,0.96484375,0.02769260477,0,0
0.0425,302.65,0.6920506481,0.96484375,0.0275443476,0,0
0.043125,302.65,0.6923081764,0.96484375,0.02740009916,0,0
0.04375,302.65,0.6925584697,0.96484375,0.02725969934,0,0
0.044375,302.65,0.6928018286,0.96484375,0.0271229964,0,0
0.045,302.65,0.6930385372,0.96484375,0.02698984648,0,0
0.045625,302.65,0.6932688646,0.96484375,0.02686011307,0,0
0.04625,302.65,0.6934930653,0.96484375,0.02673366654,0,0
0.046875,302.65,0.6937113805,0.96484375,0.02661038375,0,0
0.0475,302.65,0.693924039,0.96484375,0.02649014759,0,0
0.048125,302.65,0.6941312578,0.96484375,0.02637284668,0,0
0.04875,302.65,0.6943332429,0.96484375,0.02625837499,0,0
0.049375,302.65,0.6945301903,0.96484375,0.02614663152,0,0
0.05,302.65,0.6947222859,0.96484375,0.02603752002,0,0
0.050625,302.65,0.6949097069,0.96484375,0.02593094869,0,0
0.05125,302.65,0.6950926219,0.96484375,0.02582682998,1,1
0.051875,302.65,0.6952711914,0.96484375,0.02572508029,0,0
0.0525,302.65,0.6954455685,0.96484375,0.02562561977,1,1
0.053125,302.65,0.695615899,0.96484375,0.02552837211,0,0
0.05375,302.65,0.6957823223,0.96484375,0.02543326438,1,1
0.054375,302.65,0.6959449712,0.96484375,0.02534022677,0,0
0.055,302.65,0.6961039727,0.96484375,0.02524919251,0,0
0.055625,302.65,0.6962594481,0.96484375,0.02516009765,1,1
0.05625,302.65,0.6964115134,0.96484375,0.02507288094,0,0
0.056875,302.65,0.6965602796,0.96484375,0.02498748365,1,1
0.0575,302.65,0.6967058528,0.96484375,0.02490384952,0,0
0.058125,302.65,0.6968483349,0.96484375,0.02482192454,0,0
0.05875,302.65,0.6969878232,0.96484375,0.02474165689,1,1
0.059375,302.65,0.697124411,0.96484375,0.02466299685,0,0
0.06,302.65,0.697258188,0.96484375,0.02458589664,0,0
0.060625,302.65,0.6973892399,0.96484375,0.02451031036,1,1
0.06125,302.65,0.6975176493,0.96484375,0.02443619388,0,0
0.061875,302.65,0.6976434952,0.96484375,0.02436350479,1,1
0.0625,302.65,0.6977668537,0.96484375,0.02429220228,1,1
0.063125,302.65,0.6978877977,0.96484375,0.02422224709,1,1
0.06375,302.65,0.6980063975,0.96484375,0.02415360141,1,1
0.064375,302.65,0.6981227205,0.96484375,0.02408622884,1,1
0.065,302.65,0.6982368318,0.96484375,0.02402009433,1,1
0.065625,302.65,0.6983487937,0.96484375,0.02395516407,1,1
0.06625,302.65,0.6984586665,0.96484375,0.0238914055,1,1
0.066875,302.65,0.698566508,0.96484375,0.02382878722,1,1
0.0675,302.65,0.6986723741,0.96484375,0.02376727891,1,1
0.068125,302.65,0.6987763186,0.96484375,0.02370685136,1,1
0.06875,302.65,0.6988783933,0.96484375,0.02364747633,1,1
0.069375,302.65,0.6989786483,0.96484375,0.0235891266,1,1
0.07,302.65,0.6990771316,0.96484375,0.02353177584,1,1
0.070625,302.65,0.69917389,0.96484375,0.02347539864,1,1
0.07125,302.65,0.6992689683,0.96484375,0.02341997043,1,1
0.071875,302.65,0.6993624099,0.96484375,0.02336546746,1,1
0.0725,302.65,0.6994542567,0.96484375,0.02331186678,1,1
0.073125,302.65,0.6995445491,0.96484375,0.02325914617,1,1
0.07375,302.65,0.6996333264,0.96484375,0.02320728415,1,1
0.074375,302.65,0.6997206263,0.96484375,0.02315625993,1,1
0.075,302.65,0.6998064854,0.96484375,0.02310605338,1,1
0.075625,302.65,0.6998909391,0.96484375,0.02305664501,1,1
0.07625,302.65,0.6999740216,0.96484375,0.02300801595,1,1
0.076875,302.65,0.700055766,0.96484375,0.02296014791,1,1
0.0775,302.65,0.7001362044,0.96484375,0.02291302319,1,1
0.078125,302.65,0.7002153678,0.96484375,0.0228666246,1,1
0.07875,302.65,0.7002932864,0.96484375,0.0228209355,1,1
0.079375,302.65,0.7003699892,0.96484375,0.02277593975,1,1
0.08,302.65,0.7004455045,0.96484375,0.0227316217,1,1
0.005,303.15,0.572120255,0.9609375,0.07447911064,0,0
0.005625,303.15,0.5852942328,0.9609375,0.07112231505,0,0
0.00625,303.15,0.5961363909,0.9609375,0.06805917514,0,0
0.006875,303.15,0.6052135389,0.9609375,0.06527901111,0,0
0.0075,303.15,0.6129231008,0.9609375,0.0627589972,0,0
0.008125,303.15,0.6195518099,0.9609375,0.06047293255,0,0
0.00875,303.15,0.6253116461,0.9609375,0.05839507245,0,0
0.009375,303.15,0.630362658,0.9609375,0.05650168706,0,0
0.01,303.15,0.6348279203,0.9609375,0.05477156736,0,0
0.010625,303.15,0.6388036125,0.9609375,0.05318605184,0,0
0.01125,303.15,0.6423659749,0.9609375,0.05172884787,0,0
0.011875,303.15,0.6455762156,0.9609375,0.05038577886,0,0
0.0125,303.15,0.6484840374,0.9609375,0.04914451896,0,0
0.013125,303.15,0.6511302171,0.9609375,0.04799434294,0,0
0.01375,303.15,0.6535485218,0.9609375,0.04692590186,0,0
0.014375,303.15,0.6557671516,0.9609375,0.04593102732,0,0
0.015,303.15,0.6578098411,0.9609375,0.04500256318,0,0
0.015625,303.15,0.6596967086,0.9609375,0.04413422193,0,0
0.01625,303.15,0.6614449195,0.9609375,0.04332046284,0,0
0.016875,303.15,0.6630692086,0.9609375,0.04255638853,0,0
0.0175,303.15,0.6645822952,0.9609375,0.04183765738,0,0
0.018125,303.15,0.6659952163,0.9609375,0.04116040918,0,0
0.01875,303.15,0.6673175957,0.9609375,0.04052120188,0,0
0.019375,303.15,0.668557863,0.9609375,0.03991695776,0,0
0.02,303.15,0.6697234334,0.9609375,0.03934491745,0,0
0.020625,303.15,0.6708208555,0.9609375,0.03880260056,0,0
0.02125,303.15,0.6718559344,0.9609375,0.03828777188,0,0
0.021875,303.15,0.6728338344,0.9609375,0.03779841224,0,0
0.0225,303.15,0.6737591648,0.9609375,0.03733269343,0,0
0.023125,303.15,0.6746360525,0.9609375,0.03688895639,0,0
0.02375,303.15,0.6754682037,0.9609375,0.03646569232,0,0
0.024375,303.15,0.676258956,0.9609375,0.03606152626,0,0
0.025,303.15,0.677011323,0.9609375,0.03567520267,0,0
0.025625,303.15,0.6777280329,0.9609375,0.03530557291,0,0
0.02625,303.15,0.6784115615,0.9609375,0.03495158415,0,0
0.026875,303.15,0.6790641603,0.9609375,0.03461226969,0,0
0.0275,303.15,0.679687882,0.9609375,0.03428674039,0,0
0.028125,303.15,0.6802846015,0.9609375,0.03397417712,0,0
0.02875,303.15,0.6808560347,0.9609375,0.03367382399,0,0
0.029375,303.15,0.6814037553,0.9609375,0.03338498248,0,0
0.03,303.15,0.6819292091,0.9609375,0.03310700604,0,0
0.030625,303.15,0.6824337268,0.9609375,0.03283929547,0,0
0.03125,303.15,0.6829185349,0.9609375,0.0325812946,0,0
0.031875,303.15,0.6833847661,0.9609375,0.03233248657,0,0
0.0325,303.15,0.6838334679,0.9609375,0.0320923904,0,0
0.033125,303.15,0.6842656107,0.9609375,0.03186055798,0,0
0.03375,303.15,0.6846820943,0.9609375,0.03163657127,0,0
0.034375,303.15,0.6850837547,0.9609375,0.03142003989,0,0
0.035,303.15,0.6854713692,0.9609375,0.03121059883,0,0
0.035625,303.15,0.685845662,0.9609375,0.03100790645,0,0
0.03625,303.15,0.686207308,0.9609375,0.03081164263,0,0
0.036875,303.15,0.6865569376,0.9609375,0.03062150716,0,0
0.0375,303.15,0.6868951399,0.9609375,0.03043721814,0,0
0.038125,303.15,0.6872224659,0.9609375,0.03025851066,0,0
0.03875,303.15,0.6875394321,0.9609375,0.03008513556,0,0
0.039375,303.15,0.6878465224,0.9609375,0.02991685822,0,0
0.04,303.15,0.6881441915,0.9609375,0.02975345757,0,0
0.040625,303.15,0.6884328662,0.9609375,0.02959472511,0,0
0.04125,303.15,0.6887129481,0.9609375,0.02944046402,0,0
0.041875,303.15,0.6889848152,0.9609375,0.02929048838,0,0
0.0425,303.15,0.6892488236,0.9609375,0.0291446224,0,0
0.043125,303.15,0.6895053093,0.9609375,0.02900269977,0,0
0.04375,303.15,0.6897545893,0.9609375,0.02886456301,0,0
0.044375,303.15,0.6899969629,0.9609375,0.02873006289,0,0
0.045,303.15,0.6902327132,0.9609375,0.02859905792,0,0
0.045625,303.15,0.6904621081,0.9609375,0.02847141383,0,0
0.04625,303.15,0.6906854011,0.9609375,0.02834700315,0,0
0.046875,303.15,0.6909028324,0.9609375,0.02822570473,0,0
0.0475,303.15,0.6911146299,0.9609375,0.02810740342,0,0
0.048125,303.15,0.6913210098,0.9609375,0.02799198966,0,0
0.04875,303.15,0.6915221772,0.9609375,0.02787935915,0,0
0.049375,303.15,0.6917183271,0.9609375,0.02776941256,0,0
0.05,303.15,0.6919096451,0.9609375,0.02766205521,0,0
0.050625,303.15,0.6920963073,0.9609375,0.02755719682,0,0
0.05125,303.15,0.6922784817,0.9609375,0.02745475126,1,1
0.051875,303.15,0.6924563283,0.9609375,0.02735463631,0,0
0.0525,303.15,0.6926299994,0.9609375,0.02725677342,1,1
0.053125,303.15,0.6927996403,0.9609375,0.02716108753,0,0
0.05375,303.15,0.6929653898,0.9609375,0.0270675069,0,0
0.054375,303.15,0.6931273802,0.9609375,0.02697596288,1,1
0.055,303.15,0.693285738,0.9609375,0.02688638977,0,0
0.055625,303.15,0.6934405839,0.9609375,0.02679872468,1,1
0.05625,303.15,0.6935920336,0.9609375,0.02671290733,0,0
0.056875,303.15,0.6937401975,0.9609375,0.02662888,1,1
0.0575,303.15,0.6938851814,0.9609375,0.02654658729,1,1
0.058125,303.15,0.6940270866,0.9609375,0.02646597611,0,0
0.05875,303.15,0.6941660101,0.9609375,0.02638699549,1,1
0.059375,303.15,0.694302045,0.9609375,0.02630959649,0,0
0.06,303.15,0.6944352803,0.9609375,0.02623373212,0,0
0.060625,303.15,0.6945658017,0.9609375,0.02615935723,1,1
0.06125,303.15,0.6946936912,0.9609375,0.02608642842,0,0
0.061875,303.15,0.6948190276,0.9609375,0.02601490395,1,1
0.0625,303.15,0.6949418866,0.9609375,0.02594474369,1,1
0.063125,303.15,0.695062341,0.9609375,0.025875909,1,1
0.06375,303.15,0.6951804606,0.9609375,0.0258083627,1,1
0.064375,303.15,0.6952963127,0.9609375,0.02574206898,1,1
0.065,303.15,0.695409962,0.9609375,0.02567699335,1,1
0.065625,303.15,0.6955214706,0.9609375,0.02561310257,1,1
0.06625,303.15,0.6956308986,0.9609375,0.02555036459,1,1
0.066875,303.15,0.6957383035,0.9609375,0.02548874851,1,1
0.0675,303.15,0.695843741,0.9609375,0.02542822454,1,1
0.068125,303.15,0.6959472647,0.9609375,0.0253687639,1,1
0.06875,303.15,0.6960489262,0.9609375,0.02531033885,1,1
0.069375,303.15,0.6961487752,0.9609375,0.02525292257,1,1
0.07,303.15,0.6962468598,0.9609375,0.02519648919,1,1
0.070625,303.15,0.6963432265,0.9609375,0.02514101369,1,1
0.07125,303.15,0.6964379198,0.9609375,0.02508647191,1,1
0.071875,303.15,0.6965309831,0.9609375,0.02503284048,1,1
0.0725,303.15,0.696622458,0.9609375,0.02498009683,1,1
0.073125,303.15,0.696712385,0.9609375,0.02492821909,1,1
0.07375,303.15,0.6968008028,0.9609375,0.02487718613,1,1
0.074375,303.15,0.6968877493,0.9609375,0.02482697749,1,1
0.075,303.15,0.6969732608,0.9609375,0.02477757338,1,1
0.075625,303.15,0.6970573725,0.9609375,0.02472895462,1,1
0.07625,303.15,0.6971401187,0.9609375,0.02468110264,1,1
0.076875,303.15,0.6972215321,0.9609375,0.02463399946,1,1
0.0775,303.15,0.6973016449,0.9609375,0.02458762764,1,1
0.078125,303.15,0.6973804878,0.9609375,0.02454197029,1,1
0.07875,303.15,0.6974580909,0.9609375,0.02449701103,1,1
0.079375,303.15,0.6975344832,0.9609375,0.02445273399,1,1
0.08,303.15,0.6976096928,0.9609375,0.02440912376,1,1
0.005,303.65,0.5697945629,0.95703125,0.07524739413,0,0
0.005625,303.65,0.5829149879,0.95703125,0.07196131755,0,0
0.00625,303.65,0.5937130722,0.95703125,0.06895983716,0,0
0.006875,303.65,0.6027533213,0.95703125,0.0662338014,0,0
0.0075,303.65,0.6104315435,0.95703125,0.06376162067,0,0
0.008125,303.65,0.6170333066,0.95703125,0.06151809195,0,0
0.00875,303.65,0.6227697288,0.95703125,0.05947827854,0,0
0.009375,303.65,0.6278002081,0.95703125,0.05761910855,0,0
0.01,303.65,0.632247319,0.95703125,0.05591991222,0,0
0.010625,303.65,0.6362068498,0.95703125,0.05436247318,0,0
0.01125,303.65,0.6397547311,0.95703125,0.05293086881,0,0
0.011875,303.65,0.6429519221,0.95703125,0.05161123219,0,0
0.0125,303.65,0.6458479234,0.95703125,0.05039149839,0,0
0.013125,303.65,0.6484833463,0.95703125,0.04926116334,0,0
0.01375,303.65,0.6508918205,0.95703125,0.04821106675,0,0
0.014375,303.65,0.6531014315,0.95703125,0.04723320202,0,0
0.015,303.65,0.6551358173,0.95703125,0.04632055247,0,0
0.015625,303.65,0.6570150146,0.95703125,0.04546695147,0,0
0.01625,303.65,0.658756119,0.95703125,0.04466696349,0,0
0.016875,303.65,0.6603738053,0.95703125,0.04391578317,0,0
0.0175,303.65,0.6618807412,0.95703125,0.04320914967,0,0
0.018125,303.65,0.6632879187,0.95703125,0.042543274,0,0
0.01875,303.65,0.6646049225,0.95703125,0.04191477712,0,0
0.019375,303.65,0.6658401481,0.95703125,0.04132063726,0,0
0.02,303.65,0.6670009804,0.95703125,0.04075814491,0,0
0.020625,303.65,0.6680939414,0.95703125,0.04022486422,0,0
0.02125,303.65,0.6691248127,0.95703125,0.03971859991,0,0
0.021875,303.65,0.6700987375,0.95703125,0.03923736873,0,0
0.0225,303.65,0.6710203064,0.95703125,0.0387793748,0,0
0.023125,303.65,0.6718936295,0.95703125,0.03834298833,0,0
0.02375,303.65,0.672722398,0.95703125,0.03792672701,0,0
0.024375,303.65,0.6735099358,0.95703125,0.03752923993,0,0
0.025,303.65,0.6742592444,0.95703125,0.03714929345,0,0
0.025625,303.65,0.6749730409,0.95703125,0.03678575889,0,0
0.02625,303.65,0.6756537909,0.95703125,0.03643760168,0,0
0.026875,303.65,0.6763037369,0.95703125,0.03610387182,0,0
0.0275,303.65,0.6769249231,0.95703125,0.03578369553,0,0
0.028125,303.65,0.6775192169,0.95703125,0.03547626772,0,0
0.02875,303.65,0.6780883272,0.95703125,0.03518084553,0,0
0.029375,303.65,0.6786338213,0.95703125,0.03489674235,0,0
0.03,303.65,0.6791571392,0.95703125,0.03462332271,0,0
0.030625,303.65,0.6796596059,0.95703125,0.03435999763,0,0
0.03125,303.65,0.6801424433,0.95703125,0.03410622039,0,0
0.031875,303.65,0.6806067792,0.95703125,0.03386148294,0,0
0.0325,303.65,0.6810536571,0.95703125,0.03362531245,0,0
0.033125,303.65,0.6814840432,0.95703125,0.03339726839,0,0
0.03375,303.65,0.6818988338,0.95703125,0.03317693981,0,0
0.034375,303.65,0.6822988614,0.95703125,0.03296394292,0,0
0.035,303.65,0.6826849003,0.95703125,0.03275791886,0,0
0.035625,303.65,0.6830576715,0.95703125,0.03255853175,0,0
0.03625,303.65,0.6834178474,0.95703125,0.03236546687,0,0
0.036875,303.65,0.6837660558,0.95703125,0.03217842902,0,0
0.0375,303.65,0.6841028832,0.95703125,0.03199714107,0,0
0.038125,303.65,0.6844288787,0.95703125,0.03182134254,0,0
0.03875,303.65,0.6847445563,0.95703125,0.03165078843,0,0
0.039375,303.65,0.6850503984,0.95703125,0.03148524806,0,0
0.04,303.65,0.6853468574,0.95703125,0.03132450405,0,0
0.040625,303.65,0.6856343586,0.95703125,0.03116835139,0,0
0.04125,303.65,0.6859133019,0.95703125,0.03101659653,0,0
0.041875,303.65,0.6861840639,0.95703125,0.03086905666,0,0
0.0425,303.65,0.6864469991,0.95703125,0.03072555893,0,0
0.043125,303.65,0.6867024422,0.95703125,0.03058593977,0,0
0.04375,303.65,0.6869507088,0.95703125,0.03045004433,0,0
0.044375,303.65,0.6871920972,0.95703125,0.03031772588,0,0
0.045,303.65,0.6874268892,0.95703125,0.03018884525,0,0
0.045625,303.65,0.6876553515,0.95703125,0.03006327042,0,0
0.04625,303.65,0.6878777368,0.95703125,0.02994087601,0,0
0.046875,303.65,0.6880942843,0.95703125,0.02982154291,0,0
0.0475,303.65,0.6883052209,0.95703125,0.02970515785,0,0
0.048125,303.65,0.6885107618,0.95703125,0.0295916131,0,0
0.04875,303.65,0.6887111114,0.95703125,0.02948080607,0,0
0.049375,303.65,0.688906464,0.95703125,0.02937263908,0,0
0.05,303.65,0.6890970042,0.95703125,0.02926701902,0,0
0.050625,303.65,0.6892829077,0.95703125,0.0291638571,0,0
0.05125,303.65,0.6894643415,0.95703125,0.02906306861,1,1
0.051875,303.65,0.6896414652,0.95703125,0.02896457267,0,0
0.0525,303.65,0.6898144303,0.95703125,0.02886829204,0,0
0.053125,303.65,0.6899833816,0.95703125,0.02877415291,1,1
0.05375,303.65,0.6901484573,0.95703125,0.0286820847,0,0
0.054375,303.65,0.6903097893,0.95703125,0.02859201989,1,1
0.055,303.65,0.6904675033,0.95703125,0.02850389387,0,0
0.055625,303.65,0.6906217198,0.95703125,0.02841764478,1,1
0.05625,303.65,0.6907725538,0.95703125,0.02833321334,0,0
0.056875,303.65,0.6909201154,0.95703125,0.02825054276,0,0
0.0575,303.65,0.6910645099,0.95703125,0.02816957858,1,1
0.058125,303.65,0.6912058383,0.95703125,0.02809026856,0,0
0.05875,303.65,0.6913441971,0.95703125,0.02801256256,0,0
0.059375,303.65,0.691479679,0.95703125,0.02793641246,1,1
0.06,303.65,0.6916123727,0.95703125,0.02786177204,0,0
0.060625,303.65,0.6917423635,0.95703125,0.02778859688,0,0
0.06125,303.65,0.6918697331,0.95703125,0.02771684429,1,1
0.061875,303.65,0.69199456,0.95703125,0.02764647323,1,1
0.0625,303.65,0.6921169196,0.95703125,0.02757744421,1,1
0.063125,303.65,0.6922368843,0.95703125,0.02750971923,1,1
0.06375,303.65,0.6923545238,0.95703125,0.02744326173,1,1
0.064375,303.65,0.692469905,0.95703125,0.02737803647,1,1
0.065,303.65,0.6925830922,0.95703125,0.02731400952,1,1
0.065625,303.65,0.6926941476,0.95703125,0.0272511482,1,1
0.06625,303.65,0.6928031307,0.95703125,0.02718942097,1,1
0.066875,303.65,0.692910099,0.95703125,0.02712879745,1,1
0.0675,303.65,0.6930151079,0.95703125,0.02706924831,1,1
0.068125,303.65,0.6931182108,0.95703125,0.02701074528,1,1
0.06875,303.65,0.693219459,0.95703125,0.02695326104,1,1
0.069375,303.65,0.6933189021,0.95703125,0.02689676922,1,1
0.07,303.65,0.6934165881,0.95703125,0.02684124437,1,1
0.070625,303.65,0.693512563,0.95703125,0.02678666188,1,1
0.07125,303.65,0.6936068714,0.95703125,0.02673299799,1,1
0.071875,303.65,0.6936995563,0.95703125,0.0266802297,1,1
0.0725,303.65,0.6937906594,0.95703125,0.02662833481,1,1
0.073125,303.65,0.6938802208,0.95703125,0.02657729181,1,1
0.07375,303.65,0.6939682792,0.95703125,0.02652707992,1,1
0.074375,303.65,0.6940548723,0.95703125,0.02647767901,1,1
0.075,303.65,0.6941400361,0.95703125,0.0264290696,1,1
0.075625,303.65,0.694223806,0.95703125,0.02638123283,1,1
0.07625,303.65,0.6943062157,0.95703125,0.02633415044,1,1
0.076875,303.65,0.6943872982,0.95703125,0.02628780473,1,1
0.0775,303.65,0.6944670853,0.95703125,0.02624217855,1,1
0.078125,303.65,0.6945456078,0.95703125,0.0261972553,1,1
0.07875,303.65,0.6946228954,0.95703125,0.02615301884,1,1
0.079375,303.65,0.6946989772,0.95703125,0.02610945357,1,1
0.08,303.65,0.694773881,0.95703125,0.02606654433,1,1
0.005,304.15,0.5674688708,0.953125,0.07600413795,0,0
0.005625,304.15,0.5805357431,0.953125,0.07278811106,0,0
0.00625,304.15,0.5912897535,0.953125,0.06984770814,0,0
0.006875,304.15,0.6002931036,0.953125,0.06717529032,0,0
0.0075,304.15,0.6079399862,0.953125,0.06475049199,0,0
0.008125,304.15,0.6145148033,0.953125,0.0625490983,0,0
0.00875,304.15,0.6202278116,0.953125,0.06054697289,0,0
0.009375,304.15,0.6252377583,0.953125,0.05872169553,0,0
0.01,304.15,0.6296667177,0.953125,0.05705313068,0,0
0.010625,304.15,0.6336100871,0.953125,0.05552350291,0,0
0.01125,304.15,0.6371434873,0.953125,0.05411725614,0,0
0.011875,304.15,0.6403276285,0.953125,0.05282083023,0,0
0.0125,304.15,0.6432118095,0.953125,0.05162241871,0,0
0.013125,304.15,0.6458364755,0.953125,0.05051173664,0,0
0.01375,304.15,0.6482351192,0.953125,0.04947981061,0,0
0.014375,304.15,0.6504357114,0.953125,0.04851879429,0,0
0.015,304.15,0.6524617936,0.953125,0.04762180918,0,0
0.015625,304.15,0.6543333207,0.953125,0.04678280838,0,0
0.01625,304.15,0.6560673185,0.953125,0.0459964606,0,0
0.016875,304.15,0.657678402,0.953125,0.04525805162,0,0
0.0175,304.15,0.6591791871,0.953125,0.04456340063,0,0
0.018125,304.15,0.660580621,0.953125,0.04390878919,0,0
0.01875,304.15,0.6618922494,0.953125,0.04329090067,0,0
0.019375,304.15,0.6631224332,0.953125,0.04270676875,0,0
0.02,304.15,0.6642785274,0.953125,0.04215373329,0,0
0.020625,304.15,0.6653670274,0.953125,0.04162940257,0,0
0.02125,304.15,0.666393691,0.953125,0.04113162088,0,0
0.021875,304.15,0.6673636406,0.953125,0.04065844052,0,0
0.0225,304.15,0.668281448,0.953125,0.04020809769,0,0
0.023125,304.15,0.6691512065,0.953125,0.03977899153,0,0
0.02375,304.15,0.6699765923,0.953125,0.039369666,0,0
0.024375,304.15,0.6707609157,0.953125,0.03897879401,0,0
0.025,304.15,0.6715071659,0.953125,0.03860516362,0,0
0.025625,304.15,0.6722180489,0.953125,0.03824766592,0,0
0.02625,304.15,0.6728960203,0.953125,0.03790528442,0,0
0.026875,304.15,0.6735433135,0.953125,0.03757708569,0,0
0.0275,304.15,0.6741619643,0.953125,0.0372622111,0,0
0.028125,304.15,0.6747538323,0.953125,0.03695986956,0,0
0.02875,304.15,0.6753206197,0.953125,0.03666933102,0,0
0.029375,304.15,0.6758638874,0.953125,0.03638992074,0,0
0.03,304.15,0.6763850692,0.953125,0.03612101421,0,0
0.030625,304.15,0.6768854851,0.953125,0.03586203253,0,0
0.03125,304.15,0.6773663516,0.953125,0.03561243841,0,0
0.031875,304.15,0.6778287924,0.953125,0.03537173246,0,0
0.0325,304.15,0.6782738463,0.953125,0.03513944996,0,0
0.033125,304.15,0.6787024757,0.953125,0.03491515789,0,0
0.03375,304.15,0.6791155733,0.953125,0.03469845231,0,0
0.034375,304.15,0.6795139681,0.953125,0.03448895595,0,0
0.035,304.15,0.6798984313,0.953125,0.03428631606,0,0
0.035625,304.15,0.680269681,0.953125,0.03409020246,0,0
0.03625,304.15,0.6806283868,0.953125,0.03390030576,0,0
0.036875,304.15,0.6809751739,0.953125,0.03371633576,0,0
0.0375,304.15,0.6813106265,0.953125,0.03353802002,0,0
0.038125,304.15,0.6816352914,0.953125,0.03336510246,0,0
0.03875,304.15,0.6819496806,0.953125,0.0331973422,0,0
0.039375,304.15,0.6822542743,0.953125,0.03303451248,0,0
0.04,304.15,0.6825495233,0.953125,0.03287639955,0,0
0.040625,304.15,0.682835851,0.953125,0.03272280186,0,0
0.04125,304.15,0.6831136558,0.953125,0.03257352911,0,0
0.041875,304.15,0.6833833126,0.953125,0.03242840157,0,0
0.0425,304.15,0.6836451747,0.953125,0.03228724927,0,0
0.043125,304.15,0.6838995751,0.953125,0.03214991141,0,0
0.04375,304.15,0.6841468284,0.953125,0.03201623572,0,0
0.044375,304.15,0.6843872315,0.953125,0.03188607791,0,0
0.045,304.15,0.6846210651,0.953125,0.03175930116,0,0
0.045625,304.15,0.684848595,0.953125,0.03163577565,0,0
0.04625,304.15,0.6850700726,0.953125,0.0315153781,0,0
0.046875,304.15,0.6852857362,0.953125,0.03139799137,0,0
0.0475,304.15,0.6854958118,0.953125,0.0312835041,0,0
0.048125,304.15,0.6857005138,0.953125,0.03117181034,0,0
0.04875,304.15,0.6859000457,0.953125,0.03106280922,0,0
0.049375,304.15,0.6860946009,0.953125,0.03095640468,0,0
0.05,304.15,0.6862843634,0.953125,0.03085250516,1,1
0.050625,304.15,0.686469508,0.953125,0.03075102335,1,1
0.05125,304.15,0.6866502014,0.953125,0.03065187593,0,0
0.051875,304.15,0.686826602,0.953125,0.0305549834,1,1
0.0525,304.15,0.6869988612,0.953125,0.03046026977,0,0
0.053125,304.15,0.6871671229,0.953125,0.03036766247,1,1
0.05375,304.15,0.6873315249,0.953125,0.03027709208,0,0
0.054375,304.15,0.6874921983,0.953125,0.03018849221,1,1
0.055,304.15,0.6876492686,0.953125,0.03010179932,0,0
0.055625,304.15,0.6878028556,0.953125,0.03001695257,0,0
0.05625,304.15,0.687953074,0.953125,0.02993389366,1,1
0.056875,304.15,0.6881000333,0.953125,0.02985256675,0,0
0.0575,304.15,0.6882438384,0.953125,0.02977291827,1,1
0.058125,304.15,0.6883845899,0.953125,0.02969489684,0,0
0.05875,304.15,0.688522384,0.953125,0.02961845316,0,0
0.059375,304.15,0.6886573129,0.953125,0.02954353991,1,1
0.06,304.15,0.6887894651,0.953125,0.02947011161,0,0
0.060625,304.15,0.6889189253,0.953125,0.0293981246,0,0
0.06125,304.15,0.689045775,0.953125,0.02932753688,1,1
0.061875,304.15,0.6891700924,0.953125,0.02925830808,1,1
0.0625,304.15,0.6892919526,0.953125,0.02919039938,1,1
0.063125,304.15,0.6894114277,0.953125,0.0291237734,1,1
0.06375,304.15,0.689528587,0.953125,0.02905839417,1,1
0.064375,304.15,0.6896434972,0.953125,0.02899422704,1,1
0.065,304.15,0.6897562225,0.953125,0.02893123865,1,1
0.065625,304.15,0.6898668245,0.953125,0.02886939684,1,1
0.06625,304.15,0.6899753628,0.953125,0.0288086706,1,1
0.066875,304.15,0.6900818945,0.953125,0.02874903004,1,1
0.0675,304.15,0.6901864748,0.953125,0.02869044633,1,1
0.068125,304.15,0.6902891569,0.953125,0.02863289164,1,1
0.06875,304.15,0.6903899918,0.953125,0.02857633912,1,1
0.069375,304.15,0.690489029,0.953125,0.02852076283,1,1
0.07,304.15,0.6905863163,0.953125,0.02846613773,1,1
0.070625,304.15,0.6906818994,0.953125,0.02841243962,1,1
0.07125,304.15,0.6907758229,0.953125,0.02835964513,1,1
0.071875,304.15,0.6908681296,0.953125,0.02830773164,1,1
0.0725,304.15,0.6909588608,0.953125,0.0282566773,1,1
0.073125,304.15,0.6910480566,0.953125,0.02820646098,1,1
0.07375,304.15,0.6911357556,0.953125,0.02815706221,1,1
0.074375,304.15,0.6912219952,0.953125,0.02810846121,1,1
0.075,304.15,0.6913068115,0.953125,0.02806063882,1,1
0.075625,304.15,0.6913902394,0.953125,0.02801357648,1,1
0.07625,304.15,0.6914723128,0.953125,0.02796725624,1,1
0.076875,304.15,0.6915530644,0.953125,0.02792166067,1,1
0.0775,304.15,0.6916325258,0.953125,0.02787677293,1,1
0.078125,304.15,0.6917107277,0.953125,0.02783257667,1,1
0.07875,304.15,0.6917876999,0.953125,0.02778905602,1,1
0.079375,304.15,0.6918634711,0.953125,0.02774619564,1,1
0.08,304.15,0.6919380693,0.953125,0.02770398062,1,1
0.005,304.65,0.5651431787,0.94921875,0.07674938769,0,0
0.005625,304.65,0.5781564983,0.94921875,0.07360274466,0,0
0.00625,304.65,0.5888664349,0.94921875,0.07072284025,0,0
0.006875,304.65,0.597832886,0.94921875,0.06810353284,0,0
0.0075,304.65,0.6054484288,0.94921875,0.06572566863,0,0
0.008125,304.65,0.6119963,0.94921875,0.06356601138,0,0
0.00875,304.65,0.6176858943,0.94921875,0.06160121731,0,0
0.009375,304.65,0.6226753085,0.94921875,0.05980951171,0,0
0.01,304.65,0.6270861164,0.94921875,0.05817128815,0,0
0.010625,304.65,0.6310133245,0.94921875,0.05666920801,0,0
0.01125,304.65,0.6345322435,0.94921875,0.05528807828,0,0
0.011875,304.65,0.6377033349,0.94921875,0.05401464274,0,0
0.0125,304.65,0.6405756955,0.94921875,0.05283735094,0,0
0.013125,304.65,0.6431896047,0.94921875,0.05174613502,0,0
0.01375,304.65,0.6455784179,0.94921875,0.05073220669,0,0
0.014375,304.65,0.6477699912,0.94921875,0.04978787839,0,0
0.015,304.65,0.6497877698,0.94921875,0.0489064085,0,0
0.015625,304.65,0.6516516268,0.94921875,0.04808186873,0,0
0.01625,304.65,0.6533785181,0.94921875,0.04730903105,0,0
0.016875,304.65,0.6549829987,0.94921875,0.04658327153,0,0
0.0175,304.65,0.6564776331,0.94921875,0.04590048864,0,0
0.018125,304.65,0.6578733234,0.94921875,0.04525703381,0,0
0.01875,304.65,0.6591795762,0.94921875,0.04464965227,0,0
0.019375,304.65,0.6604047183,0.94921875,0.04407543258,0,0
0.02,304.65,0.6615560744,0.94921875,0.04353176353,0,0
0.020625,304.65,0.6626401133,0.94921875,0.04301629712,0,0
0.02125,304.65,0.6636625694,0.94921875,0.04252691681,0,0
0.021875,304.65,0.6646285437,0.94921875,0.04206171015,0,0
0.0225,304.65,0.6655425896,0.94921875,0.04161894507,0,0
0.023125,304.65,0.6664087836,0.94921875,0.04119704943,0,0
0.02375,304.65,0.6672307866,0.94921875,0.04079459316,0,0
0.024375,304.65,0.6680118955,0.94921875,0.0404102728,0,0
0.025,304.65,0.6687550873,0.94921875,0.04004289788,0,0
0.025625,304.65,0.6694630569,0.94921875,0.03969137909,0,0
0.02625,304.65,0.6701382497,0.94921875,0.03935471783,0,0
0.026875,304.65,0.6707828901,0.94921875,0.03903199709,0,0
0.0275,304.65,0.6713990054,0.94921875,0.03872237326,0,0
0.028125,304.65,0.6719884478,0.94921875,0.03842506909,0,0
0.02875,304.65,0.6725529123,0.94921875,0.03813936725,0,0
0.029375,304.65,0.6730939534,0.94921875,0.03786460475,0,0
0.03,304.65,0.6736129993,0.94921875,0.0376001679,0,0
0.030625,304.65,0.6741113643,0.94921875,0.03734548784,0,0
0.03125,304.65,0.67459026,0.94921875,0.03710003657,0,0
0.031875,304.65,0.6750508055,0.94921875,0.03686332332,0,0
0.0325,304.65,0.6754940354,0.94921875,0.03663489136,0,0
0.033125,304.65,0.6759209082,0.94921875,0.03641431515,0,0
0.03375,304.65,0.6763323127,0.94921875,0.03620119766,0,0
0.034375,304.65,0.6767290748,0.94921875,0.03599516811,0,0
0.035,304.65,0.6771119623,0.94921875,0.03579587978,0,0
0.035625,304.65,0.6774816905,0.94921875,0.03560300813,0,0
0.03625,304.65,0.6778389262,0.94921875,0.03541624907,0,0
0.036875,304.65,0.6781842921,0.94921875,0.03523531735,0,0
0.0375,304.65,0.6785183699,0.94921875,0.03505994515,0,0
0.038125,304.65,0.6788417041,0.94921875,0.03488988077,0,0
0.03875,304.65,0.6791548048,0.94921875,0.03472488743,0,0
0.039375,304.65,0.6794581502,0.94921875,0.03456474218,0,0
0.04,304.65,0.6797521891,0.94921875,0.03440923495,0,0
0.040625,304.65,0.6800373434,0.94921875,0.03425816757,0,0
0.04125,304.65,0.6803140097,0.94921875,0.03411135298,0,0
0.041875,304.65,0.6805825613,0.94921875,0.03396861447,0,0
0.0425,304.65,0.6808433502,0.94921875,0.03382978497,0,0
0.043125,304.65,0.681096708,0.94921875,0.03369470637,0,0
0.04375,304.65,0.6813429479,0.94921875,0.03356322898,0,0
0.044375,304.65,0.6815823658,0.94921875,0.03343521095,0,0
0.045,304.65,0.6818152411,0.94921875,0.03331051776,0,0
0.045625,304.65,0.6820418385,0.94921875,0.03318902177,0,0
0.04625,304.65,0.6822624084,0.94921875,0.03307060177,0,0
0.046875,304.65,0.6824771881,0.94921875,0.03295514261,0,0
0.0475,304.65,0.6826864027,0.94921875,0.03284253478,0,0
0.048125,304.65,0.6828902658,0.94921875,0.03273267412,0,0
0.04875,304.65,0.6830889799,0.94921875,0.03262546145,0,0
0.049375,304.65,0.6832827378,0.94921875,0.03252080232,0,0
0.05,304.65,0.6834717226,0.94921875,0.0324186067,0,0
0.050625,304.65,0.6836561084,0.94921875,0.03231878875,1,1
0.05125,304.65,0.6838360612,0.94921875,0.03222126655,0,0
0.051875,304.65,0.6840117389,0.94921875,0.0321259619,1,1
0.0525,304.65,0.6841832921,0.94921875,0.03203280012,0,0
0.053125,304.65,0.6843508642,0.94921875,0.03194170983,1,1
0.05375,304.65,0.6845145924,0.94921875,0.03185262277,0,0
0.054375,304.65,0.6846746073,0.94921875,0.03176547367,1,1
0.055,304.65,0.6848310339,0.94921875,0.03168020004,1,1
0.055625,304.65,0.6849839914,0.94921875,0.03159674206,0,0
0.05625,304.65,0.6851335941,0.94921875,0.0315150424,1,1
0.056875,304.65,0.6852799512,0.94921875,0.03143504615,0,0
0.0575,304.65,0.685423167,0.94921875,0.03135670063,0,0
0.058125,304.65,0.6855633416,0.94921875,0.03127995532,1,1
0.05875,304.65,0.685700571,0.94921875,0.03120476175,0,0
0.059375,304.65,0.6858349469,0.94921875,0.03113107336,1,1
0.06,304.65,0.6859665574,0.94921875,0.03105884545,1,1
0.060625,304.65,0.6860954871,0.94921875,0.03098803508,0,0
0.06125,304.65,0.6862218169,0.94921875,0.03091860094,0,0
0.061875,304.65,0.6863456248,0.94921875,0.03085050335,1,1
0.0625,304.65,0.6864669856,0.94921875,0.03078370412,1,1
0.063125,304.65,0.686585971,0.94921875,0.03071816649,1,1
0.06375,304.65,0.6867026501,0.94921875,0.03065385508,1,1
0.064375,304.65,0.6868170894,0.94921875,0.03059073584,1,1
0.065,304.65,0.6869293527,0.94921875,0.03052877594,1,1
0.065625,304.65,0.6870395015,0.94921875,0.03046794376,1,1
0.06625,304.65,0.6871475949,0.94921875,0.03040820881,1,1
0.066875,304.65,0.6872536901,0.94921875,0.03034954169,1,1
0.0675,304.65,0.6873578418,0.94921875,0.03029191405,1,1
0.068125,304.65,0.6874601029,0.94921875,0.03023529852,1,1
0.06875,304.65,0.6875605246,0.94921875,0.03017966869,1,1
0.069375,304.65,0.687659156,0.94921875,0.03012499905,1,1
0.07,304.65,0.6877560445,0.94921875,0.03007126498,1,1
0.070625,304.65,0.6878512359,0.94921875,0.03001844268,1,1
0.07125,304.65,0.6879447745,0.94921875,0.02996650916,1,1
0.071875,304.65,0.6880367028,0.94921875,0.02991544218,1,1
0.0725,304.65,0.6881270622,0.94921875,0.02986522025,1,1
0.073125,304.65,0.6882158925,0.94921875,0.02981582258,1,1
0.07375,304.65,0.6883032321,0.94921875,0.02976722906,1,1
0.074375,304.65,0.6883891182,0.94921875,0.02971942021,1,1
0.075,304.65,0.6884735869,0.94921875,0.02967237721,1,1
0.075625,304.65,0.6885566729,0.94921875,0.02962608179,1,1
0.07625,304.65,0.6886384099,0.94921875,0.0295805163,1,1
0.076875,304.65,0.6887188305,0.94921875,0.02953566361,1,1
0.0775,304.65,0.6887979663,0.94921875,0.02949150715,1,1
0.078125,304.65,0.6888758477,0.94921875,0.02944803082,1,1
0.07875,304.65,0.6889525044,0.94921875,0.02940521904,1,1
0.079375,304.65,0.6890279651,0.94921875,0.02936305671,1,1
0.08,304.65,0.6891022575,0.94921875,0.02932152916,1,1
0.005,305.15,0.5628174866,0.9453125,0.0774831887,0,0
0.005625,305.15,0.5757772534,0.9453125,0.07440526715,0,0
0.00625,305.15,0.5864431162,0.9453125,0.07158528539,0,0
0.006875,305.15,0.5953726684,0.9453125,0.06901858363,0,0
0.0075,305.15,0.6029568715,0.9453125,0.06668720776,0,0
0.008125,305.15,0.6094777967,0.9453125,0.06456889058,0,0
0.00875,305.15,0.6151439771,0.9453125,0.06264107327,0,0
0.009375,305.15,0.6201128587,0.9453125,0.0608826204,0,0
0.01,305.15,0.6245055151,0.9453125,0.05927444967,0,0
0.010625,305.15,0.6284165618,0.9453125,0.05779965507,0,0
0.01125,305.15,0.6319209997,0.9453125,0.05644340328,0,0
0.011875,305.15,0.6350790414,0.9453125,0.05519273908,0,0
0.0125,305.15,0.6379395815,0.9453125,0.05403636568,0,0
0.013125,305.15,0.6405427339,0.9453125,0.05296443022,0,0
0.01375,305.15,0.6429217165,0.9453125,0.05196832779,0,0
0.014375,305.15,0.6451042711,0.9453125,0.0510405281,0,0
0.015,305.15,0.6471137461,0.9453125,0.05017442515,0,0
0.015625,305.15,0.6489699328,0.9453125,0.04936420812,0,0
0.01625,305.15,0.6506897176,0.9453125,0.04860475127,0,0
0.016875,305.15,0.6522875955,0.9453125,0.04789152009,0,0
0.0175,305.15,0.653776079,0.9453125,0.0472204916,0,0
0.018125,305.15,0.6551660258,0.9453125,0.04658808646,0,0
0.01875,305.15,0.6564669031,0.9453125,0.04599111113,0,0
0.019375,305.15,0.6576870034,0.9453125,0.04542670858,0,0
0.02,305.15,0.6588336215,0.9453125,0.04489231604,0,0
0.020625,305.15,0.6599131993,0.9453125,0.04438562882,0,0
0.02125,305.15,0.6609314477,0.9453125,0.0439045692,0,0
0.021875,305.15,0.6618934469,0.9453125,0.04344725961,0,0
0.0225,305.15,0.6628037312,0.9453125,0.04301199943,0,0
0.023125,305.15,0.6636663606,0.9453125,0.04259724496,0,0
0.02375,305.15,0.6644849809,0.9453125,0.04220159188,0,0
0.024375,305.15,0.6652628754,0.9453125,0.04182376009,0,0
0.025,305.15,0.6660030088,0.9453125,0.04146258041,0,0
0.025625,305.15,0.6667080649,0.9453125,0.04111698295,0,0
0.02625,305.15,0.6673804792,0.9453125,0.04078598683,0,0
0.026875,305.15,0.6680224666,0.9453125,0.04046869128,0,0
0.0275,305.15,0.6686360465,0.9453125,0.04016426761,0,0
0.028125,305.15,0.6692230632,0.9453125,0.03987195225,0,0
0.02875,305.15,0.6697852048,0.9453125,0.03959104046,0,0
0.029375,305.15,0.6703240194,0.9453125,0.0393208809,0,0
0.03,305.15,0.6708409293,0.9453125,0.0390608706,0,0
0.030625,305.15,0.6713372434,0.9453125,0.03881045065,0,0
0.03125,305.15,0.6718141684,0.9453125,0.03856910223,0,0
0.031875,305.15,0.6722728187,0.9453125,0.03833634312,0,0
0.0325,305.15,0.6727142246,0.9453125,0.03811172453,0,0
0.033125,305.15,0.6731393406,0.9453125,0.03789482828,0,0
0.03375,305.15,0.6735490522,0.9453125,0.03768526422,0,0
0.034375,305.15,0.6739441815,0.9453125,0.03748266797,0,0
0.035,305.15,0.6743254933,0.9453125,0.0372866988,0,0
0.035625,305.15,0.6746937,0.9453125,0.03709703777,0,0
0.03625,305.15,0.6750494656,0.9453125,0.03691338601,0,0
0.036875,305.15,0.6753934102,0.9453125,0.03673546318,0,0
0.0375,305.15,0.6757261132,0.9453125,0.03656300606,0,0
0.038125,305.15,0.6760481169,0.9453125,0.03639576726,0,0
0.03875,305.15,0.6763599291,0.9453125,0.03623351405,0,0
0.039375,305.15,0.6766620261,0.9453125,0.03607602732,0,0
0.04,305.15,0.676954855,0.9453125,0.03592310055,0,0
0.040625,305.15,0.6772388358,0.9453125,0.03577453899,0,0
0.04125,305.15,0.6775143635,0.9453125,0.03563015876,0,0
0.041875,305.15,0.67778181,0.9453125,0.03548978616,0,0
0.0425,305.15,0.6780415257,0.9453125,0.03535325695,0,0
0.043125,305.15,0.6782938409,0.9453125,0.03522041573,0,0
0.04375,305.15,0.6785390675,0.9453125,0.03509111536,0,0
0.044375,305.15,0.6787775001,0.9453125,0.03496521637,0,0
0.045,305.15,0.6790094171,0.9453125,0.03484258655,0,0
0.045625,305.15,0.6792350819,0.9453125,0.03472310041,0,0
0.04625,305.15,0.6794547441,0.9453125,0.03460663881,0,0
0.046875,305.15,0.67966864,0.9453125,0.03449308853,0,0
0.0475,305.15,0.6798769937,0.9453125,0.03438234193,0,0
0.048125,305.15,0.6800800178,0.9453125,0.03427429659,0,0
0.04875,305.15,0.6802779141,0.9453125,0.03416885503,0,0
0.049375,305.15,0.6804708747,0.9453125,0.03406592439,0,0
0.05,305.15,0.6806590817,0.9453125,0.03396541615,0,0
0.050625,305.15,0.6808427088,0.9453125,0.03386724592,1,1
0.05125,305.15,0.681021921,0.9453125,0.03377133317,0,0
0.051875,305.15,0.6811968758,0.9453125,0.03367760101,1,1
0.0525,305.15,0.681367723,0.9453125,0.03358597602,0,0
0.053125,305.15,0.6815346055,0.9453125,0.03349638802,1,1
0.05375,305.15,0.6816976599,0.9453125,0.0334087699,0,0
0.054375,305.15,0.6818570163,0.9453125,0.03332305749,0,0
0.055,305.15,0.6820127992,0.9453125,0.03323918935,1,1
0.055625,305.15,0.6821651273,0.9453125,0.03315710665,0,0
0.05625,305.15,0.6823141143,0.9453125,0.03307675306,1,1
0.056875,305.15,0.6824598691,0.9453125,0.03299807454,0,0
0.0575,305.15,0.6826024955,0.9453125,0.03292101934,0,0
0.058125,305.15,0.6827420933,0.9453125,0.03284553776,1,1
0.05875,305.15,0.6828787579,0.9453125,0.03277158215,0,0
0.059375,305.15,0.6830125808,0.9453125,0.03269910674,0,0
0.06,305.15,0.6831436498,0.9453125,0.03262806757,1,1
0.060625,305.15,0.6832720488,0.9453125,0.0325584224,0,0
0.06125,305.15,0.6833978588,0.9453125,0.03249013065,0,0
0.061875,305.15,0.6835211573,0.9453125,0.03242315328,1,1
0.0625,305.15,0.6836420186,0.9453125,0.03235745273,1,1
0.063125,305.15,0.6837605143,0.9453125,0.03229299288,1,1
0.06375,305.15,0.6838767133,0.9453125,0.03222973893,1,1
0.064375,305.15,0.6839906816,0.9453125,0.03216765739,1,1
0.065,305.15,0.6841024829,0.9453125,0.03210671599,1,1
0.065625,305.15,0.6842121784,0.9453125,0.03204688364,1,1
0.06625,305.15,0.6843198271,0.9453125,0.03198813034,1,1
0.066875,305.15,0.6844254856,0.9453125,0.0319304272,1,1
0.0675,305.15,0.6845292087,0.9453125,0.03187374634,1,1
0.068125,305.15,0.684631049,0.9453125,0.03181806083,1,1
0.06875,305.15,0.6847310574,0.9453125,0.03176334472,1,1
0.069375,305.15,0.6848292829,0.9453125,0.03170957293,1,1
0.07,305.15,0.6849257727,0.9453125,0.03165672123,1,1
0.070625,305.15,0.6850205724,0.9453125,0.03160476622,1,1
0.07125,305.15,0.685113726,0.9453125,0.0315536853,1,1
0.071875,305.15,0.6852052761,0.9453125,0.0315034566,1,1
0.0725,305.15,0.6852952636,0.9453125,0.03145405899,1,1
0.073125,305.15,0.6853837283,0.9453125,0.03140547201,1,1
0.07375,305.15,0.6854707085,0.9453125,0.0313576759,1,1
0.074375,305.15,0.6855562412,0.9453125,0.03131065151,1,1
0.075,305.15,0.6856403622,0.9453125,0.03126438031,1,1
0.075625,305.15,0.6857231063,0.9453125,0.03121884436,1,1
0.07625,305.15,0.685804507,0.9453125,0.03117402629,1,1
0.076875,305.15,0.6858845966,0.9453125,0.03112990925,1,1
0.0775,305.15,0.6859634067,0.9453125,0.03108647694,1,1
0.078125,305.15,0.6860409677,0.9453125,0.03104371355,1,1
0.07875,305.15,0.686117309,0.9453125,0.03100160375,1,1
0.079375,305.15,0.6861924591,0.9453125,0.03096013268,1,1
0.08,305.15,0.6862664457,0.9453125,0.03091928592,1,1
0.005,305.65,0.5604917945,0.94140625,0.07820558606,0,0
0.005625,305.65,0.5733980086,0.94140625,0.07519572706,0,0
0.00625,305.65,0.5840197976,0.94140625,0.07243509518,0,0
0.006875,305.65,0.5929124507,0.94140625,0.06992049704,0,0
0.0075,305.65,0.6004653142,0.94140625,0.06763516622,0,0
0.008125,305.65,0.6069592934,0.94140625,0.065557795,0,0
0.00875,305.65,0.6126020598,0.94140625,0.06366660187,0,0
0.009375,305.65,0.6175504088,0.94140625,0.06194108458,0,0
0.01,305.65,0.6219249138,0.94140625,0.06036267988,0,0
0.010625,305.65,0.6258197992,0.94140625,0.0589149103,0,0
0.01125,305.65,0.6293097559,0.94140625,0.05758329876,0,0
0.011875,305.65,0.6324547478,0.94140625,0.05635518823,0,0
0.0125,305.65,0.6353034675,0.94140625,0.05521953311,0,0
0.013125,305.65,0.6378958631,0.94140625,0.05416669355,0,0
0.01375,305.65,0.6402650152,0.94140625,0.05318824628,0,0
0.014375,305.65,0.642438551,0.94140625,0.0522768168,0,0
0.015,305.65,0.6444397223,0.94140625,0.0514259334,0,0
0.015625,305.65,0.6462882389,0.94140625,0.05062990168,0,0
0.01625,305.65,0.6480009171,0.94140625,0.04988369719,0,0
0.016875,305.65,0.6495921922,0.94140625,0.04918287401,0,0
0.0175,305.65,0.651074525,0.94140625,0.04852348696,0,0
0.018125,305.65,0.6524587282,0.94140625,0.04790202525,0,0
0.01875,305.65,0.6537542299,0.94140625,0.04731535603,0,0
0.019375,305.65,0.6549692886,0.94140625,0.04676067613,0,0
0.02,305.65,0.6561111685,0.94140625,0.04623547078,0,0
0.020625,305.65,0.6571862852,0.94140625,0.04573747818,0,0
0.02125,305.65,0.658200326,0.94140625,0.04526465906,0,0
0.021875,305.65,0.65915835,0.94140625,0.0448151704,0,0
0.0225,305.65,0.6600648728,0.94140625,0.04438734275,0,0
0.023125,305.65,0.6609239376,0.94140625,0.04397966055,0,0
0.02375,305.65,0.6617391752,0.94140625,0.04359074499,0,0
0.024375,305.65,0.6625138552,0.94140625,0.04321933913,0,0
0.025,305.65,0.6632509302,0.94140625,0.04286429487,0,0
0.025625,305.65,0.6639530729,0.94140625,0.04252456153,0,0
0.02625,305.65,0.6646227086,0.94140625,0.04219917581,0,0
0.026875,305.65,0.6652620432,0.94140625,0.04188725302,0,0
0.0275,305.65,0.6658730877,0.94140625,0.04158797923,0,0
0.028125,305.65,0.6664576787,0.94140625,0.04130060441,0,0
0.02875,305.65,0.6670174974,0.94140625,0.04102443635,0,0
0.029375,305.65,0.6675540855,0.94140625,0.04075883518,0,0
0.03,305.65,0.6680688594,0.94140625,0.04050320859,0,0
0.030625,305.65,0.6685631226,0.94140625,0.0402570075,0,0
0.03125,305.65,0.6690380768,0.94140625,0.04001972221,0,0
0.031875,305.65,0.6694948318,0.94140625,0.03979087895,0,0
0.0325,305.65,0.6699344137,0.94140625,0.03957003679,0,0
0.033125,305.65,0.6703577731,0.94140625,0.03935678484,0,0
0.03375,305.65,0.6707657916,0.94140625,0.03915073977,0,0
0.034375,305.65,0.6711592881,0.94140625,0.03895154355,0,0
0.035,305.65,0.6715390243,0.94140625,0.03875886137,0,0
0.035625,305.65,0.6719057095,0.94140625,0.03857237982,0,0
0.03625,305.65,0.672260005,0.94140625,0.03839180523,0,0
0.036875,305.65,0.6726025283,0.94140625,0.0382168621,0,0
0.0375,305.65,0.6729338565,0.94140625,0.03804729178,0,0
0.038125,305.65,0.6732545296,0.94140625,0.03788285113,0,0
0.03875,305.65,0.6735650534,0.94140625,0.03772331147,0,0
0.039375,305.65,0.6738659021,0.94140625,0.03756845744,0,0
0.04,305.65,0.6741575209,0.94140625,0.0374180861,0,0
0.040625,305.65,0.6744403282,0.94140625,0.03727200603,0,0
0.04125,305.65,0.6747147174,0.94140625,0.03713003651,0,0
0.041875,305.65,0.6749810588,0.94140625,0.03699200684,0,0
0.0425,305.65,0.6752397012,0.94140625,0.03685775559,0,0
0.043125,305.65,0.6754909738,0.94140625,0.03672713002,0,0
0.04375,305.65,0.6757351871,0.94140625,0.03659998551,0,0
0.044375,305.65,0.6759726344,0.94140625,0.03647618498,0,0
0.045,305.65,0.676203593,0.94140625,0.03635559848,0,0
0.045625,305.65,0.6764283254,0.94140625,0.03623810266,0,0
0.04625,305.65,0.6766470799,0.94140625,0.03612358042,0,0
0.046875,305.65,0.6768600919,0.94140625,0.03601192046,0,0
0.0475,305.65,0.6770675846,0.94140625,0.03590301699,0,0
0.048125,305.65,0.6772697697,0.94140625,0.03579676933,0,0
0.04875,305.65,0.6774668484,0.94140625,0.03569308166,0,0
0.049375,305.65,0.6776590116,0.94140625,0.03559186269,0,0
0.05,305.65,0.6778464409,0.94140625,0.03549302542,0,0
0.050625,305.65,0.6780293092,0.94140625,0.03539648688,1,1
0.05125,305.65,0.6782077809,0.94140625,0.03530216792,0,0
0.051875,305.65,0.6783820127,0.94140625,0.03520999296,1,1
0.0525,305.65,0.6785521539,0.94140625,0.0351198898,0,0
0.053125,305.65,0.6787183468,0.94140625,0.03503178947,0,0
0.05375,305.65,0.6788807274,0.94140625,0.03494562601,1,1
0.054375,305.65,0.6790394253,0.94140625,0.0348613363,0,0
0.055,305.65,0.6791945644,0.94140625,0.03477885997,1,1
0.055625,305.65,0.6793462631,0.94140625,0.03469813917,0,0
0.05625,305.65,0.6794946345,0.94140625,0.03461911853,0,0
0.056875,305.65,0.679639787,0.94140625,0.03454174493,1,1
0.0575,305.65,0.679781824,0.94140625,0.03446596747,0,0
0.058125,305.65,0.679920845,0.94140625,0.03439173733,1,1
0.05875,305.65,0.6800569449,0.94140625,0.03431900762,1,1
0.059375,305.65,0.6801902148,0.94140625,0.03424773337,0,0
0.06,305.65,0.6803207421,0.94140625,0.03417787136,1,1
0.060625,305.65,0.6804486106,0.94140625,0.03410938006,1,1
0.06125,305.65,0.6805739007,0.94140625,0.03404221956,0,0
0.061875,305.65,0.6806966897,0.94140625,0.03397635149,1,1
0.0625,305.65,0.6808170516,0.94140625,0.03391173893,1,1
0.063125,305.65,0.6809350577,0.94140625,0.03384834636,1,1
0.06375,305.65,0.6810507765,0.94140625,0.03378613956,1,1
0.064375,305.65,0.6811642739,0.94140625,0.03372508562,1,1
0.065,305.65,0.6812756132,0.94140625,0.03366515279,1,1
0.065625,305.65,0.6813848554,0.94140625,0.03360631052,1,1
0.06625,305.65,0.6814920592,0.94140625,0.03354852931,1,1
0.066875,305.65,0.6815972811,0.94140625,0.03349178076,1,1
0.0675,305.65,0.6817005756,0.94140625,0.03343603744,1,1
0.068125,305.65,0.6818019951,0.94140625,0.0333812729,1,1
0.06875,305.65,0.6819015903,0.94140625,0.03332746161,1,1
0.069375,305.65,0.6819994098,0.94140625,0.0332745789,1,1
0.07,305.65,0.6820955009,0.94140625,0.03322260096,1,1
0.070625,305.65,0.6821899089,0.94140625,0.0331715048,1,1
0.07125,305.65,0.6822826776,0.94140625,0.03312126816,1,1
0.071875,305.65,0.6823738493,0.94140625,0.03307186957,1,1
0.0725,305.65,0.682463465,0.94140625,0.03302328823,1,1
0.073125,305.65,0.6825515641,0.94140625,0.03297550405,1,1
0.07375,305.65,0.6826381849,0.94140625,0.03292849758,1,1
0.074375,305.65,0.6827233641,0.94140625,0.03288224999,1,1
0.075,305.65,0.6828071376,0.94140625,0.03283674307,1,1
0.075625,305.65,0.6828895398,0.94140625,0.03279195918,1,1
0.07625,305.65,0.6829706041,0.94140625,0.03274788123,1,1
0.076875,305.65,0.6830503628,0.94140625,0.03270449266,1,1
0.0775,305.65,0.6831288472,0.94140625,0.03266177745,1,1
0.078125,305.65,0.6832060877,0.94140625,0.03261972004,1,1
0.07875,305.65,0.6832821135,0.94140625,0.03257830537,1,1
0.079375,305.65,0.6833569531,0.94140625,0.03253751881,1,1
0.08,305.65,0.683430634,0.94140625,0.0324973462,1,1
0.005,306.15,0.5581661024,0.9375,0.07891662463,0,0
0.005625,306.15,0.5710187637,0.9375,0.07597417268,0,0
0.00625,306.15,0.5815964789,0.9375,0.07327232093,0,0
0.006875,306.15,0.5904522331,0.9375,0.07080932713,0,0
0.0075,306.15,0.5979737569,0.9375,0.06856960053,0,0
0.008125,306.15,0.6044407901,0.9375,0.06653278337,0,0
0.00875,306.15,0.6100601425,0.9375,0.06467786388,0,0
0.009375,306.15,0.614987959,0.9375,0.06298496683,0,0
0.01,306.15,0.6193443125,0.9375,0.06143604306,0,0
0.010625,306.15,0.6232230365,0.9375,0.06001503953,0,0
0.01125,306.15,0.6266985121,0.9375,0.05870783198,0,0
0.011875,306.15,0.6298304543,0.9375,0.05750205872,0,0
0.0125,306.15,0.6326673536,0.9375,0.05638692299,0,0
0.013125,306.15,0.6352489923,0.9375,0.0553529959,0,0
0.01375,306.15,0.6376083139,0.9375,0.0543920341,0,0
0.014375,306.15,0.6397728308,0.9375,0.05349681739,0,0
0.015,306.15,0.6417656986,0.9375,0.05266100711,0,0
0.015625,306.15,0.6436065449,0.9375,0.05187902411,0,0
0.01625,306.15,0.6453121166,0.9375,0.05114594431,0,0
0.016875,306.15,0.6468967889,0.9375,0.05045740955,0,0
0.0175,306.15,0.6483729709,0.9375,0.04980955168,0,0
0.018125,306.15,0.6497514305,0.9375,0.04919892782,0,0
0.01875,306.15,0.6510415568,0.9375,0.04862246524,0,0
0.019375,306.15,0.6522515737,0.9375,0.04807741411,0,0
0.02,306.15,0.6533887155,0.9375,0.0475613072,0,0
0.020625,306.15,0.6544593712,0.9375,0.04707192519,0,0
0.02125,306.15,0.6554692043,0.9375,0.04660726689,0,0
0.021875,306.15,0.6564232531,0.9375,0.04616552352,0,0
0.0225,306.15,0.6573260144,0.9375,0.04574505649,0,0
0.023125,306.15,0.6581815146,0.9375,0.04534437811,0,0
0.02375,306.15,0.6589933695,0.9375,0.04496213484,0,0
0.024375,306.15,0.6597648351,0.9375,0.04459709268,0,0
0.025,306.15,0.6604988517,0.9375,0.04424812439,0,0
0.025625,306.15,0.6611980809,0.9375,0.04391419834,0,0
0.02625,306.15,0.661864938,0.9375,0.04359436864,0,0
0.026875,306.15,0.6625016198,0.9375,0.04328776651,0,0
0.0275,306.15,0.6631101288,0.9375,0.04299359264,0,0
0.028125,306.15,0.6636922941,0.9375,0.04271111045,0,0
0.02875,306.15,0.6642497899,0.9375,0.04243964007,0,0
0.029375,306.15,0.6647841515,0.9375,0.04217855305,0,0
0.03,306.15,0.6652967894,0.9375,0.04192726762,0,0
0.030625,306.15,0.6657890017,0.9375,0.04168524442,0,0
0.03125,306.15,0.6662619852,0.9375,0.0414519828,0,0
0.031875,306.15,0.6667168449,0.9375,0.04122701734,0,0
0.0325,306.15,0.6671546029,0.9375,0.0410099149,0,0
0.033125,306.15,0.6675762056,0.9375,0.04080027184,0,0
0.03375,306.15,0.6679825311,0.9375,0.04059771156,0,0
0.034375,306.15,0.6683743948,0.9375,0.04040188231,0,0
0.035,306.15,0.6687525554,0.9375,0.04021245514,0,0
0.035625,306.15,0.669117719,0.9375,0.04002912216,0,0
0.03625,306.15,0.6694705444,0.9375,0.0398515948,0,0
0.036875,306.15,0.6698116465,0.9375,0.03967960238,0,0
0.0375,306.15,0.6701415999,0.9375,0.03951289076,0,0
0.038125,306.15,0.6704609424,0.9375,0.03935122105,0,0
0.03875,306.15,0.6707701776,0.9375,0.03919436852,0,0
0.039375,306.15,0.671069778,0.9375,0.03904212156,0,0
0.04,306.15,0.6713601868,0.9375,0.03889428076,0,0
0.040625,306.15,0.6716418207,0.9375,0.03875065801,0,0
0.04125,306.15,0.6719150713,0.9375,0.03861107574,0,0
0.041875,306.15,0.6721803075,0.9375,0.03847536617,0,0
0.0425,306.15,0.6724378767,0.9375,0.03834337068,0,0
0.043125,306.15,0.6726881067,0.9375,0.03821493918,0,0
0.04375,306.15,0.6729313066,0.9375,0.03808992951,0,0
0.044375,306.15,0.6731677687,0.9375,0.03796820699,0,0
0.045,306.15,0.673397769,0.9375,0.03784964389,0,0
0.045625,306.15,0.6736215689,0.9375,0.037734119,0,0
0.04625,306.15,0.6738394157,0.9375,0.0376215172,0,0
0.046875,306.15,0.6740515438,0.9375,0.03751172914,0,0
0.0475,306.15,0.6742581756,0.9375,0.03740465083,0,0
0.048125,306.15,0.6744595217,0.9375,0.03730018332,0,0
0.04875,306.15,0.6746557826,0.9375,0.03719823243,0,0
0.049375,306.15,0.6748471484,0.9375,0.03709870843,0,0
0.05,306.15,0.6750338001,0.9375,0.03700152583,0,0
0.050625,306.15,0.6752159095,0.9375,0.03690660307,1,1
0.05125,306.15,0.6753936407,0.9375,0.03681386235,0,0
0.051875,306.15,0.6755671495,0.9375,0.03672322938,0,0
0.0525,306.15,0.6757365848,0.9375,0.03663463322,1,1
0.053125,306.15,0.6759020881,0.9375,0.03654800604,0,0
0.05375,306.15,0.676063795,0.9375,0.03646328302,1,1
0.054375,306.15,0.6762218344,0.9375,0.03638040214,0,0
0.055,306.15,0.6763763297,0.9375,0.03629930402,1,1
0.055625,306.15,0.6765273989,0.9375,0.03621993184,0,0
0.05625,306.15,0.6766751547,0.9375,0.03614223113,0,0
0.056875,306.15,0.6768197048,0.9375,0.0360661497,1,1
0.0575,306.15,0.6769611526,0.9375,0.03599163752,0,0
0.058125,306.15,0.6770995967,0.9375,0.03591864658,0,0
0.05875,306.15,0.6772351318,0.9375,0.03584713081,1,1
0.059375,306.15,0.6773678488,0.9375,0.03577704599,0,0
0.06,306.15,0.6774978345,0.9375,0.03570834963,0,0
0.060625,306.15,0.6776251724,0.9375,0.03564100092,1,1
0.06125,306.15,0.6777499426,0.9375,0.03557496063,0,0
0.061875,306.15,0.6778722221,0.9375,0.03551019103,1,1
0.0625,306.15,0.6779920845,0.9375,0.03544665583,1,1
0.063125,306.15,0.678109601,0.9375,0.0353843201,1,1
0.06375,306.15,0.6782248396,0.9375,0.03532315023,1,1
0.064375,306.15,0.6783378661,0.9375,0.03526311383,1,1
0.065,306.15,0.6784487434,0.9375,0.03520417973,1,1
0.065625,306.15,0.6785575323,0.9375,0.03514631785,1,1
0.06625,306.15,0.6786642913,0.9375,0.03508949924,1,1
0.066875,306.15,0.6787690766,0.9375,0.03503369594,1,1
0.0675,306.15,0.6788719425,0.9375,0.03497888101,1,1
0.068125,306.15,0.6789729412,0.9375,0.03492502843,1,1
0.06875,306.15,0.6790721231,0.9375,0.0348721131,1,1
0.069375,306.15,0.6791695368,0.9375,0.03482011079,1,1
0.07,306.15,0.6792652291,0.9375,0.03476899808,1,1
0.070625,306.15,0.6793592453,0.9375,0.03471875235,1,1
0.07125,306.15,0.6794516291,0.9375,0.03466935175,1,1
0.071875,306.15,0.6795424225,0.9375,0.03462077515,1,1
0.0725,306.15,0.6796316664,0.9375,0.03457300211,1,1
0.073125,306.15,0.6797194,0.9375,0.03452601287,1,1
0.07375,306.15,0.6798056613,0.9375,0.03447978831,1,1
0.074375,306.15,0.6798904871,0.9375,0.03443430993,1,1
0.075,306.15,0.679973913,0.9375,0.03438955981,1,1
0.075625,306.15,0.6800559732,0.9375,0.03434552062,1,1
0.07625,306.15,0.6801367011,0.9375,0.03430217555,1,1
0.076875,306.15,0.6802161289,0.9375,0.03425950834,1,1
0.0775,306.15,0.6802942877,0.9375,0.0342175032,1,1
0.078125,306.15,0.6803712076,0.9375,0.03417614487,1,1
0.07875,306.15,0.680446918,0.9375,0.03413541852,1,1
0.079375,306.15,0.680521447,0.9375,0.03409530979,1,1
0.08,306.15,0.6805948222,0.9375,0.03405580473,1,1
0.005,306.65,0.5558404103,0.93359375,0.07961634904,0,0
0.005625,306.65,0.5686395189,0.93359375,0.07674065202,0,0
0.00625,306.65,0.5791731602,0.93359375,0.07409701369,0,0
0.006875,306.65,0.5879920154,0.93359375,0.07168512767,0,0
0.0075,306.65,0.5954821996,0.93359375,0.06949056689,0,0
0.008125,306.65,0.6019222868,0.93359375,0.0674939141,0,0
0.00875,306.65,0.6075182253,0.93359375,0.06567491972,0,0
0.009375,306.65,0.6124255092,0.93359375,0.0640143294,0,0
0.01,306.65,0.6167637112,0.93359375,0.06249460313,0,0
0.010625,306.65,0.6206262739,0.93359375,0.06110010819,0,0
0.01125,306.65,0.6240872683,0.93359375,0.05981706978,0,0
0.011875,306.65,0.6272061607,0.93359375,0.05863341871,0,0
0.0125,306.65,0.6300312396,0.93359375,0.05753860468,0,0
0.013125,306.65,0.6326021215,0.93359375,0.05652340775,0,0
0.01375,306.65,0.6349516126,0.93359375,0.05557976277,0,0
0.014375,306.65,0.6371071107,0.93359375,0.05470060236,0,0
0.015,306.65,0.6390916749,0.93359375,0.05387971965,0,0
0.015625,306.65,0.640924851,0.93359375,0.05311164966,0,0
0.01625,306.65,0.6426233161,0.93359375,0.05239156769,0,0
0.016875,306.65,0.6442013856,0.93359375,0.05171520251,0,0
0.0175,306.65,0.6456714169,0.93359375,0.05107876226,0,0
0.018125,306.65,0.6470441329,0.93359375,0.05047887135,0,0
0.01875,306.65,0.6483288836,0.93359375,0.04991251655,0,0
0.019375,306.65,0.6495338588,0.93359375,0.04937700091,0,0
0.02,306.65,0.6506662625,0.93359375,0.04886990425,0,0
0.020625,306.65,0.6517324571,0.93359375,0.04838904934,0,0
0.02125,306.65,0.6527380826,0.93359375,0.04793247271,0,0
0.021875,306.65,0.6536881562,0.93359375,0.04749839948,0,0
0.0225,306.65,0.654587156,0.93359375,0.04708522162,0,0
0.023125,306.65,0.6554390916,0.93359375,0.04669147905,0,0
0.02375,306.65,0.6562475638,0.93359375,0.04631584326,0,0
0.024375,306.65,0.6570158149,0.93359375,0.04595710297,0,0
0.025,306.65,0.6577467731,0.93359375,0.0456141516,0,0
0.025625,306.65,0.6584430889,0.93359375,0.04528597639,0,0
0.02625,306.65,0.6591071674,0.93359375,0.04497164867,0,0
0.026875,306.65,0.6597411964,0.93359375,0.04467031544,0,0
0.0275,306.65,0.6603471699,0.93359375,0.04438119188,0,0
0.028125,306.65,0.6609269095,0.93359375,0.04410355469,0,0
0.02875,306.65,0.6614820825,0.93359375,0.04383673626,0,0
0.029375,306.65,0.6620142175,0.93359375,0.04358011945,0,0
0.03,306.65,0.6625247194,0.93359375,0.04333313288,0,0
0.030625,306.65,0.6630148809,0.93359375,0.04309524689,0,0
0.03125,306.65,0.6634858936,0.93359375,0.04286596972,0,0
0.031875,306.65,0.6639388581,0.93359375,0.04264484428,0,0
0.0325,306.65,0.664374792,0.93359375,0.04243144511,0,0
0.033125,306.65,0.6647946381,0.93359375,0.04222537575,0,0
0.03375,306.65,0.6651992705,0.93359375,0.04202626628,0,0
0.034375,306.65,0.6655895015,0.93359375,0.04183377115,0,0
0.035,306.65,0.6659660864,0.93359375,0.04164756726,0,0
0.035625,306.65,0.6663297285,0.93359375,0.04146735212,0,0
0.03625,306.65,0.6666810838,0.93359375,0.04129284225,0,0
0.036875,306.65,0.6670207646,0.93359375,0.04112377176,0,0
0.0375,306.65,0.6673493432,0.93359375,0.04095989094,0,0
0.038125,306.65,0.6676673551,0.93359375,0.0408009651,0,0
0.03875,306.65,0.6679753019,0.93359375,0.04064677346,0,0
0.039375,306.65,0.6682736539,0.93359375,0.04049710812,0,0
0.04,306.65,0.6685628527,0.93359375,0.04035177315,0,0
0.040625,306.65,0.6688433131,0.93359375,0.04021058372,0,0
0.04125,306.65,0.6691154251,0.93359375,0.04007336536,0,0
0.041875,306.65,0.6693795562,0.93359375,0.03993995323,0,0
0.0425,306.65,0.6696360522,0.93359375,0.03981019146,0,0
0.043125,306.65,0.6698852396,0.93359375,0.03968393258,0,0
0.04375,306.65,0.6701274262,0.93359375,0.0395610369,0,0
0.044375,306.65,0.670362903,0.93359375,0.03944137207,0,0
0.045,306.65,0.6705919449,0.93359375,0.03932481259,0,0
0.045625,306.65,0.6708148123,0.93359375,0.03921123934,0,0
0.04625,306.65,0.6710317514,0.93359375,0.03910053922,0,0
0.046875,306.65,0.6712429957,0.93359375,0.03899260475,0,0
0.0475,306.65,0.6714487665,0.93359375,0.03888733374,0,0
0.048125,306.65,0.6716492737,0.93359375,0.03878462896,0,0
0.04875,306.65,0.6718447169,0.93359375,0.03868439786,0,0
0.049375,306.65,0.6720352853,0.93359375,0.03858655227,0,0
0.05,306.65,0.6722211592,0.93359375,0.03849100814,0,0
0.050625,306.65,0.6724025099,0.93359375,0.03839768535,0,0
0.05125,306.65,0.6725795005,0.93359375,0.03830650742,1,1
0.051875,306.65,0.6727522864,0.93359375,0.03821740136,0,0
0.0525,306.65,0.6729210157,0.93359375,0.03813029743,1,1
0.053125,306.65,0.6730858294,0.93359375,0.03804512898,0,0
0.05375,306.65,0.6732468625,0.93359375,0.03796183231,1,1
0.054375,306.65,0.6734042434,0.93359375,0.03788034645,0,0
0.055,306.65,0.673558095,0.93359375,0.03780061306,0,0
0.055625,306.65,0.6737085348,0.93359375,0.03772257628,1,1
0.05625,306.65,0.6738556749,0.93359375,0.03764618258,0,0
0.056875,306.65,0.6739996227,0.93359375,0.03757138067,1,1
0.0575,306.65,0.6741404811,0.93359375,0.03749812137,0,0
0.058125,306.65,0.6742783484,0.93359375,0.0374263575,0,0
0.05875,306.65,0.6744133188,0.93359375,0.03735604378,1,1
0.059375,306.65,0.6745454827,0.93359375,0.03728713673,0,0
0.06,306.65,0.6746749268,0.93359375,0.03721959461,0,0
0.060625,306.65,0.6748017342,0.93359375,0.0371533773,1,1
0.06125,306.65,0.6749259846,0.93359375,0.03708844624,1,1
0.061875,306.65,0.6750477545,0.93359375,0.03702476434,1,1
0.0625,306.65,0.6751671175,0.93359375,0.03696229594,1,1
0.063125,306.65,0.6752841443,0.93359375,0.0369010067,1,1
0.06375,306.65,0.6753989028,0.93359375,0.03684086359,1,1
0.064375,306.65,0.6755114583,0.93359375,0.03678183477,1,1
0.065,306.65,0.6756218736,0.93359375,0.03672388959,1,1
0.065625,306.65,0.6757302093,0.93359375,0.03666699851,1,1
0.06625,306.65,0.6758365234,0.93359375,0.03661113305,1,1
0.066875,306.65,0.6759408721,0.93359375,0.03655626574,1,1
0.0675,306.65,0.6760433094,0.93359375,0.03650237008,1,1
0.068125,306.65,0.6761438873,0.93359375,0.03644942053,1,1
0.06875,306.65,0.6762426559,0.93359375,0.03639739238,1,1
0.069375,306.65,0.6763396637,0.93359375,0.03634626183,1,1
0.07,306.65,0.6764349573,0.93359375,0.03629600586,1,1
0.070625,306.65,0.6765285818,0.93359375,0.03624660224,1,1
0.07125,306.65,0.6766205806,0.93359375,0.03619802947,1,1
0.071875,306.65,0.6767109958,0.93359375,0.03615026679,1,1
0.0725,306.65,0.6767998678,0.93359375,0.03610329412,1,1
0.073125,306.65,0.6768872358,0.93359375,0.03605709203,1,1
0.07375,306.65,0.6769731377,0.93359375,0.03601164171,1,1
0.074375,306.65,0.6770576101,0.93359375,0.03596692499,1,1
0.075,306.65,0.6771406883,0.93359375,0.03592292426,1,1
0.075625,306.65,0.6772224067,0.93359375,0.03587962246,1,1
0.07625,306.65,0.6773027982,0.93359375,0.03583700308,1,1
0.076875,306.65,0.677381895,0.93359375,0.03579505014,1,1
0.0775,306.65,0.6774597281,0.93359375,0.03575374812,1,1
0.078125,306.65,0.6775363276,0.93359375,0.035713082,1,1
0.07875,306.65,0.6776117225,0.93359375,0.03567303722,1,1
0.079375,306.65,0.677685941,0.93359375,0.03563359966,1,1
0.08,306.65,0.6777590105,0.93359375,0.0355947556,1,1
0.005,307.15,0.5535147182,0.9296875,0.08030480365,0,0
0.005625,307.15,0.566260274,0.9296875,0.07749521282,0,0
0.00625,307.15,0.5767498416,0.9296875,0.07490922422,0,0
0.006875,307.15,0.5855317978,0.9296875,0.07254795211,0,0
0.0075,307.15,0.5929906422,0.9296875,0.07039812119,0,0
0.008125,307.15,0.5994037835,0.9296875,0.06844124528,0,0
0.00875,307.15,0.604976308,0.9296875,0.06665782944,0,0
0.009375,307.15,0.6098630593,0.9296875,0.06502923417,0,0
0.01,307.15,0.6141831099,0.9296875,0.06353842362,0,0
0.010625,307.15,0.6180295112,0.9296875,0.06217018134,0,0
0.01125,307.15,0.6214760245,0.9296875,0.06091107861,0,0
0.011875,307.15,0.6245818671,0.9296875,0.05974933595,0,0
0.0125,307.15,0.6273951256,0.9296875,0.05867464713,0,0
0.013125,307.15,0.6299552507,0.9296875,0.05767799916,0,0
0.01375,307.15,0.6322949113,0.9296875,0.05675150337,0,0
0.014375,307.15,0.6344413906,0.9296875,0.05588824377,0,0
0.015,307.15,0.6364176511,0.9296875,0.05508214398,0,0
0.015625,307.15,0.6382431571,0.9296875,0.05432785211,0,0
0.01625,307.15,0.6399345156,0.9296875,0.05362064191,0,0
0.016875,307.15,0.6415059823,0.9296875,0.05295632821,0,0
0.0175,307.15,0.6429698628,0.9296875,0.05233119474,0,0
0.018125,307.15,0.6443368353,0.9296875,0.05174193253,0,0
0.01875,307.15,0.6456162105,0.9296875,0.05118558731,0,0
0.019375,307.15,0.6468161439,0.9296875,0.05065951445,0,0
0.02,307.15,0.6479438095,0.9296875,0.05016134043,0,0
0.020625,307.15,0.6490055431,0.9296875,0.04968892967,0,0
0.02125,307.15,0.6500069609,0.9296875,0.04924035605,0,0
0.021875,307.15,0.6509530593,0.9296875,0.04881387829,0,0
0.0225,307.15,0.6518482976,0.9296875,0.04840791861,0,0
0.023125,307.15,0.6526966687,0.9296875,0.04802104429,0,0
0.02375,307.15,0.6535017581,0.9296875,0.0476519516,0,0
0.024375,307.15,0.6542667948,0.9296875,0.04729945173,0,0
0.025,307.15,0.6549946946,0.9296875,0.04696245862,0,0
0.025625,307.15,0.6556880969,0.9296875,0.04663997815,0,0
0.02625,307.15,0.6563493969,0.9296875,0.04633109873,0,0
0.026875,307.15,0.656980773,0.9296875,0.04603498299,0,0
0.0275,307.15,0.6575842111,0.9296875,0.04575086044,0,0
0.028125,307.15,0.658161525,0.9296875,0.04547802095,0,0
0.02875,307.15,0.658714375,0.9296875,0.04521580905,0,0
0.029375,307.15,0.6592442836,0.9296875,0.04496361876,0,0
0.03,307.15,0.6597526495,0.9296875,0.04472088907,0,0
0.030625,307.15,0.66024076,0.9296875,0.04448709984,0,0
0.03125,307.15,0.660709802,0.9296875,0.04426176818,0,0
0.031875,307.15,0.6611608712,0.9296875,0.04404444522,0,0
0.0325,307.15,0.6615949812,0.9296875,0.04383471312,0,0
0.033125,307.15,0.6620130705,0.9296875,0.0436321825,0,0
0.03375,307.15,0.66241601,0.9296875,0.04343649008,0,0
0.034375,307.15,0.6628046082,0.9296875,0.04324729646,0,0
0.035,307.15,0.6631796174,0.9296875,0.0430642843,0,0
0.035625,307.15,0.663541738,0.9296875,0.04288715649,0,0
0.03625,307.15,0.6638916232,0.9296875,0.04271563458,0,0
0.036875,307.15,0.6642298828,0.9296875,0.0425494574,0,0
0.0375,307.15,0.6645570865,0.9296875,0.04238837966,0,0
0.038125,307.15,0.6648737678,0.9296875,0.04223217083,0,0
0.03875,307.15,0.6651804261,0.9296875,0.04208061402,0,0
0.039375,307.15,0.6654775298,0.9296875,0.04193350501,0,0
0.04,307.15,0.6657655186,0.9296875,0.04179065131,0,0
0.040625,307.15,0.6660448055,0.9296875,0.04165187136,0,0
0.04125,307.15,0.666315779,0.9296875,0.04151699375,0,0
0.041875,307.15,0.6665788049,0.9296875,0.04138585654,0,0
0.0425,307.15,0.6668342277,0.9296875,0.0412583066,0,0
0.043125,307.15,0.6670823724,0.9296875,0.04113419903,0,0
0.04375,307.15,0.6673235457,0.9296875,0.04101339661,0,0
0.044375,307.15,0.6675580372,0.9296875,0.0408957693,0,0
0.045,307.15,0.6677861209,0.9296875,0.04078119379,0,0
0.045625,307.15,0.6680080558,0.9296875,0.04066955305,0,0
0.04625,307.15,0.6682240872,0.9296875,0.04056073595,0,0
0.046875,307.15,0.6684344476,0.9296875,0.04045463688,0,0
0.0475,307.15,0.6686393574,0.9296875,0.04035115545,0,0
0.048125,307.15,0.6688390257,0.9296875,0.04025019611,0,0
0.04875,307.15,0.6690336511,0.9296875,0.04015166792,0,0
0.049375,307.15,0.6692234222,0.9296875,0.04005548425,0,0
0.05,307.15,0.6694085184,0.9296875,0.03996156252,1,1
0.050625,307.15,0.6695891103,0.9296875,0.03986982399,0,0
0.05125,307.15,0.6697653604,0.9296875,0.03978019352,1,1
0.051875,307.15,0.6699374233,0.9296875,0.03969259937,0,0
0.0525,307.15,0.6701054466,0.9296875,0.03960697302,1,1
0.053125,307.15,0.6702695707,0.9296875,0.03952324899,0,0
0.05375,307.15,0.67042993,0.9296875,0.03944136466,1,1
0.054375,307.15,0.6705866524,0.9296875,0.03936126012,1,1
0.055,307.15,0.6707398603,0.9296875,0.03928287806,0,0
0.055625,307.15,0.6708896706,0.9296875,0.03920616356,1,1
0.05625,307.15,0.6710361951,0.9296875,0.03913106403,0,0
0.056875,307.15,0.6711795406,0.9296875,0.03905752907,0,0
0.0575,307.15,0.6713198096,0.9296875,0.03898551034,1,1
0.058125,307.15,0.6714571,0.9296875,0.03891496148,0,0
0.05875,307.15,0.6715915057,0.9296875,0.03884583799,0,0
0.059375,307.15,0.6717231167,0.9296875,0.03877809715,1,1
0.06,307.15,0.6718520192,0.9296875,0.03871169793,0,0
0.060625,307.15,0.671978296,0.9296875,0.0386466009,0,0
0.06125,307.15,0.6721020265,0.9296875,0.03858276816,1,1
0.061875,307.15,0.6722232869,0.9296875,0.03852016328,1,1
0.0625,307.15,0.6723421505,0.9296875,0.03845875119,1,1
0.063125,307.15,0.6724586876,0.9296875,0.03839849816,1,1
0.06375,307.15,0.672572966,0.9296875,0.03833937171,1,1
0.064375,307.15,0.6726850505,0.9296875,0.03828134056,1,1
0.065,307.15,0.6727950039,0.9296875,0.03822437459,1,1
0.065625,307.15,0.6729028862,0.9296875,0.03816844476,1,1
0.06625,307.15,0.6730087555,0.9296875,0.03811352307,1,1
0.066875,307.15,0.6731126676,0.9296875,0.03805958255,1,1
0.0675,307.15,0.6732146763,0.9296875,0.03800659714,1,1
0.068125,307.15,0.6733148333,0.9296875,0.03795454172,1,1
0.06875,307.15,0.6734131887,0.9296875,0.03790339203,1,1
0.069375,307.15,0.6735097906,0.9296875,0.03785312467,1,1
0.07,307.15,0.6736046855,0.9296875,0.03780371701,1,1
0.070625,307.15,0.6736979183,0.9296875,0.03775514721,1,1
0.07125,307.15,0.6737895322,0.9296875,0.03770739413,1,1
0.071875,307.15,0.673879569,0.9296875,0.03766043737,1,1
0.0725,307.15,0.6739680692,0.9296875,0.03761425719,1,1
0.073125,307.15,0.6740550716,0.9296875,0.0375688345,1,1
0.07375,307.15,0.6741406141,0.9296875,0.03752415081,1,1
0.074375,307.15,0.674224733,0.9296875,0.03748018826,1,1
0.075,307.15,0.6743074637,0.9296875,0.03743692953,1,1
0.075625,307.15,0.6743888401,0.9296875,0.03739435787,1,1
0.07625,307.15,0.6744688953,0.9296875,0.03735245705,1,1
0.076875,307.15,0.6745476612,0.9296875,0.03731121134,1,1
0.0775,307.15,0.6746251686,0.9296875,0.03727060552,1,1
0.078125,307.15,0.6747014476,0.9296875,0.03723062481,1,1
0.07875,307.15,0.674776527,0.9296875,0.03719125489,1,1
0.079375,307.15,0.674850435,0.9296875,0.03715248188,1,1
0.08,307.15,0.6749231987,0.9296875,0.03711429233,1,1
0.005,307.65,0.5511890261,0.92578125,0.08098203261,0,0
0.005625,307.65,0.5638810292,0.92578125,0.07823790258,0,0
0.00625,307.65,0.5743265229,0.92578125,0.07570900302,0,0
0.006875,307.65,0.5830715802,0.92578125,0.07339785363,0,0
0.0075,307.65,0.5904990849,0.92578125,0.07129231901,0,0
0.008125,307.65,0.5968852802,0.92578125,0.06937483467,0,0
0.00875,307.65,0.6024343908,0.92578125,0.06762665279,0,0
0.009375,307.65,0.6073006095,0.92578125,0.06602974267,0,0
0.01,307.65,0.6116025086,0.92578125,0.06456756771,0,0
0.010625,307.65,0.6154327486,0.92578125,0.06322532367,0,0
0.01125,307.65,0.6188647807,0.92578125,0.06198992456,0,0
0.011875,307.65,0.6219575736,0.92578125,0.0608498778,0,0
0.0125,307.65,0.6247590116,0.92578125,0.05979511888,0,0
0.013125,307.65,0.6273083799,0.92578125,0.05881683976,0,0
0.01375,307.65,0.62963821,0.92578125,0.05790732657,0,0
0.014375,307.65,0.6317756705,0.92578125,0.05705981324,0,0
0.015,307.65,0.6337436274,0.92578125,0.05626835263,0,0
0.015625,307.65,0.6355614631,0.92578125,0.05552770484,0,0
0.01625,307.65,0.6372457151,0.92578125,0.05483324112,0,0
0.016875,307.65,0.638810579,0.92578125,0.05418086154,0,0
0.0175,307.65,0.6402683088,0.92578125,0.0535669247,0,0
0.018125,307.65,0.6416295376,0.92578125,0.05298818762,0,0
0.01875,307.65,0.6429035373,0.92578125,0.05244175438,0,0
0.019375,307.65,0.644098429,0.92578125,0.0519250322,0,0
0.02,307.65,0.6452213566,0.92578125,0.05143569374,0,0
0.020625,307.65,0.6462786291,0.92578125,0.05097164471,0,0
0.02125,307.65,0.6472758393,0.92578125,0.05053099596,0,0
0.021875,307.65,0.6482179624,0.92578125,0.05011203948,0,0
0.0225,307.65,0.6491094392,0.92578125,0.04971322745,0,0
0.023125,307.65,0.6499542457,0.92578125,0.04933315425,0,0
0.02375,307.65,0.6507559523,0.92578125,0.04897054067,0,0
0.024375,307.65,0.6515177746,0.92578125,0.0486242202,0,0
0.025,307.65,0.652242616,0.92578125,0.04829312706,0,0
0.025625,307.65,0.6529331049,0.92578125,0.04797628561,0,0
0.02625,307.65,0.6535916263,0.92578125,0.04767280116,0,0
0.026875,307.65,0.6542203496,0.92578125,0.04738185183,0,0
0.0275,307.65,0.6548212522,0.92578125,0.0471026813,0,0
0.028125,307.65,0.6553961404,0.92578125,0.04683459252,0,0
0.02875,307.65,0.6559466675,0.92578125,0.04657694201,0,0
0.029375,307.65,0.6564743496,0.92578125,0.04632913488,0,0
0.03,307.65,0.6569805795,0.92578125,0.04609062033,0,0
0.030625,307.65,0.6574666392,0.92578125,0.0458608877,0,0
0.03125,307.65,0.6579337104,0.92578125,0.04563946287,0,0
0.031875,307.65,0.6583828844,0.92578125,0.04542590508,0,0
0.0325,307.65,0.6588151703,0.92578125,0.04521980407,0,0
0.033125,307.65,0.659231503,0.92578125,0.04502077749,0,0
0.03375,307.65,0.6596327494,0.92578125,0.04482846858,0,0
0.034375,307.65,0.6600197149,0.92578125,0.04464254407,0,0
0.035,307.65,0.6603931484,0.92578125,0.04446269231,0,0
0.035625,307.65,0.6607537475,0.92578125,0.04428862151,0,0
0.03625,307.65,0.6611021626,0.92578125,0.04412005823,0,0
0.036875,307.65,0.6614390009,0.92578125,0.04395674594,0,0
0.0375,307.65,0.6617648299,0.92578125,0.04379844375,0,0
0.038125,307.65,0.6620801806,0.92578125,0.04364492523,0,0
0.03875,307.65,0.6623855504,0.92578125,0.04349597737,0,0
0.039375,307.65,0.6626814058,0.92578125,0.04335139956,0,0
0.04,307.65,0.6629681845,0.92578125,0.04321100275,0,0
0.040625,307.65,0.6632462979,0.92578125,0.04307460859,0,0
0.04125,307.65,0.6635161329,0.92578125,0.04294204872,0,0
0.041875,307.65,0.6637780536,0.92578125,0.04281316407,0,0
0.0425,307.65,0.6640324033,0.92578125,0.04268780421,0,0
0.043125,307.65,0.6642795053,0.92578125,0.0425658268,0,0
0.04375,307.65,0.6645196653,0.92578125,0.04244709705,0,0
0.044375,307.65,0.6647531715,0.92578125,0.04233148722,0,0
0.045,307.65,0.6649802969,0.92578125,0.04221887616,0,0
0.045625,307.65,0.6652012992,0.92578125,0.04210914891,0,0
0.04625,307.65,0.665416423,0.92578125,0.0420021963,0,0
0.046875,307.65,0.6656258995,0.92578125,0.04189791458,0,0
0.0475,307.65,0.6658299484,0.92578125,0.0417962051,0,0
0.048125,307.65,0.6660287777,0.92578125,0.04169697403,0,0
0.04875,307.65,0.6662225853,0.92578125,0.04160013199,0,0
0.049375,307.65,0.6664115591,0.92578125,0.04150559388,0,0
0.05,307.65,0.6665958775,0.92578125,0.04141327858,1,1
0.050625,307.65,0.6667757107,0.92578125,0.04132310871,0,0
0.05125,307.65,0.6669512202,0.92578125,0.04123501045,1,1
0.051875,307.65,0.6671225602,0.92578125,0.04114891333,0,0
0.0525,307.65,0.6672898774,0.92578125,0.04106475001,1,1
0.053125,307.65,0.667453312,0.92578125,0.04098245617,0,0
0.05375,307.65,0.6676129975,0.92578125,0.04090197026,0,0
0.054375,307.65,0.6677690614,0.92578125,0.04082323345,1,1
0.055,307.65,0.6679216256,0.92578125,0.04074618939,0,0
0.055625,307.65,0.6680708065,0.92578125,0.04067078415,1,1
0.05625,307.65,0.6682167153,0.92578125,0.04059696605,0,0
0.056875,307.65,0.6683594585,0.92578125,0.04052468555,0,0
0.0575,307.65,0.6684991382,0.92578125,0.04045389517,1,1
0.058125,307.65,0.6686358517,0.92578125,0.04038454935,0,0
0.05875,307.65,0.6687696927,0.92578125,0.04031660436,0,0
0.059375,307.65,0.6689007507,0.92578125,0.04025001823,1,1
0.06,307.65,0.6690291115,0.92578125,0.04018475064,0,0
0.060625,307.65,0.6691548578,0.92578125,0.04012076284,0,0
0.06125,307.65,0.6692780684,0.92578125,0.04005801761,1,1
0.061875,307.65,0.6693988193,0.92578125,0.03999647912,1,1
0.0625,307.65,0.6695171835,0.92578125,0.03993611293,1,1
0.063125,307.65,0.669633231,0.92578125,0.03987688588,1,1
0.06375,307.65,0.6697470291,0.92578125,0.03981876607,1,1
0.064375,307.65,0.6698586428,0.92578125,0.03976172276,1,1
0.065,307.65,0.6699681341,0.92578125,0.03970572634,1,1
0.065625,307.65,0.6700755632,0.92578125,0.03965074827,1,1
0.06625,307.65,0.6701809877,0.92578125,0.03959676106,1,1
0.066875,307.65,0.6702844631,0.92578125,0.03954373818,1,1
0.0675,307.65,0.6703860432,0.92578125,0.03949165403,1,1
0.068125,307.65,0.6704857794,0.92578125,0.03944048393,1,1
0.06875,307.65,0.6705837215,0.92578125,0.03939020404,1,1
0.069375,307.65,0.6706799176,0.92578125,0.03934079135,1,1
0.07,307.65,0.6707744138,0.92578125,0.03929222363,1,1
0.070625,307.65,0.6708672548,0.92578125,0.03924447942,1,1
0.07125,307.65,0.6709584837,0.92578125,0.03919753794,1,1
0.071875,307.65,0.6710481423,0.92578125,0.03915137916,1,1
0.0725,307.65,0.6711362706,0.92578125,0.03910598365,1,1
0.073125,307.65,0.6712229075,0.92578125,0.03906133266,1,1
0.07375,307.65,0.6713080905,0.92578125,0.03901740804,1,1
0.074375,307.65,0.671391856,0.92578125,0.03897419221,1,1
0.075,307.65,0.671474239,0.92578125,0.03893166816,1,1
0.075625,307.65,0.6715552735,0.92578125,0.03888981944,1,1
0.07625,307.65,0.6716349924,0.92578125,0.03884863008,1,1
0.076875,307.65,0.6717134273,0.92578125,0.03880808463,1,1
0.0775,307.65,0.6717906091,0.92578125,0.03876816813,1,1
0.078125,307.65,0.6718665675,0.92578125,0.03872886605,1,1
0.07875,307.65,0.6719413315,0.92578125,0.03869016434,1,1
0.079375,307.65,0.6720149289,0.92578125,0.03865204933,1,1
0.08,307.65,0.6720873869,0.92578125,0.03861450781,1,1
0.005,308.15,0.548863334,0.921875,0.08164807982,0,0
0.005625,308.15,0.5615017843,0.921875,0.07896876853,0,0
0.00625,308.15,0.5719032042,0.921875,0.07649640027,0,0
0.006875,308.15,0.5806113625,0.921875,0.07423488508,0,0
0.0075,308.15,0.5880075276,0.921875,0.0721732156,0,0
0.008125,308.15,0.5943667769,0.921875,0.07029473968,0,0
0.00875,308.15,0.5998924735,0.921875,0.06858144915,0,0
0.009375,308.15,0.6047381597,0.921875,0.06701591609,0,0
0.01,308.15,0.6090219073,0.921875,0.06558209821,0,0
0.010625,308.15,0.6128359859,0.921875,0.06426559949,0,0
0.01125,308.15,0.6162535369,0.921875,0.06305367332,0,0
0.011875,308.15,0.61933328,0.921875,0.06193511121,0,0
0.0125,308.15,0.6221228977,0.921875,0.06090008806,0,0
0.013125,308.15,0.6246615091,0.921875,0.05993999879,0,0
0.01375,308.15,0.6269815087,0.921875,0.05904730263,0,0
0.014375,308.15,0.6291099503,0.921875,0.05821538197,0,0
0.015,308.15,0.6310696036,0.921875,0.05743841768,0,0
0.015625,308.15,0.6328797692,0.921875,0.05671128076,0,0
0.01625,308.15,0.6345569147,0.921875,0.05602943902,0,0
0.016875,308.15,0.6361151757,0.921875,0.05538887695,0,0
0.0175,308.15,0.6375667547,0.921875,0.05478602729,0,0
0.018125,308.15,0.63892224,0.921875,0.05421771238,0,0
0.01875,308.15,0.6401908641,0.921875,0.05368109414,0,0
0.019375,308.15,0.6413807141,0.921875,0.05317363113,0,0
0.02,308.15,0.6424989036,0.921875,0.05269304173,0,0
0.020625,308.15,0.643551715,0.921875,0.05223727252,0,0
0.02125,308.15,0.6445447176,0.921875,0.051804471,0,0
0.021875,308.15,0.6454828655,0.921875,0.05139296207,0,0
0.0225,308.15,0.6463705808,0.921875,0.05100122762,0,0
0.023125,308.15,0.6472118227,0.921875,0.05062788884,0,0
0.02375,308.15,0.6480101466,0.921875,0.05027169081,0,0
0.024375,308.15,0.6487687545,0.921875,0.04993148912,0,0
0.025,308.15,0.6494905375,0.921875,0.04960623802,0,0
0.025625,308.15,0.6501781129,0.921875,0.04929498023,0,0
0.02625,308.15,0.6508338557,0.921875,0.04899683778,0,0
0.026875,308.15,0.6514599262,0.921875,0.0487110041,0,0
0.0275,308.15,0.6520582933,0.921875,0.04843673695,0,0
0.028125,308.15,0.6526307559,0.921875,0.04817335218,0,0
0.02875,308.15,0.6531789601,0.921875,0.04792021823,0,0
0.029375,308.15,0.6537044157,0.921875,0.04767675115,0,0
0.03,308.15,0.6542085096,0.921875,0.0474424103,0,0
0.030625,308.15,0.6546925184,0.921875,0.04721669437,0,0
0.03125,308.15,0.6551576188,0.921875,0.04699913793,0,0
0.031875,308.15,0.6556048975,0.921875,0.04678930827,0,0
0.0325,308.15,0.6560353595,0.921875,0.04658680262,0,0
0.033125,308.15,0.6564499355,0.921875,0.04639124558,0,0
0.03375,308.15,0.6568494889,0.921875,0.04620228687,0,0
0.034375,308.15,0.6572348216,0.921875,0.04601959928,0,0
0.035,308.15,0.6576066794,0.921875,0.04584287679,0,0
0.035625,308.15,0.657965757,0.921875,0.0456718329,0,0
0.03625,308.15,0.658312702,0.921875,0.04550619909,0,0
0.036875,308.15,0.658648119,0.921875,0.04534572346,0,0
0.0375,308.15,0.6589725732,0.921875,0.04519016947,0,0
0.038125,308.15,0.6592865933,0.921875,0.04503931476,0,0
0.03875,308.15,0.6595906747,0.921875,0.04489295012,0,0
0.039375,308.15,0.6598852817,0.921875,0.04475087857,0,0
0.04,308.15,0.6601708504,0.921875,0.04461291442,0,0
0.040625,308.15,0.6604477903,0.921875,0.04447888253,0,0
0.04125,308.15,0.6607164868,0.921875,0.04434861755,0,0
0.041875,308.15,0.6609773024,0.921875,0.04422196323,0,0
0.0425,308.15,0.6612305788,0.921875,0.04409877184,0,0
0.043125,308.15,0.6614766382,0.921875,0.04397890358,0,0
0.04375,308.15,0.6617157848,0.921875,0.04386222605,0,0
0.044375,308.15,0.6619483058,0.921875,0.04374861379,0,0
0.045,308.15,0.6621744728,0.921875,0.0436379478,0,0
0.045625,308.15,0.6623945427,0.921875,0.04353011516,0,0
0.04625,308.15,0.6626087587,0.921875,0.04342500863,0,0
0.046875,308.15,0.6628173514,0.921875,0.04332252631,0,0
0.0475,308.15,0.6630205393,0.921875,0.04322257131,0,0
0.048125,308.15,0.6632185297,0.921875,0.04312505143,0,0
0.04875,308.15,0.6634115196,0.921875,0.04302987889,0,0
0.049375,308.15,0.663599696,0.921875,0.0429369701,0,0
0.05,308.15,0.6637832367,0.921875,0.04284624535,1,1
0.050625,308.15,0.663962311,0.921875,0.04275762865,0,0
0.05125,308.15,0.66413708,0.921875,0.04267104748,1,1
0.051875,308.15,0.664307697,0.921875,0.04258643259,0,0
0.0525,308.15,0.6644743083,0.921875,0.04250371786,0,0
0.053125,308.15,0.6646370533,0.921875,0.04242284006,1,1
0.05375,308.15,0.664796065,0.921875,0.04234373877,0,0
0.054375,308.15,0.6649514705,0.921875,0.04226635616,1,1
0.055,308.15,0.6651033909,0.921875,0.04219063689,0,0
0.055625,308.15,0.6652519423,0.921875,0.04211652797,0,0
0.05625,308.15,0.6653972355,0.921875,0.04204397862,1,1
0.056875,308.15,0.6655393764,0.921875,0.04197294019,0,0
0.0575,308.15,0.6656784667,0.921875,0.04190336601,0,0
0.058125,308.15,0.6658146034,0.921875,0.04183521134,1,1
0.05875,308.15,0.6659478796,0.921875,0.0417684332,0,0
0.059375,308.15,0.6660783846,0.921875,0.04170299036,0,0
0.06,308.15,0.6662062039,0.921875,0.04163884321,1,1
0.060625,308.15,0.6663314195,0.921875,0.04157595369,0,0
0.06125,308.15,0.6664541103,0.921875,0.04151428519,1,1
0.061875,308.15,0.6665743517,0.921875,0.04145380255,1,1
0.0625,308.15,0.6666922165,0.921875,0.04139447191,1,1
0.063125,308.15,0.6668077743,0.921875,0.04133626071,1,1
0.06375,308.15,0.6669210923,0.921875,0.04127913758,1,1
0.064375,308.15,0.667032235,0.921875,0.04122307233,1,1
0.065,308.15,0.6671412644,0.921875,0.04116803587,1,1
0.065625,308.15,0.6672482401,0.921875,0.04111400016,1,1
0.06625,308.15,0.6673532198,0.921875,0.04106093817,1,1
0.066875,308.15,0.6674562587,0.921875,0.04100882385,1,1
0.0675,308.15,0.6675574101,0.921875,0.04095763205,1,1
0.068125,308.15,0.6676567255,0.921875,0.0409073385,1,1
0.06875,308.15,0.6677542544,0.921875,0.0408579198,1,1
0.069375,308.15,0.6678500445,0.921875,0.04080935333,1,1
0.07,308.15,0.667944142,0.921875,0.04076161724,1,1
0.070625,308.15,0.6680365913,0.921875,0.04071469045,1,1
0.07125,308.15,0.6681274353,0.921875,0.04066855255,1,1
0.071875,308.15,0.6682167155,0.921875,0.04062318383,1,1
0.0725,308.15,0.6683044719,0.921875,0.04057856523,1,1
0.073125,308.15,0.6683907433,0.921875,0.04053467831,1,1
0.07375,308.15,0.6684755669,0.921875,0.04049150523,1,1
0.074375,308.15,0.668558979,0.921875,0.04044902873,1,1
0.075,308.15,0.6686410144,0.921875,0.0404072321,1,1
0.075625,308.15,0.668721707,0.921875,0.04036609915,1,1
0.07625,308.15,0.6688010894,0.921875,0.04032561421,1,1
0.076875,308.15,0.6688791934,0.921875,0.04028576209,1,1
0.0775,308.15,0.6689560495,0.921875,0.04024652808,1,1
0.078125,308.15,0.6690316875,0.921875,0.04020789792,1,1
0.07875,308.15,0.669106136,0.921875,0.04016985779,1,1
0.079375,308.15,0.6691794229,0.921875,0.04013239427,1,1
0.08,308.15,0.6692515752,0.921875,0.04009549437,1,1
0.005,308.65,0.5465376419,0.91796875,0.08230298895,0,0
0.005625,308.65,0.5591225395,0.91796875,0.07968785766,0,0
0.00625,308.65,0.5694798856,0.91796875,0.07727146593,0,0
0.006875,308.65,0.5781511449,0.91796875,0.07505909905,0,0
0.0075,308.65,0.5855159703,0.91796875,0.07304086594,0,0
0.008125,308.65,0.5918482736,0.91796875,0.07120101742,0,0
0.00875,308.65,0.5973505562,0.91796875,0.06952227758,0,0
0.009375,308.65,0.6021757099,0.91796875,0.06798781524,0,0
0.01,308.65,0.606441306,0.91796875,0.06658207758,0,0
0.010625,308.65,0.6102392233,0.91796875,0.06529107274,0,0
0.01125,308.65,0.6136422931,0.91796875,0.06410239018,0,0
0.011875,308.65,0.6167089865,0.91796875,0.06300510276,0,0
0.0125,308.65,0.6194867837,0.91796875,0.06198962243,0,0
0.013125,308.65,0.6220146383,0.91796875,0.06104754509,0,0
0.01375,308.65,0.6243248074,0.91796875,0.06017150139,0,0
0.014375,308.65,0.6264442302,0.91796875,0.05935502075,0,0
0.015,308.65,0.6283955799,0.91796875,0.05859241079,0,0
0.015625,308.65,0.6301980753,0.91796875,0.05787865236,0,0
0.01625,308.65,0.6318681142,0.91796875,0.05720930887,0,0
0.016875,308.65,0.6334197724,0.91796875,0.05658044843,0,0
0.0175,308.65,0.6348652007,0.91796875,0.05598857716,0,0
0.018125,308.65,0.6362149424,0.91796875,0.05543058215,0,0
0.01875,308.65,0.637478191,0.91796875,0.05490368255,0,0
0.019375,308.65,0.6386629992,0.91796875,0.05440538777,0,0
0.02,308.65,0.6397764506,0.91796875,0.05393346147,0,0
0.020625,308.65,0.640824801,0.91796875,0.0534858907,0,0
0.02125,308.65,0.6418135959,0.91796875,0.05306085926,0,0
0.021875,308.65,0.6427477686,0.91796875,0.05265672465,0,0
0.0225,308.65,0.6436317224,0.91796875,0.05227199814,0,0
0.023125,308.65,0.6444693997,0.91796875,0.0519053275,0,0
0.02375,308.65,0.6452643409,0.91796875,0.05155548189,0,0
0.024375,308.65,0.6460197344,0.91796875,0.05122133871,0,0
0.025,308.65,0.6467384589,0.91796875,0.05090187213,0,0
0.025625,308.65,0.6474231209,0.91796875,0.05059614299,0,0
0.02625,308.65,0.6480760851,0.91796875,0.05030328989,0,0
0.026875,308.65,0.6486995027,0.91796875,0.05002252144,0,0
0.0275,308.65,0.6492953344,0.91796875,0.04975310933,0,0
0.028125,308.65,0.6498653713,0.91796875,0.0494943822,0,0
0.02875,308.65,0.6504112526,0.91796875,0.04924572026,0,0
0.029375,308.65,0.6509344817,0.91796875,0.04900655043,0,0
0.03,308.65,0.6514364396,0.91796875,0.04877634209,0,0
0.030625,308.65,0.6519183975,0.91796875,0.04855460323,0,0
0.03125,308.65,0.6523815272,0.91796875,0.04834087699,0,0
0.031875,308.65,0.6528269107,0.91796875,0.04813473866,0,0
0.0325,308.65,0.6532555486,0.91796875,0.04793579286,0,0
0.033125,308.65,0.653668368,0.91796875,0.0477436711,0,0
0.03375,308.65,0.6540662283,0.91796875,0.04755802951,0,0
0.034375,308.65,0.6544499283,0.91796875,0.04737854686,0,0
0.035,308.65,0.6548202104,0.91796875,0.04720492272,0,0
0.035625,308.65,0.6551777665,0.91796875,0.04703687582,0,0
0.03625,308.65,0.6555232414,0.91796875,0.04687414253,0,0
0.036875,308.65,0.6558572372,0.91796875,0.04671647554,0,0
0.0375,308.65,0.6561803165,0.91796875,0.04656364257,0,0
0.038125,308.65,0.6564930061,0.91796875,0.04641542532,0,0
0.03875,308.65,0.6567957989,0.91796875,0.04627161837,0,0
0.039375,308.65,0.6570891576,0.91796875,0.04613202828,0,0
0.04,308.65,0.6573735163,0.91796875,0.04599647274,0,0
0.040625,308.65,0.6576492827,0.91796875,0.04586477975,0,0
0.04125,308.65,0.6579168406,0.91796875,0.04573678694,0,0
0.041875,308.65,0.6581765511,0.91796875,0.04561234089,0,0
0.0425,308.65,0.6584287543,0.91796875,0.04549129651,0,0
0.043125,308.65,0.6586737711,0.91796875,0.04537351653,0,0
0.04375,308.65,0.6589119044,0.91796875,0.04525887091,0,0
0.044375,308.65,0.6591434401,0.91796875,0.04514723644,0,0
0.045,308.65,0.6593686488,0.91796875,0.04503849626,0,0
0.045625,308.65,0.6595877862,0.91796875,0.04493253947,0,0
0.04625,308.65,0.6598010945,0.91796875,0.04482926075,0,0
0.046875,308.65,0.6600088033,0.91796875,0.04472856001,0,0
0.0475,308.65,0.6602111302,0.91796875,0.0446303421,0,0
0.048125,308.65,0.6604082817,0.91796875,0.04453451647,0,0
0.04875,308.65,0.6606004538,0.91796875,0.0444409969,0,0
0.049375,308.65,0.6607878328,0.91796875,0.04434970127,0,0
0.05,308.65,0.6609705959,0.91796875,0.04426055133,1,1
0.050625,308.65,0.6611489114,0.91796875,0.04417347241,0,0
0.05125,308.65,0.6613229399,0.91796875,0.04408839328,0,0
0.051875,308.65,0.6614928339,0.91796875,0.04400524594,1,1
0.0525,308.65,0.6616587392,0.91796875,0.04392396543,0,0
0.053125,308.65,0.6618207946,0.91796875,0.04384448965,1,1
0.05375,308.65,0.6619791326,0.91796875,0.04376675925,0,0
0.054375,308.65,0.6621338795,0.91796875,0.04369071742,1,1
0.055,308.65,0.6622851562,0.91796875,0.0436163098,1,1
0.055625,308.65,0.6624330781,0.91796875,0.04354348434,0,0
0.05625,308.65,0.6625777557,0.91796875,0.04347219117,1,1
0.056875,308.65,0.6627192943,0.91796875,0.04340238249,0,0
0.0575,308.65,0.6628577952,0.91796875,0.04333401246,0,0
0.058125,308.65,0.6629933551,0.91796875,0.04326703712,1,1
0.05875,308.65,0.6631260666,0.91796875,0.04320141426,0,0
0.059375,308.65,0.6632560186,0.91796875,0.04313710338,0,0
0.06,308.65,0.6633832963,0.91796875,0.04307406555,1,1
0.060625,308.65,0.6635079813,0.91796875,0.0430122634,0,0
0.06125,308.65,0.6636301522,0.91796875,0.04295166097,1,1
0.061875,308.65,0.6637498841,0.91796875,0.0428922237,1,1
0.0625,308.65,0.6638672494,0.91796875,0.04283391834,1,1
0.063125,308.65,0.6639823176,0.91796875,0.0427767129,1,1
0.06375,308.65,0.6640951555,0.91796875,0.04272057656,1,1
0.064375,308.65,0.6642058272,0.91796875,0.04266547967,1,1
0.065,308.65,0.6643143946,0.91796875,0.04261139364,1,1
0.065625,308.65,0.6644209171,0.91796875,0.04255829093,1,1
0.06625,308.65,0.6645254519,0.91796875,0.04250614499,1,1
0.066875,308.65,0.6646280542,0.91796875,0.04245493021,1,1
0.0675,308.65,0.664728777,0.91796875,0.0424046219,1,1
0.068125,308.65,0.6648276716,0.91796875,0.04235519622,1,1
0.06875,308.65,0.6649247872,0.91796875,0.04230663015,1,1
0.069375,308.65,0.6650201714,0.91796875,0.04225890149,1,1
0.07,308.65,0.6651138702,0.91796875,0.04221198878,1,1
0.070625,308.65,0.6652059277,0.91796875,0.04216587129,1,1
0.07125,308.65,0.6652963868,0.91796875,0.04212052898,1,1
0.071875,308.65,0.6653852887,0.91796875,0.04207594249,1,1
0.0725,308.65,0.6654726733,0.91796875,0.04203209308,1,1
0.073125,308.65,0.6655585791,0.91796875,0.04198896265,1,1
0.07375,308.65,0.6656430433,0.91796875,0.04194653366,1,1
0.074375,308.65,0.665726102,0.91796875,0.04190478915,1,1
0.075,308.65,0.6658077898,0.91796875,0.0418637127,1,1
0.075625,308.65,0.6658881404,0.91796875,0.04182328842,1,1
0.07625,308.65,0.6659671865,0.91796875,0.04178350089,1,1
0.076875,308.65,0.6660449595,0.91796875,0.04174433522,1,1
0.0775,308.65,0.66612149,0.91796875,0.04170577693,1,1
0.078125,308.65,0.6661968075,0.91796875,0.04166781202,1,1
0.07875,308.65,0.6662709405,0.91796875,0.04163042689,1,1
0.079375,308.65,0.6663439169,0.91796875,0.04159360839,1,1
0.08,308.65,0.6664157634,0.91796875,0.04155734373,1,1
0.005,309.15,0.5442119498,0.9140625,0.08294680344,0,0
0.005625,309.15,0.5567432946,0.9140625,0.0803952167,0,0
0.00625,309.15,0.5670565669,0.9140625,0.07803424965,0,0
0.006875,309.15,0.5756909273,0.9140625,0.07587054783,0,0
0.0075,309.15,0.583024413,0.9140625,0.07389532466,0,0
0.008125,309.15,0.5893297703,0.9140625,0.07209372469,0,0
0.00875,309.15,0.594808639,0.9140625,0.0704491968,0,0
0.009375,309.15,0.59961326,0.9140625,0.06894550062,0,0
0.01,309.15,0.6038607047,0.9140625,0.0675675679,0,0
0.010625,309.15,0.6076424606,0.9140625,0.06630180698,0,0
0.01125,309.15,0.6110310493,0.9140625,0.06513614009,0,0
0.011875,309.15,0.6140846929,0.9140625,0.06405991864,0,0
0.0125,309.15,0.6168506697,0.9140625,0.06306378932,0,0
0.013125,309.15,0.6193677675,0.9140625,0.06213954707,0,0
0.01375,309.15,0.6216681061,0.9140625,0.06127999228,0,0
0.014375,309.15,0.6237785101,0.9140625,0.06047879994,0,0
0.015,309.15,0.6257215561,0.9140625,0.05973040321,0,0
0.015625,309.15,0.6275163813,0.9140625,0.0590298917,0,0
0.01625,309.15,0.6291793137,0.9140625,0.0583729235,0,0
0.016875,309.15,0.6307243692,0.9140625,0.05775564951,0,0
0.0175,309.15,0.6321636467,0.9140625,0.05717464856,0,0
0.018125,309.15,0.6335076448,0.9140625,0.0566268718,0,0
0.01875,309.15,0.6347655178,0.9140625,0.05610959509,0,0
0.019375,309.15,0.6359452843,0.9140625,0.05562037816,0,0
0.02,309.15,0.6370539976,0.9140625,0.05515702955,0,0
0.020625,309.15,0.6380978869,0.9140625,0.05471757637,0,0
0.02125,309.15,0.6390824742,0.9140625,0.05430023835,0,0
0.021875,309.15,0.6400126717,0.9140625,0.05390340527,0,0
0.0225,309.15,0.640892864,0.9140625,0.05352561753,0,0
0.023125,309.15,0.6417269768,0.9140625,0.05316554919,0,0
0.02375,309.15,0.6425185352,0.9140625,0.05282199324,0,0
0.024375,309.15,0.6432707142,0.9140625,0.05249384873,0,0
0.025,309.15,0.6439863804,0.9140625,0.05218010951,0,0
0.025625,309.15,0.6446681289,0.9140625,0.05187985436,0,0
0.02625,309.15,0.6453183146,0.9140625,0.05159223832,0,0
0.026875,309.15,0.6459390793,0.9140625,0.05131648502,0,0
0.0275,309.15,0.6465323756,0.9140625,0.05105187992,0,0
0.028125,309.15,0.6470999867,0.9140625,0.05079776435,0,0
0.02875,309.15,0.6476435452,0.9140625,0.05055353016,0,0
0.029375,309.15,0.6481645477,0.9140625,0.05031861504,0,0
0.03,309.15,0.6486643697,0.9140625,0.05009249831,0,0
0.030625,309.15,0.6491442767,0.9140625,0.04987469713,0,0
0.03125,309.15,0.6496054356,0.9140625,0.04966476317,0,0
0.031875,309.15,0.6500489238,0.9140625,0.0494622796,0,0
0.0325,309.15,0.6504757378,0.9140625,0.04926685839,0,0
0.033125,309.15,0.6508868004,0.9140625,0.04907813786,0,0
0.03375,309.15,0.6512829678,0.9140625,0.04889578051,0,0
0.034375,309.15,0.651665035,0.9140625,0.04871947104,0,0
0.035,309.15,0.6520337415,0.9140625,0.04854891455,0,0
0.035625,309.15,0.652389776,0.9140625,0.04838383493,0,0
0.03625,309.15,0.6527337808,0.9140625,0.0482239734,0,0
0.036875,309.15,0.6530663553,0.9140625,0.04806908718,0,0
0.0375,309.15,0.6533880599,0.9140625,0.04791894825,0,0
0.038125,309.15,0.6536994188,0.9140625,0.0477733423,0,0
0.03875,309.15,0.6540009232,0.9140625,0.04763206765,0,0
0.039375,309.15,0.6542930335,0.9140625,0.04749493441,0,0
0.04,309.15,0.6545761821,0.9140625,0.04736176357,0,0
0.040625,309.15,0.6548507751,0.9140625,0.04723238626,0,0
0.04125,309.15,0.6551171945,0.9140625,0.04710664308,0,0
0.041875,309.15,0.6553757998,0.9140625,0.04698438337,0,0
0.0425,309.15,0.6556269298,0.9140625,0.0468654647,0,0
0.043125,309.15,0.655870904,0.9140625,0.04674975225,0,0
0.04375,309.15,0.6561080239,0.9140625,0.04663711836,0,0
0.044375,309.15,0.6563385744,0.9140625,0.04652744204,0,0
0.045,309.15,0.6565628248,0.9140625,0.04642060854,0,0
0.045625,309.15,0.6567810296,0.9140625,0.04631650897,0,0
0.04625,309.15,0.6569934303,0.9140625,0.0462150399,0,0
0.046875,309.15,0.6572002552,0.9140625,0.04611610305,0,0
0.0475,309.15,0.6574017212,0.9140625,0.04601960497,0,0
0.048125,309.15,0.6575980337,0.9140625,0.04592545674,0,0
0.04875,309.15,0.6577893881,0.9140625,0.04583357371,0,0
0.049375,309.15,0.6579759697,0.9140625,0.04574387523,0,0
0.05,309.15,0.658157955,0.9140625,0.04565628443,0,0
0.050625,309.15,0.6583355118,0.9140625,0.045570728,1,1
0.05125,309.15,0.6585087997,0.9140625,0.04548713599,0,0
0.051875,309.15,0.6586779708,0.9140625,0.04540544161,1,1
0.0525,309.15,0.6588431701,0.9140625,0.04532558106,0,0
0.053125,309.15,0.6590045359,0.9140625,0.04524749336,1,1
0.05375,309.15,0.6591622001,0.9140625,0.04517112021,0,0
0.054375,309.15,0.6593162885,0.9140625,0.04509640583,0,0
0.055,309.15,0.6594669215,0.9140625,0.04502329682,1,1
0.055625,309.15,0.659614214,0.9140625,0.04495174206,0,0
0.05625,309.15,0.6597582758,0.9140625,0.04488169257,0,0
0.056875,309.15,0.6598992122,0.9140625,0.0448131014,1,1
0.0575,309.15,0.6600371237,0.9140625,0.04474592354,0,0
0.058125,309.15,0.6601721068,0.9140625,0.0446801158,0,0
0.05875,309.15,0.6603042535,0.9140625,0.04461563672,1,1
0.059375,309.15,0.6604336526,0.9140625,0.04455244653,0,0
0.06,309.15,0.6605603886,0.9140625,0.044490507,0,0
0.060625,309.15,0.6606845431,0.9140625,0.04442978139,1,1
0.06125,309.15,0.6608061941,0.9140625,0.04437023442,1,1
0.061875,309.15,0.6609254165,0.9140625,0.04431183212,1,1
0.0625,309.15,0.6610422824,0.9140625,0.04425454184,1,1
0.063125,309.15,0.661156861,0.9140625,0.04419833214,1,1
0.06375,309.15,0.6612692187,0.9140625,0.04414317278,1,1
0.064375,309.15,0.6613794194,0.9140625,0.0440890346,1,1
0.065,309.15,0.6614875248,0.9140625,0.04403588954,1,1
0.065625,309.15,0.661593594,0.9140625,0.04398371055,1,1
0.06625,309.15,0.661697684,0.9140625,0.04393247153,1,1
0.066875,309.15,0.6617998497,0.9140625,0.04388214734,1,1
0.0675,309.15,0.6619001439,0.9140625,0.04383271372,1,1
0.068125,309.15,0.6619986176,0.9140625,0.04378414725,1,1
0.06875,309.15,0.66209532,0.9140625,0.04373642534,1,1
0.069375,309.15,0.6621902983,0.9140625,0.04368952615,1,1
0.07,309.15,0.6622835984,0.9140625,0.04364342862,1,1
0.070625,309.15,0.6623752642,0.9140625,0.04359811237,1,1
0.07125,309.15,0.6624653384,0.9140625,0.04355355773,1,1
0.071875,309.15,0.662553862,0.9140625,0.04350974567,1,1
0.0725,309.15,0.6626408747,0.9140625,0.0434666578,1,1
0.073125,309.15,0.662726415,0.9140625,0.04342427631,1,1
0.07375,309.15,0.6628105198,0.9140625,0.04338258399,1,1
0.074375,309.15,0.6628932249,0.9140625,0.04334156418,1,1
0.075,309.15,0.6629745651,0.9140625,0.04330120074,1,1
0.075625,309.15,0.6630545739,0.9140625,0.04326147806,1,1
0.07625,309.15,0.6631332836,0.9140625,0.04322238102,1,1
0.076875,309.15,0.6632107257,0.9140625,0.04318389494,1,1
0.0775,309.15,0.6632869305,0.9140625,0.04314600564,1,1
0.078125,309.15,0.6633619274,0.9140625,0.04310869934,1,1
0.07875,309.15,0.663435745,0.9140625,0.0430719627,1,1
0.079375,309.15,0.6635084108,0.9140625,0.04303578279,1,1
0.08,309.15,0.6635799517,0.9140625,0.04300014704,1,1
0.005,309.65,0.5418862577,0.91015625,0.08357956649,0,0
0.005625,309.65,0.5543640498,0.91015625,0.08109089212,0,0
0.00625,309.65,0.5646332483,0.91015625,0.07878480083,0,0
0.006875,309.65,0.5732307096,0.91015625,0.07666928342,0,0
0.0075,309.65,0.5805328556,0.91015625,0.07473664612,0,0
0.008125,309.65,0.5868112671,0.91015625,0.07297291794,0,0
0.00875,309.65,0.5922667217,0.91015625,0.0713622652,0,0
0.009375,309.65,0.5970508102,0.91015625,0.06988903236,0,0
0.01,309.65,0.6012801034,0.91015625,0.06853863092,0,0
0.010625,309.65,0.605045698,0.91015625,0.06729786543,0,0
0.01125,309.65,0.6084198055,0.91015625,0.06615498759,0,0
0.011875,309.65,0.6114603993,0.91015625,0.06509962464,0,0
0.0125,309.65,0.6142145558,0.91015625,0.0641226557,0,0
0.013125,309.65,0.6167208967,0.91015625,0.06321607275,0,0
0.01375,309.65,0.6190114048,0.91015625,0.0623728443,0,0
0.014375,309.65,0.6211127899,0.91015625,0.06158678948,0,0
0.015,309.65,0.6230475324,0.91015625,0.06085246574,0,0
0.015625,309.65,0.6248346874,0.91015625,0.0601650704,0,0
0.01625,309.65,0.6264905132,0.91015625,0.0595203553,0,0
0.016875,309.65,0.6280289659,0.91015625,0.05891455332,0,0
0.0175,309.65,0.6294620926,0.91015625,0.05834431526,0,0
0.018125,309.65,0.6308003471,0.91015625,0.05780665575,0,0
0.01875,309.65,0.6320528447,0.91015625,0.05729890677,0,0
0.019375,309.65,0.6332275694,0.91015625,0.05681867792,0,0
0.02,309.65,0.6343315446,0.91015625,0.05636382212,0,0
0.020625,309.65,0.6353709729,0.91015625,0.05593240618,0,0
0.02125,309.65,0.6363513525,0.91015625,0.0555226854,0,0
0.021875,309.65,0.6372775749,0.91015625,0.05513308155,0,0
0.0225,309.65,0.6381540057,0.91015625,0.05476216385,0,0
0.023125,309.65,0.6389845538,0.91015625,0.05440863239,0,0
0.02375,309.65,0.6397727295,0.91015625,0.05407130376,0,0
0.024375,309.65,0.6405216941,0.91015625,0.05374909844,0,0
0.025,309.65,0.6412343018,0.91015625,0.05344102977,0,0
0.025625,309.65,0.6419131369,0.91015625,0.05314619433,0,0
0.02625,309.65,0.642560544,0.91015625,0.05286376339,0,0
0.026875,309.65,0.6431786559,0.91015625,0.05259297547,0,0
0.0275,309.65,0.6437694167,0.91015625,0.05233312968,0,0
0.028125,309.65,0.6443346022,0.91015625,0.05208357987,0,0
0.02875,309.65,0.6448758377,0.91015625,0.05184372948,0,0
0.029375,309.65,0.6453946138,0.91015625,0.05161302682,0,0
0.03,309.65,0.6458922997,0.91015625,0.05139096105,0,0
0.030625,309.65,0.6463701558,0.91015625,0.05117705843,0,0
0.03125,309.65,0.646829344,0.91015625,0.05097087906,0,0
0.031875,309.65,0.647270937,0.91015625,0.05077201393,0,0
0.0325,309.65,0.647695927,0.91015625,0.05058008228,0,0
0.033125,309.65,0.6481052329,0.91015625,0.05039472917,0,0
0.03375,309.65,0.6484997072,0.91015625,0.05021562341,0,0
0.034375,309.65,0.6488801416,0.91015625,0.05004245556,0,0
0.035,309.65,0.6492472725,0.91015625,0.04987493619,0,0
0.035625,309.65,0.6496017855,0.91015625,0.04971279433,0,0
0.03625,309.65,0.6499443202,0.91015625,0.04955577599,0,0
0.036875,309.65,0.6502754735,0.91015625,0.04940364287,0,0
0.0375,309.65,0.6505958032,0.91015625,0.04925617118,0,0
0.038125,309.65,0.6509058315,0.91015625,0.04911315053,0,0
0.03875,309.65,0.6512060474,0.91015625,0.04897438299,0,0
0.039375,309.65,0.6514969095,0.91015625,0.04883968213,0,0
0.04,309.65,0.651778848,0.91015625,0.04870887224,0,0
0.040625,309.65,0.6520522676,0.91015625,0.04858178757,0,0
0.04125,309.65,0.6523175484,0.91015625,0.0484582716,0,0
0.041875,309.65,0.6525750485,0.91015625,0.04833817647,0,0
0.0425,309.65,0.6528251053,0.91015625,0.04822136231,0,0
0.043125,309.65,0.6530680369,0.91015625,0.04810769681,0,0
0.04375,309.65,0.6533041435,0.91015625,0.0479970546,0,0
0.044375,309.65,0.6535337087,0.91015625,0.04788931693,0,0
0.045,309.65,0.6537570007,0.91015625,0.04778437111,0,0
0.045625,309.65,0.6539742731,0.91015625,0.04768211024,0,0
0.04625,309.65,0.6541857661,0.91015625,0.04758243278,0,0
0.046875,309.65,0.6543917071,0.91015625,0.04748524224,0,0
0.0475,309.65,0.6545923121,0.91015625,0.04739044684,0,0
0.048125,309.65,0.6547877857,0.91015625,0.0472979593,0,0
0.04875,309.65,0.6549783223,0.91015625,0.04720769649,0,0
0.049375,309.65,0.6551641066,0.91015625,0.04711957923,1,1
0.05,309.65,0.6553453142,0.91015625,0.04703353203,0,0
0.050625,309.65,0.6555221122,0.91015625,0.04694948291,1,1
0.05125,309.65,0.6556946595,0.91015625,0.04686736318,0,0
0.051875,309.65,0.6558631077,0.91015625,0.04678710727,1,1
0.0525,309.65,0.656027601,0.91015625,0.04670865252,0,0
0.053125,309.65,0.6561882772,0.91015625,0.04663193905,0,0
0.05375,309.65,0.6563452676,0.91015625,0.04655690961,1,1
0.054375,309.65,0.6564986975,0.91015625,0.04648350943,0,0
0.055,309.65,0.6566486868,0.91015625,0.04641168607,1,1
0.055625,309.65,0.6567953498,0.91015625,0.04634138933,0,0
0.05625,309.65,0.656938796,0.91015625,0.04627257112,0,0
0.056875,309.65,0.6570791301,0.91015625,0.04620518531,1,1
0.0575,309.65,0.6572164523,0.91015625,0.04613918772,0,0
0.058125,309.65,0.6573508584,0.91015625,0.04607453592,0,0
0.05875,309.65,0.6574824405,0.91015625,0.04601118921,1,1
0.059375,309.65,0.6576112865,0.91015625,0.04594910853,0,0
0.06,309.65,0.657737481,0.91015625,0.04588825632,0,0
0.060625,309.65,0.6578611049,0.91015625,0.04582859652,0,0
0.06125,309.65,0.657982236,0.91015625,0.04577009446,1,1
0.061875,309.65,0.6581009489,0.91015625,0.0457127168,1,1
0.0625,309.65,0.6582173154,0.91015625,0.04565643145,1,1
0.063125,309.65,0.6583314043,0.91015625,0.04560120757,1,1
0.06375,309.65,0.6584432818,0.91015625,0.04554701542,1,1
0.064375,309.65,0.6585530117,0.91015625,0.04549382638,1,1
0.065,309.65,0.6586606551,0.91015625,0.0454416129,1,1
0.065625,309.65,0.658766271,0.91015625,0.04539034839,1,1
0.06625,309.65,0.6588699161,0.91015625,0.04534000724,1,1
0.066875,309.65,0.6589716452,0.91015625,0.04529056474,1,1
0.0675,309.65,0.6590715108,0.91015625,0.04524199708,1,1
0.068125,309.65,0.6591695637,0.91015625,0.04519428124,1,1
0.06875,309.65,0.6592658528,0.91015625,0.04514739504,1,1
0.069375,309.65,0.6593604253,0.91015625,0.04510131704,1,1
0.07,309.65,0.6594533266,0.91015625,0.04505602653,1,1
0.070625,309.65,0.6595446007,0.91015625,0.04501150353,1,1
0.07125,309.65,0.6596342899,0.91015625,0.04496772869,1,1
0.071875,309.65,0.6597224352,0.91015625,0.04492468332,1,1
0.0725,309.65,0.6598090761,0.91015625,0.04488234937,1,1
0.073125,309.65,0.6598942508,0.91015625,0.04484070935,1,1
0.07375,309.65,0.6599779962,0.91015625,0.04479974634,1,1
0.074375,309.65,0.6600603479,0.91015625,0.04475944398,1,1
0.075,309.65,0.6601413405,0.91015625,0.04471978643,1,1
0.075625,309.65,0.6602210073,0.91015625,0.04468075835,1,1
0.07625,309.65,0.6602993807,0.91015625,0.04464234487,1,1
0.076875,309.65,0.6603764918,0.91015625,0.0446045316,1,1
0.0775,309.65,0.6604523709,0.91015625,0.0445673046,1,1
0.078125,309.65,0.6605270474,0.91015625,0.04453065033,1,1
0.07875,309.65,0.6606005495,0.91015625,0.0444945557,1,1
0.079375,309.65,0.6606729048,0.91015625,0.04445900799,1,1
0.08,309.65,0.6607441399,0.91015625,0.04442399487,1,1
0.005,310.15,0.5395605656,0.90625,0.08420132107,0,0
0.005625,310.15,0.5519848049,0.90625,0.08177493014,0,0
0.00625,310.15,0.5622099296,0.90625,0.07952316858,0,0
0.006875,310.15,0.570770492,0.90625,0.07745535754,0,0
0.0075,310.15,0.5780412983,0.90625,0.07556488437,0,0
0.008125,310.15,0.5842927638,0.90625,0.07383865334,0,0
0.00875,310.15,0.5897248045,0.90625,0.07226154084,0,0
0.009375,310.15,0.5944883604,0.90625,0.07081847026,0,0
0.01,310.15,0.5986995021,0.90625,0.06949532802,0,0
0.010625,310.15,0.6024489353,0.90625,0.06827931093,0,0
0.01125,310.15,0.6058085617,0.90625,0.06715899686,0,0
0.011875,310.15,0.6088361058,0.90625,0.06612428618,0,0
0.0125,310.15,0.6115784418,0.90625,0.06516628811,0,0
0.013125,310.15,0.6140740259,0.90625,0.06427718977,0,0
0.01375,310.15,0.6163547035,0.90625,0.06345012607,0,0
0.014375,310.15,0.6184470698,0.90625,0.06267905891,0,0
0.015,310.15,0.6203735086,0.90625,0.06195866879,0,0
0.015625,310.15,0.6221529934,0.90625,0.06128425967,0,0
0.01625,310.15,0.6238017127,0.90625,0.06065167623,0,0
0.016875,310.15,0.6253335626,0.90625,0.06005723252,0,0
0.0175,310.15,0.6267605386,0.90625,0.05949765063,0,0
0.018125,310.15,0.6280930495,0.90625,0.05897000798,0,0
0.01875,310.15,0.6293401715,0.90625,0.05847169219,0,0
0.019375,310.15,0.6305098545,0.90625,0.05800036217,0,0
0.02,310.15,0.6316090917,0.90625,0.05755391485,0,0
0.020625,310.15,0.6326440588,0.90625,0.05713045632,0,0
0.02125,310.15,0.6336202308,0.90625,0.05672827711,0,0
0.021875,310.15,0.634542478,0.90625,0.05634583063,0,0
0.0225,310.15,0.6354151473,0.90625,0.05598171466,0,0
0.023125,310.15,0.6362421308,0.90625,0.05563465508,0,0
0.02375,310.15,0.6370269238,0.90625,0.05530349184,0,0
0.024375,310.15,0.6377726739,0.90625,0.05498716662,0,0
0.025,310.15,0.6384822233,0.90625,0.05468471208,0,0
0.025625,310.15,0.6391581449,0.90625,0.0543952424,0,0
0.02625,310.15,0.6398027734,0.90625,0.05411794494,0,0
0.026875,310.15,0.6404182325,0.90625,0.05385207295,0,0
0.0275,310.15,0.6410064578,0.90625,0.05359693906,0,0
0.028125,310.15,0.6415692176,0.90625,0.05335190954,0,0
0.02875,310.15,0.6421081302,0.90625,0.05311639926,0,0
0.029375,310.15,0.6426246798,0.90625,0.05288986708,0,0
0.03,310.15,0.6431202298,0.90625,0.05267181189,0,0
0.030625,310.15,0.643596035,0.90625,0.05246176897,0,0
0.03125,310.15,0.6440532524,0.90625,0.05225930675,0,0
0.031875,310.15,0.6444929501,0.90625,0.05206402398,0,0
0.0325,310.15,0.6449161161,0.90625,0.05187554708,0,0
0.033125,310.15,0.6453236654,0.90625,0.0516935278,0,0
0.03375,310.15,0.6457164467,0.90625,0.05151764119,0,0
0.034375,310.15,0.6460952483,0.90625,0.0513475836,0,0
0.035,310.15,0.6464608035,0.90625,0.05118307106,0,0
0.035625,310.15,0.646813795,0.90625,0.05102383764,0,0
0.03625,310.15,0.6471548596,0.90625,0.0508696341,0,0
0.036875,310.15,0.6474845916,0.90625,0.0507202266,0,0
0.0375,310.15,0.6478035465,0.90625,0.0505753955,0,0
0.038125,310.15,0.6481122443,0.90625,0.05043493435,0,0
0.03875,310.15,0.6484111717,0.90625,0.05029864886,0,0
0.039375,310.15,0.6487007854,0.90625,0.05016635609,0,0
0.04,310.15,0.6489815139,0.90625,0.05003788357,0,0
0.040625,310.15,0.64925376,0.90625,0.04991306862,0,0
0.04125,310.15,0.6495179022,0.90625,0.04979175762,0,0
0.041875,310.15,0.6497742972,0.90625,0.04967380542,0,0
0.0425,310.15,0.6500232808,0.90625,0.04955907476,0,0
0.043125,310.15,0.6502651698,0.90625,0.04944743573,0,0
0.04375,310.15,0.6505002631,0.90625,0.04933876531,0,0
0.044375,310.15,0.650728843,0.90625,0.04923294689,0,0
0.045,310.15,0.6509511767,0.90625,0.04912986988,0,0
0.045625,310.15,0.6511675166,0.90625,0.04902942934,0,0
0.04625,310.15,0.6513781018,0.90625,0.04893152557,0,0
0.046875,310.15,0.651583159,0.90625,0.04883606386,0,0
0.0475,310.15,0.651782903,0.90625,0.04874295413,0,0
0.048125,310.15,0.6519775377,0.90625,0.04865211066,0,0
0.04875,310.15,0.6521672565,0.90625,0.04856345186,0,0
0.049375,310.15,0.6523522435,0.90625,0.04847689999,1,1
0.05,310.15,0.6525326734,0.90625,0.04839238095,0,0
0.050625,310.15,0.6527087126,0.90625,0.04830982406,1,1
0.05125,310.15,0.6528805193,0.90625,0.04822916189,0,0
0.051875,310.15,0.6530482446,0.90625,0.04815033004,1,1
0.0525,310.15,0.6532120319,0.90625,0.04807326702,0,0
0.053125,310.15,0.6533720185,0.90625,0.04799791403,0,0
0.05375,310.15,0.6535283351,0.90625,0.04792421485,1,1
0.054375,310.15,0.6536811066,0.90625,0.04785211572,0,0
0.055,310.15,0.6538304521,0.90625,0.04778156514,0,0
0.055625,310.15,0.6539764856,0.90625,0.04771251383,1,1
0.05625,310.15,0.6541193162,0.90625,0.04764491455,0,0
0.056875,310.15,0.654259048,0.90625,0.04757872205,1,1
0.0575,310.15,0.6543957808,0.90625,0.0475138929,1,1
0.058125,310.15,0.6545296101,0.90625,0.04745038547,0,0
0.05875,310.15,0.6546606274,0.90625,0.04738815979,0,0
0.059375,310.15,0.6547889205,0.90625,0.0473271775,1,1
0.06,310.15,0.6549145733,0.90625,0.04726740172,0,0
0.060625,310.15,0.6550376667,0.90625,0.04720879705,0,0
0.06125,310.15,0.6551582779,0.90625,0.04715132944,1,1
0.061875,310.15,0.6552764813,0.90625,0.04709496615,1,1
0.0625,310.15,0.6553923484,0.90625,0.04703967568,1,1
0.063125,310.15,0.6555059476,0.90625,0.04698542773,1,1
0.06375,310.15,0.655617345,0.90625,0.0469321931,1,1
0.064375,310.15,0.6557266039,0.90625,0.0468799437,1,1
0.065,310.15,0.6558337853,0.90625,0.04682865246,1,1
0.065625,310.15,0.6559389479,0.90625,0.04677829327,1,1
0.06625,310.15,0.6560421483,0.90625,0.04672884099,1,1
0.066875,310.15,0.6561434407,0.90625,0.04668027135,1,1
0.0675,310.15,0.6562428777,0.90625,0.04663256096,1,1
0.068125,310.15,0.6563405098,0.90625,0.04658568723,1,1
0.06875,310.15,0.6564363856,0.90625,0.04653962837,1,1
0.069375,310.15,0.6565305522,0.90625,0.04649436332,1,1
0.07,310.15,0.6566230548,0.90625,0.04644987176,1,1
0.070625,310.15,0.6567139372,0.90625,0.04640613404,1,1
0.07125,310.15,0.6568032415,0.90625,0.04636313118,1,1
0.071875,310.15,0.6568910085,0.90625,0.04632084483,1,1
0.0725,310.15,0.6569772775,0.90625,0.04627925724,1,1
0.073125,310.15,0.6570620866,0.90625,0.04623835125,1,1
0.07375,310.15,0.6571454726,0.90625,0.04619811024,1,1
0.074375,310.15,0.6572274709,0.90625,0.04615851814,1,1
0.075,310.15,0.6573081159,0.90625,0.0461195594,1,1
0.075625,310.15,0.6573874408,0.90625,0.04608121895,1,1
0.07625,310.15,0.6574654778,0.90625,0.04604348219,1,1
0.076875,310.15,0.6575422579,0.90625,0.04600633498,1,1
0.0775,310.15,0.6576178114,0.90625,0.04596976363,1,1
0.078125,310.15,0.6576921674,0.90625,0.04593375486,1,1
0.07875,310.15,0.657765354,0.90625,0.0458982958,1,1
0.079375,310.15,0.6578373988,0.90625,0.04586337395,1,1
0.08,310.15,0.6579083281,0.90625,0.04582897721,1,1
0.005,310.65,0.5372348736,0.90234375,0.08481210995,0,0
0.005625,310.65,0.5496055601,0.90234375,0.08244737675,0,0
0.00625,310.65,0.5597866109,0.90234375,0.08024940176,0,0
0.006875,310.65,0.5683102743,0.90234375,0.07822882161,0,0
0.0075,310.65,0.575549741,0.90234375,0.07638009314,0,0
0.008125,310.65,0.5817742605,0.90234375,0.07469098671,0,0
0.00875,310.65,0.5871828872,0.90234375,0.07314708145,0,0
0.009375,310.65,0.5919259105,0.90234375,0.07173387377,0,0
0.01,310.65,0.5961189008,0.90234375,0.07043772024,0,0
0.010625,310.65,0.5998521727,0.90234375,0.06924620595,0,0
0.01125,310.65,0.6031973179,0.90234375,0.06814823173,0,0
0.011875,310.65,0.6062118122,0.90234375,0.06713396831,0,0
0.0125,310.65,0.6089423278,0.90234375,0.06619475274,0,0
0.013125,310.65,0.6114271551,0.90234375,0.06532296535,0,0
0.01375,310.65,0.6136980022,0.90234375,0.06451190582,0,0
0.014375,310.65,0.6157813497,0.90234375,0.06375567735,0,0
0.015,310.65,0.6176994849,0.90234375,0.06304908233,0,0
0.015625,310.65,0.6194712995,0.90234375,0.06238753029,0,0
0.01625,310.65,0.6211129122,0.90234375,0.06176695782,0,0
0.016875,310.65,0.6226381593,0.90234375,0.06118375936,0,0
0.0175,310.65,0.6240589845,0.90234375,0.06063472755,0,0
0.018125,310.65,0.6253857519,0.90234375,0.06011700203,0,0
0.01875,310.65,0.6266274984,0.90234375,0.05962802546,0,0
0.019375,310.65,0.6277921397,0.90234375,0.05916550563,0,0
0.02,310.65,0.6288866387,0.90234375,0.05872738298,0,0
0.020625,310.65,0.6299171448,0.90234375,0.05831180253,0,0
0.02125,310.65,0.6308891091,0.90234375,0.05791708967,0,0
0.021875,310.65,0.6318073811,0.90234375,0.05754172919,0,0
0.0225,310.65,0.6326762889,0.90234375,0.05718434708,0,0
0.023125,310.65,0.6334997078,0.90234375,0.05684369479,0,0
0.02375,310.65,0.6342811181,0.90234375,0.05651863539,0,0
0.024375,310.65,0.6350236538,0.90234375,0.05620813156,0,0
0.025,310.65,0.6357301447,0.90234375,0.05591123509,0,0
0.025625,310.65,0.6364031529,0.90234375,0.05562707757,0,0
0.02625,310.65,0.6370450028,0.90234375,0.05535486231,0,0
0.026875,310.65,0.6376578091,0.90234375,0.05509385713,0,0
0.0275,310.65,0.638243499,0.90234375,0.05484338804,0,0
0.028125,310.65,0.6388038331,0.90234375,0.05460283363,0,0
0.02875,310.65,0.6393404228,0.90234375,0.05437162006,0,0
0.029375,310.65,0.6398547458,0.90234375,0.05414921665,0,0
0.03,310.65,0.6403481598,0.90234375,0.05393513193,0,0
0.030625,310.65,0.6408219142,0.90234375,0.05372891009,0,0
0.03125,310.65,0.6412771608,0.90234375,0.05353012784,0,0
0.031875,310.65,0.6417149633,0.90234375,0.05333839158,0,0
0.0325,310.65,0.6421363053,0.90234375,0.05315333484,0,0
0.033125,310.65,0.6425420979,0.90234375,0.05297461603,0,0
0.03375,310.65,0.6429331862,0.90234375,0.05280191633,0,0
0.034375,310.65,0.643310355,0.90234375,0.05263493787,0,0
0.035,310.65,0.6436743345,0.90234375,0.05247340203,0,0
0.035625,310.65,0.6440258045,0.90234375,0.05231704792,0,0
0.03625,310.65,0.644365399,0.90234375,0.05216563099,0,0
0.036875,310.65,0.6446937097,0.90234375,0.0520189218,0,0
0.0375,310.65,0.6450112899,0.90234375,0.05187670485,0,0
0.038125,310.65,0.645318657,0.90234375,0.05173877753,0,0
0.03875,310.65,0.645616296,0.90234375,0.05160494923,0,0
0.039375,310.65,0.6459046613,0.90234375,0.05147504041,0,0
0.04,310.65,0.6461841798,0.90234375,0.05134888183,0,0
0.040625,310.65,0.6464552524,0.90234375,0.05122631385,0,0
0.04125,310.65,0.6467182561,0.90234375,0.0511071857,0,0
0.041875,310.65,0.6469735459,0.90234375,0.05099135495,0,0
0.0425,310.65,0.6472214563,0.90234375,0.05087868689,0,0
0.043125,310.65,0.6474623027,0.90234375,0.05076905402,0,0
0.04375,310.65,0.6476963826,0.90234375,0.0506623356,0,0
0.044375,310.65,0.6479239773,0.90234375,0.05055841718,0,0
0.045,310.65,0.6481453526,0.90234375,0.05045719024,0,0
0.045625,310.65,0.64836076,0.90234375,0.05035855175,0,0
0.04625,310.65,0.6485704376,0.90234375,0.05026240388,0,0
0.046875,310.65,0.6487746109,0.90234375,0.05016865366,0,0
0.0475,310.65,0.648973494,0.90234375,0.05007721267,0,0
0.048125,310.65,0.6491672897,0.90234375,0.04998799678,0,0
0.04875,310.65,0.6493561908,0.90234375,0.0499009259,0,0
0.049375,310.65,0.6495403804,0.90234375,0.04981592371,1,1
0.05,310.65,0.6497200325,0.90234375,0.04973291748,0,0
0.050625,310.65,0.6498953129,0.90234375,0.04965183783,1,1
0.05125,310.65,0.6500663792,0.90234375,0.04957261858,0,0
0.051875,310.65,0.6502333814,0.90234375,0.04949519651,0,0
0.0525,310.65,0.6503964628,0.90234375,0.04941951124,1,1
0.053125,310.65,0.6505557598,0.90234375,0.04934550506,0,0
0.05375,310.65,0.6507114026,0.90234375,0.04927312279,1,1
0.054375,310.65,0.6508635156,0.90234375,0.04920231163,0,0
0.055,310.65,0.6510122174,0.90234375,0.04913302105,0,0
0.055625,310.65,0.6511576215,0.90234375,0.04906520266,1,1
0.05625,310.65,0.6512998364,0.90234375,0.04899881008,0,0
0.056875,310.65,0.6514389659,0.90234375,0.04893379888,0,0
0.0575,310.65,0.6515751093,0.90234375,0.04887012644,1,1
0.058125,310.65,0.6517083618,0.90234375,0.04880775189,0,0
0.05875,310.65,0.6518388144,0.90234375,0.04874663597,0,0
0.059375,310.65,0.6519665544,0.90234375,0.04868674103,1,1
0.06,310.65,0.6520916657,0.90234375,0.04862803088,0,0
0.060625,310.65,0.6522142284,0.90234375,0.04857047073,0,0
0.06125,310.65,0.6523343198,0.90234375,0.04851402718,1,1
0.061875,310.65,0.6524520137,0.90234375,0.04845866806,1,1
0.0625,310.65,0.6525673814,0.90234375,0.04840436247,1,1
0.063125,310.65,0.652680491,0.90234375,0.04835108063,1,1
0.06375,310.65,0.6527914082,0.90234375,0.04829879391,1,1
0.064375,310.65,0.6529001961,0.90234375,0.04824747469,1,1
0.065,310.65,0.6530069155,0.90234375,0.04819709641,1,1
0.065625,310.65,0.6531116249,0.90234375,0.04814763345,1,1
0.06625,310.65,0.6532143804,0.90234375,0.0480990611,1,1
0.066875,310.65,0.6533152362,0.90234375,0.04805135555,1,1
0.0675,310.65,0.6534142446,0.90234375,0.04800449381,1,1
0.068125,310.65,0.6535114559,0.90234375,0.04795845373,1,1
0.06875,310.65,0.6536069185,0.90234375,0.04791321388,1,1
0.069375,310.65,0.6537006791,0.90234375,0.04786875361,1,1
0.07,310.65,0.653792783,0.90234375,0.04782505296,1,1
0.070625,310.65,0.6538832736,0.90234375,0.04778209263,1,1
0.07125,310.65,0.653972193,0.90234375,0.04773985399,1,1
0.071875,310.65,0.6540595817,0.90234375,0.04769831901,1,1
0.0725,310.65,0.6541454789,0.90234375,0.04765747028,1,1
0.073125,310.65,0.6542299225,0.90234375,0.04761729093,1,1
0.07375,310.65,0.654312949,0.90234375,0.04757776466,1,1
0.074375,310.65,0.6543945938,0.90234375,0.04753887568,1,1
0.075,310.65,0.6544748912,0.90234375,0.04750060872,1,1
0.075625,310.65,0.6545538742,0.90234375,0.04746294898,1,1
0.07625,310.65,0.6546315748,0.90234375,0.04742588213,1,1
0.076875,310.65,0.6547080241,0.90234375,0.04738939428,1,1
0.0775,310.65,0.6547832519,0.90234375,0.047353472,1,1
0.078125,310.65,0.6548572873,0.90234375,0.04731810222,1,1
0.07875,310.65,0.6549301585,0.90234375,0.04728327233,1,1
0.079375,310.65,0.6550018928,0.90234375,0.04724897004,1,1
0.08,310.65,0.6550725164,0.90234375,0.04721518348,1,1
0.005,311.15,0.5349091815,0.8984375,0.08541197564,0,0
0.005625,311.15,0.5472263152,0.8984375,0.08310827767,0,0
0.00625,311.15,0.5573632923,0.8984375,0.08096354896,0,0
0.006875,311.15,0.5658500567,0.8984375,0.07898972678,0,0
0.0075,311.15,0.5730581837,0.8984375,0.0771823259,0,0
0.008125,311.15,0.5792557572,0.8984375,0.07552997358,0,0
0.00875,311.15,0.5846409699,0.8984375,0.07401894445,0,0
0.009375,311.15,0.5893634607,0.8984375,0.07263530204,0,0
0.01,311.15,0.5935382995,0.8984375,0.07136586826,0,0
0.010625,311.15,0.59725541,0.8984375,0.07019861262,0,0
0.01125,311.15,0.6005860741,0.8984375,0.06912275563,0,0
0.011875,311.15,0.6035875187,0.8984375,0.06812873568,0,0
0.0125,311.15,0.6063062138,0.8984375,0.06720811538,0,0
0.013125,311.15,0.6087802843,0.8984375,0.06635346633,0,0
0.01375,311.15,0.6110413008,0.8984375,0.06555825133,0,0
0.014375,311.15,0.6131156296,0.8984375,0.06481671353,0,0
0.015,311.15,0.6150254612,0.8984375,0.06412377594,0,0
0.015625,311.15,0.6167896056,0.8984375,0.06347495263,0,0
0.01625,311.15,0.6184241117,0.8984375,0.06286627119,0,0
0.016875,311.15,0.619942756,0.8984375,0.06229420565,0,0
0.0175,311.15,0.6213574305,0.8984375,0.0617556185,0,0
0.018125,311.15,0.6226784543,0.8984375,0.061247711,0,0
0.01875,311.15,0.6239148252,0.8984375,0.06076798028,0,0
0.019375,311.15,0.6250744248,0.8984375,0.06031418252,0,0
0.02,311.15,0.6261641857,0.8984375,0.05988430127,0,0
0.020625,311.15,0.6271902307,0.8984375,0.05947652008,0,0
0.02125,311.15,0.6281579875,0.8984375,0.05908919885,0,0
0.021875,311.15,0.6290722842,0.8984375,0.05872085341,0,0
0.0225,311.15,0.6299374305,0.8984375,0.05837013775,0,0
0.023125,311.15,0.6307572848,0.8984375,0.05803582858,0,0
0.02375,311.15,0.6315353124,0.8984375,0.05771681187,0,0
0.024375,311.15,0.6322746336,0.8984375,0.0574120711,0,0
0.025,311.15,0.6329780662,0.8984375,0.05712067699,0,0
0.025625,311.15,0.6336481609,0.8984375,0.05684177838,0,0
0.02625,311.15,0.6342872323,0.8984375,0.05657459435,0,0
0.026875,311.15,0.6348973857,0.8984375,0.05631840717,0,0
0.0275,311.15,0.6354805401,0.8984375,0.0560725561,0,0
0.028125,311.15,0.6360384485,0.8984375,0.05583643189,0,0
0.02875,311.15,0.6365727153,0.8984375,0.05560947193,0,0
0.029375,311.15,0.6370848119,0.8984375,0.05539115586,0,0
0.03,311.15,0.6375760898,0.8984375,0.05518100176,0,0
0.030625,311.15,0.6380477933,0.8984375,0.05497856264,0,0
0.03125,311.15,0.6385010692,0.8984375,0.05478342341,0,0
0.031875,311.15,0.6389369764,0.8984375,0.05459519804,0,0
0.0325,311.15,0.6393564944,0.8984375,0.05441352712,0,0
0.033125,311.15,0.6397605304,0.8984375,0.05423807561,0,0
0.03375,311.15,0.6401499256,0.8984375,0.05406853081,0,0
0.034375,311.15,0.6405254617,0.8984375,0.05390460054,0,0
0.035,311.15,0.6408878655,0.8984375,0.05374601149,0,0
0.035625,311.15,0.641237814,0.8984375,0.05359250775,0,0
0.03625,311.15,0.6415759384,0.8984375,0.05344384943,0,0
0.036875,311.15,0.6419028279,0.8984375,0.05329981142,0,0
0.0375,311.15,0.6422190332,0.8984375,0.05316018232,0,0
0.038125,311.15,0.6425250698,0.8984375,0.05302476337,0,0
0.03875,311.15,0.6428214202,0.8984375,0.05289336754,0,0
0.039375,311.15,0.6431085372,0.8984375,0.05276581869,0,0
0.04,311.15,0.6433868457,0.8984375,0.05264195078,0,0
0.040625,311.15,0.6436567448,0.8984375,0.05252160716,0,0
0.04125,311.15,0.64391861,0.8984375,0.05240463991,0,0
0.041875,311.15,0.6441727947,0.8984375,0.05229090927,0,0
0.0425,311.15,0.6444196319,0.8984375,0.05218028304,0,0
0.043125,311.15,0.6446594356,0.8984375,0.05207263614,0,0
0.04375,311.15,0.6448925022,0.8984375,0.05196785007,0,0
0.044375,311.15,0.6451191116,0.8984375,0.05186581254,0,0
0.045,311.15,0.6453395286,0.8984375,0.05176641703,0,0
0.045625,311.15,0.6455540035,0.8984375,0.05166956246,0,0
0.04625,311.15,0.6457627734,0.8984375,0.05157515281,0,0
0.046875,311.15,0.6459660628,0.8984375,0.05148309685,0,0
0.0475,311.15,0.6461640849,0.8984375,0.05139330779,0,0
0.048125,311.15,0.6463570417,0.8984375,0.05130570309,0,0
0.04875,311.15,0.646545125,0.8984375,0.05122020412,0,0
0.049375,311.15,0.6467285172,0.8984375,0.05113673601,1,1
0.05,311.15,0.6469073917,0.8984375,0.05105522735,0,0
0.050625,311.15,0.6470819133,0.8984375,0.05097561008,0,0
0.05125,311.15,0.647252239,0.8984375,0.05089781921,1,1
0.051875,311.15,0.6474185183,0.8984375,0.0508217927,0,0
0.0525,311.15,0.6475808937,0.8984375,0.0507474713,1,1
0.053125,311.15,0.6477395011,0.8984375,0.05067479837,0,0
0.05375,311.15,0.6478944702,0.8984375,0.05060371973,0,0
0.054375,311.15,0.6480459246,0.8984375,0.05053418357,1,1
0.055,311.15,0.6481939827,0.8984375,0.05046614029,0,0
0.055625,311.15,0.6483387573,0.8984375,0.05039954239,1,1
0.05625,311.15,0.6484803566,0.8984375,0.05033434435,0,0
0.056875,311.15,0.6486188838,0.8984375,0.05027050255,0,0
0.0575,311.15,0.6487544379,0.8984375,0.05020797516,1,1
0.058125,311.15,0.6488871135,0.8984375,0.05014672206,1,1
0.05875,311.15,0.6490170013,0.8984375,0.05008670472,0,0
0.059375,311.15,0.6491441884,0.8984375,0.05002788617,0,0
0.06,311.15,0.649268758,0.8984375,0.04997023089,1,1
0.060625,311.15,0.6493907902,0.8984375,0.04991370474,0,0
0.06125,311.15,0.6495103617,0.8984375,0.04985827491,1,1
0.061875,311.15,0.6496275462,0.8984375,0.04980390984,1,1
0.0625,311.15,0.6497424143,0.8984375,0.04975057919,1,1
0.063125,311.15,0.6498550343,0.8984375,0.04969825373,1,1
0.06375,311.15,0.6499654713,0.8984375,0.04964690535,1,1
0.064375,311.15,0.6500737883,0.8984375,0.04959650694,1,1
0.065,311.15,0.6501800458,0.8984375,0.04954703242,1,1
0.065625,311.15,0.6502843018,0.8984375,0.04949845663,1,1
0.06625,311.15,0.6503866125,0.8984375,0.04945075534,1,1
0.066875,311.15,0.6504870317,0.8984375,0.04940390515,1,1
0.0675,311.15,0.6505856115,0.8984375,0.04935788351,1,1
0.068125,311.15,0.650682402,0.8984375,0.04931266866,1,1
0.06875,311.15,0.6507774513,0.8984375,0.04926823957,1,1
0.069375,311.15,0.6508708061,0.8984375,0.04922457596,1,1
0.07,311.15,0.6509625112,0.8984375,0.04918165823,1,1
0.070625,311.15,0.6510526101,0.8984375,0.04913946745,1,1
0.07125,311.15,0.6511411446,0.8984375,0.04909798532,1,1
0.071875,311.15,0.6512281549,0.8984375,0.04905719413,1,1
0.0725,311.15,0.6513136803,0.8984375,0.0490170768,1,1
0.073125,311.15,0.6513977583,0.8984375,0.04897761676,1,1
0.07375,311.15,0.6514804254,0.8984375,0.04893879802,1,1
0.074375,311.15,0.6515617168,0.8984375,0.04890060506,1,1
0.075,311.15,0.6516416666,0.8984375,0.04886302289,1,1
0.075625,311.15,0.6517203077,0.8984375,0.04882603699,1,1
0.07625,311.15,0.6517976719,0.8984375,0.04878963329,1,1
0.076875,311.15,0.6518737902,0.8984375,0.04875379815,1,1
0.0775,311.15,0.6519486924,0.8984375,0.04871851837,1,1
0.078125,311.15,0.6520224073,0.8984375,0.04868378115,1,1
0.07875,311.15,0.6520949631,0.8984375,0.04864957407,1,1
0.079375,311.15,0.6521663867,0.8984375,0.0486158851,1,1
0.08,311.15,0.6522367046,0.8984375,0.04858270255,1,1
0.005,311.65,0.5325834894,0.89453125,0.08600096044,0,0
0.005625,311.65,0.5448470704,0.89453125,0.0837576784,0,0
0.00625,311.65,0.5549399736,0.89453125,0.08166565851,0,0
0.006875,311.65,0.5633898391,0.89453125,0.07973812393,0,0
0.0075,311.65,0.5705666264,0.89453125,0.07797163579,0,0
0.008125,311.65,0.5767372539,0.89453125,0.07635566918,0,0
0.00875,311.65,0.5820990527,0.89453125,0.07487718691,0,0
0.009375,311.65,0.5868010109,0.89453125,0.07352281383,0,0
0.01,311.65,0.5909576982,0.89453125,0.07227983244,0,0
0.010625,311.65,0.5946586474,0.89453125,0.07113659272,0,0
0.01125,311.65,0.5979748303,0.89453125,0.07008263165,0,0
0.011875,311.65,0.6009632251,0.89453125,0.06910865258,0,0
0.0125,311.65,0.6036700999,0.89453125,0.06820644144,0,0
0.013125,311.65,0.6061334135,0.89453125,0.06736875915,0,0
0.01375,311.65,0.6083845995,0.89453125,0.06658923004,0,0
0.014375,311.65,0.6104499094,0.89453125,0.06586223577,0,0
0.015,311.65,0.6123514374,0.89453125,0.06518281877,0,0
0.015625,311.65,0.6141079116,0.89453125,0.06454659663,0,0
0.01625,311.65,0.6157353113,0.89453125,0.06394968703,0,0
0.016875,311.65,0.6172473527,0.89453125,0.06338864277,0,0
0.0175,311.65,0.6186558764,0.89453125,0.06286039554,0,0
0.018125,311.65,0.6199711566,0.89453125,0.06236220755,0,0
0.01875,311.65,0.6212021521,0.89453125,0.06189162988,0,0
0.019375,311.65,0.6223567099,0.89453125,0.06144646665,0,0
0.02,311.65,0.6234417327,0.89453125,0.06102474405,0,0
0.020625,311.65,0.6244633167,0.89453125,0.06062468378,0,0
0.02125,311.65,0.6254268658,0.89453125,0.06024467994,0,0
0.021875,311.65,0.6263371873,0.89453125,0.05988327906,0,0
0.0225,311.65,0.6271985721,0.89453125,0.05953916284,0,0
0.023125,311.65,0.6280148619,0.89453125,0.05921113302,0,0
0.02375,311.65,0.6287895067,0.89453125,0.05889809825,0,0
0.024375,311.65,0.6295256135,0.89453125,0.05859906259,0,0
0.025,311.65,0.6302259877,0.89453125,0.05831311548,0,0
0.025625,311.65,0.6308931689,0.89453125,0.05803942288,0,0
0.02625,311.65,0.6315294617,0.89453125,0.05777721945,0,0
0.026875,311.65,0.6321369622,0.89453125,0.05752580179,0,0
0.0275,311.65,0.6327175812,0.89453125,0.05728452224,0,0
0.028125,311.65,0.633273064,0.89453125,0.05705278364,0,0
0.02875,311.65,0.6338050079,0.89453125,0.05683003444,0,0
0.029375,311.65,0.6343148779,0.89453125,0.05661576454,0,0
0.03,311.65,0.6348040199,0.89453125,0.05640950146,0,0
0.030625,311.65,0.6352736725,0.89453125,0.05621080696,0,0
0.03125,311.65,0.6357249776,0.89453125,0.05601927403,0,0
0.031875,311.65,0.6361589896,0.89453125,0.05583452417,0,0
0.0325,311.65,0.6365766836,0.89453125,0.05565620495,0,0
0.033125,311.65,0.6369789628,0.89453125,0.05548398781,0,0
0.03375,311.65,0.6373666651,0.89453125,0.0553175661,0,0
0.034375,311.65,0.6377405684,0.89453125,0.05515665328,0,0
0.035,311.65,0.6381013966,0.89453125,0.05500098131,0,0
0.035625,311.65,0.6384498235,0.89453125,0.05485029919,0,0
0.03625,311.65,0.6387864778,0.89453125,0.05470437164,0,0
0.036875,311.65,0.639111946,0.89453125,0.05456297787,0,0
0.0375,311.65,0.6394267766,0.89453125,0.05442591051,0,0
0.038125,311.65,0.6397314825,0.89453125,0.05429297461,0,0
0.03875,311.65,0.6400265445,0.89453125,0.05416398671,0,0
0.039375,311.65,0.6403124132,0.89453125,0.05403877402,0,0
0.04,311.65,0.6405895116,0.89453125,0.05391717365,0,0
0.040625,311.65,0.6408582372,0.89453125,0.05379903194,0,0
0.04125,311.65,0.6411189638,0.89453125,0.05368420377,0,0
0.041875,311.65,0.6413720434,0.89453125,0.05357255202,0,0
0.0425,311.65,0.6416178074,0.89453125,0.05346394702,0,0
0.043125,311.65,0.6418565684,0.89453125,0.05335826603,0,0
0.04375,311.65,0.6420886217,0.89453125,0.0532553928,0,0
0.044375,311.65,0.6423142459,0.89453125,0.05315521716,0,0
0.045,311.65,0.6425337046,0.89453125,0.05305763459,0,0
0.045625,311.65,0.642747247,0.89453125,0.05296254591,0,0
0.04625,311.65,0.6429551091,0.89453125,0.05286985692,0,0
0.046875,311.65,0.6431575147,0.89453125,0.05277947809,0,0
0.0475,311.65,0.6433546758,0.89453125,0.05269132428,0,0
0.048125,311.65,0.6435467937,0.89453125,0.05260531448,0,0
0.04875,311.65,0.6437340592,0.89453125,0.05252137155,0,0
0.049375,311.65,0.6439166541,0.89453125,0.05243942201,1,1
0.05,311.65,0.6440947509,0.89453125,0.05235939579,1,1
0.050625,311.65,0.6442685137,0.89453125,0.0522812261,0,0
0.05125,311.65,0.6444380988,0.89453125,0.05220484917,1,1
0.051875,311.65,0.6446036552,0.89453125,0.05213020413,0,0
0.0525,311.65,0.6447653246,0.89453125,0.05205723281,1,1
0.053125,311.65,0.6449232424,0.89453125,0.05198587964,0,0
0.05375,311.65,0.6450775377,0.89453125,0.05191609146,0,0
0.054375,311.65,0.6452283336,0.89453125,0.0518478174,1,1
0.055,311.65,0.645375748,0.89453125,0.05178100881,0,0
0.055625,311.65,0.6455198932,0.89453125,0.05171561905,0,0
0.05625,311.65,0.6456608768,0.89453125,0.05165160346,1,1
0.056875,311.65,0.6457988017,0.89453125,0.05158891923,0,0
0.0575,311.65,0.6459337664,0.89453125,0.05152752532,0,0
0.058125,311.65,0.6460658652,0.89453125,0.05146738232,1,1
0.05875,311.65,0.6461951883,0.89453125,0.05140845245,0,0
0.059375,311.65,0.6463218224,0.89453125,0.0513506994,0,0
0.06,311.65,0.6464458504,0.89453125,0.05129408832,1,1
0.060625,311.65,0.646567352,0.89453125,0.0512385857,1,1
0.06125,311.65,0.6466864036,0.89453125,0.05118415934,1,1
0.061875,311.65,0.6468030786,0.89453125,0.05113077827,1,1
0.0625,311.65,0.6469174473,0.89453125,0.05107841269,1,1
0.063125,311.65,0.6470295776,0.89453125,0.05102703393,1,1
0.06375,311.65,0.6471395345,0.89453125,0.05097661439,1,1
0.064375,311.65,0.6472473806,0.89453125,0.05092712747,1,1
0.065,311.65,0.647353176,0.89453125,0.05087854756,1,1
0.065625,311.65,0.6474569788,0.89453125,0.05083084998,1,1
0.06625,311.65,0.6475588446,0.89453125,0.05078401092,1,1
0.066875,311.65,0.6476588273,0.89453125,0.05073800744,1,1
0.0675,311.65,0.6477569784,0.89453125,0.05069281739,1,1
0.068125,311.65,0.647853348,0.89453125,0.05064841941,1,1
0.06875,311.65,0.6479479841,0.89453125,0.05060479287,1,1
0.069375,311.65,0.648040933,0.89453125,0.05056191786,1,1
0.07,311.65,0.6481322394,0.89453125,0.05051977513,1,1
0.070625,311.65,0.6482219466,0.89453125,0.0504783461,1,1
0.07125,311.65,0.6483100961,0.89453125,0.05043761282,1,1
0.071875,311.65,0.6483967282,0.89453125,0.0503975579,1,1
0.0725,311.65,0.6484818817,0.89453125,0.05035816456,1,1
0.073125,311.65,0.6485655941,0.89453125,0.05031941655,1,1
0.07375,311.65,0.6486479018,0.89453125,0.05028129816,1,1
0.074375,311.65,0.6487288398,0.89453125,0.05024379418,1,1
0.075,311.65,0.6488084419,0.89453125,0.05020688987,1,1
0.075625,311.65,0.6488867411,0.89453125,0.05017057099,1,1
0.07625,311.65,0.648963769,0.89453125,0.05013482372,1,1
0.076875,311.65,0.6490395563,0.89453125,0.05009963468,1,1
0.0775,311.65,0.6491141328,0.89453125,0.0500649909,1,1
0.078125,311.65,0.6491875273,0.89453125,0.05003087981,1,1
0.07875,311.65,0.6492597676,0.89453125,0.04999728924,1,1
0.079375,311.65,0.6493308807,0.89453125,0.04996420737,1,1
0.08,311.65,0.6494008929,0.89453125,0.04993162273,1,1
0.005,312.15,0.5302577973,0.890625,0.08657910642,0,0
0.005625,312.15,0.5424678255,0.890625,0.08439562417,0,0
0.00625,312.15,0.5525166549,0.890625,0.08235577847,0,0
0.006875,312.15,0.5609296214,0.890625,0.08047406364,0,0
0.0075,312.15,0.568075069,0.890625,0.07874807567,0,0
0.008125,312.15,0.5742187506,0.890625,0.0771681284,0,0
0.00875,312.15,0.5795571354,0.890625,0.07572186561,0,0
0.009375,312.15,0.5842385611,0.890625,0.07439646761,0,0
0.01,312.15,0.5883770969,0.890625,0.07317967276,0,0
0.010625,312.15,0.5920618847,0.890625,0.07206020765,0,0
0.01125,312.15,0.5953635865,0.890625,0.0710279225,0,0
0.011875,312.15,0.5983389315,0.890625,0.07007378294,0,0
0.0125,312.15,0.6010339859,0.890625,0.06918979595,0,0
0.013125,312.15,0.6034865427,0.890625,0.06836890989,0,0
0.01375,312.15,0.6057278982,0.890625,0.06760490897,0,0
0.014375,312.15,0.6077841893,0.890625,0.06689231196,0,0
0.015,312.15,0.6096774137,0.890625,0.06622627958,0,0
0.015625,312.15,0.6114262177,0.890625,0.06560253183,0,0
0.01625,312.15,0.6130465108,0.890625,0.0650172756,0,0
0.016875,312.15,0.6145519494,0.890625,0.06446714169,0,0
0.0175,312.15,0.6159543224,0.890625,0.06394913026,0,0
0.018125,312.15,0.617263859,0.890625,0.0634605639,0,0
0.01875,312.15,0.6184894789,0.890625,0.06299904709,0,0
0.019375,312.15,0.619638995,0.890625,0.06256243138,0,0
0.02,312.15,0.6207192797,0.890625,0.06214878521,0,0
0.020625,312.15,0.6217364026,0.890625,0.06175636803,0,0
0.02125,312.15,0.6226957441,0.890625,0.06138360778,0,0
0.021875,312.15,0.6236020904,0.890625,0.06102908143,0,0
0.0225,312.15,0.6244597137,0.890625,0.06069149808,0,0
0.023125,312.15,0.6252724389,0.890625,0.06036968425,0,0
0.02375,312.15,0.626043701,0.890625,0.06006257104,0,0
0.024375,312.15,0.6267765933,0.890625,0.0597691829,0,0
0.025,312.15,0.6274739091,0.890625,0.05948862781,0,0
0.025625,312.15,0.6281381768,0.890625,0.05922008864,0,0
0.02625,312.15,0.6287716911,0.890625,0.05896281552,0,0
0.026875,312.15,0.6293765388,0.890625,0.05871611918,0,0
0.0275,312.15,0.6299546224,0.890625,0.05847936498,0,0
0.028125,312.15,0.6305076794,0.890625,0.05825196766,0,0
0.02875,312.15,0.6310373004,0.890625,0.05803338668,0,0
0.029375,312.15,0.6315449439,0.890625,0.05782312205,0,0
0.03,312.15,0.6320319499,0.890625,0.05762071065,0,0
0.030625,312.15,0.6324995516,0.890625,0.05742572291,0,0
0.03125,312.15,0.632948886,0.890625,0.05723775981,0,0
0.031875,312.15,0.6333810027,0.890625,0.05705645031,0,0
0.0325,312.15,0.6337968727,0.890625,0.05688144888,0,0
0.033125,312.15,0.6341973953,0.890625,0.05671243339,0,0
0.03375,312.15,0.6345834045,0.890625,0.05654910317,0,0
0.034375,312.15,0.6349556751,0.890625,0.05639117726,0,0
0.035,312.15,0.6353149276,0.890625,0.05623839284,0,0
0.035625,312.15,0.6356618331,0.890625,0.05609050379,0,0
0.03625,312.15,0.6359970172,0.890625,0.05594727936,0,0
0.036875,312.15,0.6363210642,0.890625,0.05580850306,0,0
0.0375,312.15,0.6366345199,0.890625,0.05567397151,0,0
0.038125,312.15,0.6369378952,0.890625,0.05554349352,0,0
0.03875,312.15,0.6372316687,0.890625,0.05541688915,0,0
0.039375,312.15,0.6375162891,0.890625,0.05529398896,0,0
0.04,312.15,0.6377921775,0.890625,0.05517463316,0,0
0.040625,312.15,0.6380597296,0.890625,0.05505867105,0,0
0.04125,312.15,0.6383193177,0.890625,0.05494596029,0,0
0.041875,312.15,0.6385712921,0.890625,0.05483636638,0,0
0.0425,312.15,0.6388159829,0.890625,0.05472976213,0,0
0.043125,312.15,0.6390537013,0.890625,0.05462602712,0,0
0.04375,312.15,0.6392847413,0.890625,0.05452504735,0,0
0.044375,312.15,0.6395093802,0.890625,0.05442671471,0,0
0.045,312.15,0.6397278805,0.890625,0.0543309267,0,0
0.045625,312.15,0.6399404904,0.890625,0.05423758602,0,0
0.04625,312.15,0.6401474449,0.890625,0.05414660024,0,0
0.046875,312.15,0.6403489666,0.890625,0.05405788155,0,0
0.0475,312.15,0.6405452668,0.890625,0.0539713464,0,0
0.048125,312.15,0.6407365457,0.890625,0.05388691533,0,0
0.04875,312.15,0.6409229935,0.890625,0.05380451266,1,1
0.049375,312.15,0.641104791,0.890625,0.05372406628,0,0
0.05,312.15,0.64128211,0.890625,0.05364550747,1,1
0.050625,312.15,0.6414551141,0.890625,0.05356877068,0,0
0.05125,312.15,0.6416239587,0.890625,0.05349379335,1,1
0.051875,312.15,0.6417887921,0.890625,0.05342051575,0,0
0.0525,312.15,0.6419497555,0.890625,0.05334888082,0,0
0.053125,312.15,0.6421069837,0.890625,0.05327883402,1,1
0.05375,312.15,0.6422606052,0.890625,0.0532103232,0,0
0.054375,312.15,0.6424107427,0.890625,0.05314329845,1,1
0.055,312.15,0.6425575133,0.890625,0.053077712,0,0
0.055625,312.15,0.642701029,0.890625,0.05301351813,0,0
0.05625,312.15,0.642841397,0.890625,0.052950673,1,1
0.056875,312.15,0.6429787196,0.890625,0.05288913459,0,0
0.0575,312.15,0.6431130949,0.890625,0.05282886264,0,0
0.058125,312.15,0.6432446168,0.890625,0.05276981848,0,0
0.05875,312.15,0.6433733752,0.890625,0.05271196503,1,1
0.059375,312.15,0.6434994563,0.890625,0.05265526667,0,0
0.06,312.15,0.6436229428,0.890625,0.05259968919,0,0
0.060625,312.15,0.6437439138,0.890625,0.05254519971,1,1
0.06125,312.15,0.6438624455,0.890625,0.05249176663,1,1
0.061875,312.15,0.643978611,0.890625,0.05243935956,1,1
0.0625,312.15,0.6440924803,0.890625,0.05238794926,1,1
0.063125,312.15,0.6442041209,0.890625,0.05233750759,1,1
0.06375,312.15,0.6443135977,0.890625,0.05228800746,1,1
0.064375,312.15,0.6444209728,0.890625,0.05223942277,1,1
0.065,312.15,0.6445263062,0.890625,0.05219172839,1,1
0.065625,312.15,0.6446296557,0.890625,0.05214490009,1,1
0.06625,312.15,0.6447310767,0.890625,0.05209891451,1,1
0.066875,312.15,0.6448306228,0.890625,0.05205374914,1,1
0.0675,312.15,0.6449283454,0.890625,0.05200938224,1,1
0.068125,312.15,0.6450242941,0.890625,0.05196579283,1,1
0.06875,312.15,0.6451185169,0.890625,0.05192296069,1,1
0.069375,312.15,0.6452110599,0.890625,0.05188086626,1,1
0.07,312.15,0.6453019677,0.890625,0.05183949066,1,1
0.070625,312.15,0.6453912831,0.890625,0.05179881565,1,1
0.07125,312.15,0.6454790476,0.890625,0.0517588236,1,1
0.071875,312.15,0.6455653014,0.890625,0.05171949746,1,1
0.0725,312.15,0.6456500831,0.890625,0.05168082076,1,1
0.073125,312.15,0.64573343,0.890625,0.05164277755,1,1
0.07375,312.15,0.6458153782,0.890625,0.0516053524,1,1
0.074375,312.15,0.6458959627,0.890625,0.05156853039,1,1
0.075,312.15,0.6459752173,0.890625,0.05153229706,1,1
0.075625,312.15,0.6460531745,0.890625,0.05149663841,1,1
0.07625,312.15,0.6461298661,0.890625,0.0514615409,1,1
0.076875,312.15,0.6462053225,0.890625,0.05142699138,1,1
0.0775,312.15,0.6462795733,0.890625,0.05139297714,1,1
0.078125,312.15,0.6463526472,0.890625,0.05135948584,1,1
0.07875,312.15,0.6464245721,0.890625,0.05132650551,1,1
0.079375,312.15,0.6464953747,0.890625,0.05129402456,1,1
0.08,312.15,0.6465650811,0.890625,0.05126203174,1,1
0.005,312.65,0.5279321052,0.88671875,0.08714645545,0,0
0.005625,312.65,0.5400885807,0.88671875,0.08502215999,0,0
0.00625,312.65,0.5500933363,0.88671875,0.08303395666,0,0
0.006875,312.65,0.5584694038,0.88671875,0.08119759624,0,0
0.0075,312.65,0.5655835117,0.88671875,0.07951169812,0,0
0.008125,312.65,0.5717002473,0.88671875,0.07796740586,0,0
0.00875,312.65,0.5770152182,0.88671875,0.07655303699,0,0
0.009375,312.65,0.5816761112,0.88671875,0.0752563215,0,0
0.01,312.65,0.5857964956,0.88671875,0.07406544889,0,0
0.010625,312.65,0.5894651221,0.88671875,0.07296951848,0,0
0.01125,312.65,0.5927523427,0.88671875,0.07195869053,0,0
0.011875,312.65,0.595714638,0.88671875,0.07102419031,0,0
0.0125,312.65,0.5983978719,0.88671875,0.07015824357,0,0
0.013125,312.65,0.6008396719,0.88671875,0.06935398422,0,0
0.01375,312.65,0.6030711969,0.88671875,0.06860535473,0,0
0.014375,312.65,0.6051184692,0.88671875,0.06790700965,0,0
0.015,312.65,0.6070033899,0.88671875,0.06725422671,0,0
0.015625,312.65,0.6087445238,0.88671875,0.06664282735,0,0
0.01625,312.65,0.6103577103,0.88671875,0.06606910677,0,0
0.016875,312.65,0.6118565462,0.88671875,0.06552977295,0,0
0.0175,312.65,0.6132527683,0.88671875,0.06502189386,0,0
0.018125,312.65,0.6145565614,0.88671875,0.06454285185,0,0
0.01875,312.65,0.6157768058,0.88671875,0.06409030428,0,0
0.019375,312.65,0.6169212801,0.88671875,0.06366214963,0,0
0.02,312.65,0.6179968267,0.88671875,0.06325649818,0,0
0.020625,312.65,0.6190094886,0.88671875,0.06287164675,0,0
0.02125,312.65,0.6199646224,0.88671875,0.06250605677,0,0
0.021875,312.65,0.6208669935,0.88671875,0.06215833535,0,0
0.0225,312.65,0.6217208553,0.88671875,0.06182721872,0,0
0.023125,312.65,0.6225300159,0.88671875,0.06151155793,0,0
0.02375,312.65,0.6232978953,0.88671875,0.0612103063,0,0
0.024375,312.65,0.6240275732,0.88671875,0.06092250846,0,0
0.025,312.65,0.6247218306,0.88671875,0.06064729075,0,0
0.025625,312.65,0.6253831848,0.88671875,0.06038385278,0,0
0.02625,312.65,0.6260139205,0.88671875,0.06013145998,0,0
0.026875,312.65,0.6266161154,0.88671875,0.05988943711,0,0
0.0275,312.65,0.6271916635,0.88671875,0.05965716236,0,0
0.028125,312.65,0.6277422948,0.88671875,0.05943406229,0,0
0.02875,312.65,0.628269593,0.88671875,0.05921960724,0,0
0.029375,312.65,0.62877501,0.88671875,0.05901330725,0,0
0.03,312.65,0.62925988,0.88671875,0.05881470845,0,0
0.030625,312.65,0.6297254308,0.88671875,0.05862338984,0,0
0.03125,312.65,0.6301727944,0.88671875,0.05843896035,0,0
0.031875,312.65,0.6306030158,0.88671875,0.05826105629,0,0
0.0325,312.65,0.6310170619,0.88671875,0.05808933896,0,0
0.033125,312.65,0.6314158278,0.88671875,0.0579234926,0,0
0.03375,312.65,0.631800144,0.88671875,0.05776322248,0,0
0.034375,312.65,0.6321707818,0.88671875,0.05760825316,0,0
0.035,312.65,0.6325284586,0.88671875,0.05745832696,0,0
0.035625,312.65,0.6328738426,0.88671875,0.05731320259,0,0
0.03625,312.65,0.6332075566,0.88671875,0.05717265383,0,0
0.036875,312.65,0.6335301823,0.88671875,0.0570364684,0,0
0.0375,312.65,0.6338422632,0.88671875,0.05690444689,0,0
0.038125,312.65,0.634144308,0.88671875,0.05677640183,0,0
0.03875,312.65,0.634436793,0.88671875,0.05665215678,0,0
0.039375,312.65,0.634720165,0.88671875,0.05653154557,0,0
0.04,312.65,0.6349948434,0.88671875,0.05641441153,0,0
0.040625,312.65,0.635261222,0.88671875,0.05630060686,0,0
0.04125,312.65,0.6355196716,0.88671875,0.05618999198,0,0
0.041875,312.65,0.6357705408,0.88671875,0.05608243499,0,0
0.0425,312.65,0.6360141584,0.88671875,0.05597781112,0,0
0.043125,312.65,0.6362508342,0.88671875,0.05587600232,0,0
0.04375,312.65,0.6364808608,0.88671875,0.05577689673,0,0
0.044375,312.65,0.6367045145,0.88671875,0.05568038837,0,0
0.045,312.65,0.6369220565,0.88671875,0.05558637666,0,0
0.045625,312.65,0.6371337339,0.88671875,0.05549476619,0,0
0.04625,312.65,0.6373397807,0.88671875,0.0554054663,0,0
0.046875,312.65,0.6375404185,0.88671875,0.05531839084,0,0
0.0475,312.65,0.6377358577,0.88671875,0.05523345789,0,0
0.048125,312.65,0.6379262976,0.88671875,0.05515058949,0,0
0.04875,312.65,0.6381119277,0.88671875,0.05506971139,1,1
0.049375,312.65,0.6382929279,0.88671875,0.05499075288,0,0
0.05,312.65,0.6384694692,0.88671875,0.05491364654,1,1
0.050625,312.65,0.6386417144,0.88671875,0.05483832806,0,0
0.05125,312.65,0.6388098185,0.88671875,0.05476473608,1,1
0.051875,312.65,0.6389739289,0.88671875,0.05469281201,0,0
0.0525,312.65,0.6391341864,0.88671875,0.05462249986,0,0
0.053125,312.65,0.639290725,0.88671875,0.05455374613,1,1
0.05375,312.65,0.6394436727,0.88671875,0.05448649966,0,0
0.054375,312.65,0.6395931517,0.88671875,0.05442071149,0,0
0.055,312.65,0.6397392785,0.88671875,0.05435633476,1,1
0.055625,312.65,0.6398821648,0.88671875,0.05429332459,0,0
0.05625,312.65,0.6400219172,0.88671875,0.05423163799,0,0
0.056875,312.65,0.6401586375,0.88671875,0.05417123374,1,1
0.0575,312.65,0.6402924235,0.88671875,0.05411207232,0,0
0.058125,312.65,0.6404233685,0.88671875,0.05405411581,0,0
0.05875,312.65,0.6405515622,0.88671875,0.05399732782,1,1
0.059375,312.65,0.6406770903,0.88671875,0.0539416734,0,0
0.06,312.65,0.6408000351,0.88671875,0.05388711899,0,0
0.060625,312.65,0.6409204756,0.88671875,0.05383363233,1,1
0.06125,312.65,0.6410384874,0.88671875,0.05378118241,1,1
0.061875,312.65,0.6411541434,0.88671875,0.05372973942,1,1
0.0625,312.65,0.6412675133,0.88671875,0.05367927466,1,1
0.063125,312.65,0.6413786643,0.88671875,0.05362976053,1,1
0.06375,312.65,0.6414876608,0.88671875,0.05358117044,1,1
0.064375,312.65,0.641594565,0.88671875,0.05353347878,1,1
0.065,312.65,0.6416994365,0.88671875,0.0534866609,1,1
0.065625,312.65,0.6418023327,0.88671875,0.05344069303,1,1
0.06625,312.65,0.6419033089,0.88671875,0.05339555223,1,1
0.066875,312.65,0.6420024183,0.88671875,0.05335121643,1,1
0.0675,312.65,0.6420997123,0.88671875,0.05330766428,1,1
0.068125,312.65,0.6421952402,0.88671875,0.05326487521,1,1
0.06875,312.65,0.6422890497,0.88671875,0.05322282936,1,1
0.069375,312.65,0.6423811869,0.88671875,0.05318150756,1,1
0.07,312.65,0.6424716959,0.88671875,0.05314089126,1,1
0.070625,312.65,0.6425606196,0.88671875,0.05310096258,1,1
0.07125,312.65,0.6426479992,0.88671875,0.05306170421,1,1
0.071875,312.65,0.6427338747,0.88671875,0.05302309943,1,1
0.0725,312.65,0.6428182845,0.88671875,0.05298513206,1,1
0.073125,312.65,0.6429012658,0.88671875,0.05294778646,1,1
0.07375,312.65,0.6429828546,0.88671875,0.05291104748,1,1
0.074375,312.65,0.6430630857,0.88671875,0.05287490049,1,1
0.075,312.65,0.6431419927,0.88671875,0.05283933129,1,1
0.075625,312.65,0.643219608,0.88671875,0.05280432615,1,1
0.07625,312.65,0.6432959632,0.88671875,0.05276987177,1,1
0.076875,312.65,0.6433710886,0.88671875,0.05273595526,1,1
0.0775,312.65,0.6434450138,0.88671875,0.05270256414,1,1
0.078125,312.65,0.6435177672,0.88671875,0.05266968629,1,1
0.07875,312.65,0.6435893766,0.88671875,0.05263730998,1,1
0.079375,312.65,0.6436598686,0.88671875,0.05260542383,1,1
0.08,312.65,0.6437292693,0.88671875,0.0525740168,1,1
0.005,313.15,0.5256064131,0.8828125,0.08770304914,0,0
0.005625,313.15,0.5377093358,0.8828125,0.08563733062,0,0
0.00625,313.15,0.5476700176,0.8828125,0.08370024061,0,0
0.006875,313.15,0.5560091862,0.8828125,0.08190877175,0,0
0.0075,313.15,0.5630919544,0.8828125,0.08026255542,0,0
0.008125,313.15,0.569181744,0.8828125,0.07875355586,0,0
0.00875,313.15,0.5744733009,0.8828125,0.0773707572,0,0
0.009375,313.15,0.5791136614,0.8828125,0.07610243331,0,0
0.01,313.15,0.5832158943,0.8828125,0.07493722015,0,0
0.010625,313.15,0.5868683594,0.8828125,0.07386458593,0,0
0.01125,313.15,0.5901410989,0.8828125,0.07287499776,0,0
0.011875,313.15,0.5930903444,0.8828125,0.07195993786,0,0
0.0125,313.15,0.5957617579,0.8828125,0.07111184856,0,0
0.013125,313.15,0.5981928011,0.8828125,0.07032404743,0,0
0.01375,313.15,0.6004144956,0.8828125,0.06959063359,0,0
0.014375,313.15,0.602452749,0.8828125,0.06890639595,0,0
0.015,313.15,0.6043293662,0.8828125,0.06826672812,0,0
0.015625,313.15,0.6060628298,0.8828125,0.06766755192,0,0
0.01625,313.15,0.6076689098,0.8828125,0.06710524997,0,0
0.016875,313.15,0.6091611429,0.8828125,0.06657660668,0,0
0.0175,313.15,0.6105512143,0.8828125,0.06607875712,0,0
0.018125,313.15,0.6118492637,0.8828125,0.06560914278,0,0
0.01875,313.15,0.6130641326,0.8828125,0.06516547339,0,0
0.019375,313.15,0.6142035652,0.8828125,0.06474569389,0,0
0.02,313.15,0.6152743738,0.8828125,0.06434795596,0,0
0.020625,313.15,0.6162825745,0.8828125,0.06397059341,0,0
0.02125,313.15,0.6172335007,0.8828125,0.06361210087,0,0
0.021875,313.15,0.6181318966,0.8828125,0.06327111522,0,0
0.0225,313.15,0.6189819969,0.8828125,0.06294639958,0,0
0.023125,313.15,0.6197875929,0.8828125,0.06263682927,0,0
0.02375,313.15,0.6205520896,0.8828125,0.06234137962,0,0
0.024375,313.15,0.621278553,0.8828125,0.06205911523,0,0
0.025,313.15,0.621969752,0.8828125,0.0617891806,0,0
0.025625,313.15,0.6226281928,0.8828125,0.06153079193,0,0
0.02625,313.15,0.62325615,0.8828125,0.0612832298,0,0
0.026875,313.15,0.623855692,0.8828125,0.06104583283,0,0
0.0275,313.15,0.6244287046,0.8828125,0.06081799194,0,0
0.028125,313.15,0.6249769103,0.8828125,0.06059914538,0,0
0.02875,313.15,0.6255018855,0.8828125,0.06038877425,0,0
0.029375,313.15,0.626005076,0.8828125,0.06018639852,0,0
0.03,313.15,0.62648781,0.8828125,0.0599915735,0,0
0.030625,313.15,0.62695131,0.8828125,0.05980388665,0,0
0.03125,313.15,0.6273967028,0.8828125,0.05962295477,0,0
0.031875,313.15,0.627825029,0.8828125,0.05944842144,0,0
0.0325,313.15,0.628237251,0.8828125,0.05927995475,0,0
0.033125,313.15,0.6286342603,0.8828125,0.05911724524,0,0
0.03375,313.15,0.6290168834,0.8828125,0.05896000402,0,0
0.034375,313.15,0.6293858885,0.8828125,0.05880796114,0,0
0.035,313.15,0.6297419896,0.8828125,0.05866086403,0,0
0.035625,313.15,0.6300858521,0.8828125,0.05851847617,0,0
0.03625,313.15,0.630418096,0.8828125,0.05838057579,0,0
0.036875,313.15,0.6307393004,0.8828125,0.05824695481,0,0
0.0375,313.15,0.6310500066,0.8828125,0.05811741774,0,0
0.038125,313.15,0.6313507207,0.8828125,0.05799178078,0,0
0.03875,313.15,0.6316419173,0.8828125,0.05786987098,0,0
0.039375,313.15,0.6319240409,0.8828125,0.05775152541,0,0
0.04,313.15,0.6321975092,0.8828125,0.05763659046,0,0
0.040625,313.15,0.6324627144,0.8828125,0.05752492122,0,0
0.04125,313.15,0.6327200255,0.8828125,0.05741638083,0,0
0.041875,313.15,0.6329697895,0.8828125,0.05731083996,0,0
0.0425,313.15,0.6332123339,0.8828125,0.05720817628,0,0
0.043125,313.15,0.6334479671,0.8828125,0.05710827401,0,0
0.04375,313.15,0.6336769804,0.8828125,0.05701102349,0,0
0.044375,313.15,0.6338996488,0.8828125,0.05691632076,0,0
0.045,313.15,0.6341162325,0.8828125,0.05682406723,0,0
0.045625,313.15,0.6343269773,0.8828125,0.0567341693,0,0
0.04625,313.15,0.6345321164,0.8828125,0.05664653808,0,0
0.046875,313.15,0.6347318704,0.8828125,0.05656108909,0,0
0.0475,313.15,0.6349264486,0.8828125,0.05647774197,0,0
0.048125,313.15,0.6351160496,0.8828125,0.05639642027,0,0
0.04875,313.15,0.635300862,0.8828125,0.05631705118,1,1
0.049375,313.15,0.6354810648,0.8828125,0.05623956534,0,0
0.05,313.15,0.6356568284,0.8828125,0.05616389663,1,1
0.050625,313.15,0.6358283148,0.8828125,0.05608998198,0,0
0.05125,313.15,0.6359956783,0.8828125,0.0560177612,0,0
0.051875,313.15,0.6361590658,0.8828125,0.05594717682,1,1
0.0525,313.15,0.6363186173,0.8828125,0.05587817393,0,0
0.053125,313.15,0.6364744663,0.8828125,0.05581070007,1,1
0.05375,313.15,0.6366267402,0.8828125,0.05574470503,0,0
0.054375,313.15,0.6367755607,0.8828125,0.0556801408,0,0
0.055,313.15,0.6369210438,0.8828125,0.05561696141,1,1
0.055625,313.15,0.6370633007,0.8828125,0.05555512285,0,0
0.05625,313.15,0.6372024374,0.8828125,0.05549458294,0,0
0.056875,313.15,0.6373385554,0.8828125,0.05543530126,1,1
0.0575,313.15,0.637471752,0.8828125,0.05537723902,0,0
0.058125,313.15,0.6376021202,0.8828125,0.05532035904,0,0
0.05875,313.15,0.6377297491,0.8828125,0.05526462561,0,0
0.059375,313.15,0.6378547243,0.8828125,0.05521000447,1,1
0.06,313.15,0.6379771275,0.8828125,0.05515646267,0,0
0.060625,313.15,0.6380970374,0.8828125,0.05510396857,1,1
0.06125,313.15,0.6382145293,0.8828125,0.05505249177,1,1
0.061875,313.15,0.6383296758,0.8828125,0.05500200299,1,1
0.0625,313.15,0.6384425463,0.8828125,0.05495247411,1,1
0.063125,313.15,0.6385532076,0.8828125,0.05490387803,1,1
0.06375,313.15,0.638661724,0.8828125,0.05485618867,1,1
0.064375,313.15,0.6387681572,0.8828125,0.05480938092,1,1
0.065,313.15,0.6388725667,0.8828125,0.05476343058,1,1
0.065625,313.15,0.6389750096,0.8828125,0.05471831432,1,1
0.06625,313.15,0.639075541,0.8828125,0.05467400967,1,1
0.066875,313.15,0.6391742138,0.8828125,0.05463049495,1,1
0.0675,313.15,0.6392710792,0.8828125,0.05458774922,1,1
0.068125,313.15,0.6393661863,0.8828125,0.0545457523,1,1
0.06875,313.15,0.6394595826,0.8828125,0.05450448471,1,1
0.069375,313.15,0.6395513138,0.8828125,0.05446392762,1,1
0.07,313.15,0.6396414241,0.8828125,0.05442406287,1,1
0.070625,313.15,0.639729956,0.8828125,0.05438487288,1,1
0.07125,313.15,0.6398169507,0.8828125,0.05434634069,1,1
0.071875,313.15,0.6399024479,0.8828125,0.05430844988,1,1
0.0725,313.15,0.6399864858,0.8828125,0.05427118458,1,1
0.073125,313.15,0.6400691016,0.8828125,0.05423452945,1,1
0.07375,313.15,0.640150331,0.8828125,0.05419846963,1,1
0.074375,313.15,0.6402302087,0.8828125,0.05416299074,1,1
0.075,313.15,0.640308768,0.8828125,0.05412807888,1,1
0.075625,313.15,0.6403860414,0.8828125,0.05409372056,1,1
0.07625,313.15,0.6404620602,0.8828125,0.05405990273,1,1
0.076875,313.15,0.6405368547,0.8828125,0.05402661275,1,1
0.0775,313.15,0.6406104542,0.8828125,0.05399383837,1,1
0.078125,313.15,0.6406828872,0.8828125,0.0539615677,1,1
0.07875,313.15,0.6407541811,0.8828125,0.05392978923,1,1
0.079375,313.15,0.6408243626,0.8828125,0.05389849179,1,1
0.08,313.15,0.6408934576,0.8828125,0.05386766455,1,1
0.005,313.65,0.523280721,0.87890625,0.08824892892,0,0
0.005625,313.65,0.535330091,0.87890625,0.08624118058,0,0
0.00625,313.65,0.545246699,0.87890625,0.08435467763,0,0
0.006875,313.65,0.5535489685,0.87890625,0.08260763996,0,0
0.0075,313.65,0.5606003971,0.87890625,0.08100069955,0,0
0.008125,313.65,0.5666632407,0.87890625,0.07952663239,0,0
0.00875,313.65,0.5719313836,0.87890625,0.07817508203,0,0
0.009375,313.65,0.5765512116,0.87890625,0.0769348605,0,0
0.01,313.65,0.580635293,0.87890625,0.07579504553,0,0
0.010625,313.65,0.5842715968,0.87890625,0.07474547037,0,0
0.01125,313.65,0.5875298551,0.87890625,0.07377690583,0,0
0.011875,313.65,0.5904660509,0.87890625,0.07288108843,0,0
0.0125,313.65,0.593125644,0.87890625,0.07205067486,0,0
0.013125,313.65,0.5955459303,0.87890625,0.07127916445,0,0
0.01375,313.65,0.5977577943,0.87890625,0.07056081139,0,0
0.014375,313.65,0.5997870289,0.87890625,0.0698905376,0,0
0.015,313.65,0.6016553424,0.87890625,0.06926385135,0,0
0.015625,313.65,0.6033811359,0.87890625,0.06867677386,0,0
0.01625,313.65,0.6049801093,0.87890625,0.06812577425,0,0
0.016875,313.65,0.6064657396,0.87890625,0.06760771259,0,0
0.0175,313.65,0.6078496602,0.87890625,0.06711979036,0,0
0.018125,313.65,0.6091419661,0.87890625,0.06665950764,0,0
0.01875,313.65,0.6103514595,0.87890625,0.06622462594,0,0
0.019375,313.65,0.6114858503,0.87890625,0.0658131362,0,0
0.02,313.65,0.6125519208,0.87890625,0.06542323111,0,0
0.020625,313.65,0.6135556605,0.87890625,0.06505328108,0,0
0.02125,313.65,0.614502379,0.87890625,0.06470181357,0,0
0.021875,313.65,0.6153967998,0.87890625,0.06436749497,0,0
0.0225,313.65,0.6162431385,0.87890625,0.06404911501,0,0
0.023125,313.65,0.61704517,0.87890625,0.06374557303,0,0
0.02375,313.65,0.6178062839,0.87890625,0.06345586614,0,0
0.024375,313.65,0.6185295329,0.87890625,0.0631790787,0,0
0.025,313.65,0.6192176735,0.87890625,0.06291437321,0,0
0.025625,313.65,0.6198732008,0.87890625,0.06266098228,0,0
0.02625,313.65,0.6204983794,0.87890625,0.06241820148,0,0
0.026875,313.65,0.6210952686,0.87890625,0.06218538314,0,0
0.0275,313.65,0.6216657457,0.87890625,0.06196193081,0,0
0.028125,313.65,0.6222115257,0.87890625,0.0617472943,0,0
0.02875,313.65,0.622734178,0.87890625,0.06154096535,0,0
0.029375,313.65,0.623235142,0.87890625,0.06134247378,0,0
0.03,313.65,0.6237157401,0.87890625,0.06115138395,0,0
0.030625,313.65,0.6241771891,0.87890625,0.06096729173,0,0
0.03125,313.65,0.6246206111,0.87890625,0.06078982169,0,0
0.031875,313.65,0.6250470421,0.87890625,0.06061862463,0,0
0.0325,313.65,0.6254574402,0.87890625,0.06045337534,0,0
0.033125,313.65,0.6258526927,0.87890625,0.06029377058,0,0
0.03375,313.65,0.6262336229,0.87890625,0.06013952729,0,0
0.034375,313.65,0.6266009952,0.87890625,0.05999038091,0,0
0.035,313.65,0.6269555206,0.87890625,0.05984608394,0,0
0.035625,313.65,0.6272978616,0.87890625,0.05970640457,0,0
0.03625,313.65,0.6276286354,0.87890625,0.05957112547,0,0
0.036875,313.65,0.6279484186,0.87890625,0.05944004268,0,0
0.0375,313.65,0.6282577499,0.87890625,0.05931296462,0,0
0.038125,313.65,0.6285571335,0.87890625,0.05918971113,0,0
0.03875,313.65,0.6288470415,0.87890625,0.05907011267,0,0
0.039375,313.65,0.6291279169,0.87890625,0.05895400953,0,0
0.04,313.65,0.6294001751,0.87890625,0.05884125116,0,0
0.040625,313.65,0.6296642069,0.87890625,0.05873169547,0,0
0.04125,313.65,0.6299203793,0.87890625,0.05862520833,0,0
0.041875,313.65,0.6301690383,0.87890625,0.05852166293,0,0
0.0425,313.65,0.6304105094,0.87890625,0.05842093935,0,0
0.043125,313.65,0.6306451,0.87890625,0.05832292409,0,0
0.04375,313.65,0.6308730999,0.87890625,0.05822750963,0,0
0.044375,313.65,0.6310947831,0.87890625,0.05813459404,0,0
0.045,313.65,0.6313104084,0.87890625,0.05804408066,0,0
0.045625,313.65,0.6315202208,0.87890625,0.05795587773,0,0
0.04625,313.65,0.6317244522,0.87890625,0.05786989808,0,0
0.046875,313.65,0.6319233223,0.87890625,0.05778605888,0,0
0.0475,313.65,0.6321170396,0.87890625,0.05770428133,0,0
0.048125,313.65,0.6323058016,0.87890625,0.05762449048,0,0
0.04875,313.65,0.6324897962,0.87890625,0.05754661493,1,1
0.049375,313.65,0.6326692017,0.87890625,0.05747058667,0,0
0.05,313.65,0.6328441875,0.87890625,0.05739634085,0,0
0.050625,313.65,0.6330149152,0.87890625,0.05732381564,1,1
0.05125,313.65,0.6331815382,0.87890625,0.057252952,0,0
0.051875,313.65,0.6333442027,0.87890625,0.05718369357,1,1
0.0525,313.65,0.6335030482,0.87890625,0.05711598653,0,0
0.053125,313.65,0.6336582076,0.87890625,0.05704977939,0,0
0.05375,313.65,0.6338098078,0.87890625,0.05698502295,1,1
0.054375,313.65,0.6339579697,0.87890625,0.05692167011,0,0
0.055,313.65,0.6341028091,0.87890625,0.05685967579,0,0
0.055625,313.65,0.6342444365,0.87890625,0.05679899683,1,1
0.05625,313.65,0.6343829575,0.87890625,0.05673959185,0,0
0.056875,313.65,0.6345184733,0.87890625,0.05668142121,0,0
0.0575,313.65,0.6346510805,0.87890625,0.05662444688,1,1
0.058125,313.65,0.6347808719,0.87890625,0.05656863238,0,0
0.05875,313.65,0.6349079361,0.87890625,0.0565139427,0,0
0.059375,313.65,0.6350323582,0.87890625,0.05646034422,1,1
0.06,313.65,0.6351542198,0.87890625,0.05640780464,1,1
0.060625,313.65,0.6352735991,0.87890625,0.05635629293,1,1
0.06125,313.65,0.6353905712,0.87890625,0.05630577925,1,1
0.061875,313.65,0.6355052082,0.87890625,0.0562562349,1,1
0.0625,313.65,0.6356175793,0.87890625,0.05620763229,1,1
0.063125,313.65,0.6357277509,0.87890625,0.05615994484,1,1
0.06375,313.65,0.6358357872,0.87890625,0.05611314697,1,1
0.064375,313.65,0.6359417495,0.87890625,0.05606721405,1,1
0.065,313.65,0.6360456969,0.87890625,0.05602212235,1,1
0.065625,313.65,0.6361476866,0.87890625,0.05597784897,1,1
0.06625,313.65,0.6362477731,0.87890625,0.05593437189,1,1
0.066875,313.65,0.6363460093,0.87890625,0.05589166981,1,1
0.0675,313.65,0.6364424461,0.87890625,0.05584972222,1,1
0.068125,313.65,0.6365371323,0.87890625,0.05580850932,1,1
0.06875,313.65,0.6366301154,0.87890625,0.05576801199,1,1
0.069375,313.65,0.6367214407,0.87890625,0.05572821178,1,1
0.07,313.65,0.6368111523,0.87890625,0.05568909085,1,1
0.070625,313.65,0.6368992925,0.87890625,0.05565063197,1,1
0.07125,313.65,0.6369859023,0.87890625,0.0556128185,1,1
0.071875,313.65,0.6370710211,0.87890625,0.05557563433,1,1
0.0725,313.65,0.6371546872,0.87890625,0.05553906389,1,1
0.073125,313.65,0.6372369375,0.87890625,0.05550309214,1,1
0.07375,313.65,0.6373178075,0.87890625,0.0554677045,1,1
0.074375,313.65,0.6373973317,0.87890625,0.05543288686,1,1
0.075,313.65,0.6374755434,0.87890625,0.05539862558,1,1
0.075625,313.65,0.6375524749,0.87890625,0.05536490744,1,1
0.07625,313.65,0.6376281573,0.87890625,0.05533171963,1,1
0.076875,313.65,0.6377026208,0.87890625,0.05529904974,1,1
0.0775,313.65,0.6377758947,0.87890625,0.05526688576,1,1
0.078125,313.65,0.6378480071,0.87890625,0.05523521604,1,1
0.07875,313.65,0.6379189856,0.87890625,0.05520402926,1,1
0.079375,313.65,0.6379888566,0.87890625,0.05517331449,1,1
0.08,313.65,0.6380576458,0.87890625,0.05514306108,1,1
0.005,314.15,0.5209550289,0.875,0.08878413599,0,0
0.005625,314.15,0.5329508461,0.875,0.08683375416,0,0
0.00625,314.15,0.5428233803,0.875,0.08499731475,0,0
0.006875,314.15,0.5510887509,0.875,0.08329425035,0,0
0.0075,314.15,0.5581088398,0.875,0.08172618224,0,0
0.008125,314.15,0.5641447374,0.875,0.08028668916,0,0
0.00875,314.15,0.5693894664,0.875,0.07896606702,0,0
0.009375,314.15,0.5739887617,0.875,0.07775366024,0,0
0.01,314.15,0.5780546917,0.875,0.07663898369,0,0
0.010625,314.15,0.5816748341,0.875,0.07561223184,0,0
0.01125,314.15,0.5849186113,0.875,0.07466447603,0,0
0.011875,314.15,0.5878417573,0.875,0.07378770447,0,0
0.0125,314.15,0.59048953,0.875,0.07297478598,0,0
0.013125,314.15,0.5928990595,0.875,0.07221939981,0,0
0.01375,314.15,0.595101093,0.875,0.07151595361,0,0
0.014375,314.15,0.5971213088,0.875,0.07085950093,0,0
0.015,314.15,0.5989813187,0.875,0.07024566356,0,0
0.015625,314.15,0.6006994419,0.875,0.06967056108,0,0
0.01625,314.15,0.6022913088,0.875,0.06913074824,0,0
0.016875,314.15,0.6037703363,0.875,0.06862315998,0,0
0.0175,314.15,0.6051481062,0.875,0.06814506355,0,0
0.018125,314.15,0.6064346685,0.875,0.06769401696,0,0
0.01875,314.15,0.6076387863,0.875,0.06726783302,0,0
0.019375,314.15,0.6087681354,0.875,0.06686454821,0,0
0.02,314.15,0.6098294678,0.875,0.06648239577,0,0
0.020625,314.15,0.6108287464,0.875,0.06611978237,0,0
0.02125,314.15,0.6117712574,0.875,0.06577526795,0,0
0.021875,314.15,0.6126617029,0.875,0.06544754812,0,0
0.0225,314.15,0.6135042801,0.875,0.06513543893,0,0
0.023125,314.15,0.614302747,0.875,0.06483786352,0,0
0.02375,314.15,0.6150604782,0.875,0.06455384054,0,0
0.024375,314.15,0.6157805127,0.875,0.06428247392,0,0
0.025,314.15,0.6164655949,0.875,0.06402294397,0,0
0.025625,314.15,0.6171182088,0.875,0.06377449953,0,0
0.02625,314.15,0.6177406088,0.875,0.06353645104,0,0
0.026875,314.15,0.6183348452,0.875,0.0633081644,0,0
0.0275,314.15,0.6189027869,0.875,0.06308905561,0,0
0.028125,314.15,0.6194461412,0.875,0.06287858595,0,0
0.02875,314.15,0.6199664706,0.875,0.06267625773,0,0
0.029375,314.15,0.6204652081,0.875,0.06248161045,0,0
0.03,314.15,0.6209436701,0.875,0.06229421749,0,0
0.030625,314.15,0.6214030683,0.875,0.06211368301,0,0
0.03125,314.15,0.6218445195,0.875,0.06193963928,0,0
0.031875,314.15,0.6222690553,0.875,0.06177174424,0,0
0.0325,314.15,0.6226776294,0.875,0.06160967931,0,0
0.033125,314.15,0.6230711252,0.875,0.06145314743,0,0
0.03375,314.15,0.6234503623,0.875,0.06130187127,0,0
0.034375,314.15,0.6238161018,0.875,0.06115559165,0,0
0.035,314.15,0.6241690517,0.875,0.06101406606,0,0
0.035625,314.15,0.6245098711,0.875,0.06087706736,0,0
0.03625,314.15,0.6248391748,0.875,0.06074438261,0,0
0.036875,314.15,0.6251575367,0.875,0.06061581195,0,0
0.0375,314.15,0.6254654932,0.875,0.06049116763,0,0
0.038125,314.15,0.6257635462,0.875,0.06037027311,0,0
0.03875,314.15,0.6260521658,0.875,0.06025296223,0,0
0.039375,314.15,0.6263317928,0.875,0.06013907849,0,0
0.04,314.15,0.626602841,0.875,0.06002847431,0,0
0.040625,314.15,0.6268656993,0.875,0.05992101046,0,0
0.04125,314.15,0.6271207332,0.875,0.05981655546,0,0
0.041875,314.15,0.627368287,0.875,0.05971498502,0,0
0.0425,314.15,0.6276086849,0.875,0.0596161816,0,0
0.043125,314.15,0.6278422329,0.875,0.05952003394,0,0
0.04375,314.15,0.6280692195,0.875,0.05942643665,0,0
0.044375,314.15,0.6282899174,0.875,0.05933528982,0,0
0.045,314.15,0.6285045844,0.875,0.0592464987,0,0
0.045625,314.15,0.6287134643,0.875,0.05915997333,0,0
0.04625,314.15,0.628916788,0.875,0.05907562827,0,0
0.046875,314.15,0.6291147742,0.875,0.0589933823,0,0
0.0475,314.15,0.6293076305,0.875,0.05891315819,0,0
0.048125,314.15,0.6294955536,0.875,0.05883488244,0,0
0.04875,314.15,0.6296787304,0.875,0.05875848506,0,0
0.049375,314.15,0.6298573385,0.875,0.05868389937,1,1
0.05,314.15,0.6300315467,0.875,0.05861106181,0,0
0.050625,314.15,0.6302015156,0.875,0.05853991173,1,1
0.05125,314.15,0.630367398,0.875,0.05847039126,0,0
0.051875,314.15,0.6305293396,0.875,0.05840244515,1,1
0.0525,314.15,0.6306874791,0.875,0.05833602061,0,0
0.053125,314.15,0.6308419489,0.875,0.05827106717,0,0
0.05375,314.15,0.6309928753,0.875,0.05820753658,1,1
0.054375,314.15,0.6311403787,0.875,0.05814538266,0,0
0.055,314.15,0.6312845744,0.875,0.05808456121,0,0
0.055625,314.15,0.6314255724,0.875,0.0580250299,1,1
0.05625,314.15,0.6315634777,0.875,0.05796674816,0,0
0.056875,314.15,0.6316983912,0.875,0.05790967713,0,0
0.0575,314.15,0.6318304091,0.875,0.05785377951,1,1
0.058125,314.15,0.6319596236,0.875,0.05779901952,0,0
0.05875,314.15,0.632086123,0.875,0.05774536284,0,0
0.059375,314.15,0.6322099922,0.875,0.0576927765,0,0
0.06,314.15,0.6323313122,0.875,0.05764122882,1,1
0.060625,314.15,0.6324501609,0.875,0.05759068938,1,1
0.06125,314.15,0.6325666131,0.875,0.0575411289,1,1
0.061875,314.15,0.6326807406,0.875,0.05749251925,1,1
0.0625,314.15,0.6327926122,0.875,0.05744483337,1,1
0.063125,314.15,0.6329022943,0.875,0.05739804519,1,1
0.06375,314.15,0.6330098503,0.875,0.05735212963,1,1
0.064375,314.15,0.6331153417,0.875,0.05730706253,1,1
0.065,314.15,0.6332188272,0.875,0.05726282061,1,1
0.065625,314.15,0.6333203635,0.875,0.05721938144,1,1
0.06625,314.15,0.6334200052,0.875,0.05717672339,1,1
0.066875,314.15,0.6335178048,0.875,0.05713482559,1,1
0.0675,314.15,0.633613813,0.875,0.05709366792,1,1
0.068125,314.15,0.6337080784,0.875,0.05705323096,1,1
0.06875,314.15,0.6338006482,0.875,0.05701349596,1,1
0.069375,314.15,0.6338915677,0.875,0.05697444482,1,1
0.07,314.15,0.6339808805,0.875,0.05693606005,1,1
0.070625,314.15,0.634068629,0.875,0.05689832475,1,1
0.07125,314.15,0.6341548538,0.875,0.05686122259,1,1
0.071875,314.15,0.6342395944,0.875,0.05682473778,1,1
0.0725,314.15,0.6343228886,0.875,0.05678885505,1,1
0.073125,314.15,0.6344047733,0.875,0.05675355963,1,1
0.07375,314.15,0.6344852839,0.875,0.05671883724,1,1
0.074375,314.15,0.6345644546,0.875,0.05668467404,1,1
0.075,314.15,0.6346423188,0.875,0.05665105664,1,1
0.075625,314.15,0.6347189083,0.875,0.05661797208,1,1
0.07625,314.15,0.6347942544,0.875,0.05658540779,1,1
0.076875,314.15,0.634868387,0.875,0.0565533516,1,1
0.0775,314.15,0.6349413352,0.875,0.05652179174,1,1
0.078125,314.15,0.6350131271,0.875,0.05649071676,1,1
0.07875,314.15,0.6350837901,0.875,0.05646011558,1,1
0.079375,314.15,0.6351533506,0.875,0.05642997747,1,1
0.08,314.15,0.6352218341,0.875,0.05640029198,1,1
0.005,314.65,0.5186293368,0.87109375,0.08930871132,0,0
0.005625,314.65,0.5305716013,0.87109375,0.08741509542,0,0
0.00625,314.65,0.5404000616,0.87109375,0.08562819875,0,0
0.006875,314.65,0.5486285332,0.87109375,0.08396865217,0,0
0.0075,314.65,0.5556172824,0.87109375,0.08243905489,0,0
0.008125,314.65,0.5616262341,0.87109375,0.08103377957,0,0
0.00875,314.65,0.5668475491,0.87109375,0.07974376735,0,0
0.009375,314.65,0.5714263119,0.87109375,0.07855888936,0,0
0.01,314.65,0.5754740904,0.87109375,0.07746909294,0,0
0.010625,314.65,0.5790780714,0.87109375,0.07646493002,0,0
0.01125,314.65,0.5823073675,0.87109375,0.07553776931,0,0
0.011875,314.65,0.5852174638,0.87109375,0.07467984809,0,0
0.0125,314.65,0.587853416,0.87109375,0.07388424513,0,0
0.013125,314.65,0.5902521887,0.87109375,0.0731448177,0,0
0.01375,314.65,0.5924443917,0.87109375,0.07245612536,0,0
0.014375,314.65,0.5944555887,0.87109375,0.07181335192,0,0
0.015,314.65,0.596307295,0.87109375,0.07121223153,0,0
0.015625,314.65,0.598017748,0.87109375,0.07064898111,0,0
0.01625,314.65,0.5996025083,0.87109375,0.07012024016,0,0
0.016875,314.65,0.601074933,0.87109375,0.06962301774,0,0
0.0175,314.65,0.6024465521,0.87109375,0.06915464618,0,0
0.018125,314.65,0.6037273709,0.87109375,0.06871274085,0,0
0.01875,314.65,0.6049261132,0.87109375,0.06829516531,0,0
0.019375,314.65,0.6060504205,0.87109375,0.06790000111,0,0
0.02,314.65,0.6071070148,0.87109375,0.06752552164,0,0
0.020625,314.65,0.6081018324,0.87109375,0.06717016945,0,0
0.02125,314.65,0.6090401357,0.87109375,0.06683253663,0,0
0.021875,314.65,0.609926606,0.87109375,0.06651134772,0,0
0.0225,314.65,0.6107654217,0.87109375,0.06620544481,0,0
0.023125,314.65,0.611560324,0.87109375,0.0659137746,0,0
0.02375,314.65,0.6123146725,0.87109375,0.06563537705,0,0
0.024375,314.65,0.6130314926,0.87109375,0.06536937548,0,0
0.025,314.65,0.6137135164,0.87109375,0.06511496781,0,0
0.025625,314.65,0.6143632168,0.87109375,0.06487141897,0,0
0.02625,314.65,0.6149828382,0.87109375,0.06463805406,0,0
0.026875,314.65,0.6155744217,0.87109375,0.06441425246,0,0
0.0275,314.65,0.616139828,0.87109375,0.0641994425,0,0
0.028125,314.65,0.6166807566,0.87109375,0.06399309679,0,0
0.02875,314.65,0.6171987631,0.87109375,0.06379472808,0,0
0.029375,314.65,0.6176952741,0.87109375,0.06360388551,0,0
0.03,314.65,0.6181716002,0.87109375,0.06342015133,0,0
0.030625,314.65,0.6186289474,0.87109375,0.06324313793,0,0
0.03125,314.65,0.6190684279,0.87109375,0.06307248521,0,0
0.031875,314.65,0.6194910684,0.87109375,0.06290785817,0,0
0.0325,314.65,0.6198978185,0.87109375,0.06274894478,0,0
0.033125,314.65,0.6202895577,0.87109375,0.06259545411,0,0
0.03375,314.65,0.6206671018,0.87109375,0.0624471145,0,0
0.034375,314.65,0.6210312085,0.87109375,0.06230367208,0,0
0.035,314.65,0.6213825827,0.87109375,0.06216488929,0,0
0.035625,314.65,0.6217218806,0.87109375,0.06203054364,0,0
0.03625,314.65,0.6220497142,0.87109375,0.06190042649,0,0
0.036875,314.65,0.6223666549,0.87109375,0.06177434204,0,0
0.0375,314.65,0.6226732366,0.87109375,0.06165210636,0,0
0.038125,314.65,0.6229699589,0.87109375,0.06153354648,0,0
0.03875,314.65,0.62325729,0.87109375,0.06141849959,0,0
0.039375,314.65,0.6235356687,0.87109375,0.06130681234,0,0
0.04,314.65,0.6238055069,0.87109375,0.06119834014,0,0
0.040625,314.65,0.6240671917,0.87109375,0.06109294654,0,0
0.04125,314.65,0.6243210871,0.87109375,0.0609905027,0,0
0.041875,314.65,0.6245675357,0.87109375,0.06089088684,0,0
0.0425,314.65,0.6248068604,0.87109375,0.06079398376,0,0
0.043125,314.65,0.6250393658,0.87109375,0.06069968443,0,0
0.04375,314.65,0.6252653391,0.87109375,0.06060788556,0,0
0.044375,314.65,0.6254850517,0.87109375,0.06051848924,0,0
0.045,314.65,0.6256987603,0.87109375,0.0604314026,0,0
0.045625,314.65,0.6259067077,0.87109375,0.06034653747,0,0
0.04625,314.65,0.6261091237,0.87109375,0.06026381011,0,0
0.046875,314.65,0.6263062261,0.87109375,0.06018314093,0,0
0.0475,314.65,0.6264982214,0.87109375,0.06010445421,0,0
0.048125,314.65,0.6266853056,0.87109375,0.06002767792,0,0
0.04875,314.65,0.6268676647,0.87109375,0.05995274345,0,0
0.049375,314.65,0.6270454754,0.87109375,0.05987958544,1,1
0.05,314.65,0.6272189059,0.87109375,0.05980814158,0,0
0.050625,314.65,0.6273881159,0.87109375,0.05973835243,1,1
0.05125,314.65,0.6275532578,0.87109375,0.05967016127,0,0
0.051875,314.65,0.6277144764,0.87109375,0.05960351392,0,0
0.0525,314.65,0.62787191,0.87109375,0.05953835863,1,1
0.053125,314.65,0.6280256902,0.87109375,0.05947464594,0,0
0.05375,314.65,0.6281759428,0.87109375,0.05941232853,0,0
0.054375,314.65,0.6283227878,0.87109375,0.05935136114,1,1
0.055,314.65,0.6284663397,0.87109375,0.05929170044,0,0
0.055625,314.65,0.6286067082,0.87109375,0.05923330492,0,0
0.05625,314.65,0.6287439979,0.87109375,0.05917613483,1,1
0.056875,314.65,0.6288783091,0.87109375,0.05912015204,0,0
0.0575,314.65,0.6290097376,0.87109375,0.05906532,0,0
0.058125,314.65,0.6291383752,0.87109375,0.05901160363,1,1
0.05875,314.65,0.62926431,0.87109375,0.05895896928,0,0
0.059375,314.65,0.6293876261,0.87109375,0.05890738461,0,0
0.06,314.65,0.6295084045,0.87109375,0.05885681858,0,0
0.060625,314.65,0.6296267227,0.87109375,0.05880724135,1,1
0.06125,314.65,0.629742655,0.87109375,0.05875862422,1,1
0.061875,314.65,0.629856273,0.87109375,0.05871093962,1,1
0.0625,314.65,0.6299676452,0.87109375,0.05866416099,1,1
0.063125,314.65,0.6300768376,0.87109375,0.05861826278,1,1
0.06375,314.65,0.6301839135,0.87109375,0.05857322041,1,1
0.064375,314.65,0.6302889339,0.87109375,0.05852901018,1,1
0.065,314.65,0.6303919574,0.87109375,0.05848560927,1,1
0.065625,314.65,0.6304930405,0.87109375,0.05844299567,1,1
0.06625,314.65,0.6305922373,0.87109375,0.05840114818,1,1
0.066875,314.65,0.6306896003,0.87109375,0.05836004634,1,1
0.0675,314.65,0.6307851799,0.87109375,0.05831967043,1,1
0.068125,314.65,0.6308790245,0.87109375,0.05828000139,1,1
0.06875,314.65,0.630971181,0.87109375,0.05824102083,1,1
0.069375,314.65,0.6310616946,0.87109375,0.05820271102,1,1
0.07,314.65,0.6311506087,0.87109375,0.05816505479,1,1
0.070625,314.65,0.6312379655,0.87109375,0.05812803558,1,1
0.07125,314.65,0.6313238054,0.87109375,0.05809163738,1,1
0.071875,314.65,0.6314081676,0.87109375,0.05805584469,1,1
0.0725,314.65,0.63149109,0.87109375,0.05802064256,1,1
0.073125,314.65,0.6315726091,0.87109375,0.05798601649,1,1
0.07375,314.65,0.6316527603,0.87109375,0.05795195246,1,1
0.074375,314.65,0.6317315776,0.87109375,0.05791843693,1,1
0.075,314.65,0.6318090941,0.87109375,0.05788545675,1,1
0.075625,314.65,0.6318853418,0.87109375,0.05785299921,1,1
0.07625,314.65,0.6319603515,0.87109375,0.05782105199,1,1
0.076875,314.65,0.6320341531,0.87109375,0.05778960316,1,1
0.0775,314.65,0.6321067756,0.87109375,0.05775864116,1,1
0.078125,314.65,0.6321782471,0.87109375,0.05772815477,1,1
0.07875,314.65,0.6322485946,0.87109375,0.05769813314,1,1
0.079375,314.65,0.6323178445,0.87109375,0.05766856571,1,1
0.08,314.65,0.6323860223,0.87109375,0.05763944227,1,1
0.005,315.15,0.5163036447,0.8671875,0.08982269569,0,0
0.005625,315.15,0.5281923564,0.8671875,0.08798524817,0,0
0.00625,315.15,0.537976743,0.8671875,0.08624737618,0,0
0.006875,315.15,0.5461683156,0.8671875,0.08463089436,0,0
0.0075,315.15,0.5531257251,0.8671875,0.08313936866,0,0
0.008125,315.15,0.5591077308,0.8671875,0.08176795674,0,0
0.00875,315.15,0.5643056319,0.8671875,0.08050823792,0,0
0.009375,315.15,0.5688638621,0.8671875,0.07935060436,0,0
0.01,315.15,0.5728934891,0.8671875,0.07828543128,0,0
0.010625,315.15,0.5764813088,0.8671875,0.07730362426,0,0
0.01125,315.15,0.5796961237,0.8671875,0.07639684627,0,0
0.011875,315.15,0.5825931702,0.8671875,0.07555758104,0,0
0.0125,315.15,0.585217302,0.8671875,0.0747791151,0,0
0.013125,315.15,0.5876053179,0.8671875,0.07405548192,0,0
0.01375,315.15,0.5897876904,0.8671875,0.07338139134,0,0
0.014375,315.15,0.5917898685,0.8671875,0.07275215613,0,0
0.015,315.15,0.5936332712,0.8671875,0.07216362162,0,0
0.015625,315.15,0.5953360541,0.8671875,0.07161210106,0,0
0.01625,315.15,0.5969137079,0.8671875,0.07109431785,0,0
0.016875,315.15,0.5983795297,0.8671875,0.07060735438,0,0
0.0175,315.15,0.5997449981,0.8671875,0.07014860738,0,0
0.018125,315.15,0.6010200732,0.8671875,0.06971574901,0,0
0.01875,315.15,0.60221344,0.8671875,0.06930669306,0,0
0.019375,315.15,0.6033327056,0.8671875,0.06891956568,0,0
0.02,315.15,0.6043845618,0.8671875,0.06855267999,0,0
0.020625,315.15,0.6053749184,0.8671875,0.06820451407,0,0
0.02125,315.15,0.606309014,0.8671875,0.06787369183,0,0
0.021875,315.15,0.6071915091,0.8671875,0.06755896641,0,0
0.0225,315.15,0.6080265633,0.8671875,0.06725920569,0,0
0.023125,315.15,0.608817901,0.8671875,0.06697337969,0,0
0.02375,315.15,0.6095688668,0.8671875,0.06670054948,0,0
0.024375,315.15,0.6102824725,0.8671875,0.06643985753,0,0
0.025,315.15,0.6109614378,0.8671875,0.06619051923,0,0
0.025625,315.15,0.6116082248,0.8671875,0.06595181539,0,0
0.02625,315.15,0.6122250677,0.8671875,0.06572308567,0,0
0.026875,315.15,0.6128139983,0.8671875,0.06550372275,0,0
0.0275,315.15,0.6133768691,0.8671875,0.06529316718,0,0
0.028125,315.15,0.613915372,0.8671875,0.06509090279,0,0
0.02875,315.15,0.6144310557,0.8671875,0.06489645266,0,0
0.029375,315.15,0.6149253401,0.8671875,0.06470937545,0,0
0.03,315.15,0.6153995302,0.8671875,0.06452926222,0,0
0.030625,315.15,0.6158548266,0.8671875,0.06435573349,0,0
0.03125,315.15,0.6162923363,0.8671875,0.0641884367,0,0
0.031875,315.15,0.6167130816,0.8671875,0.06402704384,0,0
0.0325,315.15,0.6171180077,0.8671875,0.0638712494,0,0
0.033125,315.15,0.6175079902,0.8671875,0.06372076847,0,0
0.03375,315.15,0.6178838412,0.8671875,0.06357533503,0,0
0.034375,315.15,0.6182463152,0.8671875,0.06343470045,0,0
0.035,315.15,0.6185961137,0.8671875,0.06329863208,0,0
0.035625,315.15,0.6189338901,0.8671875,0.06316691199,0,0
0.03625,315.15,0.6192602536,0.8671875,0.06303933586,0,0
0.036875,315.15,0.619575773,0.8671875,0.0629157119,0,0
0.0375,315.15,0.6198809799,0.8671875,0.06279585992,0,0
0.038125,315.15,0.6201763717,0.8671875,0.0626796105,0,0
0.03875,315.15,0.6204624143,0.8671875,0.06256680416,0,0
0.039375,315.15,0.6207395446,0.8671875,0.06245729066,0,0
0.04,315.15,0.6210081728,0.8671875,0.06235092835,0,0
0.040625,315.15,0.6212686841,0.8671875,0.06224758356,0,0
0.04125,315.15,0.6215214409,0.8671875,0.06214713006,0,0
0.041875,315.15,0.6217667844,0.8671875,0.06204944853,0,0
0.0425,315.15,0.622005036,0.8671875,0.06195442611,0,0
0.043125,315.15,0.6222364987,0.8671875,0.06186195595,0,0
0.04375,315.15,0.6224614586,0.8671875,0.06177193687,0,0
0.044375,315.15,0.622680186,0.8671875,0.06168427292,0,0
0.045,315.15,0.6228929363,0.8671875,0.0615988731,0,0
0.045625,315.15,0.6230999512,0.8671875,0.06151565101,0,0
0.04625,315.15,0.6233014595,0.8671875,0.06143452459,0,0
0.046875,315.15,0.623497678,0.8671875,0.06135541585,0,0
0.0475,315.15,0.6236888124,0.8671875,0.06127825059,0,0
0.048125,315.15,0.6238750576,0.8671875,0.06120295821,0,0
0.04875,315.15,0.6240565989,0.8671875,0.06112947148,0,0
0.049375,315.15,0.6242336123,0.8671875,0.06105772636,1,1
0.05,315.15,0.624406265,0.8671875,0.06098766176,0,0
0.050625,315.15,0.6245747163,0.8671875,0.06091921943,0,0
0.05125,315.15,0.6247391176,0.8671875,0.06085234378,1,1
0.051875,315.15,0.6248996133,0.8671875,0.06078698172,0,0
0.0525,315.15,0.6250563409,0.8671875,0.06072308253,1,1
0.053125,315.15,0.6252094315,0.8671875,0.06066059772,0,0
0.05375,315.15,0.6253590103,0.8671875,0.06059948091,0,0
0.054375,315.15,0.6255051968,0.8671875,0.06053968775,1,1
0.055,315.15,0.625648105,0.8671875,0.06048117576,0,0
0.055625,315.15,0.625787844,0.8671875,0.06042390426,0,0
0.05625,315.15,0.6259245181,0.8671875,0.06036783428,1,1
0.056875,315.15,0.626058227,0.8671875,0.06031292845,0,0
0.0575,315.15,0.6261890661,0.8671875,0.06025915093,0,0
0.058125,315.15,0.6263171269,0.8671875,0.06020646736,0,0
0.05875,315.15,0.6264424969,0.8671875,0.06015484472,1,1
0.059375,315.15,0.6265652601,0.8671875,0.06010425134,0,0
0.06,315.15,0.6266854969,0.8671875,0.06005465678,0,0
0.060625,315.15,0.6268032845,0.8671875,0.06000603178,1,1
0.06125,315.15,0.6269186969,0.8671875,0.05995834822,1,1
0.061875,315.15,0.6270318054,0.8671875,0.05991157905,1,1
0.0625,315.15,0.6271426782,0.8671875,0.05986569826,1,1
0.063125,315.15,0.6272513809,0.8671875,0.0598206808,1,1
0.06375,315.15,0.6273579767,0.8671875,0.05977650255,1,1
0.064375,315.15,0.6274625261,0.8671875,0.0597331403,1,1
0.065,315.15,0.6275650877,0.8671875,0.05969057166,1,1
0.065625,315.15,0.6276657174,0.8671875,0.05964877507,1,1
0.06625,315.15,0.6277644694,0.8671875,0.05960772974,1,1
0.066875,315.15,0.6278613959,0.8671875,0.0595674156,1,1
0.0675,315.15,0.6279565468,0.8671875,0.05952781332,1,1
0.068125,315.15,0.6280499706,0.8671875,0.05948890423,1,1
0.06875,315.15,0.6281417138,0.8671875,0.05945067029,1,1
0.069375,315.15,0.6282318215,0.8671875,0.05941309411,1,1
0.07,315.15,0.6283203369,0.8671875,0.05937615886,1,1
0.070625,315.15,0.6284073019,0.8671875,0.05933984832,1,1
0.07125,315.15,0.6284927569,0.8671875,0.05930414676,1,1
0.071875,315.15,0.6285767409,0.8671875,0.05926903902,1,1
0.0725,315.15,0.6286592914,0.8671875,0.05923451041,1,1
0.073125,315.15,0.628740445,0.8671875,0.05920054673,1,1
0.07375,315.15,0.6288202367,0.8671875,0.05916713424,1,1
0.074375,315.15,0.6288987006,0.8671875,0.05913425965,1,1
0.075,315.15,0.6289758695,0.8671875,0.05910191007,1,1
0.075625,315.15,0.6290517752,0.8671875,0.05907007304,1,1
0.07625,315.15,0.6291264485,0.8671875,0.05903873649,1,1
0.076875,315.15,0.6291999192,0.8671875,0.05900788871,1,1
0.0775,315.15,0.6292722161,0.8671875,0.05897751836,1,1
0.078125,315.15,0.6293433671,0.8671875,0.05894761446,1,1
0.07875,315.15,0.6294133991,0.8671875,0.05891816635,1,1
0.079375,315.15,0.6294823385,0.8671875,0.05888916369,1,1
0.08,315.15,0.6295502106,0.8671875,0.05886059646,1,1
0.005,315.65,0.5139779526,0.86328125,0.09032612964,0,0
0.005625,315.65,0.5258131116,0.86328125,0.08854425599,0,0
0.00625,315.65,0.5355534243,0.86328125,0.08685489331,0,0
0.006875,315.65,0.543708098,0.86328125,0.08528102563,0,0
0.0075,315.65,0.5506341678,0.86328125,0.08382717441,0,0
0.008125,315.65,0.5565892276,0.86328125,0.08248927349,0,0
0.00875,315.65,0.5617637146,0.86328125,0.08125953332,0,0
0.009375,315.65,0.5663014122,0.86328125,0.08012886146,0,0
0.01,315.65,0.5703128878,0.86328125,0.07908805639,0,0
0.010625,315.65,0.5738845461,0.86328125,0.07812837358,0,0
0.01125,315.65,0.5770848799,0.86328125,0.07724176716,0,0
0.011875,315.65,0.5799688766,0.86328125,0.07642096472,0,0
0.0125,315.65,0.5825811881,0.86328125,0.07565945836,0,0
0.013125,315.65,0.5849584471,0.86328125,0.07495145589,0,0
0.01375,315.65,0.5871309891,0.86328125,0.07429181591,0,0
0.014375,315.65,0.5891241484,0.86328125,0.07367597877,0,0
0.015,315.65,0.5909592475,0.86328125,0.07309989982,0,0
0.015625,315.65,0.5926543601,0.86328125,0.07255998768,0,0
0.01625,315.65,0.5942249074,0.86328125,0.07205304873,0,0
0.016875,315.65,0.5956841264,0.86328125,0.07157623796,0,0
0.0175,315.65,0.5970434441,0.86328125,0.07112701585,0,0
0.018125,315.65,0.5983127756,0.86328125,0.07070311073,0,0
0.01875,315.65,0.5995007668,0.86328125,0.07030248611,0,0
0.019375,315.65,0.6006149908,0.86328125,0.06992331228,0,0
0.02,315.65,0.6016621089,0.86328125,0.06956394169,0,0
0.020625,315.65,0.6026480043,0.86328125,0.06922288756,0,0
0.02125,315.65,0.6035778923,0.86328125,0.0688988053,0,0
0.021875,315.65,0.6044564122,0.86328125,0.06859047636,0,0
0.0225,315.65,0.6052877049,0.86328125,0.06829679417,0,0
0.023125,315.65,0.606075478,0.86328125,0.06801675178,0,0
0.02375,315.65,0.606823061,0.86328125,0.06774943116,0,0
0.024375,315.65,0.6075334523,0.86328125,0.06749399377,0,0
0.025,315.65,0.6082093593,0.86328125,0.06724967225,0,0
0.025625,315.65,0.6088532328,0.86328125,0.06701576315,0,0
0.02625,315.65,0.6094672971,0.86328125,0.06679162053,0,0
0.026875,315.65,0.6100535749,0.86328125,0.06657665024,0,0
0.0275,315.65,0.6106139103,0.86328125,0.06637030491,0,0
0.028125,315.65,0.6111499875,0.86328125,0.06617207948,0,0
0.02875,315.65,0.6116633482,0.86328125,0.06598150725,0,0
0.029375,315.65,0.6121554062,0.86328125,0.06579815631,0,0
0.03,315.65,0.6126274602,0.86328125,0.06562162643,0,0
0.030625,315.65,0.6130807058,0.86328125,0.06545154619,0,0
0.03125,315.65,0.6135162447,0.86328125,0.06528757048,0,0
0.031875,315.65,0.6139350947,0.86328125,0.06512937822,0,0
0.0325,315.65,0.6143381968,0.86328125,0.06497667033,0,0
0.033125,315.65,0.6147264226,0.86328125,0.06482916787,0,0
0.03375,315.65,0.6151005807,0.86328125,0.06468661041,0,0
0.034375,315.65,0.6154614219,0.86328125,0.0645487545,0,0
0.035,315.65,0.6158096447,0.86328125,0.06441537234,0,0
0.035625,315.65,0.6161458996,0.86328125,0.06428625055,0,0
0.03625,315.65,0.616470793,0.86328125,0.06416118904,0,0
0.036875,315.65,0.6167848911,0.86328125,0.06403999998,0,0
0.0375,315.65,0.6170887232,0.86328125,0.06392250694,0,0
0.038125,315.65,0.6173827844,0.86328125,0.06380854397,0,0
0.03875,315.65,0.6176675386,0.86328125,0.06369795488,0,0
0.039375,315.65,0.6179434206,0.86328125,0.06359059253,0,0
0.04,315.65,0.6182108387,0.86328125,0.06348631818,0,0
0.040625,315.65,0.6184701765,0.86328125,0.0633850009,0,0
0.04125,315.65,0.6187217948,0.86328125,0.06328651704,0,0
0.041875,315.65,0.6189660331,0.86328125,0.06319074973,0,0
0.0425,315.65,0.6192032115,0.86328125,0.0630975884,0,0
0.043125,315.65,0.6194336316,0.86328125,0.0630069284,0,0
0.04375,315.65,0.6196575782,0.86328125,0.0629186706,0,0
0.044375,315.65,0.6198753203,0.86328125,0.062832721,0,0
0.045,315.65,0.6200871123,0.86328125,0.06274899045,0,0
0.045625,315.65,0.6202931947,0.86328125,0.0626673943,0,0
0.04625,315.65,0.6204937953,0.86328125,0.06258785217,0,0
0.046875,315.65,0.6206891299,0.86328125,0.06251028763,0,0
0.0475,315.65,0.6208794033,0.86328125,0.062434628,0,0
0.048125,315.65,0.6210648096,0.86328125,0.0623608041,1,1
0.04875,315.65,0.6212455332,0.86328125,0.06228875006,0,0
0.049375,315.65,0.6214217492,0.86328125,0.06221840311,1,1
0.05,315.65,0.6215936242,0.86328125,0.06214970341,0,0
0.050625,315.65,0.6217613167,0.86328125,0.06208259389,0,0
0.05125,315.65,0.6219249775,0.86328125,0.06201702007,1,1
0.051875,315.65,0.6220847502,0.86328125,0.06195292993,0,0
0.0525,315.65,0.6222407718,0.86328125,0.06189027375,0,0
0.053125,315.65,0.6223931728,0.86328125,0.06182900404,1,1
0.05375,315.65,0.6225420779,0.86328125,0.06176907534,0,0
0.054375,315.65,0.6226876058,0.86328125,0.06171044419,1,1
0.055,315.65,0.6228298703,0.86328125,0.06165306895,0,0
0.055625,315.65,0.6229689799,0.86328125,0.06159690977,0,0
0.05625,315.65,0.6231050383,0.86328125,0.06154192844,0,0
0.056875,315.65,0.6232381449,0.86328125,0.06148808835,1,1
0.0575,315.65,0.6233683947,0.86328125,0.06143535438,0,0
0.058125,315.65,0.6234958786,0.86328125,0.06138369284,0,0
0.05875,315.65,0.6236206839,0.86328125,0.06133307139,1,1
0.059375,315.65,0.6237428941,0.86328125,0.06128345898,0,0
0.06,315.65,0.6238625893,0.86328125,0.06123482576,0,0
0.060625,315.65,0.6239798463,0.86328125,0.06118714307,1,1
0.06125,315.65,0.6240947389,0.86328125,0.06114038336,1,1
0.061875,315.65,0.6242073378,0.86328125,0.0610945201,1,1
0.0625,315.65,0.6243177112,0.86328125,0.0610495278,1,1
0.063125,315.65,0.6244259242,0.86328125,0.06100538191,1,1
0.06375,315.65,0.6245320398,0.86328125,0.06096205879,1,1
0.064375,315.65,0.6246361184,0.86328125,0.06091953568,1,1
0.065,315.65,0.6247382179,0.86328125,0.06087779065,1,1
0.065625,315.65,0.6248383944,0.86328125,0.06083680255,1,1
0.06625,315.65,0.6249367016,0.86328125,0.06079655101,1,1
0.066875,315.65,0.6250331914,0.86328125,0.06075701638,1,1
0.0675,315.65,0.6251279137,0.86328125,0.06071817968,1,1
0.068125,315.65,0.6252209167,0.86328125,0.06068002261,1,1
0.06875,315.65,0.6253122467,0.86328125,0.06064252751,1,1
0.069375,315.65,0.6254019484,0.86328125,0.06060567732,1,1
0.07,315.65,0.6254900651,0.86328125,0.06056945554,1,1
0.070625,315.65,0.6255766384,0.86328125,0.06053384627,1,1
0.07125,315.65,0.6256617085,0.86328125,0.06049883411,1,1
0.071875,315.65,0.6257453141,0.86328125,0.06046440417,1,1
0.0725,315.65,0.6258274928,0.86328125,0.06043054207,1,1
0.073125,315.65,0.6259082808,0.86328125,0.06039723388,1,1
0.07375,315.65,0.6259877131,0.86328125,0.06036446614,1,1
0.074375,315.65,0.6260658235,0.86328125,0.06033222581,1,1
0.075,315.65,0.6261426448,0.86328125,0.06030050026,1,1
0.075625,315.65,0.6262182087,0.86328125,0.06026927728,1,1
0.07625,315.65,0.6262925456,0.86328125,0.06023854503,1,1
0.076875,315.65,0.6263656854,0.86328125,0.06020829203,1,1
0.0775,315.65,0.6264376566,0.86328125,0.06017850718,1,1
0.078125,315.65,0.626508487,0.86328125,0.06014917969,1,1
0.07875,315.65,0.6265782036,0.86328125,0.06012029912,1,1
0.079375,315.65,0.6266468325,0.86328125,0.06009185534,1,1
0.08,315.65,0.6267143988,0.86328125,0.06006383852,1,1
0.005,316.15,0.5116522605,0.859375,0.09081905352,0,0
0.005625,316.15,0.5234338667,0.859375,0.08909216225,0,0
0.00625,316.15,0.5331301056,0.859375,0.08745079618,0,0
0.006875,316.15,0.5412478803,0.859375,0.08591909442,0,0
0.0075,316.15,0.5481426105,0.859375,0.08450252272,0,0
0.008125,316.15,0.5540707243,0.859375,0.08319778233,0,0
0.00875,316.15,0.5592217973,0.859375,0.08199770784,0,0
0.009375,316.15,0.5637389624,0.859375,0.08089371652,0,0
0.01,316.15,0.5677322865,0.859375,0.0798770256,0,0
0.010625,316.15,0.5712877835,0.859375,0.07893923667,0,0
0.01125,316.15,0.5744736361,0.859375,0.0780725919,0,0
0.011875,316.15,0.5773445831,0.859375,0.07727006018,0,0
0.0125,316.15,0.5799450741,0.859375,0.07652533699,0,0
0.013125,316.15,0.5823115763,0.859375,0.07583280269,0,0
0.01375,316.15,0.5844742878,0.859375,0.07518746303,0,0
0.014375,316.15,0.5864584283,0.859375,0.07458488465,0,0
0.015,316.15,0.5882852237,0.859375,0.07402113175,0,0
0.015625,316.15,0.5899726662,0.859375,0.07349270731,0,0
0.01625,316.15,0.5915361069,0.859375,0.07299649985,0,0
0.016875,316.15,0.5929887231,0.859375,0.0725297362,0,0
0.0175,316.15,0.59434189,0.859375,0.0720899399,0,0
0.018125,316.15,0.595605478,0.859375,0.0716748949,0,0
0.01875,316.15,0.5967880937,0.859375,0.07128261389,0,0
0.019375,316.15,0.5978972759,0.859375,0.07091131087,0,0
0.02,316.15,0.5989396559,0.859375,0.07055937717,0,0
0.020625,316.15,0.5999210903,0.859375,0.07022536082,0,0
0.02125,316.15,0.6008467706,0.859375,0.06990794839,0,0
0.021875,316.15,0.6017213153,0.859375,0.06960594936,0,0
0.0225,316.15,0.6025488465,0.859375,0.0693182824,0,0
0.023125,316.15,0.6033330551,0.859375,0.06904396341,0,0
0.02375,316.15,0.6040772553,0.859375,0.06878209502,0,0
0.024375,316.15,0.6047844322,0.859375,0.06853185746,0,0
0.025,316.15,0.6054572807,0.859375,0.06829250047,0,0
0.025625,316.15,0.6060982408,0.859375,0.06806333617,0,0
0.02625,316.15,0.6067095265,0.859375,0.06784373287,0,0
0.026875,316.15,0.6072931515,0.859375,0.06763310944,0,0
0.0275,316.15,0.6078509514,0.859375,0.06743093047,0,0
0.028125,316.15,0.6083846029,0.859375,0.06723670191,0,0
0.02875,316.15,0.6088956408,0.859375,0.06704996717,0,0
0.029375,316.15,0.6093854722,0.859375,0.06687030367,0,0
0.03,316.15,0.6098553903,0.859375,0.06669731979,0,0
0.030625,316.15,0.6103065849,0.859375,0.06653065209,0,0
0.03125,316.15,0.6107401531,0.859375,0.06636996284,0,0
0.031875,316.15,0.6111571079,0.859375,0.06621493781,0,0
0.0325,316.15,0.611558386,0.859375,0.06606528428,0,0
0.033125,316.15,0.6119448551,0.859375,0.06592072923,0,0
0.03375,316.15,0.6123173201,0.859375,0.06578101775,0,0
0.034375,316.15,0.6126765286,0.859375,0.06564591153,0,0
0.035,316.15,0.6130231757,0.859375,0.06551518757,0,0
0.035625,316.15,0.6133579091,0.859375,0.06538863697,0,0
0.03625,316.15,0.6136813324,0.859375,0.06526606383,0,0
0.036875,316.15,0.6139940093,0.859375,0.06514728428,0,0
0.0375,316.15,0.6142964666,0.859375,0.06503212555,0,0
0.038125,316.15,0.6145891972,0.859375,0.06492042517,0,0
0.03875,316.15,0.6148726628,0.859375,0.0648120302,0,0
0.039375,316.15,0.6151472965,0.859375,0.06470679655,0,0
0.04,316.15,0.6154135046,0.859375,0.06460458836,0,0
0.040625,316.15,0.6156716689,0.859375,0.06450527743,0,0
0.04125,316.15,0.6159221487,0.859375,0.06440874266,0,0
0.041875,316.15,0.6161652819,0.859375,0.06431486957,0,0
0.0425,316.15,0.616401387,0.859375,0.06422354991,0,0
0.043125,316.15,0.6166307644,0.859375,0.06413468117,0,0
0.04375,316.15,0.6168536977,0.859375,0.06404816626,0,0
0.044375,316.15,0.6170704546,0.859375,0.06396391311,0,0
0.045,316.15,0.6172812882,0.859375,0.0638818344,0,0
0.045625,316.15,0.6174864381,0.859375,0.06380184722,0,0
0.04625,316.15,0.617686131,0.859375,0.06372387283,0,0
0.046875,316.15,0.6178805818,0.859375,0.06364783637,0,0
0.0475,316.15,0.6180699943,0.859375,0.06357366664,0,0
0.048125,316.15,0.6182545616,0.859375,0.06350129588,1,1
0.04875,316.15,0.6184344674,0.859375,0.06343065955,0,0
0.049375,316.15,0.6186098861,0.859375,0.06336169617,0,0
0.05,316.15,0.6187809834,0.859375,0.06329434713,1,1
0.050625,316.15,0.6189479171,0.859375,0.06322855649,0,0
0.05125,316.15,0.6191108373,0.859375,0.0631642709,1,1
0.051875,316.15,0.6192698871,0.859375,0.06310143938,0,0
0.0525,316.15,0.6194252027,0.859375,0.06304001323,0,0
0.053125,316.15,0.6195769141,0.859375,0.06297994592,1,1
0.05375,316.15,0.6197251454,0.859375,0.06292119292,0,0
0.054375,316.15,0.6198700148,0.859375,0.06286371163,0,0
0.055,316.15,0.6200116356,0.859375,0.06280746126,1,1
0.055625,316.15,0.6201501157,0.859375,0.06275240277,0,0
0.05625,316.15,0.6202855585,0.859375,0.06269849872,0,0
0.056875,316.15,0.6204180628,0.859375,0.06264571324,1,1
0.0575,316.15,0.6205477232,0.859375,0.06259401191,0,0
0.058125,316.15,0.6206746303,0.859375,0.06254336173,0,0
0.05875,316.15,0.6207988708,0.859375,0.062493731,0,0
0.059375,316.15,0.620920528,0.859375,0.06244508929,1,1
0.06,316.15,0.6210396816,0.859375,0.06239740737,0,0
0.060625,316.15,0.621156408,0.859375,0.06235065715,1,1
0.06125,316.15,0.6212707808,0.859375,0.06230481162,1,1
0.061875,316.15,0.6213828702,0.859375,0.0622598448,1,1
0.0625,316.15,0.6214927442,0.859375,0.0622157317,1,1
0.063125,316.15,0.6216004676,0.859375,0.06217244826,1,1
0.06375,316.15,0.621706103,0.859375,0.06212997133,1,1
0.064375,316.15,0.6218097106,0.859375,0.06208827859,1,1
0.065,316.15,0.6219113481,0.859375,0.06204734855,1,1
0.065625,316.15,0.6220110713,0.859375,0.0620071605,1,1
0.06625,316.15,0.6221089337,0.859375,0.06196769446,1,1
0.066875,316.15,0.6222049869,0.859375,0.06192893117,1,1
0.0675,316.15,0.6222992806,0.859375,0.06189085204,1,1
0.068125,316.15,0.6223918627,0.859375,0.06185343914,1,1
0.06875,316.15,0.6224827795,0.859375,0.06181667515,1,1
0.069375,316.15,0.6225720754,0.859375,0.06178054335,1,1
0.07,316.15,0.6226597934,0.859375,0.06174502759,1,1
0.070625,316.15,0.6227459749,0.859375,0.06171011225,1,1
0.07125,316.15,0.62283066,0.859375,0.06167578227,1,1
0.071875,316.15,0.6229138873,0.859375,0.06164202305,1,1
0.0725,316.15,0.6229956942,0.859375,0.06160882048,1,1
0.073125,316.15,0.6230761166,0.859375,0.06157616093,1,1
0.07375,316.15,0.6231551895,0.859375,0.06154403119,1,1
0.074375,316.15,0.6232329465,0.859375,0.06151241849,1,1
0.075,316.15,0.6233094202,0.859375,0.06148131045,1,1
0.075625,316.15,0.6233846421,0.859375,0.06145069509,1,1
0.07625,316.15,0.6234586427,0.859375,0.06142056082,1,1
0.076875,316.15,0.6235314515,0.859375,0.06139089638,1,1
0.0775,316.15,0.623603097,0.859375,0.06136169089,1,1
0.078125,316.15,0.623673607,0.859375,0.06133293378,1,1
0.07875,316.15,0.6237430081,0.859375,0.06130461482,1,1
0.079375,316.15,0.6238113264,0.859375,0.06127672407,1,1
0.08,316.15,0.623878587,0.859375,0.0612492519,1,1
0.005,316.65,0.5093265684,0.85546875,0.09130150746,0,0
0.005625,316.65,0.5210546219,0.85546875,0.08962901008,0,0
0.00625,316.65,0.530706787,0.85546875,0.08803513059,0,0
0.006875,316.65,0.5387876627,0.85546875,0.08654514889,0,0
0.0075,316.65,0.5456510532,0.85546875,0.08516546392,0,0
0.008125,316.65,0.551552221,0.85546875,0.08389353552,0,0
0.00875,316.65,0.5566798801,0.85546875,0.08272281545,0,0
0.009375,316.65,0.5611765126,0.85546875,0.08164522514,0,0
0.01,316.65,0.5651516852,0.85546875,0.08065239594,0,0
0.010625,316.65,0.5686910208,0.85546875,0.07973627187,0,0
0.01125,316.65,0.5718623923,0.85546875,0.07888938006,0,0
0.011875,316.65,0.5747202895,0.85546875,0.07810492811,0,0
0.0125,316.65,0.5773089601,0.85546875,0.07737681275,0,0
0.013125,316.65,0.5796647055,0.85546875,0.07669958502,0,0
0.01375,316.65,0.5818175865,0.85546875,0.07606839633,0,0
0.014375,316.65,0.5837927081,0.85546875,0.07547893822,0,0
0.015,316.65,0.5856112,0.85546875,0.07492738263,0,0
0.015625,316.65,0.5872909723,0.85546875,0.0744103259,0,0
0.01625,316.65,0.5888473064,0.85546875,0.07392473785,0,0
0.016875,316.65,0.5902933199,0.85546875,0.07346791637,0,0
0.0175,316.65,0.591640336,0.85546875,0.07303744742,0,0
0.018125,316.65,0.5928981804,0.85546875,0.07263116998,0,0
0.01875,316.65,0.5940754205,0.85546875,0.07224714542,0,0
0.019375,316.65,0.595179561,0.85546875,0.07188363096,0,0
0.02,316.65,0.5962172029,0.85546875,0.07153905646,0,0
0.020625,316.65,0.5971941762,0.85546875,0.07121200433,0,0
0.02125,316.65,0.5981156489,0.85546875,0.07090119202,0,0
0.021875,316.65,0.5989862184,0.85546875,0.07060545673,0,0
0.0225,316.65,0.5998099881,0.85546875,0.07032374213,0,0
0.023125,316.65,0.6005906321,0.85546875,0.07005508669,0,0
0.02375,316.65,0.6013314496,0.85546875,0.06979861353,0,0
0.024375,316.65,0.602035412,0.85546875,0.06955352143,0,0
0.025,316.65,0.6027052022,0.85546875,0.06931907705,0,0
0.025625,316.65,0.6033432488,0.85546875,0.06909460793,0,0
0.02625,316.65,0.6039517559,0.85546875,0.06887949645,0,0
0.026875,316.65,0.6045327281,0.85546875,0.06867317441,0,0
0.0275,316.65,0.6050879925,0.85546875,0.06847511822,0,0
0.028125,316.65,0.6056192184,0.85546875,0.06828484472,0,0
0.02875,316.65,0.6061279333,0.85546875,0.0681019073,0,0
0.029375,316.65,0.6066155383,0.85546875,0.06792589265,0,0
0.03,316.65,0.6070833203,0.85546875,0.06775641766,0,0
0.030625,316.65,0.6075324641,0.85546875,0.06759312678,0,0
0.03125,316.65,0.6079640615,0.85546875,0.06743568958,0,0
0.031875,316.65,0.608379121,0.85546875,0.06728379862,0,0
0.0325,316.65,0.6087785751,0.85546875,0.06713716748,0,0
0.033125,316.65,0.6091632876,0.85546875,0.06699552899,0,0
0.03375,316.65,0.6095340596,0.85546875,0.06685863368,0,0
0.034375,316.65,0.6098916353,0.85546875,0.06672624836,0,0
0.035,316.65,0.6102367068,0.85546875,0.06659815475,0,0
0.035625,316.65,0.6105699186,0.85546875,0.06647414841,0,0
0.03625,316.65,0.6108918718,0.85546875,0.06635403759,0,0
0.036875,316.65,0.6112031274,0.85546875,0.0662376423,0,0
0.0375,316.65,0.6115042099,0.85546875,0.06612479344,0,0
0.038125,316.65,0.6117956099,0.85546875,0.06601533194,0,0
0.03875,316.65,0.6120777871,0.85546875,0.06590910809,0,0
0.039375,316.65,0.6123511724,0.85546875,0.06580598084,0,0
0.04,316.65,0.6126161705,0.85546875,0.06570581718,0,0
0.040625,316.65,0.6128731613,0.85546875,0.06560849156,0,0
0.04125,316.65,0.6131225025,0.85546875,0.06551388544,0,0
0.041875,316.65,0.6133645306,0.85546875,0.06542188674,0,0
0.0425,316.65,0.6135995625,0.85546875,0.06533238945,0,0
0.043125,316.65,0.6138278973,0.85546875,0.06524529319,0,0
0.04375,316.65,0.6140498173,0.85546875,0.06516050289,0,0
0.044375,316.65,0.6142655889,0.85546875,0.06507792841,0,0
0.045,316.65,0.6144754642,0.85546875,0.06499748422,0,0
0.045625,316.65,0.6146796816,0.85546875,0.06491908915,0,0
0.04625,316.65,0.6148784668,0.85546875,0.06484266606,0,0
0.046875,316.65,0.6150720337,0.85546875,0.06476814166,0,0
0.0475,316.65,0.6152605852,0.85546875,0.06469544621,0,0
0.048125,316.65,0.6154443136,0.85546875,0.06462451334,0,0
0.04875,316.65,0.6156234016,0.85546875,0.06455527986,1,1
0.049375,316.65,0.6157980229,0.85546875,0.06448768555,0,0
0.05,316.65,0.6159683425,0.85546875,0.06442167299,1,1
0.050625,316.65,0.6161345175,0.85546875,0.0643571874,0,0
0.05125,316.65,0.6162966971,0.85546875,0.06429417652,0,0
0.051875,316.65,0.616455024,0.85546875,0.06423259043,1,1
0.0525,316.65,0.6166096336,0.85546875,0.06417238141,0,0
0.053125,316.65,0.6167606554,0.85546875,0.06411350389,1,1
0.05375,316.65,0.6169082129,0.85546875,0.06405591425,0,0
0.054375,316.65,0.6170524239,0.85546875,0.06399957075,0,0
0.055,316.65,0.6171934009,0.85546875,0.06394443346,1,1
0.055625,316.65,0.6173312515,0.85546875,0.06389046411,0,0
0.05625,316.65,0.6174660787,0.85546875,0.06383762604,0,0
0.056875,316.65,0.6175979807,0.85546875,0.0637858841,0,0
0.0575,316.65,0.6177270517,0.85546875,0.06373520458,1,1
0.058125,316.65,0.617853382,0.85546875,0.06368555514,0,0
0.05875,316.65,0.6179770578,0.85546875,0.06363690473,0,0
0.059375,316.65,0.618098162,0.85546875,0.06358922354,0,0
0.06,316.65,0.618216774,0.85546875,0.06354248294,1,1
0.060625,316.65,0.6183329698,0.85546875,0.0634966554,1,1
0.06125,316.65,0.6184468227,0.85546875,0.06345171446,1,1
0.061875,316.65,0.6185584026,0.85546875,0.06340763467,1,1
0.0625,316.65,0.6186677771,0.85546875,0.06336439154,1,1
0.063125,316.65,0.6187750109,0.85546875,0.06332196151,1,1
0.06375,316.65,0.6188801662,0.85546875,0.06328032188,1,1
0.064375,316.65,0.6189833028,0.85546875,0.06323945079,1,1
0.065,316.65,0.6190844784,0.85546875,0.0631993272,1,1
0.065625,316.65,0.6191837482,0.85546875,0.06315993079,1,1
0.06625,316.65,0.6192811658,0.85546875,0.063121242,1,1
0.066875,316.65,0.6193767824,0.85546875,0.06308324196,1,1
0.0675,316.65,0.6194706475,0.85546875,0.06304591245,1,1
0.068125,316.65,0.6195628088,0.85546875,0.0630092359,1,1
0.06875,316.65,0.6196533123,0.85546875,0.06297319535,1,1
0.069375,316.65,0.6197422023,0.85546875,0.0629377744,1,1
0.07,316.65,0.6198295216,0.85546875,0.06290295724,1,1
0.070625,316.65,0.6199153114,0.85546875,0.06286872856,1,1
0.07125,316.65,0.6199996116,0.85546875,0.06283507359,1,1
0.071875,316.65,0.6200824606,0.85546875,0.06280197804,1,1
0.0725,316.65,0.6201638956,0.85546875,0.06276942809,1,1
0.073125,316.65,0.6202439525,0.85546875,0.06273741036,1,1
0.07375,316.65,0.6203226659,0.85546875,0.06270591193,1,1
0.074375,316.65,0.6204000695,0.85546875,0.06267492026,1,1
0.075,316.65,0.6204761956,0.85546875,0.06264442324,1,1
0.075625,316.65,0.6205510756,0.85546875,0.06261440913,1,1
0.07625,316.65,0.6206247398,0.85546875,0.06258486655,1,1
0.076875,316.65,0.6206972176,0.85546875,0.0625557845,1,1
0.0775,316.65,0.6207685375,0.85546875,0.06252715229,1,1
0.078125,316.65,0.620838727,0.85546875,0.06249895957,1,1
0.07875,316.65,0.6209078126,0.85546875,0.06247119632,1,1
0.079375,316.65,0.6209758204,0.85546875,0.06244385279,1,1
0.08,316.65,0.6210427753,0.85546875,0.06241691956,1,1
0.005,317.15,0.5070008763,0.8515625,0.09177353139,0,0
0.005625,317.15,0.518675377,0.8515625,0.09015484236,0,0
0.00625,317.15,0.5282834683,0.8515625,0.08860794208,0,0
0.006875,317.15,0.5363274451,0.8515625,0.08715923697,0,0
0.0075,317.15,0.5431594958,0.8515625,0.08581604803,0,0
0.008125,317.15,0.5490337177,0.8515625,0.08457658501,0,0
0.00875,317.15,0.5541379628,0.8515625,0.08343490986,0,0
0.009375,317.15,0.5586140628,0.8515625,0.08238344257,0,0
0.01,317.15,0.5625710839,0.8515625,0.08141422411,0,0
0.010625,317.15,0.5660942582,0.8515625,0.08051953721,0,0
0.01125,317.15,0.5692511485,0.8515625,0.07969219087,0,0
0.011875,317.15,0.572095996,0.8515625,0.07892562887,0,0
0.0125,317.15,0.5746728462,0.8515625,0.07821394702,0,0
0.013125,317.15,0.5770178347,0.8515625,0.07755186524,0,0
0.01375,317.15,0.5791608852,0.8515625,0.07693467903,0,0
0.014375,317.15,0.581126988,0.8515625,0.07635820354,0,0
0.015,317.15,0.5829371762,0.8515625,0.07581871731,0,0
0.015625,317.15,0.5846092783,0.8515625,0.07531290905,0,0
0.01625,317.15,0.5861585059,0.8515625,0.07483782899,0,0
0.016875,317.15,0.5875979166,0.8515625,0.07439084538,0,0
0.0175,317.15,0.5889387819,0.8515625,0.07396960593,0,0
0.018125,317.15,0.5901908827,0.8515625,0.07357200406,0,0
0.01875,317.15,0.5913627474,0.8515625,0.07319614932,0,0
0.019375,317.15,0.5924618461,0.8515625,0.07284034169,0,0
0.02,317.15,0.5934947499,0.8515625,0.07250304914,0,0
0.020625,317.15,0.5944672622,0.8515625,0.07218288815,0,0
0.02125,317.15,0.5953845272,0.8515625,0.07187860669,0,0
0.021875,317.15,0.5962511215,0.8515625,0.0715890694,0,0
0.0225,317.15,0.5970711298,0.8515625,0.07131324466,0,0
0.023125,317.15,0.5978482091,0.8515625,0.07105019333,0,0
0.02375,317.15,0.5985856439,0.8515625,0.07079905873,0,0
0.024375,317.15,0.5992863919,0.8515625,0.07055905807,0,0
0.025,317.15,0.5999531236,0.8515625,0.0703294747,0,0
0.025625,317.15,0.6005882568,0.8515625,0.07010965144,0,0
0.02625,317.15,0.6011939854,0.8515625,0.06989898461,0,0
0.026875,317.15,0.6017723047,0.8515625,0.06969691878,0,0
0.0275,317.15,0.6023250337,0.8515625,0.06950294206,0,0
0.028125,317.15,0.6028538338,0.8515625,0.06931658205,0,0
0.02875,317.15,0.6033602258,0.8515625,0.06913740207,0,0
0.029375,317.15,0.6038456043,0.8515625,0.06896499792,0,0
0.03,317.15,0.6043112504,0.8515625,0.06879899495,0,0
0.030625,317.15,0.6047583432,0.8515625,0.06863904539,0,0
0.03125,317.15,0.6051879699,0.8515625,0.06848482607,0,0
0.031875,317.15,0.6056011342,0.8515625,0.06833603624,0,0
0.0325,317.15,0.6059987643,0.8515625,0.0681923957,0,0
0.033125,317.15,0.6063817201,0.8515625,0.06805364311,0,0
0.03375,317.15,0.6067507991,0.8515625,0.06791953438,0,0
0.034375,317.15,0.607106742,0.8515625,0.06778984133,0,0
0.035,317.15,0.6074502378,0.8515625,0.06766435043,0,0
0.035625,317.15,0.6077819281,0.8515625,0.06754286159,0,0
0.03625,317.15,0.6081024112,0.8515625,0.06742518719,0,0
0.036875,317.15,0.6084122456,0.8515625,0.06731115109,0,0
0.0375,317.15,0.6087119532,0.8515625,0.06720058779,0,0
0.038125,317.15,0.6090020226,0.8515625,0.06709334163,0,0
0.03875,317.15,0.6092829113,0.8515625,0.06698926607,0,0
0.039375,317.15,0.6095550483,0.8515625,0.06688822306,0,0
0.04,317.15,0.6098188364,0.8515625,0.0667900824,0,0
0.040625,317.15,0.6100746538,0.8515625,0.06669472122,0,0
0.04125,317.15,0.6103228564,0.8515625,0.06660202346,0,0
0.041875,317.15,0.6105637793,0.8515625,0.06651187942,0,0
0.0425,317.15,0.610797738,0.8515625,0.06642418531,0,0
0.043125,317.15,0.6110250302,0.8515625,0.06633884289,0,0
0.04375,317.15,0.6112459368,0.8515625,0.06625575905,0,0
0.044375,317.15,0.6114607232,0.8515625,0.06617484557,0,0
0.045,317.15,0.6116696402,0.8515625,0.0660960187,0,0
0.045625,317.15,0.611872925,0.8515625,0.06601919897,0,0
0.04625,317.15,0.6120708026,0.8515625,0.06594431086,0,0
0.046875,317.15,0.6122634856,0.8515625,0.0658712826,0,0
0.0475,317.15,0.6124511761,0.8515625,0.06580004591,0,0
0.048125,317.15,0.6126340656,0.8515625,0.0657305358,0,0
0.04875,317.15,0.6128123359,0.8515625,0.0656626904,1,1
0.049375,317.15,0.6129861598,0.8515625,0.06559645074,0,0
0.05,317.15,0.6131557017,0.8515625,0.06553176059,1,1
0.050625,317.15,0.6133211178,0.8515625,0.06546856631,0,0
0.05125,317.15,0.613482557,0.8515625,0.06540681673,0,0
0.051875,317.15,0.6136401608,0.8515625,0.06534646294,1,1
0.0525,317.15,0.6137940645,0.8515625,0.06528745824,0,0
0.053125,317.15,0.6139443967,0.8515625,0.06522975798,0,0
0.05375,317.15,0.6140912804,0.8515625,0.06517331944,1,1
0.054375,317.15,0.6142348329,0.8515625,0.06511810176,0,0
0.055,317.15,0.6143751662,0.8515625,0.06506406582,0,0
0.055625,317.15,0.6145123874,0.8515625,0.06501117414,1,1
0.05625,317.15,0.6146465989,0.8515625,0.06495939082,0,0
0.056875,317.15,0.6147778986,0.8515625,0.06490868142,0,0
0.0575,317.15,0.6149063802,0.8515625,0.06485901295,0,0
0.058125,317.15,0.6150321336,0.8515625,0.0648103537,1,1
0.05875,317.15,0.6151552447,0.8515625,0.06476267329,0,0
0.059375,317.15,0.615275796,0.8515625,0.06471594251,0,0
0.06,317.15,0.6153938663,0.8515625,0.06467013331,1,1
0.060625,317.15,0.6155095316,0.8515625,0.06462521873,1,1
0.06125,317.15,0.6156228646,0.8515625,0.06458117285,1,1
0.061875,317.15,0.615733935,0.8515625,0.06453797074,1,1
0.0625,317.15,0.6158428101,0.8515625,0.06449558842,1,1
0.063125,317.15,0.6159495542,0.8515625,0.0644540028,1,1
0.06375,317.15,0.6160542293,0.8515625,0.06441319165,1,1
0.064375,317.15,0.616156895,0.8515625,0.06437313356,1,1
0.065,317.15,0.6162576086,0.8515625,0.06433380791,1,1
0.065625,317.15,0.6163564252,0.8515625,0.0642951948,1,1
0.06625,317.15,0.6164533979,0.8515625,0.06425727507,1,1
0.066875,317.15,0.6165485779,0.8515625,0.06422003024,1,1
0.0675,317.15,0.6166420144,0.8515625,0.06418344245,1,1
0.068125,317.15,0.6167337549,0.8515625,0.06414749449,1,1
0.06875,317.15,0.6168238451,0.8515625,0.06411216975,1,1
0.069375,317.15,0.6169123292,0.8515625,0.06407745216,1,1
0.07,317.15,0.6169992498,0.8515625,0.06404332623,1,1
0.070625,317.15,0.6170846479,0.8515625,0.06400977697,1,1
0.07125,317.15,0.6171685631,0.8515625,0.06397678991,1,1
0.071875,317.15,0.6172510338,0.8515625,0.06394435104,1,1
0.0725,317.15,0.617332097,0.8515625,0.06391244682,1,1
0.073125,317.15,0.6174117883,0.8515625,0.06388106415,1,1
0.07375,317.15,0.6174901423,0.8515625,0.06385019036,1,1
0.074375,317.15,0.6175671925,0.8515625,0.06381981318,1,1
0.075,317.15,0.6176429709,0.8515625,0.06378992074,1,1
0.075625,317.15,0.617717509,0.8515625,0.06376050153,1,1
0.07625,317.15,0.6177908369,0.8515625,0.06373154442,1,1
0.076875,317.15,0.6178629837,0.8515625,0.06370303861,1,1
0.0775,317.15,0.617933978,0.8515625,0.06367497363,1,1
0.078125,317.15,0.6180038469,0.8515625,0.06364733936,1,1
0.07875,317.15,0.6180726172,0.8515625,0.06362012596,1,1
0.079375,317.15,0.6181403144,0.8515625,0.06359332388,1,1
0.08,317.15,0.6182069635,0.8515625,0.0635669239,1,1
0.005,317.65,0.5046751842,0.84765625,0.09223516503,0,0
0.005625,317.65,0.5162961322,0.84765625,0.09066970178,0,0
0.00625,317.65,0.5258601497,0.84765625,0.08916927597,0,0
0.006875,317.65,0.5338672274,0.84765625,0.0877614063,0,0
0.0075,317.65,0.5406679385,0.84765625,0.08645432483,0,0
0.008125,317.65,0.5465152144,0.84765625,0.08524698245,0,0
0.00875,317.65,0.5515960455,0.84765625,0.08413404445,0,0
0.009375,317.65,0.5560516129,0.84765625,0.08310842377,0,0
0.01,317.65,0.5599904826,0.84765625,0.08216256651,0,0
0.010625,317.65,0.5634974955,0.84765625,0.08128909038,0,0
0.01125,317.65,0.5666399047,0.84765625,0.08048108325,0,0
0.011875,317.65,0.5694717024,0.84765625,0.07973222247,0,0
0.0125,317.65,0.5720367322,0.84765625,0.07903680083,0,0
0.013125,317.65,0.5743709639,0.84765625,0.07838970534,0,0
0.01375,317.65,0.5765041838,0.84765625,0.07778637403,0,0
0.014375,317.65,0.5784612679,0.84765625,0.07722274433,0,0
0.015,317.65,0.5802631525,0.84765625,0.07669520026,0,0
0.015625,317.65,0.5819275844,0.84765625,0.07620052193,0,0
0.01625,317.65,0.5834697054,0.84765625,0.07573583915,0,0
0.016875,317.65,0.5849025133,0.84765625,0.07529858974,0,0
0.0175,317.65,0.5862372279,0.84765625,0.07488648254,0,0
0.018125,317.65,0.5874835851,0.84765625,0.07449746481,0,0
0.01875,317.65,0.5886500742,0.84765625,0.07412969379,0,0
0.019375,317.65,0.5897441312,0.84765625,0.07378151177,0,0
0.02,317.65,0.5907722969,0.84765625,0.07345142443,0,0
0.020625,317.65,0.5917403481,0.84765625,0.07313808195,0,0
0.02125,317.65,0.5926534056,0.84765625,0.07284026249,0,0
0.021875,317.65,0.5935160247,0.84765625,0.07255685785,0,0
0.0225,317.65,0.5943322714,0.84765625,0.07228686089,0,0
0.023125,317.65,0.5951057861,0.84765625,0.07202935456,0,0
0.02375,317.65,0.5958398382,0.84765625,0.07178350225,0,0
0.024375,317.65,0.5965373717,0.84765625,0.07154853932,0,0
0.025,317.65,0.5972010451,0.84765625,0.07132376571,0,0
0.025625,317.65,0.5978332648,0.84765625,0.07110853931,0,0
0.02625,317.65,0.5984362148,0.84765625,0.07090227026,0,0
0.026875,317.65,0.5990118813,0.84765625,0.07070441572,0,0
0.0275,317.65,0.5995620748,0.84765625,0.07051447544,0,0
0.028125,317.65,0.6000884493,0.84765625,0.07033198764,0,0
0.02875,317.65,0.6005925184,0.84765625,0.07015652545,0,0
0.029375,317.65,0.6010756703,0.84765625,0.06998769371,0,0
0.03,317.65,0.6015391804,0.84765625,0.0698251261,0,0
0.030625,317.65,0.6019842224,0.84765625,0.06966848262,0,0
0.03125,317.65,0.6024118783,0.84765625,0.06951744721,0,0
0.031875,317.65,0.6028231473,0.84765625,0.06937172577,0,0
0.0325,317.65,0.6032189534,0.84765625,0.06923104428,0,0
0.033125,317.65,0.6036001526,0.84765625,0.06909514711,0,0
0.03375,317.65,0.6039675385,0.84765625,0.06896379554,0,0
0.034375,317.65,0.6043218487,0.84765625,0.06883676635,0,0
0.035,317.65,0.6046637688,0.84765625,0.06871385066,0,0
0.035625,317.65,0.6049939376,0.84765625,0.06859485275,0,0
0.03625,317.65,0.6053129506,0.84765625,0.06847958904,0,0
0.036875,317.65,0.6056213637,0.84765625,0.06836788722,0,0
0.0375,317.65,0.6059196966,0.84765625,0.06825958535,0,0
0.038125,317.65,0.6062084354,0.84765625,0.06815453112,0,0
0.03875,317.65,0.6064880356,0.84765625,0.06805258116,0,0
0.039375,317.65,0.6067589243,0.84765625,0.06795360037,0,0
0.04,317.65,0.6070215022,0.84765625,0.06785746135,0,0
0.040625,317.65,0.6072761462,0.84765625,0.06776404385,0,0
0.04125,317.65,0.6075232103,0.84765625,0.06767323429,0,0
0.041875,317.65,0.607763028,0.84765625,0.06758492532,0,0
0.0425,317.65,0.6079959135,0.84765625,0.06749901535,0,0
0.043125,317.65,0.6082221631,0.84765625,0.06741540822,0,0
0.04375,317.65,0.6084420564,0.84765625,0.06733401282,0,0
0.044375,317.65,0.6086558575,0.84765625,0.06725474278,0,0
0.045,317.65,0.6088638161,0.84765625,0.06717751614,0,0
0.045625,317.65,0.6090661685,0.84765625,0.0671022551,0,0
0.04625,317.65,0.6092631383,0.84765625,0.06702888575,0,0
0.046875,317.65,0.6094549375,0.84765625,0.06695733782,0,0
0.0475,317.65,0.6096417671,0.84765625,0.06688754447,0,0
0.048125,317.65,0.6098238176,0.84765625,0.06681944209,0,0
0.04875,317.65,0.6100012701,0.84765625,0.06675297009,1,1
0.049375,317.65,0.6101742967,0.84765625,0.06668807076,0,0
0.05,317.65,0.6103430609,0.84765625,0.06662468904,0,0
0.050625,317.65,0.6105077182,0.84765625,0.06656277242,1,1
0.05125,317.65,0.6106684168,0.84765625,0.06650227079,0,0
0.051875,317.65,0.6108252977,0.84765625,0.06644313628,1,1
0.0525,317.65,0.6109784954,0.84765625,0.06638532316,0,0
0.053125,317.65,0.611128138,0.84765625,0.06632878771,0,0
0.05375,317.65,0.6112743479,0.84765625,0.06627348811,1,1
0.054375,317.65,0.6114172419,0.84765625,0.06621938435,0,0
0.055,317.65,0.6115569315,0.84765625,0.06616643811,0,0
0.055625,317.65,0.6116935232,0.84765625,0.06611461271,0,0
0.05625,317.65,0.611827119,0.84765625,0.06606387298,1,1
0.056875,317.65,0.6119578165,0.84765625,0.06601418521,0,0
0.0575,317.65,0.6120857088,0.84765625,0.06596551708,0,0
0.058125,317.65,0.6122108853,0.84765625,0.06591783757,0,0
0.05875,317.65,0.6123334317,0.84765625,0.0658711169,0,0
0.059375,317.65,0.6124534299,0.84765625,0.06582532647,0,0
0.06,317.65,0.6125709587,0.84765625,0.06578043881,1,1
0.060625,317.65,0.6126860934,0.84765625,0.06573642754,1,1
0.06125,317.65,0.6127989065,0.84765625,0.06569326725,1,1
0.061875,317.65,0.6129094675,0.84765625,0.06565093354,1,1
0.0625,317.65,0.6130178431,0.84765625,0.06560940292,1,1
0.063125,317.65,0.6131240976,0.84765625,0.06556865277,1,1
0.06375,317.65,0.6132282925,0.84765625,0.06552866134,1,1
0.064375,317.65,0.6133304873,0.84765625,0.06548940765,1,1
0.065,317.65,0.6134307388,0.84765625,0.06545087149,1,1
0.065625,317.65,0.6135291021,0.84765625,0.0654130334,1,1
0.06625,317.65,0.61362563,0.84765625,0.0653758746,1,1
0.066875,317.65,0.6137203734,0.84765625,0.06533937698,1,1
0.0675,317.65,0.6138133813,0.84765625,0.06530352306,1,1
0.068125,317.65,0.613904701,0.84765625,0.06526829599,1,1
0.06875,317.65,0.6139943779,0.84765625,0.06523367948,1,1
0.069375,317.65,0.6140824562,0.84765625,0.06519965781,1,1
0.07,317.65,0.614168978,0.84765625,0.0651662158,1,1
0.070625,317.65,0.6142539843,0.84765625,0.06513333878,1,1
0.07125,317.65,0.6143375146,0.84765625,0.06510101255,1,1
0.071875,317.65,0.6144196071,0.84765625,0.0650692234,1,1
0.0725,317.65,0.6145002984,0.84765625,0.06503795808,1,1
0.073125,317.65,0.6145796241,0.84765625,0.06500720375,1,1
0.07375,317.65,0.6146576187,0.84765625,0.064976948,1,1
0.074375,317.65,0.6147343154,0.84765625,0.06494717881,1,1
0.075,317.65,0.6148097463,0.84765625,0.06491788455,1,1
0.075625,317.65,0.6148839424,0.84765625,0.06488905395,1,1
0.07625,317.65,0.6149569339,0.84765625,0.0648606761,1,1
0.076875,317.65,0.6150287499,0.84765625,0.06483274043,1,1
0.0775,317.65,0.6150994184,0.84765625,0.06480523669,1,1
0.078125,317.65,0.6151689669,0.84765625,0.06477815495,1,1
0.07875,317.65,0.6152374217,0.84765625,0.06475148557,1,1
0.079375,317.65,0.6153048084,0.84765625,0.06472521923,1,1
0.08,317.65,0.6153711518,0.84765625,0.06469934684,1,1
0.005,318.15,0.5023494922,0.84375,0.09268644787,0,0
0.005625,318.15,0.5139168873,0.84375,0.09117363079,0,0
0.00625,318.15,0.523436831,0.84375,0.0897191773,0,0
0.006875,318.15,0.5314070098,0.84375,0.0883517043,0,0
0.0075,318.15,0.5381763812,0.84375,0.0870803438,0,0
0.008125,318.15,0.5439967111,0.84375,0.08590477925,0,0
0.00875,318.15,0.5490541283,0.84375,0.08482027231,0,0
0.009375,318.15,0.5534891631,0.84375,0.08382022339,0,0
0.01,318.15,0.5574098813,0.84375,0.08289747921,0,0
0.010625,318.15,0.5609007329,0.84375,0.08204498877,0,0
0.01125,318.15,0.5640286609,0.84375,0.08125611575,0,0
0.011875,318.15,0.5668474088,0.84375,0.08052476859,0,0
0.0125,318.15,0.5694006182,0.84375,0.0798454349,0,0
0.013125,318.15,0.5717240931,0.84375,0.07921316696,0,0
0.01375,318.15,0.5738474825,0.84375,0.07862354382,0,0
0.014375,318.15,0.5757955478,0.84375,0.07807262392,0,0
0.015,318.15,0.5775891287,0.84375,0.0775568956,0,0
0.015625,318.15,0.5792458905,0.84375,0.07707322938,0,0
0.01625,318.15,0.5807809049,0.84375,0.07661883382,0,0
0.016875,318.15,0.58220711,0.84375,0.07619121558,0,0
0.0175,318.15,0.5835356738,0.84375,0.07578814396,0,0
0.018125,318.15,0.5847762875,0.84375,0.07540761951,0,0
0.01875,318.15,0.5859374011,0.84375,0.07504784664,0,0
0.019375,318.15,0.5870264163,0.84375,0.07470720951,0,0
0.02,318.15,0.588049844,0.84375,0.07438425112,0,0
0.020625,318.15,0.5890134341,0.84375,0.07407765495,0,0
0.02125,318.15,0.5899222839,0.84375,0.07378622908,0,0
0.021875,318.15,0.5907809278,0.84375,0.07350889216,0,0
0.0225,318.15,0.591593413,0.84375,0.07324466127,0,0
0.023125,318.15,0.5923633632,0.84375,0.07299264124,0,0
0.02375,318.15,0.5930940325,0.84375,0.07275201527,0,0
0.024375,318.15,0.5937883516,0.84375,0.07252203673,0,0
0.025,318.15,0.5944489665,0.84375,0.07230202193,0,0
0.025625,318.15,0.5950782728,0.84375,0.07209134371,0,0
0.02625,318.15,0.5956784442,0.84375,0.07188942583,0,0
0.026875,318.15,0.5962514578,0.84375,0.071695738,0,0
0.0275,318.15,0.5967991159,0.84375,0.07150979139,0,0
0.028125,318.15,0.5973230647,0.84375,0.07133113477,0,0
0.02875,318.15,0.5978248109,0.84375,0.07115935097,0,0
0.029375,318.15,0.5983057364,0.84375,0.07099405378,0,0
0.03,318.15,0.5987671105,0.84375,0.07083488515,0,0
0.030625,318.15,0.5992101016,0.84375,0.07068151269,0,0
0.03125,318.15,0.5996357867,0.84375,0.07053362745,0,0
0.031875,318.15,0.6000451605,0.84375,0.07039094189,0,0
0.0325,318.15,0.6004391426,0.84375,0.07025318808,0,0
0.033125,318.15,0.600818585,0.84375,0.07012011607,0,0
0.03375,318.15,0.601184278,0.84375,0.06999149242,0,0
0.034375,318.15,0.6015369553,0.84375,0.06986709885,0,0
0.035,318.15,0.6018772998,0.84375,0.06974673108,0,0
0.035625,318.15,0.6022059471,0.84375,0.06963019767,0,0
0.03625,318.15,0.60252349,0.84375,0.06951731909,0,0
0.036875,318.15,0.6028304818,0.84375,0.06940792679,0,0
0.0375,318.15,0.6031274399,0.84375,0.06930186237,0,0
0.038125,318.15,0.6034148481,0.84375,0.06919897683,0,0
0.03875,318.15,0.6036931599,0.84375,0.06909912993,0,0
0.039375,318.15,0.6039628002,0.84375,0.06900218949,0,0
0.04,318.15,0.6042241681,0.84375,0.06890803087,0,0
0.040625,318.15,0.6044776386,0.84375,0.06881653643,0,0
0.04125,318.15,0.6047235642,0.84375,0.06872759505,0,0
0.041875,318.15,0.6049622767,0.84375,0.06864110167,0,0
0.0425,318.15,0.605194089,0.84375,0.06855695691,0,0
0.043125,318.15,0.605419296,0.84375,0.06847506667,0,0
0.04375,318.15,0.6056381759,0.84375,0.06839534179,0,0
0.044375,318.15,0.6058509918,0.84375,0.06831769776,0,0
0.045,318.15,0.6060579921,0.84375,0.06824205437,0,0
0.045625,318.15,0.606259412,0.84375,0.06816833549,0,0
0.04625,318.15,0.6064554741,0.84375,0.06809646877,0,0
0.046875,318.15,0.6066463894,0.84375,0.06802638545,0,0
0.0475,318.15,0.606832358,0.84375,0.06795802013,0,0
0.048125,318.15,0.6070135696,0.84375,0.06789131053,0,0
0.04875,318.15,0.6071902044,0.84375,0.06782619737,1,1
0.049375,318.15,0.6073624336,0.84375,0.06776262413,0,0
0.05,318.15,0.60753042,0.84375,0.06770053696,0,0
0.050625,318.15,0.6076943186,0.84375,0.06763988444,1,1
0.05125,318.15,0.6078542766,0.84375,0.06758061752,0,0
0.051875,318.15,0.6080104346,0.84375,0.06752268935,0,0
0.0525,318.15,0.6081629263,0.84375,0.06746605516,1,1
0.053125,318.15,0.6083118793,0.84375,0.06741067215,0,0
0.05375,318.15,0.6084574155,0.84375,0.0673564994,0,0
0.054375,318.15,0.6085996509,0.84375,0.06730349772,1,1
0.055,318.15,0.6087386968,0.84375,0.06725162962,0,0
0.055625,318.15,0.6088746591,0.84375,0.06720085917,0,0
0.05625,318.15,0.6090076392,0.84375,0.06715115195,1,1
0.056875,318.15,0.6091377344,0.84375,0.06710247497,0,0
0.0575,318.15,0.6092650373,0.84375,0.06705479657,0,0
0.058125,318.15,0.609389637,0.84375,0.06700808638,0,0
0.05875,318.15,0.6095116186,0.84375,0.06696231525,1,1
0.059375,318.15,0.6096310639,0.84375,0.06691745519,0,0
0.06,318.15,0.609748051,0.84375,0.0668734793,1,1
0.060625,318.15,0.6098626552,0.84375,0.06683036172,1,1
0.06125,318.15,0.6099749484,0.84375,0.06678807762,1,1
0.061875,318.15,0.6100849999,0.84375,0.06674660309,1,1
0.0625,318.15,0.6101928761,0.84375,0.06670591512,1,1
0.063125,318.15,0.6102986409,0.84375,0.06666599159,1,1
0.06375,318.15,0.6104023557,0.84375,0.06662681116,1,1
0.064375,318.15,0.6105040795,0.84375,0.06658835332,1,1
0.065,318.15,0.6106038691,0.84375,0.06655059828,1,1
0.065625,318.15,0.6107017791,0.84375,0.06651352698,1,1
0.06625,318.15,0.6107978622,0.84375,0.06647712102,1,1
0.066875,318.15,0.6108921689,0.84375,0.06644136267,1,1
0.0675,318.15,0.6109847482,0.84375,0.06640623483,1,1
0.068125,318.15,0.6110756471,0.84375,0.06637172098,1,1
0.06875,318.15,0.6111649108,0.84375,0.06633780518,1,1
0.069375,318.15,0.6112525831,0.84375,0.06630447204,1,1
0.07,318.15,0.6113387062,0.84375,0.06627170669,1,1
0.070625,318.15,0.6114233208,0.84375,0.06623949475,1,1
0.07125,318.15,0.6115064662,0.84375,0.06620782233,1,1
0.071875,318.15,0.6115881803,0.84375,0.06617667601,1,1
0.0725,318.15,0.6116684997,0.84375,0.0661460428,1,1
0.073125,318.15,0.61174746,0.84375,0.06611591014,1,1
0.07375,318.15,0.6118250952,0.84375,0.06608626585,1,1
0.074375,318.15,0.6119014384,0.84375,0.06605709819,1,1
0.075,318.15,0.6119765217,0.84375,0.06602839575,1,1
0.075625,318.15,0.6120503759,0.84375,0.06600014751,1,1
0.07625,318.15,0.612123031,0.84375,0.06597234277,1,1
0.076875,318.15,0.612194516,0.84375,0.06594497119,1,1
0.0775,318.15,0.6122648589,0.84375,0.06591802271,1,1
0.078125,318.15,0.6123340869,0.84375,0.06589148763,1,1
0.07875,318.15,0.6124022262,0.84375,0.0658653565,1,1
0.079375,318.15,0.6124693023,0.84375,0.06583962019,1,1
0.08,318.15,0.61253534,0.84375,0.0658142698,1,1
0.005,318.65,0.5000238001,0.83984375,0.09312741924,0,0
0.005625,318.65,0.5115376425,0.83984375,0.09166667162,0,0
0.00625,318.65,0.5210135123,0.83984375,0.09025769092,0,0
0.006875,318.65,0.5289467921,0.83984375,0.08893017809,0,0
0.0075,318.65,0.5356848239,0.83984375,0.08769415418,0,0
0.008125,318.65,0.5414782078,0.83984375,0.08655002651,0,0
0.00875,318.65,0.546512211,0.83984375,0.08549364626,0,0
0.009375,318.65,0.5509267133,0.83984375,0.08451889579,0,0
0.01,318.65,0.55482928,0.83984375,0.08361901796,0,0
0.010625,318.65,0.5583039702,0.83984375,0.08278728943,0,0
0.01125,318.65,0.5614174171,0.83984375,0.08201734663,0,0
0.011875,318.65,0.5642231153,0.83984375,0.08130332656,0,0
0.0125,318.65,0.5667645042,0.83984375,0.08063990955,0,0
0.013125,318.65,0.5690772223,0.83984375,0.08002231137,0,0
0.01375,318.65,0.5711907812,0.83984375,0.07944625058,0,0
0.014375,318.65,0.5731298276,0.83984375,0.07890790528,0,0
0.015,318.65,0.574915105,0.83984375,0.07840386704,0,0
0.015625,318.65,0.5765641965,0.83984375,0.07793109584,0,0
0.01625,318.65,0.5780921045,0.83984375,0.07748687811,0,0
0.016875,318.65,0.5795117067,0.83984375,0.07706878864,0,0
0.0175,318.65,0.5808341198,0.83984375,0.07667465652,0,0
0.018125,318.65,0.5820689898,0.83984375,0.07630253506,0,0
0.01875,318.65,0.5832247279,0.83984375,0.0759506753,0,0
0.019375,318.65,0.5843087014,0.83984375,0.07561750284,0,0
0.02,318.65,0.585327391,0.83984375,0.07530159758,0,0
0.020625,318.65,0.58628652,0.83984375,0.075001676,0,0
0.02125,318.65,0.5871911622,0.83984375,0.07471657573,0,0
0.021875,318.65,0.5880458309,0.83984375,0.07444524201,0,0
0.0225,318.65,0.5888545546,0.83984375,0.07418671587,0,0
0.023125,318.65,0.5896209402,0.83984375,0.07394012378,0,0
0.02375,318.65,0.5903482268,0.83984375,0.07370466856,0,0
0.024375,318.65,0.5910393314,0.83984375,0.0734796214,0,0
0.025,318.65,0.591696888,0.83984375,0.07326431478,0,0
0.025625,318.65,0.5923232808,0.83984375,0.07305813636,0,0
0.02625,318.65,0.5929206736,0.83984375,0.07286052338,0,0
0.026875,318.65,0.5934910344,0.83984375,0.07267095791,0,0
0.0275,318.65,0.594036157,0.83984375,0.07248896248,0,0
0.028125,318.65,0.5945576801,0.83984375,0.07231409627,0,0
0.02875,318.65,0.5950571035,0.83984375,0.07214595173,0,0
0.029375,318.65,0.5955358024,0.83984375,0.07198415148,0,0
0.03,318.65,0.5959950405,0.83984375,0.07182834565,0,0
0.030625,318.65,0.5964359807,0.83984375,0.0716782094,0,0
0.03125,318.65,0.5968596951,0.83984375,0.0715334408,0,0
0.031875,318.65,0.5972671736,0.83984375,0.0713937588,0,0
0.0325,318.65,0.5976593317,0.83984375,0.07125890151,0,0
0.033125,318.65,0.5980370175,0.83984375,0.07112862458,0,0
0.03375,318.65,0.5984010174,0.83984375,0.07100269981,0,0
0.034375,318.65,0.598752062,0.83984375,0.07088091381,0,0
0.035,318.65,0.5990908308,0.83984375,0.07076306682,0,0
0.035625,318.65,0.5994179566,0.83984375,0.07064897168,0,0
0.03625,318.65,0.5997340294,0.83984375,0.07053845283,0,0
0.036875,318.65,0.6000396,0.83984375,0.07043134546,0,0
0.0375,318.65,0.6003351832,0.83984375,0.07032749466,0,0
0.038125,318.65,0.6006212609,0.83984375,0.07022675472,0,0
0.03875,318.65,0.6008982841,0.83984375,0.07012898847,0,0
0.039375,318.65,0.6011666761,0.83984375,0.07003406665,0,0
0.04,318.65,0.601426834,0.83984375,0.06994186734,0,0
0.040625,318.65,0.601679131,0.83984375,0.06985227548,0,0
0.04125,318.65,0.601923918,0.83984375,0.06976518237,0,0
0.041875,318.65,0.6021615254,0.83984375,0.06968048525,0,0
0.0425,318.65,0.6023922646,0.83984375,0.06959808689,0,0
0.043125,318.65,0.6026164289,0.83984375,0.06951789524,0,0
0.04375,318.65,0.6028342955,0.83984375,0.0694398231,0,0
0.044375,318.65,0.6030461261,0.83984375,0.06936378775,0,0
0.045,318.65,0.603252168,0.83984375,0.06928971074,0,0
0.045625,318.65,0.6034526554,0.83984375,0.06921751758,0,0
0.04625,318.65,0.6036478099,0.83984375,0.06914713748,0,0
0.046875,318.65,0.6038378413,0.83984375,0.06907850318,0,0
0.0475,318.65,0.6040229489,0.83984375,0.06901155066,0,0
0.048125,318.65,0.6042033216,0.83984375,0.068946219,0,0
0.04875,318.65,0.6043791386,0.83984375,0.06888245019,0,0
0.049375,318.65,0.6045505705,0.83984375,0.06882018892,1,1
0.05,318.65,0.6047177792,0.83984375,0.06875938249,0,0
0.050625,318.65,0.604880919,0.83984375,0.0686999806,1,1
0.05125,318.65,0.6050401365,0.83984375,0.06864193523,0,0
0.051875,318.65,0.6051955715,0.83984375,0.06858520054,0,0
0.0525,318.65,0.6053473572,0.83984375,0.06852973271,1,1
0.053125,318.65,0.6054956206,0.83984375,0.06847548987,0,0
0.05375,318.65,0.605640483,0.83984375,0.06842243194,0,0
0.054375,318.65,0.60578206,0.83984375,0.0683705206,1,1
0.055,318.65,0.6059204621,0.83984375,0.06831971914,0,0
0.055625,318.65,0.6060557949,0.83984375,0.0682699924,0,0
0.05625,318.65,0.6061881594,0.83984375,0.06822130669,0,0
0.056875,318.65,0.6063176523,0.83984375,0.06817362971,1,1
0.0575,318.65,0.6064443658,0.83984375,0.06812693048,0,0
0.058125,318.65,0.6065683887,0.83984375,0.06808117928,0,0
0.05875,318.65,0.6066898056,0.83984375,0.06803634758,0,0
0.059375,318.65,0.6068086979,0.83984375,0.06799240796,1,1
0.06,318.65,0.6069251434,0.83984375,0.06794933411,1,1
0.060625,318.65,0.607039217,0.83984375,0.06790710072,1,1
0.06125,318.65,0.6071509903,0.83984375,0.06786568346,1,1
0.061875,318.65,0.6072605323,0.83984375,0.06782505894,1,1
0.0625,318.65,0.6073679091,0.83984375,0.06778520464,1,1
0.063125,318.65,0.6074731842,0.83984375,0.06774609889,1,1
0.06375,318.65,0.6075764188,0.83984375,0.06770772083,1,1
0.064375,318.65,0.6076776717,0.83984375,0.06767005036,1,1
0.065,318.65,0.6077769993,0.83984375,0.0676330681,1,1
0.065625,318.65,0.607874456,0.83984375,0.0675967554,1,1
0.06625,318.65,0.6079700943,0.83984375,0.06756109425,1,1
0.066875,318.65,0.6080639645,0.83984375,0.0675260673,1,1
0.0675,318.65,0.6081561151,0.83984375,0.06749165779,1,1
0.068125,318.65,0.6082465931,0.83984375,0.06745784956,1,1
0.06875,318.65,0.6083354436,0.83984375,0.067424627,1,1
0.069375,318.65,0.60842271,0.83984375,0.06739197504,1,1
0.07,318.65,0.6085084344,0.83984375,0.06735987912,1,1
0.070625,318.65,0.6085926573,0.83984375,0.06732832517,1,1
0.07125,318.65,0.6086754177,0.83984375,0.0672972996,1,1
0.071875,318.65,0.6087567535,0.83984375,0.06726678924,1,1
0.0725,318.65,0.6088367011,0.83984375,0.0672367814,1,1
0.073125,318.65,0.6089152958,0.83984375,0.06720726376,1,1
0.07375,318.65,0.6089925716,0.83984375,0.06717822443,1,1
0.074375,318.65,0.6090685614,0.83984375,0.06714965188,1,1
0.075,318.65,0.609143297,0.83984375,0.06712153495,1,1
0.075625,318.65,0.6092168093,0.83984375,0.06709386285,1,1
0.07625,318.65,0.6092891281,0.83984375,0.06706662511,1,1
0.076875,318.65,0.6093602821,0.83984375,0.06703981158,1,1
0.0775,318.65,0.6094302994,0.83984375,0.06701341246,1,1
0.078125,318.65,0.6094992068,0.83984375,0.0669874182,1,1
0.07875,318.65,0.6095670307,0.83984375,0.06696181958,1,1
0.079375,318.65,0.6096337963,0.83984375,0.06693660763,1,1
0.08,318.65,0.6096995282,0.83984375,0.06691177368,1,1
0.005,319.15,0.497698108,0.8359375,0.09355811823,0,0
0.005625,319.15,0.5091583976,0.8359375,0.09214886626,0,0
0.00625,319.15,0.5185901937,0.8359375,0.09078486141,0,0
0.006875,319.15,0.5264865745,0.8359375,0.08949687459,0,0
0.0075,319.15,0.5331932666,0.8359375,0.08829580494,0,0
0.008125,319.15,0.5389597045,0.8359375,0.08718277504,0,0
0.00875,319.15,0.5439702938,0.8359375,0.0861542188,0,0
0.009375,319.15,0.5483642634,0.8359375,0.08520449502,0,0
0.01,319.15,0.5522486787,0.8359375,0.08432723822,0,0
0.010625,319.15,0.5557072076,0.8359375,0.08351604908,0,0
0.01125,319.15,0.5588061733,0.8359375,0.08276483378,0,0
0.011875,319.15,0.5615988217,0.8359375,0.08206795537,0,0
0.0125,319.15,0.5641283903,0.8359375,0.08142028479,0,0
0.013125,319.15,0.5664303515,0.8359375,0.08081719952,0,0
0.01375,319.15,0.5685340799,0.8359375,0.0802545561,0,0
0.014375,319.15,0.5704641075,0.8359375,0.07972865102,0,0
0.015,319.15,0.5722410813,0.8359375,0.07923617795,0,0
0.015625,319.15,0.5738825026,0.8359375,0.07877418537,0,0
0.01625,319.15,0.575403304,0.8359375,0.07834003675,0,0
0.016875,319.15,0.5768163034,0.8359375,0.07793137426,0,0
0.0175,319.15,0.5781325657,0.8359375,0.07754608617,0,0
0.018125,319.15,0.5793616922,0.8359375,0.07718227794,0,0
0.01875,319.15,0.5805120548,0.8359375,0.07683824678,0,0
0.019375,319.15,0.5815909865,0.8359375,0.07651245926,0,0
0.02,319.15,0.582604938,0.8359375,0.0762035318,0,0
0.020625,319.15,0.583559606,0.8359375,0.07591021352,0,0
0.02125,319.15,0.5844600405,0.8359375,0.07563137129,0,0
0.021875,319.15,0.585310734,0.8359375,0.07536597664,0,0
0.0225,319.15,0.5861156962,0.8359375,0.07511309431,0,0
0.023125,319.15,0.5868785172,0.8359375,0.07487187218,0,0
0.02375,319.15,0.5876024211,0.8359375,0.07464153248,0,0
0.024375,319.15,0.5882903113,0.8359375,0.074421364,0,0
0.025,319.15,0.5889448094,0.8359375,0.07421071528,0,0
0.025625,319.15,0.5895682888,0.8359375,0.07400898857,0,0
0.02625,319.15,0.5901629031,0.8359375,0.07381563449,0,0
0.026875,319.15,0.590730611,0.8359375,0.07363014733,0,0
0.0275,319.15,0.5912731982,0.8359375,0.07345206086,0,0
0.028125,319.15,0.5917922956,0.8359375,0.07328094457,0,0
0.02875,319.15,0.592289396,0.8359375,0.07311640038,0,0
0.029375,319.15,0.5927658684,0.8359375,0.0729580597,0,0
0.03,319.15,0.5932229706,0.8359375,0.07280558072,0,0
0.030625,319.15,0.5936618599,0.8359375,0.0726586461,0,0
0.03125,319.15,0.5940836035,0.8359375,0.07251696083,0,0
0.031875,319.15,0.5944891867,0.8359375,0.07238025028,0,0
0.0325,319.15,0.5948795209,0.8359375,0.07224825853,0,0
0.033125,319.15,0.59525545,0.8359375,0.07212074681,0,0
0.03375,319.15,0.5956177569,0.8359375,0.07199749207,0,0
0.034375,319.15,0.5959671687,0.8359375,0.07187828574,0,0
0.035,319.15,0.5963043619,0.8359375,0.07176293259,0,0
0.035625,319.15,0.5966299661,0.8359375,0.07165124964,0,0
0.03625,319.15,0.5969445688,0.8359375,0.0715430653,0,0
0.036875,319.15,0.5972487181,0.8359375,0.07143821842,0,0
0.0375,319.15,0.5975429266,0.8359375,0.07133655756,0,0
0.038125,319.15,0.5978276736,0.8359375,0.07123794028,0,0
0.03875,319.15,0.5981034084,0.8359375,0.07114223243,0,0
0.039375,319.15,0.598370552,0.8359375,0.07104930764,0,0
0.04,319.15,0.5986294999,0.8359375,0.07095904669,0,0
0.040625,319.15,0.5988806234,0.8359375,0.07087133705,0,0
0.04125,319.15,0.5991242719,0.8359375,0.07078607244,0,0
0.041875,319.15,0.5993607742,0.8359375,0.07070315236,0,0
0.0425,319.15,0.5995904401,0.8359375,0.07062248172,0,0
0.043125,319.15,0.5998135618,0.8359375,0.0705439705,0,0
0.04375,319.15,0.6000304151,0.8359375,0.07046753339,0,0
0.044375,319.15,0.6002412604,0.8359375,0.07039308952,0,0
0.045,319.15,0.600446344,0.8359375,0.07032056213,0,0
0.045625,319.15,0.6006458989,0.8359375,0.07024987836,0,0
0.04625,319.15,0.6008401456,0.8359375,0.07018096899,0,0
0.046875,319.15,0.6010292932,0.8359375,0.07011376819,0,0
0.0475,319.15,0.6012135399,0.8359375,0.07004821336,0,0
0.048125,319.15,0.6013930736,0.8359375,0.06998424489,1,1
0.04875,319.15,0.6015680728,0.8359375,0.06992180604,0,0
0.049375,319.15,0.6017387074,0.8359375,0.06986084271,1,1
0.05,319.15,0.6019051384,0.8359375,0.06980130331,0,0
0.050625,319.15,0.6020675193,0.8359375,0.06974313866,0,0
0.05125,319.15,0.6022259963,0.8359375,0.06968630176,1,1
0.051875,319.15,0.6023807083,0.8359375,0.06963074778,0,0
0.0525,319.15,0.6025317881,0.8359375,0.06957643383,0,0
0.053125,319.15,0.6026793619,0.8359375,0.06952331895,1,1
0.05375,319.15,0.6028235505,0.8359375,0.06947136392,0,0
0.054375,319.15,0.602964469,0.8359375,0.06942053124,0,0
0.055,319.15,0.6031022274,0.8359375,0.069370785,1,1
0.055625,319.15,0.6032369307,0.8359375,0.0693220908,0,0
0.05625,319.15,0.6033686796,0.8359375,0.06927441565,0,0
0.056875,319.15,0.6034975702,0.8359375,0.06922772797,0,0
0.0575,319.15,0.6036236944,0.8359375,0.06918199744,1,1
0.058125,319.15,0.6037471404,0.8359375,0.06913719496,0,0
0.05875,319.15,0.6038679925,0.8359375,0.06909329262,0,0
0.059375,319.15,0.6039863318,0.8359375,0.06905026359,0,0
0.06,319.15,0.6041022357,0.8359375,0.06900808212,1,1
0.060625,319.15,0.6042157787,0.8359375,0.06896672344,1,1
0.06125,319.15,0.6043270322,0.8359375,0.06892616375,1,1
0.061875,319.15,0.6044360647,0.8359375,0.06888638014,1,1
0.0625,319.15,0.604542942,0.8359375,0.06884735058,1,1
0.063125,319.15,0.6046477275,0.8359375,0.06880905387,1,1
0.06375,319.15,0.604750482,0.8359375,0.06877146957,1,1
0.064375,319.15,0.6048512639,0.8359375,0.06873457803,1,1
0.065,319.15,0.6049501295,0.8359375,0.06869836028,1,1
0.065625,319.15,0.605047133,0.8359375,0.06866279806,1,1
0.06625,319.15,0.6051423264,0.8359375,0.06862787375,1,1
0.066875,319.15,0.60523576,0.8359375,0.06859357035,1,1
0.0675,319.15,0.605327482,0.8359375,0.06855987148,1,1
0.068125,319.15,0.6054175392,0.8359375,0.06852676131,1,1
0.06875,319.15,0.6055059764,0.8359375,0.06849422457,1,1
0.069375,319.15,0.605592837,0.8359375,0.06846224649,1,1
0.07,319.15,0.6056781626,0.8359375,0.06843081284,1,1
0.070625,319.15,0.6057619938,0.8359375,0.06839990984,1,1
0.07125,319.15,0.6058443693,0.8359375,0.06836952417,1,1
0.071875,319.15,0.6059253268,0.8359375,0.06833964298,1,1
0.0725,319.15,0.6060049025,0.8359375,0.0683102538,1,1
0.073125,319.15,0.6060831316,0.8359375,0.06828134461,1,1
0.07375,319.15,0.606160048,0.8359375,0.06825290374,1,1
0.074375,319.15,0.6062356843,0.8359375,0.06822491992,1,1
0.075,319.15,0.6063100724,0.8359375,0.06819738223,1,1
0.075625,319.15,0.6063832428,0.8359375,0.0681702801,1,1
0.07625,319.15,0.6064552252,0.8359375,0.06814360328,1,1
0.076875,319.15,0.6065260483,0.8359375,0.06811734184,1,1
0.0775,319.15,0.6065957398,0.8359375,0.06809148618,1,1
0.078125,319.15,0.6066643268,0.8359375,0.06806602695,1,1
0.07875,319.15,0.6067318352,0.8359375,0.06804095513,1,1
0.079375,319.15,0.6067982903,0.8359375,0.06801626194,1,1
0.08,319.15,0.6068637165,0.8359375,0.06799193888,1,1
0.005,319.65,0.4953724159,0.83203125,0.09397858375,0,0
0.005625,319.65,0.5067791528,0.83203125,0.09262025652,0,0
0.00625,319.65,0.516166875,0.83203125,0.09130073311,0,0
0.006875,319.65,0.5240263569,0.83203125,0.09005184042,0,0
0.0075,319.65,0.5307017092,0.83203125,0.08888534476,0,0
0.008125,319.65,0.5364412012,0.83203125,0.08780307541,0,0
0.00875,319.65,0.5414283765,0.83203125,0.08680204217,0,0
0.009375,319.65,0.5458018136,0.83203125,0.08587707482,0,0
0.01,319.65,0.5496680774,0.83203125,0.08502219513,0,0
0.010625,319.65,0.5531104449,0.83203125,0.08423132415,0,0
0.01125,319.65,0.5561949295,0.83203125,0.08349863481,0,0
0.011875,319.65,0.5589745282,0.83203125,0.0828187137,0,0
0.0125,319.65,0.5614922763,0.83203125,0.08218662029,0,0
0.013125,319.65,0.5637834807,0.83203125,0.081597892,0,0
0.01375,319.65,0.5658773786,0.83203125,0.08104852184,0,0
0.014375,319.65,0.5677983874,0.83203125,0.0805349234,0,0
0.015,319.65,0.5695670575,0.83203125,0.08005389135,0,0
0.015625,319.65,0.5712008086,0.83203125,0.07960256169,0,0
0.01625,319.65,0.5727145035,0.83203125,0.07917837411,0,0
0.016875,319.65,0.5741209001,0.83203125,0.07877903744,0,0
0.0175,319.65,0.5754310117,0.83203125,0.07840249848,0,0
0.018125,319.65,0.5766543946,0.83203125,0.07804691428,0,0
0.01875,319.65,0.5777993816,0.83203125,0.07771062771,0,0
0.019375,319.65,0.5788732716,0.83203125,0.0773921459,0,0
0.02,319.65,0.579882485,0.83203125,0.07709012137,0,0
0.020625,319.65,0.5808326919,0.83203125,0.07680333554,0,0
0.02125,319.65,0.5817289188,0.83203125,0.0765306842,0,0
0.021875,319.65,0.5825756371,0.83203125,0.0762711649,0,0
0.0225,319.65,0.5833768378,0.83203125,0.07602386582,0,0
0.023125,319.65,0.5841360942,0.83203125,0.07578795603,0,0
0.02375,319.65,0.5848566154,0.83203125,0.07556267696,0,0
0.024375,319.65,0.5855412911,0.83203125,0.07534733482,0,0
0.025,319.65,0.5861927309,0.83203125,0.075141294,0,0
0.025625,319.65,0.5868132968,0.83203125,0.07494397122,0,0
0.02625,319.65,0.5874051325,0.83203125,0.07475483034,0,0
0.026875,319.65,0.5879701876,0.83203125,0.07457337773,0,0
0.0275,319.65,0.5885102393,0.83203125,0.07439915826,0,0
0.028125,319.65,0.589026911,0.83203125,0.07423175163,0,0
0.02875,319.65,0.5895216885,0.83203125,0.07407076916,0,0
0.029375,319.65,0.5899959345,0.83203125,0.0739158509,0,0
0.03,319.65,0.5904509006,0.83203125,0.07376666306,0,0
0.030625,319.65,0.590887739,0.83203125,0.0736228957,0,0
0.03125,319.65,0.5913075119,0.83203125,0.07348426065,0,0
0.031875,319.65,0.5917111999,0.83203125,0.07335048965,0,0
0.0325,319.65,0.5920997101,0.83203125,0.07322133269,0,0
0.033125,319.65,0.5924738825,0.83203125,0.07309655648,0,0
0.03375,319.65,0.5928344963,0.83203125,0.07297594309,0,0
0.034375,319.65,0.5931822754,0.83203125,0.07285928875,0,0
0.035,319.65,0.5935178929,0.83203125,0.07274640264,0,0
0.035625,319.65,0.5938419756,0.83203125,0.07263710599,0,0
0.03625,319.65,0.5941551082,0.83203125,0.07253123107,0,0
0.036875,319.65,0.5944578363,0.83203125,0.07242862041,0,0
0.0375,319.65,0.5947506699,0.83203125,0.07232912598,0,0
0.038125,319.65,0.5950340863,0.83203125,0.07223260854,0,0
0.03875,319.65,0.5953085326,0.83203125,0.07213893699,0,0
0.039375,319.65,0.595574428,0.83203125,0.07204798777,0,0
0.04,319.65,0.5958321658,0.83203125,0.07195964435,0,0
0.040625,319.65,0.5960821158,0.83203125,0.07187379673,0,0
0.04125,319.65,0.5963246258,0.83203125,0.07179034098,0,0
0.041875,319.65,0.5965600229,0.83203125,0.07170917884,0,0
0.0425,319.65,0.5967886156,0.83203125,0.07163021736,0,0
0.043125,319.65,0.5970106947,0.83203125,0.07155336851,0,0
0.04375,319.65,0.5972265346,0.83203125,0.07147854888,0,0
0.044375,319.65,0.5974363947,0.83203125,0.07140567938,0,0
0.045,319.65,0.59764052,0.83203125,0.07133468496,0,0
0.045625,319.65,0.5978391424,0.83203125,0.07126549437,0,0
0.04625,319.65,0.5980324814,0.83203125,0.07119803991,0,0
0.046875,319.65,0.5982207451,0.83203125,0.07113225721,0,0
0.0475,319.65,0.5984041308,0.83203125,0.07106808505,0,0
0.048125,319.65,0.5985828255,0.83203125,0.07100546513,1,1
0.04875,319.65,0.5987570071,0.83203125,0.07094434194,0,0
0.049375,319.65,0.5989268442,0.83203125,0.07088466259,1,1
0.05,319.65,0.5990924975,0.83203125,0.07082637662,0,0
0.050625,319.65,0.5992541197,0.83203125,0.0707694359,0,0
0.05125,319.65,0.5994118561,0.83203125,0.07071379449,1,1
0.051875,319.65,0.5995658452,0.83203125,0.07065940852,0,0
0.0525,319.65,0.599716219,0.83203125,0.07060623605,0,0
0.053125,319.65,0.5998631032,0.83203125,0.070554237,1,1
0.05375,319.65,0.600006618,0.83203125,0.07050337302,0,0
0.054375,319.65,0.600146878,0.83203125,0.07045360741,0,0
0.055,319.65,0.6002839926,0.83203125,0.07040490505,0,0
0.055625,319.65,0.6004180666,0.83203125,0.07035723227,0,0
0.05625,319.65,0.6005491998,0.83203125,0.07031055684,0,0
0.056875,319.65,0.6006774881,0.83203125,0.07026484782,0,0
0.0575,319.65,0.6008030229,0.83203125,0.07022007556,0,0
0.058125,319.65,0.600925892,0.83203125,0.07017621161,0,0
0.05875,319.65,0.6010461795,0.83203125,0.07013322864,0,0
0.059375,319.65,0.6011639658,0.83203125,0.07009110041,0,0
0.06,319.65,0.6012793281,0.83203125,0.07004980172,1,1
0.060625,319.65,0.6013923405,0.83203125,0.07000930835,1,1
0.06125,319.65,0.6015030741,0.83203125,0.069969597,1,1
0.061875,319.65,0.6016115971,0.83203125,0.06993064526,1,1
0.0625,319.65,0.601717975,0.83203125,0.06989243157,1,1
0.063125,319.65,0.6018222709,0.83203125,0.06985493519,1,1
0.06375,319.65,0.6019245452,0.83203125,0.06981813613,1,1
0.064375,319.65,0.6020248562,0.83203125,0.06978201514,1,1
0.065,319.65,0.6021232598,0.83203125,0.06974655368,1,1
0.065625,319.65,0.6022198099,0.83203125,0.06971173387,1,1
0.06625,319.65,0.6023145585,0.83203125,0.06967753847,1,1
0.066875,319.65,0.6024075555,0.83203125,0.06964395085,1,1
0.0675,319.65,0.6024988489,0.83203125,0.06961095498,1,1
0.068125,319.65,0.6025884853,0.83203125,0.06957853536,1,1
0.06875,319.65,0.6026765092,0.83203125,0.06954667705,1,1
0.069375,319.65,0.6027629639,0.83203125,0.06951536561,1,1
0.07,319.65,0.6028478908,0.83203125,0.0694845871,1,1
0.070625,319.65,0.6029313302,0.83203125,0.06945432805,1,1
0.07125,319.65,0.6030133208,0.83203125,0.06942457541,1,1
0.071875,319.65,0.6030939,0.83203125,0.0693953166,1,1
0.0725,319.65,0.6031731039,0.83203125,0.06936653944,1,1
0.073125,319.65,0.6032509675,0.83203125,0.06933823214,1,1
0.07375,319.65,0.6033275244,0.83203125,0.06931038331,1,1
0.074375,319.65,0.6034028073,0.83203125,0.06928298189,1,1
0.075,319.65,0.6034768477,0.83203125,0.06925601721,1,1
0.075625,319.65,0.6035496762,0.83203125,0.06922947891,1,1
0.07625,319.65,0.6036213223,0.83203125,0.06920335698,1,1
0.076875,319.65,0.6036918144,0.83203125,0.06917764169,1,1
0.0775,319.65,0.6037611803,0.83203125,0.06915232364,1,1
0.078125,319.65,0.6038294468,0.83203125,0.06912739369,1,1
0.07875,319.65,0.6038966397,0.83203125,0.069102843,1,1
0.079375,319.65,0.6039627842,0.83203125,0.06907866299,1,1
0.08,319.65,0.6040279047,0.83203125,0.06905484533,1,1
0.005,320.15,0.4930467238,0.828125,0.09438885448,0,0
0.005625,320.15,0.5043999079,0.828125,0.09308088395,0,0
0.00625,320.15,0.5137435564,0.828125,0.09180535016,0,0
0.006875,320.15,0.5215661392,0.828125,0.09059512199,0,0
0.0075,320.15,0.5282101519,0.828125,0.08946282208,0,0
0.008125,320.15,0.5339226979,0.828125,0.08841097789,0,0
0.00875,320.15,0.5388864592,0.828125,0.08743716831,0,0
0.009375,320.15,0.5432393638,0.828125,0.08653668865,0,0
0.01,320.15,0.547087476,0.828125,0.08570394352,0,0
0.010625,320.15,0.5505136823,0.828125,0.08493317073,0,0
0.01125,320.15,0.5535836857,0.828125,0.08421880697,0,0
0.011875,320.15,0.5563502346,0.828125,0.08355565989,0,0
0.0125,320.15,0.5588561623,0.828125,0.08293897539,0,0
0.013125,320.15,0.5611366099,0.828125,0.08236444906,0,0
0.01375,320.15,0.5632206773,0.828125,0.08182820889,0,0
0.014375,320.15,0.5651326672,0.828125,0.08132678431,0,0
0.015,320.15,0.5668930338,0.828125,0.08085706986,0,0
0.015625,320.15,0.5685191147,0.828125,0.08041628813,0,0
0.01625,320.15,0.570025703,0.828125,0.08000195418,0,0
0.016875,320.15,0.5714254968,0.828125,0.07961184278,0,0
0.0175,320.15,0.5727294576,0.828125,0.07924395861,0,0
0.018125,320.15,0.573947097,0.828125,0.07889650979,0,0
0.01875,320.15,0.5750867085,0.828125,0.07856788433,0,0
0.019375,320.15,0.5761555567,0.828125,0.07825662948,0,0
0.02,320.15,0.577160032,0.828125,0.07796143348,0,0
0.020625,320.15,0.5781057779,0.828125,0.07768110968,0,0
0.02125,320.15,0.5789977971,0.828125,0.0774145825,0,0
0.021875,320.15,0.5798405402,0.828125,0.07716087522,0,0
0.0225,320.15,0.5806379794,0.828125,0.07691909922,0,0
0.023125,320.15,0.5813936713,0.828125,0.07668844452,0,0
0.02375,320.15,0.5821108097,0.828125,0.07646817152,0,0
0.024375,320.15,0.582792271,0.828125,0.07625760368,0,0
0.025,320.15,0.5834406523,0.828125,0.0760561211,0,0
0.025625,320.15,0.5840583048,0.828125,0.07586315479,0,0
0.02625,320.15,0.5846473619,0.828125,0.07567818168,0,0
0.026875,320.15,0.5852097642,0.828125,0.07550072012,0,0
0.0275,320.15,0.5857472804,0.828125,0.07533032596,0,0
0.028125,320.15,0.5862615265,0.828125,0.075166589,0,0
0.02875,320.15,0.5867539811,0.828125,0.07500912984,0,0
0.029375,320.15,0.5872260005,0.828125,0.07485759711,0,0
0.03,320.15,0.5876788306,0.828125,0.07471166493,0,0
0.030625,320.15,0.5881136182,0.828125,0.07457103067,0,0
0.03125,320.15,0.5885314203,0.828125,0.07443541295,0,0
0.031875,320.15,0.588933213,0.828125,0.0743045498,0,0
0.0325,320.15,0.5893198992,0.828125,0.07417819705,0,0
0.033125,320.15,0.5896923149,0.828125,0.07405612685,0,0
0.03375,320.15,0.5900512358,0.828125,0.07393812634,0,0
0.034375,320.15,0.5903973821,0.828125,0.07382399645,0,0
0.035,320.15,0.5907314239,0.828125,0.07371355079,0,0
0.035625,320.15,0.5910539851,0.828125,0.07360661469,0,0
0.03625,320.15,0.5913656476,0.828125,0.07350302429,0,0
0.036875,320.15,0.5916669544,0.828125,0.07340262572,0,0
0.0375,320.15,0.5919584132,0.828125,0.07330527435,0,0
0.038125,320.15,0.5922404991,0.828125,0.07321083411,0,0
0.03875,320.15,0.5925136569,0.828125,0.07311917688,0,0
0.039375,320.15,0.5927783039,0.828125,0.07303018193,0,0
0.04,320.15,0.5930348317,0.828125,0.07294373535,0,0
0.040625,320.15,0.5932836082,0.828125,0.07285972965,0,0
0.04125,320.15,0.5935249796,0.828125,0.07277806324,0,0
0.041875,320.15,0.5937592716,0.828125,0.07269864008,0,0
0.0425,320.15,0.5939867911,0.828125,0.07262136932,0,0
0.043125,320.15,0.5942078276,0.828125,0.0725461649,0,0
0.04375,320.15,0.5944226542,0.828125,0.07247294529,0,0
0.044375,320.15,0.594631529,0.828125,0.07240163317,0,0
0.045,320.15,0.5948346959,0.828125,0.07233215518,0,0
0.045625,320.15,0.5950323858,0.828125,0.07226444165,0,0
0.04625,320.15,0.5952248172,0.828125,0.07219842641,0,0
0.046875,320.15,0.595412197,0.828125,0.07213404651,0,0
0.0475,320.15,0.5955947217,0.828125,0.07207124208,0,0
0.048125,320.15,0.5957725775,0.828125,0.07200995616,1,1
0.04875,320.15,0.5959459413,0.828125,0.07195013444,0,0
0.049375,320.15,0.5961149811,0.828125,0.07189172521,0,0
0.05,320.15,0.5962798567,0.828125,0.07183467913,1,1
0.050625,320.15,0.5964407201,0.828125,0.07177894914,0,0
0.05125,320.15,0.596597716,0.828125,0.07172449032,0,0
0.051875,320.15,0.5967509821,0.828125,0.07167125975,0,0
0.0525,320.15,0.5969006499,0.828125,0.07161921643,0,0
0.053125,320.15,0.5970468445,0.828125,0.07156832117,0,0
0.05375,320.15,0.5971896855,0.828125,0.07151853645,1,1
0.054375,320.15,0.597329287,0.828125,0.07146982639,0,0
0.055,320.15,0.5974657579,0.828125,0.07142215664,0,0
0.055625,320.15,0.5975992024,0.828125,0.07137549427,1,1
0.05625,320.15,0.59772972,0.828125,0.07132980775,0,0
0.056875,320.15,0.5978574059,0.828125,0.07128506683,0,0
0.0575,320.15,0.5979823514,0.828125,0.0712412425,0,0
0.058125,320.15,0.5981046437,0.828125,0.07119830694,0,0
0.05875,320.15,0.5982243664,0.828125,0.07115623341,0,0
0.059375,320.15,0.5983415997,0.828125,0.07111499626,0,0
0.06,320.15,0.5984564205,0.828125,0.07107457082,1,1
0.060625,320.15,0.5985689023,0.828125,0.07103493341,1,1
0.06125,320.15,0.598679116,0.828125,0.07099606124,1,1
0.061875,320.15,0.5987871295,0.828125,0.07095793239,1,1
0.0625,320.15,0.598893008,0.828125,0.07092052576,1,1
0.063125,320.15,0.5989968142,0.828125,0.07088382107,1,1
0.06375,320.15,0.5990986084,0.828125,0.07084779877,1,1
0.064375,320.15,0.5991984484,0.828125,0.07081244001,1,1
0.065,320.15,0.59929639,0.828125,0.07077772667,1,1
0.065625,320.15,0.5993924869,0.828125,0.07074364125,1,1
0.06625,320.15,0.5994867906,0.828125,0.07071016689,1,1
0.066875,320.15,0.599579351,0.828125,0.07067728732,1,1
0.0675,320.15,0.5996702159,0.828125,0.07064498685,1,1
0.068125,320.15,0.5997594314,0.828125,0.07061325032,1,1
0.06875,320.15,0.5998470421,0.828125,0.07058206312,1,1
0.069375,320.15,0.5999330908,0.828125,0.07055141113,1,1
0.07,320.15,0.6000176191,0.828125,0.07052128068,1,1
0.070625,320.15,0.6001006667,0.828125,0.07049165861,1,1
0.07125,320.15,0.6001822724,0.828125,0.07046253217,1,1
0.071875,320.15,0.6002624732,0.828125,0.07043388903,1,1
0.0725,320.15,0.6003413053,0.828125,0.07040571727,1,1
0.073125,320.15,0.6004188033,0.828125,0.07037800537,1,1
0.07375,320.15,0.6004950008,0.828125,0.07035074216,1,1
0.074375,320.15,0.6005699303,0.828125,0.07032391686,1,1
0.075,320.15,0.6006436231,0.828125,0.070297519,1,1
0.075625,320.15,0.6007161097,0.828125,0.07027153845,1,1
0.07625,320.15,0.6007874193,0.828125,0.07024596541,1,1
0.076875,320.15,0.6008575805,0.828125,0.07022079037,1,1
0.0775,320.15,0.6009266208,0.828125,0.07019600412,1,1
0.078125,320.15,0.6009945667,0.828125,0.07017159773,1,1
0.07875,320.15,0.6010614442,0.828125,0.07014756255,1,1
0.079375,320.15,0.6011272782,0.828125,0.07012389017,1,1
0.08,320.15,0.601192093,0.828125,0.07010057244,1,1
0.005,320.65,0.4907210317,0.82421875,0.09478896895,0,0
0.005625,320.65,0.5020206631,0.82421875,0.09353078991,0,0
0.00625,320.65,0.5113202377,0.82421875,0.09229875642,0,0
0.006875,320.65,0.5191059216,0.82421875,0.09112676543,0,0
0.0075,320.65,0.5257185946,0.82421875,0.09002828508,0,0
0.008125,320.65,0.5314041946,0.82421875,0.08900653248,0,0
0.00875,320.65,0.536344542,0.82421875,0.08805964887,0,0
0.009375,320.65,0.540676914,0.82421875,0.08718338968,0,0
0.01,320.65,0.5445068747,0.82421875,0.08637253794,0,0
0.010625,320.65,0.5479169196,0.82421875,0.08562164461,0,0
0.01125,320.65,0.5509724419,0.82421875,0.0849254072,0,0
0.011875,320.65,0.553725941,0.82421875,0.08427885193,0,0
0.0125,320.65,0.5562200483,0.82421875,0.08367740905,0,0
0.013125,320.65,0.5584897391,0.82421875,0.08311693059,0,0
0.01375,320.65,0.560563976,0.82421875,0.08259367802,0,0
0.014375,320.65,0.5624669471,0.82421875,0.0821042953,0,0
0.015,320.65,0.56421901,0.82421875,0.08164577578,0,0
0.015625,320.65,0.5658374208,0.82421875,0.08121542766,0,0
0.01625,320.65,0.5673369025,0.82421875,0.08081084058,0,0
0.016875,320.65,0.5687300936,0.82421875,0.08042985451,0,0
0.0175,320.65,0.5700279036,0.82421875,0.08007053139,0,0
0.018125,320.65,0.5712397993,0.82421875,0.07973112983,0,0
0.01875,320.65,0.5723740353,0.82421875,0.07941008251,0,0
0.019375,320.65,0.5734378419,0.82421875,0.07910597635,0,0
0.02,320.65,0.574437579,0.82421875,0.07881753493,0,0
0.020625,320.65,0.5753788638,0.82421875,0.07854360319,0,0
0.02125,320.65,0.5762666755,0.82421875,0.07828313386,0,0
0.021875,320.65,0.5771054433,0.82421875,0.07803517566,0,0
0.0225,320.65,0.577899121,0.82421875,0.07779886292,0,0
0.023125,320.65,0.5786512483,0.82421875,0.0775734064,0,0
0.02375,320.65,0.579365004,0.82421875,0.07735808527,0,0
0.024375,320.65,0.5800432508,0.82421875,0.07715224004,0,0
0.025,320.65,0.5806885738,0.82421875,0.07695526634,0,0
0.025625,320.65,0.5813033128,0.82421875,0.07676660932,0,0
0.02625,320.65,0.5818895913,0.82421875,0.07658575884,0,0
0.026875,320.65,0.5824493408,0.82421875,0.07641224511,0,0
0.0275,320.65,0.5829843216,0.82421875,0.07624563484,0,0
0.028125,320.65,0.5834961419,0.82421875,0.0760855278,0,0
0.02875,320.65,0.5839862736,0.82421875,0.0759315538,0,0
0.029375,320.65,0.5844560665,0.82421875,0.07578336993,0,0
0.03,320.65,0.5849067607,0.82421875,0.07564065814,0,0
0.030625,320.65,0.5853394974,0.82421875,0.07550312305,0,0
0.03125,320.65,0.5857553287,0.82421875,0.07537048998,0,0
0.031875,320.65,0.5861552262,0.82421875,0.07524250318,0,0
0.0325,320.65,0.5865400884,0.82421875,0.07511892427,0,0
0.033125,320.65,0.5869107474,0.82421875,0.07499953077,0,0
0.03375,320.65,0.5872679752,0.82421875,0.07488411483,0,0
0.034375,320.65,0.5876124888,0.82421875,0.07477248204,0,0
0.035,320.65,0.5879449549,0.82421875,0.07466445039,0,0
0.035625,320.65,0.5882659946,0.82421875,0.07455984927,0,0
0.03625,320.65,0.588576187,0.82421875,0.07445851864,0,0
0.036875,320.65,0.5888760725,0.82421875,0.07436030819,0,0
0.0375,320.65,0.5891661566,0.82421875,0.07426507666,0,0
0.038125,320.65,0.5894469118,0.82421875,0.07417269111,0,0
0.03875,320.65,0.5897187812,0.82421875,0.07408302639,0,0
0.039375,320.65,0.5899821798,0.82421875,0.07399596452,0,0
0.04,320.65,0.5902374976,0.82421875,0.07391139424,0,0
0.040625,320.65,0.5904851007,0.82421875,0.07382921049,0,0
0.04125,320.65,0.5907253335,0.82421875,0.07374931403,0,0
0.041875,320.65,0.5909585203,0.82421875,0.07367161101,0,0
0.0425,320.65,0.5911849666,0.82421875,0.07359601264,0,0
0.043125,320.65,0.5914049604,0.82421875,0.07352243483,0,0
0.04375,320.65,0.5916187737,0.82421875,0.0734507979,0,0
0.044375,320.65,0.5918266633,0.82421875,0.07338102629,0,0
0.045,320.65,0.5920288719,0.82421875,0.07331304829,0,0
0.045625,320.65,0.5922256293,0.82421875,0.07324679582,0,0
0.04625,320.65,0.5924171529,0.82421875,0.07318220418,0,0
0.046875,320.65,0.5926036489,0.82421875,0.07311921187,0,0
0.0475,320.65,0.5927853127,0.82421875,0.07305776037,0,0
0.048125,320.65,0.5929623295,0.82421875,0.07299779397,0,0
0.04875,320.65,0.5931348756,0.82421875,0.07293925962,0,0
0.049375,320.65,0.593303118,0.82421875,0.07288210674,0,0
0.05,320.65,0.5934672159,0.82421875,0.07282628711,1,1
0.050625,320.65,0.5936273205,0.82421875,0.07277175472,0,0
0.05125,320.65,0.5937835758,0.82421875,0.07271846566,0,0
0.051875,320.65,0.593936119,0.82421875,0.07266637797,1,1
0.0525,320.65,0.5940850808,0.82421875,0.07261545157,0,0
0.053125,320.65,0.5942305858,0.82421875,0.07256564812,0,0
0.05375,320.65,0.5943727531,0.82421875,0.07251693097,1,1
0.054375,320.65,0.5945116961,0.82421875,0.07246926502,0,0
0.055,320.65,0.5946475232,0.82421875,0.07242261668,0,0
0.055625,320.65,0.5947803382,0.82421875,0.07237695376,0,0
0.05625,320.65,0.5949102402,0.82421875,0.07233224543,1,1
0.056875,320.65,0.5950373238,0.82421875,0.07228846211,0,0
0.0575,320.65,0.59516168,0.82421875,0.07224557543,0,0
0.058125,320.65,0.5952833954,0.82421875,0.07220355819,0,0
0.05875,320.65,0.5954025534,0.82421875,0.07216238424,0,0
0.059375,320.65,0.5955192337,0.82421875,0.0721220285,0,0
0.06,320.65,0.5956335128,0.82421875,0.07208246685,1,1
0.060625,320.65,0.5957454641,0.82421875,0.07204367612,1,1
0.06125,320.65,0.5958551579,0.82421875,0.07200563403,1,1
0.061875,320.65,0.5959626619,0.82421875,0.07196831914,1,1
0.0625,320.65,0.596068041,0.82421875,0.07193171083,1,1
0.063125,320.65,0.5961713575,0.82421875,0.07189578924,1,1
0.06375,320.65,0.5962726715,0.82421875,0.07186053526,1,1
0.064375,320.65,0.5963720406,0.82421875,0.07182593048,1,1
0.065,320.65,0.5964695202,0.82421875,0.07179195714,1,1
0.065625,320.65,0.5965651638,0.82421875,0.07175859815,1,1
0.06625,320.65,0.5966590228,0.82421875,0.071725837,1,1
0.066875,320.65,0.5967511465,0.82421875,0.0716936578,1,1
0.0675,320.65,0.5968415828,0.82421875,0.07166204519,1,1
0.068125,320.65,0.5969303774,0.82421875,0.07163098435,1,1
0.06875,320.65,0.5970175749,0.82421875,0.07160046098,1,1
0.069375,320.65,0.5971032177,0.82421875,0.07157046127,1,1
0.07,320.65,0.5971873473,0.82421875,0.07154097186,1,1
0.070625,320.65,0.5972700032,0.82421875,0.07151197987,1,1
0.07125,320.65,0.5973512239,0.82421875,0.07148347282,1,1
0.071875,320.65,0.5974310465,0.82421875,0.07145543867,1,1
0.0725,320.65,0.5975095067,0.82421875,0.07142786575,1,1
0.073125,320.65,0.5975866391,0.82421875,0.07140074279,1,1
0.07375,320.65,0.5976624772,0.82421875,0.07137405886,1,1
0.074375,320.65,0.5977370532,0.82421875,0.07134780342,1,1
0.075,320.65,0.5978103985,0.82421875,0.07132196622,1,1
0.075625,320.65,0.5978825431,0.82421875,0.07129653737,1,1
0.07625,320.65,0.5979535164,0.82421875,0.07127150727,1,1
0.076875,320.65,0.5980233467,0.82421875,0.07124686662,1,1
0.0775,320.65,0.5980920612,0.82421875,0.0712226064,1,1
0.078125,320.65,0.5981596867,0.82421875,0.0711987179,1,1
0.07875,320.65,0.5982262487,0.82421875,0.07117519262,1,1
0.079375,320.65,0.5982917722,0.82421875,0.07115202237,1,1
0.08,320.65,0.5983562812,0.82421875,0.07112919916,1,1
0.005,321.15,0.4883953396,0.8203125,0.09517896544,0,0
0.005625,321.15,0.4996414182,0.8203125,0.09397001553,0,0
0.00625,321.15,0.508896919,0.8203125,0.09278099556,0,0
0.006875,321.15,0.5166457039,0.8203125,0.09164681666,0,0
0.0075,321.15,0.5232270373,0.8203125,0.09058178167,0,0
0.008125,321.15,0.5288856913,0.8203125,0.08958978891,0,0
0.00875,321.15,0.5338026247,0.8203125,0.08866953523,0,0
0.009375,321.15,0.5381144641,0.8203125,0.08781723076,0,0
0.01,321.15,0.5419262734,0.8203125,0.08702803261,0,0
0.010625,321.15,0.545320157,0.8203125,0.08629680129,0,0
0.01125,321.15,0.5483611981,0.8203125,0.08561849214,0,0
0.011875,321.15,0.5511016475,0.8203125,0.08498834752,0,0
0.0125,321.15,0.5535839344,0.8203125,0.08440197996,0,0
0.013125,321.15,0.5558428683,0.8203125,0.08385539617,0,0
0.01375,321.15,0.5579072747,0.8203125,0.08334498962,0,0
0.014375,321.15,0.559801227,0.8203125,0.08286751756,0,0
0.015,321.15,0.5615449863,0.8203125,0.08242007102,0,0
0.015625,321.15,0.5631557268,0.8203125,0.08200004289,0,0
0.01625,321.15,0.564648102,0.8203125,0.08160509656,0,0
0.016875,321.15,0.5660346903,0.8203125,0.08123313648,0,0
0.0175,321.15,0.5673263496,0.8203125,0.08088228123,0,0
0.018125,321.15,0.5685325017,0.8203125,0.08055083935,0,0
0.01875,321.15,0.5696613622,0.8203125,0.08023728771,0,0
0.019375,321.15,0.570720127,0.8203125,0.07994025245,0,0
0.02,321.15,0.5717151261,0.8203125,0.07965849213,0,0
0.020625,321.15,0.5726519498,0.8203125,0.0793908829,0,0
0.02125,321.15,0.5735355538,0.8203125,0.07913640551,0,0
0.021875,321.15,0.5743703464,0.8203125,0.07889413385,0,0
0.0225,321.15,0.5751602626,0.8203125,0.07866322494,0,0
0.023125,321.15,0.5759088253,0.8203125,0.07844291004,0,0
0.02375,321.15,0.5766191983,0.8203125,0.07823248691,0,0
0.024375,321.15,0.5772942307,0.8203125,0.07803131293,0,0
0.025,321.15,0.5779364952,0.8203125,0.07783879904,0,0
0.025625,321.15,0.5785483208,0.8203125,0.07765440443,0,0
0.02625,321.15,0.5791318208,0.8203125,0.07747763174,0,0
0.026875,321.15,0.5796889173,0.8203125,0.0773080229,0,0
0.0275,321.15,0.5802213627,0.8203125,0.07714515534,0,0
0.028125,321.15,0.5807307573,0.8203125,0.07698863874,0,0
0.02875,321.15,0.5812185662,0.8203125,0.07683811198,0,0
0.029375,321.15,0.5816861326,0.8203125,0.07669324053,0,0
0.03,321.15,0.5821346907,0.8203125,0.0765537141,0,0
0.030625,321.15,0.5825653765,0.8203125,0.07641924446,0,0
0.03125,321.15,0.5829792371,0.8203125,0.07628956356,0,0
0.031875,321.15,0.5833772393,0.8203125,0.07616442182,0,0
0.0325,321.15,0.5837602775,0.8203125,0.07604358657,0,0
0.033125,321.15,0.5841291799,0.8203125,0.07592684064,0,0
0.03375,321.15,0.5844847147,0.8203125,0.07581398114,0,0
0.034375,321.15,0.5848275955,0.8203125,0.07570481829,0,0
0.035,321.15,0.5851584859,0.8203125,0.07559917437,0,0
0.035625,321.15,0.5854780041,0.8203125,0.07549688282,0,0
0.03625,321.15,0.5857867264,0.8203125,0.07539778736,0,0
0.036875,321.15,0.5860851907,0.8203125,0.07530174123,0,0
0.0375,321.15,0.5863738999,0.8203125,0.07520860646,0,0
0.038125,321.15,0.5866533246,0.8203125,0.07511825325,0,0
0.03875,321.15,0.5869239054,0.8203125,0.07503055934,0,0
0.039375,321.15,0.5871860557,0.8203125,0.07494540952,0,0
0.04,321.15,0.5874401635,0.8203125,0.0748626951,0,0
0.040625,321.15,0.5876865931,0.8203125,0.07478231348,0,0
0.04125,321.15,0.5879256874,0.8203125,0.07470416771,0,0
0.041875,321.15,0.588157769,0.8203125,0.07462816611,0,0
0.0425,321.15,0.5883831421,0.8203125,0.07455422193,0,0
0.043125,321.15,0.5886020933,0.8203125,0.07448225302,0,0
0.04375,321.15,0.5888148933,0.8203125,0.07441218154,0,0
0.044375,321.15,0.5890217976,0.8203125,0.07434393366,0,0
0.045,321.15,0.5892230479,0.8203125,0.07427743932,0,0
0.045625,321.15,0.5894188728,0.8203125,0.074212632,0,0
0.04625,321.15,0.5896094887,0.8203125,0.07414944848,0,0
0.046875,321.15,0.5897951008,0.8203125,0.07408782865,0,0
0.0475,321.15,0.5899759036,0.8203125,0.07402771534,0,0
0.048125,321.15,0.5901520815,0.8203125,0.07396905411,0,0
0.04875,321.15,0.5903238098,0.8203125,0.07391179309,1,1
0.049375,321.15,0.5904912549,0.8203125,0.07385588289,0,0
0.05,321.15,0.590654575,0.8203125,0.07380127636,0,0
0.050625,321.15,0.5908139208,0.8203125,0.07374792853,0,0
0.05125,321.15,0.5909694356,0.8203125,0.0736957965,0,0
0.051875,321.15,0.5911212558,0.8203125,0.07364483925,0,0
0.0525,321.15,0.5912695117,0.8203125,0.07359501759,0,0
0.053125,321.15,0.5914143271,0.8203125,0.07354629408,0,0
0.05375,321.15,0.5915558206,0.8203125,0.07349863286,0,0
0.054375,321.15,0.5916941051,0.8203125,0.07345199965,1,1
0.055,321.15,0.5918292885,0.8203125,0.07340636159,0,0
0.055625,321.15,0.5919614741,0.8203125,0.07336168724,0,0
0.05625,321.15,0.5920907604,0.8203125,0.07331794645,0,0
0.056875,321.15,0.5922172417,0.8203125,0.0732751103,1,1
0.0575,321.15,0.5923410085,0.8203125,0.07323315106,0,0
0.058125,321.15,0.5924621471,0.8203125,0.07319204214,0,0
0.05875,321.15,0.5925807404,0.8203125,0.07315175798,0,0
0.059375,321.15,0.5926968677,0.8203125,0.07311227405,1,1
0.06,321.15,0.5928106052,0.8203125,0.07307356678,1,1
0.060625,321.15,0.5929220259,0.8203125,0.07303561351,1,1
0.06125,321.15,0.5930311998,0.8203125,0.07299839245,1,1
0.061875,321.15,0.5931381943,0.8203125,0.07296188266,1,1
0.0625,321.15,0.593243074,0.8203125,0.07292606396,1,1
0.063125,321.15,0.5933459009,0.8203125,0.07289091695,1,1
0.06375,321.15,0.5934467347,0.8203125,0.07285642293,1,1
0.064375,321.15,0.5935456328,0.8203125,0.0728225639,1,1
0.065,321.15,0.5936426505,0.8203125,0.07278932251,1,1
0.065625,321.15,0.5937378408,0.8203125,0.07275668203,1,1
0.06625,321.15,0.5938312549,0.8203125,0.07272462634,1,1
0.066875,321.15,0.593922942,0.8203125,0.07269313987,1,1
0.0675,321.15,0.5940129497,0.8203125,0.07266220763,1,1
0.068125,321.15,0.5941013235,0.8203125,0.07263181511,1,1
0.06875,321.15,0.5941881077,0.8203125,0.07260194834,1,1
0.069375,321.15,0.5942733447,0.8203125,0.07257259381,1,1
0.07,321.15,0.5943570755,0.8203125,0.07254373846,1,1
0.070625,321.15,0.5944393397,0.8203125,0.07251536968,1,1
0.07125,321.15,0.5945201755,0.8203125,0.07248747528,1,1
0.071875,321.15,0.5945996197,0.8203125,0.07246004348,1,1
0.0725,321.15,0.5946777081,0.8203125,0.07243306287,1,1
0.073125,321.15,0.594754475,0.8203125,0.07240652243,1,1
0.07375,321.15,0.5948299536,0.8203125,0.07238041148,1,1
0.074375,321.15,0.5949041762,0.8203125,0.07235471968,1,1
0.075,321.15,0.5949771738,0.8203125,0.07232943705,1,1
0.075625,321.15,0.5950489766,0.8203125,0.07230455388,1,1
0.07625,321.15,0.5951196135,0.8203125,0.0722800608,1,1
0.076875,321.15,0.5951891128,0.8203125,0.07225594872,1,1
0.0775,321.15,0.5952575017,0.8203125,0.07223220881,1,1
0.078125,321.15,0.5953248067,0.8203125,0.07220883253,1,1
0.07875,321.15,0.5953910532,0.8203125,0.07218581161,1,1
0.079375,321.15,0.5954562661,0.8203125,0.07216313801,1,1
0.08,321.15,0.5955204694,0.8203125,0.07214080393,1,1
0.005,321.65,0.4860696475,0.81640625,0.09555888207,0,0
0.005625,321.65,0.4972621734,0.81640625,0.09439860174,0,0
0.00625,321.65,0.5064736004,0.81640625,0.09325211099,0,0
0.006875,321.65,0.5141854863,0.81640625,0.09215532132,0,0
0.0075,321.65,0.5207354799,0.81640625,0.09112335952,0,0
0.008125,321.65,0.526367188,0.81640625,0.09016079664,0,0
0.00875,321.65,0.5312607075,0.81640625,0.08926687848,0,0
0.009375,321.65,0.5355520143,0.81640625,0.08843826449,0,0
0.01,321.65,0.5393456721,0.81640625,0.08767048145,0,0
0.010625,321.65,0.5427233943,0.81640625,0.08695869591,0,0
0.01125,321.65,0.5457499543,0.81640625,0.08629811809,0,0
0.011875,321.65,0.5484773539,0.81640625,0.085684204,0,0
0.0125,321.65,0.5509478204,0.81640625,0.08511274643,0,0
0.013125,321.65,0.5531959975,0.81640625,0.08457990501,0,0
0.01375,321.65,0.5552505734,0.81640625,0.08408220376,0,0
0.014375,321.65,0.5571355069,0.81640625,0.08361651193,0,0
0.015,321.65,0.5588709625,0.81640625,0.08318001715,0,0
0.015625,321.65,0.5604740329,0.81640625,0.08277019608,0,0
0.01625,321.65,0.5619593015,0.81640625,0.08238478502,0,0
0.016875,321.65,0.563339287,0.81640625,0.08202175219,0,0
0.0175,321.65,0.5646247955,0.81640625,0.0816792722,0,0
0.018125,321.65,0.5658252041,0.81640625,0.08135570295,0,0
0.01875,321.65,0.566948689,0.81640625,0.08104956503,0,0
0.019375,321.65,0.5680024121,0.81640625,0.08075952337,0,0
0.02,321.65,0.5689926731,0.81640625,0.08048437109,0,0
0.020625,321.65,0.5699250357,0.81640625,0.08022301526,0,0
0.02125,321.65,0.5708044321,0.81640625,0.07997446431,0,0
0.021875,321.65,0.5716352496,0.81640625,0.07973781704,0,0
0.0225,321.65,0.5724214042,0.81640625,0.07951225289,0,0
0.023125,321.65,0.5731664023,0.81640625,0.07929702342,0,0
0.02375,321.65,0.5738733926,0.81640625,0.07909144475,0,0
0.024375,321.65,0.5745452106,0.81640625,0.07889489095,0,0
0.025,321.65,0.5751844167,0.81640625,0.07870678814,0,0
0.025625,321.65,0.5757933288,0.81640625,0.07852660936,0,0
0.02625,321.65,0.5763740502,0.81640625,0.07835386989,0,0
0.026875,321.65,0.5769284939,0.81640625,0.07818812325,0,0
0.0275,321.65,0.5774584038,0.81640625,0.07802895751,0,0
0.028125,321.65,0.5779653728,0.81640625,0.07787599209,0,0
0.02875,321.65,0.5784508587,0.81640625,0.07772887489,0,0
0.029375,321.65,0.5789161986,0.81640625,0.07758727967,0,0
0.03,321.65,0.5793626208,0.81640625,0.07745090378,0,0
0.030625,321.65,0.5797912557,0.81640625,0.07731946608,0,0
0.03125,321.65,0.5802031455,0.81640625,0.07719270509,0,0
0.031875,321.65,0.5805992525,0.81640625,0.07707037731,0,0
0.0325,321.65,0.5809804667,0.81640625,0.07695225572,0,0
0.033125,321.65,0.5813476124,0.81640625,0.07683812842,0,0
0.03375,321.65,0.5817014541,0.81640625,0.07672779742,0,0
0.034375,321.65,0.5820427022,0.81640625,0.0766210775,0,0
0.035,321.65,0.582372017,0.81640625,0.07651779522,0,0
0.035625,321.65,0.5826900136,0.81640625,0.07641778799,0,0
0.03625,321.65,0.5829972658,0.81640625,0.07632090328,0,0
0.036875,321.65,0.5832943088,0.81640625,0.0762269978,0,0
0.0375,321.65,0.5835816432,0.81640625,0.07613593687,0,0
0.038125,321.65,0.5838597373,0.81640625,0.07604759377,0,0
0.03875,321.65,0.5841290297,0.81640625,0.07596184912,0,0
0.039375,321.65,0.5843899317,0.81640625,0.07587859045,0,0
0.04,321.65,0.5846428293,0.81640625,0.07579771161,0,0
0.040625,321.65,0.5848880855,0.81640625,0.07571911242,0,0
0.04125,321.65,0.5851260412,0.81640625,0.07564269819,0,0
0.041875,321.65,0.5853570178,0.81640625,0.07556837939,0,0
0.0425,321.65,0.5855813176,0.81640625,0.07549607132,0,0
0.043125,321.65,0.5857992262,0.81640625,0.07542569372,0,0
0.04375,321.65,0.5860110128,0.81640625,0.07535717058,0,0
0.044375,321.65,0.5862169319,0.81640625,0.07529042977,0,0
0.045,321.65,0.5864172238,0.81640625,0.07522540287,0,0
0.045625,321.65,0.5866121162,0.81640625,0.07516202489,0,0
0.04625,321.65,0.5868018245,0.81640625,0.07510023409,0,0
0.046875,321.65,0.5869865527,0.81640625,0.07503997174,0,0
0.0475,321.65,0.5871664945,0.81640625,0.07498118198,1,1
0.048125,321.65,0.5873418335,0.81640625,0.07492381163,0,0
0.04875,321.65,0.587512744,0.81640625,0.07486781004,1,1
0.049375,321.65,0.5876793918,0.81640625,0.07481312892,0,0
0.05,321.65,0.5878419342,0.81640625,0.07475972221,0,0
0.050625,321.65,0.5880005212,0.81640625,0.074707546,1,1
0.05125,321.65,0.5881552954,0.81640625,0.07465655834,0,0
0.051875,321.65,0.5883063927,0.81640625,0.07460671915,0,0
0.0525,321.65,0.5884539426,0.81640625,0.07455799017,1,1
0.053125,321.65,0.5885980684,0.81640625,0.07451033477,0,0
0.05375,321.65,0.5887388881,0.81640625,0.07446371794,0,0
0.054375,321.65,0.5888765141,0.81640625,0.07441810617,0,0
0.055,321.65,0.5890110538,0.81640625,0.07437346735,0,0
0.055625,321.65,0.5891426099,0.81640625,0.07432977076,0,0
0.05625,321.65,0.5892712806,0.81640625,0.07428698692,0,0
0.056875,321.65,0.5893971596,0.81640625,0.07424508758,0,0
0.0575,321.65,0.589520337,0.81640625,0.07420404564,0,0
0.058125,321.65,0.5896408988,0.81640625,0.0741638351,0,0
0.05875,321.65,0.5897589273,0.81640625,0.07412443099,0,0
0.059375,321.65,0.5898745016,0.81640625,0.07408580933,1,1
0.06,321.65,0.5899876975,0.81640625,0.07404794709,1,1
0.060625,321.65,0.5900985876,0.81640625,0.07401082212,1,1
0.06125,321.65,0.5902072417,0.81640625,0.07397441312,1,1
0.061875,321.65,0.5903137267,0.81640625,0.07393869962,1,1
0.0625,321.65,0.5904181069,0.81640625,0.07390366189,1,1
0.063125,321.65,0.5905204442,0.81640625,0.07386928098,1,1
0.06375,321.65,0.5906207979,0.81640625,0.07383553861,1,1
0.064375,321.65,0.5907192251,0.81640625,0.07380241718,1,1
0.065,321.65,0.5908157807,0.81640625,0.07376989972,1,1
0.065625,321.65,0.5909105177,0.81640625,0.07373796989,1,1
0.06625,321.65,0.591003487,0.81640625,0.07370661193,1,1
0.066875,321.65,0.5910947375,0.81640625,0.07367581063,1,1
0.0675,321.65,0.5911843166,0.81640625,0.0736455513,1,1
0.068125,321.65,0.5912722696,0.81640625,0.0736158198,1,1
0.06875,321.65,0.5913586405,0.81640625,0.07358660245,1,1
0.069375,321.65,0.5914434716,0.81640625,0.07355788603,1,1
0.07,321.65,0.5915268037,0.81640625,0.07352965779,1,1
0.070625,321.65,0.5916086762,0.81640625,0.07350190541,1,1
0.07125,321.65,0.591689127,0.81640625,0.07347461696,1,1
0.071875,321.65,0.591768193,0.81640625,0.07344778092,1,1
0.0725,321.65,0.5918459095,0.81640625,0.07342138615,1,1
0.073125,321.65,0.5919223108,0.81640625,0.07339542185,1,1
0.07375,321.65,0.59199743,0.81640625,0.0733698776,1,1
0.074375,321.65,0.5920712992,0.81640625,0.07334474329,1,1
0.075,321.65,0.5921439492,0.81640625,0.07332000915,1,1
0.075625,321.65,0.59221541,0.81640625,0.07329566569,1,1
0.07625,321.65,0.5922857106,0.81640625,0.07327170376,1,1
0.076875,321.65,0.5923548789,0.81640625,0.07324811445,1,1
0.0775,321.65,0.5924229422,0.81640625,0.07322488916,1,1
0.078125,321.65,0.5924899266,0.81640625,0.07320201951,1,1
0.07875,321.65,0.5925558577,0.81640625,0.07317949743,1,1
0.079375,321.65,0.5926207601,0.81640625,0.07315731504,1,1
0.08,321.65,0.5926846577,0.81640625,0.07313546474,1,1
0.005,322.15,0.4837439554,0.8125,0.09592875674,0,0
0.005625,322.15,0.4948829285,0.8125,0.09481658925,0,0
0.00625,322.15,0.5040502817,0.8125,0.09371214592,0,0
0.006875,322.15,0.5117252687,0.8125,0.09265232484,0,0
0.0075,322.15,0.5182439226,0.8125,0.09165306602,0,0
0.008125,322.15,0.5238486848,0.8125,0.09071960488,0,0
0.00875,322.15,0.5287187902,0.8125,0.08985172944,0,0
0.009375,322.15,0.5329895645,0.8125,0.08904654314,0,0
0.01,322.15,0.5367650708,0.8125,0.08829993812,0,0
0.010625,322.15,0.5401266317,0.8125,0.08760738336,0,0
0.01125,322.15,0.5431387105,0.8125,0.08696434104,0,0
0.011875,322.15,0.5458530604,0.8125,0.08636647843,0,0
0.0125,322.15,0.5483117064,0.8125,0.08580976647,0,0
0.013125,322.15,0.5505491267,0.8125,0.08529051603,0,0
0.01375,322.15,0.5525938721,0.8125,0.08480538017,0,0
0.014375,322.15,0.5544697867,0.8125,0.0843513389,0,0
0.015,322.15,0.5561969388,0.8125,0.0839256754,0,0
0.015625,322.15,0.557792339,0.8125,0.08352594912,0,0
0.01625,322.15,0.5592705011,0.8125,0.08314996848,0,0
0.016875,322.15,0.5606438837,0.8125,0.08279576477,0,0
0.0175,322.15,0.5619232415,0.8125,0.08246156798,0,0
0.018125,322.15,0.5631179065,0.8125,0.08214578485,0,0
0.01875,322.15,0.5642360159,0.8125,0.08184697919,0,0
0.019375,322.15,0.5652846972,0.8125,0.08156385429,0,0
0.02,322.15,0.5662702201,0.8125,0.08129523747,0,0
0.020625,322.15,0.5671981217,0.8125,0.08104006634,0,0
0.02125,322.15,0.5680733104,0.8125,0.08079737673,0,0
0.021875,322.15,0.5689001527,0.8125,0.08056629207,0,0
0.0225,322.15,0.5696825458,0.8125,0.08034601399,0,0
0.023125,322.15,0.5704239793,0.8125,0.0801358141,0,0
0.02375,322.15,0.5711275869,0.8125,0.07993502669,0,0
0.024375,322.15,0.5717961904,0.8125,0.07974304233,0,0
0.025,322.15,0.5724323381,0.8125,0.07955930217,0,0
0.025625,322.15,0.5730383368,0.8125,0.07938329291,0,0
0.02625,322.15,0.5736162796,0.8125,0.07921454237,0,0
0.026875,322.15,0.5741680705,0.8125,0.07905261552,0,0
0.0275,322.15,0.574695445,0.8125,0.07889711095,0,0
0.028125,322.15,0.5751999882,0.8125,0.07874765773,0,0
0.02875,322.15,0.5756831513,0.8125,0.07860391265,0,0
0.029375,322.15,0.5761462646,0.8125,0.07846555767,0,0
0.03,322.15,0.5765905508,0.8125,0.07833229773,0,0
0.030625,322.15,0.5770171348,0.8125,0.07820385868,0,0
0.03125,322.15,0.5774270539,0.8125,0.07807998553,0,0
0.031875,322.15,0.5778212656,0.8125,0.0779604408,0,0
0.0325,322.15,0.5782006558,0.8125,0.07784500308,0,0
0.033125,322.15,0.5785660448,0.8125,0.07773346566,0,0
0.03375,322.15,0.5789181936,0.8125,0.0776256354,0,0
0.034375,322.15,0.5792578089,0.8125,0.07752133158,0,0
0.035,322.15,0.579585548,0.8125,0.077420385,0,0
0.035625,322.15,0.5799020231,0.8125,0.077322637,0,0
0.03625,322.15,0.5802078052,0.8125,0.07722793875,0,0
0.036875,322.15,0.5805034269,0.8125,0.07713615042,0,0
0.0375,322.15,0.5807893866,0.8125,0.07704714056,0,0
0.038125,322.15,0.58106615,0.8125,0.07696078549,0,0
0.03875,322.15,0.5813341539,0.8125,0.0768769687,0,0
0.039375,322.15,0.5815938076,0.8125,0.0767955804,0,0
0.04,322.15,0.5818454952,0.8125,0.07671651698,0,0
0.040625,322.15,0.5820895779,0.8125,0.07663968063,0,0
0.04125,322.15,0.5823263951,0.8125,0.07656497893,0,0
0.041875,322.15,0.5825562665,0.8125,0.07649232446,0,0
0.0425,322.15,0.5827794932,0.8125,0.07642163452,0,0
0.043125,322.15,0.5829963591,0.8125,0.07635283075,0,0
0.04375,322.15,0.5832071324,0.8125,0.07628583894,0,0
0.044375,322.15,0.5834120662,0.8125,0.07622058865,0,0
0.045,322.15,0.5836113998,0.8125,0.07615701307,0,0
0.045625,322.15,0.5838053597,0.8125,0.07609504873,0,0
0.04625,322.15,0.5839941603,0.8125,0.07603463534,0,0
0.046875,322.15,0.5841780046,0.8125,0.07597571556,0,0
0.0475,322.15,0.5843570855,0.8125,0.07591823482,1,1
0.048125,322.15,0.5845315855,0.8125,0.07586214118,0,0
0.04875,322.15,0.5847016783,0.8125,0.07580738517,0,0
0.049375,322.15,0.5848675286,0.8125,0.07575391962,0,0
0.05,322.15,0.5850292934,0.8125,0.07570169957,0,0
0.050625,322.15,0.5851871216,0.8125,0.0756506821,1,1
0.05125,322.15,0.5853411553,0.8125,0.07560082623,0,0
0.051875,322.15,0.5854915296,0.8125,0.07555209283,0,0
0.0525,322.15,0.5856383735,0.8125,0.07550444451,0,0
0.053125,322.15,0.5857818097,0.8125,0.0754578455,0,0
0.05375,322.15,0.5859219556,0.8125,0.07541226158,0,0
0.054375,322.15,0.5860589231,0.8125,0.07536766002,0,0
0.055,322.15,0.5861928191,0.8125,0.07532400947,1,1
0.055625,322.15,0.5863237458,0.8125,0.07528127988,0,0
0.05625,322.15,0.5864518007,0.8125,0.07523944248,0,0
0.056875,322.15,0.5865770775,0.8125,0.07519846966,0,0
0.0575,322.15,0.5866996656,0.8125,0.07515833494,0,0
0.058125,322.15,0.5868196504,0.8125,0.07511901291,0,0
0.05875,322.15,0.5869371143,0.8125,0.07508047918,0,0
0.059375,322.15,0.5870521356,0.8125,0.07504271032,1,1
0.06,322.15,0.5871647899,0.8125,0.07500568383,1,1
0.060625,322.15,0.5872751494,0.8125,0.07496937805,1,1
0.06125,322.15,0.5873832836,0.8125,0.07493377218,1,1
0.061875,322.15,0.5874892591,0.8125,0.07489884622,1,1
0.0625,322.15,0.5875931399,0.8125,0.07486458089,1,1
0.063125,322.15,0.5876949875,0.8125,0.07483095766,1,1
0.06375,322.15,0.587794861,0.8125,0.07479795867,1,1
0.064375,322.15,0.5878928173,0.8125,0.07476556673,1,1
0.065,322.15,0.587988911,0.8125,0.07473376526,1,1
0.065625,322.15,0.5880831947,0.8125,0.07470253827,1,1
0.06625,322.15,0.5881757191,0.8125,0.07467187037,1,1
0.066875,322.15,0.5882665331,0.8125,0.0746417467,1,1
0.0675,322.15,0.5883556835,0.8125,0.0746121529,1,1
0.068125,322.15,0.5884432157,0.8125,0.07458307515,1,1
0.06875,322.15,0.5885291733,0.8125,0.07455450007,1,1
0.069375,322.15,0.5886135985,0.8125,0.07452641476,1,1
0.07,322.15,0.5886965319,0.8125,0.07449880675,1,1
0.070625,322.15,0.5887780126,0.8125,0.07447166399,1,1
0.07125,322.15,0.5888580786,0.8125,0.07444497482,1,1
0.071875,322.15,0.5889367662,0.8125,0.074418728,1,1
0.0725,322.15,0.5890141109,0.8125,0.07439291261,1,1
0.073125,322.15,0.5890901466,0.8125,0.07436751813,1,1
0.07375,322.15,0.5891649064,0.8125,0.07434253435,1,1
0.074375,322.15,0.5892384222,0.8125,0.0743179514,1,1
0.075,322.15,0.5893107246,0.8125,0.07429375972,1,1
0.075625,322.15,0.5893818434,0.8125,0.07426995005,1,1
0.07625,322.15,0.5894518076,0.8125,0.07424651342,1,1
0.076875,322.15,0.589520645,0.8125,0.07422344115,1,1
0.0775,322.15,0.5895883826,0.8125,0.0742007248,1,1
0.078125,322.15,0.5896550466,0.8125,0.07417835623,1,1
0.07875,322.15,0.5897206622,0.8125,0.07415632749,1,1
0.079375,322.15,0.5897852541,0.8125,0.07413463093,1,1
0.08,322.15,0.5898488459,0.8125,0.07411325908,1,1
0.005,322.65,0.4814182633,0.80859375,0.09628862718,0,0
0.005625,322.65,0.4925036837,0.80859375,0.09522401855,0,0
0.00625,322.65,0.501626963,0.80859375,0.09416114332,0,0
0.006875,322.65,0.509265051,0.80859375,0.09313787237,0,0
0.0075,322.65,0.5157523653,0.80859375,0.09217094832,0,0
0.008125,322.65,0.5213301815,0.80859375,0.09126626254,0,0
0.00875,322.65,0.5261768729,0.80859375,0.09042413865,0,0
0.009375,322.65,0.5304271146,0.80859375,0.08964211873,0,0
0.01,322.65,0.5341844695,0.80859375,0.08891645594,0,0
0.010625,322.65,0.537529869,0.80859375,0.08824291818,0,0
0.01125,322.65,0.5405274667,0.80859375,0.08761721668,0,0
0.011875,322.65,0.5432287668,0.80859375,0.08703522751,0,0
0.0125,322.65,0.5456755924,0.80859375,0.08649309775,0,0
0.013125,322.65,0.5479022559,0.80859375,0.08598728777,0,0
0.01375,322.65,0.5499371708,0.80859375,0.08551457823,0,0
0.014375,322.65,0.5518040666,0.80859375,0.08507205864,0,0
0.015,322.65,0.553522915,0.80859375,0.08465710664,0,0
0.015625,322.65,0.555110645,0.80859375,0.08426736356,0,0
0.01625,322.65,0.5565817006,0.80859375,0.08390070912,0,0
0.016875,322.65,0.5579484804,0.80859375,0.08355523697,0,0
0.0175,322.65,0.5592216874,0.80859375,0.08322923189,0,0
0.018125,322.65,0.5604106088,0.80859375,0.0829211489,0,0
0.01875,322.65,0.5615233427,0.80859375,0.08262959452,0,0
0.019375,322.65,0.5625669823,0.80859375,0.08235331001,0,0
0.02,322.65,0.5635477671,0.80859375,0.0820911565,0,0
0.020625,322.65,0.5644712077,0.80859375,0.08184210181,0,0
0.02125,322.65,0.5653421887,0.80859375,0.08160520886,0,0
0.021875,322.65,0.5661650558,0.80859375,0.08137962541,0,0
0.0225,322.65,0.5669436874,0.80859375,0.08116457506,0,0
0.023125,322.65,0.5676815564,0.80859375,0.08095934925,0,0
0.02375,322.65,0.5683817812,0.80859375,0.08076330023,0,0
0.024375,322.65,0.5690471703,0.80859375,0.08057583489,0,0
0.025,322.65,0.5696802596,0.80859375,0.08039640923,0,0
0.025625,322.65,0.5702833448,0.80859375,0.0802245235,0,0
0.02625,322.65,0.570858509,0.80859375,0.08005971788,0,0
0.026875,322.65,0.5714076471,0.80859375,0.07990156868,0,0
0.0275,322.65,0.5719324861,0.80859375,0.07974968487,0,0
0.028125,322.65,0.5724346037,0.80859375,0.0796037051,0,0
0.02875,322.65,0.5729154438,0.80859375,0.07946329494,0,0
0.029375,322.65,0.5733763307,0.80859375,0.07932814446,0,0
0.03,322.65,0.5738184809,0.80859375,0.07919796608,0,0
0.030625,322.65,0.574243014,0.80859375,0.07907249259,0,0
0.03125,322.65,0.5746509623,0.80859375,0.07895147543,0,0
0.031875,322.65,0.5750432788,0.80859375,0.07883468306,0,0
0.0325,322.65,0.575420845,0.80859375,0.07872189959,0,0
0.033125,322.65,0.5757844773,0.80859375,0.07861292347,0,0
0.03375,322.65,0.576134933,0.80859375,0.07850756635,0,0
0.034375,322.65,0.5764729155,0.80859375,0.07840565198,0,0
0.035,322.65,0.576799079,0.80859375,0.07830701532,0,0
0.035625,322.65,0.5771140326,0.80859375,0.07821150164,0,0
0.03625,322.65,0.5774183446,0.80859375,0.07811896573,0,0
0.036875,322.65,0.5777125451,0.80859375,0.07802927118,0,0
0.0375,322.65,0.5779971299,0.80859375,0.07794228976,0,0
0.038125,322.65,0.5782725628,0.80859375,0.07785790078,0,0
0.03875,322.65,0.5785392782,0.80859375,0.07777599059,0,0
0.039375,322.65,0.5787976835,0.80859375,0.07769645202,0,0
0.04,322.65,0.5790481611,0.80859375,0.07761918399,0,0
0.040625,322.65,0.5792910703,0.80859375,0.07754409104,0,0
0.04125,322.65,0.579526749,0.80859375,0.07747108296,0,0
0.041875,322.65,0.5797555152,0.80859375,0.07740007445,0,0
0.0425,322.65,0.5799776687,0.80859375,0.07733098478,0,0
0.043125,322.65,0.580193492,0.80859375,0.07726373749,0,0
0.04375,322.65,0.5804032519,0.80859375,0.0771982601,0,0
0.044375,322.65,0.5806072005,0.80859375,0.07713448388,0,0
0.045,322.65,0.5808055757,0.80859375,0.0770723436,0,0
0.045625,322.65,0.5809986031,0.80859375,0.07701177731,0,0
0.04625,322.65,0.581186496,0.80859375,0.07695272614,0,0
0.046875,322.65,0.5813694565,0.80859375,0.0768951341,0,0
0.0475,322.65,0.5815476764,0.80859375,0.07683894793,1,1
0.048125,322.65,0.5817213375,0.80859375,0.07678411691,0,0
0.04875,322.65,0.5818906125,0.80859375,0.07673059274,0,0
0.049375,322.65,0.5820556655,0.80859375,0.07667832936,1,1
0.05,322.65,0.5822166525,0.80859375,0.07662728286,0,0
0.050625,322.65,0.582373722,0.80859375,0.07657741133,0,0
0.05125,322.65,0.5825270151,0.80859375,0.07652867477,1,1
0.051875,322.65,0.5826766665,0.80859375,0.07648103496,0,0
0.0525,322.65,0.5828228044,0.80859375,0.07643445537,0,0
0.053125,322.65,0.582965551,0.80859375,0.07638890108,1,1
0.05375,322.65,0.5831050231,0.80859375,0.07634433868,0,0
0.054375,322.65,0.5832413321,0.80859375,0.07630073619,0,0
0.055,322.65,0.5833745844,0.80859375,0.07625806299,0,0
0.055625,322.65,0.5835048816,0.80859375,0.07621628974,1,1
0.05625,322.65,0.5836323209,0.80859375,0.07617538833,0,0
0.056875,322.65,0.5837569954,0.80859375,0.0761353318,0,0
0.0575,322.65,0.5838789941,0.80859375,0.07609609428,0,0
0.058125,322.65,0.5839984021,0.80859375,0.07605765096,0,0
0.05875,322.65,0.5841153012,0.80859375,0.076019978,1,1
0.059375,322.65,0.5842297696,0.80859375,0.07598305253,1,1
0.06,322.65,0.5843418822,0.80859375,0.07594685255,1,1
0.060625,322.65,0.5844517112,0.80859375,0.07591135693,1,1
0.06125,322.65,0.5845593255,0.80859375,0.07587654533,1,1
0.061875,322.65,0.5846647915,0.80859375,0.07584239821,1,1
0.0625,322.65,0.5847681729,0.80859375,0.07580889675,1,1
0.063125,322.65,0.5848695309,0.80859375,0.07577602284,1,1
0.06375,322.65,0.5849689242,0.80859375,0.07574375903,1,1
0.064375,322.65,0.5850664095,0.80859375,0.07571208853,1,1
0.065,322.65,0.5851620412,0.80859375,0.07568099513,1,1
0.065625,322.65,0.5852558716,0.80859375,0.07565046323,1,1
0.06625,322.65,0.5853479512,0.80859375,0.07562047778,1,1
0.066875,322.65,0.5854383286,0.80859375,0.07559102425,1,1
0.0675,322.65,0.5855270504,0.80859375,0.07556208863,1,1
0.068125,322.65,0.5856141618,0.80859375,0.07553365741,1,1
0.06875,322.65,0.5856997062,0.80859375,0.07550571752,1,1
0.069375,322.65,0.5857837255,0.80859375,0.07547825635,1,1
0.07,322.65,0.5858662601,0.80859375,0.07545126171,1,1
0.070625,322.65,0.5859473491,0.80859375,0.07542472184,1,1
0.07125,322.65,0.5860270301,0.80859375,0.07539862535,1,1
0.071875,322.65,0.5861053394,0.80859375,0.07537296123,1,1
0.0725,322.65,0.5861823123,0.80859375,0.07534771884,1,1
0.073125,322.65,0.5862579825,0.80859375,0.07532288788,1,1
0.07375,322.65,0.5863323829,0.80859375,0.07529845838,1,1
0.074375,322.65,0.5864055451,0.80859375,0.0752744207,1,1
0.075,322.65,0.5864774999,0.80859375,0.0752507655,1,1
0.075625,322.65,0.5865482769,0.80859375,0.07522748372,1,1
0.07625,322.65,0.5866179047,0.80859375,0.0752045666,1,1
0.076875,322.65,0.5866864112,0.80859375,0.07518200565,1,1
0.0775,322.65,0.5867538231,0.80859375,0.07515979264,1,1
0.078125,322.65,0.5868201666,0.80859375,0.07513791959,1,1
0.07875,322.65,0.5868854667,0.80859375,0.07511637876,1,1
0.079375,322.65,0.5869497481,0.80859375,0.07509516265,1,1
0.08,322.65,0.5870130342,0.80859375,0.07507426397,1,1
0.005,323.15,0.4790925712,0.8046875,0.0966385309,0,0
0.005625,323.15,0.4901244388,0.8046875,0.09562092993,0,0
0.00625,323.15,0.4992036444,0.8046875,0.09459914591,0,0
0.006875,323.15,0.5068048334,0.8046875,0.09361200886,0,0
0.0075,323.15,0.513260808,0.8046875,0.09267705333,0,0
0.008125,323.15,0.5188116782,0.8046875,0.0918008183,0,0
0.00875,323.15,0.5236349557,0.8046875,0.09098415638,0,0
0.009375,323.15,0.5278646648,0.8046875,0.09022504296,0,0
0.01,323.15,0.5316038682,0.8046875,0.08952008795,0,0
0.010625,323.15,0.5349331064,0.8046875,0.08886535464,0,0
0.01125,323.15,0.5379162229,0.8046875,0.08825680039,0,0
0.011875,323.15,0.5406044732,0.8046875,0.08769050764,0,0
0.0125,323.15,0.5430394785,0.8046875,0.08716279762,0,0
0.013125,323.15,0.5452553851,0.8046875,0.08667027847,0,0
0.01375,323.15,0.5472804695,0.8046875,0.08620985699,0,0
0.014375,323.15,0.5491383465,0.8046875,0.08577873096,0,0
0.015,323.15,0.5508488913,0.8046875,0.08537437139,0,0
0.015625,323.15,0.5524289511,0.8046875,0.08499450059,0,0
0.01625,323.15,0.5538929001,0.8046875,0.08463706875,0,0
0.016875,323.15,0.5552530771,0.8046875,0.08430023121,0,0
0.0175,323.15,0.5565201334,0.8046875,0.08398232689,0,0
0.018125,323.15,0.5577033112,0.8046875,0.08368185856,0,0
0.01875,323.15,0.5588106696,0.8046875,0.083397475,0,0
0.019375,323.15,0.5598492674,0.8046875,0.08312795499,0,0
0.02,323.15,0.5608253141,0.8046875,0.08287219308,0,0
0.020625,323.15,0.5617442936,0.8046875,0.08262918698,0,0
0.02125,323.15,0.562611067,0.8046875,0.08239802638,0,0
0.021875,323.15,0.5634299589,0.8046875,0.08217788314,0,0
0.0225,323.15,0.564204829,0.8046875,0.08196800254,0,0
0.023125,323.15,0.5649391334,0.8046875,0.08176769564,0,0
0.02375,323.15,0.5656359755,0.8046875,0.08157633248,0,0
0.024375,323.15,0.5662981501,0.8046875,0.08139333606,0,0
0.025,323.15,0.566928181,0.8046875,0.08121817706,0,0
0.025625,323.15,0.5675283528,0.8046875,0.08105036913,0,0
0.02625,323.15,0.5681007385,0.8046875,0.0808894647,0,0
0.026875,323.15,0.5686472237,0.8046875,0.08073505126,0,0
0.0275,323.15,0.5691695272,0.8046875,0.08058674808,0,0
0.028125,323.15,0.5696692191,0.8046875,0.08044420325,0,0
0.02875,323.15,0.5701477363,0.8046875,0.08030709104,0,0
0.029375,323.15,0.5706063967,0.8046875,0.08017510953,0,0
0.03,323.15,0.5710464109,0.8046875,0.08004797856,0,0
0.030625,323.15,0.5714688932,0.8046875,0.07992543776,0,0
0.03125,323.15,0.5718748707,0.8046875,0.07980724492,0,0
0.031875,323.15,0.5722652919,0.8046875,0.07969317439,0,0
0.0325,323.15,0.5726410341,0.8046875,0.07958301575,0,0
0.033125,323.15,0.5730029098,0.8046875,0.07947657254,0,0
0.03375,323.15,0.5733516725,0.8046875,0.07937366115,0,0
0.034375,323.15,0.5736880222,0.8046875,0.07927410974,0,0
0.035,323.15,0.57401261,0.8046875,0.07917775741,0,0
0.035625,323.15,0.5743260421,0.8046875,0.07908445327,0,0
0.03625,323.15,0.574628884,0.8046875,0.07899405572,0,0
0.036875,323.15,0.5749216632,0.8046875,0.07890643175,0,0
0.0375,323.15,0.5752048732,0.8046875,0.07882145628,0,0
0.038125,323.15,0.5754789755,0.8046875,0.07873901161,0,0
0.03875,323.15,0.5757444025,0.8046875,0.07865898686,0,0
0.039375,323.15,0.5760015594,0.8046875,0.07858127753,0,0
0.04,323.15,0.576250827,0.8046875,0.07850578498,0,0
0.040625,323.15,0.5764925627,0.8046875,0.07843241609,0,0
0.04125,323.15,0.5767271028,0.8046875,0.07836108287,0,0
0.041875,323.15,0.5769547639,0.8046875,0.07829170208,0,0
0.0425,323.15,0.5771758442,0.8046875,0.07822419494,0,0
0.043125,323.15,0.5773906249,0.8046875,0.07815848686,0,0
0.04375,323.15,0.5775993715,0.8046875,0.07809450711,0,0
0.044375,323.15,0.5778023348,0.8046875,0.07803218862,0,0
0.045,323.15,0.5779997517,0.8046875,0.07797146773,0,0
0.045625,323.15,0.5781918466,0.8046875,0.07791228399,0,0
0.04625,323.15,0.5783788318,0.8046875,0.07785457993,0,0
0.046875,323.15,0.5785609084,0.8046875,0.07779830092,0,0
0.0475,323.15,0.5787382673,0.8046875,0.07774339496,0,0
0.048125,323.15,0.5789110895,0.8046875,0.07768981257,0,0
0.04875,323.15,0.5790795467,0.8046875,0.07763750657,0,0
0.049375,323.15,0.5792438024,0.8046875,0.07758643203,1,1
0.05,323.15,0.5794040117,0.8046875,0.07753654607,0,0
0.050625,323.15,0.5795603224,0.8046875,0.07748780779,0,0
0.05125,323.15,0.5797128749,0.8046875,0.07744017812,1,1
0.051875,323.15,0.5798618034,0.8046875,0.07739361977,0,0
0.0525,323.15,0.5800072352,0.8046875,0.07734809706,0,0
0.053125,323.15,0.5801492923,0.8046875,0.07730357592,0,0
0.05375,323.15,0.5802880907,0.8046875,0.0772600237,1,1
0.054375,323.15,0.5804237412,0.8046875,0.0772174092,0,0
0.055,323.15,0.5805563497,0.8046875,0.07717570252,0,0
0.055625,323.15,0.5806860174,0.8046875,0.077134875,0,0
0.05625,323.15,0.5808128411,0.8046875,0.0770948992,1,1
0.056875,323.15,0.5809369133,0.8046875,0.0770557488,0,0
0.0575,323.15,0.5810583226,0.8046875,0.07701739853,0,0
0.058125,323.15,0.5811771538,0.8046875,0.07697982417,0,0
0.05875,323.15,0.5812934882,0.8046875,0.07694300245,0,0
0.059375,323.15,0.5814074035,0.8046875,0.07690691101,1,1
0.06,323.15,0.5815189746,0.8046875,0.07687152839,1,1
0.060625,323.15,0.581628273,0.8046875,0.07683683393,1,1
0.06125,323.15,0.5817353674,0.8046875,0.0768028078,1,1
0.061875,323.15,0.5818403239,0.8046875,0.07676943089,1,1
0.0625,323.15,0.5819432059,0.8046875,0.07673668482,1,1
0.063125,323.15,0.5820440742,0.8046875,0.07670455192,1,1
0.06375,323.15,0.5821429874,0.8046875,0.07667301514,1,1
0.064375,323.15,0.5822400017,0.8046875,0.07664205807,1,1
0.065,323.15,0.5823351714,0.8046875,0.0766116649,1,1
0.065625,323.15,0.5824285486,0.8046875,0.07658182037,1,1
0.06625,323.15,0.5825201834,0.8046875,0.0765525098,1,1
0.066875,323.15,0.5826101241,0.8046875,0.07652371898,1,1
0.0675,323.15,0.5826984173,0.8046875,0.07649543425,1,1
0.068125,323.15,0.5827851078,0.8046875,0.07646764239,1,1
0.06875,323.15,0.582870239,0.8046875,0.07644033064,1,1
0.069375,323.15,0.5829538524,0.8046875,0.07641348668,1,1
0.07,323.15,0.5830359883,0.8046875,0.07638709862,1,1
0.070625,323.15,0.5831166856,0.8046875,0.07636115495,1,1
0.07125,323.15,0.5831959816,0.8046875,0.07633564456,1,1
0.071875,323.15,0.5832739127,0.8046875,0.07631055669,1,1
0.0725,323.15,0.5833505137,0.8046875,0.07628588094,1,1
0.073125,323.15,0.5834258183,0.8046875,0.07626160725,1,1
0.07375,323.15,0.5834998593,0.8046875,0.07623772589,1,1
0.074375,323.15,0.5835726681,0.8046875,0.07621422743,1,1
0.075,323.15,0.5836442753,0.8046875,0.07619110275,1,1
0.075625,323.15,0.5837147103,0.8046875,0.076168343,1,1
0.07625,323.15,0.5837840018,0.8046875,0.07614593963,1,1
0.076875,323.15,0.5838521773,0.8046875,0.07612388434,1,1
0.0775,323.15,0.5839192636,0.8046875,0.07610216908,1,1
0.078125,323.15,0.5839852865,0.8046875,0.07608078606,1,1
0.07875,323.15,0.5840502713,0.8046875,0.07605972773,1,1
0.079375,323.15,0.584114242,0.8046875,0.07603898674,1,1
0.08,323.15,0.5841772224,0.8046875,0.07601855599,1,1
0.005,323.65,0.4767668791,0.80078125,0.09697850525,0,0
0.005625,323.65,0.487745194,0.80078125,0.09600736348,0,0
0.00625,323.65,0.4967803257,0.80078125,0.09502619623,0,0
0.006875,323.65,0.5043446158,0.80078125,0.094074779,0,0
0.0075,323.65,0.5107692507,0.80078125,0.09317142768,0,0
0.008125,323.65,0.5162931749,0.80078125,0.09232332056,0,0
0.00875,323.65,0.5210930384,0.80078125,0.09153183261,0,0
0.009375,323.65,0.525302215,0.80078125,0.09079536729,0,0
0.01,323.65,0.5290232669,0.80078125,0.09011088692,0,0
0.010625,323.65,0.5323363437,0.80078125,0.0894747467,0,0
0.01125,323.65,0.5353049791,0.80078125,0.08888314723,0,0
0.011875,323.65,0.5379801797,0.80078125,0.08833237492,0,0
0.0125,323.65,0.5404033645,0.80078125,0.08781892312,0,0
0.013125,323.65,0.5426085143,0.80078125,0.08733954603,0,0
0.01375,323.65,0.5446237681,0.80078125,0.08689127517,0,0
0.014375,323.65,0.5464726263,0.80078125,0.08647141532,0,0
0.015,323.65,0.5481748676,0.80078125,0.08607752984,0,0
0.015625,323.65,0.5497472571,0.80078125,0.08570742104,0,0
0.01625,323.65,0.5512040996,0.80078125,0.08535910884,0,0
0.016875,323.65,0.5525576738,0.80078125,0.08503080953,0,0
0.0175,323.65,0.5538185793,0.80078125,0.08472091558,0,0
0.018125,323.65,0.5549960136,0.80078125,0.08442797696,0,0
0.01875,323.65,0.5560979964,0.80078125,0.08415068424,0,0
0.019375,323.65,0.5571315525,0.80078125,0.08388785329,0,0
0.02,323.65,0.5581028612,0.80078125,0.08363841171,0,0
0.020625,323.65,0.5590173796,0.80078125,0.08340138676,0,0
0.02125,323.65,0.5598799453,0.80078125,0.08317589462,0,0
0.021875,323.65,0.560694862,0.80078125,0.08296113094,0,0
0.0225,323.65,0.5614659706,0.80078125,0.08275636248,0,0
0.023125,323.65,0.5621967104,0.80078125,0.08256091968,0,0
0.02375,323.65,0.5628901698,0.80078125,0.08237419015,0,0
0.024375,323.65,0.56354913,0.80078125,0.08219561284,0,0
0.025,323.65,0.5641761025,0.80078125,0.08202467297,0,0
0.025625,323.65,0.5647733608,0.80078125,0.08186089741,0,0
0.02625,323.65,0.5653429679,0.80078125,0.0817038507,0,0
0.026875,323.65,0.5658868003,0.80078125,0.08155313141,0,0
0.0275,323.65,0.5664065683,0.80078125,0.08140836898,0,0
0.028125,323.65,0.5669038345,0.80078125,0.08126922082,0,0
0.02875,323.65,0.5673800289,0.80078125,0.08113536981,0,0
0.029375,323.65,0.5678364627,0.80078125,0.08100652198,0,0
0.03,323.65,0.568274341,0.80078125,0.08088240446,0,0
0.030625,323.65,0.5686947723,0.80078125,0.08076276369,0,0
0.03125,323.65,0.569098779,0.80078125,0.08064736371,0,0
0.031875,323.65,0.5694873051,0.80078125,0.0805359847,0,0
0.0325,323.65,0.5698612233,0.80078125,0.08042842166,0,0
0.033125,323.65,0.5702213423,0.80078125,0.08032448315,0,0
0.03375,323.65,0.570568412,0.80078125,0.08022399024,0,0
0.034375,323.65,0.5709031289,0.80078125,0.08012677548,0,0
0.035,323.65,0.571226141,0.80078125,0.08003268202,0,0
0.035625,323.65,0.5715380516,0.80078125,0.07994156281,0,0
0.03625,323.65,0.5718394234,0.80078125,0.07985327981,0,0
0.036875,323.65,0.5721307814,0.80078125,0.07976770335,0,0
0.0375,323.65,0.5724126166,0.80078125,0.07968471149,0,0
0.038125,323.65,0.5726853883,0.80078125,0.07960418947,0,0
0.03875,323.65,0.5729495267,0.80078125,0.07952602918,0,0
0.039375,323.65,0.5732054354,0.80078125,0.07945012869,0,0
0.04,323.65,0.5734534929,0.80078125,0.07937639185,0,0
0.040625,323.65,0.5736940551,0.80078125,0.07930472783,0,0
0.04125,323.65,0.5739274567,0.80078125,0.07923505081,0,0
0.041875,323.65,0.5741540126,0.80078125,0.0791672796,0,0
0.0425,323.65,0.5743740197,0.80078125,0.07910133738,0,0
0.043125,323.65,0.5745877578,0.80078125,0.07903715136,0,0
0.04375,323.65,0.5747954911,0.80078125,0.07897465256,0,0
0.044375,323.65,0.5749974691,0.80078125,0.07891377557,0,0
0.045,323.65,0.5751939277,0.80078125,0.07885445826,0,0
0.045625,323.65,0.5753850901,0.80078125,0.07879664166,0,0
0.04625,323.65,0.5755711676,0.80078125,0.07874026971,0,0
0.046875,323.65,0.5757523603,0.80078125,0.0786852891,0,0
0.0475,323.65,0.5759288583,0.80078125,0.0786316491,0,0
0.048125,323.65,0.5761008415,0.80078125,0.07857930142,1,1
0.04875,323.65,0.576268481,0.80078125,0.07852820003,0,0
0.049375,323.65,0.5764319393,0.80078125,0.07847830109,0,0
0.05,323.65,0.5765913709,0.80078125,0.07842956274,1,1
0.050625,323.65,0.5767469227,0.80078125,0.07838194508,0,0
0.05125,323.65,0.5768987348,0.80078125,0.07833540998,0,0
0.051875,323.65,0.5770469402,0.80078125,0.07828992103,1,1
0.0525,323.65,0.5771916661,0.80078125,0.07824544344,0,0
0.053125,323.65,0.5773330336,0.80078125,0.07820194393,0,0
0.05375,323.65,0.5774711582,0.80078125,0.07815939065,0,0
0.054375,323.65,0.5776061502,0.80078125,0.07811775313,0,0
0.055,323.65,0.577738115,0.80078125,0.07807700219,0,0
0.055625,323.65,0.5778671533,0.80078125,0.07803710988,0,0
0.05625,323.65,0.5779933613,0.80078125,0.07799804938,0,0
0.056875,323.65,0.5781168312,0.80078125,0.07795979501,1,1
0.0575,323.65,0.5782376511,0.80078125,0.07792232212,0,0
0.058125,323.65,0.5783559055,0.80078125,0.07788560704,0,0
0.05875,323.65,0.5784716751,0.80078125,0.07784962706,0,0
0.059375,323.65,0.5785850375,0.80078125,0.07781436037,1,1
0.06,323.65,0.578696067,0.80078125,0.07777978599,1,1
0.060625,323.65,0.5788048348,0.80078125,0.07774588378,1,1
0.06125,323.65,0.5789114093,0.80078125,0.07771263435,1,1
0.061875,323.65,0.5790158564,0.80078125,0.07768001907,1,1
0.0625,323.65,0.5791182389,0.80078125,0.07764801999,1,1
0.063125,323.65,0.5792186175,0.80078125,0.07761661984,1,1
0.06375,323.65,0.5793170505,0.80078125,0.07758580198,1,1
0.064375,323.65,0.5794135939,0.80078125,0.0775555504,1,1
0.065,323.65,0.5795083017,0.80078125,0.07752584965,1,1
0.065625,323.65,0.5796012255,0.80078125,0.07749668485,1,1
0.06625,323.65,0.5796924155,0.80078125,0.07746804163,1,1
0.066875,323.65,0.5797819196,0.80078125,0.07743990615,1,1
0.0675,323.65,0.5798697842,0.80078125,0.07741226505,1,1
0.068125,323.65,0.5799560539,0.80078125,0.07738510542,1,1
0.06875,323.65,0.5800407718,0.80078125,0.07735841481,1,1
0.069375,323.65,0.5801239793,0.80078125,0.0773321812,1,1
0.07,323.65,0.5802057165,0.80078125,0.07730639295,1,1
0.070625,323.65,0.5802860221,0.80078125,0.07728103885,1,1
0.07125,323.65,0.5803649332,0.80078125,0.07725610802,1,1
0.071875,323.65,0.5804424859,0.80078125,0.07723158997,1,1
0.0725,323.65,0.580518715,0.80078125,0.07720747455,1,1
0.073125,323.65,0.5805936541,0.80078125,0.07718375193,1,1
0.07375,323.65,0.5806673357,0.80078125,0.0771604126,1,1
0.074375,323.65,0.5807397911,0.80078125,0.07713744735,1,1
0.075,323.65,0.5808110506,0.80078125,0.07711484728,1,1
0.075625,323.65,0.5808811438,0.80078125,0.07709260375,1,1
0.07625,323.65,0.5809500989,0.80078125,0.0770707084,1,1
0.076875,323.65,0.5810179434,0.80078125,0.07704915313,1,1
0.0775,323.65,0.5810847041,0.80078125,0.07702793008,1,1
0.078125,323.65,0.5811504065,0.80078125,0.07700703164,1,1
0.07875,323.65,0.5812150758,0.80078125,0.07698645042,1,1
0.079375,323.65,0.581278736,0.80078125,0.07696617926,1,1
0.08,323.65,0.5813414106,0.80078125,0.07694621122,1,1
0.005,324.15,0.474441187,0.796875,0.09730858736,0,0
0.005625,324.15,0.4853659491,0.796875,0.09638335906,0,0
0.00625,324.15,0.4943570071,0.796875,0.09544233658,0,0
0.006875,324.15,0.5018843981,0.796875,0.09452622726,0,0
0.0075,324.15,0.5082776933,0.796875,0.09365411778,0,0
0.008125,324.15,0.5137746716,0.796875,0.09283381745,0,0
0.00875,324.15,0.5185511212,0.796875,0.09206721708,0,0
0.009375,324.15,0.5227397652,0.796875,0.09135314286,0,0
0.01,324.15,0.5264426656,0.796875,0.09068890531,0,0
0.010625,324.15,0.5297395811,0.796875,0.09007114801,0,0
0.01125,324.15,0.5326937353,0.796875,0.08949631195,0,0
0.011875,324.15,0.5353558861,0.796875,0.08896088512,0,0
0.0125,324.15,0.5377672505,0.796875,0.08846153095,0,0
0.013125,324.15,0.5399616435,0.796875,0.08799514804,0,0
0.01375,324.15,0.5419670668,0.796875,0.08755889115,0,0
0.014375,324.15,0.5438069062,0.796875,0.08715017087,0,0
0.015,324.15,0.5455008438,0.796875,0.08676664181,0,0
0.015625,324.15,0.5470655632,0.796875,0.08640618542,0,0
0.01625,324.15,0.5485152991,0.796875,0.0860668905,0,0
0.016875,324.15,0.5498622706,0.796875,0.08574703363,0,0
0.0175,324.15,0.5511170253,0.796875,0.08544506019,0,0
0.018125,324.15,0.5522887159,0.796875,0.08515956685,0,0
0.01875,324.15,0.5533853232,0.796875,0.08488928547,0,0
0.019375,324.15,0.5544138376,0.796875,0.08463306859,0,0
0.02,324.15,0.5553804082,0.796875,0.08438987651,0,0
0.020625,324.15,0.5562904655,0.796875,0.08415876569,0,0
0.02125,324.15,0.5571488237,0.796875,0.0839388785,0,0
0.021875,324.15,0.5579597651,0.796875,0.08372943412,0,0
0.0225,324.15,0.5587271122,0.796875,0.08352972053,0,0
0.023125,324.15,0.5594542874,0.796875,0.08333908735,0,0
0.02375,324.15,0.560144364,0.796875,0.08315693956,0,0
0.024375,324.15,0.5608001098,0.796875,0.08298273189,0,0
0.025,324.15,0.5614240239,0.796875,0.0828159639,0,0
0.025625,324.15,0.5620183688,0.796875,0.08265617556,0,0
0.02625,324.15,0.5625851973,0.796875,0.08250294338,0,0
0.026875,324.15,0.5631263768,0.796875,0.08235587688,0,0
0.0275,324.15,0.5636436095,0.796875,0.08221461554,0,0
0.028125,324.15,0.56413845,0.796875,0.08207882603,0,0
0.02875,324.15,0.5646123214,0.796875,0.08194819972,0,0
0.029375,324.15,0.5650665288,0.796875,0.08182245048,0,0
0.03,324.15,0.565502271,0.796875,0.0817013127,0,0
0.030625,324.15,0.5659206515,0.796875,0.08158453949,0,0
0.03125,324.15,0.5663226874,0.796875,0.08147190111,0,0
0.031875,324.15,0.5667093182,0.796875,0.0813631835,0,0
0.0325,324.15,0.5670814124,0.796875,0.081258187,0,0
0.033125,324.15,0.5674397747,0.796875,0.08115672515,0,0
0.03375,324.15,0.5677851514,0.796875,0.08105862365,0,0
0.034375,324.15,0.5681182356,0.796875,0.08096371938,0,0
0.035,324.15,0.568439672,0.796875,0.08087185953,0,0
0.035625,324.15,0.5687500612,0.796875,0.08078290079,0,0
0.03625,324.15,0.5690499628,0.796875,0.08069670868,0,0
0.036875,324.15,0.5693398995,0.796875,0.08061315681,0,0
0.0375,324.15,0.5696203599,0.796875,0.08053212636,0,0
0.038125,324.15,0.569891801,0.796875,0.08045350546,0,0
0.03875,324.15,0.570154651,0.796875,0.08037718876,0,0
0.039375,324.15,0.5704093113,0.796875,0.08030307689,0,0
0.04,324.15,0.5706561588,0.796875,0.0802310761,0,0
0.040625,324.15,0.5708955476,0.796875,0.08016109787,0,0
0.04125,324.15,0.5711278106,0.796875,0.0800930585,0,0
0.041875,324.15,0.5713532614,0.796875,0.08002687887,0,0
0.0425,324.15,0.5715721952,0.796875,0.07996248404,0,0
0.043125,324.15,0.5717848907,0.796875,0.07989980305,0,0
0.04375,324.15,0.5719916106,0.796875,0.07983876864,0,0
0.044375,324.15,0.5721926034,0.796875,0.079779317,0,0
0.045,324.15,0.5723881036,0.796875,0.07972138756,0,0
0.045625,324.15,0.5725783335,0.796875,0.07966492281,0,0
0.04625,324.15,0.5727635033,0.796875,0.07960986806,0,0
0.046875,324.15,0.5729438122,0.796875,0.07955617132,1,1
0.0475,324.15,0.5731194492,0.796875,0.07950378311,0,0
0.048125,324.15,0.5732905935,0.796875,0.07945265632,1,1
0.04875,324.15,0.5734574152,0.796875,0.07940274606,0,0
0.049375,324.15,0.5736200762,0.796875,0.07935400955,0,0
0.05,324.15,0.57377873,0.796875,0.07930640597,1,1
0.050625,324.15,0.5739335231,0.796875,0.07925989639,0,0
0.05125,324.15,0.5740845946,0.796875,0.07921444361,0,0
0.051875,324.15,0.5742320771,0.796875,0.0791700121,0,0
0.0525,324.15,0.574376097,0.796875,0.07912656793,0,0
0.053125,324.15,0.5745167749,0.796875,0.07908407861,0,0
0.05375,324.15,0.5746542257,0.796875,0.07904251309,0,0
0.054375,324.15,0.5747885592,0.796875,0.07900184162,1,1
0.055,324.15,0.5749198803,0.796875,0.07896203573,0,0
0.055625,324.15,0.5750482891,0.796875,0.07892306814,0,0
0.05625,324.15,0.5751738815,0.796875,0.07888491271,0,0
0.056875,324.15,0.5752967491,0.796875,0.07884754434,0,0
0.0575,324.15,0.5754169797,0.796875,0.078810939,1,1
0.058125,324.15,0.5755346572,0.796875,0.07877507358,0,0
0.05875,324.15,0.5756498621,0.796875,0.07873992593,0,0
0.059375,324.15,0.5757626715,0.796875,0.07870547475,1,1
0.06,324.15,0.5758731593,0.796875,0.07867169957,1,1
0.060625,324.15,0.5759813965,0.796875,0.07863858074,1,1
0.06125,324.15,0.5760874512,0.796875,0.07860609933,1,1
0.061875,324.15,0.5761913888,0.796875,0.07857423715,1,1
0.0625,324.15,0.5762932719,0.796875,0.07854297669,1,1
0.063125,324.15,0.5763931608,0.796875,0.07851230109,1,1
0.06375,324.15,0.5764911137,0.796875,0.07848219411,1,1
0.064375,324.15,0.5765871862,0.796875,0.07845264012,1,1
0.065,324.15,0.5766814319,0.796875,0.07842362405,1,1
0.065625,324.15,0.5767739025,0.796875,0.07839513135,1,1
0.06625,324.15,0.5768646476,0.796875,0.07836714802,1,1
0.066875,324.15,0.5769537151,0.796875,0.07833966054,1,1
0.0675,324.15,0.5770411511,0.796875,0.07831265586,1,1
0.068125,324.15,0.577127,0.796875,0.07828612139,1,1
0.06875,324.15,0.5772113046,0.796875,0.07826004498,1,1
0.069375,324.15,0.5772941063,0.796875,0.07823441487,1,1
0.07,324.15,0.5773754447,0.796875,0.07820921973,1,1
0.070625,324.15,0.5774553585,0.796875,0.07818444858,1,1
0.07125,324.15,0.5775338847,0.796875,0.07816009084,1,1
0.071875,324.15,0.5776110592,0.796875,0.07813613624,1,1
0.0725,324.15,0.5776869164,0.796875,0.07811257487,1,1
0.073125,324.15,0.57776149,0.796875,0.07808939714,1,1
0.07375,324.15,0.5778348121,0.796875,0.07806659377,1,1
0.074375,324.15,0.577906914,0.796875,0.07804415577,1,1
0.075,324.15,0.577977826,0.796875,0.07802207444,1,1
0.075625,324.15,0.5780475772,0.796875,0.07800034135,1,1
0.07625,324.15,0.578116196,0.796875,0.07797894833,1,1
0.076875,324.15,0.5781837096,0.796875,0.07795788748,1,1
0.0775,324.15,0.5782501445,0.796875,0.07793715113,1,1
0.078125,324.15,0.5783155265,0.796875,0.07791673183,1,1
0.07875,324.15,0.5783798803,0.796875,0.07789662239,1,1
0.079375,324.15,0.57844323,0.796875,0.07787681581,1,1
0.08,324.15,0.5785055989,0.796875,0.0778573053,1,1
0.005,324.65,0.4721154949,0.79296875,0.09762881418,0,0
0.005625,324.65,0.4829867043,0.79296875,0.09674895634,0,0
0.00625,324.65,0.4919336884,0.79296875,0.09584760902,0,0
0.006875,324.65,0.4994241805,0.79296875,0.09496639785,0,0
0.0075,324.65,0.505786136,0.79296875,0.09412516977,0,0
0.008125,324.65,0.5112561683,0.79296875,0.09333235688,0,0
0.00875,324.65,0.5160092039,0.79296875,0.09259035923,0,0
0.009375,324.65,0.5201773153,0.79296875,0.09189842055,0,0
0.01,324.65,0.5238620643,0.79296875,0.09125419529,0,0
0.010625,324.65,0.5271428184,0.79296875,0.09065461195,0,0
0.01125,324.65,0.5300824915,0.79296875,0.09009634902,0,0
0.011875,324.65,0.5327315926,0.79296875,0.0895760937,0,0
0.0125,324.65,0.5351311366,0.79296875,0.0890906775,0,0
0.013125,324.65,0.5373147727,0.79296875,0.08863714174,0,0
0.01375,324.65,0.5393103655,0.79296875,0.088212763,0,0
0.014375,324.65,0.5411411861,0.79296875,0.08781505641,0,0
0.015,324.65,0.5428268201,0.79296875,0.08744176682,0,0
0.015625,324.65,0.5443838693,0.79296875,0.08709085387,0,0
0.01625,324.65,0.5458264986,0.79296875,0.0867604745,0,0
0.016875,324.65,0.5471668673,0.79296875,0.08644896483,0,0
0.0175,324.65,0.5484154712,0.79296875,0.08615482261,0,0
0.018125,324.65,0.5495814183,0.79296875,0.08587669062,0,0
0.01875,324.65,0.5506726501,0.79296875,0.08561334155,0,0
0.019375,324.65,0.5516961227,0.79296875,0.08536366423,0,0
0.02,324.65,0.5526579552,0.79296875,0.08512665126,0,0
0.020625,324.65,0.5535635515,0.79296875,0.08490138796,0,0
0.02125,324.65,0.554417702,0.79296875,0.08468704259,0,0
0.021875,324.65,0.5552246682,0.79296875,0.08448285762,0,0
0.0225,324.65,0.5559882539,0.79296875,0.08428814199,0,0
0.023125,324.65,0.5567118645,0.79296875,0.08410226429,0,0
0.02375,324.65,0.5573985583,0.79296875,0.08392464666,0,0
0.024375,324.65,0.5580510897,0.79296875,0.08375475944,0,0
0.025,324.65,0.5586719454,0.79296875,0.08359211638,0,0
0.025625,324.65,0.5592633768,0.79296875,0.0834362704,0,0
0.02625,324.65,0.5598274267,0.79296875,0.08328680981,0,0
0.026875,324.65,0.5603659534,0.79296875,0.083143355,0,0
0.0275,324.65,0.5608806506,0.79296875,0.08300555537,0,0
0.028125,324.65,0.5613730654,0.79296875,0.08287308673,0,0
0.02875,324.65,0.561844614,0.79296875,0.08274564884,0,0
0.029375,324.65,0.5622965948,0.79296875,0.08262296333,0,0
0.03,324.65,0.562730201,0.79296875,0.08250477175,0,0
0.030625,324.65,0.5631465306,0.79296875,0.08239083385,0,0
0.03125,324.65,0.5635465958,0.79296875,0.082280926,0,0
0.031875,324.65,0.5639313313,0.79296875,0.08217483986,0,0
0.0325,324.65,0.5643016016,0.79296875,0.08207238103,0,0
0.033125,324.65,0.5646582072,0.79296875,0.08197336799,0,0
0.03375,324.65,0.5650018909,0.79296875,0.08187763101,0,0
0.034375,324.65,0.5653333423,0.79296875,0.08178501124,0,0
0.035,324.65,0.5656532031,0.79296875,0.08169535986,0,0
0.035625,324.65,0.5659620707,0.79296875,0.0816085373,0,0
0.03625,324.65,0.5662605022,0.79296875,0.08152441255,0,0
0.036875,324.65,0.5665490176,0.79296875,0.08144286251,0,0
0.0375,324.65,0.5668281032,0.79296875,0.08136377141,0,0
0.038125,324.65,0.5670982137,0.79296875,0.08128703026,0,0
0.03875,324.65,0.5673597752,0.79296875,0.0812125364,0,0
0.039375,324.65,0.5676131872,0.79296875,0.08114019303,0,0
0.04,324.65,0.5678588247,0.79296875,0.08106990878,0,0
0.040625,324.65,0.56809704,0.79296875,0.08100159737,0,0
0.04125,324.65,0.5683281645,0.79296875,0.08093517725,0,0
0.041875,324.65,0.5685525101,0.79296875,0.08087057129,0,0
0.0425,324.65,0.5687703707,0.79296875,0.08080770645,0,0
0.043125,324.65,0.5689820236,0.79296875,0.08074651357,0,0
0.04375,324.65,0.5691877302,0.79296875,0.08068692707,0,0
0.044375,324.65,0.5693877377,0.79296875,0.08062888476,0,0
0.045,324.65,0.5695822796,0.79296875,0.08057232759,0,0
0.045625,324.65,0.569771577,0.79296875,0.08051719948,0,0
0.04625,324.65,0.5699558391,0.79296875,0.08046344711,0,0
0.046875,324.65,0.5701352642,0.79296875,0.0804110198,1,1
0.0475,324.65,0.5703100402,0.79296875,0.08035986931,0,0
0.048125,324.65,0.5704803455,0.79296875,0.08030994968,0,0
0.04875,324.65,0.5706463495,0.79296875,0.08026121715,1,1
0.049375,324.65,0.570808213,0.79296875,0.08021363,0,0
0.05,324.65,0.5709660892,0.79296875,0.08016714844,0,0
0.050625,324.65,0.5711201235,0.79296875,0.08012173447,1,1
0.05125,324.65,0.5712704544,0.79296875,0.08007735183,0,0
0.051875,324.65,0.571417214,0.79296875,0.08003396588,0,0
0.0525,324.65,0.5715605279,0.79296875,0.07999154349,1,1
0.053125,324.65,0.5717005162,0.79296875,0.07995005301,0,0
0.05375,324.65,0.5718372932,0.79296875,0.07990946413,0,0
0.054375,324.65,0.5719709682,0.79296875,0.07986974785,0,0
0.055,324.65,0.5721016456,0.79296875,0.07983087638,1,1
0.055625,324.65,0.5722294249,0.79296875,0.07979282313,0,0
0.05625,324.65,0.5723544017,0.79296875,0.07975556257,0,0
0.056875,324.65,0.572476667,0.79296875,0.07971907025,0,0
0.0575,324.65,0.5725963082,0.79296875,0.0796833227,0,0
0.058125,324.65,0.5727134089,0.79296875,0.07964829739,0,0
0.05875,324.65,0.572828049,0.79296875,0.0796139727,0,0
0.059375,324.65,0.5729403054,0.79296875,0.07958032786,1,1
0.06,324.65,0.5730502517,0.79296875,0.0795473429,1,1
0.060625,324.65,0.5731579583,0.79296875,0.07951499863,1,1
0.06125,324.65,0.5732634932,0.79296875,0.0794832766,1,1
0.061875,324.65,0.5733669212,0.79296875,0.07945215905,1,1
0.0625,324.65,0.5734683048,0.79296875,0.0794216289,1,1
0.063125,324.65,0.5735677042,0.79296875,0.0793916697,1,1
0.06375,324.65,0.5736651769,0.79296875,0.07936226562,1,1
0.064375,324.65,0.5737607784,0.79296875,0.07933340137,1,1
0.065,324.65,0.5738545621,0.79296875,0.07930506227,1,1
0.065625,324.65,0.5739465794,0.79296875,0.07927723412,1,1
0.06625,324.65,0.5740368797,0.79296875,0.07924990326,1,1
0.066875,324.65,0.5741255106,0.79296875,0.07922305648,1,1
0.0675,324.65,0.574212518,0.79296875,0.07919668107,1,1
0.068125,324.65,0.5742979461,0.79296875,0.07917076473,1,1
0.06875,324.65,0.5743818374,0.79296875,0.0791452956,1,1
0.069375,324.65,0.5744642332,0.79296875,0.07912026222,1,1
0.07,324.65,0.574545173,0.79296875,0.07909565351,1,1
0.070625,324.65,0.574624695,0.79296875,0.07907145877,1,1
0.07125,324.65,0.5747028363,0.79296875,0.07904766765,1,1
0.071875,324.65,0.5747796324,0.79296875,0.07902427016,1,1
0.0725,324.65,0.5748551178,0.79296875,0.07900125662,1,1
0.073125,324.65,0.5749293258,0.79296875,0.07897861766,1,1
0.07375,324.65,0.5750022885,0.79296875,0.07895634422,1,1
0.074375,324.65,0.575074037,0.79296875,0.07893442754,1,1
0.075,324.65,0.5751446014,0.79296875,0.07891285911,1,1
0.075625,324.65,0.5752140107,0.79296875,0.07889163072,1,1
0.07625,324.65,0.575282293,0.79296875,0.07887073439,1,1
0.076875,324.65,0.5753494757,0.79296875,0.0788501624,1,1
0.0775,324.65,0.575415585,0.79296875,0.07882990727,1,1
0.078125,324.65,0.5754806464,0.79296875,0.07880996173,1,1
0.07875,324.65,0.5755446848,0.79296875,0.07879031876,1,1
0.079375,324.65,0.5756077239,0.79296875,0.07877097152,1,1
0.08,324.65,0.5756697871,0.79296875,0.0787519134,1,1
0.005,325.15,0.4697898028,0.7890625,0.09793922249,0,0
0.005625,325.15,0.4806074595,0.7890625,0.09710419479,0,0
0.00625,325.15,0.4895103697,0.7890625,0.09624205542,0,0
0.006875,325.15,0.4969639628,0.7890625,0.09539533476,0,0
0.0075,325.15,0.5032945787,0.7890625,0.09458462956,0,0
0.008125,325.15,0.508737665,0.7890625,0.09381898646,0,0
0.00875,325.15,0.5134672866,0.7890625,0.09310130825,0,0
0.009375,325.15,0.5176148655,0.7890625,0.09243125096,0,0
0.01,325.15,0.521281463,0.7890625,0.09180680875,0,0
0.010625,325.15,0.5245460558,0.7890625,0.09122519159,0,0
0.01125,325.15,0.5274712477,0.7890625,0.0906833126,0,0
0.011875,325.15,0.530107299,0.7890625,0.09017805581,0,0
0.0125,325.15,0.5324950226,0.7890625,0.08970641886,0,0
0.013125,325.15,0.5346679019,0.7890625,0.08926558407,0,0
0.01375,325.15,0.5366536642,0.7890625,0.08885294843,0,0
0.014375,325.15,0.538475466,0.7890625,0.08846613042,0,0
0.015,325.15,0.5401527963,0.7890625,0.08810296403,0,0
0.015625,325.15,0.5417021753,0.7890625,0.08776148622,0,0
0.01625,325.15,0.5431376981,0.7890625,0.08743992125,0,0
0.016875,325.15,0.544471464,0.7890625,0.08713666414,0,0
0.0175,325.15,0.5457139172,0.7890625,0.08685026435,0,0
0.018125,325.15,0.5468741207,0.7890625,0.08657941029,0,0
0.01875,325.15,0.5479599769,0.7890625,0.08632291501,0,0
0.019375,325.15,0.5489784078,0.7890625,0.08607970318,0,0
0.02,325.15,0.5499355022,0.7890625,0.08584879933,0,0
0.020625,325.15,0.5508366374,0.7890625,0.08562931735,0,0
0.02125,325.15,0.5516865803,0.7890625,0.08542045107,0,0
0.021875,325.15,0.5524895713,0.7890625,0.08522146598,0,0
0.0225,325.15,0.5532493955,0.7890625,0.08503169176,0,0
0.023125,325.15,0.5539694415,0.7890625,0.08485051572,0,0
0.02375,325.15,0.5546527526,0.7890625,0.08467737701,0,0
0.024375,325.15,0.5553020695,0.7890625,0.08451176136,0,0
0.025,325.15,0.5559198668,0.7890625,0.08435319657,0,0
0.025625,325.15,0.5565083848,0.7890625,0.08420124834,0,0
0.02625,325.15,0.5570696562,0.7890625,0.08405551671,0,0
0.026875,325.15,0.55760553,0.7890625,0.08391563274,0,0
0.0275,325.15,0.5581176917,0.7890625,0.08378125567,0,0
0.028125,325.15,0.5586076809,0.7890625,0.08365207034,0,0
0.02875,325.15,0.5590769065,0.7890625,0.08352778482,0,0
0.029375,325.15,0.5595266609,0.7890625,0.0834081284,0,0
0.03,325.15,0.5599581311,0.7890625,0.08329284972,0,0
0.030625,325.15,0.5603724098,0.7890625,0.08318171507,0,0
0.03125,325.15,0.5607705042,0.7890625,0.08307450689,0,0
0.031875,325.15,0.5611533445,0.7890625,0.08297102246,0,0
0.0325,325.15,0.5615217908,0.7890625,0.08287107262,0,0
0.033125,325.15,0.5618766397,0.7890625,0.0827744807,0,0
0.03375,325.15,0.5622186303,0.7890625,0.08268108151,0,0
0.034375,325.15,0.562548449,0.7890625,0.08259072041,0,0
0.035,325.15,0.5628667341,0.7890625,0.08250325255,0,0
0.035625,325.15,0.5631740802,0.7890625,0.08241854202,0,0
0.03625,325.15,0.5634710416,0.7890625,0.08233646127,0,0
0.036875,325.15,0.5637581358,0.7890625,0.08225689043,0,0
0.0375,325.15,0.5640358466,0.7890625,0.08217971675,0,0
0.038125,325.15,0.5643046265,0.7890625,0.08210483411,0,0
0.03875,325.15,0.5645648995,0.7890625,0.0820321425,0,0
0.039375,325.15,0.5648170631,0.7890625,0.08196154764,0,0
0.04,325.15,0.5650614906,0.7890625,0.08189296052,0,0
0.040625,325.15,0.5652985324,0.7890625,0.0818262971,0,0
0.04125,325.15,0.5655285183,0.7890625,0.08176147793,0,0
0.041875,325.15,0.5657517588,0.7890625,0.08169842784,0,0
0.0425,325.15,0.5659685462,0.7890625,0.08163707571,0,0
0.043125,325.15,0.5661791564,0.7890625,0.08157735411,0,0
0.04375,325.15,0.5663838497,0.7890625,0.08151919917,0,0
0.044375,325.15,0.566582872,0.7890625,0.08146255026,0,0
0.045,325.15,0.5667764556,0.7890625,0.08140734984,0,0
0.045625,325.15,0.5669648205,0.7890625,0.08135354327,0,0
0.04625,325.15,0.5671481749,0.7890625,0.08130107857,0,0
0.046875,325.15,0.5673267161,0.7890625,0.08124990635,0,0
0.0475,325.15,0.5675006311,0.7890625,0.08119997958,0,0
0.048125,325.15,0.5676700975,0.7890625,0.08115125347,0,0
0.04875,325.15,0.5678352837,0.7890625,0.08110368537,1,1
0.049375,325.15,0.5679963499,0.7890625,0.08105723459,0,0
0.05,325.15,0.5681534484,0.7890625,0.08101186235,0,0
0.050625,325.15,0.5683067239,0.7890625,0.08096753162,1,1
0.05125,325.15,0.5684563143,0.7890625,0.08092420703,0,0
0.051875,325.15,0.5686023509,0.7890625,0.08088185481,0,0
0.0525,325.15,0.5687449588,0.7890625,0.08084044268,0,0
0.053125,325.15,0.5688842575,0.7890625,0.08079993974,0,0
0.05375,325.15,0.5690203608,0.7890625,0.08076031647,0,0
0.054375,325.15,0.5691533773,0.7890625,0.08072154458,0,0
0.055,325.15,0.5692834109,0.7890625,0.08068359698,0,0
0.055625,325.15,0.5694105608,0.7890625,0.08064644772,1,1
0.05625,325.15,0.5695349219,0.7890625,0.08061007193,0,0
0.056875,325.15,0.5696565849,0.7890625,0.08057444575,0,0
0.0575,325.15,0.5697756367,0.7890625,0.0805395463,0,0
0.058125,325.15,0.5698921605,0.7890625,0.08050535161,0,0
0.05875,325.15,0.570006236,0.7890625,0.08047184058,1,1
0.059375,325.15,0.5701179394,0.7890625,0.08043899296,1,1
0.06,325.15,0.570227344,0.7890625,0.08040678928,1,1
0.060625,325.15,0.5703345201,0.7890625,0.08037521083,1,1
0.06125,325.15,0.5704395351,0.7890625,0.08034423959,1,1
0.061875,325.15,0.5705424536,0.7890625,0.08031385827,1,1
0.0625,325.15,0.5706433378,0.7890625,0.08028405018,1,1
0.063125,325.15,0.5707422475,0.7890625,0.08025479929,1,1
0.06375,325.15,0.57083924,0.7890625,0.08022609014,1,1
0.064375,325.15,0.5709343706,0.7890625,0.08019790785,1,1
0.065,325.15,0.5710276924,0.7890625,0.08017023807,1,1
0.065625,325.15,0.5711192564,0.7890625,0.08014306696,1,1
0.06625,325.15,0.5712091118,0.7890625,0.08011638119,1,1
0.066875,325.15,0.5712973061,0.7890625,0.08009016789,1,1
0.0675,325.15,0.5713838849,0.7890625,0.08006441463,1,1
0.068125,325.15,0.5714688922,0.7890625,0.08003910943,1,1
0.06875,325.15,0.5715523703,0.7890625,0.08001424072,1,1
0.069375,325.15,0.5716343601,0.7890625,0.07998979731,1,1
0.07,325.15,0.5717149012,0.7890625,0.07996576841,1,1
0.070625,325.15,0.5717940315,0.7890625,0.07994214356,1,1
0.07125,325.15,0.5718717878,0.7890625,0.07991891268,1,1
0.071875,325.15,0.5719482056,0.7890625,0.079896066,1,1
0.0725,325.15,0.5720233192,0.7890625,0.07987359409,1,1
0.073125,325.15,0.5720971616,0.7890625,0.07985148781,1,1
0.07375,325.15,0.5721697649,0.7890625,0.07982973832,1,1
0.074375,325.15,0.57224116,0.7890625,0.07980833706,1,1
0.075,325.15,0.5723113767,0.7890625,0.07978727574,1,1
0.075625,325.15,0.5723804441,0.7890625,0.07976654634,1,1
0.07625,325.15,0.5724483901,0.7890625,0.07974614108,1,1
0.076875,325.15,0.5725152418,0.7890625,0.07972605243,1,1
0.0775,325.15,0.5725810255,0.7890625,0.07970627308,1,1
0.078125,325.15,0.5726457664,0.7890625,0.07968679595,1,1
0.07875,325.15,0.5727094893,0.7890625,0.07966761417,1,1
0.079375,325.15,0.5727722179,0.7890625,0.07964872109,1,1
0.08,325.15,0.5728339754,0.7890625,0.07963011024,1,1
0.005,325.65,0.4674641108,0.78515625,0.09823984885,0,0
0.005625,325.65,0.4782282146,0.78515625,0.09744911366,0,0
0.00625,325.65,0.4870870511,0.78515625,0.09662571741,0,0
0.006875,325.65,0.4945037452,0.78515625,0.09581308177,0,0
0.0075,325.65,0.5008030214,0.78515625,0.09503254282,0,0
0.008125,325.65,0.5062191617,0.78515625,0.09429375356,0,0
0.00875,325.65,0.5109253694,0.78515625,0.09360011305,0,0
0.009375,325.65,0.5150524157,0.78515625,0.09295168443,0,0
0.01,325.65,0.5187008617,0.78515625,0.09234679731,0,0
0.010625,325.65,0.5219492931,0.78515625,0.0917829397,0,0
0.01125,325.65,0.5248600039,0.78515625,0.09125725654,0,0
0.011875,325.65,0.5274830054,0.78515625,0.09076682631,0,0
0.0125,325.65,0.5298589086,0.78515625,0.0903088108,0,0
0.013125,325.65,0.5320210311,0.78515625,0.08988053166,0,0
0.01375,325.65,0.5339969629,0.78515625,0.08947950486,0,0
0.014375,325.65,0.5358097458,0.78515625,0.08910345103,0,0
0.015,325.65,0.5374787726,0.78515625,0.08875029227,0,0
0.015625,325.65,0.5390204814,0.78515625,0.08841814193,0,0
0.01625,325.65,0.5404488977,0.78515625,0.08810529082,0,0
0.016875,325.65,0.5417760607,0.78515625,0.08781019219,0,0
0.0175,325.65,0.5430123631,0.78515625,0.0875314466,0,0
0.018125,325.65,0.5441668231,0.78515625,0.08726778755,0,0
0.01875,325.65,0.5452473038,0.78515625,0.087018068,0,0
0.019375,325.65,0.5462606929,0.78515625,0.08678124803,0,0
0.02,325.65,0.5472130492,0.78515625,0.08655638377,0,0
0.020625,325.65,0.5481097234,0.78515625,0.08634261729,0,0
0.02125,325.65,0.5489554586,0.78515625,0.08613916776,0,0
0.021875,325.65,0.5497544745,0.78515625,0.08594532339,0,0
0.0225,325.65,0.5505105371,0.78515625,0.08576043435,0,0
0.023125,325.65,0.5512270185,0.78515625,0.08558390651,0,0
0.02375,325.65,0.5519069469,0.78515625,0.08541519577,0,0
0.024375,325.65,0.5525530494,0.78515625,0.08525380312,0,0
0.025,325.65,0.5531677883,0.78515625,0.08509927023,0,0
0.025625,325.65,0.5537533927,0.78515625,0.08495117545,0,0
0.02625,325.65,0.5543118856,0.78515625,0.08480913037,0,0
0.026875,325.65,0.5548451066,0.78515625,0.08467277665,0,0
0.0275,325.65,0.5553547329,0.78515625,0.08454178324,0,0
0.028125,325.65,0.5558422963,0.78515625,0.0844158439,0,0
0.02875,325.65,0.556309199,0.78515625,0.08429467492,0,0
0.029375,325.65,0.5567567269,0.78515625,0.08417801318,0,0
0.03,325.65,0.5571860611,0.78515625,0.08406561429,0,0
0.030625,325.65,0.5575982889,0.78515625,0.08395725103,0,0
0.03125,325.65,0.5579944126,0.78515625,0.08385271185,0,0
0.031875,325.65,0.5583753576,0.78515625,0.08375179957,0,0
0.0325,325.65,0.5587419799,0.78515625,0.08365433021,0,0
0.033125,325.65,0.5590950722,0.78515625,0.0835601319,0,0
0.03375,325.65,0.5594353698,0.78515625,0.08346904394,0,0
0.034375,325.65,0.5597635557,0.78515625,0.08338091587,0,0
0.035,325.65,0.5600802651,0.78515625,0.0832956067,0,0
0.035625,325.65,0.5603860897,0.78515625,0.08321298422,0,0
0.03625,325.65,0.560681581,0.78515625,0.08313292425,0,0
0.036875,325.65,0.5609672539,0.78515625,0.08305531013,0,0
0.0375,325.65,0.5612435899,0.78515625,0.0829800321,0,0
0.038125,325.65,0.5615110392,0.78515625,0.08290698685,0,0
0.03875,325.65,0.5617700238,0.78515625,0.08283607702,0,0
0.039375,325.65,0.5620209391,0.78515625,0.0827672108,0,0
0.04,325.65,0.5622641565,0.78515625,0.08270030154,0,0
0.040625,325.65,0.5625000248,0.78515625,0.08263526739,0,0
0.04125,325.65,0.5627288722,0.78515625,0.08257203097,0,0
0.041875,325.65,0.5629510075,0.78515625,0.08251051911,0,0
0.0425,325.65,0.5631667217,0.78515625,0.08245066249,0,0
0.043125,325.65,0.5633762893,0.78515625,0.08239239547,0,0
0.04375,325.65,0.5635799693,0.78515625,0.08233565582,0,0
0.044375,325.65,0.5637780062,0.78515625,0.08228038449,0,0
0.045,325.65,0.5639706315,0.78515625,0.08222652542,0,0
0.045625,325.65,0.5641580639,0.78515625,0.08217402537,0,0
0.04625,325.65,0.5643405106,0.78515625,0.08212283372,0,0
0.046875,325.65,0.564518168,0.78515625,0.08207290233,0,0
0.0475,325.65,0.564691222,0.78515625,0.08202418538,1,1
0.048125,325.65,0.5648598495,0.78515625,0.08197663924,0,0
0.04875,325.65,0.5650242179,0.78515625,0.08193022233,0,0
0.049375,325.65,0.5651844868,0.78515625,0.08188489503,0,0
0.05,325.65,0.5653408075,0.78515625,0.08184061952,0,0
0.050625,325.65,0.5654933242,0.78515625,0.08179735972,0,0
0.05125,325.65,0.5656421741,0.78515625,0.08175508116,1,1
0.051875,325.65,0.5657874877,0.78515625,0.08171375094,0,0
0.0525,325.65,0.5659293897,0.78515625,0.08167333758,0,0
0.053125,325.65,0.5660679988,0.78515625,0.08163381098,0,0
0.05375,325.65,0.5662034283,0.78515625,0.08159514235,0,0
0.054375,325.65,0.5663357863,0.78515625,0.08155730412,0,0
0.055,325.65,0.5664651762,0.78515625,0.08152026989,0,0
0.055625,325.65,0.5665916966,0.78515625,0.08148401437,0,0
0.05625,325.65,0.5667154421,0.78515625,0.0814485133,1,1
0.056875,325.65,0.5668365028,0.78515625,0.08141374343,0,0
0.0575,325.65,0.5669549653,0.78515625,0.08137968244,0,0
0.058125,325.65,0.5670709122,0.78515625,0.08134630893,0,0
0.05875,325.65,0.5671844229,0.78515625,0.08131360233,1,1
0.059375,325.65,0.5672955733,0.78515625,0.08128154289,1,1
0.06,325.65,0.5674044364,0.78515625,0.08125011162,1,1
0.060625,325.65,0.5675110819,0.78515625,0.08121929028,1,1
0.06125,325.65,0.567615577,0.78515625,0.08118906131,1,1
0.061875,325.65,0.567717986,0.78515625,0.08115940784,1,1
0.0625,325.65,0.5678183708,0.78515625,0.08113031362,1,1
0.063125,325.65,0.5679167908,0.78515625,0.08110176299,1,1
0.06375,325.65,0.5680133032,0.78515625,0.08107374089,1,1
0.064375,325.65,0.5681079628,0.78515625,0.08104623281,1,1
0.065,325.65,0.5682008226,0.78515625,0.08101922475,1,1
0.065625,325.65,0.5682919333,0.78515625,0.08099270322,1,1
0.06625,325.65,0.568381344,0.78515625,0.08096665522,1,1
0.066875,325.65,0.5684691017,0.78515625,0.08094106819,1,1
0.0675,325.65,0.5685552518,0.78515625,0.08091593002,1,1
0.068125,325.65,0.5686398382,0.78515625,0.08089122903,1,1
0.06875,325.65,0.5687229031,0.78515625,0.08086695392,1,1
0.069375,325.65,0.568804487,0.78515625,0.08084309379,1,1
0.07,325.65,0.5688846294,0.78515625,0.0808196381,1,1
0.070625,325.65,0.568963368,0.78515625,0.08079657667,1,1
0.07125,325.65,0.5690407394,0.78515625,0.08077389966,1,1
0.071875,325.65,0.5691167789,0.78515625,0.08075159754,1,1
0.0725,325.65,0.5691915206,0.78515625,0.08072966111,1,1
0.073125,325.65,0.5692649975,0.78515625,0.08070808146,1,1
0.07375,325.65,0.5693372413,0.78515625,0.08068684996,1,1
0.074375,325.65,0.5694082829,0.78515625,0.08066595827,1,1
0.075,325.65,0.5694781521,0.78515625,0.0806453983,1,1
0.075625,325.65,0.5695468776,0.78515625,0.08062516223,1,1
0.07625,325.65,0.5696144872,0.78515625,0.08060524247,1,1
0.076875,325.65,0.569681008,0.78515625,0.08058563166,1,1
0.0775,325.65,0.5697464659,0.78515625,0.08056632269,1,1
0.078125,325.65,0.5698108864,0.78515625,0.08054730865,1,1
0.07875,325.65,0.5698742938,0.78515625,0.08052858283,1,1
0.079375,325.65,0.5699367119,0.78515625,0.08051013875,1,1
0.08,325.65,0.5699981636,0.78515625,0.08049197009,1,1
0.005,326.15,0.4651384187,0.78125,0.09853072967,0,0
0.005625,326.15,0.4758489698,0.78125,0.09778375202,0,0
0.00625,326.15,0.4846637324,0.78125,0.09699863642,0,0
0.006875,326.15,0.4920435276,0.78125,0.0962196824,0,0
0.0075,326.15,0.4983114641,0.78125,0.09546895497,0,0
0.008125,326.15,0.5037006584,0.78125,0.09475670532,0,0
0.00875,326.15,0.5083834521,0.78125,0.09408682231,0,0
0.009375,326.15,0.5124899658,0.78125,0.09345977099,0,0
0.01,326.15,0.5161202604,0.78125,0.09287421228,0,0
0.010625,326.15,0.5193525304,0.78125,0.09232790878,0,0
0.01125,326.15,0.5222487601,0.78125,0.09181823441,0,0
0.011875,326.15,0.5248587119,0.78125,0.09134245975,0,0
0.0125,326.15,0.5272227946,0.78125,0.09089790877,0,0
0.013125,326.15,0.5293741603,0.78125,0.0904820408,0,0
0.01375,326.15,0.5313402616,0.78125,0.09009248938,0,0
0.014375,326.15,0.5331440257,0.78125,0.08972707606,0,0
0.015,326.15,0.5348047488,0.78125,0.08938381003,0,0
0.015625,326.15,0.5363387875,0.78125,0.08906088014,0,0
0.01625,326.15,0.5377600972,0.78125,0.08875664297,0,0
0.016875,326.15,0.5390806574,0.78125,0.08846960928,0,0
0.0175,326.15,0.5403108091,0.78125,0.08819843018,0,0
0.018125,326.15,0.5414595254,0.78125,0.08794188373,0,0
0.01875,326.15,0.5425346306,0.78125,0.08769886231,0,0
0.019375,326.15,0.5435429781,0.78125,0.08746836104,0,0
0.02,326.15,0.5444905963,0.78125,0.08724946722,0,0
0.020625,326.15,0.5453828093,0.78125,0.08704135087,0,0
0.02125,326.15,0.5462243369,0.78125,0.08684325611,0,0
0.021875,326.15,0.5470193776,0.78125,0.08665449365,0,0
0.0225,326.15,0.5477716787,0.78125,0.08647443394,0,0
0.023125,326.15,0.5484845955,0.78125,0.08630250113,0,0
0.02375,326.15,0.5491611412,0.78125,0.08613816774,0,0
0.024375,326.15,0.5498040292,0.78125,0.08598094982,0,0
0.025,326.15,0.5504157097,0.78125,0.08583040274,0,0
0.025625,326.15,0.5509984007,0.78125,0.08568611737,0,0
0.02625,326.15,0.551554115,0.78125,0.08554771671,0,0
0.026875,326.15,0.5520846832,0.78125,0.08541485291,0,0
0.0275,326.15,0.552591774,0.78125,0.0852872045,0,0
0.028125,326.15,0.5530769118,0.78125,0.08516447406,0,0
0.02875,326.15,0.5535414916,0.78125,0.08504638603,0,0
0.029375,326.15,0.5539867929,0.78125,0.08493268474,0,0
0.03,326.15,0.5544139912,0.78125,0.08482313276,0,0
0.030625,326.15,0.5548241681,0.78125,0.08471750924,0,0
0.03125,326.15,0.555218321,0.78125,0.08461560856,0,0
0.031875,326.15,0.5555973708,0.78125,0.08451723906,0,0
0.0325,326.15,0.5559621691,0.78125,0.08442222185,0,0
0.033125,326.15,0.5563135047,0.78125,0.08433038983,0,0
0.03375,326.15,0.5566521092,0.78125,0.0842415867,0,0
0.034375,326.15,0.5569786624,0.78125,0.08415566615,0,0
0.035,326.15,0.5572937961,0.78125,0.08407249104,0,0
0.035625,326.15,0.5575980992,0.78125,0.08399193276,0,0
0.03625,326.15,0.5578921203,0.78125,0.0839138705,0,0
0.036875,326.15,0.5581763721,0.78125,0.08383819075,0,0
0.0375,326.15,0.5584513332,0.78125,0.08376478673,0,0
0.038125,326.15,0.558717452,0.78125,0.08369355789,0,0
0.03875,326.15,0.558975148,0.78125,0.0836244095,0,0
0.039375,326.15,0.559224815,0.78125,0.08355725219,0,0
0.04,326.15,0.5594668223,0.78125,0.08349200163,0,0
0.040625,326.15,0.5597015172,0.78125,0.08342857815,0,0
0.04125,326.15,0.5599292261,0.78125,0.08336690643,0,0
0.041875,326.15,0.5601502562,0.78125,0.08330691522,0,0
0.0425,326.15,0.5603648973,0.78125,0.08324853705,0,0
0.043125,326.15,0.5605734222,0.78125,0.08319170801,0,0
0.04375,326.15,0.5607760888,0.78125,0.08313636749,0,0
0.044375,326.15,0.5609731405,0.78125,0.08308245801,0,0
0.045,326.15,0.5611648075,0.78125,0.08302992498,0,0
0.045625,326.15,0.5613513074,0.78125,0.08297871654,0,0
0.04625,326.15,0.5615328464,0.78125,0.08292878341,0,0
0.046875,326.15,0.5617096199,0.78125,0.08288007868,0,0
0.0475,326.15,0.561881813,0.78125,0.08283255775,1,1
0.048125,326.15,0.5620496014,0.78125,0.08278617811,0,0
0.04875,326.15,0.5622131522,0.78125,0.08274089926,0,0
0.049375,326.15,0.5623726237,0.78125,0.08269668261,1,1
0.05,326.15,0.5625281667,0.78125,0.08265349131,0,0
0.050625,326.15,0.5626799246,0.78125,0.08261129022,0,0
0.05125,326.15,0.5628280339,0.78125,0.08257004576,0,0
0.051875,326.15,0.5629726246,0.78125,0.08252972587,0,0
0.0525,326.15,0.5631138206,0.78125,0.08249029988,0,0
0.053125,326.15,0.5632517401,0.78125,0.08245173847,0,0
0.05375,326.15,0.5633864958,0.78125,0.08241401359,0,0
0.054375,326.15,0.5635181953,0.78125,0.08237709837,0,0
0.055,326.15,0.5636469415,0.78125,0.08234096709,0,0
0.055625,326.15,0.5637728325,0.78125,0.08230559509,0,0
0.05625,326.15,0.5638959623,0.78125,0.08227095876,0,0
0.056875,326.15,0.5640164207,0.78125,0.08223703542,0,0
0.0575,326.15,0.5641342938,0.78125,0.08220380334,0,0
0.058125,326.15,0.5642496639,0.78125,0.08217124163,0,0
0.05875,326.15,0.5643626099,0.78125,0.08213933028,1,1
0.059375,326.15,0.5644732073,0.78125,0.08210805001,1,1
0.06,326.15,0.5645815287,0.78125,0.08207738234,1,1
0.060625,326.15,0.5646876437,0.78125,0.08204730947,1,1
0.06125,326.15,0.5647916189,0.78125,0.08201781431,1,1
0.061875,326.15,0.5648935184,0.78125,0.08198888039,1,1
0.0625,326.15,0.5649934038,0.78125,0.08196049188,1,1
0.063125,326.15,0.5650913342,0.78125,0.08193263352,1,1
0.06375,326.15,0.5651873664,0.78125,0.08190529063,1,1
0.064375,326.15,0.5652815551,0.78125,0.08187844906,1,1
0.065,326.15,0.5653739528,0.78125,0.08185209517,1,1
0.065625,326.15,0.5654646103,0.78125,0.08182621581,1,1
0.06625,326.15,0.5655535761,0.78125,0.0818007983,1,1
0.066875,326.15,0.5656408972,0.78125,0.08177583039,1,1
0.0675,326.15,0.5657266187,0.78125,0.0817513003,1,1
0.068125,326.15,0.5658107843,0.78125,0.08172719662,1,1
0.06875,326.15,0.5658934359,0.78125,0.08170350833,1,1
0.069375,326.15,0.565974614,0.78125,0.08168022482,1,1
0.07,326.15,0.5660543576,0.78125,0.08165733581,1,1
0.070625,326.15,0.5661327045,0.78125,0.08163483137,1,1
0.07125,326.15,0.5662096909,0.78125,0.08161270191,1,1
0.071875,326.15,0.5662853521,0.78125,0.08159093814,1,1
0.0725,326.15,0.566359722,0.78125,0.08156953108,1,1
0.073125,326.15,0.5664328333,0.78125,0.08154847204,1,1
0.07375,326.15,0.5665047177,0.78125,0.08152775263,1,1
0.074375,326.15,0.5665754059,0.78125,0.08150736469,1,1
0.075,326.15,0.5666449275,0.78125,0.08148730036,1,1
0.075625,326.15,0.566713311,0.78125,0.08146755198,1,1
0.07625,326.15,0.5667805843,0.78125,0.08144811217,1,1
0.076875,326.15,0.5668467741,0.78125,0.08142897376,1,1
0.0775,326.15,0.5669119064,0.78125,0.0814101298,1,1
0.078125,326.15,0.5669760064,0.78125,0.08139157356,1,1
0.07875,326.15,0.5670390983,0.78125,0.0813732985,1,1
0.079375,326.15,0.5671012059,0.78125,0.08135529829,1,1
0.08,326.15,0.5671623518,0.78125,0.08133756678,1,1
0.005,326.65,0.4628127266,0.77734375,0.09881190115,0,0
0.005625,326.65,0.4734697249,0.77734375,0.09810814872,0,0
0.00625,326.65,0.4822404137,0.77734375,0.09736085365,0,0
0.006875,326.65,0.4895833099,0.77734375,0.09661517995,0,0
0.0075,326.65,0.4958199067,0.77734375,0.09589391117,0,0
0.008125,326.65,0.5011821551,0.77734375,0.09520788859,0,0
0.00875,326.65,0.5058415349,0.77734375,0.09456148441,0,0
0.009375,326.65,0.509927516,0.77734375,0.09395556044,0,0
0.01,326.65,0.5135396591,0.77734375,0.09338910472,0,0
0.010625,326.65,0.5167557678,0.77734375,0.09286015104,0,0
0.01125,326.65,0.5196375163,0.77734375,0.09236629946,0,0
0.011875,326.65,0.5222344183,0.77734375,0.09190501037,0,0
0.0125,326.65,0.5245866807,0.77734375,0.09147376791,0,0
0.013125,326.65,0.5267272895,0.77734375,0.09107016747,0,0
0.01375,326.65,0.5286835603,0.77734375,0.09069195875,0,0
0.014375,326.65,0.5304783056,0.77734375,0.090337063,0,0
0.015,326.65,0.5321307251,0.77734375,0.09000357548,0,0
0.015625,326.65,0.5336570935,0.77734375,0.08968975965,0,0
0.01625,326.65,0.5350712967,0.77734375,0.08939403707,0,0
0.016875,326.65,0.5363852541,0.77734375,0.08911497536,0,0
0.0175,326.65,0.5376092551,0.77734375,0.08885127558,0,0
0.018125,326.65,0.5387522278,0.77734375,0.0886017598,0,0
0.01875,326.65,0.5398219575,0.77734375,0.08836535939,0,0
0.019375,326.65,0.5408252632,0.77734375,0.08814110408,0,0
0.02,326.65,0.5417681433,0.77734375,0.08792811202,0,0
0.020625,326.65,0.5426558953,0.77734375,0.08772558077,0,0
0.02125,326.65,0.5434932152,0.77734375,0.0875327792,0,0
0.021875,326.65,0.5442842807,0.77734375,0.08734904021,0,0
0.0225,326.65,0.5450328203,0.77734375,0.08717375429,0,0
0.023125,326.65,0.5457421725,0.77734375,0.08700636371,0,0
0.02375,326.65,0.5464153355,0.77734375,0.08684635735,0,0
0.024375,326.65,0.5470550091,0.77734375,0.08669326618,0,0
0.025,326.65,0.5476636312,0.77734375,0.08654665911,0,0
0.025625,326.65,0.5482434087,0.77734375,0.08640613938,0,0
0.02625,326.65,0.5487963444,0.77734375,0.08627134128,0,0
0.026875,326.65,0.5493242598,0.77734375,0.0861419273,0,0
0.0275,326.65,0.5498288151,0.77734375,0.08601758547,0,0
0.028125,326.65,0.5503115272,0.77734375,0.08589802709,0,0
0.02875,326.65,0.5507737841,0.77734375,0.08578298461,0,0
0.029375,326.65,0.551216859,0.77734375,0.08567220979,0,0
0.03,326.65,0.5516419212,0.77734375,0.08556547202,0,0
0.030625,326.65,0.5520500473,0.77734375,0.08546255678,0,0
0.03125,326.65,0.5524422294,0.77734375,0.08536326432,0,0
0.031875,326.65,0.5528193839,0.77734375,0.0852674084,0,0
0.0325,326.65,0.5531823582,0.77734375,0.08517481519,0,0
0.033125,326.65,0.5535319371,0.77734375,0.08508532229,0,0
0.03375,326.65,0.5538688487,0.77734375,0.08499877778,0,0
0.034375,326.65,0.554193769,0.77734375,0.08491503941,0,0
0.035,326.65,0.5545073271,0.77734375,0.08483397387,0,0
0.035625,326.65,0.5548101087,0.77734375,0.08475545609,0,0
0.03625,326.65,0.5551026597,0.77734375,0.08467936861,0,0
0.036875,326.65,0.5553854902,0.77734375,0.08460560104,0,0
0.0375,326.65,0.5556590766,0.77734375,0.08453404952,0,0
0.038125,326.65,0.5559238647,0.77734375,0.08446461625,0,0
0.03875,326.65,0.5561802723,0.77734375,0.08439720908,0,0
0.039375,326.65,0.5564286909,0.77734375,0.08433174108,0,0
0.04,326.65,0.5566694882,0.77734375,0.08426813019,0,0
0.040625,326.65,0.5569030096,0.77734375,0.08420629889,0,0
0.04125,326.65,0.5571295799,0.77734375,0.08414617392,0,0
0.041875,326.65,0.5573495049,0.77734375,0.08408768591,0,0
0.0425,326.65,0.5575630728,0.77734375,0.08403076923,0,0
0.043125,326.65,0.5577705551,0.77734375,0.08397536166,0,0
0.04375,326.65,0.5579722084,0.77734375,0.08392140423,0,0
0.044375,326.65,0.5581682748,0.77734375,0.08386884098,0,0
0.045,326.65,0.5583589834,0.77734375,0.08381761877,0,0
0.045625,326.65,0.5585445508,0.77734375,0.08376768713,0,0
0.04625,326.65,0.5587251822,0.77734375,0.08371899807,1,1
0.046875,326.65,0.5589010718,0.77734375,0.08367150594,0,0
0.0475,326.65,0.5590724039,0.77734375,0.0836251673,0,0
0.048125,326.65,0.5592393534,0.77734375,0.08357994078,0,0
0.04875,326.65,0.5594020864,0.77734375,0.08353578694,0,0
0.049375,326.65,0.5595607606,0.77734375,0.08349266819,0,0
0.05,326.65,0.5597155259,0.77734375,0.08345054866,0,0
0.050625,326.65,0.559866525,0.77734375,0.08340939413,0,0
0.05125,326.65,0.5600138937,0.77734375,0.08336917191,0,0
0.051875,326.65,0.5601577615,0.77734375,0.08332985076,1,1
0.0525,326.65,0.5602982515,0.77734375,0.08329140082,0,0
0.053125,326.65,0.5604354814,0.77734375,0.08325379353,0,0
0.05375,326.65,0.5605695633,0.77734375,0.08321700157,0,0
0.054375,326.65,0.5607006043,0.77734375,0.08318099877,1,1
0.055,326.65,0.5608287067,0.77734375,0.08314576008,0,0
0.055625,326.65,0.5609539683,0.77734375,0.08311126149,0,0
0.05625,326.65,0.5610764824,0.77734375,0.08307747997,0,0
0.056875,326.65,0.5611963386,0.77734375,0.08304439345,0,0
0.0575,326.65,0.5613136223,0.77734375,0.08301198076,0,0
0.058125,326.65,0.5614284156,0.77734375,0.08298022156,0,0
0.05875,326.65,0.5615407968,0.77734375,0.08294909632,1,1
0.059375,326.65,0.5616508413,0.77734375,0.0829185863,1,1
0.06,326.65,0.5617586211,0.77734375,0.08288867346,1,1
0.060625,326.65,0.5618642055,0.77734375,0.08285934049,1,1
0.06125,326.65,0.5619676608,0.77734375,0.08283057071,1,1
0.061875,326.65,0.5620690508,0.77734375,0.08280234809,1,1
0.0625,326.65,0.5621684368,0.77734375,0.08277465719,1,1
0.063125,326.65,0.5622658775,0.77734375,0.08274748317,1,1
0.06375,326.65,0.5623614295,0.77734375,0.0827208117,1,1
0.064375,326.65,0.5624551473,0.77734375,0.082694629,1,1
0.065,326.65,0.5625470831,0.77734375,0.08266892177,1,1
0.065625,326.65,0.5626372872,0.77734375,0.08264367721,1,1
0.06625,326.65,0.5627258082,0.77734375,0.08261888295,1,1
0.066875,326.65,0.5628126927,0.77734375,0.08259452708,1,1
0.0675,326.65,0.5628979856,0.77734375,0.08257059808,1,1
0.068125,326.65,0.5629817304,0.77734375,0.08254708485,1,1
0.06875,326.65,0.5630639687,0.77734375,0.08252397667,1,1
0.069375,326.65,0.5631447409,0.77734375,0.08250126317,1,1
0.07,326.65,0.5632240858,0.77734375,0.08247893433,1,1
0.070625,326.65,0.5633020409,0.77734375,0.0824569805,1,1
0.07125,326.65,0.5633786425,0.77734375,0.0824353923,1,1
0.071875,326.65,0.5634539254,0.77734375,0.0824141607,1,1
0.0725,326.65,0.5635279234,0.77734375,0.08239327694,1,1
0.073125,326.65,0.5636006691,0.77734375,0.08237273255,1,1
0.07375,326.65,0.5636721941,0.77734375,0.08235251935,1,1
0.074375,326.65,0.5637425289,0.77734375,0.08233262939,1,1
0.075,326.65,0.5638117028,0.77734375,0.08231305499,1,1
0.075625,326.65,0.5638797445,0.77734375,0.08229378872,1,1
0.07625,326.65,0.5639466814,0.77734375,0.08227482336,1,1
0.076875,326.65,0.5640125402,0.77734375,0.08225615193,1,1
0.0775,326.65,0.5640773469,0.77734375,0.08223776765,1,1
0.078125,326.65,0.5641411263,0.77734375,0.08221966396,1,1
0.07875,326.65,0.5642039028,0.77734375,0.08220183449,1,1
0.079375,326.65,0.5642656998,0.77734375,0.08218427306,1,1
0.08,326.65,0.5643265401,0.77734375,0.08216697368,1,1
0.005,327.15,0.4604870345,0.7734375,0.09908339932,0,0
0.005625,327.15,0.4710904801,0.7734375,0.09842234242,0,0
0.00625,327.15,0.4798170951,0.7734375,0.0977124101,0,0
0.006875,327.15,0.4871230923,0.7734375,0.0969996175,0,0
0.0075,327.15,0.4933283494,0.7734375,0.09630745638,0,0
0.008125,327.15,0.4986636518,0.7734375,0.09564735,0,0
0.00875,327.15,0.5032996176,0.7734375,0.09502414749,0,0
0.009375,327.15,0.5073650662,0.7734375,0.0944391023,0,0
0.01,327.15,0.5109590578,0.7734375,0.0938915254,0,0
0.010625,327.15,0.5141590051,0.7734375,0.09337971838,0,0
0.01125,327.15,0.5170262725,0.7734375,0.09290150467,0,0
0.011875,327.15,0.5196101248,0.7734375,0.09245453211,0,0
0.0125,327.15,0.5219505667,0.7734375,0.09203644308,0,0
0.013125,327.15,0.5240804187,0.7734375,0.09164496736,0,0
0.01375,327.15,0.526026859,0.7734375,0.09127796942,0,0
0.014375,327.15,0.5278125854,0.7734375,0.09093346902,0,0
0.015,327.15,0.5294567013,0.7734375,0.09060964647,0,0
0.015625,327.15,0.5309753996,0.7734375,0.09030483894,0,0
0.01625,327.15,0.5323824962,0.7734375,0.0900175322,0,0
0.016875,327.15,0.5336898508,0.7734375,0.08974635006,0,0
0.0175,327.15,0.534907701,0.7734375,0.08949004293,0,0
0.018125,327.15,0.5360449302,0.7734375,0.08924747639,0,0
0.01875,327.15,0.5371092843,0.7734375,0.08901762033,0,0
0.019375,327.15,0.5381075483,0.7734375,0.08879953868,0,0
0.02,327.15,0.5390456903,0.7734375,0.08859238009,0,0
0.020625,327.15,0.5399289812,0.7734375,0.08839536934,0,0
0.02125,327.15,0.5407620936,0.7734375,0.08820779974,0,0
0.021875,327.15,0.5415491838,0.7734375,0.08802902615,0,0
0.0225,327.15,0.5422939619,0.7734375,0.08785845884,0,0
0.023125,327.15,0.5429997496,0.7734375,0.08769555797,0,0
0.02375,327.15,0.5436695298,0.7734375,0.08753982864,0,0
0.024375,327.15,0.5443059889,0.7734375,0.08739081654,0,0
0.025,327.15,0.5449115526,0.7734375,0.08724810397,0,0
0.025625,327.15,0.5454884167,0.7734375,0.08711130637,0,0
0.02625,327.15,0.5460385739,0.7734375,0.08698006923,0,0
0.026875,327.15,0.5465638363,0.7734375,0.08685406523,0,0
0.0275,327.15,0.5470658563,0.7734375,0.08673299179,0,0
0.028125,327.15,0.5475461426,0.7734375,0.08661656884,0,0
0.02875,327.15,0.5480060767,0.7734375,0.08650453676,0,0
0.029375,327.15,0.548446925,0.7734375,0.08639665462,0,0
0.03,327.15,0.5488698513,0.7734375,0.08629269858,0,0
0.030625,327.15,0.5492759264,0.7734375,0.08619246037,0,0
0.03125,327.15,0.5496661378,0.7734375,0.08609574602,0,0
0.031875,327.15,0.5500413971,0.7734375,0.08600237467,0,0
0.0325,327.15,0.5504025474,0.7734375,0.0859121775,0,0
0.033125,327.15,0.5507503696,0.7734375,0.08582499672,0,0
0.03375,327.15,0.5510855881,0.7734375,0.08574068476,0,0
0.034375,327.15,0.5514088757,0.7734375,0.08565910339,0,0
0.035,327.15,0.5517208582,0.7734375,0.08558012308,0,0
0.035625,327.15,0.5520221182,0.7734375,0.08550362226,0,0
0.03625,327.15,0.5523131991,0.7734375,0.08542948678,0,0
0.036875,327.15,0.5525946083,0.7734375,0.08535760933,0,0
0.0375,327.15,0.5528668199,0.7734375,0.08528788894,0,0
0.038125,327.15,0.5531302774,0.7734375,0.08522023053,0,0
0.03875,327.15,0.5533853965,0.7734375,0.0851545445,0,0
0.039375,327.15,0.5536325668,0.7734375,0.08509074631,0,0
0.04,327.15,0.5538721541,0.7734375,0.08502875618,0,0
0.040625,327.15,0.554104502,0.7734375,0.08496849871,0,0
0.04125,327.15,0.5543299338,0.7734375,0.08490990263,0,0
0.041875,327.15,0.5545487537,0.7734375,0.0848529005,0,0
0.0425,327.15,0.5547612483,0.7734375,0.08479742845,0,0
0.043125,327.15,0.554967688,0.7734375,0.08474342596,0,0
0.04375,327.15,0.555168328,0.7734375,0.08469083567,0,0
0.044375,327.15,0.5553634091,0.7734375,0.08463960312,0,0
0.045,327.15,0.5555531594,0.7734375,0.08458967661,0,0
0.045625,327.15,0.5557377943,0.7734375,0.08454100704,0,0
0.04625,327.15,0.5559175179,0.7734375,0.08449354771,1,1
0.046875,327.15,0.5560925237,0.7734375,0.0844472542,0,0
0.0475,327.15,0.5562629948,0.7734375,0.08440208423,0,0
0.048125,327.15,0.5564291054,0.7734375,0.08435799752,1,1
0.04875,327.15,0.5565910207,0.7734375,0.08431495571,0,0
0.049375,327.15,0.5567488975,0.7734375,0.08427292221,0,0
0.05,327.15,0.556902885,0.7734375,0.0842318621,1,1
0.050625,327.15,0.5570531254,0.7734375,0.08419174207,0,0
0.05125,327.15,0.5571997536,0.7734375,0.08415253029,0,0
0.051875,327.15,0.5573428984,0.7734375,0.08411419637,0,0
0.0525,327.15,0.5574826824,0.7734375,0.08407671122,0,0
0.053125,327.15,0.5576192227,0.7734375,0.08404004706,0,0
0.05375,327.15,0.5577526308,0.7734375,0.08400417726,0,0
0.054375,327.15,0.5578830134,0.7734375,0.08396907636,0,0
0.055,327.15,0.558010472,0.7734375,0.08393471997,0,0
0.055625,327.15,0.5581351041,0.7734375,0.0839010847,0,0
0.05625,327.15,0.5582570026,0.7734375,0.08386814815,0,0
0.056875,327.15,0.5583762565,0.7734375,0.08383588881,0,0
0.0575,327.15,0.5584929509,0.7734375,0.08380428606,0,0
0.058125,327.15,0.5586071673,0.7734375,0.0837733201,0,0
0.05875,327.15,0.5587189838,0.7734375,0.08374297193,1,1
0.059375,327.15,0.5588284752,0.7734375,0.08371322327,1,1
0.06,327.15,0.5589357134,0.7734375,0.08368405657,1,1
0.060625,327.15,0.5590407672,0.7734375,0.08365545495,1,1
0.06125,327.15,0.5591437027,0.7734375,0.08362740219,1,1
0.061875,327.15,0.5592445832,0.7734375,0.08359988267,1,1
0.0625,327.15,0.5593434697,0.7734375,0.08357288135,1,1
0.063125,327.15,0.5594404208,0.7734375,0.08354638377,1,1
0.06375,327.15,0.5595354927,0.7734375,0.08352037598,1,1
0.064375,327.15,0.5596287395,0.7734375,0.08349484455,1,1
0.065,327.15,0.5597202133,0.7734375,0.08346977654,1,1
0.065625,327.15,0.5598099642,0.7734375,0.08344515946,1,1
0.06625,327.15,0.5598980403,0.7734375,0.08342098127,1,1
0.066875,327.15,0.5599844882,0.7734375,0.08339723037,1,1
0.0675,327.15,0.5600693525,0.7734375,0.08337389554,1,1
0.068125,327.15,0.5601526765,0.7734375,0.08335096596,1,1
0.06875,327.15,0.5602345015,0.7734375,0.08332843119,1,1
0.069375,327.15,0.5603148678,0.7734375,0.08330628112,1,1
0.07,327.15,0.560393814,0.7734375,0.08328450601,1,1
0.070625,327.15,0.5604713774,0.7734375,0.08326309643,1,1
0.07125,327.15,0.560547594,0.7734375,0.08324204326,1,1
0.071875,327.15,0.5606224986,0.7734375,0.08322133769,1,1
0.0725,327.15,0.5606961248,0.7734375,0.0832009712,1,1
0.073125,327.15,0.560768505,0.7734375,0.08318093553,1,1
0.07375,327.15,0.5608396706,0.7734375,0.0831612227,1,1
0.074375,327.15,0.5609096519,0.7734375,0.08314182498,1,1
0.075,327.15,0.5609784782,0.7734375,0.08312273488,1,1
0.075625,327.15,0.5610461779,0.7734375,0.08310394516,1,1
0.07625,327.15,0.5611127784,0.7734375,0.08308544878,1,1
0.076875,327.15,0.5611783063,0.7734375,0.08306723894,1,1
0.0775,327.15,0.5612427873,0.7734375,0.08304930904,1,1
0.078125,327.15,0.5613062463,0.7734375,0.08303165269,1,1
0.07875,327.15,0.5613687073,0.7734375,0.08301426367,1,1
0.079375,327.15,0.5614301938,0.7734375,0.08299713596,1,1
0.08,327.15,0.5614907283,0.7734375,0.08298026374,1,1
0.005,327.65,0.4581613424,0.76953125,0.09934526003,0,0
0.005625,327.65,0.4687112352,0.76953125,0.09872637159,0,0
0.00625,327.65,0.4773937764,0.76953125,0.09805334656,0,0
0.006875,327.65,0.4846628747,0.76953125,0.0973730379,0,0
0.0075,327.65,0.4908367921,0.76953125,0.09670963529,0,0
0.008125,327.65,0.4961451485,0.76953125,0.09607513591,0,0
0.00875,327.65,0.5007577003,0.76953125,0.09547485943,0,0
0.009375,327.65,0.5048026163,0.76953125,0.09491044579,0,0
0.01,327.65,0.5083784565,0.76953125,0.0943815248,0,0
0.010625,327.65,0.5115622425,0.76953125,0.09388666244,0,0
0.01125,327.65,0.5144150287,0.76953125,0.09342390273,0,0
0.011875,327.65,0.5169858312,0.76953125,0.09299107862,0,0
0.0125,327.65,0.5193144527,0.76953125,0.09258598881,0,0
0.013125,327.65,0.5214335479,0.76953125,0.09220649584,0,0
0.01375,327.65,0.5233701577,0.76953125,0.09185057751,0,0
0.014375,327.65,0.5251468653,0.76953125,0.09151635098,0,0
0.015,327.65,0.5267826776,0.76953125,0.09120208051,0,0
0.015625,327.65,0.5282937056,0.76953125,0.09090617613,0,0
0.01625,327.65,0.5296936957,0.76953125,0.09062718708,0,0
0.016875,327.65,0.5309944475,0.76953125,0.09036379265,0,0
0.0175,327.65,0.532206147,0.76953125,0.09011479202,0,0
0.018125,327.65,0.5333376326,0.76953125,0.08987909378,0,0
0.01875,327.65,0.5343966112,0.76953125,0.08965570588,0,0
0.019375,327.65,0.5353898334,0.76953125,0.08944372604,0,0
0.02,327.65,0.5363232373,0.76953125,0.08924233303,0,0
0.020625,327.65,0.5372020672,0.76953125,0.08905077858,0,0
0.02125,327.65,0.5380309719,0.76953125,0.0888683801,0,0
0.021875,327.65,0.5388140869,0.76953125,0.08869451417,0,0
0.0225,327.65,0.5395551035,0.76953125,0.08852861062,0,0
0.023125,327.65,0.5402573266,0.76953125,0.08837014729,0,0
0.02375,327.65,0.5409237241,0.76953125,0.0882186453,0,0
0.024375,327.65,0.5415569688,0.76953125,0.08807366488,0,0
0.025,327.65,0.5421594741,0.76953125,0.08793480156,0,0
0.025625,327.65,0.5427334247,0.76953125,0.08780168288,0,0
0.02625,327.65,0.5432808033,0.76953125,0.08767396533,0,0
0.026875,327.65,0.5438034129,0.76953125,0.08755133172,0,0
0.0275,327.65,0.5443028974,0.76953125,0.08743348874,0,0
0.028125,327.65,0.5447807581,0.76953125,0.08732016481,0,0
0.02875,327.65,0.5452383692,0.76953125,0.08721110818,0,0
0.029375,327.65,0.545676991,0.76953125,0.08710608516,0,0
0.03,327.65,0.5460977813,0.76953125,0.08700487856,0,0
0.030625,327.65,0.5465018056,0.76953125,0.08690728631,0,0
0.03125,327.65,0.5468900462,0.76953125,0.08681312016,0,0
0.031875,327.65,0.5472634102,0.76953125,0.08672220456,0,0
0.0325,327.65,0.5476227365,0.76953125,0.08663437562,0,0
0.033125,327.65,0.5479688021,0.76953125,0.08654948015,0,0
0.03375,327.65,0.5483023276,0.76953125,0.08646737483,0,0
0.034375,327.65,0.5486239824,0.76953125,0.08638792545,0,0
0.035,327.65,0.5489343892,0.76953125,0.08631100618,0,0
0.035625,327.65,0.5492341277,0.76953125,0.08623649893,0,0
0.03625,327.65,0.5495237385,0.76953125,0.08616429281,0,0
0.036875,327.65,0.5498037265,0.76953125,0.08609428356,0,0
0.0375,327.65,0.5500745632,0.76953125,0.08602637306,0,0
0.038125,327.65,0.5503366902,0.76953125,0.08596046893,0,0
0.03875,327.65,0.5505905208,0.76953125,0.08589648408,0,0
0.039375,327.65,0.5508364428,0.76953125,0.08583433635,0,0
0.04,327.65,0.55107482,0.76953125,0.08577394818,0,0
0.040625,327.65,0.5513059945,0.76953125,0.08571524629,0,0
0.04125,327.65,0.5515302877,0.76953125,0.08565816139,0,0
0.041875,327.65,0.5517480024,0.76953125,0.08560262789,0,0
0.0425,327.65,0.5519594238,0.76953125,0.08554858372,0,0
0.043125,327.65,0.5521648209,0.76953125,0.08549597003,0,0
0.04375,327.65,0.5523644475,0.76953125,0.08544473102,0,0
0.044375,327.65,0.5525585434,0.76953125,0.08539481375,0,0
0.045,327.65,0.5527473354,0.76953125,0.08534616793,0,0
0.045625,327.65,0.5529310378,0.76953125,0.0852987458,0,0
0.04625,327.65,0.5531098537,0.76953125,0.08525250195,0,0
0.046875,327.65,0.5532839756,0.76953125,0.08520739315,0,0
0.0475,327.65,0.5534535858,0.76953125,0.0851633783,0,0
0.048125,327.65,0.5536188574,0.76953125,0.0851204182,0,0
0.04875,327.65,0.5537799549,0.76953125,0.08507847553,0,0
0.049375,327.65,0.5539370343,0.76953125,0.0850375147,0,0
0.05,327.65,0.5540902442,0.76953125,0.08499750173,0,0
0.050625,327.65,0.5542397257,0.76953125,0.08495840421,0,0
0.05125,327.65,0.5543856134,0.76953125,0.08492019117,0,0
0.051875,327.65,0.5545280352,0.76953125,0.08488283302,0,0
0.0525,327.65,0.5546671133,0.76953125,0.08484630149,0,0
0.053125,327.65,0.554802964,0.76953125,0.08481056951,0,0
0.05375,327.65,0.5549356984,0.76953125,0.08477561119,0,0
0.054375,327.65,0.5550654224,0.76953125,0.08474140175,0,0
0.055,327.65,0.5551922373,0.76953125,0.08470791743,0,0
0.055625,327.65,0.55531624,0.76953125,0.08467513549,0,0
0.05625,327.65,0.5554375228,0.76953125,0.0846430341,0,0
0.056875,327.65,0.5555561744,0.76953125,0.08461159235,0,0
0.0575,327.65,0.5556722794,0.76953125,0.08458079016,0,0
0.058125,327.65,0.5557859189,0.76953125,0.08455060826,0,0
0.05875,327.65,0.5558971707,0.76953125,0.08452102814,1,1
0.059375,327.65,0.5560061092,0.76953125,0.08449203201,1,1
0.06,327.65,0.5561128058,0.76953125,0.0844636028,1,1
0.060625,327.65,0.556217329,0.76953125,0.08443572408,1,1
0.06125,327.65,0.5563197446,0.76953125,0.08440838003,1,1
0.061875,327.65,0.5564201156,0.76953125,0.08438155546,1,1
0.0625,327.65,0.5565185027,0.76953125,0.08435523573,1,1
0.063125,327.65,0.5566149641,0.76953125,0.08432940675,1,1
0.06375,327.65,0.5567095559,0.76953125,0.08430405494,1,1
0.064375,327.65,0.5568023317,0.76953125,0.08427916724,1,1
0.065,327.65,0.5568933435,0.76953125,0.08425473103,1,1
0.065625,327.65,0.5569826411,0.76953125,0.08423073416,1,1
0.06625,327.65,0.5570702724,0.76953125,0.08420716492,1,1
0.066875,327.65,0.5571562837,0.76953125,0.08418401198,1,1
0.0675,327.65,0.5572407194,0.76953125,0.08416126443,1,1
0.068125,327.65,0.5573236225,0.76953125,0.08413891174,1,1
0.06875,327.65,0.5574050344,0.76953125,0.08411694373,1,1
0.069375,327.65,0.5574849948,0.76953125,0.08409535057,1,1
0.07,327.65,0.5575635422,0.76953125,0.08407412277,1,1
0.070625,327.65,0.5576407139,0.76953125,0.08405325113,1,1
0.07125,327.65,0.5577165456,0.76953125,0.0840327268,1,1
0.071875,327.65,0.5577910718,0.76953125,0.08401254117,1,1
0.0725,327.65,0.5578643262,0.76953125,0.08399268595,1,1
0.073125,327.65,0.5579363408,0.76953125,0.0839731531,1,1
0.07375,327.65,0.558007147,0.76953125,0.08395393485,1,1
0.074375,327.65,0.5580767748,0.76953125,0.08393502366,1,1
0.075,327.65,0.5581452535,0.76953125,0.08391641225,1,1
0.075625,327.65,0.5582126113,0.76953125,0.08389809355,1,1
0.07625,327.65,0.5582788755,0.76953125,0.08388006072,1,1
0.076875,327.65,0.5583440725,0.76953125,0.08386230713,1,1
0.0775,327.65,0.5584082278,0.76953125,0.08384482635,1,1
0.078125,327.65,0.5584713663,0.76953125,0.08382761214,1,1
0.07875,327.65,0.5585335118,0.76953125,0.08381065847,1,1
0.079375,327.65,0.5585946878,0.76953125,0.08379395946,1,1
0.08,327.65,0.5586549166,0.76953125,0.08377750944,1,1
0.005,328.15,0.4558356503,0.765625,0.09959751893,0,0
0.005625,328.15,0.4663319904,0.765625,0.09902027448,0,0
0.00625,328.15,0.4749704578,0.765625,0.09838370359,0,0
0.006875,328.15,0.482202657,0.765625,0.09773548378,0,0
0.0075,328.15,0.4883452348,0.765625,0.09710049238,0,0
0.008125,328.15,0.4936266452,0.765625,0.09649129245,0,0
0.00875,328.15,0.4982157831,0.765625,0.09591366785,0,0
0.009375,328.15,0.5022401665,0.765625,0.09536963991,0,0
0.01,328.15,0.5057978552,0.765625,0.09485915316,0,0
0.010625,328.15,0.5089654798,0.765625,0.09438103459,0,0
0.01125,328.15,0.5118037849,0.765625,0.09393354603,0,0
0.011875,328.15,0.5143615376,0.765625,0.09351470325,0,0
0.0125,328.15,0.5166783387,0.765625,0.09312245935,0,0
0.013125,328.15,0.5187866771,0.765625,0.09275480795,0,0
0.01375,328.15,0.5207134564,0.765625,0.09240983887,0,0
0.014375,328.15,0.5224811452,0.765625,0.0920857654,0,0
0.015,328.15,0.5241086539,0.765625,0.0917809348,0,0
0.015625,328.15,0.5256120117,0.765625,0.09149382906,0,0
0.01625,328.15,0.5270048952,0.765625,0.0912230601,0,0
0.016875,328.15,0.5282990443,0.765625,0.09096736207,0,0
0.0175,328.15,0.5295045929,0.765625,0.09072558231,0,0
0.018125,328.15,0.5306303349,0.765625,0.09049667192,0,0
0.01875,328.15,0.531683938,0.765625,0.09027967643,0,0
0.019375,328.15,0.5326721185,0.765625,0.09007372699,0,0
0.02,328.15,0.5336007843,0.765625,0.0898780321,0,0
0.020625,328.15,0.5344751531,0.765625,0.0896918701,0,0
0.02125,328.15,0.5352998502,0.765625,0.08951458227,0,0
0.021875,328.15,0.53607899,0.765625,0.08934556663,0,0
0.0225,328.15,0.5368162451,0.765625,0.08918427233,0,0
0.023125,328.15,0.5375149036,0.765625,0.08903019468,0,0
0.02375,328.15,0.5381779184,0.765625,0.08888287063,0,0
0.024375,328.15,0.5388079487,0.765625,0.08874187479,0,0
0.025,328.15,0.5394073955,0.765625,0.08860681577,0,0
0.025625,328.15,0.5399784327,0.765625,0.08847733303,0,0
0.02625,328.15,0.5405230327,0.765625,0.08835309399,0,0
0.026875,328.15,0.5410429895,0.765625,0.08823379142,0,0
0.0275,328.15,0.5415399385,0.765625,0.08811914118,0,0
0.028125,328.15,0.5420153735,0.765625,0.08800888012,0,0
0.02875,328.15,0.5424706618,0.765625,0.08790276421,0,0
0.029375,328.15,0.5429070571,0.765625,0.08780056694,0,0
0.03,328.15,0.5433257113,0.765625,0.0877020777,0,0
0.030625,328.15,0.5437276847,0.765625,0.08760710053,0,0
0.03125,328.15,0.5441139546,0.765625,0.08751545286,0,0
0.031875,328.15,0.5444854234,0.765625,0.08742696436,0,0
0.0325,328.15,0.5448429257,0.765625,0.08734147602,0,0
0.033125,328.15,0.5451872346,0.765625,0.0872588392,0,0
0.03375,328.15,0.545519067,0.765625,0.0871789148,0,0
0.034375,328.15,0.5458390891,0.765625,0.08710157254,0,0
0.035,328.15,0.5461479202,0.765625,0.08702669027,0,0
0.035625,328.15,0.5464461372,0.765625,0.08695415335,0,0
0.03625,328.15,0.5467342779,0.765625,0.0868838541,0,0
0.036875,328.15,0.5470128446,0.765625,0.08681569126,0,0
0.0375,328.15,0.5472823066,0.765625,0.08674956955,0,0
0.038125,328.15,0.5475431029,0.765625,0.08668539925,0,0
0.03875,328.15,0.5477956451,0.765625,0.08662309574,0,0
0.039375,328.15,0.5480403187,0.765625,0.08656257923,0,0
0.04,328.15,0.5482774859,0.765625,0.08650377435,0,0
0.040625,328.15,0.5485074869,0.765625,0.08644660991,0,0
0.04125,328.15,0.5487306415,0.765625,0.08639101856,0,0
0.041875,328.15,0.5489472511,0.765625,0.0863369366,0,0
0.0425,328.15,0.5491575993,0.765625,0.08628430366,0,0
0.043125,328.15,0.5493619538,0.765625,0.08623306258,0,0
0.04375,328.15,0.5495605671,0.765625,0.08618315911,0,0
0.044375,328.15,0.5497536777,0.765625,0.08613454178,0,0
0.045,328.15,0.5499415113,0.765625,0.08608716173,0,0
0.045625,328.15,0.5501242812,0.765625,0.0860409725,0,0
0.04625,328.15,0.5503021895,0.765625,0.08599592996,0,0
0.046875,328.15,0.5504754275,0.765625,0.08595199208,1,1
0.0475,328.15,0.5506441767,0.765625,0.08590911888,0,0
0.048125,328.15,0.5508086094,0.765625,0.08586727226,0,0
0.04875,328.15,0.5509688891,0.765625,0.08582641593,1,1
0.049375,328.15,0.5511251712,0.765625,0.08578651526,0,0
0.05,328.15,0.5512776034,0.765625,0.08574753723,0,0
0.050625,328.15,0.5514263261,0.765625,0.0857094503,0,0
0.05125,328.15,0.5515714732,0.765625,0.08567222436,0,0
0.051875,328.15,0.5517131721,0.765625,0.08563583064,0,0
0.0525,328.15,0.5518515442,0.765625,0.08560024161,0,0
0.053125,328.15,0.5519867053,0.765625,0.08556543096,0,0
0.05375,328.15,0.5521187659,0.765625,0.0855313735,0,0
0.054375,328.15,0.5522478314,0.765625,0.08549804512,0,0
0.055,328.15,0.5523740026,0.765625,0.08546542271,0,0
0.055625,328.15,0.5524973758,0.765625,0.08543348415,0,0
0.05625,328.15,0.552618043,0.765625,0.08540220821,0,0
0.056875,328.15,0.5527360923,0.765625,0.08537157452,0,0
0.0575,328.15,0.5528516079,0.765625,0.08534156356,0,0
0.058125,328.15,0.5529646706,0.765625,0.08531215658,0,0
0.05875,328.15,0.5530753577,0.765625,0.08528333557,1,1
0.059375,328.15,0.5531837432,0.765625,0.08525508322,1,1
0.06,328.15,0.5532898982,0.765625,0.08522738291,1,1
0.060625,328.15,0.5533938908,0.765625,0.08520021864,1,1
0.06125,328.15,0.5534957865,0.765625,0.08517357505,1,1
0.061875,328.15,0.553595648,0.765625,0.08514743734,1,1
0.0625,328.15,0.5536935357,0.765625,0.08512179125,1,1
0.063125,328.15,0.5537895075,0.765625,0.08509662309,1,1
0.06375,328.15,0.553883619,0.765625,0.08507191963,1,1
0.064375,328.15,0.553975924,0.765625,0.08504766816,1,1
0.065,328.15,0.5540664738,0.765625,0.0850238564,1,1
0.065625,328.15,0.5541553181,0.765625,0.08500047252,1,1
0.06625,328.15,0.5542425046,0.765625,0.08497750511,1,1
0.066875,328.15,0.5543280792,0.765625,0.08495494317,1,1
0.0675,328.15,0.5544120864,0.765625,0.08493277607,1,1
0.068125,328.15,0.5544945686,0.765625,0.08491099354,1,1
0.06875,328.15,0.5545755672,0.765625,0.0848895857,1,1
0.069375,328.15,0.5546551217,0.765625,0.08486854297,1,1
0.07,328.15,0.5547332704,0.765625,0.08484785609,1,1
0.070625,328.15,0.5548100504,0.765625,0.08482751614,1,1
0.07125,328.15,0.5548854971,0.765625,0.08480751447,1,1
0.071875,328.15,0.5549596451,0.765625,0.08478784273,1,1
0.0725,328.15,0.5550325276,0.765625,0.08476849283,1,1
0.073125,328.15,0.5551041766,0.765625,0.08474945695,1,1
0.07375,328.15,0.5551746234,0.765625,0.08473072751,1,1
0.074375,328.15,0.5552438978,0.765625,0.08471229719,1,1
0.075,328.15,0.5553120289,0.765625,0.08469415889,1,1
0.075625,328.15,0.5553790448,0.765625,0.08467630573,1,1
0.07625,328.15,0.5554449726,0.765625,0.08465873105,1,1
0.076875,328.15,0.5555098386,0.765625,0.08464142839,1,1
0.0775,328.15,0.5555736683,0.765625,0.08462439149,1,1
0.078125,328.15,0.5556364862,0.765625,0.08460761429,1,1
0.07875,328.15,0.5556983163,0.765625,0.0845910909,1,1
0.079375,328.15,0.5557591817,0.765625,0.0845748156,1,1
0.08,328.15,0.5558191048,0.765625,0.08455878286,1,1
0.005,328.65,0.4535099582,0.76171875,0.0998402115,0,0
0.005625,328.65,0.4639527455,0.76171875,0.09930408916,0,0
0.00625,328.65,0.4725471391,0.76171875,0.09870352155,0,0
0.006875,328.65,0.4797424394,0.76171875,0.09808699754,0,0
0.0075,328.65,0.4858536775,0.76171875,0.09748007188,0,0
0.008125,328.65,0.491108142,0.76171875,0.0968958655,0,0
0.00875,328.65,0.4956738658,0.76171875,0.09634062011,0,0
0.009375,328.65,0.4996777167,0.76171875,0.09581673338,0,0
0.01,328.65,0.5032172539,0.76171875,0.0953244604,0,0
0.010625,328.65,0.5063687172,0.76171875,0.09486288588,0,0
0.01125,328.65,0.5091925411,0.76171875,0.09443048667,0,0
0.011875,328.65,0.5117372441,0.76171875,0.09402545907,0,0
0.0125,328.65,0.5140422248,0.76171875,0.09364590862,0,0
0.013125,328.65,0.5161398063,0.76171875,0.09328995845,0,0
0.01375,328.65,0.5180567551,0.76171875,0.09295580898,0,0
0.014375,328.65,0.5198154251,0.76171875,0.09264176849,0,0
0.015,328.65,0.5214346301,0.76171875,0.09234626621,0,0
0.015625,328.65,0.5229303178,0.76171875,0.09206785521,0,0
0.01625,328.65,0.5243160947,0.76171875,0.09180520934,0,0
0.016875,328.65,0.525603641,0.76171875,0.09155711693,0,0
0.0175,328.65,0.5268030389,0.76171875,0.09132247293,0,0
0.018125,328.65,0.5279230373,0.76171875,0.09110027041,0,0
0.01875,328.65,0.5289712649,0.76171875,0.09088959205,0,0
0.019375,328.65,0.5299544036,0.76171875,0.090689602,0,0
0.02,328.65,0.5308783313,0.76171875,0.09049953818,0,0
0.020625,328.65,0.5317482391,0.76171875,0.0903187052,0,0
0.02125,328.65,0.5325687285,0.76171875,0.09014646792,0,0
0.021875,328.65,0.5333438931,0.76171875,0.08998224552,0,0
0.0225,328.65,0.5340773867,0.76171875,0.08982550629,0,0
0.023125,328.65,0.5347724806,0.76171875,0.08967576278,0,0
0.02375,328.65,0.5354321127,0.76171875,0.08953256759,0,0
0.024375,328.65,0.5360589285,0.76171875,0.08939550951,0,0
0.025,328.65,0.536655317,0.76171875,0.08926421011,0,0
0.025625,328.65,0.5372234407,0.76171875,0.08913832062,0,0
0.02625,328.65,0.5377652621,0.76171875,0.08901751924,0,0
0.026875,328.65,0.5382825661,0.76171875,0.08890150861,0,0
0.0275,328.65,0.5387769796,0.76171875,0.08879001363,0,0
0.028125,328.65,0.539249989,0.76171875,0.08868277947,0,0
0.02875,328.65,0.5397029543,0.76171875,0.08857956979,0,0
0.029375,328.65,0.5401371231,0.76171875,0.0884801651,0,0
0.03,328.65,0.5405536414,0.76171875,0.08838436134,0,0
0.030625,328.65,0.5409535639,0.76171875,0.08829196859,0,0
0.03125,328.65,0.541337863,0.76171875,0.08820280984,0,0
0.031875,328.65,0.5417074365,0.76171875,0.08811671998,0,0
0.0325,328.65,0.5420631148,0.76171875,0.0880335448,0,0
0.033125,328.65,0.542405667,0.76171875,0.08795314013,0,0
0.03375,328.65,0.5427358065,0.76171875,0.08787537108,0,0
0.034375,328.65,0.5430541958,0.76171875,0.08780011123,0,0
0.035,328.65,0.5433614512,0.76171875,0.08772724208,0,0
0.035625,328.65,0.5436581467,0.76171875,0.08765665238,0,0
0.03625,328.65,0.5439448173,0.76171875,0.08758823763,0,0
0.036875,328.65,0.5442219628,0.76171875,0.08752189956,0,0
0.0375,328.65,0.5444900499,0.76171875,0.08745754569,0,0
0.038125,328.65,0.5447495157,0.76171875,0.08739508888,0,0
0.03875,328.65,0.5450007693,0.76171875,0.08733444702,0,0
0.039375,328.65,0.5452441946,0.76171875,0.0872755426,0,0
0.04,328.65,0.5454801518,0.76171875,0.08721830246,0,0
0.040625,328.65,0.5457089793,0.76171875,0.08716265744,0,0
0.04125,328.65,0.5459309954,0.76171875,0.08710854215,0,0
0.041875,328.65,0.5461464998,0.76171875,0.0870558947,0,0
0.0425,328.65,0.5463557748,0.76171875,0.08700465647,0,0
0.043125,328.65,0.5465590867,0.76171875,0.08695477191,0,0
0.04375,328.65,0.5467566866,0.76171875,0.08690618833,0,0
0.044375,328.65,0.546948812,0.76171875,0.08685885572,0,0
0.045,328.65,0.5471356873,0.76171875,0.08681272659,0,0
0.045625,328.65,0.5473175247,0.76171875,0.08676775583,0,0
0.04625,328.65,0.5474945252,0.76171875,0.08672390052,0,0
0.046875,328.65,0.5476668794,0.76171875,0.08668111984,0,0
0.0475,328.65,0.5478347676,0.76171875,0.08663937492,0,0
0.048125,328.65,0.5479983614,0.76171875,0.08659862874,0,0
0.04875,328.65,0.5481578234,0.76171875,0.08655884602,0,0
0.049375,328.65,0.5483133081,0.76171875,0.0865199931,0,0
0.05,328.65,0.5484649625,0.76171875,0.08648203789,0,0
0.050625,328.65,0.5486129265,0.76171875,0.08644494971,0,0
0.05125,328.65,0.5487573331,0.76171875,0.08640869931,1,1
0.051875,328.65,0.548898309,0.76171875,0.0863732587,0,0
0.0525,328.65,0.5490359751,0.76171875,0.08633860114,0,0
0.053125,328.65,0.5491704466,0.76171875,0.08630470102,0,0
0.05375,328.65,0.5493018334,0.76171875,0.08627153387,0,0
0.054375,328.65,0.5494302404,0.76171875,0.08623907624,0,0
0.055,328.65,0.5495557679,0.76171875,0.08620730565,0,0
0.055625,328.65,0.5496785116,0.76171875,0.0861762006,0,0
0.05625,328.65,0.5497985632,0.76171875,0.08614574043,0,0
0.056875,328.65,0.5499160102,0.76171875,0.08611590534,0,0
0.0575,328.65,0.5500309365,0.76171875,0.08608667635,0,0
0.058125,328.65,0.5501434223,0.76171875,0.08605803521,0,0
0.05875,328.65,0.5502535446,0.76171875,0.08602996442,1,1
0.059375,328.65,0.5503613771,0.76171875,0.08600244713,1,1
0.06,328.65,0.5504669905,0.76171875,0.08597546718,1,1
0.060625,328.65,0.5505704526,0.76171875,0.08594900902,1,1
0.06125,328.65,0.5506718284,0.76171875,0.08592305768,1,1
0.061875,328.65,0.5507711804,0.76171875,0.08589759878,1,1
0.0625,328.65,0.5508685687,0.76171875,0.08587261845,1,1
0.063125,328.65,0.5509640508,0.76171875,0.08584810337,1,1
0.06375,328.65,0.5510576822,0.76171875,0.08582404067,1,1
0.064375,328.65,0.5511495162,0.76171875,0.08580041797,1,1
0.065,328.65,0.551239604,0.76171875,0.08577722334,1,1
0.065625,328.65,0.551327995,0.76171875,0.08575444528,1,1
0.06625,328.65,0.5514147367,0.76171875,0.08573207266,1,1
0.066875,328.65,0.5514998747,0.76171875,0.0857100948,1,1
0.0675,328.65,0.5515834533,0.76171875,0.08568850134,1,1
0.068125,328.65,0.5516655147,0.76171875,0.08566728231,1,1
0.06875,328.65,0.5517461,0.76171875,0.08564642808,1,1
0.069375,328.65,0.5518252486,0.76171875,0.08562592932,1,1
0.07,328.65,0.5519029987,0.76171875,0.08560577704,1,1
0.070625,328.65,0.5519793868,0.76171875,0.08558596255,1,1
0.07125,328.65,0.5520544486,0.76171875,0.08556647743,1,1
0.071875,328.65,0.5521282183,0.76171875,0.08554731356,1,1
0.0725,328.65,0.5522007289,0.76171875,0.08552846306,1,1
0.073125,328.65,0.5522720125,0.76171875,0.08550991832,1,1
0.07375,328.65,0.5523420998,0.76171875,0.08549167198,1,1
0.074375,328.65,0.5524110208,0.76171875,0.0854737169,1,1
0.075,328.65,0.5524788043,0.76171875,0.08545604617,1,1
0.075625,328.65,0.5525454782,0.76171875,0.0854386531,1,1
0.07625,328.65,0.5526110697,0.76171875,0.08542153121,1,1
0.076875,328.65,0.5526756047,0.76171875,0.0854046742,1,1
0.0775,328.65,0.5527391087,0.76171875,0.08538807599,1,1
0.078125,328.65,0.5528016062,0.76171875,0.08537173067,1,1
0.07875,328.65,0.5528631209,0.76171875,0.08535563252,1,1
0.079375,328.65,0.5529236757,0.76171875,0.08533977597,1,1
0.08,328.65,0.5529832931,0.76171875,0.08532415564,1,1
0.005,329.15,0.4511842661,0.7578125,0.1000733731,0,0
0.005625,329.15,0.4615735007,0.7578125,0.09957785352,0,0
0.00625,329.15,0.4701238204,0.7578125,0.0990128406,0,0
0.006875,329.15,0.4772822217,0.7578125,0.09842762136,0,0
0.0075,329.15,0.4833621201,0.7578125,0.09784841779,0,0
0.008125,329.15,0.4885896387,0.7578125,0.0972889007,0,0
0.00875,329.15,0.4931319486,0.7578125,0.09675576333,0,0
0.009375,329.15,0.4971152669,0.7578125,0.09625177464,0,0
0.01,329.15,0.5006366526,0.7578125,0.09577749622,0,0
0.010625,329.15,0.5037719545,0.7578125,0.09533226712,0,0
0.01125,329.15,0.5065812973,0.7578125,0.09491477648,0,0
0.011875,329.15,0.5091129505,0.7578125,0.09452339883,0,0
0.0125,329.15,0.5114061108,0.7578125,0.09415639027,0,0
0.013125,329.15,0.5134929355,0.7578125,0.09381200179,0,0
0.01375,329.15,0.5154000538,0.7578125,0.09348854306,0,0
0.014375,329.15,0.5171497049,0.7578125,0.09318441616,0,0
0.015,329.15,0.5187606064,0.7578125,0.09289813129,0,0
0.015625,329.15,0.5202486238,0.7578125,0.09262831174,0,0
0.01625,329.15,0.5216272942,0.7578125,0.09237369252,0,0
0.016875,329.15,0.5229082377,0.7578125,0.09213311551,0,0
0.0175,329.15,0.5241014848,0.7578125,0.09190552266,0,0
0.018125,329.15,0.5252157397,0.7578125,0.0916899485,0,0
0.01875,329.15,0.5262585917,0.7578125,0.09148551244,0,0
0.019375,329.15,0.5272366887,0.7578125,0.09129141122,0,0
0.02,329.15,0.5281558784,0.7578125,0.09110691181,0,0
0.020625,329.15,0.529021325,0.7578125,0.0909313448,0,0
0.02125,329.15,0.5298376068,0.7578125,0.09076409832,0,0
0.021875,329.15,0.5306087962,0.7578125,0.0906046125,0,0
0.0225,329.15,0.5313385283,0.7578125,0.09045237447,0,0
0.023125,329.15,0.5320300577,0.7578125,0.09030691387,0,0
0.02375,329.15,0.532686307,0.7578125,0.09016779875,0,0
0.024375,329.15,0.5333099084,0.7578125,0.09003463192,0,0
0.025,329.15,0.5339032384,0.7578125,0.08990704773,0,0
0.025625,329.15,0.5344684487,0.7578125,0.08978470905,0,0
0.02625,329.15,0.5350074916,0.7578125,0.08966730474,0,0
0.026875,329.15,0.5355221427,0.7578125,0.08955454717,0,0
0.0275,329.15,0.5360140208,0.7578125,0.08944617021,0,0
0.028125,329.15,0.5364846044,0.7578125,0.08934192725,0,0
0.02875,329.15,0.5369352468,0.7578125,0.08924158948,0,0
0.029375,329.15,0.5373671891,0.7578125,0.08914494443,0,0
0.03,329.15,0.5377815714,0.7578125,0.08905179447,0,0
0.030625,329.15,0.5381794431,0.7578125,0.08896195563,0,0
0.03125,329.15,0.5385617714,0.7578125,0.08887525645,0,0
0.031875,329.15,0.5389294497,0.7578125,0.08879153693,0,0
0.0325,329.15,0.539283304,0.7578125,0.08871064763,0,0
0.033125,329.15,0.5396240995,0.7578125,0.0886324488,0,0
0.03375,329.15,0.5399525459,0.7578125,0.08855680967,0,0
0.034375,329.15,0.5402693025,0.7578125,0.08848360768,0,0
0.035,329.15,0.5405749822,0.7578125,0.08841272792,0,0
0.035625,329.15,0.5408701562,0.7578125,0.08834406249,0,0
0.03625,329.15,0.5411553567,0.7578125,0.08827751003,0,0
0.036875,329.15,0.5414310809,0.7578125,0.08821297523,0,0
0.0375,329.15,0.5416977932,0.7578125,0.08815036834,0,0
0.038125,329.15,0.5419559284,0.7578125,0.08808960484,0,0
0.03875,329.15,0.5422058936,0.7578125,0.08803060503,0,0
0.039375,329.15,0.5424480705,0.7578125,0.08797329371,0,0
0.04,329.15,0.5426828177,0.7578125,0.08791759986,0,0
0.040625,329.15,0.5429104717,0.7578125,0.08786345637,0,0
0.04125,329.15,0.5431313493,0.7578125,0.08781079975,0,0
0.041875,329.15,0.5433457485,0.7578125,0.08775956991,0,0
0.0425,329.15,0.5435539503,0.7578125,0.08770970995,0,0
0.043125,329.15,0.5437562196,0.7578125,0.08766116593,0,0
0.04375,329.15,0.5439528062,0.7578125,0.08761388668,0,0
0.044375,329.15,0.5441439463,0.7578125,0.08756782366,0,0
0.045,329.15,0.5443298633,0.7578125,0.08752293073,0,0
0.045625,329.15,0.5445107682,0.7578125,0.08747916407,1,1
0.04625,329.15,0.544686861,0.7578125,0.08743648201,0,0
0.046875,329.15,0.5448583313,0.7578125,0.0873948449,0,0
0.0475,329.15,0.5450253586,0.7578125,0.08735421497,1,1
0.048125,329.15,0.5451881134,0.7578125,0.08731455627,0,0
0.04875,329.15,0.5453467576,0.7578125,0.08727583451,0,0
0.049375,329.15,0.545501445,0.7578125,0.08723801701,1,1
0.05,329.15,0.5456523217,0.7578125,0.08720107255,0,0
0.050625,329.15,0.5457995269,0.7578125,0.08716497138,0,0
0.05125,329.15,0.5459431929,0.7578125,0.08712968502,0,0
0.051875,329.15,0.5460834459,0.7578125,0.08709518631,0,0
0.0525,329.15,0.546220406,0.7578125,0.08706144924,0,0
0.053125,329.15,0.5463541879,0.7578125,0.08702844894,0,0
0.05375,329.15,0.5464849009,0.7578125,0.08699616161,0,0
0.054375,329.15,0.5466126495,0.7578125,0.08696456447,0,0
0.055,329.15,0.5467375332,0.7578125,0.08693363568,0,0
0.055625,329.15,0.5468596475,0.7578125,0.08690335431,0,0
0.05625,329.15,0.5469790834,0.7578125,0.0868737003,0,0
0.056875,329.15,0.5470959281,0.7578125,0.08684465442,0,0
0.0575,329.15,0.547210265,0.7578125,0.08681619819,0,0
0.058125,329.15,0.547322174,0.7578125,0.08678831388,1,1
0.05875,329.15,0.5474317316,0.7578125,0.08676098447,1,1
0.059375,329.15,0.5475390111,0.7578125,0.08673419359,1,1
0.06,329.15,0.5476440829,0.7578125,0.08670792552,1,1
0.060625,329.15,0.5477470144,0.7578125,0.08668216514,1,1
0.06125,329.15,0.5478478703,0.7578125,0.08665689791,1,1
0.061875,329.15,0.5479467128,0.7578125,0.08663210983,1,1
0.0625,329.15,0.5480436017,0.7578125,0.08660778743,1,1
0.063125,329.15,0.5481385941,0.7578125,0.08658391773,1,1
0.06375,329.15,0.5482317454,0.7578125,0.08656048824,1,1
0.064375,329.15,0.5483231084,0.7578125,0.08653748692,1,1
0.065,329.15,0.5484127343,0.7578125,0.08651490217,1,1
0.065625,329.15,0.548500672,0.7578125,0.08649272277,1,1
0.06625,329.15,0.5485869688,0.7578125,0.08647093796,1,1
0.066875,329.15,0.5486716703,0.7578125,0.08644953729,1,1
0.0675,329.15,0.5487548202,0.7578125,0.08642851073,1,1
0.068125,329.15,0.5488364608,0.7578125,0.08640784856,1,1
0.06875,329.15,0.5489166328,0.7578125,0.08638754141,1,1
0.069375,329.15,0.5489953756,0.7578125,0.08636758023,1,1
0.07,329.15,0.5490727269,0.7578125,0.08634795626,1,1
0.070625,329.15,0.5491487233,0.7578125,0.08632866104,1,1
0.07125,329.15,0.5492234002,0.7578125,0.08630968639,1,1
0.071875,329.15,0.5492967916,0.7578125,0.08629102441,1,1
0.0725,329.15,0.5493689303,0.7578125,0.08627266743,1,1
0.073125,329.15,0.5494398483,0.7578125,0.08625460807,1,1
0.07375,329.15,0.5495095762,0.7578125,0.08623683913,1,1
0.074375,329.15,0.5495781437,0.7578125,0.0862193537,1,1
0.075,329.15,0.5496455796,0.7578125,0.08620214504,1,1
0.075625,329.15,0.5497119117,0.7578125,0.08618520664,1,1
0.07625,329.15,0.5497771667,0.7578125,0.0861685322,1,1
0.076875,329.15,0.5498413709,0.7578125,0.0861521156,1,1
0.0775,329.15,0.5499045492,0.7578125,0.08613595092,1,1
0.078125,329.15,0.5499667262,0.7578125,0.08612003241,1,1
0.07875,329.15,0.5500279254,0.7578125,0.08610435449,1,1
0.079375,329.15,0.5500881697,0.7578125,0.08608891176,1,1
0.08,329.15,0.5501474813,0.7578125,0.08607369897,1,1
0.005,329.65,0.448858574,0.75390625,0.1002970387,0,0
0.005625,329.65,0.4591942558,0.75390625,0.09984160523,0,0
0.00625,329.65,0.4677005018,0.75390625,0.09931170069,0,0
0.006875,329.65,0.4748220041,0.75390625,0.09875739721,0,0
0.0075,329.65,0.4808705628,0.75390625,0.09820557387,0,0
0.008125,329.65,0.4860711354,0.75390625,0.09767044343,0,0
0.00875,329.65,0.4905900313,0.75390625,0.09715914437,0,0
0.009375,329.65,0.494552817,0.75390625,0.09667481189,0,0
0.01,329.65,0.4980560513,0.75390625,0.09621831002,0,0
0.010625,329.65,0.5011751919,0.75390625,0.09578922882,0,0
0.01125,329.65,0.5039700535,0.75390625,0.09538646699,0,0
0.011875,329.65,0.506488657,0.75390625,0.09500857502,0,0
0.0125,329.65,0.5087699968,0.75390625,0.09465395764,0,0
0.013125,329.65,0.5108460647,0.75390625,0.09432099212,0,0
0.01375,329.65,0.5127433525,0.75390625,0.09400809601,0,0
0.014375,329.65,0.5144839848,0.75390625,0.093713764,0,0
0.015,329.65,0.5160865826,0.75390625,0.09343658629,0,0
0.015625,329.65,0.5175669299,0.75390625,0.0931752555,0,0
0.01625,329.65,0.5189384938,0.75390625,0.09292856708,0,0
0.016875,329.65,0.5202128344,0.75390625,0.09269541576,0,0
0.0175,329.65,0.5213999308,0.75390625,0.09247478995,0,0
0.018125,329.65,0.522508442,0.75390625,0.09226576514,0,0
0.01875,329.65,0.5235459186,0.75390625,0.09206749699,0,0
0.019375,329.65,0.5245189738,0.75390625,0.09187921446,0,0
0.02,329.65,0.5254334254,0.75390625,0.09170021321,0,0
0.020625,329.65,0.526294411,0.75390625,0.09152984949,0,0
0.02125,329.65,0.5271064851,0.75390625,0.09136753442,0,0
0.021875,329.65,0.5278736993,0.75390625,0.09121272883,0,0
0.0225,329.65,0.5285996699,0.75390625,0.0910649385,0,0
0.023125,329.65,0.5292876347,0.75390625,0.0909237099,0,0
0.02375,329.65,0.5299405013,0.75390625,0.09078862634,0,0
0.024375,329.65,0.5305608882,0.75390625,0.09065930453,0,0
0.025,329.65,0.5311511599,0.75390625,0.0905353914,0,0
0.025625,329.65,0.5317134567,0.75390625,0.09041656137,0,0
0.02625,329.65,0.532249721,0.75390625,0.09030251377,0,0
0.026875,329.65,0.5327617193,0.75390625,0.09019297066,0,0
0.0275,329.65,0.5332510619,0.75390625,0.0900876747,0,0
0.028125,329.65,0.5337192198,0.75390625,0.08998638741,0,0
0.02875,329.65,0.5341675394,0.75390625,0.08988888749,0,0
0.029375,329.65,0.5345972552,0.75390625,0.08979496932,0,0
0.03,329.65,0.5350095015,0.75390625,0.08970444167,0,0
0.030625,329.65,0.5354053222,0.75390625,0.08961712646,0,0
0.03125,329.65,0.5357856798,0.75390625,0.08953285767,0,0
0.031875,329.65,0.5361514628,0.75390625,0.08945148037,0,0
0.0325,329.65,0.5365034931,0.75390625,0.08937284983,0,0
0.033125,329.65,0.536842532,0.75390625,0.08929683069,0,0
0.03375,329.65,0.5371692854,0.75390625,0.08922329622,0,0
0.034375,329.65,0.5374844092,0.75390625,0.08915212769,0,0
0.035,329.65,0.5377885133,0.75390625,0.08908321373,0,0
0.035625,329.65,0.5380821657,0.75390625,0.08901644976,0,0
0.03625,329.65,0.5383658961,0.75390625,0.08895173752,0,0
0.036875,329.65,0.538640199,0.75390625,0.0888889846,0,0
0.0375,329.65,0.5389055366,0.75390625,0.08882810399,0,0
0.038125,329.65,0.5391623411,0.75390625,0.08876901373,0,0
0.03875,329.65,0.5394110178,0.75390625,0.08871163652,0,0
0.039375,329.65,0.5396519465,0.75390625,0.08865589942,0,0
0.04,329.65,0.5398854836,0.75390625,0.08860173354,0,0
0.040625,329.65,0.5401119641,0.75390625,0.08854907378,0,0
0.04125,329.65,0.5403317032,0.75390625,0.08849785854,0,0
0.041875,329.65,0.5405449973,0.75390625,0.08844802952,0,0
0.0425,329.65,0.5407521259,0.75390625,0.0883995315,0,0
0.043125,329.65,0.5409533524,0.75390625,0.08835231214,0,0
0.04375,329.65,0.5411489257,0.75390625,0.08830632178,0,0
0.044375,329.65,0.5413390806,0.75390625,0.0882615133,0,0
0.045,329.65,0.5415240392,0.75390625,0.08821784192,0,0
0.045625,329.65,0.5417040116,0.75390625,0.08817526511,0,0
0.04625,329.65,0.5418791968,0.75390625,0.08813374241,0,0
0.046875,329.65,0.5420497832,0.75390625,0.08809323531,0,0
0.0475,329.65,0.5422159495,0.75390625,0.08805370717,0,0
0.048125,329.65,0.5423778654,0.75390625,0.08801512307,0,0
0.04875,329.65,0.5425356919,0.75390625,0.08797744971,0,0
0.049375,329.65,0.5426895819,0.75390625,0.08794065535,0,0
0.05,329.65,0.5428396809,0.75390625,0.0879047097,0,0
0.050625,329.65,0.5429861273,0.75390625,0.08786958383,0,0
0.05125,329.65,0.5431290527,0.75390625,0.08783525011,0,0
0.051875,329.65,0.5432685828,0.75390625,0.08780168213,0,0
0.0525,329.65,0.5434048369,0.75390625,0.08776885466,0,0
0.053125,329.65,0.5435379292,0.75390625,0.08773674352,0,0
0.05375,329.65,0.5436679684,0.75390625,0.0877053256,0,0
0.054375,329.65,0.5437950585,0.75390625,0.08767457876,0,0
0.055,329.65,0.5439192985,0.75390625,0.08764448179,0,0
0.055625,329.65,0.5440407833,0.75390625,0.08761501436,0,0
0.05625,329.65,0.5441596036,0.75390625,0.08758615698,0,0
0.056875,329.65,0.544275846,0.75390625,0.08755789095,0,0
0.0575,329.65,0.5443895935,0.75390625,0.08753019833,0,0
0.058125,329.65,0.5445009257,0.75390625,0.08750306189,1,1
0.05875,329.65,0.5446099185,0.75390625,0.08747646509,1,1
0.059375,329.65,0.5447166451,0.75390625,0.08745039202,1,1
0.06,329.65,0.5448211752,0.75390625,0.08742482741,1,1
0.060625,329.65,0.5449235761,0.75390625,0.08739975655,1,1
0.06125,329.65,0.5450239122,0.75390625,0.08737516533,1,1
0.061875,329.65,0.5451222452,0.75390625,0.08735104013,1,1
0.0625,329.65,0.5452186346,0.75390625,0.08732736786,1,1
0.063125,329.65,0.5453131375,0.75390625,0.08730413591,1,1
0.06375,329.65,0.5454058085,0.75390625,0.08728133214,1,1
0.064375,329.65,0.5454967006,0.75390625,0.08725894484,1,1
0.065,329.65,0.5455858645,0.75390625,0.08723696274,1,1
0.065625,329.65,0.5456733489,0.75390625,0.08721537494,1,1
0.06625,329.65,0.5457592009,0.75390625,0.08719417096,1,1
0.066875,329.65,0.5458434658,0.75390625,0.08717334066,1,1
0.0675,329.65,0.5459261871,0.75390625,0.08715287428,1,1
0.068125,329.65,0.5460074069,0.75390625,0.08713276239,1,1
0.06875,329.65,0.5460871656,0.75390625,0.08711299585,1,1
0.069375,329.65,0.5461655025,0.75390625,0.08709356588,1,1
0.07,329.65,0.5462424551,0.75390625,0.08707446396,1,1
0.070625,329.65,0.5463180598,0.75390625,0.08705568187,1,1
0.07125,329.65,0.5463923517,0.75390625,0.08703721165,1,1
0.071875,329.65,0.5464653648,0.75390625,0.08701904562,1,1
0.0725,329.65,0.5465371317,0.75390625,0.08700117633,1,1
0.073125,329.65,0.5466076841,0.75390625,0.08698359658,1,1
0.07375,329.65,0.5466770526,0.75390625,0.08696629941,1,1
0.074375,329.65,0.5467452667,0.75390625,0.08694927806,1,1
0.075,329.65,0.546812355,0.75390625,0.086932526,1,1
0.075625,329.65,0.5468783451,0.75390625,0.0869160369,1,1
0.07625,329.65,0.5469432638,0.75390625,0.08689980462,1,1
0.076875,329.65,0.547007137,0.75390625,0.08688382322,1,1
0.0775,329.65,0.5470699897,0.75390625,0.08686808693,1,1
0.078125,329.65,0.5471318461,0.75390625,0.08685259017,1,1
0.07875,329.65,0.5471927299,0.75390625,0.08683732751,1,1
0.079375,329.65,0.5472526636,0.75390625,0.08682229371,1,1
0.08,329.65,0.5473116695,0.75390625,0.08680748364,1,1
0.005,330.15,0.4465328819,0.75,0.1005112435,0,0
0.005625,330.15,0.456815011,0.75,0.1000953818,0,0
0.00625,330.15,0.4652771831,0.75,0.09960014155,0,0
0.006875,330.15,0.4723617865,0.75,0.09907636684,0,0
0.0075,330.15,0.4783790055,0.75,0.09855158368,0,0
0.008125,330.15,0.4835526321,0.75,0.09804053886,0,0
0.00875,330.15,0.488048114,0.75,0.09755080985,0,0
0.009375,330.15,0.4919903672,0.75,0.09708589307,0,0
0.01,330.15,0.49547545,0.75,0.09664695094,0,0
0.010625,330.15,0.4985784292,0.75,0.09623382124,0,0
0.01125,330.15,0.5013588097,0.75,0.09584560947,0,0
0.011875,330.15,0.5038643634,0.75,0.09548103983,0,0
0.0125,330.15,0.5061338829,0.75,0.09513866379,0,0
0.013125,330.15,0.5081991938,0.75,0.0948169833,0,0
0.01375,330.15,0.5100866511,0.75,0.0945145224,0,0
0.014375,330.15,0.5118182647,0.75,0.0942298673,0,0
0.015,330.15,0.5134125589,0.75,0.09396168713,0,0
0.015625,330.15,0.514885236,0.75,0.09370874303,0,0
0.01625,330.15,0.5162496933,0.75,0.09346989011,0,0
0.016875,330.15,0.5175174311,0.75,0.09324407531,0,0
0.0175,330.15,0.5186983767,0.75,0.09303033293,0,0
0.018125,330.15,0.5198011444,0.75,0.09282777891,0,0
0.01875,330.15,0.5208332454,0.75,0.09263560474,0,0
0.019375,330.15,0.5218012589,0.75,0.09245307117,0,0
0.02,330.15,0.5227109724,0.75,0.09227950223,0,0
0.020625,330.15,0.523567497,0.75,0.0921142795,0,0
0.02125,330.15,0.5243753634,0.75,0.09195683683,0,0
0.021875,330.15,0.5251386025,0.75,0.09180665547,0,0
0.0225,330.15,0.5258608115,0.75,0.09166325963,0,0
0.023125,330.15,0.5265452117,0.75,0.09152621242,0,0
0.02375,330.15,0.5271946956,0.75,0.09139511224,0,0
0.024375,330.15,0.5278118681,0.75,0.09126958948,0,0
0.025,330.15,0.5283990813,0.75,0.09114930355,0,0
0.025625,330.15,0.5289584647,0.75,0.09103394024,0,0
0.02625,330.15,0.5294919504,0.75,0.09092320928,0,0
0.026875,330.15,0.5300012959,0.75,0.09081684222,0,0
0.0275,330.15,0.530488103,0.75,0.09071459048,0,0
0.028125,330.15,0.5309538353,0.75,0.09061622358,0,0
0.02875,330.15,0.5313998319,0.75,0.09052152762,0,0
0.029375,330.15,0.5318273212,0.75,0.0904303038,0,0
0.03,330.15,0.5322374315,0.75,0.09034236716,0,0
0.030625,330.15,0.5326312014,0.75,0.09025754546,0,0
0.03125,330.15,0.5330095882,0.75,0.09017567807,0,0
0.031875,330.15,0.533373476,0.75,0.09009661506,0,0
0.0325,330.15,0.5337236823,0.75,0.09002021634,0,0
0.033125,330.15,0.5340609645,0.75,0.08994635088,0,0
0.03375,330.15,0.5343860249,0.75,0.08987489598,0,0
0.034375,330.15,0.5346995159,0.75,0.08980573667,0,0
0.035,330.15,0.5350020443,0.75,0.08973876506,0,0
0.035625,330.15,0.5352941752,0.75,0.08967387988,0,0
0.03625,330.15,0.5355764355,0.75,0.08961098592,0,0
0.036875,330.15,0.5358493172,0.75,0.08954999364,0,0
0.0375,330.15,0.5361132799,0.75,0.08949081874,0,0
0.038125,330.15,0.5363687539,0.75,0.08943338177,0,0
0.03875,330.15,0.5366161421,0.75,0.08937760782,0,0
0.039375,330.15,0.5368558224,0.75,0.08932342618,0,0
0.04,330.15,0.5370881494,0.75,0.08927077007,0,0
0.040625,330.15,0.5373134565,0.75,0.08921957636,0,0
0.04125,330.15,0.537532057,0.75,0.08916978532,0,0
0.041875,330.15,0.537744246,0.75,0.08912134043,0,0
0.0425,330.15,0.5379503014,0.75,0.08907418813,0,0
0.043125,330.15,0.5381504853,0.75,0.08902827765,0,0
0.04375,330.15,0.5383450453,0.75,0.08898356083,0,0
0.044375,330.15,0.5385342149,0.75,0.08893999194,0,0
0.045,330.15,0.5387182152,0.75,0.08889752756,0,0
0.045625,330.15,0.5388972551,0.75,0.08885612642,0,0
0.04625,330.15,0.5390715325,0.75,0.08881574927,0,0
0.046875,330.15,0.5392412351,0.75,0.08877635874,0,0
0.0475,330.15,0.5394065404,0.75,0.08873791926,0,0
0.048125,330.15,0.5395676174,0.75,0.08870039696,0,0
0.04875,330.15,0.5397246261,0.75,0.08866375951,0,0
0.049375,330.15,0.5398777187,0.75,0.08862797612,0,0
0.05,330.15,0.54002704,0.75,0.08859301737,0,0
0.050625,330.15,0.5401727276,0.75,0.08855885519,0,0
0.05125,330.15,0.5403149126,0.75,0.08852546276,0,0
0.051875,330.15,0.5404537196,0.75,0.08849281445,0,0
0.0525,330.15,0.5405892678,0.75,0.08846088574,0,0
0.053125,330.15,0.5407216705,0.75,0.08842965317,0,0
0.05375,330.15,0.540851036,0.75,0.08839909431,0,0
0.054375,330.15,0.5409774675,0.75,0.08836918765,0,0
0.055,330.15,0.5411010638,0.75,0.0883399126,0,0
0.055625,330.15,0.5412219192,0.75,0.08831124942,0,0
0.05625,330.15,0.5413401238,0.75,0.08828317918,0,0
0.056875,330.15,0.5414557639,0.75,0.08825568372,0,0
0.0575,330.15,0.5415689221,0.75,0.08822874562,0,0
0.058125,330.15,0.5416796773,0.75,0.08820234815,1,1
0.05875,330.15,0.5417881055,0.75,0.08817647523,1,1
0.059375,330.15,0.541894279,0.75,0.08815111143,1,1
0.06,330.15,0.5419982676,0.75,0.0881262419,1,1
0.060625,330.15,0.5421001379,0.75,0.08810185236,1,1
0.06125,330.15,0.5421999541,0.75,0.0880779291,1,1
0.061875,330.15,0.5422977777,0.75,0.08805445889,1,1
0.0625,330.15,0.5423936676,0.75,0.08803142901,1,1
0.063125,330.15,0.5424876808,0.75,0.08800882723,1,1
0.06375,330.15,0.5425798717,0.75,0.08798664173,1,1
0.064375,330.15,0.5426702929,0.75,0.08796486115,1,1
0.065,330.15,0.5427589947,0.75,0.08794347452,1,1
0.065625,330.15,0.5428460259,0.75,0.08792247127,1,1
0.06625,330.15,0.542931433,0.75,0.08790184121,1,1
0.066875,330.15,0.5430152613,0.75,0.0878815745,1,1
0.0675,330.15,0.543097554,0.75,0.08786166164,1,1
0.068125,330.15,0.5431783529,0.75,0.08784209346,1,1
0.06875,330.15,0.5432576985,0.75,0.08782286111,1,1
0.069375,330.15,0.5433356294,0.75,0.08780395603,1,1
0.07,330.15,0.5434121833,0.75,0.08778536995,1,1
0.070625,330.15,0.5434873963,0.75,0.08776709488,1,1
0.07125,330.15,0.5435613033,0.75,0.08774912309,1,1
0.071875,330.15,0.543633938,0.75,0.08773144711,1,1
0.0725,330.15,0.5437053331,0.75,0.0877140597,1,1
0.073125,330.15,0.54377552,0.75,0.08769695387,1,1
0.07375,330.15,0.543844529,0.75,0.08768012284,1,1
0.074375,330.15,0.5439123897,0.75,0.08766356005,1,1
0.075,330.15,0.5439791304,0.75,0.08764725916,1,1
0.075625,330.15,0.5440447786,0.75,0.08763121401,1,1
0.07625,330.15,0.5441093609,0.75,0.08761541863,1,1
0.076875,330.15,0.5441729031,0.75,0.08759986724,1,1
0.0775,330.15,0.5442354301,0.75,0.08758455426,1,1
0.078125,330.15,0.5442969661,0.75,0.08756947423,1,1
0.07875,330.15,0.5443575344,0.75,0.0875546219,1,1
0.079375,330.15,0.5444171576,0.75,0.08753999215,1,1
0.08,330.15,0.5444758578,0.75,0.08752558002,1,1
0.005,330.65,0.4442071898,0.74609375,0.1007160221,0,0
0.005625,330.65,0.4544357661,0.74609375,0.1003392205,0,0
0.00625,330.65,0.4628538644,0.74609375,0.09987820273,0,0
0.006875,330.65,0.4699015688,0.74609375,0.09938457178,0,0
0.0075,330.65,0.4758874482,0.74609375,0.09888649051,0,0
0.008125,330.65,0.4810341288,0.74609375,0.0983992319,0,0
0.00875,330.65,0.4855061968,0.74609375,0.09793080613,0,0
0.009375,330.65,0.4894279174,0.74609375,0.09748506586,0,0
0.01,330.65,0.4928948487,0.74609375,0.09706346787,0,0
0.010625,330.65,0.4959816666,0.74609375,0.09666609434,0,0
0.01125,330.65,0.4987475659,0.74609375,0.09629225489,0,0
0.011875,330.65,0.5012400699,0.74609375,0.09594084517,0,0
0.0125,330.65,0.5034977689,0.74609375,0.09561056148,0,0
0.013125,330.65,0.505552323,0.74609375,0.09530002886,0,0
0.01375,330.65,0.5074299498,0.74609375,0.09500787654,0,0
0.014375,330.65,0.5091525445,0.74609375,0.09473278102,0,0
0.015,330.65,0.5107385351,0.74609375,0.09447348943,0,0
0.015625,330.65,0.512203542,0.74609375,0.09422883053,0,0
0.01625,330.65,0.5135608928,0.74609375,0.09399771837,0,0
0.016875,330.65,0.5148220278,0.74609375,0.09377915146,0,0
0.0175,330.65,0.5159968227,0.74609375,0.09357220939,0,0
0.018125,330.65,0.5170938468,0.74609375,0.09337604809,0,0
0.01875,330.65,0.5181205723,0.74609375,0.09318989439,0,0
0.019375,330.65,0.519083544,0.74609375,0.09301304048,0,0
0.02,330.65,0.5199885194,0.74609375,0.09284483839,0,0
0.020625,330.65,0.5208405829,0.74609375,0.09268469472,0,0
0.02125,330.65,0.5216442418,0.74609375,0.09253206579,0,0
0.021875,330.65,0.5224035056,0.74609375,0.09238645301,0,0
0.0225,330.65,0.5231219531,0.74609375,0.09224739878,0,0
0.023125,330.65,0.5238027887,0.74609375,0.09211448266,0,0
0.02375,330.65,0.5244488899,0.74609375,0.09198731795,0,0
0.024375,330.65,0.5250628479,0.74609375,0.09186554857,0,0
0.025,330.65,0.5256470028,0.74609375,0.09174884625,0,0
0.025625,330.65,0.5262034727,0.74609375,0.091636908,0,0
0.02625,330.65,0.5267341798,0.74609375,0.09152945382,0,0
0.026875,330.65,0.5272408724,0.74609375,0.09142622467,0,0
0.0275,330.65,0.5277251442,0.74609375,0.09132698057,0,0
0.028125,330.65,0.5281884507,0.74609375,0.09123149901,0,0
0.02875,330.65,0.5286321245,0.74609375,0.09113957334,0,0
0.029375,330.65,0.5290573872,0.74609375,0.09105101152,0,0
0.03,330.65,0.5294653616,0.74609375,0.0909656348,0,0
0.030625,330.65,0.5298570805,0.74609375,0.09088327668,0,0
0.03125,330.65,0.5302334966,0.74609375,0.09080378187,0,0
0.031875,330.65,0.5305954891,0.74609375,0.09072700538,0,0
0.0325,330.65,0.5309438715,0.74609375,0.09065281171,0,0
0.033125,330.65,0.5312793969,0.74609375,0.0905810741,0,0
0.03375,330.65,0.5316027643,0.74609375,0.09051167383,0,0
0.034375,330.65,0.5319146226,0.74609375,0.09044449963,0,0
0.035,330.65,0.5322155753,0.74609375,0.09037944709,0,0
0.035625,330.65,0.5325061847,0.74609375,0.09031641817,0,0
0.03625,330.65,0.5327869749,0.74609375,0.09025532069,0,0
0.036875,330.65,0.5330584353,0.74609375,0.09019606795,0,0
0.0375,330.65,0.5333210232,0.74609375,0.0901385783,0,0
0.038125,330.65,0.5335751666,0.74609375,0.09008277481,0,0
0.03875,330.65,0.5338212664,0.74609375,0.0900285849,0,0
0.039375,330.65,0.5340596983,0.74609375,0.08997594008,0,0
0.04,330.65,0.5342908153,0.74609375,0.08992477564,0,0
0.040625,330.65,0.5345149489,0.74609375,0.08987503041,0,0
0.04125,330.65,0.5347324109,0.74609375,0.08982664652,0,0
0.041875,330.65,0.5349434947,0.74609375,0.08977956917,0,0
0.0425,330.65,0.5351484769,0.74609375,0.08973374646,0,0
0.043125,330.65,0.5353476182,0.74609375,0.08968912918,0,0
0.04375,330.65,0.5355411648,0.74609375,0.08964567062,0,0
0.044375,330.65,0.5357293492,0.74609375,0.08960332649,0,0
0.045,330.65,0.5359123911,0.74609375,0.08956205465,0,0
0.045625,330.65,0.5360904985,0.74609375,0.0895218151,0,0
0.04625,330.65,0.5362638683,0.74609375,0.08948256977,0,0
0.046875,330.65,0.536432687,0.74609375,0.08944428243,0,0
0.0475,330.65,0.5365971314,0.74609375,0.08940691858,0,0
0.048125,330.65,0.5367573694,0.74609375,0.08937044536,0,0
0.04875,330.65,0.5369135603,0.74609375,0.08933483142,0,0
0.049375,330.65,0.5370658556,0.74609375,0.08930004689,0,0
0.05,330.65,0.5372143992,0.74609375,0.08926606322,0,0
0.050625,330.65,0.537359328,0.74609375,0.0892328532,1,1
0.05125,330.65,0.5375007724,0.74609375,0.08920039079,0,0
0.051875,330.65,0.5376388565,0.74609375,0.08916865112,0,0
0.0525,330.65,0.5377736987,0.74609375,0.08913761041,0,0
0.053125,330.65,0.5379054118,0.74609375,0.0891072459,0,0
0.05375,330.65,0.5380341035,0.74609375,0.08907753581,0,0
0.054375,330.65,0.5381598765,0.74609375,0.08904845927,0,0
0.055,330.65,0.5382828291,0.74609375,0.0890199963,0,0
0.055625,330.65,0.538403055,0.74609375,0.08899212774,0,0
0.05625,330.65,0.538520644,0.74609375,0.08896483522,0,0
0.056875,330.65,0.5386356818,0.74609375,0.08893810111,0,0
0.0575,330.65,0.5387482506,0.74609375,0.0889119085,0,0
0.058125,330.65,0.538858429,0.74609375,0.08888624115,1,1
0.05875,330.65,0.5389662924,0.74609375,0.08886108345,1,1
0.059375,330.65,0.539071913,0.74609375,0.08883642043,1,1
0.06,330.65,0.5391753599,0.74609375,0.08881223766,1,1
0.060625,330.65,0.5392766997,0.74609375,0.08878852129,1,1
0.06125,330.65,0.539375996,0.74609375,0.08876525799,1,1
0.061875,330.65,0.5394733101,0.74609375,0.08874243493,1,1
0.0625,330.65,0.5395687006,0.74609375,0.08872003976,1,1
0.063125,330.65,0.5396622241,0.74609375,0.08869806059,1,1
0.06375,330.65,0.5397539349,0.74609375,0.08867648596,1,1
0.064375,330.65,0.5398438851,0.74609375,0.08865530483,1,1
0.065,330.65,0.539932125,0.74609375,0.08863450656,1,1
0.065625,330.65,0.5400187028,0.74609375,0.08861408087,1,1
0.06625,330.65,0.5401036652,0.74609375,0.08859401786,1,1
0.066875,330.65,0.5401870568,0.74609375,0.08857430799,1,1
0.0675,330.65,0.5402689209,0.74609375,0.08855494203,1,1
0.068125,330.65,0.540349299,0.74609375,0.08853591106,1,1
0.06875,330.65,0.5404282313,0.74609375,0.0885172065,1,1
0.069375,330.65,0.5405057563,0.74609375,0.08849882003,1,1
0.07,330.65,0.5405819115,0.74609375,0.08848074362,1,1
0.070625,330.65,0.5406567328,0.74609375,0.0884629695,1,1
0.07125,330.65,0.5407302548,0.74609375,0.08844549017,1,1
0.071875,330.65,0.5408025113,0.74609375,0.08842829838,1,1
0.0725,330.65,0.5408735345,0.74609375,0.08841138708,1,1
0.073125,330.65,0.5409433558,0.74609375,0.0883947495,1,1
0.07375,330.65,0.5410120054,0.74609375,0.08837837904,1,1
0.074375,330.65,0.5410795127,0.74609375,0.08836226933,1,1
0.075,330.65,0.5411459057,0.74609375,0.08834641421,1,1
0.075625,330.65,0.541211212,0.74609375,0.08833080769,1,1
0.07625,330.65,0.541275458,0.74609375,0.08831544398,1,1
0.076875,330.65,0.5413386692,0.74609375,0.08830031747,1,1
0.0775,330.65,0.5414008706,0.74609375,0.08828542272,1,1
0.078125,330.65,0.5414620861,0.74609375,0.08827075444,1,1
0.07875,330.65,0.5415223389,0.74609375,0.08825630752,1,1
0.079375,330.65,0.5415816516,0.74609375,0.088242077,1,1
0.08,330.65,0.541640046,0.74609375,0.08822805804,1,1
0.005,331.15,0.4418814977,0.7421875,0.1009114091,0,0
0.005625,331.15,0.4520565213,0.7421875,0.1005731585,0,0
0.00625,331.15,0.4604305458,0.7421875,0.1001459236,0,0
0.006875,331.15,0.4674413512,0.7421875,0.09968205333,0,0
0.0075,331.15,0.4733958909,0.7421875,0.09921033747,0,0
0.008125,331.15,0.4785156255,0.7421875,0.09874656723,0,0
0.00875,331.15,0.4829642795,0.7421875,0.09829917932,0,0
0.009375,331.15,0.4868654675,0.7421875,0.09787237769,0,0
0.01,331.15,0.4903142474,0.7421875,0.09746790941,0,0
0.010625,331.15,0.4933849039,0.7421875,0.09708609782,0,0
0.01125,331.15,0.4961363221,0.7421875,0.09672645395,0,0
0.011875,331.15,0.4986157763,0.7421875,0.09638804264,0,0
0.0125,331.15,0.5008616549,0.7421875,0.09606970317,0,0
0.013125,331.15,0.5029054522,0.7421875,0.09577018208,0,0
0.01375,331.15,0.5047732485,0.7421875,0.0954882124,0,0
0.014375,331.15,0.5064868244,0.7421875,0.09522255984,0,0
0.015,331.15,0.5080645114,0.7421875,0.09497204849,0,0
0.015625,331.15,0.5095218481,0.7421875,0.09473557391,0,0
0.01625,331.15,0.5108720923,0.7421875,0.09451210833,0,0
0.016875,331.15,0.5121266245,0.7421875,0.09430070119,0,0
0.0175,331.15,0.5132952686,0.7421875,0.09410047682,0,0
0.018125,331.15,0.5143865492,0.7421875,0.0939106306,0,0
0.01875,331.15,0.5154078991,0.7421875,0.09373042432,0,0
0.019375,331.15,0.5163658292,0.7421875,0.09355918118,0,0
0.02,331.15,0.5172660664,0.7421875,0.09339628087,0,0
0.020625,331.15,0.5181136689,0.7421875,0.09324115473,0,0
0.02125,331.15,0.5189131201,0.7421875,0.09309328121,0,0
0.021875,331.15,0.5196684087,0.7421875,0.09295218168,0,0
0.0225,331.15,0.5203830947,0.7421875,0.09281741651,0,0
0.023125,331.15,0.5210603657,0.7421875,0.09268858149,0,0
0.02375,331.15,0.5217030842,0.7421875,0.09256530464,0,0
0.024375,331.15,0.5223138278,0.7421875,0.09244724325,0,0
0.025,331.15,0.5228949243,0.7421875,0.0923340812,0,0
0.025625,331.15,0.5234484807,0.7421875,0.0922255266,0,0
0.02625,331.15,0.5239764093,0.7421875,0.0921213096,0,0
0.026875,331.15,0.524480449,0.7421875,0.09202118043,0,0
0.0275,331.15,0.5249621853,0.7421875,0.09192490766,0,0
0.028125,331.15,0.5254230662,0.7421875,0.09183227656,0,0
0.02875,331.15,0.525864417,0.7421875,0.09174308774,0,0
0.029375,331.15,0.5262874533,0.7421875,0.09165715577,0,0
0.03,331.15,0.5266932916,0.7421875,0.09157430806,0,0
0.030625,331.15,0.5270829597,0.7421875,0.09149438379,0,0
0.03125,331.15,0.527457405,0.7421875,0.09141723292,0,0
0.031875,331.15,0.5278175022,0.7421875,0.09134271535,0,0
0.0325,331.15,0.5281640606,0.7421875,0.09127070012,0,0
0.033125,331.15,0.5284978294,0.7421875,0.09120106468,0,0
0.03375,331.15,0.5288195038,0.7421875,0.09113369425,0,0
0.034375,331.15,0.5291297292,0.7421875,0.09106848122,0,0
0.035,331.15,0.5294291063,0.7421875,0.09100532461,0,0
0.035625,331.15,0.5297181942,0.7421875,0.09094412955,0,0
0.03625,331.15,0.5299975143,0.7421875,0.09088480689,0,0
0.036875,331.15,0.5302675535,0.7421875,0.09082727271,0,0
0.0375,331.15,0.5305287666,0.7421875,0.090771448,0,0
0.038125,331.15,0.5307815794,0.7421875,0.09071725829,0,0
0.03875,331.15,0.5310263906,0.7421875,0.09066463333,0,0
0.039375,331.15,0.5312635742,0.7421875,0.0906135068,0,0
0.04,331.15,0.5314934812,0.7421875,0.09056381605,0,0
0.040625,331.15,0.5317164414,0.7421875,0.09051550185,0,0
0.04125,331.15,0.5319327648,0.7421875,0.09046850813,0,0
0.041875,331.15,0.5321427434,0.7421875,0.09042278185,0,0
0.0425,331.15,0.5323466524,0.7421875,0.09037827271,0,0
0.043125,331.15,0.5325447511,0.7421875,0.09033493304,0,0
0.04375,331.15,0.5327372844,0.7421875,0.0902927176,0,0
0.044375,331.15,0.5329244835,0.7421875,0.09025158345,0,0
0.045,331.15,0.5331065671,0.7421875,0.0902114898,0,0
0.045625,331.15,0.533283742,0.7421875,0.09017239784,0,0
0.04625,331.15,0.5334562041,0.7421875,0.0901342707,0,0
0.046875,331.15,0.5336241389,0.7421875,0.09009707326,0,0
0.0475,331.15,0.5337877223,0.7421875,0.09006077208,0,0
0.048125,331.15,0.5339471214,0.7421875,0.0900253353,0,0
0.04875,331.15,0.5341024946,0.7421875,0.08999073255,1,1
0.049375,331.15,0.5342539925,0.7421875,0.08995693484,0,0
0.05,331.15,0.5344017584,0.7421875,0.08992391452,0,0
0.050625,331.15,0.5345459284,0.7421875,0.08989164518,0,0
0.05125,331.15,0.5346866322,0.7421875,0.08986010159,0,0
0.051875,331.15,0.5348239934,0.7421875,0.08982925963,0,0
0.0525,331.15,0.5349581296,0.7421875,0.08979909623,0,0
0.053125,331.15,0.5350891531,0.7421875,0.08976958932,0,0
0.05375,331.15,0.535217171,0.7421875,0.08974071778,0,0
0.054375,331.15,0.5353422855,0.7421875,0.08971246137,0,0
0.055,331.15,0.5354645944,0.7421875,0.0896848007,0,0
0.055625,331.15,0.5355841908,0.7421875,0.08965771719,0,0
0.05625,331.15,0.5357011641,0.7421875,0.08963119303,0,0
0.056875,331.15,0.5358155997,0.7421875,0.0896052111,0,0
0.0575,331.15,0.5359275791,0.7421875,0.089579755,0,0
0.058125,331.15,0.5360371807,0.7421875,0.08955480898,1,1
0.05875,331.15,0.5361444794,0.7421875,0.0895303579,1,1
0.059375,331.15,0.5362495469,0.7421875,0.08950638721,1,1
0.06,331.15,0.5363524523,0.7421875,0.08948288293,1,1
0.060625,331.15,0.5364532615,0.7421875,0.08945983162,1,1
0.06125,331.15,0.5365520379,0.7421875,0.08943722034,1,1
0.061875,331.15,0.5366488425,0.7421875,0.08941503665,1,1
0.0625,331.15,0.5367437336,0.7421875,0.08939326855,1,1
0.063125,331.15,0.5368367675,0.7421875,0.0893719045,1,1
0.06375,331.15,0.5369279981,0.7421875,0.08935093339,1,1
0.064375,331.15,0.5370174773,0.7421875,0.0893303445,1,1
0.065,331.15,0.5371052552,0.7421875,0.0893101275,1,1
0.065625,331.15,0.5371913798,0.7421875,0.08929027241,1,1
0.06625,331.15,0.5372758973,0.7421875,0.08927076964,1,1
0.066875,331.15,0.5373588523,0.7421875,0.08925160991,1,1
0.0675,331.15,0.5374402878,0.7421875,0.08923278425,1,1
0.068125,331.15,0.5375202451,0.7421875,0.08921428404,1,1
0.06875,331.15,0.5375987641,0.7421875,0.08919610091,1,1
0.069375,331.15,0.5376758833,0.7421875,0.08917822681,1,1
0.07,331.15,0.5377516397,0.7421875,0.08916065393,1,1
0.070625,331.15,0.5378260692,0.7421875,0.08914337474,1,1
0.07125,331.15,0.5378992064,0.7421875,0.08912638196,1,1
0.071875,331.15,0.5379710845,0.7421875,0.08910966852,1,1
0.0725,331.15,0.5380417359,0.7421875,0.08909322761,1,1
0.073125,331.15,0.5381111916,0.7421875,0.08907705264,1,1
0.07375,331.15,0.5381794819,0.7421875,0.0890611372,1,1
0.074375,331.15,0.5382466356,0.7421875,0.08904547512,1,1
0.075,331.15,0.5383126811,0.7421875,0.0890300604,1,1
0.075625,331.15,0.5383776455,0.7421875,0.08901488724,1,1
0.07625,331.15,0.5384415551,0.7421875,0.08899995002,1,1
0.076875,331.15,0.5385044354,0.7421875,0.08898524327,1,1
0.0775,331.15,0.5385663111,0.7421875,0.08897076172,1,1
0.078125,331.15,0.538627206,0.7421875,0.08895650024,1,1
0.07875,331.15,0.5386871434,0.7421875,0.08894245385,1,1
0.079375,331.15,0.5387461456,0.7421875,0.08892861775,1,1
0.08,331.15,0.5388042343,0.7421875,0.08891498723,1,1
0.005,331.65,0.4395558056,0.73828125,0.101097439,0,0
0.005625,331.65,0.4496772764,0.73828125,0.1007972326,0,0
0.00625,331.65,0.4580072271,0.73828125,0.1004033432,0,0
0.006875,331.65,0.4649811336,0.73828125,0.0999688526,0,0
0.0075,331.65,0.4709043335,0.73828125,0.0995231674,0,0
0.008125,331.65,0.4759971222,0.73828125,0.09908258929,0,0
0.00875,331.65,0.4804223623,0.73828125,0.09865597531,0,0
0.009375,331.65,0.4843030177,0.73828125,0.09824787571,0,0
0.01,331.65,0.4877336461,0.73828125,0.09786032392,0,0
0.010625,331.65,0.4907881413,0.73828125,0.09749388113,0,0
0.01125,331.65,0.4935250783,0.73828125,0.09714825709,0,0
0.011875,331.65,0.4959914827,0.73828125,0.09682268361,0,0
0.0125,331.65,0.4982255409,0.73828125,0.09651614106,0,0
0.013125,331.65,0.5002585814,0.73828125,0.09622749592,0,0
0.01375,331.65,0.5021165472,0.73828125,0.09595558369,0,0
0.014375,331.65,0.5038211043,0.73828125,0.09569925812,0,0
0.015,331.65,0.5053904876,0.73828125,0.09545741931,0,0
0.015625,331.65,0.5068401541,0.73828125,0.09522902875,0,0
0.01625,331.65,0.5081832918,0.73828125,0.09501311613,0,0
0.016875,331.65,0.5094312212,0.73828125,0.09480878116,0,0
0.0175,331.65,0.5105937146,0.73828125,0.09461519235,0,0
0.018125,331.65,0.5116792515,0.73828125,0.09443158407,0,0
0.01875,331.65,0.5126952259,0.73828125,0.09425725258,0,0
0.019375,331.65,0.5136481143,0.73828125,0.09409155173,0,0
0.02,331.65,0.5145436135,0.73828125,0.09393388853,0,0
0.020625,331.65,0.5153867548,0.73828125,0.09378371872,0,0
0.02125,331.65,0.5161819984,0.73828125,0.09364054266,0,0
0.021875,331.65,0.5169333118,0.73828125,0.0935039014,0,0
0.0225,331.65,0.5176442363,0.73828125,0.09337337304,0,0
0.023125,331.65,0.5183179428,0.73828125,0.09324856943,0,0
0.02375,331.65,0.5189572785,0.73828125,0.09312913312,0,0
0.024375,331.65,0.5195648076,0.73828125,0.0930147346,0,0
0.025,331.65,0.5201428457,0.73828125,0.09290506975,0,0
0.025625,331.65,0.5206934887,0.73828125,0.09279985766,0,0
0.02625,331.65,0.5212186387,0.73828125,0.09269883847,0,0
0.026875,331.65,0.5217200256,0.73828125,0.09260177161,0,0
0.0275,331.65,0.5221992264,0.73828125,0.09250843403,0,0
0.028125,331.65,0.5226576816,0.73828125,0.09241861877,0,0
0.02875,331.65,0.5230967096,0.73828125,0.09233213353,0,0
0.029375,331.65,0.5235175193,0.73828125,0.09224879947,0,0
0.03,331.65,0.5239212217,0.73828125,0.09216845006,0,0
0.030625,331.65,0.5243088389,0.73828125,0.09209093007,0,0
0.03125,331.65,0.5246813134,0.73828125,0.09201609469,0,0
0.031875,331.65,0.5250395154,0.73828125,0.09194380862,0,0
0.0325,331.65,0.5253842498,0.73828125,0.09187394539,0,0
0.033125,331.65,0.5257162619,0.73828125,0.09180638661,0,0
0.03375,331.65,0.5260362432,0.73828125,0.09174102139,0,0
0.034375,331.65,0.5263448359,0.73828125,0.09167774573,0,0
0.035,331.65,0.5266426373,0.73828125,0.09161646203,0,0
0.035625,331.65,0.5269302037,0.73828125,0.0915570786,0,0
0.03625,331.65,0.5272080537,0.73828125,0.09149950922,0,0
0.036875,331.65,0.5274766716,0.73828125,0.09144367275,0,0
0.0375,331.65,0.5277365099,0.73828125,0.09138949279,0,0
0.038125,331.65,0.5279879921,0.73828125,0.09133689729,0,0
0.03875,331.65,0.5282315149,0.73828125,0.0912858183,0,0
0.039375,331.65,0.5284674502,0.73828125,0.09123619165,0,0
0.04,331.65,0.5286961471,0.73828125,0.09118795673,0,0
0.040625,331.65,0.5289179338,0.73828125,0.09114105619,0,0
0.04125,331.65,0.5291331186,0.73828125,0.09109543581,0,0
0.041875,331.65,0.5293419921,0.73828125,0.09105104421,0,0
0.0425,331.65,0.5295448279,0.73828125,0.09100783272,0,0
0.043125,331.65,0.529741884,0.73828125,0.09096575517,0,0
0.04375,331.65,0.529933404,0.73828125,0.09092476779,0,0
0.044375,331.65,0.5301196178,0.73828125,0.09088482897,0,0
0.045,331.65,0.5303007431,0.73828125,0.09084589921,0,0
0.045625,331.65,0.5304769855,0.73828125,0.09080794094,0,0
0.04625,331.65,0.5306485398,0.73828125,0.09077091844,0,0
0.046875,331.65,0.5308155908,0.73828125,0.0907347977,0,0
0.0475,331.65,0.5309783132,0.73828125,0.09069954631,0,0
0.048125,331.65,0.5311368734,0.73828125,0.09066513342,0,0
0.04875,331.65,0.5312914288,0.73828125,0.0906315296,0,0
0.049375,331.65,0.5314421294,0.73828125,0.09059870676,0,0
0.05,331.65,0.5315891175,0.73828125,0.09056663812,0,0
0.050625,331.65,0.5317325288,0.73828125,0.09053529807,0,0
0.05125,331.65,0.5318724921,0.73828125,0.09050466217,0,0
0.051875,331.65,0.5320091303,0.73828125,0.09047470704,0,0
0.0525,331.65,0.5321425605,0.73828125,0.09044541032,0,0
0.053125,331.65,0.5322728944,0.73828125,0.09041675063,0,0
0.05375,331.65,0.5324002385,0.73828125,0.09038870748,0,0
0.054375,331.65,0.5325246946,0.73828125,0.09036126127,0,0
0.055,331.65,0.5326463597,0.73828125,0.09033439319,0,0
0.055625,331.65,0.5327653267,0.73828125,0.09030808523,0,0
0.05625,331.65,0.5328816843,0.73828125,0.09028232011,0,0
0.056875,331.65,0.5329955176,0.73828125,0.09025708126,0,0
0.0575,331.65,0.5331069076,0.73828125,0.09023235276,0,0
0.058125,331.65,0.5332159324,0.73828125,0.09020811933,1,1
0.05875,331.65,0.5333226663,0.73828125,0.09018436631,1,1
0.059375,331.65,0.5334271809,0.73828125,0.09016107957,1,1
0.06,331.65,0.5335295447,0.73828125,0.09013824558,1,1
0.060625,331.65,0.5336298233,0.73828125,0.09011585128,1,1
0.06125,331.65,0.5337280798,0.73828125,0.09009388413,1,1
0.061875,331.65,0.5338243749,0.73828125,0.09007233205,1,1
0.0625,331.65,0.5339187666,0.73828125,0.09005118343,1,1
0.063125,331.65,0.5340113108,0.73828125,0.09003042706,1,1
0.06375,331.65,0.5341020612,0.73828125,0.09001005217,1,1
0.064375,331.65,0.5341910695,0.73828125,0.08999004834,1,1
0.065,331.65,0.5342783854,0.73828125,0.08997040557,1,1
0.065625,331.65,0.5343640567,0.73828125,0.08995111419,1,1
0.06625,331.65,0.5344481294,0.73828125,0.08993216487,1,1
0.066875,331.65,0.5345306478,0.73828125,0.08991354861,1,1
0.0675,331.65,0.5346116547,0.73828125,0.08989525673,1,1
0.068125,331.65,0.5346911912,0.73828125,0.08987728084,1,1
0.06875,331.65,0.5347692969,0.73828125,0.08985961284,1,1
0.069375,331.65,0.5348460102,0.73828125,0.08984224491,1,1
0.07,331.65,0.5349213679,0.73828125,0.08982516947,1,1
0.070625,331.65,0.5349954057,0.73828125,0.08980837922,1,1
0.07125,331.65,0.5350681579,0.73828125,0.08979186708,1,1
0.071875,331.65,0.5351396578,0.73828125,0.08977562621,1,1
0.0725,331.65,0.5352099373,0.73828125,0.08975965,1,1
0.073125,331.65,0.5352790275,0.73828125,0.08974393204,1,1
0.07375,331.65,0.5353469583,0.73828125,0.08972846612,1,1
0.074375,331.65,0.5354137586,0.73828125,0.08971324625,1,1
0.075,331.65,0.5354794565,0.73828125,0.08969826661,1,1
0.075625,331.65,0.5355440789,0.73828125,0.08968352157,1,1
0.07625,331.65,0.5356076521,0.73828125,0.08966900566,1,1
0.076875,331.65,0.5356702015,0.73828125,0.08965471359,1,1
0.0775,331.65,0.5357317515,0.73828125,0.08964064024,1,1
0.078125,331.65,0.535792326,0.73828125,0.08962678064,1,1
0.07875,331.65,0.5358519479,0.73828125,0.08961312994,1,1
0.079375,331.65,0.5359106395,0.73828125,0.08959968348,1,1
0.08,331.65,0.5359684225,0.73828125,0.08958643671,1,1
0.005,332.15,0.4372301135,0.734375,0.1012741461,0,0
0.005625,332.15,0.4472980316,0.734375,0.1010114797,0,0
0.00625,332.15,0.4555839085,0.734375,0.1006505005,0,0
0.006875,332.15,0.4625209159,0.734375,0.1002450105,0,0
0.0075,332.15,0.4684127762,0.734375,0.09982502295,0,0
0.008125,332.15,0.4734786189,0.734375,0.0994073423,0,0
0.00875,332.15,0.477880445,0.734375,0.09900123971,0,0
0.009375,332.15,0.4817405679,0.734375,0.09861160687,0,0
0.01,332.15,0.4851530448,0.734375,0.09824075949,0,0
0.010625,332.15,0.4881913786,0.734375,0.09788949342,0,0
0.01125,332.15,0.4909138345,0.734375,0.09755771445,0,0
0.011875,332.15,0.4933671892,0.734375,0.09724481911,0,0
0.0125,332.15,0.495589427,0.734375,0.09694992704,0,0
0.013125,332.15,0.4976117106,0.734375,0.09667202305,0,0
0.01375,332.15,0.4994598459,0.734375,0.0964100438,0,0
0.014375,332.15,0.5011553842,0.734375,0.09616292993,0,0
0.015,332.15,0.5027164639,0.734375,0.09592965658,0,0
0.015625,332.15,0.5041584602,0.734375,0.09570925033,0,0
0.01625,332.15,0.5054944913,0.734375,0.09550079759,0,0
0.016875,332.15,0.506735818,0.734375,0.09530344771,0,0
0.0175,332.15,0.5078921606,0.734375,0.09511641283,0,0
0.018125,332.15,0.5089719539,0.734375,0.09493896578,0,0
0.01875,332.15,0.5099825528,0.734375,0.09477043688,0,0
0.019375,332.15,0.5109303994,0.734375,0.09461021026,0,0
0.02,332.15,0.5118211605,0.734375,0.09445771988,0,0
0.020625,332.15,0.5126598408,0.734375,0.09431244559,0,0
0.02125,332.15,0.5134508767,0.734375,0.09417390938,0,0
0.021875,332.15,0.5141982149,0.734375,0.09404167173,0,0
0.0225,332.15,0.514905378,0.734375,0.09391532826,0,0
0.023125,332.15,0.5155755198,0.734375,0.09379450668,0,0
0.02375,332.15,0.5162114727,0.734375,0.09367886387,0,0
0.024375,332.15,0.5168157875,0.734375,0.09356808336,0,0
0.025,332.15,0.5173907672,0.734375,0.09346187291,0,0
0.025625,332.15,0.5179384967,0.734375,0.09335996242,0,0
0.02625,332.15,0.5184608681,0.734375,0.09326210193,0,0
0.026875,332.15,0.5189596022,0.734375,0.09316805991,0,0
0.0275,332.15,0.5194362676,0.734375,0.09307762164,0,0
0.028125,332.15,0.519892297,0.734375,0.09299058779,0,0
0.02875,332.15,0.5203290021,0.734375,0.09290677309,0,0
0.029375,332.15,0.5207475854,0.734375,0.09282600519,0,0
0.03,332.15,0.5211491517,0.734375,0.09274812354,0,0
0.030625,332.15,0.521534718,0.734375,0.09267297847,0,0
0.03125,332.15,0.5219052218,0.734375,0.09260043028,0,0
0.031875,332.15,0.5222615285,0.734375,0.09253034846,0,0
0.0325,332.15,0.5226044389,0.734375,0.09246261094,0,0
0.033125,332.15,0.5229346944,0.734375,0.09239710347,0,0
0.03375,332.15,0.5232529827,0.734375,0.09233371897,0,0
0.034375,332.15,0.5235599426,0.734375,0.09227235704,0,0
0.035,332.15,0.5238561684,0.734375,0.09221292339,0,0
0.035625,332.15,0.5241422132,0.734375,0.09215532947,0,0
0.03625,332.15,0.5244185931,0.734375,0.09209949198,0,0
0.036875,332.15,0.5246857897,0.734375,0.09204533252,0,0
0.0375,332.15,0.5249442532,0.734375,0.09199277724,0,0
0.038125,332.15,0.5251944048,0.734375,0.0919417565,0,0
0.03875,332.15,0.5254366391,0.734375,0.09189220462,0,0
0.039375,332.15,0.5256713261,0.734375,0.09184405956,0,0
0.04,332.15,0.525898813,0.734375,0.0917972627,0,0
0.040625,332.15,0.5261194262,0.734375,0.0917517586,0,0
0.04125,332.15,0.5263334725,0.734375,0.0917074948,0,0
0.041875,332.15,0.5265412409,0.734375,0.09166442161,0,0
0.0425,332.15,0.5267430034,0.734375,0.09162249194,0,0
0.043125,332.15,0.5269390169,0.734375,0.09158166114,0,0
0.04375,332.15,0.5271295235,0.734375,0.09154188683,0,0
0.044375,332.15,0.5273147521,0.734375,0.09150312876,0,0
0.045,332.15,0.527494919,0.734375,0.09146534871,0,0
0.045625,332.15,0.5276702289,0.734375,0.09142851032,0,0
0.04625,332.15,0.5278408756,0.734375,0.091392579,0,0
0.046875,332.15,0.5280070427,0.734375,0.09135752182,0,0
0.0475,332.15,0.5281689042,0.734375,0.09132330744,0,0
0.048125,332.15,0.5283266254,0.734375,0.09128990596,0,0
0.04875,332.15,0.5284803631,0.734375,0.09125728889,0,0
0.049375,332.15,0.5286302663,0.734375,0.09122542905,0,0
0.05,332.15,0.5287764767,0.734375,0.09119430048,0,0
0.050625,332.15,0.5289191291,0.734375,0.09116387841,0,0
0.05125,332.15,0.5290583519,0.734375,0.09113413914,0,0
0.051875,332.15,0.5291942671,0.734375,0.09110506003,0,0
0.0525,332.15,0.5293269914,0.734375,0.09107661945,0,0
0.053125,332.15,0.5294566357,0.734375,0.09104879665,0,0
0.05375,332.15,0.529583306,0.734375,0.09102157181,0,0
0.054375,332.15,0.5297071036,0.734375,0.09099492592,0,0
0.055,332.15,0.529828125,0.734375,0.09096884077,0,0
0.055625,332.15,0.5299464625,0.734375,0.09094329891,0,0
0.05625,332.15,0.5300622045,0.734375,0.09091828359,0,0
0.056875,332.15,0.5301754355,0.734375,0.09089377876,0,0
0.0575,332.15,0.5302862362,0.734375,0.090869769,0,0
0.058125,332.15,0.5303946841,0.734375,0.09084623949,1,1
0.05875,332.15,0.5305008533,0.734375,0.09082317602,1,1
0.059375,332.15,0.5306048149,0.734375,0.09080056492,1,1
0.06,332.15,0.530706637,0.734375,0.09077839304,1,1
0.060625,332.15,0.5308063851,0.734375,0.09075664775,1,1
0.06125,332.15,0.5309041217,0.734375,0.09073531689,1,1
0.061875,332.15,0.5309999073,0.734375,0.09071438874,1,1
0.0625,332.15,0.5310937996,0.734375,0.09069385205,1,1
0.063125,332.15,0.5311858541,0.734375,0.09067369597,1,1
0.06375,332.15,0.5312761244,0.734375,0.09065391002,1,1
0.064375,332.15,0.5313646618,0.734375,0.09063448415,1,1
0.065,332.15,0.5314515157,0.734375,0.09061540862,1,1
0.065625,332.15,0.5315367337,0.734375,0.09059667407,1,1
0.06625,332.15,0.5316203615,0.734375,0.09057827146,1,1
0.066875,332.15,0.5317024433,0.734375,0.09056019207,1,1
0.0675,332.15,0.5317830216,0.734375,0.09054242746,1,1
0.068125,332.15,0.5318621373,0.734375,0.09052496952,1,1
0.06875,332.15,0.5319398297,0.734375,0.09050781038,1,1
0.069375,332.15,0.5320161371,0.734375,0.09049094245,1,1
0.07,332.15,0.5320910961,0.734375,0.09047435839,1,1
0.070625,332.15,0.5321647422,0.734375,0.09045805113,1,1
0.07125,332.15,0.5322371095,0.734375,0.09044201379,1,1
0.071875,332.15,0.532308231,0.734375,0.09042623974,1,1
0.0725,332.15,0.5323781387,0.734375,0.09041072256,1,1
0.073125,332.15,0.5324468633,0.734375,0.09039545605,1,1
0.07375,332.15,0.5325144347,0.734375,0.09038043418,1,1
0.074375,332.15,0.5325808816,0.734375,0.09036565114,1,1
0.075,332.15,0.5326462318,0.734375,0.09035110128,1,1
0.075625,332.15,0.5327105123,0.734375,0.09033677914,1,1
0.07625,332.15,0.5327737492,0.734375,0.09032267942,1,1
0.076875,332.15,0.5328359676,0.734375,0.090308797,1,1
0.0775,332.15,0.532897192,0.734375,0.09029512688,1,1
0.078125,332.15,0.532957446,0.734375,0.09028166426,1,1
0.07875,332.15,0.5330167524,0.734375,0.09026840444,1,1
0.079375,332.15,0.5330751335,0.734375,0.09025534288,1,1
0.08,332.15,0.5331326107,0.734375,0.09024247519,1,1
0.005,332.65,0.4349044214,0.73046875,0.1014415643,0,0
0.005625,332.65,0.4449187867,0.73046875,0.1012159362,0,0
0.00625,332.65,0.4531605898,0.73046875,0.1008874343,0,0
0.006875,332.65,0.4600606983,0.73046875,0.1005105676,0,0
0.0075,332.65,0.4659212189,0.73046875,0.1001159465,0,0
0.008125,332.65,0.4709601156,0.73046875,0.09972087022,0,0
0.00875,332.65,0.4753385277,0.73046875,0.09933501794,0,0
0.009375,332.65,0.4791781181,0.73046875,0.09896361781,0,0
0.01,332.65,0.4825724435,0.73046875,0.09860926396,0,0
0.010625,332.65,0.485594616,0.73046875,0.09827298361,0,0
0.01125,332.65,0.4883025907,0.73046875,0.09795487591,0,0
0.011875,332.65,0.4907428956,0.73046875,0.09765449995,0,0
0.0125,332.65,0.492953313,0.73046875,0.09737111273,0,0
0.013125,332.65,0.4949648398,0.73046875,0.09710381586,0,0
0.01375,332.65,0.4968031446,0.73046875,0.09685164583,0,0
0.014375,332.65,0.498489664,0.73046875,0.09661362904,0,0
0.015,332.65,0.5000424402,0.73046875,0.0963888147,0,0
0.015625,332.65,0.5014767663,0.73046875,0.09617629363,0,0
0.01625,332.65,0.5028056908,0.73046875,0.09597520824,0,0
0.016875,332.65,0.5040404147,0.73046875,0.09578475689,0,0
0.0175,332.65,0.5051906065,0.73046875,0.09560419476,0,0
0.018125,332.65,0.5062646563,0.73046875,0.09543283269,0,0
0.01875,332.65,0.5072698796,0.73046875,0.09527003463,0,0
0.019375,332.65,0.5082126845,0.73046875,0.09511521457,0,0
0.02,332.65,0.5090987075,0.73046875,0.0949678331,0,0
0.020625,332.65,0.5099329267,0.73046875,0.09482739389,0,0
0.02125,332.65,0.510719755,0.73046875,0.09469344026,0,0
0.021875,332.65,0.511463118,0.73046875,0.09456555189,0,0
0.0225,332.65,0.5121665196,0.73046875,0.09444334171,0,0
0.023125,332.65,0.5128330968,0.73046875,0.09432645305,0,0
0.02375,332.65,0.513465667,0.73046875,0.094214557,0,0
0.024375,332.65,0.5140667673,0.73046875,0.09410734993,0,0
0.025,332.65,0.5146386886,0.73046875,0.09400455134,0,0
0.025625,332.65,0.5151835047,0.73046875,0.0939059018,0,0
0.02625,332.65,0.5157030975,0.73046875,0.09381116112,0,0
0.026875,332.65,0.5161991788,0.73046875,0.09372010672,0,0
0.0275,332.65,0.5166733087,0.73046875,0.09363253208,0,0
0.028125,332.65,0.5171269125,0.73046875,0.09354824542,0,0
0.02875,332.65,0.5175612946,0.73046875,0.09346706842,0,0
0.029375,332.65,0.5179776514,0.73046875,0.09338883512,0,0
0.03,332.65,0.5183770817,0.73046875,0.0933133909,0,0
0.030625,332.65,0.5187605972,0.73046875,0.09324059155,0,0
0.03125,332.65,0.5191291302,0.73046875,0.09317030245,0,0
0.031875,332.65,0.5194835417,0.73046875,0.09310239779,0,0
0.0325,332.65,0.5198246281,0.73046875,0.09303675987,0,0
0.033125,332.65,0.5201531269,0.73046875,0.0929732785,0,0
0.03375,332.65,0.5204697221,0.73046875,0.0929118504,0,0
0.034375,332.65,0.5207750493,0.73046875,0.09285237868,0,0
0.035,332.65,0.5210696994,0.73046875,0.09279477238,0,0
0.035625,332.65,0.5213542227,0.73046875,0.092738946,0,0
0.03625,332.65,0.5216291325,0.73046875,0.09268481913,0,0
0.036875,332.65,0.5218949079,0.73046875,0.09263231608,0,0
0.0375,332.65,0.5221519966,0.73046875,0.09258136553,0,0
0.038125,332.65,0.5224008176,0.73046875,0.09253190023,0,0
0.03875,332.65,0.5226417634,0.73046875,0.09248385672,0,0
0.039375,332.65,0.522875202,0.73046875,0.09243717507,0,0
0.04,332.65,0.5231014789,0.73046875,0.09239179863,0,0
0.040625,332.65,0.5233209186,0.73046875,0.09234767383,0,0
0.04125,332.65,0.5235338264,0.73046875,0.09230474997,0,0
0.041875,332.65,0.5237404896,0.73046875,0.09226297901,0,0
0.0425,332.65,0.5239411789,0.73046875,0.09222231545,0,0
0.043125,332.65,0.5241361498,0.73046875,0.0921827161,0,0
0.04375,332.65,0.5243256431,0.73046875,0.09214413998,0,0
0.044375,332.65,0.5245098864,0.73046875,0.0921065482,0,0
0.045,332.65,0.524689095,0.73046875,0.09206990376,0,0
0.045625,332.65,0.5248634724,0.73046875,0.0920341715,0,0
0.04625,332.65,0.5250332114,0.73046875,0.09199931798,0,0
0.046875,332.65,0.5251984946,0.73046875,0.09196531134,0,0
0.0475,332.65,0.5253594951,0.73046875,0.09193212124,0,0
0.048125,332.65,0.5255163774,0.73046875,0.09189971878,0,0
0.04875,332.65,0.5256692973,0.73046875,0.09186807637,0,0
0.049375,332.65,0.5258184032,0.73046875,0.09183716772,0,0
0.05,332.65,0.5259638359,0.73046875,0.0918069677,0,0
0.050625,332.65,0.5261057295,0.73046875,0.09177745234,0,0
0.05125,332.65,0.5262442117,0.73046875,0.09174859872,0,0
0.051875,332.65,0.526379404,0.73046875,0.09172038491,0,0
0.0525,332.65,0.5265114223,0.73046875,0.09169278995,0,0
0.053125,332.65,0.526640377,0.73046875,0.0916657938,0,0
0.05375,332.65,0.5267663736,0.73046875,0.09163937723,0,0
0.054375,332.65,0.5268895126,0.73046875,0.09161352186,0,0
0.055,332.65,0.5270098903,0.73046875,0.09158821005,0,0
0.055625,332.65,0.5271275983,0.73046875,0.0915634249,0,0
0.05625,332.65,0.5272427247,0.73046875,0.09153915021,0,0
0.056875,332.65,0.5273553534,0.73046875,0.09151537041,0,0
0.0575,332.65,0.5274655647,0.73046875,0.09149207057,1,1
0.058125,332.65,0.5275734357,0.73046875,0.09146923636,1,1
0.05875,332.65,0.5276790402,0.73046875,0.091446854,1,1
0.059375,332.65,0.5277824488,0.73046875,0.09142491025,1,1
0.06,332.65,0.5278837294,0.73046875,0.09140339238,1,1
0.060625,332.65,0.5279829468,0.73046875,0.09138228815,1,1
0.06125,332.65,0.5280801636,0.73046875,0.09136158577,1,1
0.061875,332.65,0.5281754397,0.73046875,0.09134127392,1,1
0.0625,332.65,0.5282688325,0.73046875,0.09132134167,1,1
0.063125,332.65,0.5283603974,0.73046875,0.09130177851,1,1
0.06375,332.65,0.5284501876,0.73046875,0.09128257431,1,1
0.064375,332.65,0.528538254,0.73046875,0.0912637193,1,1
0.065,332.65,0.5286246459,0.73046875,0.09124520407,1,1
0.065625,332.65,0.5287094106,0.73046875,0.09122701954,1,1
0.06625,332.65,0.5287925936,0.73046875,0.09120915695,1,1
0.066875,332.65,0.5288742389,0.73046875,0.09119160784,1,1
0.0675,332.65,0.5289543885,0.73046875,0.09117436405,1,1
0.068125,332.65,0.5290330833,0.73046875,0.09115741771,1,1
0.06875,332.65,0.5291103626,0.73046875,0.09114076119,1,1
0.069375,332.65,0.5291862641,0.73046875,0.09112438715,1,1
0.07,332.65,0.5292608244,0.73046875,0.09110828847,1,1
0.070625,332.65,0.5293340787,0.73046875,0.09109245827,1,1
0.07125,332.65,0.529406061,0.73046875,0.09107688991,1,1
0.071875,332.65,0.5294768042,0.73046875,0.09106157697,1,1
0.0725,332.65,0.5295463401,0.73046875,0.09104651321,1,1
0.073125,332.65,0.5296146991,0.73046875,0.09103169262,1,1
0.07375,332.65,0.5296819111,0.73046875,0.09101710937,1,1
0.074375,332.65,0.5297480045,0.73046875,0.09100275781,1,1
0.075,332.65,0.5298130072,0.73046875,0.09098863247,1,1
0.075625,332.65,0.5298769458,0.73046875,0.09097472805,1,1
0.07625,332.65,0.5299398463,0.73046875,0.09096103943,1,1
0.076875,332.65,0.5300017338,0.73046875,0.09094756163,1,1
0.0775,332.65,0.5300626325,0.73046875,0.09093428981,1,1
0.078125,332.65,0.5301225659,0.73046875,0.09092121931,1,1
0.07875,332.65,0.5301815569,0.73046875,0.09090834558,1,1
0.079375,332.65,0.5302396275,0.73046875,0.09089566422,1,1
0.08,332.65,0.530296799,0.73046875,0.09088317096,1,1
0.005,333.15,0.4325787294,0.7265625,0.1015997277,0,0
0.005625,333.15,0.4425395419,0.7265625,0.1014106386,0,0
0.00625,333.15,0.4507372711,0.7265625,0.1011141831,0,0
0.006875,333.15,0.4576004806,0.7265625,0.1007655646,0,0
0.0075,333.15,0.4634296616,0.7265625,0.1003959803,0,0
0.008125,333.15,0.4684416123,0.7265625,0.1000232168,0,0
0.00875,333.15,0.4727966105,0.7265625,0.09965735512,0,0
0.009375,333.15,0.4766156682,0.7265625,0.09930395497,0,0
0.01,333.15,0.4799918422,0.7265625,0.09896588491,0,0
0.010625,333.15,0.4829978533,0.7265625,0.09864440033,0,0
0.01125,333.15,0.4856913469,0.7265625,0.0983397911,0,0
0.011875,333.15,0.4881186021,0.7265625,0.09805177662,0,0
0.0125,333.15,0.490317199,0.7265625,0.09777974945,0,0
0.013125,333.15,0.492317969,0.7265625,0.09752292645,0,0
0.01375,333.15,0.4941464433,0.7265625,0.09728044259,0,0
0.014375,333.15,0.4958239439,0.7265625,0.09705140893,0,0
0.015,333.15,0.4973684164,0.7265625,0.09683494776,0,0
0.015625,333.15,0.4987950723,0.7265625,0.09663021332,0,0
0.01625,333.15,0.5001168904,0.7265625,0.09643640329,0,0
0.016875,333.15,0.5013450114,0.7265625,0.09625276439,0,0
0.0175,333.15,0.5024890525,0.7265625,0.09607859435,0,0
0.018125,333.15,0.5035573587,0.7265625,0.09591324146,0,0
0.01875,333.15,0.5045572065,0.7265625,0.09575610289,0,0
0.019375,333.15,0.5054949696,0.7265625,0.09560662213,0,0
0.02,333.15,0.5063762545,0.7265625,0.09546428605,0,0
0.020625,333.15,0.5072060127,0.7265625,0.09532862183,0,0
0.02125,333.15,0.5079886333,0.7265625,0.09519919386,0,0
0.021875,333.15,0.5087280211,0.7265625,0.09507560077,0,0
0.0225,333.15,0.5094276612,0.7265625,0.09495747258,0,0
0.023125,333.15,0.5100906738,0.7265625,0.09484446806,0,0
0.02375,333.15,0.5107198613,0.7265625,0.09473627229,0,0
0.024375,333.15,0.5113177472,0.7265625,0.09463259436,0,0
0.025,333.15,0.5118866101,0.7265625,0.09453316534,0,0
0.025625,333.15,0.5124285127,0.7265625,0.09443773634,0,0
0.02625,333.15,0.512945327,0.7265625,0.09434607683,0,0
0.026875,333.15,0.5134387554,0.7265625,0.09425797305,0,0
0.0275,333.15,0.5139103498,0.7265625,0.09417322659,0,0
0.028125,333.15,0.5143615279,0.7265625,0.09409165312,0,0
0.02875,333.15,0.5147935872,0.7265625,0.09401308117,0,0
0.029375,333.15,0.5152077174,0.7265625,0.09393735111,0,0
0.03,333.15,0.5156050118,0.7265625,0.09386431416,0,0
0.030625,333.15,0.5159864763,0.7265625,0.09379383153,0,0
0.03125,333.15,0.5163530385,0.7265625,0.09372577358,0,0
0.031875,333.15,0.5167055548,0.7265625,0.09366001916,0,0
0.0325,333.15,0.5170448172,0.7265625,0.09359645488,0,0
0.033125,333.15,0.5173715593,0.7265625,0.09353497457,0,0
0.03375,333.15,0.5176864616,0.7265625,0.09347547868,0,0
0.034375,333.15,0.517990156,0.7265625,0.09341787382,0,0
0.035,333.15,0.5182832304,0.7265625,0.09336207228,0,0
0.035625,333.15,0.5185662322,0.7265625,0.09330799161,0,0
0.03625,333.15,0.5188396719,0.7265625,0.09325555424,0,0
0.036875,333.15,0.519104026,0.7265625,0.09320468714,0,0
0.0375,333.15,0.5193597399,0.7265625,0.09315532151,0,0
0.038125,333.15,0.5196072303,0.7265625,0.09310739244,0,0
0.03875,333.15,0.5198468877,0.7265625,0.09306083867,0,0
0.039375,333.15,0.5200790779,0.7265625,0.09301560235,0,0
0.04,333.15,0.5203041448,0.7265625,0.0929716288,0,0
0.040625,333.15,0.520522411,0.7265625,0.09292886628,0,0
0.04125,333.15,0.5207341802,0.7265625,0.09288726581,0,0
0.041875,333.15,0.5209397383,0.7265625,0.09284678103,0,0
0.0425,333.15,0.5211393545,0.7265625,0.09280736794,0,0
0.043125,333.15,0.5213332827,0.7265625,0.09276898484,0,0
0.04375,333.15,0.5215217626,0.7265625,0.09273159215,0,0
0.044375,333.15,0.5217050207,0.7265625,0.09269515225,0,0
0.045,333.15,0.521883271,0.7265625,0.09265962941,0,0
0.045625,333.15,0.5220567159,0.7265625,0.09262498965,0,0
0.04625,333.15,0.5222255471,0.7265625,0.09259120062,0,0
0.046875,333.15,0.5223899465,0.7265625,0.09255823156,0,0
0.0475,333.15,0.5225500861,0.7265625,0.09252605311,0,0
0.048125,333.15,0.5227061293,0.7265625,0.09249463734,0,0
0.04875,333.15,0.5228582315,0.7265625,0.09246395758,0,0
0.049375,333.15,0.52300654,0.7265625,0.09243398838,0,0
0.05,333.15,0.523151195,0.7265625,0.09240470547,0,0
0.050625,333.15,0.5232923299,0.7265625,0.09237608565,0,0
0.05125,333.15,0.5234300715,0.7265625,0.09234810675,0,0
0.051875,333.15,0.5235645409,0.7265625,0.09232074756,0,0
0.0525,333.15,0.5236958532,0.7265625,0.09229398781,0,0
0.053125,333.15,0.5238241183,0.7265625,0.09226780811,0,0
0.05375,333.15,0.5239494411,0.7265625,0.09224218985,0,0
0.054375,333.15,0.5240719216,0.7265625,0.09221711526,0,0
0.055,333.15,0.5241916555,0.7265625,0.09219256725,0,0
0.055625,333.15,0.5243087342,0.7265625,0.09216852949,0,0
0.05625,333.15,0.5244232449,0.7265625,0.09214498629,0,0
0.056875,333.15,0.5245352713,0.7265625,0.09212192258,0,0
0.0575,333.15,0.5246448932,0.7265625,0.09209932393,1,1
0.058125,333.15,0.5247521874,0.7265625,0.09207717645,1,1
0.05875,333.15,0.5248572272,0.7265625,0.0920554668,1,1
0.059375,333.15,0.5249600828,0.7265625,0.09203418218,1,1
0.06,333.15,0.5250608217,0.7265625,0.09201331025,1,1
0.060625,333.15,0.5251595086,0.7265625,0.09199283918,1,1
0.06125,333.15,0.5252562056,0.7265625,0.09197275755,1,1
0.061875,333.15,0.5253509721,0.7265625,0.09195305439,1,1
0.0625,333.15,0.5254438655,0.7265625,0.09193371914,1,1
0.063125,333.15,0.5255349408,0.7265625,0.0919147416,1,1
0.06375,333.15,0.5256242507,0.7265625,0.09189611197,1,1
0.064375,333.15,0.5257118462,0.7265625,0.0918778208,1,1
0.065,333.15,0.5257977761,0.7265625,0.09185985896,1,1
0.065625,333.15,0.5258820876,0.7265625,0.09184221767,1,1
0.06625,333.15,0.5259648258,0.7265625,0.09182488844,1,1
0.066875,333.15,0.5260460344,0.7265625,0.09180786309,1,1
0.0675,333.15,0.5261257554,0.7265625,0.09179113371,1,1
0.068125,333.15,0.5262040294,0.7265625,0.09177469266,1,1
0.06875,333.15,0.5262808954,0.7265625,0.09175853258,1,1
0.069375,333.15,0.526356391,0.7265625,0.09174264634,1,1
0.07,333.15,0.5264305526,0.7265625,0.09172702705,1,1
0.070625,333.15,0.5265034151,0.7265625,0.09171166805,1,1
0.07125,333.15,0.5265750126,0.7265625,0.0916965629,1,1
0.071875,333.15,0.5266453775,0.7265625,0.09168170538,1,1
0.0725,333.15,0.5267145415,0.7265625,0.09166708946,1,1
0.073125,333.15,0.526782535,0.7265625,0.0916527093,1,1
0.07375,333.15,0.5268493875,0.7265625,0.09163855925,1,1
0.074375,333.15,0.5269151275,0.7265625,0.09162463386,1,1
0.075,333.15,0.5269797825,0.7265625,0.09161092781,1,1
0.075625,333.15,0.5270433792,0.7265625,0.09159743598,1,1
0.07625,333.15,0.5271059434,0.7265625,0.09158415339,1,1
0.076875,333.15,0.5271674999,0.7265625,0.09157107523,1,1
0.0775,333.15,0.5272280729,0.7265625,0.09155819681,1,1
0.078125,333.15,0.5272876859,0.7265625,0.0915455136,1,1
0.07875,333.15,0.5273463614,0.7265625,0.0915330212,1,1
0.079375,333.15,0.5274041214,0.7265625,0.09152071536,1,1
0.08,333.15,0.5274609872,0.7265625,0.09150859192,1,1
0.005,333.65,0.4302530373,0.72265625,0.10174867,0,0
0.005625,333.65,0.440160297,0.72265625,0.101595623,0,0
0.00625,333.65,0.4483139525,0.72265625,0.1013307852,0,0
0.006875,333.65,0.455140263,0.72265625,0.1010100415,0,0
0.0075,333.65,0.4609381043,0.72265625,0.1006651664,0,0
0.008125,333.65,0.465923109,0.72265625,0.1003144256,0,0
0.00875,333.65,0.4702546932,0.72265625,0.09996829618,0,0
0.009375,333.65,0.4740532184,0.72265625,0.09963266453,0,0
0.01,333.65,0.4774112409,0.72265625,0.09931066968,0,0
0.010625,333.65,0.4804010907,0.72265625,0.09900379196,0,0
0.01125,333.65,0.4830801031,0.72265625,0.09871250934,0,0
0.011875,333.65,0.4854943085,0.72265625,0.09843669936,0,0
0.0125,333.65,0.487681085,0.72265625,0.09817588827,0,0
0.013125,333.65,0.4896710982,0.72265625,0.09792940663,0,0
0.01375,333.65,0.491489742,0.72265625,0.0976964866,0,0
0.014375,333.65,0.4931582238,0.72265625,0.09747632276,0,0
0.015,333.65,0.4946943927,0.72265625,0.09726810954,0,0
0.015625,333.65,0.4961133784,0.72265625,0.09707106375,0,0
0.01625,333.65,0.4974280899,0.72265625,0.09688443763,0,0
0.016875,333.65,0.4986496081,0.72265625,0.09670752565,0,0
0.0175,333.65,0.4997874984,0.72265625,0.09653966746,0,0
0.018125,333.65,0.500850061,0.72265625,0.09638024841,0,0
0.01875,333.65,0.5018445333,0.72265625,0.09622869842,0,0
0.019375,333.65,0.5027772547,0.72265625,0.09608449011,0,0
0.02,333.65,0.5036538015,0.72265625,0.09594713628,0,0
0.020625,333.65,0.5044790986,0.72265625,0.09581618732,0,0
0.02125,333.65,0.5052575117,0.72265625,0.09569122842,0,0
0.021875,333.65,0.5059929242,0.72265625,0.09557187693,0,0
0.0225,333.65,0.5066888028,0.72265625,0.09545777974,0,0
0.023125,333.65,0.5073482509,0.72265625,0.09534861086,0,0
0.02375,333.65,0.5079740556,0.72265625,0.09524406919,0,0
0.024375,333.65,0.508568727,0.72265625,0.09514387637,0,0
0.025,333.65,0.5091345315,0.72265625,0.09504777488,0,0
0.025625,333.65,0.5096735207,0.72265625,0.09495552626,0,0
0.02625,333.65,0.5101875564,0.72265625,0.09486690951,0,0
0.026875,333.65,0.5106783319,0.72265625,0.09478171957,0,0
0.0275,333.65,0.5111473909,0.72265625,0.09469976606,0,0
0.028125,333.65,0.5115961434,0.72265625,0.09462087198,0,0
0.02875,333.65,0.5120258797,0.72265625,0.09454487264,0,0
0.029375,333.65,0.5124377835,0.72265625,0.09447161465,0,0
0.03,333.65,0.5128329418,0.72265625,0.09440095501,0,0
0.030625,333.65,0.5132123555,0.72265625,0.09433276025,0,0
0.03125,333.65,0.5135769469,0.72265625,0.09426690569,0,0
0.031875,333.65,0.513927568,0.72265625,0.09420327475,0,0
0.0325,333.65,0.5142650064,0.72265625,0.09414175832,0,0
0.033125,333.65,0.5145899918,0.72265625,0.09408225417,0,0
0.03375,333.65,0.514903201,0.72265625,0.09402466648,0,0
0.034375,333.65,0.5152052627,0.72265625,0.09396890527,0,0
0.035,333.65,0.5154967614,0.72265625,0.09391488605,0,0
0.035625,333.65,0.5157782417,0.72265625,0.09386252937,0,0
0.03625,333.65,0.5160502113,0.72265625,0.0938117605,0,0
0.036875,333.65,0.5163131442,0.72265625,0.09376250903,0,0
0.0375,333.65,0.5165674832,0.72265625,0.09371470862,0,0
0.038125,333.65,0.5168136431,0.72265625,0.09366829668,0,0
0.03875,333.65,0.5170520119,0.72265625,0.09362321415,0,0
0.039375,333.65,0.5172829539,0.72265625,0.09357940522,0,0
0.04,333.65,0.5175068107,0.72265625,0.09353681713,0,0
0.040625,333.65,0.5177239034,0.72265625,0.09349539996,0,0
0.04125,333.65,0.5179345341,0.72265625,0.09345510646,0,0
0.041875,333.65,0.518138987,0.72265625,0.09341589187,0,0
0.0425,333.65,0.51833753,0.72265625,0.09337771373,0,0
0.043125,333.65,0.5185304156,0.72265625,0.09334053179,0,0
0.04375,333.65,0.5187178822,0.72265625,0.09330430781,0,0
0.044375,333.65,0.518900155,0.72265625,0.0932690055,0,0
0.045,333.65,0.5190774469,0.72265625,0.09323459034,0,0
0.045625,333.65,0.5192499593,0.72265625,0.09320102951,0,0
0.04625,333.65,0.5194178829,0.72265625,0.09316829178,0,0
0.046875,333.65,0.5195813984,0.72265625,0.09313634741,0,0
0.0475,333.65,0.519740677,0.72265625,0.09310516807,0,0
0.048125,333.65,0.5198958813,0.72265625,0.09307472674,0,0
0.04875,333.65,0.5200471658,0.72265625,0.09304499768,0,0
0.049375,333.65,0.5201946769,0.72265625,0.09301595629,0,0
0.05,333.65,0.5203385542,0.72265625,0.0929875791,0,0
0.050625,333.65,0.5204789303,0.72265625,0.09295984371,0,0
0.05125,333.65,0.5206159314,0.72265625,0.09293272867,0,0
0.051875,333.65,0.5207496778,0.72265625,0.09290621351,0,0
0.0525,333.65,0.5208802841,0.72265625,0.09288027861,0,0
0.053125,333.65,0.5210078596,0.72265625,0.09285490523,0,0
0.05375,333.65,0.5211325086,0.72265625,0.09283007539,0,0
0.054375,333.65,0.5212543307,0.72265625,0.09280577188,0,0
0.055,333.65,0.5213734208,0.72265625,0.09278197821,0,0
0.055625,333.65,0.52148987,0.72265625,0.09275867857,0,0
0.05625,333.65,0.5216037651,0.72265625,0.09273585778,0,0
0.056875,333.65,0.5217151892,0.72265625,0.09271350129,0,0
0.0575,333.65,0.5218242218,0.72265625,0.09269159512,1,1
0.058125,333.65,0.5219309391,0.72265625,0.09267012585,1,1
0.05875,333.65,0.5220354141,0.72265625,0.09264908058,1,1
0.059375,333.65,0.5221377168,0.72265625,0.09262844691,1,1
0.06,333.65,0.5222379141,0.72265625,0.09260821293,1,1
0.060625,333.65,0.5223360704,0.72265625,0.09258836717,1,1
0.06125,333.65,0.5224322475,0.72265625,0.09256889859,1,1
0.061875,333.65,0.5225265045,0.72265625,0.09254979658,1,1
0.0625,333.65,0.5226188985,0.72265625,0.09253105092,1,1
0.063125,333.65,0.5227094841,0.72265625,0.09251265174,1,1
0.06375,333.65,0.5227983139,0.72265625,0.09249458956,1,1
0.064375,333.65,0.5228854384,0.72265625,0.09247685524,1,1
0.065,333.65,0.5229709064,0.72265625,0.09245943994,1,1
0.065625,333.65,0.5230547645,0.72265625,0.09244233516,1,1
0.06625,333.65,0.5231370579,0.72265625,0.09242553268,1,1
0.066875,333.65,0.5232178299,0.72265625,0.0924090246,1,1
0.0675,333.65,0.5232971223,0.72265625,0.09239280324,1,1
0.068125,333.65,0.5233749755,0.72265625,0.09237686123,1,1
0.06875,333.65,0.5234514282,0.72265625,0.09236119143,1,1
0.069375,333.65,0.5235265179,0.72265625,0.09234578695,1,1
0.07,333.65,0.5236002808,0.72265625,0.0923306411,1,1
0.070625,333.65,0.5236727516,0.72265625,0.09231574746,1,1
0.07125,333.65,0.5237439641,0.72265625,0.09230109979,1,1
0.071875,333.65,0.5238139507,0.72265625,0.09228669205,1,1
0.0725,333.65,0.5238827428,0.72265625,0.09227251841,1,1
0.073125,333.65,0.5239503708,0.72265625,0.09225857322,1,1
0.07375,333.65,0.5240168639,0.72265625,0.09224485102,1,1
0.074375,333.65,0.5240822505,0.72265625,0.09223134651,1,1
0.075,333.65,0.5241465579,0.72265625,0.09221805456,1,1
0.075625,333.65,0.5242098127,0.72265625,0.09220497021,1,1
0.07625,333.65,0.5242720405,0.72265625,0.09219208862,1,1
0.076875,333.65,0.524333266,0.72265625,0.09217940514,1,1
0.0775,333.65,0.5243935134,0.72265625,0.09216691524,1,1
0.078125,333.65,0.5244528059,0.72265625,0.09215461453,1,1
0.07875,333.65,0.5245111659,0.72265625,0.09214249875,1,1
0.079375,333.65,0.5245686154,0.72265625,0.09213056376,1,1
0.08,333.65,0.5246251755,0.72265625,0.09211880557,1,1
0.005,334.15,0.4279273452,0.71875,0.1018884248,0,0
0.005625,334.15,0.4377810522,0.71875,0.1017709254,0,0
0.00625,334.15,0.4458906338,0.71875,0.1015372787,0,0
0.006875,334.15,0.4526800454,0.71875,0.1012440385,0,0
0.0075,334.15,0.4584465469,0.71875,0.1009235463,0,0
0.008125,334.15,0.4634046057,0.71875,0.1005945399,0,0
0.00875,334.15,0.4677127759,0.71875,0.1002678858,0,0
0.009375,334.15,0.4714907686,0.71875,0.0999497924,0,0
0.01,334.15,0.4748306396,0.71875,0.09964366532,0,0
0.010625,334.15,0.477804328,0.71875,0.09935120663,0,0
0.01125,334.15,0.4804688593,0.71875,0.09907307973,0,0
0.011875,334.15,0.4828700149,0.71875,0.09880931813,0,0
0.0125,334.15,0.4850449711,0.71875,0.09855957996,0,0
0.013125,334.15,0.4870242274,0.71875,0.09832330793,0,0
0.01375,334.15,0.4888330407,0.71875,0.09809983009,0,0
0.014375,334.15,0.4904925036,0.71875,0.09788842343,0,0
0.015,334.15,0.4920203689,0.71875,0.09768835354,0,0
0.015625,334.15,0.4934316845,0.71875,0.097498899,0,0
0.01625,334.15,0.4947392894,0.71875,0.09731936587,0,0
0.016875,334.15,0.4959542048,0.71875,0.09714909574,0,0
0.0175,334.15,0.4970859444,0.71875,0.09698746969,0,0
0.018125,334.15,0.4981427634,0.71875,0.09683390957,0,0
0.01875,334.15,0.4991318602,0.71875,0.09668787767,0,0
0.019375,334.15,0.5000595398,0.71875,0.09654887532,0,0
0.02,334.15,0.5009313486,0.71875,0.09641644098,0,0
0.020625,334.15,0.5017521846,0.71875,0.09629014791,0,0
0.02125,334.15,0.50252639,0.71875,0.09616960185,0,0
0.021875,334.15,0.5032578274,0.71875,0.0960544386,0,0
0.0225,334.15,0.5039499444,0.71875,0.09594432172,0,0
0.023125,334.15,0.5046058279,0.71875,0.09583894028,0,0
0.02375,334.15,0.5052282499,0.71875,0.0957380068,0,0
0.024375,334.15,0.5058197069,0.71875,0.09564125532,0,0
0.025,334.15,0.506382453,0.71875,0.09554843959,0,0
0.025625,334.15,0.5069185287,0.71875,0.09545933144,0,0
0.02625,334.15,0.5074297858,0.71875,0.09537371926,0,0
0.026875,334.15,0.5079179085,0.71875,0.09529140662,0,0
0.0275,334.15,0.5083844321,0.71875,0.09521221103,0,0
0.028125,334.15,0.5088307588,0.71875,0.09513596274,0,0
0.02875,334.15,0.5092581723,0.71875,0.09506250377,0,0
0.029375,334.15,0.5096678495,0.71875,0.09499168688,0,0
0.03,334.15,0.5100608719,0.71875,0.09492337476,0,0
0.030625,334.15,0.5104382347,0.71875,0.09485743921,0,0
0.03125,334.15,0.5108008553,0.71875,0.09479376044,0,0
0.031875,334.15,0.5111495811,0.71875,0.0947322264,0,0
0.0325,334.15,0.5114851955,0.71875,0.09467273218,0,0
0.033125,334.15,0.5118084243,0.71875,0.09461517947,0,0
0.03375,334.15,0.5121199405,0.71875,0.09455947608,0,0
0.034375,334.15,0.5124203694,0.71875,0.09450553544,0,0
0.035,334.15,0.5127102924,0.71875,0.09445327625,0,0
0.035625,334.15,0.5129902512,0.71875,0.09440262201,0,0
0.03625,334.15,0.5132607507,0.71875,0.09435350076,0,0
0.036875,334.15,0.5135222623,0.71875,0.09430584471,0,0
0.0375,334.15,0.5137752266,0.71875,0.09425958995,0,0
0.038125,334.15,0.5140200558,0.71875,0.09421467618,0,0
0.03875,334.15,0.5142571362,0.71875,0.09417104649,0,0
0.039375,334.15,0.5144868298,0.71875,0.0941286471,0,0
0.04,334.15,0.5147094766,0.71875,0.09408742715,0,0
0.040625,334.15,0.5149253958,0.71875,0.09404733853,0,0
0.04125,334.15,0.515134888,0.71875,0.09400833566,0,0
0.041875,334.15,0.5153382357,0.71875,0.09397037539,0,0
0.0425,334.15,0.5155357055,0.71875,0.09393341677,0,0
0.043125,334.15,0.5157275484,0.71875,0.09389742097,0,0
0.04375,334.15,0.5159140017,0.71875,0.09386235112,0,0
0.044375,334.15,0.5160952893,0.71875,0.09382817219,0,0
0.045,334.15,0.5162716229,0.71875,0.09379485087,0,0
0.045625,334.15,0.5164432028,0.71875,0.0937623555,0,0
0.04625,334.15,0.5166102187,0.71875,0.09373065593,0,0
0.046875,334.15,0.5167728503,0.71875,0.09369972346,0,0
0.0475,334.15,0.5169312679,0.71875,0.09366953074,0,0
0.048125,334.15,0.5170856333,0.71875,0.0936400517,0,0
0.04875,334.15,0.5172361,0.71875,0.09361126146,0,0
0.049375,334.15,0.5173828138,0.71875,0.09358313629,0,0
0.05,334.15,0.5175259134,0.71875,0.09355565352,0,0
0.050625,334.15,0.5176655306,0.71875,0.09352879152,0,0
0.05125,334.15,0.5178017912,0.71875,0.09350252957,0,0
0.051875,334.15,0.5179348146,0.71875,0.09347684789,0,0
0.0525,334.15,0.518064715,0.71875,0.09345172755,0,0
0.053125,334.15,0.5181916009,0.71875,0.09342715042,0,0
0.05375,334.15,0.5183155761,0.71875,0.09340309915,0,0
0.054375,334.15,0.5184367397,0.71875,0.09337955711,0,0
0.055,334.15,0.5185551861,0.71875,0.09335650837,0,0
0.055625,334.15,0.5186710059,0.71875,0.09333393764,0,0
0.05625,334.15,0.5187842853,0.71875,0.09331183025,0,0
0.056875,334.15,0.5188951071,0.71875,0.09329017216,0,0
0.0575,334.15,0.5190035503,0.71875,0.09326894983,1,1
0.058125,334.15,0.5191096908,0.71875,0.09324815031,1,1
0.05875,334.15,0.5192136011,0.71875,0.09322776113,1,1
0.059375,334.15,0.5193153507,0.71875,0.0932077703,1,1
0.06,334.15,0.5194150064,0.71875,0.0931881663,1,1
0.060625,334.15,0.5195126322,0.71875,0.09316893804,1,1
0.06125,334.15,0.5196082894,0.71875,0.09315007487,1,1
0.061875,334.15,0.5197020369,0.71875,0.09313156652,1,1
0.0625,334.15,0.5197939315,0.71875,0.09311340309,1,1
0.063125,334.15,0.5198840274,0.71875,0.09309557506,1,1
0.06375,334.15,0.5199723771,0.71875,0.09307807326,1,1
0.064375,334.15,0.5200590307,0.71875,0.09306088883,1,1
0.065,334.15,0.5201440366,0.71875,0.09304401325,1,1
0.065625,334.15,0.5202274415,0.71875,0.09302743829,1,1
0.06625,334.15,0.52030929,0.71875,0.09301115601,1,1
0.066875,334.15,0.5203896254,0.71875,0.09299515873,1,1
0.0675,334.15,0.5204684892,0.71875,0.09297943907,1,1
0.068125,334.15,0.5205459216,0.71875,0.09296398988,1,1
0.06875,334.15,0.520621961,0.71875,0.09294880425,1,1
0.069375,334.15,0.5206966449,0.71875,0.09293387551,1,1
0.07,334.15,0.520770009,0.71875,0.09291919721,1,1
0.070625,334.15,0.5208420881,0.71875,0.09290476313,1,1
0.07125,334.15,0.5209129156,0.71875,0.09289056722,1,1
0.071875,334.15,0.520982524,0.71875,0.09287660365,1,1
0.0725,334.15,0.5210509442,0.71875,0.09286286679,1,1
0.073125,334.15,0.5211182066,0.71875,0.09284935115,1,1
0.07375,334.15,0.5211843403,0.71875,0.09283605146,1,1
0.074375,334.15,0.5212493734,0.71875,0.09282296259,1,1
0.075,334.15,0.5213133333,0.71875,0.09281007958,1,1
0.075625,334.15,0.5213762461,0.71875,0.09279739761,1,1
0.07625,334.15,0.5214381375,0.71875,0.09278491203,1,1
0.076875,334.15,0.5214990322,0.71875,0.09277261832,1,1
0.0775,334.15,0.5215589539,0.71875,0.0927605121,1,1
0.078125,334.15,0.5216179258,0.71875,0.09274858912,1,1
0.07875,334.15,0.5216759704,0.71875,0.09273684526,1,1
0.079375,334.15,0.5217331094,0.71875,0.09272527651,1,1
0.08,334.15,0.5217893637,0.71875,0.09271387901,1,1
0.005,334.65,0.4256016531,0.71484375,0.1020190255,0,0
0.005625,334.65,0.4354018073,0.71484375,0.1019365817,0,0
0.00625,334.65,0.4434673152,0.71484375,0.1017337017,0,0
0.006875,334.65,0.4502198277,0.71484375,0.1014675954,0,0
0.0075,334.65,0.4559549896,0.71484375,0.1011711618,0,0
0.008125,334.65,0.4608861025,0.71484375,0.1008636027,0,0
0.00875,334.65,0.4651708587,0.71484375,0.1005561684,0,0
0.009375,334.65,0.4689283187,0.71484375,0.1002553843,0,0
0.01,334.65,0.4722500383,0.71484375,0.09996491866,0,0
0.010625,334.65,0.4752075654,0.71484375,0.09968669218,0,0
0.01125,334.65,0.4778576155,0.71484375,0.09942155107,0,0
0.011875,334.65,0.4802457214,0.71484375,0.09916968262,0,0
0.0125,334.65,0.4824088571,0.71484375,0.09893087502,0,0
0.013125,334.65,0.4843773566,0.71484375,0.0987046816,0,0
0.01375,334.65,0.4861763394,0.71484375,0.09849052501,0,0
0.014375,334.65,0.4878267835,0.71484375,0.09828776353,0,0
0.015,334.65,0.4893463452,0.71484375,0.09809573296,0,0
0.015625,334.65,0.4907499905,0.71484375,0.09791377283,0,0
0.01625,334.65,0.4920504889,0.71484375,0.0977412423,0,0
0.016875,334.65,0.4932588015,0.71484375,0.09757752947,0,0
0.0175,334.65,0.4943843903,0.71484375,0.09742205628,0,0
0.018125,334.65,0.4954354658,0.71484375,0.09727428063,0,0
0.01875,334.65,0.496419187,0.71484375,0.09713369674,0,0
0.019375,334.65,0.4973418249,0.71484375,0.0969998343,0,0
0.02,334.65,0.4982088956,0.71484375,0.09687225704,0,0
0.020625,334.65,0.4990252705,0.71484375,0.09675056085,0,0
0.02125,334.65,0.4997952683,0.71484375,0.09663437171,0,0
0.021875,334.65,0.5005227305,0.71484375,0.09652334368,0,0
0.0225,334.65,0.501211086,0.71484375,0.09641715674,0,0
0.023125,334.65,0.5018634049,0.71484375,0.09631551481,0,0
0.02375,334.65,0.5024824442,0.71484375,0.09621814389,0,0
0.024375,334.65,0.5030706868,0.71484375,0.09612479024,0,0
0.025,334.65,0.5036303744,0.71484375,0.09603521875,0,0
0.025625,334.65,0.5041635367,0.71484375,0.09594921139,0,0
0.02625,334.65,0.5046720152,0.71484375,0.09586656584,0,0
0.026875,334.65,0.5051574851,0.71484375,0.09578709418,0,0
0.0275,334.65,0.5056214732,0.71484375,0.09571062169,0,0
0.028125,334.65,0.5060653743,0.71484375,0.09563698582,0,0
0.02875,334.65,0.5064904648,0.71484375,0.09556603516,0,0
0.029375,334.65,0.5068979155,0.71484375,0.09549762857,0,0
0.03,334.65,0.5072888019,0.71484375,0.09543163437,0,0
0.030625,334.65,0.5076641138,0.71484375,0.09536792956,0,0
0.03125,334.65,0.5080247637,0.71484375,0.09530639916,0,0
0.031875,334.65,0.5083715943,0.71484375,0.09524693559,0,0
0.0325,334.65,0.5087053847,0.71484375,0.0951894381,0,0
0.033125,334.65,0.5090268568,0.71484375,0.09513381224,0,0
0.03375,334.65,0.5093366799,0.71484375,0.09507996942,0,0
0.034375,334.65,0.5096354761,0.71484375,0.09502782644,0,0
0.035,334.65,0.5099238235,0.71484375,0.0949773051,0,0
0.035625,334.65,0.5102022607,0.71484375,0.09492833186,0,0
0.03625,334.65,0.5104712901,0.71484375,0.0948808375,0,0
0.036875,334.65,0.5107313804,0.71484375,0.09483475679,0,0
0.0375,334.65,0.5109829699,0.71484375,0.09479002822,0,0
0.038125,334.65,0.5112264685,0.71484375,0.09474659377,0,0
0.03875,334.65,0.5114622604,0.71484375,0.09470439865,0,0
0.039375,334.65,0.5116907057,0.71484375,0.09466339107,0,0
0.04,334.65,0.5119121424,0.71484375,0.09462352205,0,0
0.040625,334.65,0.5121268882,0.71484375,0.09458474525,0,0
0.04125,334.65,0.5123352418,0.71484375,0.09454701679,0,0
0.041875,334.65,0.5125374844,0.71484375,0.09451029507,0,0
0.0425,334.65,0.512733881,0.71484375,0.09447454064,0,0
0.043125,334.65,0.5129246813,0.71484375,0.09443971607,0,0
0.04375,334.65,0.5131101213,0.71484375,0.09440578583,0,0
0.044375,334.65,0.5132904236,0.71484375,0.09437271615,0,0
0.045,334.65,0.5134657988,0.71484375,0.09434047493,0,0
0.045625,334.65,0.5136364463,0.71484375,0.09430903162,0,0
0.04625,334.65,0.5138025545,0.71484375,0.09427835717,0,0
0.046875,334.65,0.5139643022,0.71484375,0.09424842389,0,0
0.0475,334.65,0.5141218589,0.71484375,0.09421920539,0,0
0.048125,334.65,0.5142753853,0.71484375,0.09419067654,0,0
0.04875,334.65,0.5144250342,0.71484375,0.09416281333,0,0
0.049375,334.65,0.5145709507,0.71484375,0.09413559287,0,0
0.05,334.65,0.5147132725,0.71484375,0.09410899329,0,0
0.050625,334.65,0.514852131,0.71484375,0.0940829937,0,0
0.05125,334.65,0.514987651,0.71484375,0.09405757412,0,0
0.051875,334.65,0.5151199515,0.71484375,0.09403271546,0,0
0.0525,334.65,0.5152491459,0.71484375,0.09400839945,0,0
0.053125,334.65,0.5153753422,0.71484375,0.09398460858,0,0
0.05375,334.65,0.5154986437,0.71484375,0.0939613261,0,0
0.054375,334.65,0.5156191487,0.71484375,0.09393853597,0,0
0.055,334.65,0.5157369514,0.71484375,0.09391622279,0,0
0.055625,334.65,0.5158521417,0.71484375,0.09389437182,0,0
0.05625,334.65,0.5159648055,0.71484375,0.09387296888,0,0
0.056875,334.65,0.5160750249,0.71484375,0.09385200041,0,0
0.0575,334.65,0.5161828788,0.71484375,0.09383145335,1,1
0.058125,334.65,0.5162884425,0.71484375,0.09381131517,1,1
0.05875,334.65,0.516391788,0.71484375,0.09379157384,1,1
0.059375,334.65,0.5164929847,0.71484375,0.09377221777,1,1
0.06,334.65,0.5165920988,0.71484375,0.09375323584,1,1
0.060625,334.65,0.516689194,0.71484375,0.09373461735,1,1
0.06125,334.65,0.5167843313,0.71484375,0.09371635199,1,1
0.061875,334.65,0.5168775693,0.71484375,0.09369842983,1,1
0.0625,334.65,0.5169689645,0.71484375,0.09368084133,1,1
0.063125,334.65,0.5170585708,0.71484375,0.09366357729,1,1
0.06375,334.65,0.5171464402,0.71484375,0.09364662883,1,1
0.064375,334.65,0.5172326229,0.71484375,0.09362998741,1,1
0.065,334.65,0.5173171668,0.71484375,0.09361364478,1,1
0.065625,334.65,0.5174001184,0.71484375,0.09359759298,1,1
0.06625,334.65,0.5174815221,0.71484375,0.09358182436,1,1
0.066875,334.65,0.5175614209,0.71484375,0.09356633149,1,1
0.0675,334.65,0.5176398561,0.71484375,0.09355110723,1,1
0.068125,334.65,0.5177168676,0.71484375,0.09353614467,1,1
0.06875,334.65,0.5177924938,0.71484375,0.09352143713,1,1
0.069375,334.65,0.5178667718,0.71484375,0.09350697817,1,1
0.07,334.65,0.5179397372,0.71484375,0.09349276156,1,1
0.070625,334.65,0.5180114246,0.71484375,0.09347878126,1,1
0.07125,334.65,0.5180818672,0.71484375,0.09346503145,1,1
0.071875,334.65,0.5181510972,0.71484375,0.09345150649,1,1
0.0725,334.65,0.5182191456,0.71484375,0.09343820092,1,1
0.073125,334.65,0.5182860425,0.71484375,0.09342510945,1,1
0.07375,334.65,0.5183518167,0.71484375,0.09341222697,1,1
0.074375,334.65,0.5184164964,0.71484375,0.09339954853,1,1
0.075,334.65,0.5184801086,0.71484375,0.09338706932,1,1
0.075625,334.65,0.5185426796,0.71484375,0.0933747847,1,1
0.07625,334.65,0.5186042346,0.71484375,0.09336269016,1,1
0.076875,334.65,0.5186647983,0.71484375,0.09335078133,1,1
0.0775,334.65,0.5187243943,0.71484375,0.09333905398,1,1
0.078125,334.65,0.5187830458,0.71484375,0.09332750399,1,1
0.07875,334.65,0.518840775,0.71484375,0.09331612738,1,1
0.079375,334.65,0.5188976034,0.71484375,0.09330492028,1,1
0.08,334.65,0.5189535519,0.71484375,0.09329387894,1,1
0.005,335.15,0.423275961,0.7109375,0.1021405053,0,0
0.005625,335.15,0.4330225625,0.7109375,0.1020926275,0,0
0.00625,335.15,0.4410439965,0.7109375,0.1019200919,0,0
0.006875,335.15,0.4477596101,0.7109375,0.1016807519,0,0
0.0075,335.15,0.4534634323,0.7109375,0.1014080541,0,0
0.008125,335.15,0.4583675992,0.7109375,0.1011216569,0,0
0.00875,335.15,0.4626289414,0.7109375,0.1008331882,0,0
0.009375,335.15,0.4663658689,0.7109375,0.1005494856,0,0
0.01,335.15,0.469669437,0.7109375,0.1002744763,0,0
0.010625,335.15,0.4726108027,0.7109375,0.1000102962,0,0
0.01125,335.15,0.4752463717,0.7109375,0.09975797192,0,0
0.011875,335.15,0.4776214278,0.7109375,0.09951784225,0,0
0.0125,335.15,0.4797727431,0.7109375,0.09928982368,0,0
0.013125,335.15,0.4817304858,0.7109375,0.09907357862,0,0
0.01375,335.15,0.4835196381,0.7109375,0.09886862303,0,0
0.014375,335.15,0.4851610634,0.7109375,0.09867439536,0,0
0.015,335.15,0.4866723214,0.7109375,0.09849030071,0,0
0.015625,335.15,0.4880682966,0.7109375,0.09831573871,0,0
0.01625,335.15,0.4893616884,0.7109375,0.09815012092,0,0
0.016875,335.15,0.4905633982,0.7109375,0.09799288133,0,0
0.0175,335.15,0.4916828363,0.7109375,0.09784348219,0,0
0.018125,335.15,0.4927281682,0.7109375,0.09770141699,0,0
0.01875,335.15,0.4937065139,0.7109375,0.09756621145,0,0
0.019375,335.15,0.49462411,0.7109375,0.09743742324,0,0
0.02,335.15,0.4954864426,0.7109375,0.09731464105,0,0
0.020625,335.15,0.4962983565,0.7109375,0.09719748305,0,0
0.02125,335.15,0.4970641466,0.7109375,0.09708559528,0,0
0.021875,335.15,0.4977876336,0.7109375,0.09697864974,0,0
0.0225,335.15,0.4984722276,0.7109375,0.09687634266,0,0
0.023125,335.15,0.4991209819,0.7109375,0.09677839262,0,0
0.02375,335.15,0.4997366385,0.7109375,0.0966845389,0,0
0.024375,335.15,0.5003216666,0.7109375,0.09659453984,0,0
0.025,335.15,0.5008782959,0.7109375,0.09650817131,0,0
0.025625,335.15,0.5014085447,0.7109375,0.09642522532,0,0
0.02625,335.15,0.5019142447,0.7109375,0.09634550869,0,0
0.026875,335.15,0.5023970617,0.7109375,0.09626884189,0,0
0.0275,335.15,0.5028585143,0.7109375,0.09619505791,0,0
0.028125,335.15,0.5032999897,0.7109375,0.09612400126,0,0
0.02875,335.15,0.5037227573,0.7109375,0.09605552707,0,0
0.029375,335.15,0.5041279816,0.7109375,0.09598950019,0,0
0.03,335.15,0.504516732,0.7109375,0.09592579449,0,0
0.030625,335.15,0.504889993,0.7109375,0.0958642921,0,0
0.03125,335.15,0.5052486721,0.7109375,0.09580488281,0,0
0.031875,335.15,0.5055936074,0.7109375,0.09574746344,0,0
0.0325,335.15,0.5059255738,0.7109375,0.09569193736,0,0
0.033125,335.15,0.5062452892,0.7109375,0.09563821392,0,0
0.03375,335.15,0.5065534194,0.7109375,0.09558620808,0,0
0.034375,335.15,0.5068505827,0.7109375,0.09553583996,0,0
0.035,335.15,0.5071373545,0.7109375,0.09548703446,0,0
0.035625,335.15,0.5074142702,0.7109375,0.09543972093,0,0
0.03625,335.15,0.5076818295,0.7109375,0.09539383284,0,0
0.036875,335.15,0.5079404986,0.7109375,0.0953493075,0,0
0.0375,335.15,0.5081907132,0.7109375,0.0953060858,0,0
0.038125,335.15,0.5084328813,0.7109375,0.09526411194,0,0
0.03875,335.15,0.5086673847,0.7109375,0.09522333321,0,0
0.039375,335.15,0.5088945816,0.7109375,0.09518369981,0,0
0.04,335.15,0.5091148083,0.7109375,0.09514516463,0,0
0.040625,335.15,0.5093283807,0.7109375,0.09510768306,0,0
0.04125,335.15,0.5095355957,0.7109375,0.09507121287,0,0
0.041875,335.15,0.5097367332,0.7109375,0.09503571401,0,0
0.0425,335.15,0.5099320565,0.7109375,0.09500114853,0,0
0.043125,335.15,0.5101218142,0.7109375,0.09496748038,0,0
0.04375,335.15,0.5103062408,0.7109375,0.09493467533,0,0
0.044375,335.15,0.5104855579,0.7109375,0.09490270087,0,0
0.045,335.15,0.5106599748,0.7109375,0.09487152608,0,0
0.045625,335.15,0.5108296897,0.7109375,0.09484112154,0,0
0.04625,335.15,0.5109948902,0.7109375,0.09481145923,0,0
0.046875,335.15,0.5111557541,0.7109375,0.0947825125,0,0
0.0475,335.15,0.5113124498,0.7109375,0.09475425591,0,0
0.048125,335.15,0.5114651373,0.7109375,0.09472666523,0,0
0.04875,335.15,0.5116139685,0.7109375,0.09469971733,0,0
0.049375,335.15,0.5117590876,0.7109375,0.09467339014,0,0
0.05,335.15,0.5119006317,0.7109375,0.09464766258,0,0
0.050625,335.15,0.5120387314,0.7109375,0.0946225145,0,0
0.05125,335.15,0.5121735109,0.7109375,0.09459792665,0,0
0.051875,335.15,0.5123050884,0.7109375,0.09457388061,0,0
0.0525,335.15,0.5124335768,0.7109375,0.09455035875,0,0
0.053125,335.15,0.5125590835,0.7109375,0.0945273442,0,0
0.05375,335.15,0.5126817112,0.7109375,0.09450482081,0,0
0.054375,335.15,0.5128015577,0.7109375,0.09448277308,0,0
0.055,335.15,0.5129187167,0.7109375,0.09446118617,0,0
0.055625,335.15,0.5130332775,0.7109375,0.09444004586,0,0
0.05625,335.15,0.5131453257,0.7109375,0.09441933847,0,0
0.056875,335.15,0.5132549428,0.7109375,0.09439905091,0,0
0.0575,335.15,0.5133622074,0.7109375,0.09437917058,1,1
0.058125,335.15,0.5134671941,0.7109375,0.09435968539,1,1
0.05875,335.15,0.513569975,0.7109375,0.09434058372,1,1
0.059375,335.15,0.5136706187,0.7109375,0.0943218544,1,1
0.06,335.15,0.5137691911,0.7109375,0.09430348669,1,1
0.060625,335.15,0.5138657557,0.7109375,0.09428547026,1,1
0.06125,335.15,0.5139603732,0.7109375,0.09426779515,1,1
0.061875,335.15,0.5140531017,0.7109375,0.09425045179,1,1
0.0625,335.15,0.5141439974,0.7109375,0.09423343096,1,1
0.063125,335.15,0.5142331141,0.7109375,0.09421672378,1,1
0.06375,335.15,0.5143205034,0.7109375,0.09420032167,1,1
0.064375,335.15,0.5144062151,0.7109375,0.0941842164,1,1
0.065,335.15,0.5144902971,0.7109375,0.09416839998,1,1
0.065625,335.15,0.5145727953,0.7109375,0.09415286475,1,1
0.06625,335.15,0.5146537542,0.7109375,0.0941376033,1,1
0.066875,335.15,0.5147332164,0.7109375,0.09412260847,1,1
0.0675,335.15,0.514811223,0.7109375,0.09410787335,1,1
0.068125,335.15,0.5148878137,0.7109375,0.09409339128,1,1
0.06875,335.15,0.5149630267,0.7109375,0.09407915581,1,1
0.069375,335.15,0.5150368987,0.7109375,0.0940651607,1,1
0.07,335.15,0.5151094654,0.7109375,0.09405139994,1,1
0.070625,335.15,0.5151807611,0.7109375,0.09403786771,1,1
0.07125,335.15,0.5152508187,0.7109375,0.09402455836,1,1
0.071875,335.15,0.5153196704,0.7109375,0.09401146647,1,1
0.0725,335.15,0.515387347,0.7109375,0.09399858674,1,1
0.073125,335.15,0.5154538783,0.7109375,0.09398591408,1,1
0.07375,335.15,0.5155192931,0.7109375,0.09397344355,1,1
0.074375,335.15,0.5155836194,0.7109375,0.09396117035,1,1
0.075,335.15,0.515646884,0.7109375,0.09394908986,1,1
0.075625,335.15,0.515709113,0.7109375,0.09393719757,1,1
0.07625,335.15,0.5157703317,0.7109375,0.09392548913,1,1
0.076875,335.15,0.5158305644,0.7109375,0.09391396032,1,1
0.0775,335.15,0.5158898348,0.7109375,0.09390260706,1,1
0.078125,335.15,0.5159481658,0.7109375,0.09389142535,1,1
0.07875,335.15,0.5160055795,0.7109375,0.09388041136,1,1
0.079375,335.15,0.5160620973,0.7109375,0.09386956135,1,1
0.08,335.15,0.5161177402,0.7109375,0.09385887168,1,1
0.005,335.65,0.4209502689,0.70703125,0.1022528973,0,0
0.005625,335.65,0.4306433176,0.70703125,0.1022390982,0,0
0.00625,335.65,0.4386206778,0.70703125,0.1020964869,0,0
0.006875,335.65,0.4452993925,0.70703125,0.1018835474,0,0
0.0075,335.65,0.450971875,0.70703125,0.1016342644,0,0
0.008125,335.65,0.4558490959,0.70703125,0.1013687451,0,0
0.00875,335.65,0.4600870242,0.70703125,0.1010989891,0,0
0.009375,335.65,0.4638034191,0.70703125,0.1008321416,0,0
0.01,335.65,0.4670888357,0.70703125,0.1005723845,0,0
0.010625,335.65,0.4700140401,0.70703125,0.1003220661,0,0
0.01125,335.65,0.4726351279,0.70703125,0.1000823906,0,0
0.011875,335.65,0.4749971343,0.70703125,0.09985384618,0,0
0.0125,335.65,0.4771366291,0.70703125,0.09963647589,0,0
0.013125,335.65,0.479083615,0.70703125,0.09943004968,0,0
0.01375,335.65,0.4808629368,0.70703125,0.09923417552,0,0
0.014375,335.65,0.4824953433,0.70703125,0.09904837096,0,0
0.015,335.65,0.4839982977,0.70703125,0.09887210941,0,0
0.015625,335.65,0.4853866026,0.70703125,0.09870484981,0,0
0.01625,335.65,0.4866728879,0.70703125,0.09854605543,0,0
0.016875,335.65,0.4878679949,0.70703125,0.09839520551,0,0
0.0175,335.65,0.4889812822,0.70703125,0.09825180208,0,0
0.018125,335.65,0.4900208705,0.70703125,0.09811537375,0,0
0.01875,335.65,0.4909938407,0.70703125,0.09798547729,0,0
0.019375,335.65,0.4919063951,0.70703125,0.09786169803,0,0
0.02,335.65,0.4927639896,0.70703125,0.09774364924,0,0
0.020625,335.65,0.4935714424,0.70703125,0.09763097114,0,0
0.02125,335.65,0.4943330249,0.70703125,0.09752332947,0,0
0.021875,335.65,0.4950525367,0.70703125,0.09742041403,0,0
0.0225,335.65,0.4957333692,0.70703125,0.09732193703,0,0
0.023125,335.65,0.4963785589,0.70703125,0.09722763153,0,0
0.02375,335.65,0.4969908328,0.70703125,0.09713724994,0,0
0.024375,335.65,0.4975726465,0.70703125,0.09705056249,0,0
0.025,335.65,0.4981262173,0.70703125,0.0969673559,0,0
0.025625,335.65,0.4986535527,0.70703125,0.09688743207,0,0
0.02625,335.65,0.4991564741,0.70703125,0.09681060687,0,0
0.026875,335.65,0.4996366383,0.70703125,0.09673670905,0,0
0.0275,335.65,0.5000955555,0.70703125,0.09666557919,0,0
0.028125,335.65,0.5005346051,0.70703125,0.09659706879,0,0
0.02875,335.65,0.5009550499,0.70703125,0.0965310394,0,0
0.029375,335.65,0.5013580476,0.70703125,0.09646736181,0,0
0.03,335.65,0.501744662,0.70703125,0.09640591537,0,0
0.030625,335.65,0.5021158721,0.70703125,0.09634658727,0,0
0.03125,335.65,0.5024725805,0.70703125,0.096289272,0,0
0.031875,335.65,0.5028156206,0.70703125,0.09623387074,0,0
0.0325,335.65,0.503145763,0.70703125,0.09618029089,0,0
0.033125,335.65,0.5034637217,0.70703125,0.09612844559,0,0
0.03375,335.65,0.5037701588,0.70703125,0.0960782533,0,0
0.034375,335.65,0.5040656894,0.70703125,0.09602963739,0,0
0.035,335.65,0.5043508855,0.70703125,0.09598252584,0,0
0.035625,335.65,0.5046262797,0.70703125,0.09593685084,0,0
0.03625,335.65,0.5048923689,0.70703125,0.09589254853,0,0
0.036875,335.65,0.5051496167,0.70703125,0.09584955875,0,0
0.0375,335.65,0.5053984566,0.70703125,0.0958078247,0,0
0.038125,335.65,0.505639294,0.70703125,0.0957672928,0,0
0.03875,335.65,0.505872509,0.70703125,0.09572791242,0,0
0.039375,335.65,0.5060984576,0.70703125,0.09568963569,0,0
0.04,335.65,0.5063174742,0.70703125,0.09565241734,0,0
0.040625,335.65,0.5065298731,0.70703125,0.09561621449,0,0
0.04125,335.65,0.5067359496,0.70703125,0.09558098654,0,0
0.041875,335.65,0.5069359819,0.70703125,0.09554669498,0,0
0.0425,335.65,0.507130232,0.70703125,0.0955133033,0,0
0.043125,335.65,0.5073189471,0.70703125,0.09548077683,0,0
0.04375,335.65,0.5075023604,0.70703125,0.09544908265,0,0
0.044375,335.65,0.5076806922,0.70703125,0.09541818947,0,0
0.045,335.65,0.5078541508,0.70703125,0.09538806753,0,0
0.045625,335.65,0.5080229332,0.70703125,0.09535868851,0,0
0.04625,335.65,0.508187226,0.70703125,0.09533002547,0,0
0.046875,335.65,0.508347206,0.70703125,0.09530205273,0,0
0.0475,335.65,0.5085030407,0.70703125,0.0952747458,0,0
0.048125,335.65,0.5086548893,0.70703125,0.09524808136,0,0
0.04875,335.65,0.5088029027,0.70703125,0.09522203712,0,0
0.049375,335.65,0.5089472244,0.70703125,0.09519659184,0,0
0.05,335.65,0.5090879909,0.70703125,0.0951717252,0,0
0.050625,335.65,0.5092253318,0.70703125,0.0951474178,0,0
0.05125,335.65,0.5093593707,0.70703125,0.09512365109,0,0
0.051875,335.65,0.5094902253,0.70703125,0.09510040733,0,0
0.0525,335.65,0.5096180077,0.70703125,0.09507766952,0,0
0.053125,335.65,0.5097428248,0.70703125,0.09505542142,0,0
0.05375,335.65,0.5098647787,0.70703125,0.09503364745,0,0
0.054375,335.65,0.5099839668,0.70703125,0.09501233268,0,0
0.055,335.65,0.510100482,0.70703125,0.09499146282,0,0
0.055625,335.65,0.5102144134,0.70703125,0.09497102412,0,0
0.05625,335.65,0.5103258458,0.70703125,0.09495100344,0,0
0.056875,335.65,0.5104348607,0.70703125,0.09493138813,0,0
0.0575,335.65,0.5105415359,0.70703125,0.09491216605,1,1
0.058125,335.65,0.5106459458,0.70703125,0.09489332555,1,1
0.05875,335.65,0.5107481619,0.70703125,0.09487485541,1,1
0.059375,335.65,0.5108482526,0.70703125,0.09485674488,1,1
0.06,335.65,0.5109462835,0.70703125,0.09483898358,1,1
0.060625,335.65,0.5110423175,0.70703125,0.09482156155,1,1
0.06125,335.65,0.5111364151,0.70703125,0.09480446919,1,1
0.061875,335.65,0.5112286341,0.70703125,0.09478769728,1,1
0.0625,335.65,0.5113190304,0.70703125,0.0947712369,1,1
0.063125,335.65,0.5114076574,0.70703125,0.0947550795,1,1
0.06375,335.65,0.5114945666,0.70703125,0.0947392168,1,1
0.064375,335.65,0.5115798073,0.70703125,0.09472364086,1,1
0.065,335.65,0.5116634273,0.70703125,0.09470834397,1,1
0.065625,335.65,0.5117454723,0.70703125,0.09469331875,1,1
0.06625,335.65,0.5118259864,0.70703125,0.09467855802,1,1
0.066875,335.65,0.5119050119,0.70703125,0.0946640549,1,1
0.0675,335.65,0.5119825899,0.70703125,0.09464980271,1,1
0.068125,335.65,0.5120587598,0.70703125,0.09463579502,1,1
0.06875,335.65,0.5121335595,0.70703125,0.09462202561,1,1
0.069375,335.65,0.5122070256,0.70703125,0.09460848846,1,1
0.07,335.65,0.5122791936,0.70703125,0.09459517776,1,1
0.070625,335.65,0.5123500975,0.70703125,0.0945820879,1,1
0.07125,335.65,0.5124197703,0.70703125,0.09456921343,1,1
0.071875,335.65,0.5124882437,0.70703125,0.0945565491,1,1
0.0725,335.65,0.5125555484,0.70703125,0.09454408981,1,1
0.073125,335.65,0.5126217141,0.70703125,0.09453183064,1,1
0.07375,335.65,0.5126867696,0.70703125,0.09451976682,1,1
0.074375,335.65,0.5127507424,0.70703125,0.09450789372,1,1
0.075,335.65,0.5128136594,0.70703125,0.09449620687,1,1
0.075625,335.65,0.5128755465,0.70703125,0.09448470193,1,1
0.07625,335.65,0.5129364288,0.70703125,0.0944733747,1,1
0.076875,335.65,0.5129963305,0.70703125,0.09446222109,1,1
0.0775,335.65,0.5130552753,0.70703125,0.09445123715,1,1
0.078125,335.65,0.5131132857,0.70703125,0.09444041906,1,1
0.07875,335.65,0.513170384,0.70703125,0.09442976308,1,1
0.079375,335.65,0.5132265913,0.70703125,0.09441926562,1,1
0.08,335.65,0.5132819284,0.70703125,0.09440892316,1,1
0.005625,336.15,0.4282640728,0.703125,0.1023760292,0,0
0.00625,336.15,0.4361973592,0.703125,0.102262924,0,0
0.006875,336.15,0.4428391748,0.703125,0.1020760211,0,0
0.0075,336.15,0.4484803177,0.703125,0.1018498335,0,0
0.008125,336.15,0.4533305926,0.703125,0.1016049097,0,0
0.00875,336.15,0.4575451069,0.703125,0.101353615,0,0
0.009375,336.15,0.4612409693,0.703125,0.1011033973,0,0
0.01,336.15,0.4645082344,0.703125,0.1008586894,0,0
0.010625,336.15,0.4674172774,0.703125,0.100622049,0,0
0.01125,336.15,0.4700238841,0.703125,0.100394855,0,0
0.011875,336.15,0.4723728407,0.703125,0.1001777433,0,0
0.0125,336.15,0.4745005152,0.703125,0.09997088134,0,0
0.013125,336.15,0.4764367442,0.703125,0.0997741452,0,0
0.01375,336.15,0.4782062354,0.703125,0.09958723358,0,0
0.014375,336.15,0.4798296231,0.703125,0.09940974204,0,0
0.015,336.15,0.481324274,0.703125,0.09924121138,0,0
0.015625,336.15,0.4827049087,0.703125,0.09908115901,0,0
0.01625,336.15,0.4839840874,0.703125,0.09892909922,0,0
0.016875,336.15,0.4851725917,0.703125,0.09878455589,0,0
0.0175,336.15,0.4862797282,0.703125,0.09864707029,0,0
0.018125,336.15,0.4873135729,0.703125,0.09851620567,0,0
0.01875,336.15,0.4882811676,0.703125,0.09839154946,0,0
0.019375,336.15,0.4891886803,0.703125,0.09827271423,0,0
0.02,336.15,0.4900415366,0.703125,0.09815933756,0,0
0.020625,336.15,0.4908445284,0.703125,0.09805108138,0,0
0.02125,336.15,0.4916019032,0.703125,0.09794763092,0,0
0.021875,336.15,0.4923174398,0.703125,0.09784869348,0,0
0.0225,336.15,0.4929945108,0.703125,0.09775399708,0,0
0.023125,336.15,0.493636136,0.703125,0.09766328907,0,0
0.02375,336.15,0.4942450271,0.703125,0.09757633479,0,0
0.024375,336.15,0.4948236263,0.703125,0.09749291622,0,0
0.025,336.15,0.4953741388,0.703125,0.0974128308,0,0
0.025625,336.15,0.4958985607,0.703125,0.09733589018,0,0
0.02625,336.15,0.4963987035,0.703125,0.09726191915,0,0
0.026875,336.15,0.4968762149,0.703125,0.09719075463,0,0
0.0275,336.15,0.4973325966,0.703125,0.09712224471,0,0
0.028125,336.15,0.4977692206,0.703125,0.09705624778,0,0
0.02875,336.15,0.4981873424,0.703125,0.09699263173,0,0
0.029375,336.15,0.4985881136,0.703125,0.0969312732,0,0
0.03,336.15,0.4989725921,0.703125,0.09687205695,0,0
0.030625,336.15,0.4993417513,0.703125,0.09681487519,0,0
0.03125,336.15,0.4996964889,0.703125,0.09675962701,0,0
0.031875,336.15,0.5000376337,0.703125,0.09670621792,0,0
0.0325,336.15,0.5003659522,0.703125,0.09665455929,0,0
0.033125,336.15,0.5006821542,0.703125,0.09660456799,0,0
0.03375,336.15,0.5009868983,0.703125,0.09655616594,0,0
0.034375,336.15,0.5012807961,0.703125,0.09650927974,0,0
0.035,336.15,0.5015644165,0.703125,0.09646384038,0,0
0.035625,336.15,0.5018382893,0.703125,0.09641978287,0,0
0.03625,336.15,0.5021029083,0.703125,0.096377046,0,0
0.036875,336.15,0.5023587349,0.703125,0.09633557204,0,0
0.0375,336.15,0.5026061999,0.703125,0.09629530656,0,0
0.038125,336.15,0.5028457068,0.703125,0.09625619812,0,0
0.03875,336.15,0.5030776332,0.703125,0.09621819814,0,0
0.039375,336.15,0.5033023335,0.703125,0.09618126068,0,0
0.04,336.15,0.5035201401,0.703125,0.09614534226,0,0
0.040625,336.15,0.5037313655,0.703125,0.09611040174,0,0
0.04125,336.15,0.5039363035,0.703125,0.09607640009,0,0
0.041875,336.15,0.5041352306,0.703125,0.09604330035,0,0
0.0425,336.15,0.5043284075,0.703125,0.09601106742,0,0
0.043125,336.15,0.50451608,0.703125,0.095979668,0,0
0.04375,336.15,0.50469848,0.703125,0.09594907044,0,0
0.044375,336.15,0.5048758265,0.703125,0.09591924468,0,0
0.045,336.15,0.5050483267,0.703125,0.0958901621,0,0
0.045625,336.15,0.5052161766,0.703125,0.09586179548,0,0
0.04625,336.15,0.5053795618,0.703125,0.0958341189,0,0
0.046875,336.15,0.5055386579,0.703125,0.09580710766,0,0
0.0475,336.15,0.5056936317,0.703125,0.09578073823,0,0
0.048125,336.15,0.5058446413,0.703125,0.09575498815,0,0
0.04875,336.15,0.505991837,0.703125,0.095729836,0,0
0.049375,336.15,0.5061353613,0.703125,0.09570526133,0,0
0.05,336.15,0.50627535,0.703125,0.09568124458,0,0
0.050625,336.15,0.5064119322,0.703125,0.0956577671,0,0
0.05125,336.15,0.5065452305,0.703125,0.09563481102,0,0
0.051875,336.15,0.5066753622,0.703125,0.09561235926,0,0
0.0525,336.15,0.5068024386,0.703125,0.09559039547,0,0
0.053125,336.15,0.5069265661,0.703125,0.095568904,0,0
0.05375,336.15,0.5070478462,0.703125,0.09554786986,0,0
0.054375,336.15,0.5071663758,0.703125,0.09552727867,0,0
0.055,336.15,0.5072822473,0.703125,0.09550711666,0,0
0.055625,336.15,0.5073955492,0.703125,0.09548737061,0,0
0.05625,336.15,0.507506366,0.703125,0.09546802784,0,0
0.056875,336.15,0.5076147786,0.703125,0.09544907618,1,1
0.0575,336.15,0.5077208644,0.703125,0.09543050393,1,1
0.058125,336.15,0.5078246975,0.703125,0.09541229986,1,1
0.05875,336.15,0.5079263489,0.703125,0.09539445318,1,1
0.059375,336.15,0.5080258866,0.703125,0.09537695351,1,1
0.06,336.15,0.5081233759,0.703125,0.09535979086,1,1
0.060625,336.15,0.5082188793,0.703125,0.09534295562,1,1
0.06125,336.15,0.508312457,0.703125,0.09532643857,1,1
0.061875,336.15,0.5084041666,0.703125,0.09531023078,1,1
0.0625,336.15,0.5084940634,0.703125,0.09529432369,1,1
0.063125,336.15,0.5085822007,0.703125,0.09527870904,1,1
0.06375,336.15,0.5086686297,0.703125,0.09526337886,1,1
0.064375,336.15,0.5087533996,0.703125,0.09524832547,1,1
0.065,336.15,0.5088365576,0.703125,0.09523354147,1,1
0.065625,336.15,0.5089181492,0.703125,0.09521901972,1,1
0.06625,336.15,0.5089982185,0.703125,0.09520475332,1,1
0.066875,336.15,0.5090768075,0.703125,0.09519073562,1,1
0.0675,336.15,0.5091539569,0.703125,0.09517696018,1,1
0.068125,336.15,0.5092297059,0.703125,0.09516342081,1,1
0.06875,336.15,0.5093040923,0.703125,0.0951501115,1,1
0.069375,336.15,0.5093771526,0.703125,0.09513702645,1,1
0.07,336.15,0.5094489218,0.703125,0.09512416006,1,1
0.070625,336.15,0.509519434,0.703125,0.09511150691,1,1
0.07125,336.15,0.5095887218,0.703125,0.09509906175,1,1
0.071875,336.15,0.5096568169,0.703125,0.09508681952,1,1
0.0725,336.15,0.5097237498,0.703125,0.0950747753,1,1
0.073125,336.15,0.50978955,0.703125,0.09506292433,1,1
0.07375,336.15,0.509854246,0.703125,0.09505126202,1,1
0.074375,336.15,0.5099178653,0.703125,0.09503978391,1,1
0.075,336.15,0.5099804347,0.703125,0.09502848567,1,1
0.075625,336.15,0.5100419799,0.703125,0.09501736313,1,1
0.07625,336.15,0.5101025258,0.703125,0.09500641222,1,1
0.076875,336.15,0.5101620967,0.703125,0.09499562901,1,1
0.0775,336.15,0.5102207158,0.703125,0.09498500969,1,1
0.078125,336.15,0.5102784057,0.703125,0.09497455056,1,1
0.07875,336.15,0.5103351885,0.703125,0.09496424802,1,1
0.079375,336.15,0.5103910853,0.703125,0.0949540986,1,1
0.08,336.15,0.5104461167,0.703125,0.09494409891,1,1
0.005625,336.65,0.4258848279,0.69921875,0.1025034555,0,0
0.00625,336.65,0.4337740405,0.69921875,0.1024194404,0,0
0.006875,336.65,0.4403789572,0.69921875,0.102258212,0,0
0.0075,336.65,0.4459887603,0.69921875,0.1020548021,0,0
0.008125,336.65,0.4508120893,0.69921875,0.1018301928,0,0
0.00875,336.65,0.4550031896,0.69921875,0.1015971093,0,0
0.009375,336.65,0.4586785194,0.69921875,0.1013632973,0,0
0.01,336.65,0.4619276331,0.69921875,0.1011334369,0,0
0.010625,336.65,0.4648205148,0.69921875,0.1009102916,0,0
0.01125,336.65,0.4674126403,0.69921875,0.1006954131,0,0
0.011875,336.65,0.4697485471,0.69921875,0.1004895822,0,0
0.0125,336.65,0.4718644012,0.69921875,0.1002930894,0,0
0.013125,336.65,0.4737898734,0.69921875,0.1001059153,0,0
0.01375,336.65,0.4755495341,0.69921875,0.09992784805,0,0
0.014375,336.65,0.477163903,0.69921875,0.09975856007,0,0
0.015,336.65,0.4786502502,0.69921875,0.09959765866,0,0
0.015625,336.65,0.4800232148,0.69921875,0.09944471892,0,0
0.01625,336.65,0.481295287,0.69921875,0.09929930541,0,0
0.016875,336.65,0.4824771884,0.69921875,0.09916098607,0,0
0.0175,336.65,0.4835781741,0.69921875,0.09902934088,0,0
0.018125,336.65,0.4846062753,0.69921875,0.09890396723,0,0
0.01875,336.65,0.4855684944,0.69921875,0.09878448283,0,0
0.019375,336.65,0.4864709654,0.69921875,0.09867052712,0,0
0.02,336.65,0.4873190836,0.69921875,0.09856176164,0,0
0.020625,336.65,0.4881176144,0.69921875,0.09845786975,0,0
0.02125,336.65,0.4888707815,0.69921875,0.09835855591,0,0
0.021875,336.65,0.4895823429,0.69921875,0.0982635447,0,0
0.0225,336.65,0.4902556524,0.69921875,0.09817257972,0,0
0.023125,336.65,0.490893713,0.69921875,0.09808542242,0,0
0.02375,336.65,0.4914992214,0.69921875,0.0980018509,0,0
0.024375,336.65,0.4920746062,0.69921875,0.09792165875,0,0
0.025,336.65,0.4926220602,0.69921875,0.09784465397,0,0
0.025625,336.65,0.4931435687,0.69921875,0.09777065783,0,0
0.02625,336.65,0.4936409329,0.69921875,0.09769950394,0,0
0.026875,336.65,0.4941157914,0.69921875,0.09763103727,0,0
0.0275,336.65,0.4945696377,0.69921875,0.09756511332,0,0
0.028125,336.65,0.495003836,0.69921875,0.09750159727,0,0
0.02875,336.65,0.495419635,0.69921875,0.09744036328,0,0
0.029375,336.65,0.4958181797,0.69921875,0.09738129378,0,0
0.03,336.65,0.4962005221,0.69921875,0.09732427883,0,0
0.030625,336.65,0.4965676305,0.69921875,0.0972692156,0,0
0.03125,336.65,0.4969203973,0.69921875,0.09721600776,0,0
0.031875,336.65,0.4972596469,0.69921875,0.09716456505,0,0
0.0325,336.65,0.4975861413,0.69921875,0.09711480278,0,0
0.033125,336.65,0.4979005867,0.69921875,0.0970666415,0,0
0.03375,336.65,0.4982036378,0.69921875,0.09702000653,0,0
0.034375,336.65,0.4984959028,0.69921875,0.09697482768,0,0
0.035,336.65,0.4987779475,0.69921875,0.09693103889,0,0
0.035625,336.65,0.4990502988,0.69921875,0.09688857796,0,0
0.03625,336.65,0.4993134477,0.69921875,0.09684738628,0,0
0.036875,336.65,0.499567853,0.69921875,0.09680740857,0,0
0.0375,336.65,0.4998139432,0.69921875,0.09676859267,0,0
0.038125,336.65,0.5000521195,0.69921875,0.0967308893,0,0
0.03875,336.65,0.5002827575,0.69921875,0.09669425189,0,0
0.039375,336.65,0.5005062094,0.69921875,0.0966586364,0,0
0.04,336.65,0.500722806,0.69921875,0.09662400114,0,0
0.040625,336.65,0.5009328579,0.69921875,0.09659030663,0,0
0.04125,336.65,0.5011366573,0.69921875,0.09655751546,0,0
0.041875,336.65,0.5013344793,0.69921875,0.09652559215,0,0
0.0425,336.65,0.501526583,0.69921875,0.09649450302,0,0
0.043125,336.65,0.5017132129,0.69921875,0.0964642161,0,0
0.04375,336.65,0.5018945995,0.69921875,0.09643470102,0,0
0.044375,336.65,0.5020709608,0.69921875,0.0964059289,0,0
0.045,336.65,0.5022425027,0.69921875,0.09637787226,0,0
0.045625,336.65,0.5024094201,0.69921875,0.09635050497,0,0
0.04625,336.65,0.5025718975,0.69921875,0.09632380212,0,0
0.046875,336.65,0.5027301098,0.69921875,0.09629774,0,0
0.0475,336.65,0.5028842226,0.69921875,0.09627229597,0,0
0.048125,336.65,0.5030343933,0.69921875,0.09624744847,0,0
0.04875,336.65,0.5031807712,0.69921875,0.09622317691,0,0
0.049375,336.65,0.5033234982,0.69921875,0.09619946161,0,0
0.05,336.65,0.5034627092,0.69921875,0.09617628381,0,0
0.050625,336.65,0.5035985325,0.69921875,0.09615362553,0,0
0.05125,336.65,0.5037310904,0.69921875,0.09613146963,0,0
0.051875,336.65,0.503860499,0.69921875,0.09610979966,0,0
0.0525,336.65,0.5039868695,0.69921875,0.09608859992,0,0
0.053125,336.65,0.5041103074,0.69921875,0.09606785533,0,0
0.05375,336.65,0.5042309137,0.69921875,0.09604755149,0,0
0.054375,336.65,0.5043487848,0.69921875,0.09602767455,0,0
0.055,336.65,0.5044640126,0.69921875,0.09600821128,0,0
0.055625,336.65,0.504576685,0.69921875,0.09598914895,0,0
0.05625,336.65,0.5046868862,0.69921875,0.09597047536,0,0
0.056875,336.65,0.5047946965,0.69921875,0.09595217879,1,1
0.0575,336.65,0.504900193,0.69921875,0.095934248,1,1
0.058125,336.65,0.5050034492,0.69921875,0.09591667217,1,1
0.05875,336.65,0.5051045358,0.69921875,0.09589944091,1,1
0.059375,336.65,0.5052035205,0.69921875,0.09588254423,1,1
0.06,336.65,0.5053004682,0.69921875,0.09586597251,1,1
0.060625,336.65,0.5053954411,0.69921875,0.09584971653,1,1
0.06125,336.65,0.5054884989,0.69921875,0.09583376736,1,1
0.061875,336.65,0.505579699,0.69921875,0.09581811644,1,1
0.0625,336.65,0.5056690964,0.69921875,0.09580275551,1,1
0.063125,336.65,0.5057567441,0.69921875,0.09578767661,1,1
0.06375,336.65,0.5058426929,0.69921875,0.09577287208,1,1
0.064375,336.65,0.5059269918,0.69921875,0.09575833453,1,1
0.065,336.65,0.5060096878,0.69921875,0.09574405681,1,1
0.065625,336.65,0.5060908262,0.69921875,0.09573003206,1,1
0.06625,336.65,0.5061704506,0.69921875,0.09571625362,1,1
0.066875,336.65,0.506248603,0.69921875,0.09570271509,1,1
0.0675,336.65,0.5063253238,0.69921875,0.09568941027,1,1
0.068125,336.65,0.506400652,0.69921875,0.09567633318,1,1
0.06875,336.65,0.5064746251,0.69921875,0.09566347805,1,1
0.069375,336.65,0.5065472795,0.69921875,0.09565083929,1,1
0.07,336.65,0.50661865,0.69921875,0.09563841149,1,1
0.070625,336.65,0.5066887705,0.69921875,0.09562618943,1,1
0.07125,336.65,0.5067576734,0.69921875,0.09561416806,1,1
0.071875,336.65,0.5068253901,0.69921875,0.09560234249,1,1
0.0725,336.65,0.5068919512,0.69921875,0.09559070799,1,1
0.073125,336.65,0.5069573858,0.69921875,0.09557925998,1,1
0.07375,336.65,0.5070217224,0.69921875,0.09556799401,1,1
0.074375,336.65,0.5070849883,0.69921875,0.0955569058,1,1
0.075,336.65,0.5071472101,0.69921875,0.09554599118,1,1
0.075625,336.65,0.5072084134,0.69921875,0.09553524611,1,1
0.07625,336.65,0.5072686229,0.69921875,0.09552466669,1,1
0.076875,336.65,0.5073278628,0.69921875,0.09551424912,1,1
0.0775,336.65,0.5073861562,0.69921875,0.09550398972,1,1
0.078125,336.65,0.5074435257,0.69921875,0.09549388493,1,1
0.07875,336.65,0.507499993,0.69921875,0.09548393128,1,1
0.079375,336.65,0.5075555792,0.69921875,0.09547412542,1,1
0.08,336.65,0.5076103049,0.69921875,0.09546446409,1,1
0.005625,337.15,0.4235055831,0.6953125,0.1026214122,0,0
0.00625,337.15,0.4313507218,0.6953125,0.1025660731,0,0
0.006875,337.15,0.4379187395,0.6953125,0.1024301591,0,0
0.0075,337.15,0.443497203,0.6953125,0.1022492108,0,0
0.008125,337.15,0.448293586,0.6953125,0.1020446365,0,0
0.00875,337.15,0.4524612724,0.6953125,0.1018295154,0,0
0.009375,337.15,0.4561160696,0.6953125,0.1016118861,0,0
0.01,337.15,0.4593470318,0.6953125,0.1013966724,0,0
0.010625,337.15,0.4622237521,0.6953125,0.1011868407,0,0
0.01125,337.15,0.4648013965,0.6953125,0.1009841123,0,0
0.011875,337.15,0.4671242536,0.6953125,0.1007894114,0,0
0.0125,337.15,0.4692282872,0.6953125,0.1006031493,0,0
0.013125,337.15,0.4711430026,0.6953125,0.1004254099,0,0
0.01375,337.15,0.4728928328,0.6953125,0.1002560695,0,0
0.014375,337.15,0.4744981829,0.6953125,0.1000948762,0,0
0.015,337.15,0.4759762265,0.6953125,0.09994150302,0,0
0.015625,337.15,0.4773415208,0.6953125,0.09979558182,0,0
0.01625,337.15,0.4786064865,0.6953125,0.09965672682,0,0
0.016875,337.15,0.4797817851,0.6953125,0.09952454934,0,0
0.0175,337.15,0.4808766201,0.6953125,0.09939866758,0,0
0.018125,337.15,0.4818989776,0.6953125,0.09927871261,0,0
0.01875,337.15,0.4828558213,0.6953125,0.09916433198,0,0
0.019375,337.15,0.4837532505,0.6953125,0.09905519165,0,0
0.02,337.15,0.4845966307,0.6953125,0.09895097679,0,0
0.020625,337.15,0.4853907003,0.6953125,0.09885139191,0,0
0.02125,337.15,0.4861396599,0.6953125,0.09875616043,0,0
0.021875,337.15,0.486847246,0.6953125,0.09866502397,0,0
0.0225,337.15,0.487516794,0.6953125,0.09857774153,0,0
0.023125,337.15,0.48815129,0.6953125,0.09849408844,0,0
0.02375,337.15,0.4887534157,0.6953125,0.0984138554,0,0
0.024375,337.15,0.489325586,0.6953125,0.09833684747,0,0
0.025,337.15,0.4898699817,0.6953125,0.09826288304,0,0
0.025625,337.15,0.4903885767,0.6953125,0.09819179289,0,0
0.02625,337.15,0.4908831624,0.6953125,0.09812341932,0,0
0.026875,337.15,0.491355368,0.6953125,0.09805761527,0,0
0.0275,337.15,0.4918066789,0.6953125,0.09799424351,0,0
0.028125,337.15,0.4922384515,0.6953125,0.09793317597,0,0
0.02875,337.15,0.4926519275,0.6953125,0.09787429295,0,0
0.029375,337.15,0.4930482457,0.6953125,0.09781748261,0,0
0.03,337.15,0.4934284521,0.6953125,0.09776264026,0,0
0.030625,337.15,0.4937935096,0.6953125,0.09770966795,0,0
0.03125,337.15,0.4941443057,0.6953125,0.09765847384,0,0
0.031875,337.15,0.49448166,0.6953125,0.09760897188,0,0
0.0325,337.15,0.4948063305,0.6953125,0.09756108127,0,0
0.033125,337.15,0.4951190191,0.6953125,0.09751472617,0,0
0.03375,337.15,0.4954203772,0.6953125,0.09746983527,0,0
0.034375,337.15,0.4957110095,0.6953125,0.09742634152,0,0
0.035,337.15,0.4959914786,0.6953125,0.09738418181,0,0
0.035625,337.15,0.4962623083,0.6953125,0.09734329669,0,0
0.03625,337.15,0.4965239871,0.6953125,0.09730363009,0,0
0.036875,337.15,0.4967769711,0.6953125,0.09726512916,0,0
0.0375,337.15,0.4970216866,0.6953125,0.09722774399,0,0
0.038125,337.15,0.4972585322,0.6953125,0.09719142741,0,0
0.03875,337.15,0.4974878817,0.6953125,0.09715613485,0,0
0.039375,337.15,0.4977100853,0.6953125,0.09712182413,0,0
0.04,337.15,0.4979254719,0.6953125,0.09708845534,0,0
0.040625,337.15,0.4981343503,0.6953125,0.09705599066,0,0
0.04125,337.15,0.4983370112,0.6953125,0.09702439423,0,0
0.041875,337.15,0.498533728,0.6953125,0.09699363206,0,0
0.0425,337.15,0.4987247586,0.6953125,0.09696367186,0,0
0.043125,337.15,0.4989103458,0.6953125,0.09693448298,0,0
0.04375,337.15,0.4990907191,0.6953125,0.09690603631,0,0
0.044375,337.15,0.4992660951,0.6953125,0.09687830414,0,0
0.045,337.15,0.4994366787,0.6953125,0.09685126013,0,0
0.045625,337.15,0.4996026636,0.6953125,0.09682487919,0,0
0.04625,337.15,0.4997642333,0.6953125,0.09679913743,0,0
0.046875,337.15,0.4999215617,0.6953125,0.09677401209,0,0
0.0475,337.15,0.5000748135,0.6953125,0.09674948145,0,0
0.048125,337.15,0.5002241453,0.6953125,0.09672552481,0,0
0.04875,337.15,0.5003697054,0.6953125,0.0967021224,0,0
0.049375,337.15,0.5005116351,0.6953125,0.09667925533,0,0
0.05,337.15,0.5006500684,0.6953125,0.09665690557,0,0
0.050625,337.15,0.5007851329,0.6953125,0.09663505588,0,0
0.05125,337.15,0.5009169502,0.6953125,0.09661368977,0,0
0.051875,337.15,0.5010456359,0.6953125,0.09659279145,0,0
0.0525,337.15,0.5011713004,0.6953125,0.09657234583,0,0
0.053125,337.15,0.5012940487,0.6953125,0.09655233844,0,0
0.05375,337.15,0.5014139813,0.6953125,0.09653275541,0,0
0.054375,337.15,0.5015311938,0.6953125,0.09651358347,0,0
0.055,337.15,0.5016457779,0.6953125,0.09649480986,0,0
0.055625,337.15,0.5017578209,0.6953125,0.09647642238,0,0
0.05625,337.15,0.5018674064,0.6953125,0.09645840929,0,0
0.056875,337.15,0.5019746144,0.6953125,0.09644075932,1,1
0.0575,337.15,0.5020795215,0.6953125,0.09642346167,1,1
0.058125,337.15,0.5021822009,0.6953125,0.09640650593,1,1
0.05875,337.15,0.5022827228,0.6953125,0.09638988211,1,1
0.059375,337.15,0.5023811545,0.6953125,0.0963735806,1,1
0.06,337.15,0.5024775606,0.6953125,0.09635759217,1,1
0.060625,337.15,0.5025720029,0.6953125,0.09634190791,1,1
0.06125,337.15,0.5026645408,0.6953125,0.09632651927,1,1
0.061875,337.15,0.5027552314,0.6953125,0.09631141799,1,1
0.0625,337.15,0.5028441294,0.6953125,0.09629659614,1,1
0.063125,337.15,0.5029312874,0.6953125,0.09628204606,1,1
0.06375,337.15,0.5030167561,0.6953125,0.09626776038,1,1
0.064375,337.15,0.503100584,0.6953125,0.09625373197,1,1
0.065,337.15,0.503182818,0.6953125,0.09623995397,1,1
0.065625,337.15,0.5032635031,0.6953125,0.09622641977,1,1
0.06625,337.15,0.5033426827,0.6953125,0.09621312297,1,1
0.066875,337.15,0.5034203985,0.6953125,0.0962000574,1,1
0.0675,337.15,0.5034966907,0.6953125,0.0961872171,1,1
0.068125,337.15,0.503571598,0.6953125,0.09617459631,1,1
0.06875,337.15,0.5036451579,0.6953125,0.09616218947,1,1
0.069375,337.15,0.5037174064,0.6953125,0.09614999121,1,1
0.07,337.15,0.5037883783,0.6953125,0.09613799631,1,1
0.070625,337.15,0.503858107,0.6953125,0.09612619976,1,1
0.07125,337.15,0.5039266249,0.6953125,0.09611459669,1,1
0.071875,337.15,0.5039939634,0.6953125,0.09610318239,1,1
0.0725,337.15,0.5040601526,0.6953125,0.0960919523,1,1
0.073125,337.15,0.5041252216,0.6953125,0.09608090202,1,1
0.07375,337.15,0.5041891988,0.6953125,0.09607002727,1,1
0.074375,337.15,0.5042521113,0.6953125,0.09605932391,1,1
0.075,337.15,0.5043139854,0.6953125,0.09604878793,1,1
0.075625,337.15,0.5043748468,0.6953125,0.09603841545,1,1
0.07625,337.15,0.50443472,0.6953125,0.0960282027,1,1
0.076875,337.15,0.5044936289,0.6953125,0.09601814603,1,1
0.0775,337.15,0.5045515967,0.6953125,0.09600824189,1,1
0.078125,337.15,0.5046086457,0.6953125,0.09599848685,1,1
0.07875,337.15,0.5046647975,0.6953125,0.09598887758,1,1
0.079375,337.15,0.5047200732,0.6953125,0.09597941084,1,1
0.08,337.15,0.5047744931,0.6953125,0.09597008349,1,1
0.005625,337.65,0.4211263382,0.69140625,0.1027299339,0,0
0.00625,337.65,0.4289274032,0.69140625,0.102702859,0,0
0.006875,337.65,0.4354585219,0.69140625,0.102591901,0,0
0.0075,337.65,0.4410056457,0.69140625,0.1024330997,0,0
0.008125,337.65,0.4457750827,0.69140625,0.1022482825,0,0
0.00875,337.65,0.4499193551,0.69140625,0.1020508762,0,0
0.009375,337.65,0.4535536198,0.69140625,0.1018492081,0,0
0.01,337.65,0.4567664305,0.69140625,0.1016484414,0,0
0.010625,337.65,0.4596269894,0.69140625,0.1014517424,0,0
0.01125,337.65,0.4621901527,0.69140625,0.1012609999,0,0
0.011875,337.65,0.46449996,0.69140625,0.1010772788,0,0
0.0125,337.65,0.4665921733,0.69140625,0.1009011099,0,0
0.013125,337.65,0.4684961318,0.69140625,0.1007326786,0,0
0.01375,337.65,0.4702361315,0.69140625,0.1005719481,0,0
0.014375,337.65,0.4718324627,0.69140625,0.1004187414,0,0
0.015,337.65,0.4733022027,0.69140625,0.1002727959,0,0
0.015625,337.65,0.4746598269,0.69140625,0.1001337997,0,0
0.01625,337.65,0.475917686,0.69140625,0.100001416,0,0
0.016875,337.65,0.4770863818,0.69140625,0.09987529871,0,0
0.0175,337.65,0.4781750661,0.69140625,0.09975510385,0,0
0.018125,337.65,0.47919168,0.69140625,0.09964049569,0,0
0.01875,337.65,0.4801431481,0.69140625,0.0995311512,0,0
0.019375,337.65,0.4810355356,0.69140625,0.09942676248,0,0
0.02,337.65,0.4818741777,0.69140625,0.09932703803,0,0
0.020625,337.65,0.4826637863,0.69140625,0.09923170322,0,0
0.02125,337.65,0.4834085382,0.69140625,0.09914050015,0,0
0.021875,337.65,0.4841121491,0.69140625,0.09905318729,0,0
0.0225,337.65,0.4847779356,0.69140625,0.09896953877,0,0
0.023125,337.65,0.485408867,0.69140625,0.09888934367,0,0
0.02375,337.65,0.48600761,0.69140625,0.09881240512,0,0
0.024375,337.65,0.4865765659,0.69140625,0.09873853944,0,0
0.025,337.65,0.4871179031,0.69140625,0.09866757531,0,0
0.025625,337.65,0.4876335847,0.69140625,0.0985993529,0,0
0.02625,337.65,0.4881253918,0.69140625,0.09853372307,0,0
0.026875,337.65,0.4885949446,0.69140625,0.0984705466,0,0
0.0275,337.65,0.48904372,0.69140625,0.09840969348,0,0
0.028125,337.65,0.4894730669,0.69140625,0.09835104224,0,0
0.02875,337.65,0.4898842201,0.69140625,0.09829447931,0,0
0.029375,337.65,0.4902783117,0.69140625,0.09823989844,0,0
0.03,337.65,0.4906563822,0.69140625,0.09818720016,0,0
0.030625,337.65,0.4910193888,0.69140625,0.0981362913,0,0
0.03125,337.65,0.4913682141,0.69140625,0.0980870845,0,0
0.031875,337.65,0.4917036731,0.69140625,0.09803949782,0,0
0.0325,337.65,0.4920265196,0.69140625,0.09799345431,0,0
0.033125,337.65,0.4923374516,0.69140625,0.09794888169,0,0
0.03375,337.65,0.4926371167,0.69140625,0.09790571199,0,0
0.034375,337.65,0.4929261162,0.69140625,0.09786388126,0,0
0.035,337.65,0.4932050096,0.69140625,0.09782332927,0,0
0.035625,337.65,0.4934743178,0.69140625,0.09778399929,0,0
0.03625,337.65,0.4937345265,0.69140625,0.09774583779,0,0
0.036875,337.65,0.4939860893,0.69140625,0.09770879429,0,0
0.0375,337.65,0.4942294299,0.69140625,0.0976728211,0,0
0.038125,337.65,0.494464945,0.69140625,0.09763787315,0,0
0.03875,337.65,0.494693006,0.69140625,0.09760390782,0,0
0.039375,337.65,0.4949139613,0.69140625,0.0975708848,0,0
0.04,337.65,0.4951281378,0.69140625,0.0975387659,0,0
0.040625,337.65,0.4953358427,0.69140625,0.09750751494,0,0
0.04125,337.65,0.4955373651,0.69140625,0.09747709762,0,0
0.041875,337.65,0.4957329768,0.69140625,0.09744748138,0,0
0.0425,337.65,0.4959229341,0.69140625,0.09741863534,0,0
0.043125,337.65,0.4961074787,0.69140625,0.09739053015,0,0
0.04375,337.65,0.4962868386,0.69140625,0.09736313791,0,0
0.044375,337.65,0.4964612294,0.69140625,0.09733643209,0,0
0.045,337.65,0.4966308546,0.69140625,0.09731038746,0,0
0.045625,337.65,0.496795907,0.69140625,0.09728497997,0,0
0.04625,337.65,0.4969565691,0.69140625,0.09726018673,0,0
0.046875,337.65,0.4971130136,0.69140625,0.09723598592,0,0
0.0475,337.65,0.4972654045,0.69140625,0.09721235673,0,0
0.048125,337.65,0.4974138973,0.69140625,0.0971892793,0,0
0.04875,337.65,0.4975586397,0.69140625,0.09716673468,0,0
0.049375,337.65,0.497699772,0.69140625,0.09714470475,0,0
0.05,337.65,0.4978374275,0.69140625,0.09712317222,0,0
0.050625,337.65,0.4979717333,0.69140625,0.09710212054,0,0
0.05125,337.65,0.49810281,0.69140625,0.0970815339,0,0
0.051875,337.65,0.4982307728,0.69140625,0.09706139716,0,0
0.0525,337.65,0.4983557313,0.69140625,0.09704169581,0,0
0.053125,337.65,0.49847779,0.69140625,0.09702241597,0,0
0.05375,337.65,0.4985970488,0.69140625,0.09700354435,0,0
0.054375,337.65,0.4987136028,0.69140625,0.09698506819,0,0
0.055,337.65,0.4988275432,0.69140625,0.09696697525,0,0
0.055625,337.65,0.4989389567,0.69140625,0.0969492538,0,0
0.05625,337.65,0.4990479266,0.69140625,0.09693189258,0,0
0.056875,337.65,0.4991545323,0.69140625,0.09691488078,1,1
0.0575,337.65,0.49925885,0.69140625,0.09689820799,1,1
0.058125,337.65,0.4993609525,0.69140625,0.09688186424,1,1
0.05875,337.65,0.4994609097,0.69140625,0.09686583994,1,1
0.059375,337.65,0.4995587885,0.69140625,0.09685012584,1,1
0.06,337.65,0.4996546529,0.69140625,0.09683471306,1,1
0.060625,337.65,0.4997485647,0.69140625,0.09681959307,1,1
0.06125,337.65,0.4998405827,0.69140625,0.09680475764,1,1
0.061875,337.65,0.4999307638,0.69140625,0.09679019884,1,1
0.0625,337.65,0.5000191623,0.69140625,0.09677590903,1,1
0.063125,337.65,0.5001058307,0.69140625,0.09676188087,1,1
0.06375,337.65,0.5001908192,0.69140625,0.09674810725,1,1
0.064375,337.65,0.5002741762,0.69140625,0.09673458134,1,1
0.065,337.65,0.5003559483,0.69140625,0.09672129655,1,1
0.065625,337.65,0.5004361801,0.69140625,0.0967082465,1,1
0.06625,337.65,0.5005149148,0.69140625,0.09669542505,1,1
0.066875,337.65,0.500592194,0.69140625,0.09668282627,1,1
0.0675,337.65,0.5006680576,0.69140625,0.09667044442,1,1
0.068125,337.65,0.5007425441,0.69140625,0.09665827398,1,1
0.06875,337.65,0.5008156908,0.69140625,0.09664630959,1,1
0.069375,337.65,0.5008875334,0.69140625,0.09663454608,1,1
0.07,337.65,0.5009581065,0.69140625,0.09662297844,1,1
0.070625,337.65,0.5010274434,0.69140625,0.09661160185,1,1
0.07125,337.65,0.5010955765,0.69140625,0.09660041162,1,1
0.071875,337.65,0.5011625366,0.69140625,0.09658940322,1,1
0.0725,337.65,0.501228354,0.69140625,0.09657857228,1,1
0.073125,337.65,0.5012930575,0.69140625,0.09656791454,1,1
0.07375,337.65,0.5013566752,0.69140625,0.09655742589,1,1
0.074375,337.65,0.5014192342,0.69140625,0.09654710237,1,1
0.075,337.65,0.5014807608,0.69140625,0.0965369401,1,1
0.075625,337.65,0.5015412802,0.69140625,0.09652693534,1,1
0.07625,337.65,0.5016008171,0.69140625,0.09651708449,1,1
0.076875,337.65,0.5016593951,0.69140625,0.09650738401,1,1
0.0775,337.65,0.5017170372,0.69140625,0.0964978305,1,1
0.078125,337.65,0.5017737656,0.69140625,0.09648842066,1,1
0.07875,337.65,0.501829602,0.69140625,0.09647915127,1,1
0.079375,337.65,0.5018845672,0.69140625,0.09647001922,1,1
0.08,337.65,0.5019386814,0.69140625,0.09646102149,1,1
0.005625,338.15,0.4187470934,0.6875,0.1028290552,0,0
0.00625,338.15,0.4265040845,0.6875,0.1028298347,0,0
0.006875,338.15,0.4329983043,0.6875,0.102743476,0,0
0.0075,338.15,0.4385140884,0.6875,0.102606509,0,0
0.008125,338.15,0.4432565794,0.6875,0.1024411723,0,0
0.00875,338.15,0.4473774379,0.6875,0.1022612346,0,0
0.009375,338.15,0.4509911699,0.6875,0.1020753072,0,0
0.01,338.15,0.4541858292,0.6875,0.1018887891,0,0
0.010625,338.15,0.4570302268,0.6875,0.1017050431,0,0
0.01125,338.15,0.4595789089,0.6875,0.1015261229,0,0
0.011875,338.15,0.4618756665,0.6875,0.1013532323,0,0
0.0125,338.15,0.4639560593,0.6875,0.1011870198,0,0
0.013125,338.15,0.465849261,0.6875,0.1010277707,0,0
0.01375,338.15,0.4675794302,0.6875,0.1008755339,0,0
0.014375,338.15,0.4691667426,0.6875,0.1007302062,0,0
0.015,338.15,0.470628179,0.6875,0.1005915886,0,0
0.015625,338.15,0.471978133,0.6875,0.1004594244,0,0
0.01625,338.15,0.4732288855,0.6875,0.1003334251,0,0
0.016875,338.15,0.4743909785,0.6875,0.1002132869,0,0
0.0175,338.15,0.475473512,0.6875,0.1000987029,0,0
0.018125,338.15,0.4764843824,0.6875,0.09998937004,0,0
0.01875,338.15,0.477430475,0.6875,0.09988499444,0,0
0.019375,338.15,0.4783178207,0.6875,0.09978529395,0,0
0.02,338.15,0.4791517247,0.6875,0.09969000007,0,0
0.020625,338.15,0.4799368722,0.6875,0.09959885871,0,0
0.02125,338.15,0.4806774165,0.6875,0.09951163044,0,0
0.021875,338.15,0.4813770523,0.6875,0.0994280903,0,0
0.0225,338.15,0.4820390772,0.6875,0.09934802741,0,0
0.023125,338.15,0.4826664441,0.6875,0.09927124436,0,0
0.02375,338.15,0.4832618043,0.6875,0.09919755653,0,0
0.024375,338.15,0.4838275457,0.6875,0.0991267914,0,0
0.025,338.15,0.4843658246,0.6875,0.09905878777,0,0
0.025625,338.15,0.4848785927,0.6875,0.09899339507,0,0
0.02625,338.15,0.4853676212,0.6875,0.0989304726,0,0
0.026875,338.15,0.4858345212,0.6875,0.0988698889,0,0
0.0275,338.15,0.4862807611,0.6875,0.09881152106,0,0
0.028125,338.15,0.4867076823,0.6875,0.09875525414,0,0
0.02875,338.15,0.4871165126,0.6875,0.09870098058,0,0
0.029375,338.15,0.4875083778,0.6875,0.09864859969,0,0
0.03,338.15,0.4878843122,0.6875,0.09859801711,0,0
0.030625,338.15,0.4882452679,0.6875,0.09854914442,0,0
0.03125,338.15,0.4885921225,0.6875,0.09850189865,0,0
0.031875,338.15,0.4889256863,0.6875,0.09845620193,0,0
0.0325,338.15,0.4892467088,0.6875,0.09841198111,0,0
0.033125,338.15,0.4895558841,0.6875,0.09836916743,0,0
0.03375,338.15,0.4898538561,0.6875,0.09832769619,0,0
0.034375,338.15,0.4901412229,0.6875,0.09828750651,0,0
0.035,338.15,0.4904185406,0.6875,0.09824854102,0,0
0.035625,338.15,0.4906863273,0.6875,0.09821074566,0,0
0.03625,338.15,0.4909450659,0.6875,0.0981740694,0,0
0.036875,338.15,0.4911952074,0.6875,0.09813846409,0,0
0.0375,338.15,0.4914371732,0.6875,0.09810388425,0,0
0.038125,338.15,0.4916713577,0.6875,0.09807028688,0,0
0.03875,338.15,0.4918981303,0.6875,0.09803763128,0,0
0.039375,338.15,0.4921178372,0.6875,0.09800587898,0,0
0.04,338.15,0.4923308037,0.6875,0.09797499349,0,0
0.040625,338.15,0.4925373351,0.6875,0.09794494025,0,0
0.04125,338.15,0.4927377189,0.6875,0.09791568649,0,0
0.041875,338.15,0.4929322255,0.6875,0.0978872011,0,0
0.0425,338.15,0.4931211096,0.6875,0.09785945453,0,0
0.043125,338.15,0.4933046116,0.6875,0.09783241874,0,0
0.04375,338.15,0.4934829582,0.6875,0.09780606704,0,0
0.044375,338.15,0.4936563637,0.6875,0.09778037406,0,0
0.045,338.15,0.4938250306,0.6875,0.09775531564,0,0
0.045625,338.15,0.4939891505,0.6875,0.09773086878,0,0
0.04625,338.15,0.4941489048,0.6875,0.09770701158,0,0
0.046875,338.15,0.4943044655,0.6875,0.09768372313,0,0
0.0475,338.15,0.4944559954,0.6875,0.09766098352,0,0
0.048125,338.15,0.4946036493,0.6875,0.09763877373,0,0
0.04875,338.15,0.4947475739,0.6875,0.0976170756,0,0
0.049375,338.15,0.4948879089,0.6875,0.0975958718,0,0
0.05,338.15,0.4950247867,0.6875,0.09757514574,0,0
0.050625,338.15,0.4951583337,0.6875,0.09755488158,0,0
0.05125,338.15,0.4952886698,0.6875,0.09753506415,0,0
0.051875,338.15,0.4954159097,0.6875,0.09751567895,0,0
0.0525,338.15,0.4955401622,0.6875,0.09749671209,0,0
0.053125,338.15,0.4956615313,0.6875,0.09747815024,0,0
0.05375,338.15,0.4957801163,0.6875,0.09745998067,0,0
0.054375,338.15,0.4958960119,0.6875,0.09744219113,0,0
0.055,338.15,0.4960093085,0.6875,0.09742476991,0,0
0.055625,338.15,0.4961200926,0.6875,0.09740770574,0,0
0.05625,338.15,0.4962284468,0.6875,0.09739098782,0,0
0.056875,338.15,0.4963344502,0.6875,0.09737460578,1,1
0.0575,338.15,0.4964381785,0.6875,0.09735854965,1,1
0.058125,338.15,0.4965397042,0.6875,0.09734280985,1,1
0.05875,338.15,0.4966390967,0.6875,0.09732737717,1,1
0.059375,338.15,0.4967364224,0.6875,0.09731224276,1,1
0.06,338.15,0.4968317453,0.6875,0.09729739808,1,1
0.060625,338.15,0.4969251264,0.6875,0.09728283494,1,1
0.06125,338.15,0.4970166246,0.6875,0.09726854545,1,1
0.061875,338.15,0.4971062962,0.6875,0.09725452199,1,1
0.0625,338.15,0.4971941953,0.6875,0.09724075723,1,1
0.063125,338.15,0.4972803741,0.6875,0.09722724412,1,1
0.06375,338.15,0.4973648824,0.6875,0.09721397585,1,1
0.064375,338.15,0.4974477685,0.6875,0.09720094584,1,1
0.065,338.15,0.4975290785,0.6875,0.09718814776,1,1
0.065625,338.15,0.497608857,0.6875,0.09717557551,1,1
0.06625,338.15,0.497687147,0.6875,0.09716322316,1,1
0.066875,338.15,0.4977639895,0.6875,0.09715108504,1,1
0.0675,338.15,0.4978394245,0.6875,0.09713915563,1,1
0.068125,338.15,0.4979134902,0.6875,0.09712742962,1,1
0.06875,338.15,0.4979862236,0.6875,0.09711590186,1,1
0.069375,338.15,0.4980576603,0.6875,0.09710456739,1,1
0.07,338.15,0.4981278347,0.6875,0.09709342141,1,1
0.070625,338.15,0.4981967799,0.6875,0.09708245926,1,1
0.07125,338.15,0.498264528,0.6875,0.09707167644,1,1
0.071875,338.15,0.4983311099,0.6875,0.09706106862,1,1
0.0725,338.15,0.4983965554,0.6875,0.09705063157,1,1
0.073125,338.15,0.4984608933,0.6875,0.09704036122,1,1
0.07375,338.15,0.4985241516,0.6875,0.09703025362,1,1
0.074375,338.15,0.4985863572,0.6875,0.09702030494,1,1
0.075,338.15,0.4986475362,0.6875,0.09701051147,1,1
0.075625,338.15,0.4987077137,0.6875,0.09700086962,1,1
0.07625,338.15,0.4987669142,0.6875,0.0969913759,1,1
0.076875,338.15,0.4988251612,0.6875,0.09698202694,1,1
0.0775,338.15,0.4988824776,0.6875,0.09697281946,1,1
0.078125,338.15,0.4989388856,0.6875,0.09696375028,1,1
0.07875,338.15,0.4989944065,0.6875,0.09695481631,1,1
0.079375,338.15,0.4990490612,0.6875,0.09694601457,1,1
0.08,338.15,0.4991028696,0.6875,0.09693734214,1,1
0.005625,338.65,0.4163678485,0.68359375,0.1029188106,0,0
0.00625,338.65,0.4240807659,0.68359375,0.1029470366,0,0
0.006875,338.65,0.4305380866,0.68359375,0.1028849225,0,0
0.0075,338.65,0.4360225311,0.68359375,0.1027694786,0,0
0.008125,338.65,0.4407380761,0.68359375,0.1026233471,0,0
0.00875,338.65,0.4448355206,0.68359375,0.1024606333,0,0
0.009375,338.65,0.4484287201,0.68359375,0.1022902272,0,0
0.01,338.65,0.4516052279,0.68359375,0.1021177601,0,0
0.010625,338.65,0.4544334641,0.68359375,0.1019467884,0,0
0.01125,338.65,0.4569676651,0.68359375,0.1017795281,0,0
0.011875,338.65,0.4592513729,0.68359375,0.1016173196,0,0
0.0125,338.65,0.4613199453,0.68359375,0.1014609274,0,0
0.013125,338.65,0.4632023902,0.68359375,0.1013107353,0,0
0.01375,338.65,0.4649227289,0.68359375,0.1011668767,0,0
0.014375,338.65,0.4665010225,0.68359375,0.101029321,0,0
0.015,338.65,0.4679541552,0.68359375,0.1008979319,0,0
0.015625,338.65,0.469296439,0.68359375,0.1007725073,0,0
0.01625,338.65,0.470540085,0.68359375,0.1006528061,0,0
0.016875,338.65,0.4716955752,0.68359375,0.1005385663,0,0
0.0175,338.65,0.472771958,0.68359375,0.1004295175,0,0
0.018125,338.65,0.4737770848,0.68359375,0.1003253889,0,0
0.01875,338.65,0.4747178018,0.68359375,0.1002259154,0,0
0.019375,338.65,0.4756001058,0.68359375,0.1001308401,0,0
0.02,338.65,0.4764292717,0.68359375,0.1000399173,0,0
0.020625,338.65,0.4772099582,0.68359375,0.09995291311,0,0
0.02125,338.65,0.4779462948,0.68359375,0.09986960634,0,0
0.021875,338.65,0.4786419554,0.68359375,0.09978978838,0,0
0.0225,338.65,0.4793002188,0.68359375,0.09971326309,0,0
0.023125,338.65,0.4799240211,0.68359375,0.09963984642,0,0
0.02375,338.65,0.4805159986,0.68359375,0.09956936583,0,0
0.024375,338.65,0.4810785256,0.68359375,0.09950165979,0,0
0.025,338.65,0.481613746,0.68359375,0.0994365771,0,0
0.025625,338.65,0.4821236007,0.68359375,0.0993739763,0,0
0.02625,338.65,0.4826098506,0.68359375,0.09931372504,0,0
0.026875,338.65,0.4830740978,0.68359375,0.0992556995,0,0
0.0275,338.65,0.4835178022,0.68359375,0.09919978378,0,0
0.028125,338.65,0.4839422978,0.68359375,0.09914586938,0,0
0.02875,338.65,0.4843488051,0.68359375,0.09909385467,0,0
0.029375,338.65,0.4847384438,0.68359375,0.09904364443,0,0
0.03,338.65,0.4851122423,0.68359375,0.09899514936,0,0
0.030625,338.65,0.4854711471,0.68359375,0.09894828571,0,0
0.03125,338.65,0.4858160309,0.68359375,0.09890297486,0,0
0.031875,338.65,0.4861476994,0.68359375,0.09885914295,0,0
0.0325,338.65,0.4864668979,0.68359375,0.09881672056,0,0
0.033125,338.65,0.4867743166,0.68359375,0.0987756424,0,0
0.03375,338.65,0.4870705956,0.68359375,0.09873584703,0,0
0.034375,338.65,0.4873563296,0.68359375,0.09869727658,0,0
0.035,338.65,0.4876320716,0.68359375,0.0986598765,0,0
0.035625,338.65,0.4878983368,0.68359375,0.09862359534,0,0
0.03625,338.65,0.4881556053,0.68359375,0.09858838458,0,0
0.036875,338.65,0.4884043256,0.68359375,0.09855419836,0,0
0.0375,338.65,0.4886449166,0.68359375,0.09852099336,0,0
0.038125,338.65,0.4888777705,0.68359375,0.09848872862,0,0
0.03875,338.65,0.4891032545,0.68359375,0.09845736536,0,0
0.039375,338.65,0.4893217131,0.68359375,0.09842686689,0,0
0.04,338.65,0.4895334695,0.68359375,0.09839719843,0,0
0.040625,338.65,0.4897388276,0.68359375,0.09836832702,0,0
0.04125,338.65,0.4899380728,0.68359375,0.09834022138,0,0
0.041875,338.65,0.4901314742,0.68359375,0.09831285181,0,0
0.0425,338.65,0.4903192851,0.68359375,0.09828619014,0,0
0.043125,338.65,0.4905017444,0.68359375,0.09826020956,0,0
0.04375,338.65,0.4906790777,0.68359375,0.0982348846,0,0
0.044375,338.65,0.490851498,0.68359375,0.09821019101,0,0
0.045,338.65,0.4910192065,0.68359375,0.09818610572,0,0
0.045625,338.65,0.491182394,0.68359375,0.09816260676,0,0
0.04625,338.65,0.4913412406,0.68359375,0.09813967317,0,0
0.046875,338.65,0.4914959174,0.68359375,0.09811728499,0,0
0.0475,338.65,0.4916465863,0.68359375,0.09809542317,0,0
0.048125,338.65,0.4917934013,0.68359375,0.09807406951,0,0
0.04875,338.65,0.4919365082,0.68359375,0.09805320667,0,0
0.049375,338.65,0.4920760457,0.68359375,0.09803281803,0,0
0.05,338.65,0.4922121459,0.68359375,0.09801288776,0,0
0.050625,338.65,0.492344934,0.68359375,0.09799340068,0,0
0.05125,338.65,0.4924745297,0.68359375,0.09797434228,0,0
0.051875,338.65,0.4926010465,0.68359375,0.09795569867,0,0
0.0525,338.65,0.4927245931,0.68359375,0.09793745655,0,0
0.053125,338.65,0.4928452726,0.68359375,0.09791960319,0,0
0.05375,338.65,0.4929631838,0.68359375,0.09790212636,0,0
0.054375,338.65,0.4930784209,0.68359375,0.09788501436,0,0
0.055,338.65,0.4931910738,0.68359375,0.09786825595,0,0
0.055625,338.65,0.4933012284,0.68359375,0.09785184036,0,0
0.05625,338.65,0.493408967,0.68359375,0.09783575722,0,0
0.056875,338.65,0.4935143681,0.68359375,0.09781999661,1,1
0.0575,338.65,0.4936175071,0.68359375,0.09780454897,1,1
0.058125,338.65,0.4937184559,0.68359375,0.09778940512,1,1
0.05875,338.65,0.4938172836,0.68359375,0.09777455624,1,1
0.059375,338.65,0.4939140564,0.68359375,0.09775999383,1,1
0.06,338.65,0.4940088376,0.68359375,0.09774570973,1,1
0.060625,338.65,0.4941016882,0.68359375,0.09773169608,1,1
0.06125,338.65,0.4941926665,0.68359375,0.0977179453,1,1
0.061875,338.65,0.4942818286,0.68359375,0.09770445009,1,1
0.0625,338.65,0.4943692283,0.68359375,0.09769120344,1,1
0.063125,338.65,0.4944549174,0.68359375,0.09767819857,1,1
0.06375,338.65,0.4945389456,0.68359375,0.09766542895,1,1
0.064375,338.65,0.4946213607,0.68359375,0.09765288828,1,1
0.065,338.65,0.4947022087,0.68359375,0.09764057049,1,1
0.065625,338.65,0.494781534,0.68359375,0.0976284697,1,1
0.06625,338.65,0.4948593791,0.68359375,0.09761658026,1,1
0.066875,338.65,0.494935785,0.68359375,0.0976048967,1,1
0.0675,338.65,0.4950107914,0.68359375,0.09759341374,1,1
0.068125,338.65,0.4950844363,0.68359375,0.09758212628,1,1
0.06875,338.65,0.4951567564,0.68359375,0.09757102938,1,1
0.069375,338.65,0.4952277872,0.68359375,0.09756011828,1,1
0.07,338.65,0.4952975629,0.68359375,0.09754938837,1,1
0.070625,338.65,0.4953661164,0.68359375,0.09753883518,1,1
0.07125,338.65,0.4954334796,0.68359375,0.0975284544,1,1
0.071875,338.65,0.4954996831,0.68359375,0.09751824185,1,1
0.0725,338.65,0.4955647567,0.68359375,0.0975081935,1,1
0.073125,338.65,0.4956287291,0.68359375,0.09749830541,1,1
0.07375,338.65,0.495691628,0.68359375,0.09748857381,1,1
0.074375,338.65,0.4957534802,0.68359375,0.09747899502,1,1
0.075,338.65,0.4958143115,0.68359375,0.09746956547,1,1
0.075625,338.65,0.4958741471,0.68359375,0.09746028173,1,1
0.07625,338.65,0.4959330112,0.68359375,0.09745114043,1,1
0.076875,338.65,0.4959909273,0.68359375,0.09744213834,1,1
0.0775,338.65,0.4960479181,0.68359375,0.09743327231,1,1
0.078125,338.65,0.4961040056,0.68359375,0.09742453929,1,1
0.07875,338.65,0.496159211,0.68359375,0.09741593631,1,1
0.079375,338.65,0.4962135551,0.68359375,0.0974074605,1,1
0.08,338.65,0.4962670579,0.68359375,0.09739910907,1,1
0.005625,339.15,0.4139886037,0.6796875,0.1029992343,0,0
0.00625,339.15,0.4216574472,0.6796875,0.1030545009,0,0
0.006875,339.15,0.428077869,0.6796875,0.1030162786,0,0
0.0075,339.15,0.4335309737,0.6796875,0.102922048,0,0
0.008125,339.15,0.4382195728,0.6796875,0.1027948482,0,0
0.00875,339.15,0.4422936033,0.6796875,0.1026491146,0,0
0.009375,339.15,0.4458662703,0.6796875,0.1024940118,0,0
0.01,339.15,0.4490246266,0.6796875,0.1023353993,0,0
0.010625,339.15,0.4518367015,0.6796875,0.102177024,0,0
0.01125,339.15,0.4543564212,0.6796875,0.1020212619,0,0
0.011875,339.15,0.4566270793,0.6796875,0.101869588,0,0
0.0125,339.15,0.4586838313,0.6796875,0.1017228807,0,0
0.013125,339.15,0.4605555194,0.6796875,0.1015816212,0,0
0.01375,339.15,0.4622660276,0.6796875,0.1014460259,0,0
0.014375,339.15,0.4638353024,0.6796875,0.1013161358,0,0
0.015,339.15,0.4652801315,0.6796875,0.1011918765,0,0
0.015625,339.15,0.4666147451,0.6796875,0.1010730996,0,0
0.01625,339.15,0.4678512845,0.6796875,0.1009596107,0,0
0.016875,339.15,0.4690001719,0.6796875,0.1008511891,0,0
0.0175,339.15,0.4700704039,0.6796875,0.1007476002,0,0
0.018125,339.15,0.4710697871,0.6796875,0.1006486054,0,0
0.01875,339.15,0.4720051286,0.6796875,0.1005539674,0,0
0.019375,339.15,0.4728823909,0.6796875,0.1004634547,0,0
0.02,339.15,0.4737068187,0.6796875,0.1003768438,0,0
0.020625,339.15,0.4744830441,0.6796875,0.1002939209,0,0
0.02125,339.15,0.4752151731,0.6796875,0.1002144826,0,0
0.021875,339.15,0.4759068585,0.6796875,0.1001383366,0,0
0.0225,339.15,0.4765613604,0.6796875,0.1000653011,0,0
0.023125,339.15,0.4771815981,0.6796875,0.09999520544,0,0
0.02375,339.15,0.4777701929,0.6796875,0.09992788887,0,0
0.024375,339.15,0.4783295054,0.6796875,0.09986320071,0,0
0.025,339.15,0.4788616675,0.6796875,0.09980099962,0,0
0.025625,339.15,0.4793686086,0.6796875,0.09974115316,0,0
0.02625,339.15,0.4798520801,0.6796875,0.09968353718,0,0
0.026875,339.15,0.4803136744,0.6796875,0.09962803541,0,0
0.0275,339.15,0.4807548434,0.6796875,0.09957453885,0,0
0.028125,339.15,0.4811769132,0.6796875,0.09952294535,0,0
0.02875,339.15,0.4815810977,0.6796875,0.09947315915,0,0
0.029375,339.15,0.4819685098,0.6796875,0.09942509041,0,0
0.03,339.15,0.4823401723,0.6796875,0.09937865484,0,0
0.030625,339.15,0.4826970263,0.6796875,0.09933377328,0,0
0.03125,339.15,0.4830399393,0.6796875,0.09929037138,0,0
0.031875,339.15,0.4833697126,0.6796875,0.09924837927,0,0
0.0325,339.15,0.4836870871,0.6796875,0.0992077312,0,0
0.033125,339.15,0.4839927491,0.6796875,0.09916836531,0,0
0.03375,339.15,0.484287335,0.6796875,0.09913022335,0,0
0.034375,339.15,0.4845714363,0.6796875,0.09909325043,0,0
0.035,339.15,0.4848456026,0.6796875,0.09905739478,0,0
0.035625,339.15,0.4851103463,0.6796875,0.09902260757,0,0
0.03625,339.15,0.4853661447,0.6796875,0.09898884267,0,0
0.036875,339.15,0.4856134437,0.6796875,0.09895605654,0,0
0.0375,339.15,0.4858526599,0.6796875,0.09892420798,0,0
0.038125,339.15,0.4860841832,0.6796875,0.09889325804,0,0
0.03875,339.15,0.4863083788,0.6796875,0.09886316983,0,0
0.039375,339.15,0.486525589,0.6796875,0.09883390843,0,0
0.04,339.15,0.4867361354,0.6796875,0.09880544073,0,0
0.040625,339.15,0.48694032,0.6796875,0.09877773533,0,0
0.04125,339.15,0.4871384267,0.6796875,0.09875076245,0,0
0.041875,339.15,0.4873307229,0.6796875,0.09872449381,0,0
0.0425,339.15,0.4875174606,0.6796875,0.09869890252,0,0
0.043125,339.15,0.4876988773,0.6796875,0.09867396305,0,0
0.04375,339.15,0.4878751973,0.6796875,0.0986496511,0,0
0.044375,339.15,0.4880466323,0.6796875,0.09862594356,0,0
0.045,339.15,0.4882133825,0.6796875,0.09860281841,0,0
0.045625,339.15,0.4883756374,0.6796875,0.09858025467,0,0
0.04625,339.15,0.4885335764,0.6796875,0.09855823237,0,0
0.046875,339.15,0.4886873693,0.6796875,0.09853673243,0,0
0.0475,339.15,0.4888371773,0.6796875,0.09851573667,0,0
0.048125,339.15,0.4889831533,0.6796875,0.09849522773,0,0
0.04875,339.15,0.4891254424,0.6796875,0.09847518901,0,0
0.049375,339.15,0.4892641826,0.6796875,0.09845560466,0,0
0.05,339.15,0.489399505,0.6796875,0.09843645955,0,0
0.050625,339.15,0.4895315344,0.6796875,0.09841773918,0,0
0.05125,339.15,0.4896603895,0.6796875,0.09839942967,0,0
0.051875,339.15,0.4897861834,0.6796875,0.09838151776,0,0
0.0525,339.15,0.4899090239,0.6796875,0.09836399073,0,0
0.053125,339.15,0.4900290139,0.6796875,0.09834683639,0,0
0.05375,339.15,0.4901462513,0.6796875,0.09833004307,0,0
0.054375,339.15,0.4902608299,0.6796875,0.09831359956,0,0
0.055,339.15,0.4903728391,0.6796875,0.09829749513,0,0
0.055625,339.15,0.4904823642,0.6796875,0.09828171946,0,0
0.05625,339.15,0.4905894872,0.6796875,0.09826626264,0,0
0.056875,339.15,0.490694286,0.6796875,0.09825111517,1,1
0.0575,339.15,0.4907968356,0.6796875,0.09823626791,1,1
0.058125,339.15,0.4908972076,0.6796875,0.09822171207,1,1
0.05875,339.15,0.4909954706,0.6796875,0.0982074392,1,1
0.059375,339.15,0.4910916904,0.6796875,0.09819344118,1,1
0.06,339.15,0.49118593,0.6796875,0.09817971018,1,1
0.060625,339.15,0.49127825,0.6796875,0.09816623868,1,1
0.06125,339.15,0.4913687084,0.6796875,0.09815301943,1,1
0.061875,339.15,0.491457361,0.6796875,0.09814004545,1,1
0.0625,339.15,0.4915442613,0.6796875,0.09812731,1,1
0.063125,339.15,0.4916294607,0.6796875,0.0981148066,1,1
0.06375,339.15,0.4917130087,0.6796875,0.09810252899,1,1
0.064375,339.15,0.4917949529,0.6796875,0.09809047113,1,1
0.065,339.15,0.491875339,0.6796875,0.09807862722,1,1
0.065625,339.15,0.4919542109,0.6796875,0.09806699162,1,1
0.06625,339.15,0.4920316112,0.6796875,0.09805555892,1,1
0.066875,339.15,0.4921075805,0.6796875,0.09804432387,1,1
0.0675,339.15,0.4921821583,0.6796875,0.09803328141,1,1
0.068125,339.15,0.4922553824,0.6796875,0.09802242666,1,1
0.06875,339.15,0.4923272892,0.6796875,0.09801175488,1,1
0.069375,339.15,0.4923979142,0.6796875,0.09800126151,1,1
0.07,339.15,0.4924672911,0.6796875,0.09799094213,1,1
0.070625,339.15,0.4925354529,0.6796875,0.09798079245,1,1
0.07125,339.15,0.4926024311,0.6796875,0.09797080835,1,1
0.071875,339.15,0.4926682563,0.6796875,0.09796098582,1,1
0.0725,339.15,0.4927329581,0.6796875,0.09795132097,1,1
0.073125,339.15,0.492796565,0.6796875,0.09794181007,1,1
0.07375,339.15,0.4928591044,0.6796875,0.09793244946,1,1
0.074375,339.15,0.4929206031,0.6796875,0.09792323563,1,1
0.075,339.15,0.4929810869,0.6796875,0.09791416517,1,1
0.075625,339.15,0.4930405806,0.6796875,0.09790523476,1,1
0.07625,339.15,0.4930991083,0.6796875,0.09789644119,1,1
0.076875,339.15,0.4931566935,0.6796875,0.09788778135,1,1
0.0775,339.15,0.4932133586,0.6796875,0.09787925223,1,1
0.078125,339.15,0.4932691255,0.6796875,0.09787085089,1,1
0.07875,339.15,0.4933240155,0.6796875,0.0978625745,1,1
0.079375,339.15,0.4933780491,0.6796875,0.09785442028,1,1
0.08,339.15,0.4934312461,0.6796875,0.09784638558,1,1
0.005625,339.65,0.4116093588,0.67578125,0.1030703604,0,0
0.00625,339.65,0.4192341285,0.67578125,0.1031522639,0,0
0.006875,339.65,0.4256176513,0.67578125,0.1031375819,0,0
0.0075,339.65,0.4310394164,0.67578125,0.1030642567,0,0
0.008125,339.65,0.4357010695,0.67578125,0.1029557163,0,0
0.00875,339.65,0.4397516861,0.67578125,0.1028267207,0,0
0.009375,339.65,0.4433038204,0.67578125,0.1026867042,0,0
0.01,339.65,0.4464440253,0.67578125,0.102541751,0,0
0.010625,339.65,0.4492399388,0.67578125,0.1023957954,0,0
0.01125,339.65,0.4517451774,0.67578125,0.1022513707,0,0
0.011875,339.65,0.4540027858,0.67578125,0.1021100846,0,0
0.0125,339.65,0.4560477174,0.67578125,0.1019729277,0,0
0.013125,339.65,0.4579086486,0.67578125,0.1018404769,0,0
0.01375,339.65,0.4596093263,0.67578125,0.1017130307,0,0
0.014375,339.65,0.4611695822,0.67578125,0.1015907005,0,0
0.015,339.65,0.4626061077,0.67578125,0.1014734727,0,0
0.015625,339.65,0.4639330511,0.67578125,0.1013612521,0,0
0.01625,339.65,0.465162484,0.67578125,0.1012538904,0,0
0.016875,339.65,0.4663047687,0.67578125,0.1011512071,0,0
0.0175,339.65,0.4673688499,0.67578125,0.1010530034,0,0
0.018125,339.65,0.4683624895,0.67578125,0.1009590721,0,0
0.01875,339.65,0.4692924555,0.67578125,0.1008692036,0,0
0.019375,339.65,0.470164676,0.67578125,0.1007831912,0,0
0.02,339.65,0.4709843658,0.67578125,0.1007008334,0,0
0.020625,339.65,0.4717561301,0.67578125,0.1006219361,0,0
0.02125,339.65,0.4724840514,0.67578125,0.1005463137,0,0
0.021875,339.65,0.4731717616,0.67578125,0.1004737896,0,0
0.0225,339.65,0.4738225021,0.67578125,0.1004041966,0,0
0.023125,339.65,0.4744391751,0.67578125,0.1003373767,0,0
0.02375,339.65,0.4750243872,0.67578125,0.1002731812,0,0
0.024375,339.65,0.4755804853,0.67578125,0.10021147,0,0
0.025,339.65,0.4761095889,0.67578125,0.1001521114,0,0
0.025625,339.65,0.4766136166,0.67578125,0.1000949819,0,0
0.02625,339.65,0.4770943095,0.67578125,0.1000399655,0,0
0.026875,339.65,0.477553251,0.67578125,0.09998695329,0,0
0.0275,339.65,0.4779918845,0.67578125,0.09993584313,0,0
0.028125,339.65,0.4784115287,0.67578125,0.09988653912,0,0
0.02875,339.65,0.4788133902,0.67578125,0.09983895127,0,0
0.029375,339.65,0.4791985759,0.67578125,0.09979299507,0,0
0.03,339.65,0.4795681024,0.67578125,0.09974859114,0,0
0.030625,339.65,0.4799229054,0.67578125,0.09970566487,0,0
0.03125,339.65,0.4802638477,0.67578125,0.09966414614,0,0
0.031875,339.65,0.4805917257,0.67578125,0.09962396896,0,0
0.0325,339.65,0.4809072762,0.67578125,0.09958507124,0,0
0.033125,339.65,0.4812111815,0.67578125,0.0995473945,0,0
0.03375,339.65,0.4815040745,0.67578125,0.09951088363,0,0
0.034375,339.65,0.4817865429,0.67578125,0.09947548668,0,0
0.035,339.65,0.4820591336,0.67578125,0.09944115463,0,0
0.035625,339.65,0.4823223558,0.67578125,0.0994078412,0,0
0.03625,339.65,0.4825766841,0.67578125,0.09937550268,0,0
0.036875,339.65,0.4828225618,0.67578125,0.09934409775,0,0
0.0375,339.65,0.4830604032,0.67578125,0.09931358735,0,0
0.038125,339.65,0.4832905959,0.67578125,0.09928393448,0,0
0.03875,339.65,0.483513503,0.67578125,0.09925510413,0,0
0.039375,339.65,0.483729465,0.67578125,0.09922706313,0,0
0.04,339.65,0.4839388013,0.67578125,0.09919978001,0,0
0.040625,339.65,0.4841418124,0.67578125,0.09917322492,0,0
0.04125,339.65,0.4843387805,0.67578125,0.09914736956,0,0
0.041875,339.65,0.4845299716,0.67578125,0.099122187,0,0
0.0425,339.65,0.4847156361,0.67578125,0.09909765169,0,0
0.043125,339.65,0.4848960102,0.67578125,0.09907373931,0,0
0.04375,339.65,0.4850713168,0.67578125,0.09905042675,0,0
0.044375,339.65,0.4852417666,0.67578125,0.09902769198,0,0
0.045,339.65,0.4854075585,0.67578125,0.09900551404,0,0
0.045625,339.65,0.4855688809,0.67578125,0.09898387295,0,0
0.04625,339.65,0.4857259121,0.67578125,0.09896274967,0,0
0.046875,339.65,0.4858788212,0.67578125,0.09894212603,0,0
0.0475,339.65,0.4860277682,0.67578125,0.09892198469,0,0
0.048125,339.65,0.4861729053,0.67578125,0.09890230909,0,0
0.04875,339.65,0.4863143766,0.67578125,0.09888308341,0,0
0.049375,339.65,0.4864523195,0.67578125,0.09886429255,0,0
0.05,339.65,0.4865868642,0.67578125,0.09884592204,0,0
0.050625,339.65,0.4867181348,0.67578125,0.09882795807,0,0
0.05125,339.65,0.4868462493,0.67578125,0.09881038739,0,0
0.051875,339.65,0.4869713203,0.67578125,0.09879319734,0,0
0.0525,339.65,0.4870934548,0.67578125,0.09877637578,0,0
0.053125,339.65,0.4872127552,0.67578125,0.09875991108,0,0
0.05375,339.65,0.4873293189,0.67578125,0.09874379208,0,0
0.054375,339.65,0.4874432389,0.67578125,0.09872800809,0,0
0.055,339.65,0.4875546044,0.67578125,0.09871254885,0,0
0.055625,339.65,0.4876635001,0.67578125,0.0986974045,0,0
0.05625,339.65,0.4877700074,0.67578125,0.09868256559,1,1
0.056875,339.65,0.4878742039,0.67578125,0.09866802303,1,1
0.0575,339.65,0.4879761641,0.67578125,0.09865376808,1,1
0.058125,339.65,0.4880759593,0.67578125,0.09863979234,1,1
0.05875,339.65,0.4881736575,0.67578125,0.09862608776,1,1
0.059375,339.65,0.4882693243,0.67578125,0.09861264654,1,1
0.06,339.65,0.4883630224,0.67578125,0.09859946122,1,1
0.060625,339.65,0.4884548118,0.67578125,0.0985865246,1,1
0.06125,339.65,0.4885447503,0.67578125,0.09857382975,1,1
0.061875,339.65,0.4886328934,0.67578125,0.09856136999,1,1
0.0625,339.65,0.4887192943,0.67578125,0.09854913887,1,1
0.063125,339.65,0.488804004,0.67578125,0.09853713021,1,1
0.06375,339.65,0.4888870719,0.67578125,0.098525338,1,1
0.064375,339.65,0.4889685451,0.67578125,0.09851375649,1,1
0.065,339.65,0.4890484692,0.67578125,0.0985023801,1,1
0.065625,339.65,0.4891268879,0.67578125,0.09849120345,1,1
0.06625,339.65,0.4892038433,0.67578125,0.09848022135,1,1
0.066875,339.65,0.4892793761,0.67578125,0.09846942879,1,1
0.0675,339.65,0.4893535252,0.67578125,0.09845882093,1,1
0.068125,339.65,0.4894263284,0.67578125,0.09844839308,1,1
0.06875,339.65,0.4894978221,0.67578125,0.09843814072,1,1
0.069375,339.65,0.4895680411,0.67578125,0.09842805948,1,1
0.07,339.65,0.4896370193,0.67578125,0.09841814512,1,1
0.070625,339.65,0.4897047894,0.67578125,0.09840839354,1,1
0.07125,339.65,0.4897713826,0.67578125,0.0983988008,1,1
0.071875,339.65,0.4898368296,0.67578125,0.09838936305,1,1
0.0725,339.65,0.4899011595,0.67578125,0.09838007657,1,1
0.073125,339.65,0.4899644008,0.67578125,0.09837093779,1,1
0.07375,339.65,0.4900265808,0.67578125,0.0983619432,1,1
0.074375,339.65,0.4900877261,0.67578125,0.09835308944,1,1
0.075,339.65,0.4901478623,0.67578125,0.09834437324,1,1
0.075625,339.65,0.490207014,0.67578125,0.09833579143,1,1
0.07625,339.65,0.4902652054,0.67578125,0.09832734093,1,1
0.076875,339.65,0.4903224596,0.67578125,0.09831901876,1,1
0.0775,339.65,0.490378799,0.67578125,0.09831082202,1,1
0.078125,339.65,0.4904342455,0.67578125,0.09830274792,1,1
0.07875,339.65,0.49048882,0.67578125,0.09829479373,1,1
0.079375,339.65,0.4905425431,0.67578125,0.09828695681,1,1
0.08,339.65,0.4905954343,0.67578125,0.09827923458,1,1
0.005625,340.15,0.409230114,0.671875,0.1031322228,0,0
0.00625,340.15,0.4168108099,0.671875,0.1032403613,0,0
0.006875,340.15,0.4231574337,0.671875,0.1032488704,0,0
0.0075,340.15,0.4285478591,0.671875,0.1031961441,0,0
0.008125,340.15,0.4331825662,0.671875,0.1031059922,0,0
0.00875,340.15,0.4372097688,0.671875,0.1029934936,0,0
0.009375,340.15,0.4407413706,0.671875,0.1028683476,0,0
0.01,340.15,0.443863424,0.671875,0.1027368593,0,0
0.010625,340.15,0.4466431762,0.671875,0.1026031476,0,0
0.01125,340.15,0.4491339336,0.671875,0.1024699005,0,0
0.011875,340.15,0.4513784922,0.671875,0.1023388561,0,0
0.0125,340.15,0.4534116034,0.671875,0.1022111159,0,0
0.013125,340.15,0.4552617778,0.671875,0.1020873508,0,0
0.01375,340.15,0.456952625,0.671875,0.1019679401,0,0
0.014375,340.15,0.4585038621,0.671875,0.1018530645,0,0
0.015,340.15,0.459932084,0.671875,0.1017427707,0,0
0.015625,340.15,0.4612513572,0.671875,0.1016370155,0,0
0.01625,340.15,0.4624736836,0.671875,0.1015356961,0,0
0.016875,340.15,0.4636093654,0.671875,0.1014386718,0,0
0.0175,340.15,0.4646672958,0.671875,0.1013457791,0,0
0.018125,340.15,0.4656551919,0.671875,0.1012568414,0,0
0.01875,340.15,0.4665797823,0.671875,0.1011716768,0,0
0.019375,340.15,0.4674469611,0.671875,0.1010901028,0,0
0.02,340.15,0.4682619128,0.671875,0.1010119396,0,0
0.020625,340.15,0.469029216,0.671875,0.1009370126,0,0
0.02125,340.15,0.4697529298,0.671875,0.1008651537,0,0
0.021875,340.15,0.4704366647,0.671875,0.1007962019,0,0
0.0225,340.15,0.4710836437,0.671875,0.1007300041,0,0
0.023125,340.15,0.4716967521,0.671875,0.1006664153,0,0
0.02375,340.15,0.4722785814,0.671875,0.1006052981,0,0
0.024375,340.15,0.4728314651,0.671875,0.100546523,0,0
0.025,340.15,0.4733575104,0.671875,0.1004899681,0,0
0.025625,340.15,0.4738586246,0.671875,0.1004355185,0,0
0.02625,340.15,0.4743365389,0.671875,0.1003830661,0,0
0.026875,340.15,0.4747928275,0.671875,0.1003325095,0,0
0.0275,340.15,0.4752289256,0.671875,0.1002837532,0,0
0.028125,340.15,0.4756461441,0.671875,0.1002367074,0,0
0.02875,340.15,0.4760456828,0.671875,0.100191288,0,0
0.029375,340.15,0.4764286419,0.671875,0.1001474155,0,0
0.03,340.15,0.4767960324,0.671875,0.1001050155,0,0
0.030625,340.15,0.4771487846,0.671875,0.1000640179,0,0
0.03125,340.15,0.4774877561,0.671875,0.1000243567,0,0
0.031875,340.15,0.4778137389,0.671875,0.09998596977,0,0
0.0325,340.15,0.4781274654,0.671875,0.09994879858,0,0
0.033125,340.15,0.478429614,0.671875,0.09991278801,0,0
0.03375,340.15,0.4787208139,0.671875,0.09987788604,0,0
0.034375,340.15,0.4790016496,0.671875,0.09984404363,0,0
0.035,340.15,0.4792726647,0.671875,0.09981121446,0,0
0.035625,340.15,0.4795343653,0.671875,0.09977935478,0,0
0.03625,340.15,0.4797872235,0.671875,0.09974842325,0,0
0.036875,340.15,0.48003168,0.671875,0.09971838077,0,0
0.0375,340.15,0.4802681466,0.671875,0.09968919034,0,0
0.038125,340.15,0.4804970087,0.671875,0.09966081694,0,0
0.03875,340.15,0.4807186273,0.671875,0.09963322738,0,0
0.039375,340.15,0.4809333409,0.671875,0.0996063902,0,0
0.04,340.15,0.4811414672,0.671875,0.09958027558,0,0
0.040625,340.15,0.4813433048,0.671875,0.0995548552,0,0
0.04125,340.15,0.4815391344,0.671875,0.09953010218,0,0
0.041875,340.15,0.4817292204,0.671875,0.09950599098,0,0
0.0425,340.15,0.4819138116,0.671875,0.09948249732,0,0
0.043125,340.15,0.4820931431,0.671875,0.09945959811,0,0
0.04375,340.15,0.4822674364,0.671875,0.09943727138,0,0
0.044375,340.15,0.4824369009,0.671875,0.09941549619,0,0
0.045,340.15,0.4826017344,0.671875,0.09939425263,0,0
0.045625,340.15,0.4827621243,0.671875,0.09937352168,0,0
0.04625,340.15,0.4829182479,0.671875,0.09935328524,0,0
0.046875,340.15,0.4830702731,0.671875,0.09933352602,0,0
0.0475,340.15,0.4832183591,0.671875,0.09931422751,0,0
0.048125,340.15,0.4833626572,0.671875,0.09929537397,0,0
0.04875,340.15,0.4835033109,0.671875,0.09927695033,0,0
0.049375,340.15,0.4836404564,0.671875,0.09925894219,0,0
0.05,340.15,0.4837742234,0.671875,0.0992413358,0,0
0.050625,340.15,0.4839047352,0.671875,0.09922411799,0,0
0.05125,340.15,0.4840321092,0.671875,0.09920727614,0,0
0.051875,340.15,0.4841564572,0.671875,0.09919079817,0,0
0.0525,340.15,0.4842778857,0.671875,0.09917467253,0,0
0.053125,340.15,0.4843964965,0.671875,0.09915888813,0,0
0.05375,340.15,0.4845123864,0.671875,0.09914343432,0,0
0.054375,340.15,0.484625648,0.671875,0.09912830093,0,0
0.055,340.15,0.4847363696,0.671875,0.09911347814,0,0
0.055625,340.15,0.4848446359,0.671875,0.09909895658,0,0
0.05625,340.15,0.4849505275,0.671875,0.09908472721,1,1
0.056875,340.15,0.4850541218,0.671875,0.09907078137,1,1
0.0575,340.15,0.4851554927,0.671875,0.09905711073,1,1
0.058125,340.15,0.4852547109,0.671875,0.09904370726,1,1
0.05875,340.15,0.4853518445,0.671875,0.09903056326,1,1
0.059375,340.15,0.4854469583,0.671875,0.09901767132,1,1
0.06,340.15,0.4855401147,0.671875,0.0990050243,1,1
0.060625,340.15,0.4856313736,0.671875,0.09899261533,1,1
0.06125,340.15,0.4857207922,0.671875,0.09898043778,1,1
0.061875,340.15,0.4858084258,0.671875,0.09896848528,1,1
0.0625,340.15,0.4858943272,0.671875,0.09895675169,1,1
0.063125,340.15,0.4859785474,0.671875,0.09894523107,1,1
0.06375,340.15,0.4860611351,0.671875,0.09893391771,1,1
0.064375,340.15,0.4861421374,0.671875,0.0989228061,1,1
0.065,340.15,0.4862215994,0.671875,0.09891189091,1,1
0.065625,340.15,0.4862995648,0.671875,0.098901167,1,1
0.06625,340.15,0.4863760754,0.671875,0.09889062942,1,1
0.066875,340.15,0.4864511716,0.671875,0.09888027337,1,1
0.0675,340.15,0.4865248921,0.671875,0.09887009423,1,1
0.068125,340.15,0.4865972745,0.671875,0.09886008752,1,1
0.06875,340.15,0.4866683549,0.671875,0.09885024891,1,1
0.069375,340.15,0.486738168,0.671875,0.09884057422,1,1
0.07,340.15,0.4868067475,0.671875,0.09883105941,1,1
0.070625,340.15,0.4868741258,0.671875,0.09882170056,1,1
0.07125,340.15,0.4869403342,0.671875,0.09881249389,1,1
0.071875,340.15,0.4870054028,0.671875,0.09880343572,1,1
0.0725,340.15,0.4870693609,0.671875,0.0987945225,1,1
0.073125,340.15,0.4871322366,0.671875,0.09878575081,1,1
0.07375,340.15,0.4871940573,0.671875,0.0987771173,1,1
0.074375,340.15,0.4872548491,0.671875,0.09876861875,1,1
0.075,340.15,0.4873146376,0.671875,0.09876025203,1,1
0.075625,340.15,0.4873734475,0.671875,0.09875201411,1,1
0.07625,340.15,0.4874313025,0.671875,0.09874390204,1,1
0.076875,340.15,0.4874882257,0.671875,0.09873591297,1,1
0.0775,340.15,0.4875442395,0.671875,0.09872804414,1,1
0.078125,340.15,0.4875993655,0.671875,0.09872029286,1,1
0.07875,340.15,0.4876536245,0.671875,0.09871265652,1,1
0.079375,340.15,0.487707037,0.671875,0.0987051326,1,1
0.08,340.15,0.4877596226,0.671875,0.09869771863,1,1
0.00625,340.65,0.4143874912,0.66796875,0.1033188289,0,0
0.006875,340.65,0.4206972161,0.66796875,0.1033501813,0,0
0.0075,340.65,0.4260563018,0.66796875,0.103317749,0,0
0.008125,340.65,0.4306640629,0.66796875,0.1032457163,0,0
0.00875,340.65,0.4346678516,0.66796875,0.1031494749,0,0
0.009375,340.65,0.4381789208,0.66796875,0.1030389849,0,0
0.01,340.65,0.4412828227,0.66796875,0.1029207683,0,0
0.010625,340.65,0.4440464135,0.66796875,0.1027991256,0,0
0.01125,340.65,0.4465226898,0.66796875,0.102676897,0,0
0.011875,340.65,0.4487541987,0.66796875,0.1025559492,0,0
0.0125,340.65,0.4507754894,0.66796875,0.1024374925,0,0
0.013125,340.65,0.452614907,0.66796875,0.1023222908,0,0
0.01375,340.65,0.4542959237,0.66796875,0.1022108026,0,0
0.014375,340.65,0.455838142,0.66796875,0.1021032772,0,0
0.015,340.65,0.4572580603,0.66796875,0.1019998203,0,0
0.015625,340.65,0.4585696633,0.66796875,0.1019004401,0,0
0.01625,340.65,0.4597848831,0.66796875,0.1018050787,0,0
0.016875,340.65,0.4609139621,0.66796875,0.1017136347,0,0
0.0175,340.65,0.4619657418,0.66796875,0.101625979,0,0
0.018125,340.65,0.4629478943,0.66796875,0.1015419655,0,0
0.01875,340.65,0.4638671092,0.66796875,0.1014614395,0,0
0.019375,340.65,0.4647292462,0.66796875,0.1013842423,0,0
0.02,340.65,0.4655394598,0.66796875,0.1013102156,0,0
0.020625,340.65,0.466302302,0.66796875,0.101239204,0,0
0.02125,340.65,0.4670218081,0.66796875,0.1011710565,0,0
0.021875,340.65,0.4677015678,0.66796875,0.1011056276,0,0
0.0225,340.65,0.4683447853,0.66796875,0.1010427782,0,0
0.023125,340.65,0.4689543292,0.66796875,0.1009823757,0,0
0.02375,340.65,0.4695327757,0.66796875,0.1009242944,0,0
0.024375,340.65,0.470082445,0.66796875,0.1008684151,0,0
0.025,340.65,0.4706054318,0.66796875,0.1008146252,0,0
0.025625,340.65,0.4711036326,0.66796875,0.1007628185,0,0
0.02625,340.65,0.4715787683,0.66796875,0.1007128949,0,0
0.026875,340.65,0.4720324041,0.66796875,0.1006647601,0,0
0.0275,340.65,0.4724659668,0.66796875,0.1006183253,0,0
0.028125,340.65,0.4728807595,0.66796875,0.1005735067,0,0
0.02875,340.65,0.4732779753,0.66796875,0.1005302258,0,0
0.029375,340.65,0.473658708,0.66796875,0.1004884085,0,0
0.03,340.65,0.4740239625,0.66796875,0.100447985,0,0
0.030625,340.65,0.4743746637,0.66796875,0.1004088896,0,0
0.03125,340.65,0.4747116645,0.66796875,0.1003710604,0,0
0.031875,340.65,0.475035752,0.66796875,0.1003344391,0,0
0.0325,340.65,0.4753476545,0.66796875,0.1002989708,0,0
0.033125,340.65,0.4756480465,0.66796875,0.1002646035,0,0
0.03375,340.65,0.4759375534,0.66796875,0.1002312884,0,0
0.034375,340.65,0.4762167563,0.66796875,0.1001989792,0,0
0.035,340.65,0.4764861957,0.66796875,0.1001676324,0,0
0.035625,340.65,0.4767463748,0.66796875,0.1001372065,0,0
0.03625,340.65,0.4769977629,0.66796875,0.1001076627,0,0
0.036875,340.65,0.4772407981,0.66796875,0.100078964,0,0
0.0375,340.65,0.4774758899,0.66796875,0.1000510755,0,0
0.038125,340.65,0.4777034214,0.66796875,0.1000239641,0,0
0.03875,340.65,0.4779237516,0.66796875,0.09999759833,0,0
0.039375,340.65,0.4781372168,0.66796875,0.09997194851,0,0
0.04,340.65,0.4783441331,0.66796875,0.09994698641,0,0
0.040625,340.65,0.4785447972,0.66796875,0.09992268522,0,0
0.04125,340.65,0.4787394883,0.66796875,0.09989901948,0,0
0.041875,340.65,0.4789284691,0.66796875,0.09987596499,0,0
0.0425,340.65,0.4791119872,0.66796875,0.09985349875,0,0
0.043125,340.65,0.479290276,0.66796875,0.09983159886,0,0
0.04375,340.65,0.479463556,0.66796875,0.09981024449,0,0
0.044375,340.65,0.4796320352,0.66796875,0.09978941578,0,0
0.045,340.65,0.4797959104,0.66796875,0.09976909383,0,0
0.045625,340.65,0.4799553678,0.66796875,0.0997492606,0,0
0.04625,340.65,0.4801105837,0.66796875,0.09972989889,0,0
0.046875,340.65,0.480261725,0.66796875,0.09971099228,0,0
0.0475,340.65,0.4804089501,0.66796875,0.09969252511,0,0
0.048125,340.65,0.4805524092,0.66796875,0.0996744824,0,0
0.04875,340.65,0.4806922451,0.66796875,0.09965684985,0,0
0.049375,340.65,0.4808285933,0.66796875,0.09963961377,0,0
0.05,340.65,0.4809615825,0.66796875,0.09962276107,0,0
0.050625,340.65,0.4810913355,0.66796875,0.09960627923,0,0
0.05125,340.65,0.481217969,0.66796875,0.09959015626,0,0
0.051875,340.65,0.481341594,0.66796875,0.09957438067,0,0
0.0525,340.65,0.4814623166,0.66796875,0.09955894146,0,0
0.053125,340.65,0.4815802378,0.66796875,0.09954382808,0,0
0.05375,340.65,0.4816954539,0.66796875,0.0995290304,0,0
0.054375,340.65,0.481808057,0.66796875,0.09951453872,0,0
0.055,340.65,0.4819181349,0.66796875,0.09950034372,0,0
0.055625,340.65,0.4820257718,0.66796875,0.09948643645,0,0
0.05625,340.65,0.4821310477,0.66796875,0.09947280832,1,1
0.056875,340.65,0.4822340397,0.66796875,0.09945945107,1,1
0.0575,340.65,0.4823348212,0.66796875,0.09944635676,1,1
0.058125,340.65,0.4824334626,0.66796875,0.09943351775,1,1
0.05875,340.65,0.4825300314,0.66796875,0.09942092671,1,1
0.059375,340.65,0.4826245922,0.66796875,0.09940857656,1,1
0.06,340.65,0.4827172071,0.66796875,0.0993964605,1,1
0.060625,340.65,0.4828079353,0.66796875,0.09938457199,1,1
0.06125,340.65,0.4828968341,0.66796875,0.0993729047,1,1
0.061875,340.65,0.4829839582,0.66796875,0.09936145256,1,1
0.0625,340.65,0.4830693602,0.66796875,0.09935020971,1,1
0.063125,340.65,0.4831530907,0.66796875,0.09933917049,1,1
0.06375,340.65,0.4832351982,0.66796875,0.09932832945,1,1
0.064375,340.65,0.4833157296,0.66796875,0.09931768134,1,1
0.065,340.65,0.4833947297,0.66796875,0.09930722107,1,1
0.065625,340.65,0.4834722418,0.66796875,0.09929694374,1,1
0.06625,340.65,0.4835483075,0.66796875,0.09928684463,1,1
0.066875,340.65,0.4836229671,0.66796875,0.09927691915,1,1
0.0675,340.65,0.483696259,0.66796875,0.09926716289,1,1
0.068125,340.65,0.4837682206,0.66796875,0.09925757158,1,1
0.06875,340.65,0.4838388877,0.66796875,0.09924814109,1,1
0.069375,340.65,0.4839082949,0.66796875,0.09923886742,1,1
0.07,340.65,0.4839764757,0.66796875,0.09922974673,1,1
0.070625,340.65,0.4840434623,0.66796875,0.09922077526,1,1
0.07125,340.65,0.4841092857,0.66796875,0.0992119494,1,1
0.071875,340.65,0.4841739761,0.66796875,0.09920326565,1,1
0.0725,340.65,0.4842375623,0.66796875,0.09919472061,1,1
0.073125,340.65,0.4843000725,0.66796875,0.09918631102,1,1
0.07375,340.65,0.4843615337,0.66796875,0.09917803367,1,1
0.074375,340.65,0.4844219721,0.66796875,0.0991698855,1,1
0.075,340.65,0.484481413,0.66796875,0.0991618635,1,1
0.075625,340.65,0.4845398809,0.66796875,0.09915396479,1,1
0.07625,340.65,0.4845973996,0.66796875,0.09914618655,1,1
0.076875,340.65,0.4846539918,0.66796875,0.09913852605,1,1
0.0775,340.65,0.48470968,0.66796875,0.09913098066,1,1
0.078125,340.65,0.4847644854,0.66796875,0.09912354781,1,1
0.07875,340.65,0.4848184291,0.66796875,0.099116225,1,1
0.079375,340.65,0.484871531,0.66796875,0.09910900982,1,1
0.08,340.65,0.4849238108,0.66796875,0.09910189993,1,1
0.00625,341.15,0.4119641725,0.6640625,0.1033877022,0,0
0.006875,341.15,0.4182369984,0.6640625,0.1034415521,0,0
0.0075,341.15,0.4235647445,0.6640625,0.1034291105,0,0
0.008125,341.15,0.4281455597,0.6640625,0.1033749289,0,0
0.00875,341.15,0.4321259343,0.6640625,0.1032947063,0,0
0.009375,341.15,0.435616471,0.6640625,0.1031986587,0,0
0.01,341.15,0.4387022214,0.6640625,0.1030935216,0,0
0.010625,341.15,0.4414496509,0.6640625,0.1029837739,0,0
0.01125,341.15,0.443911446,0.6640625,0.1028724058,0,0
0.011875,341.15,0.4461299051,0.6640625,0.1027614103,0,0
0.0125,341.15,0.4481393754,0.6640625,0.1026521049,0,0
0.013125,341.15,0.4499680362,0.6640625,0.1025453447,0,0
0.01375,341.15,0.4516392224,0.6640625,0.1024416667,0,0
0.014375,341.15,0.4531724218,0.6640625,0.1023413875,0,0
0.015,341.15,0.4545840365,0.6640625,0.102244671,0,0
0.015625,341.15,0.4558879693,0.6640625,0.102151576,0,0
0.01625,341.15,0.4570960826,0.6640625,0.1020620887,0,0
0.016875,341.15,0.4582185588,0.6640625,0.1019761466,0,0
0.0175,341.15,0.4592641877,0.6640625,0.1018936544,0,0
0.018125,341.15,0.4602405966,0.6640625,0.1018144963,0,0
0.01875,341.15,0.461154436,0.6640625,0.1017385438,0,0
0.019375,341.15,0.4620115313,0.6640625,0.1016656623,0,0
0.02,341.15,0.4628170068,0.6640625,0.1015957144,0,0
0.020625,341.15,0.4635753879,0.6640625,0.1015285635,0,0
0.02125,341.15,0.4642906864,0.6640625,0.1014640756,0,0
0.021875,341.15,0.4649664709,0.6640625,0.1014021206,0,0
0.0225,341.15,0.4656059269,0.6640625,0.1013425729,0,0
0.023125,341.15,0.4662119062,0.6640625,0.1012853125,0,0
0.02375,341.15,0.46678697,0.6640625,0.1012302249,0,0
0.024375,341.15,0.4673334249,0.6640625,0.101177201,0,0
0.025,341.15,0.4678533533,0.6640625,0.1011261377,0,0
0.025625,341.15,0.4683486406,0.6640625,0.1010769374,0,0
0.02625,341.15,0.4688209978,0.6640625,0.1010295075,0,0
0.026875,341.15,0.4692719807,0.6640625,0.1009837609,0,0
0.0275,341.15,0.4697030079,0.6640625,0.1009396153,0,0
0.028125,341.15,0.470115375,0.6640625,0.1008969931,0,0
0.02875,341.15,0.4705102679,0.6640625,0.1008558212,0,0
0.029375,341.15,0.470888774,0.6640625,0.1008160305,0,0
0.03,341.15,0.4712518925,0.6640625,0.1007775561,0,0
0.030625,341.15,0.4716005429,0.6640625,0.1007403366,0,0
0.03125,341.15,0.4719355729,0.6640625,0.1007043141,0,0
0.031875,341.15,0.4722577652,0.6640625,0.1006694341,0,0
0.0325,341.15,0.4725678437,0.6640625,0.1006356451,0,0
0.033125,341.15,0.472866479,0.6640625,0.1006028984,0,0
0.03375,341.15,0.4731542928,0.6640625,0.1005711483,0,0
0.034375,341.15,0.473431863,0.6640625,0.1005403512,0,0
0.035,341.15,0.4736997267,0.6640625,0.1005104661,0,0
0.035625,341.15,0.4739583843,0.6640625,0.1004814543,0,0
0.03625,341.15,0.4742083023,0.6640625,0.1004532791,0,0
0.036875,341.15,0.4744499163,0.6640625,0.1004259057,0,0
0.0375,341.15,0.4746836332,0.6640625,0.1003993011,0,0
0.038125,341.15,0.4749098342,0.6640625,0.1003734342,0,0
0.03875,341.15,0.4751288758,0.6640625,0.1003482754,0,0
0.039375,341.15,0.4753410927,0.6640625,0.1003237966,0,0
0.04,341.15,0.475546799,0.6640625,0.1002999711,0,0
0.040625,341.15,0.4757462896,0.6640625,0.1002767737,0,0
0.04125,341.15,0.4759398422,0.6640625,0.1002541803,0,0
0.041875,341.15,0.4761277178,0.6640625,0.100232168,0,0
0.0425,341.15,0.4763101627,0.6640625,0.100210715,0,0
0.043125,341.15,0.4764874089,0.6640625,0.1001898007,0,0
0.04375,341.15,0.4766596755,0.6640625,0.1001694053,0,0
0.044375,341.15,0.4768271695,0.6640625,0.10014951,0,0
0.045,341.15,0.4769900864,0.6640625,0.100130097,0,0
0.045625,341.15,0.4771486113,0.6640625,0.1001111491,0,0
0.04625,341.15,0.4773029194,0.6640625,0.1000926501,0,0
0.046875,341.15,0.4774531769,0.6640625,0.1000745844,0,0
0.0475,341.15,0.477599541,0.6640625,0.1000569371,0,0
0.048125,341.15,0.4777421612,0.6640625,0.1000396941,0,0
0.04875,341.15,0.4778811794,0.6640625,0.1000228417,0,0
0.049375,341.15,0.4780167301,0.6640625,0.1000063671,0,0
0.05,341.15,0.4781489417,0.6640625,0.09999025771,0,0
0.050625,341.15,0.4782779359,0.6640625,0.09997450173,0,0
0.05125,341.15,0.4784038288,0.6640625,0.09995908777,0,0
0.051875,341.15,0.4785267309,0.6640625,0.0999440049,0,0
0.0525,341.15,0.4786467475,0.6640625,0.09992924269,0,0
0.053125,341.15,0.4787639791,0.6640625,0.0999147911,0,0
0.05375,341.15,0.4788785214,0.6640625,0.09990064054,0,0
0.054375,341.15,0.478990466,0.6640625,0.09988678176,0,0
0.055,341.15,0.4790999002,0.6640625,0.09987320592,0,0
0.055625,341.15,0.4792069076,0.6640625,0.09985990451,0,0
0.05625,341.15,0.4793115679,0.6640625,0.09984686935,1,1
0.056875,341.15,0.4794139576,0.6640625,0.09983409261,1,1
0.0575,341.15,0.4795141497,0.6640625,0.09982156672,1,1
0.058125,341.15,0.4796122143,0.6640625,0.09980928443,1,1
0.05875,341.15,0.4797082184,0.6640625,0.09979723875,1,1
0.059375,341.15,0.4798022262,0.6640625,0.09978542295,1,1
0.06,341.15,0.4798942994,0.6640625,0.09977383057,1,1
0.060625,341.15,0.4799844971,0.6640625,0.09976245537,1,1
0.06125,341.15,0.480072876,0.6640625,0.09975129134,1,1
0.061875,341.15,0.4801594906,0.6640625,0.09974033269,1,1
0.0625,341.15,0.4802443932,0.6640625,0.09972957385,1,1
0.063125,341.15,0.480327634,0.6640625,0.09971900942,1,1
0.06375,341.15,0.4804092614,0.6640625,0.09970863423,1,1
0.064375,341.15,0.4804893218,0.6640625,0.09969844326,1,1
0.065,341.15,0.4805678599,0.6640625,0.09968843167,1,1
0.065625,341.15,0.4806449187,0.6640625,0.09967859479,1,1
0.06625,341.15,0.4807205397,0.6640625,0.09966892813,1,1
0.066875,341.15,0.4807947626,0.6640625,0.09965942731,1,1
0.0675,341.15,0.4808676259,0.6640625,0.09965008813,1,1
0.068125,341.15,0.4809391667,0.6640625,0.09964090653,1,1
0.06875,341.15,0.4810094205,0.6640625,0.09963187856,1,1
0.069375,341.15,0.4810784219,0.6640625,0.09962300042,1,1
0.07,341.15,0.481146204,0.6640625,0.09961426843,1,1
0.070625,341.15,0.4812127988,0.6640625,0.09960567902,1,1
0.07125,341.15,0.4812782373,0.6640625,0.09959722876,1,1
0.071875,341.15,0.4813425493,0.6640625,0.09958891429,1,1
0.0725,341.15,0.4814057637,0.6640625,0.09958073239,1,1
0.073125,341.15,0.4814679083,0.6640625,0.09957267993,1,1
0.07375,341.15,0.4815290101,0.6640625,0.09956475386,1,1
0.074375,341.15,0.481589095,0.6640625,0.09955695126,1,1
0.075,341.15,0.4816481883,0.6640625,0.09954926926,1,1
0.075625,341.15,0.4817063144,0.6640625,0.09954170511,1,1
0.07625,341.15,0.4817634966,0.6640625,0.09953425612,1,1
0.076875,341.15,0.481819758,0.6640625,0.0995269197,1,1
0.0775,341.15,0.4818751204,0.6640625,0.09951969332,1,1
0.078125,341.15,0.4819296054,0.6640625,0.09951257453,1,1
0.07875,341.15,0.4819832336,0.6640625,0.09950556096,1,1
0.079375,341.15,0.482036025,0.6640625,0.09949865029,1,1
0.08,341.15,0.4820879991,0.6640625,0.0994918403,1,1
0.00625,341.65,0.4095408539,0.66015625,0.1034470166,0,0
0.006875,341.65,0.4157767808,0.66015625,0.1035230198,0,0
0.0075,341.65,0.4210731871,0.66015625,0.1035302671,0,0
0.008125,341.65,0.4256270564,0.66015625,0.1034936701,0,0
0.00875,341.65,0.429584017,0.66015625,0.103429229,0,0
0.009375,341.65,0.4330540211,0.66015625,0.1033474114,0,0
0.01,341.65,0.4361216201,0.66015625,0.1032551627,0,0
0.010625,341.65,0.4388528882,0.66015625,0.1031571371,0,0
0.01125,341.65,0.4413002022,0.66015625,0.1030564722,0,0
0.011875,341.65,0.4435056115,0.66015625,0.1029552854,0,0
0.0125,341.65,0.4455032615,0.66015625,0.1028549996,0,0
0.013125,341.65,0.4473211654,0.66015625,0.1027565601,0,0
0.01375,341.65,0.4489825211,0.66015625,0.1026605806,0,0
0.014375,341.65,0.4505067017,0.66015625,0.1025674441,0,0
0.015,341.65,0.4519100128,0.66015625,0.1024773721,0,0
0.015625,341.65,0.4532062754,0.66015625,0.1023904729,0,0
0.01625,341.65,0.4544072821,0.66015625,0.1023067765,0,0
0.016875,341.65,0.4555231555,0.66015625,0.1022262583,0,0
0.0175,341.65,0.4565626337,0.66015625,0.1021488566,0,0
0.018125,341.65,0.457533299,0.66015625,0.1020744851,0,0
0.01875,341.65,0.4584417629,0.66015625,0.1020030418,0,0
0.019375,341.65,0.4592938165,0.66015625,0.101934415,0,0
0.02,341.65,0.4600945538,0.66015625,0.1018684884,0,0
0.020625,341.65,0.4608484739,0.66015625,0.101805144,0,0
0.02125,341.65,0.4615595647,0.66015625,0.1017442644,0,0
0.021875,341.65,0.462231374,0.66015625,0.1016857344,0,0
0.0225,341.65,0.4628670685,0.66015625,0.1016294421,0,0
0.023125,341.65,0.4634694832,0.66015625,0.1015752797,0,0
0.02375,341.65,0.4640411643,0.66015625,0.1015231437,0,0
0.024375,341.65,0.4645844047,0.66015625,0.1014729354,0,0
0.025,341.65,0.4651012747,0.66015625,0.1014245606,0,0
0.025625,341.65,0.4655936486,0.66015625,0.10137793,0,0
0.02625,341.65,0.4660632272,0.66015625,0.1013329589,0,0
0.026875,341.65,0.4665115573,0.66015625,0.1012895671,0,0
0.0275,341.65,0.466940049,0.66015625,0.1012476789,0,0
0.028125,341.65,0.4673499904,0.66015625,0.1012072224,0,0
0.02875,341.65,0.4677425604,0.66015625,0.10116813,0,0
0.029375,341.65,0.46811884,0.66015625,0.1011303377,0,0
0.03,341.65,0.4684798225,0.66015625,0.1010937852,0,0
0.030625,341.65,0.4688264221,0.66015625,0.1010584154,0,0
0.03125,341.65,0.4691594813,0.66015625,0.1010241744,0,0
0.031875,341.65,0.4694797783,0.66015625,0.1009910114,0,0
0.0325,341.65,0.4697880329,0.66015625,0.1009588784,0,0
0.033125,341.65,0.4700849114,0.66015625,0.1009277298,0,0
0.03375,341.65,0.4703710323,0.66015625,0.1008975228,0,0
0.034375,341.65,0.4706469697,0.66015625,0.1008682167,0,0
0.035,341.65,0.4709132577,0.66015625,0.1008397731,0,0
0.035625,341.65,0.4711703938,0.66015625,0.1008121558,0,0
0.03625,341.65,0.4714188417,0.66015625,0.1007853301,0,0
0.036875,341.65,0.4716590344,0.66015625,0.1007592635,0,0
0.0375,341.65,0.4718913766,0.66015625,0.100733925,0,0
0.038125,341.65,0.4721162469,0.66015625,0.1007092854,0,0
0.03875,341.65,0.4723340001,0.66015625,0.1006853167,0,0
0.039375,341.65,0.4725449687,0.66015625,0.1006619927,0,0
0.04,341.65,0.4727494649,0.66015625,0.1006392881,0,0
0.040625,341.65,0.472947782,0.66015625,0.1006171791,0,0
0.04125,341.65,0.473140196,0.66015625,0.1005956431,0,0
0.041875,341.65,0.4733269665,0.66015625,0.1005746584,0,0
0.0425,341.65,0.4735083382,0.66015625,0.1005542047,0,0
0.043125,341.65,0.4736845418,0.66015625,0.1005342622,0,0
0.04375,341.65,0.4738557951,0.66015625,0.1005148125,0,0
0.044375,341.65,0.4740223038,0.66015625,0.1004958377,0,0
0.045,341.65,0.4741842623,0.66015625,0.100477321,0,0
0.045625,341.65,0.4743418547,0.66015625,0.1004592463,0,0
0.04625,341.65,0.4744952552,0.66015625,0.100441598,0,0
0.046875,341.65,0.4746446288,0.66015625,0.1004243615,0,0
0.0475,341.65,0.474790132,0.66015625,0.1004075228,0,0
0.048125,341.65,0.4749319132,0.66015625,0.1003910683,0,0
0.04875,341.65,0.4750701136,0.66015625,0.1003749854,0,0
0.049375,341.65,0.475204867,0.66015625,0.1003592616,0,0
0.05,341.65,0.4753363009,0.66015625,0.1003438853,0,0
0.050625,341.65,0.4754645363,0.66015625,0.1003288451,0,0
0.05125,341.65,0.4755896887,0.66015625,0.1003141303,0,0
0.051875,341.65,0.4757118678,0.66015625,0.1002997306,0,0
0.0525,341.65,0.4758311784,0.66015625,0.100285636,0,0
0.053125,341.65,0.4759477204,0.66015625,0.1002718371,0,0
0.05375,341.65,0.4760615889,0.66015625,0.1002583246,0,0
0.054375,341.65,0.476172875,0.66015625,0.10024509,0,0
0.055,341.65,0.4762816655,0.66015625,0.1002321247,0,0
0.055625,341.65,0.4763880434,0.66015625,0.1002194208,0,0
0.05625,341.65,0.4764920881,0.66015625,0.1002069704,1,1
0.056875,341.65,0.4765938755,0.66015625,0.1001947662,1,1
0.0575,341.65,0.4766934783,0.66015625,0.1001828008,1,1
0.058125,341.65,0.476790966,0.66015625,0.1001710675,1,1
0.05875,341.65,0.4768864053,0.66015625,0.1001595597,1,1
0.059375,341.65,0.4769798602,0.66015625,0.1001482709,1,1
0.06,341.65,0.4770713918,0.66015625,0.1001371949,1,1
0.060625,341.65,0.4771610589,0.66015625,0.1001263259,1,1
0.06125,341.65,0.4772489179,0.66015625,0.1001156582,1,1
0.061875,341.65,0.477335023,0.66015625,0.1001051862,1,1
0.0625,341.65,0.4774194262,0.66015625,0.1000949047,1,1
0.063125,341.65,0.4775021774,0.66015625,0.1000848085,1,1
0.06375,341.65,0.4775833246,0.66015625,0.1000748927,1,1
0.064375,341.65,0.477662914,0.66015625,0.1000651525,1,1
0.065,341.65,0.4777409902,0.66015625,0.1000555834,1,1
0.065625,341.65,0.4778175957,0.66015625,0.1000461809,1,1
0.06625,341.65,0.4778927718,0.66015625,0.1000369407,1,1
0.066875,341.65,0.4779665581,0.66015625,0.1000278587,1,1
0.0675,341.65,0.4780389928,0.66015625,0.1000189308,1,1
0.068125,341.65,0.4781101127,0.66015625,0.1000101533,1,1
0.06875,341.65,0.4781799533,0.66015625,0.1000015223,1,1
0.069375,341.65,0.4782485488,0.66015625,0.09999303418,1,1
0.07,341.65,0.4783159322,0.66015625,0.09998468552,1,1
0.070625,341.65,0.4783821353,0.66015625,0.09997647291,1,1
0.07125,341.65,0.4784471888,0.66015625,0.09996839305,1,1
0.071875,341.65,0.4785111225,0.66015625,0.09996044276,1,1
0.0725,341.65,0.4785739651,0.66015625,0.09995261898,1,1
0.073125,341.65,0.4786357441,0.66015625,0.09994491872,1,1
0.07375,341.65,0.4786964865,0.66015625,0.09993733908,1,1
0.074375,341.65,0.478756218,0.66015625,0.09992987727,1,1
0.075,341.65,0.4788149637,0.66015625,0.09992253058,1,1
0.075625,341.65,0.4788727478,0.66015625,0.09991529637,1,1
0.07625,341.65,0.4789295937,0.66015625,0.09990817209,1,1
0.076875,341.65,0.4789855241,0.66015625,0.09990115526,1,1
0.0775,341.65,0.4790405609,0.66015625,0.09989424348,1,1
0.078125,341.65,0.4790947254,0.66015625,0.09988743442,1,1
0.07875,341.65,0.4791480381,0.66015625,0.09988072581,1,1
0.079375,341.65,0.4792005189,0.66015625,0.09987411546,1,1
0.08,341.65,0.4792521873,0.66015625,0.09986760123,1,1
0.00625,342.15,0.4071175352,0.65625,0.1034968074,0,0
0.006875,342.15,0.4133165632,0.65625,0.1035946213,0,0
0.0075,342.15,0.4185816298,0.65625,0.1036212574,0,0
0.008125,342.15,0.4231085531,0.65625,0.1036019796,0,0
0.00875,342.15,0.4270420998,0.65625,0.1035530841,0,0
0.009375,342.15,0.4304915713,0.65625,0.1034852854,0,0
0.01,342.15,0.4335410188,0.65625,0.1034057348,0,0
0.010625,342.15,0.4362561256,0.65625,0.1033192593,0,0
0.01125,342.15,0.4386889584,0.65625,0.1032291412,0,0
0.011875,342.15,0.440881318,0.65625,0.1031376203,0,0
0.0125,342.15,0.4428671475,0.65625,0.1030462234,0,0
0.013125,342.15,0.4446742946,0.65625,0.1029559841,0,0
0.01375,342.15,0.4463258198,0.65625,0.1028675921,0,0
0.014375,342.15,0.4478409816,0.65625,0.1027814957,0,0
0.015,342.15,0.449235989,0.65625,0.1026979726,0,0
0.015625,342.15,0.4505245815,0.65625,0.1026171805,0,0
0.01625,342.15,0.4517184816,0.65625,0.1025391921,0,0
0.016875,342.15,0.4528277522,0.65625,0.1024640203,0,0
0.0175,342.15,0.4538610796,0.65625,0.1023916365,0,0
0.018125,342.15,0.4548260014,0.65625,0.1023219835,0,0
0.01875,342.15,0.4557290897,0.65625,0.102254985,0,0
0.019375,342.15,0.4565761016,0.65625,0.1021905526,0,0
0.02,342.15,0.4573721009,0.65625,0.1021285902,0,0
0.020625,342.15,0.4581215598,0.65625,0.1020689982,0,0
0.02125,342.15,0.458828443,0.65625,0.1020116757,0,0
0.021875,342.15,0.4594962772,0.65625,0.1019565222,0,0
0.0225,342.15,0.4601282101,0.65625,0.1019034392,0,0
0.023125,342.15,0.4607270602,0.65625,0.101852331,0,0
0.02375,342.15,0.4612953586,0.65625,0.101803105,0,0
0.024375,342.15,0.4618353846,0.65625,0.1017556724,0,0
0.025,342.15,0.4623491962,0.65625,0.1017099481,0,0
0.025625,342.15,0.4628386566,0.65625,0.1016658511,0,0
0.02625,342.15,0.4633054566,0.65625,0.1016233042,0,0
0.026875,342.15,0.4637511339,0.65625,0.1015822341,0,0
0.0275,342.15,0.4641770902,0.65625,0.1015425713,0,0
0.028125,342.15,0.4645846059,0.65625,0.10150425,0,0
0.02875,342.15,0.4649748529,0.65625,0.1014672079,0,0
0.029375,342.15,0.4653489061,0.65625,0.1014313859,0,0
0.03,342.15,0.4657077526,0.65625,0.1013967283,0,0
0.030625,342.15,0.4660523012,0.65625,0.1013631822,0,0
0.03125,342.15,0.4663833897,0.65625,0.1013306977,0,0
0.031875,342.15,0.4667017915,0.65625,0.1012992276,0,0
0.0325,342.15,0.467008222,0.65625,0.1012687272,0,0
0.033125,342.15,0.4673033439,0.65625,0.1012391543,0,0
0.03375,342.15,0.4675877717,0.65625,0.1012104688,0,0
0.034375,342.15,0.4678620764,0.65625,0.1011826328,0,0
0.035,342.15,0.4681267887,0.65625,0.1011556106,0,0
0.035625,342.15,0.4683824033,0.65625,0.101129368,0,0
0.03625,342.15,0.4686293811,0.65625,0.101103873,0,0
0.036875,342.15,0.4688681525,0.65625,0.1010790949,0,0
0.0375,342.15,0.4690991199,0.65625,0.1010550048,0,0
0.038125,342.15,0.4693226596,0.65625,0.1010315752,0,0
0.03875,342.15,0.4695391243,0.65625,0.1010087801,0,0
0.039375,342.15,0.4697488446,0.65625,0.1009865946,0,0
0.04,342.15,0.4699521308,0.65625,0.1009649952,0,0
0.040625,342.15,0.4701492745,0.65625,0.1009439594,0,0
0.04125,342.15,0.4703405499,0.65625,0.100923466,0,0
0.041875,342.15,0.4705262152,0.65625,0.1009034947,0,0
0.0425,342.15,0.4707065137,0.65625,0.1008840261,0,0
0.043125,342.15,0.4708816747,0.65625,0.100865042,0,0
0.04375,342.15,0.4710519146,0.65625,0.1008465247,0,0
0.044375,342.15,0.4712174381,0.65625,0.1008284576,0,0
0.045,342.15,0.4713784383,0.65625,0.1008108247,0,0
0.045625,342.15,0.4715350982,0.65625,0.1007936108,0,0
0.04625,342.15,0.471687591,0.65625,0.1007768014,0,0
0.046875,342.15,0.4718360807,0.65625,0.1007603825,0,0
0.0475,342.15,0.4719807229,0.65625,0.100744341,0,0
0.048125,342.15,0.4721216652,0.65625,0.1007286642,0,0
0.04875,342.15,0.4722590478,0.65625,0.1007133399,0,0
0.049375,342.15,0.4723930039,0.65625,0.1006983565,0,0
0.05,342.15,0.47252366,0.65625,0.100683703,0,0
0.050625,342.15,0.4726511367,0.65625,0.1006693686,0,0
0.05125,342.15,0.4727755485,0.65625,0.1006553433,0,0
0.051875,342.15,0.4728970047,0.65625,0.1006416171,0,0
0.0525,342.15,0.4730156093,0.65625,0.1006281808,0,0
0.053125,342.15,0.4731314617,0.65625,0.1006150254,0,0
0.05375,342.15,0.4732446565,0.65625,0.1006021423,0,0
0.054375,342.15,0.4733552841,0.65625,0.1005895231,0,0
0.055,342.15,0.4734634308,0.65625,0.1005771599,0,0
0.055625,342.15,0.4735691793,0.65625,0.1005650451,0,0
0.05625,342.15,0.4736726083,0.65625,0.1005531713,1,1
0.056875,342.15,0.4737737934,0.65625,0.1005415315,1,1
0.0575,342.15,0.4738728068,0.65625,0.1005301189,1,1
0.058125,342.15,0.4739697177,0.65625,0.100518927,1,1
0.05875,342.15,0.4740645923,0.65625,0.1005079495,1,1
0.059375,342.15,0.4741574941,0.65625,0.1004971803,1,1
0.06,342.15,0.4742484841,0.65625,0.1004866135,1,1
0.060625,342.15,0.4743376207,0.65625,0.1004762437,1,1
0.06125,342.15,0.4744249599,0.65625,0.1004660653,1,1
0.061875,342.15,0.4745105555,0.65625,0.1004560733,1,1
0.0625,342.15,0.4745944592,0.65625,0.1004462624,1,1
0.063125,342.15,0.4746767207,0.65625,0.1004366279,1,1
0.06375,342.15,0.4747573878,0.65625,0.1004271651,1,1
0.064375,342.15,0.4748365063,0.65625,0.1004178695,1,1
0.065,342.15,0.4749141204,0.65625,0.1004087367,1,1
0.065625,342.15,0.4749902726,0.65625,0.1003997625,1,1
0.06625,342.15,0.4750650039,0.65625,0.1003909428,1,1
0.066875,342.15,0.4751383536,0.65625,0.1003822738,1,1
0.0675,342.15,0.4752103597,0.65625,0.1003737515,1,1
0.068125,342.15,0.4752810588,0.65625,0.1003653724,1,1
0.06875,342.15,0.4753504862,0.65625,0.1003571328,1,1
0.069375,342.15,0.4754186757,0.65625,0.1003490293,1,1
0.07,342.15,0.4754856604,0.65625,0.1003410587,1,1
0.070625,342.15,0.4755514717,0.65625,0.1003332176,1,1
0.07125,342.15,0.4756161404,0.65625,0.100325503,1,1
0.071875,342.15,0.4756796958,0.65625,0.1003179118,1,1
0.0725,342.15,0.4757421665,0.65625,0.1003104412,1,1
0.073125,342.15,0.47580358,0.65625,0.1003030882,1,1
0.07375,342.15,0.4758639629,0.65625,0.1002958502,1,1
0.074375,342.15,0.475923341,0.65625,0.1002887244,1,1
0.075,342.15,0.4759817391,0.65625,0.1002817084,1,1
0.075625,342.15,0.4760391812,0.65625,0.1002747995,1,1
0.07625,342.15,0.4760956908,0.65625,0.1002679954,1,1
0.076875,342.15,0.4761512902,0.65625,0.1002612937,1,1
0.0775,342.15,0.4762060014,0.65625,0.1002546922,1,1
0.078125,342.15,0.4762598453,0.65625,0.1002481885,1,1
0.07875,342.15,0.4763128426,0.65625,0.1002417806,1,1
0.079375,342.15,0.4763650129,0.65625,0.1002354664,1,1
0.08,342.15,0.4764163756,0.65625,0.1002292438,1,1
0.00625,342.65,0.4046942166,0.65234375,0.1035371094,0,0
0.006875,342.65,0.4108563455,0.65234375,0.1036563935,0,0
0.0075,342.65,0.4160900725,0.65234375,0.1037021195,0,0
0.008125,342.65,0.4205900498,0.65234375,0.1036998971,0,0
0.00875,342.65,0.4245001825,0.65234375,0.1036663125,0,0
0.009375,342.65,0.4279291215,0.65234375,0.1036123226,0,0
0.01,342.65,0.4309604175,0.65234375,0.1035452811,0,0
0.010625,342.65,0.4336593629,0.65234375,0.1034701845,0,0
0.01125,342.65,0.4360777146,0.65234375,0.1033904577,0,0
0.011875,342.65,0.4382570244,0.65234375,0.1033084607,0,0
0.0125,342.65,0.4402310335,0.65234375,0.1032258226,0,0
0.013125,342.65,0.4420274238,0.65234375,0.1031436639,0,0
0.01375,342.65,0.4436691184,0.65234375,0.1030627489,0,0
0.014375,342.65,0.4451752615,0.65234375,0.1029835902,0,0
0.015,342.65,0.4465619653,0.65234375,0.1029065213,0,0
0.015625,342.65,0.4478428875,0.65234375,0.102831748,0,0
0.01625,342.65,0.4490296811,0.65234375,0.1027593851,0,0
0.016875,342.65,0.4501323489,0.65234375,0.1026894827,0,0
0.0175,342.65,0.4511595256,0.65234375,0.1026220445,0,0
0.018125,342.65,0.4521187037,0.65234375,0.1025570422,0,0
0.01875,342.65,0.4530164166,0.65234375,0.1024944249,0,0
0.019375,342.65,0.4538583867,0.65234375,0.1024341266,0,0
0.02,342.65,0.4546496479,0.65234375,0.1023760717,0,0
0.020625,342.65,0.4553946458,0.65234375,0.1023201784,0,0
0.02125,342.65,0.4560973213,0.65234375,0.1022663621,0,0
0.021875,342.65,0.4567611803,0.65234375,0.102214537,0,0
0.0225,342.65,0.4573893517,0.65234375,0.1021646176,0,0
0.023125,342.65,0.4579846373,0.65234375,0.10211652,0,0
0.02375,342.65,0.4585495529,0.65234375,0.1020701625,0,0
0.024375,342.65,0.4590863644,0.65234375,0.1020254661,0,0
0.025,342.65,0.4595971176,0.65234375,0.1019823546,0,0
0.025625,342.65,0.4600836646,0.65234375,0.1019407551,0,0
0.02625,342.65,0.460547686,0.65234375,0.1019005979,0,0
0.026875,342.65,0.4609907105,0.65234375,0.1018618165,0,0
0.0275,342.65,0.4614141313,0.65234375,0.1018243476,0,0
0.028125,342.65,0.4618192213,0.65234375,0.1017881313,0,0
0.02875,342.65,0.4622071455,0.65234375,0.1017531103,0,0
0.029375,342.65,0.4625789721,0.65234375,0.1017192307,0,0
0.03,342.65,0.4629356826,0.65234375,0.1016864411,0,0
0.030625,342.65,0.4632781804,0.65234375,0.1016546929,0,0
0.03125,342.65,0.4636072981,0.65234375,0.10162394,0,0
0.031875,342.65,0.4639238046,0.65234375,0.1015941388,0,0
0.0325,342.65,0.4642284112,0.65234375,0.101565248,0,0
0.033125,342.65,0.4645217764,0.65234375,0.1015372284,0,0
0.03375,342.65,0.4648045112,0.65234375,0.1015100429,0,0
0.034375,342.65,0.4650771831,0.65234375,0.1014836562,0,0
0.035,342.65,0.4653403198,0.65234375,0.1014580351,0,0
0.035625,342.65,0.4655944128,0.65234375,0.101433148,0,0
0.03625,342.65,0.4658399205,0.65234375,0.1014089648,0,0
0.036875,342.65,0.4660772707,0.65234375,0.101385457,0,0
0.0375,342.65,0.4663068632,0.65234375,0.1013625977,0,0
0.038125,342.65,0.4665290724,0.65234375,0.1013403611,0,0
0.03875,342.65,0.4667442486,0.65234375,0.1013187229,0,0
0.039375,342.65,0.4669527205,0.65234375,0.1012976599,0,0
0.04,342.65,0.4671547967,0.65234375,0.10127715,0,0
0.040625,342.65,0.4673507669,0.65234375,0.1012571724,0,0
0.04125,342.65,0.4675409038,0.65234375,0.1012377069,0,0
0.041875,342.65,0.467725464,0.65234375,0.1012187346,0,0
0.0425,342.65,0.4679046892,0.65234375,0.1012002374,0,0
0.043125,342.65,0.4680788076,0.65234375,0.101182198,0,0
0.04375,342.65,0.4682480342,0.65234375,0.1011646001,0,0
0.044375,342.65,0.4684125724,0.65234375,0.1011474278,0,0
0.045,342.65,0.4685726142,0.65234375,0.1011306662,0,0
0.045625,342.65,0.4687283417,0.65234375,0.1011143011,0,0
0.04625,342.65,0.4688799267,0.65234375,0.1010983187,0,0
0.046875,342.65,0.4690275326,0.65234375,0.101082706,0,0
0.0475,342.65,0.4691713138,0.65234375,0.1010674505,0,0
0.048125,342.65,0.4693114172,0.65234375,0.1010525403,0,0
0.04875,342.65,0.4694479821,0.65234375,0.101037964,0,0
0.049375,342.65,0.4695811408,0.65234375,0.1010237106,0,0
0.05,342.65,0.4697110192,0.65234375,0.1010097697,0,0
0.050625,342.65,0.4698377371,0.65234375,0.1009961312,0,0
0.05125,342.65,0.4699614083,0.65234375,0.1009827856,0,0
0.051875,342.65,0.4700821416,0.65234375,0.1009697235,0,0
0.0525,342.65,0.4702000402,0.65234375,0.1009569363,0,0
0.053125,342.65,0.470315203,0.65234375,0.1009444154,0,0
0.05375,342.65,0.470427724,0.65234375,0.1009321526,0,0
0.054375,342.65,0.4705376931,0.65234375,0.1009201402,0,0
0.055,342.65,0.4706451961,0.65234375,0.1009083706,0,0
0.055625,342.65,0.4707503151,0.65234375,0.1008968367,1,1
0.05625,342.65,0.4708531285,0.65234375,0.1008855314,1,1
0.056875,342.65,0.4709537113,0.65234375,0.1008744482,1,1
0.0575,342.65,0.4710521353,0.65234375,0.1008635806,1,1
0.058125,342.65,0.4711484693,0.65234375,0.1008529224,1,1
0.05875,342.65,0.4712427792,0.65234375,0.1008424677,1,1
0.059375,342.65,0.4713351281,0.65234375,0.1008322108,1,1
0.06,342.65,0.4714255765,0.65234375,0.1008221462,1,1
0.060625,342.65,0.4715141825,0.65234375,0.1008122685,1,1
0.06125,342.65,0.4716010018,0.65234375,0.1008025726,1,1
0.061875,342.65,0.4716860879,0.65234375,0.1007930537,1,1
0.0625,342.65,0.4717694922,0.65234375,0.1007837069,1,1
0.063125,342.65,0.471851264,0.65234375,0.1007745276,1,1
0.06375,342.65,0.4719314509,0.65234375,0.1007655115,1,1
0.064375,342.65,0.4720100985,0.65234375,0.1007566541,1,1
0.065,342.65,0.4720872506,0.65234375,0.1007479515,1,1
0.065625,342.65,0.4721629496,0.65234375,0.1007393996,1,1
0.06625,342.65,0.472237236,0.65234375,0.1007309946,1,1
0.066875,342.65,0.4723101491,0.65234375,0.1007227327,1,1
0.0675,342.65,0.4723817266,0.65234375,0.1007146103,1,1
0.068125,342.65,0.4724520049,0.65234375,0.100706624,1,1
0.06875,342.65,0.472521019,0.65234375,0.1006987704,1,1
0.069375,342.65,0.4725888027,0.65234375,0.1006910461,1,1
0.07,342.65,0.4726553886,0.65234375,0.1006834482,1,1
0.070625,342.65,0.4727208082,0.65234375,0.1006759734,1,1
0.07125,342.65,0.4727850919,0.65234375,0.100668619,1,1
0.071875,342.65,0.472848269,0.65234375,0.1006613819,1,1
0.0725,342.65,0.4729103679,0.65234375,0.1006542594,1,1
0.073125,342.65,0.4729714158,0.65234375,0.1006472488,1,1
0.07375,342.65,0.4730314393,0.65234375,0.1006403476,1,1
0.074375,342.65,0.4730904639,0.65234375,0.1006335532,1,1
0.075,342.65,0.4731485144,0.65234375,0.1006268632,1,1
0.075625,342.65,0.4732056147,0.65234375,0.1006202751,1,1
0.07625,342.65,0.4732617879,0.65234375,0.1006137867,1,1
0.076875,342.65,0.4733170564,0.65234375,0.1006073957,1,1
0.0775,342.65,0.4733714418,0.65234375,0.1006011001,1,1
0.078125,342.65,0.4734249653,0.65234375,0.1005948976,1,1
0.07875,342.65,0.4734776471,0.65234375,0.1005887862,1,1
0.079375,342.65,0.4735295069,0.65234375,0.1005827639,1,1
0.08,342.65,0.4735805638,0.65234375,0.1005768289,1,1
0.00625,343.15,0.4022708979,0.6484375,0.1035679576,0,0
0.006875,343.15,0.4083961279,0.6484375,0.1037083727,0,0
0.0075,343.15,0.4135985152,0.6484375,0.1037728916,0,0
0.008125,343.15,0.4180715465,0.6484375,0.1037874621,0,0
0.00875,343.15,0.4219582653,0.6484375,0.1037689549,0,0
0.009375,343.15,0.4253666716,0.6484375,0.1037285648,0,0
0.01,343.15,0.4283798162,0.6484375,0.1036738443,0,0
0.010625,343.15,0.4310626003,0.6484375,0.1036099564,0,0
0.01125,343.15,0.4334664708,0.6484375,0.1035404662,0,0
0.011875,343.15,0.4356327309,0.6484375,0.103467852,0,0
0.0125,343.15,0.4375949195,0.6484375,0.1033938432,0,0
0.013125,343.15,0.439380553,0.6484375,0.103319646,0,0
0.01375,343.15,0.4410124171,0.6484375,0.1032460983,0,0
0.014375,343.15,0.4425095413,0.6484375,0.1031737758,0,0
0.015,343.15,0.4438879415,0.6484375,0.1031030666,0,0
0.015625,343.15,0.4451611936,0.6484375,0.1030342242,0,0
0.01625,343.15,0.4463408806,0.6484375,0.1029674051,0,0
0.016875,343.15,0.4474369456,0.6484375,0.1029026954,0,0
0.0175,343.15,0.4484579716,0.6484375,0.1028401311,0,0
0.018125,343.15,0.4494114061,0.6484375,0.1027797121,0,0
0.01875,343.15,0.4503037434,0.6484375,0.1027214124,0,0
0.019375,343.15,0.4511406718,0.6484375,0.1026651886,0,0
0.02,343.15,0.4519271949,0.6484375,0.1026109847,0,0
0.020625,343.15,0.4526677317,0.6484375,0.1025587368,0,0
0.02125,343.15,0.4533661996,0.6484375,0.1025083762,0,0
0.021875,343.15,0.4540260834,0.6484375,0.1024598314,0,0
0.0225,343.15,0.4546504933,0.6484375,0.10241303,0,0
0.023125,343.15,0.4552422143,0.6484375,0.1023678998,0,0
0.02375,343.15,0.4558037472,0.6484375,0.1023243696,0,0
0.024375,343.15,0.4563373443,0.6484375,0.1022823701,0,0
0.025,343.15,0.4568450391,0.6484375,0.1022418339,0,0
0.025625,343.15,0.4573286726,0.6484375,0.1022026961,0,0
0.02625,343.15,0.4577899155,0.6484375,0.1021648943,0,0
0.026875,343.15,0.458230287,0.6484375,0.1021283688,0,0
0.0275,343.15,0.4586511724,0.6484375,0.1020930625,0,0
0.028125,343.15,0.4590538368,0.6484375,0.1020589209,0,0
0.02875,343.15,0.459439438,0.6484375,0.1020258922,0,0
0.029375,343.15,0.4598090381,0.6484375,0.1019939272,0,0
0.03,343.15,0.4601636127,0.6484375,0.1019629789,0,0
0.030625,343.15,0.4605040595,0.6484375,0.1019330029,0,0
0.03125,343.15,0.4608312064,0.6484375,0.1019039569,0,0
0.031875,343.15,0.4611458178,0.6484375,0.1018758008,0,0
0.0325,343.15,0.4614486003,0.6484375,0.1018484966,0,0
0.033125,343.15,0.4617402089,0.6484375,0.1018220082,0,0
0.03375,343.15,0.4620212507,0.6484375,0.1017963012,0,0
0.034375,343.15,0.4622922898,0.6484375,0.1017713432,0,0
0.035,343.15,0.4625538508,0.6484375,0.1017471034,0,0
0.035625,343.15,0.4628064223,0.6484375,0.1017235523,0,0
0.03625,343.15,0.4630504599,0.6484375,0.1017006623,0,0
0.036875,343.15,0.4632863888,0.6484375,0.1016784067,0,0
0.0375,343.15,0.4635146066,0.6484375,0.1016567606,0,0
0.038125,343.15,0.4637354851,0.6484375,0.1016357001,0,0
0.03875,343.15,0.4639493729,0.6484375,0.1016152023,0,0
0.039375,343.15,0.4641565964,0.6484375,0.1015952459,0,0
0.04,343.15,0.4643574625,0.6484375,0.1015758101,0,0
0.040625,343.15,0.4645522593,0.6484375,0.1015568754,0,0
0.04125,343.15,0.4647412576,0.6484375,0.1015384232,0,0
0.041875,343.15,0.4649247127,0.6484375,0.1015204358,0,0
0.0425,343.15,0.4651028647,0.6484375,0.1015028961,0,0
0.043125,343.15,0.4652759404,0.6484375,0.1014857881,0,0
0.04375,343.15,0.4654441537,0.6484375,0.1014690964,0,0
0.044375,343.15,0.4656077067,0.6484375,0.1014528063,0,0
0.045,343.15,0.4657667902,0.6484375,0.1014369037,0,0
0.045625,343.15,0.4659215851,0.6484375,0.1014213752,0,0
0.04625,343.15,0.4660722625,0.6484375,0.1014062081,0,0
0.046875,343.15,0.4662189845,0.6484375,0.1013913901,0,0
0.0475,343.15,0.4663619048,0.6484375,0.1013769095,0,0
0.048125,343.15,0.4665011692,0.6484375,0.101362755,0,0
0.04875,343.15,0.4666369163,0.6484375,0.1013489161,0,0
0.049375,343.15,0.4667692777,0.6484375,0.1013353823,0,0
0.05,343.15,0.4668983784,0.6484375,0.1013221439,0,0
0.050625,343.15,0.4670243374,0.6484375,0.1013091915,0,0
0.05125,343.15,0.4671472682,0.6484375,0.1012965159,0,0
0.051875,343.15,0.4672672784,0.6484375,0.1012841086,0,0
0.0525,343.15,0.4673844711,0.6484375,0.1012719612,0,0
0.053125,343.15,0.4674989443,0.6484375,0.1012600657,0,0
0.05375,343.15,0.4676107915,0.6484375,0.1012484146,0,0
0.054375,343.15,0.4677201021,0.6484375,0.1012370003,0,0
0.055,343.15,0.4678269614,0.6484375,0.1012258159,0,0
0.055625,343.15,0.4679314509,0.6484375,0.1012148546,1,1
0.05625,343.15,0.4680336487,0.6484375,0.1012041098,1,1
0.056875,343.15,0.4681336292,0.6484375,0.1011935753,1,1
0.0575,343.15,0.4682314639,0.6484375,0.1011832449,1,1
0.058125,343.15,0.468327221,0.6484375,0.1011731129,1,1
0.05875,343.15,0.4684209662,0.6484375,0.1011631737,1,1
0.059375,343.15,0.4685127621,0.6484375,0.1011534219,1,1
0.06,343.15,0.4686026688,0.6484375,0.1011438522,1,1
0.060625,343.15,0.4686907443,0.6484375,0.1011344597,1,1
0.06125,343.15,0.4687770437,0.6484375,0.1011252395,1,1
0.061875,343.15,0.4688616203,0.6484375,0.101116187,1,1
0.0625,343.15,0.4689445251,0.6484375,0.1011072977,1,1
0.063125,343.15,0.4690258074,0.6484375,0.1010985672,1,1
0.06375,343.15,0.4691055141,0.6484375,0.1010899914,1,1
0.064375,343.15,0.4691836907,0.6484375,0.1010815661,1,1
0.065,343.15,0.4692603809,0.6484375,0.1010732876,1,1
0.065625,343.15,0.4693356265,0.6484375,0.1010651521,1,1
0.06625,343.15,0.4694094681,0.6484375,0.1010571558,1,1
0.066875,343.15,0.4694819446,0.6484375,0.1010492953,1,1
0.0675,343.15,0.4695530935,0.6484375,0.1010415672,1,1
0.068125,343.15,0.469622951,0.6484375,0.1010339681,1,1
0.06875,343.15,0.4696915518,0.6484375,0.1010264949,1,1
0.069375,343.15,0.4697589296,0.6484375,0.1010191446,1,1
0.07,343.15,0.4698251168,0.6484375,0.101011914,1,1
0.070625,343.15,0.4698901447,0.6484375,0.1010048004,1,1
0.07125,343.15,0.4699540435,0.6484375,0.100997801,1,1
0.071875,343.15,0.4700168423,0.6484375,0.100990913,1,1
0.0725,343.15,0.4700785693,0.6484375,0.1009841337,1,1
0.073125,343.15,0.4701392516,0.6484375,0.1009774608,1,1
0.07375,343.15,0.4701989157,0.6484375,0.1009708916,1,1
0.074375,343.15,0.4702575869,0.6484375,0.1009644239,1,1
0.075,343.15,0.4703152898,0.6484375,0.1009580552,1,1
0.075625,343.15,0.4703720481,0.6484375,0.1009517834,1,1
0.07625,343.15,0.4704278849,0.6484375,0.1009456062,1,1
0.076875,343.15,0.4704828225,0.6484375,0.1009395216,1,1
0.0775,343.15,0.4705368823,0.6484375,0.1009335275,1,1
0.078125,343.15,0.4705900853,0.6484375,0.1009276218,1,1
0.07875,343.15,0.4706424516,0.6484375,0.1009218028,1,1
0.079375,343.15,0.4706940009,0.6484375,0.1009160684,1,1
0.08,343.15,0.470744752,0.6484375,0.1009104169,1,1
0.00625,343.65,0.3998475792,0.64453125,0.1035893866,0,0
0.006875,343.65,0.4059359102,0.64453125,0.1037505955,0,0
0.0075,343.65,0.4111069579,0.64453125,0.1038336115,0,0
0.008125,343.65,0.4155530432,0.64453125,0.1038647138,0,0
0.00875,343.65,0.419416348,0.64453125,0.1038610518,0,0
0.009375,343.65,0.4228042218,0.64453125,0.1038340535,0,0
0.01,343.65,0.4257992148,0.64453125,0.1037914669,0,0
0.010625,343.65,0.4284658376,0.64453125,0.1037386186,0,0
0.01125,343.65,0.430855227,0.64453125,0.1036792111,0,0
0.011875,343.65,0.4330084373,0.64453125,0.1036158393,0,0
0.0125,343.65,0.4349588056,0.64453125,0.1035503311,0,0
0.013125,343.65,0.4367336822,0.64453125,0.1034839772,0,0
0.01375,343.65,0.4383557158,0.64453125,0.1034176875,0,0
0.014375,343.65,0.4398438212,0.64453125,0.1033521,0,0
0.015,343.65,0.4412139178,0.64453125,0.1032876568,0,0
0.015625,343.65,0.4424794997,0.64453125,0.1032246581,0,0
0.01625,343.65,0.4436520802,0.64453125,0.1031633012,0,0
0.016875,343.65,0.4447415424,0.64453125,0.1031037081,0,0
0.0175,343.65,0.4457564175,0.64453125,0.1030459463,0,0
0.018125,343.65,0.4467041085,0.64453125,0.1029900435,0,0
0.01875,343.65,0.4475910703,0.64453125,0.1029359985,0,0
0.019375,343.65,0.4484229569,0.64453125,0.1028837896,0,0
0.02,343.65,0.4492047419,0.64453125,0.1028333806,0,0
0.020625,343.65,0.4499408177,0.64453125,0.1027847251,0,0
0.02125,343.65,0.450635078,0.64453125,0.1027377699,0,0
0.021875,343.65,0.4512909865,0.64453125,0.1026924578,0,0
0.0225,343.65,0.4519116349,0.64453125,0.1026487292,0,0
0.023125,343.65,0.4524997913,0.64453125,0.1026065233,0,0
0.02375,343.65,0.4530579415,0.64453125,0.1025657795,0,0
0.024375,343.65,0.4535883241,0.64453125,0.1025264378,0,0
0.025,343.65,0.4540929605,0.64453125,0.1024884397,0,0
0.025625,343.65,0.4545736806,0.64453125,0.102451728,0,0
0.02625,343.65,0.4550321449,0.64453125,0.1024162476,0,0
0.026875,343.65,0.4554698636,0.64453125,0.1023819453,0,0
0.0275,343.65,0.4558882135,0.64453125,0.1023487703,0,0
0.028125,343.65,0.4562884522,0.64453125,0.1023166735,0,0
0.02875,343.65,0.4566717306,0.64453125,0.1022856084,0,0
0.029375,343.65,0.4570391042,0.64453125,0.1022555303,0,0
0.03,343.65,0.4573915427,0.64453125,0.1022263968,0,0
0.030625,343.65,0.4577299387,0.64453125,0.1021981675,0,0
0.03125,343.65,0.4580551148,0.64453125,0.1021708038,0,0
0.031875,343.65,0.4583678309,0.64453125,0.1021442691,0,0
0.0325,343.65,0.4586687895,0.64453125,0.1021185287,0,0
0.033125,343.65,0.4589586413,0.64453125,0.1020935494,0,0
0.03375,343.65,0.4592379901,0.64453125,0.1020692998,0,0
0.034375,343.65,0.4595073964,0.64453125,0.1020457499,0,0
0.035,343.65,0.4597673818,0.64453125,0.1020228714,0,0
0.035625,343.65,0.4600184318,0.64453125,0.1020006373,0,0
0.03625,343.65,0.4602609993,0.64453125,0.1019790218,0,0
0.036875,343.65,0.460495507,0.64453125,0.1019580005,0,0
0.0375,343.65,0.4607223499,0.64453125,0.1019375502,0,0
0.038125,343.65,0.4609418979,0.64453125,0.1019176488,0,0
0.03875,343.65,0.4611544971,0.64453125,0.1018982752,0,0
0.039375,343.65,0.4613604724,0.64453125,0.1018794093,0,0
0.04,343.65,0.4615601284,0.64453125,0.1018610322,0,0
0.040625,343.65,0.4617537517,0.64453125,0.1018431256,0,0
0.04125,343.65,0.4619416115,0.64453125,0.1018256722,0,0
0.041875,343.65,0.4621239614,0.64453125,0.1018086555,0,0
0.0425,343.65,0.4623010402,0.64453125,0.1017920596,0,0
0.043125,343.65,0.4624730733,0.64453125,0.1017758697,0,0
0.04375,343.65,0.4626402733,0.64453125,0.1017600712,0,0
0.044375,343.65,0.4628028409,0.64453125,0.1017446506,0,0
0.045,343.65,0.4629609662,0.64453125,0.1017295946,0,0
0.045625,343.65,0.4631148286,0.64453125,0.1017148909,0,0
0.04625,343.65,0.4632645983,0.64453125,0.1017005274,0,0
0.046875,343.65,0.4634104364,0.64453125,0.1016864927,0,0
0.0475,343.65,0.4635524957,0.64453125,0.1016727759,0,0
0.048125,343.65,0.4636909212,0.64453125,0.1016593664,0,0
0.04875,343.65,0.4638258506,0.64453125,0.1016462542,0,0
0.049375,343.65,0.4639574145,0.64453125,0.1016334298,0,0
0.05,343.65,0.4640857375,0.64453125,0.1016208839,0,0
0.050625,343.65,0.4642109378,0.64453125,0.1016086076,0,0
0.05125,343.65,0.464333128,0.64453125,0.1015965926,0,0
0.051875,343.65,0.4644524153,0.64453125,0.1015848306,0,0
0.0525,343.65,0.464568902,0.64453125,0.1015733139,0,0
0.053125,343.65,0.4646826856,0.64453125,0.101562035,0,0
0.05375,343.65,0.464793859,0.64453125,0.1015509867,0,0
0.054375,343.65,0.4649025111,0.64453125,0.1015401621,0,0
0.055,343.65,0.4650087267,0.64453125,0.1015295545,0,0
0.055625,343.65,0.4651125868,0.64453125,0.1015191576,1,1
0.05625,343.65,0.4652141689,0.64453125,0.1015089653,1,1
0.056875,343.65,0.4653135471,0.64453125,0.1014989716,1,1
0.0575,343.65,0.4654107924,0.64453125,0.1014891708,1,1
0.058125,343.65,0.4655059727,0.64453125,0.1014795575,1,1
0.05875,343.65,0.4655991531,0.64453125,0.1014701264,1,1
0.059375,343.65,0.465690396,0.64453125,0.1014608724,1,1
0.06,343.65,0.4657797612,0.64453125,0.1014517906,1,1
0.060625,343.65,0.465867306,0.64453125,0.1014428764,1,1
0.06125,343.65,0.4659530856,0.64453125,0.1014341251,1,1
0.061875,343.65,0.4660371527,0.64453125,0.1014255323,1,1
0.0625,343.65,0.4661195581,0.64453125,0.101417094,1,1
0.063125,343.65,0.4662003507,0.64453125,0.1014088059,1,1
0.06375,343.65,0.4662795773,0.64453125,0.1014006641,1,1
0.064375,343.65,0.4663572829,0.64453125,0.1013926648,1,1
0.065,343.65,0.4664335111,0.64453125,0.1013848043,1,1
0.065625,343.65,0.4665083035,0.64453125,0.1013770791,1,1
0.06625,343.65,0.4665817003,0.64453125,0.1013694858,1,1
0.066875,343.65,0.4666537402,0.64453125,0.101362021,1,1
0.0675,343.65,0.4667244605,0.64453125,0.1013546814,1,1
0.068125,343.65,0.4667938971,0.64453125,0.1013474641,1,1
0.06875,343.65,0.4668620846,0.64453125,0.101340366,1,1
0.069375,343.65,0.4669290565,0.64453125,0.1013333842,1,1
0.07,343.65,0.466994845,0.64453125,0.1013265159,1,1
0.070625,343.65,0.4670594812,0.64453125,0.1013197583,1,1
0.07125,343.65,0.467122995,0.64453125,0.1013131088,1,1
0.071875,343.65,0.4671854155,0.64453125,0.1013065648,1,1
0.0725,343.65,0.4672467706,0.64453125,0.101300124,1,1
0.073125,343.65,0.4673070875,0.64453125,0.1012937838,1,1
0.07375,343.65,0.4673663921,0.64453125,0.1012875419,1,1
0.074375,343.65,0.4674247099,0.64453125,0.1012813962,1,1
0.075,343.65,0.4674820652,0.64453125,0.1012753443,1,1
0.075625,343.65,0.4675384816,0.64453125,0.1012693843,1,1
0.07625,343.65,0.467593982,0.64453125,0.1012635139,1,1
0.076875,343.65,0.4676485886,0.64453125,0.1012577313,1,1
0.0775,343.65,0.4677023228,0.64453125,0.1012520344,1,1
0.078125,343.65,0.4677552052,0.64453125,0.1012464214,1,1
0.07875,343.65,0.4678072561,0.64453125,0.1012408905,1,1
0.079375,343.65,0.4678584948,0.64453125,0.1012354399,1,1
0.08,343.65,0.4679089403,0.64453125,0.1012300678,1,1
0.006875,344.15,0.4034756926,0.640625,0.1037830979,0,0
0.0075,344.15,0.4086154005,0.640625,0.103884317,0,0
0.008125,344.15,0.4130345399,0.640625,0.1039316912,0,0
0.00875,344.15,0.4168744307,0.640625,0.1039426433,0,0
0.009375,344.15,0.420241772,0.640625,0.1039288302,0,0
0.01,344.15,0.4232186135,0.640625,0.1038981914,0,0
0.010625,344.15,0.425869075,0.640625,0.1038562142,0,0
0.01125,344.15,0.4282439832,0.640625,0.1038067365,0,0
0.011875,344.15,0.4303841437,0.640625,0.1037524674,0,0
0.0125,344.15,0.4323226916,0.640625,0.1036953319,0,0
0.013125,344.15,0.4340868114,0.640625,0.1036367035,0,0
0.01375,344.15,0.4356990145,0.640625,0.1035775633,0,0
0.014375,344.15,0.4371781011,0.640625,0.1035186104,0,0
0.015,344.15,0.438539894,0.640625,0.1034603399,0,0
0.015625,344.15,0.4397978057,0.640625,0.1034030981,0,0
0.01625,344.15,0.4409632797,0.640625,0.1033471223,0,0
0.016875,344.15,0.4420461391,0.640625,0.1032925701,0,0
0.0175,344.15,0.4430548635,0.640625,0.1032395399,0,0
0.018125,344.15,0.4439968109,0.640625,0.1031880867,0,0
0.01875,344.15,0.4448783971,0.640625,0.1031382336,0,0
0.019375,344.15,0.445705242,0.640625,0.1030899807,0,0
0.02,344.15,0.4464822889,0.640625,0.1030433107,0,0
0.020625,344.15,0.4472139037,0.640625,0.1029981948,0,0
0.02125,344.15,0.4479039563,0.640625,0.1029545951,0,0
0.021875,344.15,0.4485558896,0.640625,0.1029124684,0,0
0.0225,344.15,0.4491727765,0.640625,0.1028717675,0,0
0.023125,344.15,0.4497573683,0.640625,0.1028324431,0,0
0.02375,344.15,0.4503121358,0.640625,0.1027944449,0,0
0.024375,344.15,0.450839304,0.640625,0.1027577223,0,0
0.025,344.15,0.451340882,0.640625,0.1027222251,0,0
0.025625,344.15,0.4518186886,0.640625,0.1026879041,0,0
0.02625,344.15,0.4522743743,0.640625,0.1026547113,0,0
0.026875,344.15,0.4527094402,0.640625,0.1026225999,0,0
0.0275,344.15,0.4531252547,0.640625,0.1025915251,0,0
0.028125,344.15,0.4535230676,0.640625,0.1025614434,0,0
0.02875,344.15,0.4539040231,0.640625,0.1025323132,0,0
0.029375,344.15,0.4542691702,0.640625,0.1025040947,0,0
0.03,344.15,0.4546194728,0.640625,0.1024767496,0,0
0.030625,344.15,0.4549558178,0.640625,0.1024502416,0,0
0.03125,344.15,0.4552790232,0.640625,0.1024245357,0,0
0.031875,344.15,0.455589844,0.640625,0.102399599,0,0
0.0325,344.15,0.4558889786,0.640625,0.1023753996,0,0
0.033125,344.15,0.4561770738,0.640625,0.1023519076,0,0
0.03375,344.15,0.4564547296,0.640625,0.1023290941,0,0
0.034375,344.15,0.4567225031,0.640625,0.102306932,0,0
0.035,344.15,0.4569809128,0.640625,0.1022853951,0,0
0.035625,344.15,0.4572304413,0.640625,0.1022644588,0,0
0.03625,344.15,0.4574715387,0.640625,0.1022440994,0,0
0.036875,344.15,0.4577046251,0.640625,0.1022242945,0,0
0.0375,344.15,0.4579300933,0.640625,0.1022050227,0,0
0.038125,344.15,0.4581483106,0.640625,0.1021862636,0,0
0.03875,344.15,0.4583596214,0.640625,0.1021679979,0,0
0.039375,344.15,0.4585643483,0.640625,0.1021502069,0,0
0.04,344.15,0.4587627943,0.640625,0.1021328732,0,0
0.040625,344.15,0.4589552441,0.640625,0.1021159798,0,0
0.04125,344.15,0.4591419654,0.640625,0.1020995107,0,0
0.041875,344.15,0.4593232101,0.640625,0.1020834506,0,0
0.0425,344.15,0.4594992158,0.640625,0.102067785,0,0
0.043125,344.15,0.4596702062,0.640625,0.1020524998,0,0
0.04375,344.15,0.4598363928,0.640625,0.1020375817,0,0
0.044375,344.15,0.4599979752,0.640625,0.102023018,0,0
0.045,344.15,0.4601551421,0.640625,0.1020087965,0,0
0.045625,344.15,0.4603080721,0.640625,0.1019949056,0,0
0.04625,344.15,0.460456934,0.640625,0.1019813341,0,0
0.046875,344.15,0.4606018883,0.640625,0.1019680714,0,0
0.0475,344.15,0.4607430866,0.640625,0.1019551073,0,0
0.048125,344.15,0.4608806732,0.640625,0.1019424321,0,0
0.04875,344.15,0.4610147848,0.640625,0.1019300362,0,0
0.049375,344.15,0.4611455514,0.640625,0.1019179109,0,0
0.05,344.15,0.4612730967,0.640625,0.1019060474,0,0
0.050625,344.15,0.4613975382,0.640625,0.1018944376,0,0
0.05125,344.15,0.4615189878,0.640625,0.1018830736,0,0
0.051875,344.15,0.4616375522,0.640625,0.1018719476,0,0
0.0525,344.15,0.4617533329,0.640625,0.1018610525,0,0
0.053125,344.15,0.4618664269,0.640625,0.1018503813,0,0
0.05375,344.15,0.4619769266,0.640625,0.1018399272,0,0
0.054375,344.15,0.4620849202,0.640625,0.1018296837,0,0
0.055,344.15,0.462190492,0.640625,0.1018196447,0,0
0.055625,344.15,0.4622937226,0.640625,0.1018098041,1,1
0.05625,344.15,0.4623946891,0.640625,0.1018001563,1,1
0.056875,344.15,0.462493465,0.640625,0.1017906956,1,1
0.0575,344.15,0.4625901209,0.640625,0.1017814168,1,1
0.058125,344.15,0.4626847244,0.640625,0.1017723146,1,1
0.05875,344.15,0.4627773401,0.640625,0.1017633843,1,1
0.059375,344.15,0.46286803,0.640625,0.101754621,1,1
0.06,344.15,0.4629568536,0.640625,0.1017460201,1,1
0.060625,344.15,0.4630438678,0.640625,0.1017375772,1,1
0.06125,344.15,0.4631291275,0.640625,0.1017292881,1,1
0.061875,344.15,0.4632126851,0.640625,0.1017211485,1,1
0.0625,344.15,0.4632945911,0.640625,0.1017131546,1,1
0.063125,344.15,0.463374894,0.640625,0.1017053025,1,1
0.06375,344.15,0.4634536404,0.640625,0.1016975885,1,1
0.064375,344.15,0.4635308752,0.640625,0.101690009,1,1
0.065,344.15,0.4636066413,0.640625,0.1016825606,1,1
0.065625,344.15,0.4636809804,0.640625,0.1016752399,1,1
0.06625,344.15,0.4637539324,0.640625,0.1016680437,1,1
0.066875,344.15,0.4638255357,0.640625,0.1016609689,1,1
0.0675,344.15,0.4638958274,0.640625,0.1016540124,1,1
0.068125,344.15,0.4639648431,0.640625,0.1016471713,1,1
0.06875,344.15,0.4640326174,0.640625,0.1016404429,1,1
0.069375,344.15,0.4640991835,0.640625,0.1016338243,1,1
0.07,344.15,0.4641645732,0.640625,0.1016273129,1,1
0.070625,344.15,0.4642288177,0.640625,0.1016209062,1,1
0.07125,344.15,0.4642919466,0.640625,0.1016146017,1,1
0.071875,344.15,0.4643539887,0.640625,0.1016083969,1,1
0.0725,344.15,0.464414972,0.640625,0.1016022895,1,1
0.073125,344.15,0.4644749233,0.640625,0.1015962773,1,1
0.07375,344.15,0.4645338685,0.640625,0.1015903581,1,1
0.074375,344.15,0.4645918329,0.640625,0.1015845297,1,1
0.075,344.15,0.4646488405,0.640625,0.1015787901,1,1
0.075625,344.15,0.464704915,0.640625,0.1015731373,1,1
0.07625,344.15,0.4647600791,0.640625,0.1015675693,1,1
0.076875,344.15,0.4648143547,0.640625,0.1015620843,1,1
0.0775,344.15,0.4648677632,0.640625,0.1015566804,1,1
0.078125,344.15,0.4649203252,0.640625,0.1015513559,1,1
0.07875,344.15,0.4649720606,0.640625,0.101546109,1,1
0.079375,344.15,0.4650229888,0.640625,0.101540938,1,1
0.08,344.15,0.4650731285,0.640625,0.1015358414,1,1
0.006875,344.65,0.401015475,0.63671875,0.103805916,0,0
0.0075,344.65,0.4061238432,0.63671875,0.1039250455,0,0
0.008125,344.65,0.4105160366,0.63671875,0.1039884332,0,0
0.00875,344.65,0.4143325135,0.63671875,0.1040137696,0,0
0.009375,344.65,0.4176793222,0.63671875,0.104012936,0,0
0.01,344.65,0.4206380122,0.63671875,0.1039940599,0,0
0.010625,344.65,0.4232723123,0.63671875,0.1039627865,0,0
0.01125,344.65,0.4256327394,0.63671875,0.1039230863,0,0
0.011875,344.65,0.4277598502,0.63671875,0.103877781,0,0
0.0125,344.65,0.4296865776,0.63671875,0.1038288909,0,0
0.013125,344.65,0.4314399406,0.63671875,0.1037778711,0,0
0.01375,344.65,0.4330423132,0.63671875,0.1037257724,0,0
0.014375,344.65,0.4345123809,0.63671875,0.1036733541,0,0
0.015,344.65,0.4358658703,0.63671875,0.1036211635,0,0
0.015625,344.65,0.4371161118,0.63671875,0.1035695922,0,0
0.01625,344.65,0.4382744792,0.63671875,0.1035189172,0,0
0.016875,344.65,0.4393507358,0.63671875,0.1034693306,0,0
0.0175,344.65,0.4403533094,0.63671875,0.1034209614,0,0
0.018125,344.65,0.4412895132,0.63671875,0.1033738915,0,0
0.01875,344.65,0.442165724,0.63671875,0.103328168,0,0
0.019375,344.65,0.4429875271,0.63671875,0.1032838122,0,0
0.02,344.65,0.4437598359,0.63671875,0.103240826,0,0
0.020625,344.65,0.4444869896,0.63671875,0.1031991971,0,0
0.02125,344.65,0.4451728346,0.63671875,0.1031589033,0,0
0.021875,344.65,0.4458207927,0.63671875,0.1031199148,0,0
0.0225,344.65,0.4464339181,0.63671875,0.1030821969,0,0
0.023125,344.65,0.4470149453,0.63671875,0.1030457116,0,0
0.02375,344.65,0.4475663301,0.63671875,0.1030104185,0,0
0.024375,344.65,0.4480902838,0.63671875,0.1029762763,0,0
0.025,344.65,0.4485888034,0.63671875,0.1029432432,0,0
0.025625,344.65,0.4490636966,0.63671875,0.1029112778,0,0
0.02625,344.65,0.4495166037,0.63671875,0.1028803388,0,0
0.026875,344.65,0.4499490168,0.63671875,0.1028503862,0,0
0.0275,344.65,0.4503622958,0.63671875,0.1028213807,0,0
0.028125,344.65,0.4507576831,0.63671875,0.1027932845,0,0
0.02875,344.65,0.4511363156,0.63671875,0.1027660609,0,0
0.029375,344.65,0.4514992362,0.63671875,0.1027396746,0,0
0.03,344.65,0.4518474028,0.63671875,0.1027140917,0,0
0.030625,344.65,0.452181697,0.63671875,0.1026892798,0,0
0.03125,344.65,0.4525029316,0.63671875,0.1026652075,0,0
0.031875,344.65,0.4528118572,0.63671875,0.1026418452,0,0
0.0325,344.65,0.4531091678,0.63671875,0.1026191644,0,0
0.033125,344.65,0.4533955063,0.63671875,0.1025971378,0,0
0.03375,344.65,0.453671469,0.63671875,0.1025757396,0,0
0.034375,344.65,0.4539376098,0.63671875,0.1025549448,0,0
0.035,344.65,0.4541944438,0.63671875,0.10253473,0,0
0.035625,344.65,0.4544424508,0.63671875,0.1025150725,0,0
0.03625,344.65,0.4546820781,0.63671875,0.1024959509,0,0
0.036875,344.65,0.4549137432,0.63671875,0.1024773446,0,0
0.0375,344.65,0.4551378366,0.63671875,0.1024592341,0,0
0.038125,344.65,0.4553547234,0.63671875,0.1024416007,0,0
0.03875,344.65,0.4555647456,0.63671875,0.1024244266,0,0
0.039375,344.65,0.4557682242,0.63671875,0.1024076949,0,0
0.04,344.65,0.4559654602,0.63671875,0.1023913893,0,0
0.040625,344.65,0.4561567365,0.63671875,0.1023754943,0,0
0.04125,344.65,0.4563423192,0.63671875,0.1023599952,0,0
0.041875,344.65,0.4565224588,0.63671875,0.1023448779,0,0
0.0425,344.65,0.4566973913,0.63671875,0.1023301288,0,0
0.043125,344.65,0.4568673391,0.63671875,0.1023157352,0,0
0.04375,344.65,0.4570325124,0.63671875,0.1023016847,0,0
0.044375,344.65,0.4571931095,0.63671875,0.1022879654,0,0
0.045,344.65,0.4573493181,0.63671875,0.1022745662,0,0
0.045625,344.65,0.4575013155,0.63671875,0.1022614763,0,0
0.04625,344.65,0.4576492698,0.63671875,0.1022486853,0,0
0.046875,344.65,0.4577933402,0.63671875,0.1022361834,0,0
0.0475,344.65,0.4579336776,0.63671875,0.1022239611,0,0
0.048125,344.65,0.4580704252,0.63671875,0.1022120094,0,0
0.04875,344.65,0.458203719,0.63671875,0.1022003195,0,0
0.049375,344.65,0.4583336883,0.63671875,0.102188883,0,0
0.05,344.65,0.4584604559,0.63671875,0.1021776922,0,0
0.050625,344.65,0.4585841386,0.63671875,0.1021667391,0,0
0.05125,344.65,0.4587048476,0.63671875,0.1021560166,0,0
0.051875,344.65,0.4588226891,0.63671875,0.1021455174,0,0
0.0525,344.65,0.4589377638,0.63671875,0.1021352349,0,0
0.053125,344.65,0.4590501682,0.63671875,0.1021251625,0,0
0.05375,344.65,0.4591599941,0.63671875,0.1021152939,0,0
0.054375,344.65,0.4592673292,0.63671875,0.1021056231,0,0
0.055,344.65,0.4593722573,0.63671875,0.1020961444,0,0
0.055625,344.65,0.4594748585,0.63671875,0.102086852,1,1
0.05625,344.65,0.4595752092,0.63671875,0.1020777408,1,1
0.056875,344.65,0.4596733829,0.63671875,0.1020688054,1,1
0.0575,344.65,0.4597694494,0.63671875,0.1020600409,1,1
0.058125,344.65,0.4598634761,0.63671875,0.1020514426,1,1
0.05875,344.65,0.459955527,0.63671875,0.1020430058,1,1
0.059375,344.65,0.460045664,0.63671875,0.1020347261,1,1
0.06,344.65,0.4601339459,0.63671875,0.1020265991,1,1
0.060625,344.65,0.4602204296,0.63671875,0.1020186207,1,1
0.06125,344.65,0.4603051694,0.63671875,0.102010787,1,1
0.061875,344.65,0.4603882175,0.63671875,0.102003094,1,1
0.0625,344.65,0.4604696241,0.63671875,0.1019955382,1,1
0.063125,344.65,0.4605494373,0.63671875,0.1019881157,1,1
0.06375,344.65,0.4606277036,0.63671875,0.1019808233,1,1
0.064375,344.65,0.4607044674,0.63671875,0.1019736575,1,1
0.065,344.65,0.4607797716,0.63671875,0.1019666152,1,1
0.065625,344.65,0.4608536574,0.63671875,0.1019596931,1,1
0.06625,344.65,0.4609261645,0.63671875,0.1019528883,1,1
0.066875,344.65,0.4609973312,0.63671875,0.1019461978,1,1
0.0675,344.65,0.4610671943,0.63671875,0.1019396188,1,1
0.068125,344.65,0.4611357892,0.63671875,0.1019331485,1,1
0.06875,344.65,0.4612031503,0.63671875,0.1019267843,1,1
0.069375,344.65,0.4612693104,0.63671875,0.1019205237,1,1
0.07,344.65,0.4613343014,0.63671875,0.1019143642,1,1
0.070625,344.65,0.4613981541,0.63671875,0.1019083032,1,1
0.07125,344.65,0.4614608981,0.63671875,0.1019023386,1,1
0.071875,344.65,0.461522562,0.63671875,0.1018964681,1,1
0.0725,344.65,0.4615831734,0.63671875,0.1018906894,1,1
0.073125,344.65,0.4616427591,0.63671875,0.1018850004,1,1
0.07375,344.65,0.461701345,0.63671875,0.1018793991,1,1
0.074375,344.65,0.4617589558,0.63671875,0.1018738835,1,1
0.075,344.65,0.4618156159,0.63671875,0.1018684517,1,1
0.075625,344.65,0.4618713485,0.63671875,0.1018631017,1,1
0.07625,344.65,0.4619261762,0.63671875,0.1018578317,1,1
0.076875,344.65,0.4619801209,0.63671875,0.10185264,1,1
0.0775,344.65,0.4620332037,0.63671875,0.1018475249,1,1
0.078125,344.65,0.4620854452,0.63671875,0.1018424846,1,1
0.07875,344.65,0.4621368651,0.63671875,0.1018375176,1,1
0.079375,344.65,0.4621874828,0.63671875,0.1018326223,1,1
0.08,344.65,0.4622373168,0.63671875,0.1018277971,1,1
0.006875,345.15,0.3985552573,0.6328125,0.1038190856,0,0
0.0075,345.15,0.4036322859,0.6328125,0.1039558343,0,0
0.008125,345.15,0.4079975333,0.6328125,0.1040349785,0,0
0.00875,345.15,0.4117905962,0.6328125,0.1040744705,0,0
0.009375,345.15,0.4151168723,0.6328125,0.1040864118,0,0
0.01,345.15,0.4180574109,0.6328125,0.1040791143,0,0
0.010625,345.15,0.4206755497,0.6328125,0.1040583781,0,0
0.01125,345.15,0.4230214956,0.6328125,0.1040283042,0,0
0.011875,345.15,0.4251355566,0.6328125,0.1039918245,0,0
0.0125,345.15,0.4270504637,0.6328125,0.1039510533,0,0
0.013125,345.15,0.4287930698,0.6328125,0.1039075256,0,0
0.01375,345.15,0.4303856119,0.6328125,0.103862361,0,0
0.014375,345.15,0.4318466608,0.6328125,0.1038163781,0,0
0.015,345.15,0.4331918466,0.6328125,0.1037701752,0,0
0.015625,345.15,0.4344344178,0.6328125,0.1037241886,0,0
0.01625,345.15,0.4355856787,0.6328125,0.1036787343,0,0
0.016875,345.15,0.4366553325,0.6328125,0.1036340384,0,0
0.0175,345.15,0.4376517554,0.6328125,0.1035902599,0,0
0.018125,345.15,0.4385822156,0.6328125,0.1035475075,0,0
0.01875,345.15,0.4394530508,0.6328125,0.1035058517,0,0
0.019375,345.15,0.4402698122,0.6328125,0.1034653347,0,0
0.02,345.15,0.441037383,0.6328125,0.1034259769,0,0
0.020625,345.15,0.4417600756,0.6328125,0.1033877831,0,0
0.02125,345.15,0.4424417129,0.6328125,0.1033507457,0,0
0.021875,345.15,0.4430856958,0.6328125,0.1033148486,0,0
0.0225,345.15,0.4436950597,0.6328125,0.1032800693,0,0
0.023125,345.15,0.4442725224,0.6328125,0.1032463807,0,0
0.02375,345.15,0.4448205244,0.6328125,0.1032137524,0,0
0.024375,345.15,0.4453412637,0.6328125,0.1031821523,0,0
0.025,345.15,0.4458367249,0.6328125,0.1031515468,0,0
0.025625,345.15,0.4463087046,0.6328125,0.1031219018,0,0
0.02625,345.15,0.4467588332,0.6328125,0.1030931833,0,0
0.026875,345.15,0.4471885934,0.6328125,0.1030653574,0,0
0.0275,345.15,0.4475993369,0.6328125,0.1030383907,0,0
0.028125,345.15,0.4479922985,0.6328125,0.1030122505,0,0
0.02875,345.15,0.4483686082,0.6328125,0.1029869053,0,0
0.029375,345.15,0.4487293023,0.6328125,0.1029623241,0,0
0.03,345.15,0.4490753328,0.6328125,0.1029384773,0,0
0.030625,345.15,0.4494075762,0.6328125,0.1029153363,0,0
0.03125,345.15,0.44972684,0.6328125,0.1028928735,0,0
0.031875,345.15,0.4500338703,0.6328125,0.1028710624,0,0
0.0325,345.15,0.4503293569,0.6328125,0.1028498777,0,0
0.033125,345.15,0.4506139388,0.6328125,0.102829295,0,0
0.03375,345.15,0.4508882085,0.6328125,0.1028092911,0,0
0.034375,345.15,0.4511527165,0.6328125,0.1027898436,0,0
0.035,345.15,0.4514079749,0.6328125,0.1027709313,0,0
0.035625,345.15,0.4516544603,0.6328125,0.1027525338,0,0
0.03625,345.15,0.4518926175,0.6328125,0.1027346317,0,0
0.036875,345.15,0.4521228614,0.6328125,0.1027172064,0,0
0.0375,345.15,0.4523455799,0.6328125,0.10270024,0,0
0.038125,345.15,0.4525611361,0.6328125,0.1026837158,0,0
0.03875,345.15,0.4527698699,0.6328125,0.1026676173,0,0
0.039375,345.15,0.4529721001,0.6328125,0.1026519292,0,0
0.04,345.15,0.4531681261,0.6328125,0.1026366365,0,0
0.040625,345.15,0.4533582289,0.6328125,0.1026217253,0,0
0.04125,345.15,0.4535426731,0.6328125,0.102607182,0,0
0.041875,345.15,0.4537217075,0.6328125,0.1025929935,0,0
0.0425,345.15,0.4538955668,0.6328125,0.1025791476,0,0
0.043125,345.15,0.454064472,0.6328125,0.1025656325,0,0
0.04375,345.15,0.454228632,0.6328125,0.1025524367,0,0
0.044375,345.15,0.4543882438,0.6328125,0.1025395495,0,0
0.045,345.15,0.4545434941,0.6328125,0.1025269606,0,0
0.045625,345.15,0.454694559,0.6328125,0.1025146599,0,0
0.04625,345.15,0.4548416056,0.6328125,0.1025026379,0,0
0.046875,345.15,0.4549847921,0.6328125,0.1024908856,0,0
0.0475,345.15,0.4551242685,0.6328125,0.1024793943,0,0
0.048125,345.15,0.4552601772,0.6328125,0.1024681554,0,0
0.04875,345.15,0.4553926533,0.6328125,0.102457161,0,0
0.049375,345.15,0.4555218252,0.6328125,0.1024464034,0,0
0.05,345.15,0.455647815,0.6328125,0.1024358752,0,0
0.050625,345.15,0.4557707389,0.6328125,0.1024255693,0,0
0.05125,345.15,0.4558907075,0.6328125,0.1024154789,0,0
0.051875,345.15,0.4560078259,0.6328125,0.1024055973,0,0
0.0525,345.15,0.4561221947,0.6328125,0.1023959184,0,0
0.053125,345.15,0.4562339095,0.6328125,0.1023864361,0,0
0.05375,345.15,0.4563430616,0.6328125,0.1023771444,0,0
0.054375,345.15,0.4564497382,0.6328125,0.102368038,0,0
0.055,345.15,0.4565540226,0.6328125,0.1023591113,0,0
0.055625,345.15,0.4566559943,0.6328125,0.1023503591,1,1
0.05625,345.15,0.4567557294,0.6328125,0.1023417766,1,1
0.056875,345.15,0.4568533008,0.6328125,0.1023333588,1,1
0.0575,345.15,0.456948778,0.6328125,0.1023251012,1,1
0.058125,345.15,0.4570422278,0.6328125,0.1023169993,1,1
0.05875,345.15,0.457133714,0.6328125,0.1023090488,1,1
0.059375,345.15,0.4572232979,0.6328125,0.1023012455,1,1
0.06,345.15,0.4573110383,0.6328125,0.1022935855,1,1
0.060625,345.15,0.4573969914,0.6328125,0.1022860649,1,1
0.06125,345.15,0.4574812113,0.6328125,0.1022786799,1,1
0.061875,345.15,0.4575637499,0.6328125,0.102271427,1,1
0.0625,345.15,0.4576446571,0.6328125,0.1022643027,1,1
0.063125,345.15,0.4577239807,0.6328125,0.1022573037,1,1
0.06375,345.15,0.4578017668,0.6328125,0.1022504267,1,1
0.064375,345.15,0.4578780596,0.6328125,0.1022436686,1,1
0.065,345.15,0.4579529018,0.6328125,0.1022370264,1,1
0.065625,345.15,0.4580263343,0.6328125,0.1022304971,1,1
0.06625,345.15,0.4580983966,0.6328125,0.1022240779,1,1
0.066875,345.15,0.4581691267,0.6328125,0.1022177661,1,1
0.0675,345.15,0.4582385612,0.6328125,0.1022115591,1,1
0.068125,345.15,0.4583067353,0.6328125,0.1022054542,1,1
0.06875,345.15,0.4583736831,0.6328125,0.102199449,1,1
0.069375,345.15,0.4584394373,0.6328125,0.1021935411,1,1
0.07,345.15,0.4585040297,0.6328125,0.1021877282,1,1
0.070625,345.15,0.4585674906,0.6328125,0.102182008,1,1
0.07125,345.15,0.4586298496,0.6328125,0.1021763784,1,1
0.071875,345.15,0.4586911352,0.6328125,0.1021708372,1,1
0.0725,345.15,0.4587513748,0.6328125,0.1021653824,1,1
0.073125,345.15,0.458810595,0.6328125,0.1021600119,1,1
0.07375,345.15,0.4588688214,0.6328125,0.1021547239,1,1
0.074375,345.15,0.4589260788,0.6328125,0.1021495165,1,1
0.075,345.15,0.4589823912,0.6328125,0.1021443879,1,1
0.075625,345.15,0.4590377819,0.6328125,0.1021393363,1,1
0.07625,345.15,0.4590922733,0.6328125,0.10213436,1,1
0.076875,345.15,0.459145887,0.6328125,0.1021294574,1,1
0.0775,345.15,0.4591986442,0.6328125,0.1021246267,1,1
0.078125,345.15,0.4592505651,0.6328125,0.1021198666,1,1
0.07875,345.15,0.4593016696,0.6328125,0.1021151754,1,1
0.079375,345.15,0.4593519767,0.6328125,0.1021105517,1,1
0.08,345.15,0.459401505,0.6328125,0.102105994,1,1
0.006875,345.65,0.3960950397,0.62890625,0.1038226423,0,0
0.0075,345.65,0.4011407286,0.62890625,0.1039767206,0,0
0.008125,345.65,0.40547903,0.62890625,0.1040713654,0,0
0.00875,345.65,0.409248679,0.62890625,0.1041247856,0,0
0.009375,345.65,0.4125544225,0.62890625,0.1041492983,0,0
0.01,345.65,0.4154768096,0.62890625,0.1041533963,0,0
0.010625,345.65,0.418078787,0.62890625,0.1041430317,0,0
0.01125,345.65,0.4204102518,0.62890625,0.1041224335,0,0
0.011875,345.65,0.4225112631,0.62890625,0.1040946422,0,0
0.0125,345.65,0.4244143497,0.62890625,0.104061864,0,0
0.013125,345.65,0.426146199,0.62890625,0.1040257127,0,0
0.01375,345.65,0.4277289106,0.62890625,0.1039873755,0,0
0.014375,345.65,0.4291809407,0.62890625,0.103947729,0,0
0.015,345.65,0.4305178228,0.62890625,0.1039074221,0,0
0.015625,345.65,0.4317527239,0.62890625,0.1038669349,0,0
0.01625,345.65,0.4328968782,0.62890625,0.1038266216,0,0
0.016875,345.65,0.4339599292,0.62890625,0.103786742,0,0
0.0175,345.65,0.4349502013,0.62890625,0.1037474846,0,0
0.018125,345.65,0.435874918,0.62890625,0.1037089842,0,0
0.01875,345.65,0.4367403777,0.62890625,0.1036713344,0,0
0.019375,345.65,0.4375520973,0.62890625,0.103634598,0,0
0.02,345.65,0.43831493,0.62890625,0.103598814,0,0
0.020625,345.65,0.4390331615,0.62890625,0.1035640033,0,0
0.02125,345.65,0.4397105912,0.62890625,0.1035301733,0,0
0.021875,345.65,0.4403505989,0.62890625,0.1034973211,0,0
0.0225,345.65,0.4409562013,0.62890625,0.1034654362,0,0
0.023125,345.65,0.4415300994,0.62890625,0.1034345022,0,0
0.02375,345.65,0.4420747187,0.62890625,0.1034044987,0,0
0.024375,345.65,0.4425922435,0.62890625,0.1033754025,0,0
0.025,345.65,0.4430846463,0.62890625,0.1033471881,0,0
0.025625,345.65,0.4435537126,0.62890625,0.103319829,0,0
0.02625,345.65,0.4440010626,0.62890625,0.1032932977,0,0
0.026875,345.65,0.44442817,0.62890625,0.1032675666,0,0
0.0275,345.65,0.4448363781,0.62890625,0.1032426081,0,0
0.028125,345.65,0.445226914,0.62890625,0.1032183948,0,0
0.02875,345.65,0.4456009007,0.62890625,0.1031948998,0,0
0.029375,345.65,0.4459593683,0.62890625,0.1031720968,0,0
0.03,345.65,0.4463032629,0.62890625,0.1031499603,0,0
0.030625,345.65,0.4466334553,0.62890625,0.1031284653,0,0
0.03125,345.65,0.4469507484,0.62890625,0.1031075879,0,0
0.031875,345.65,0.4472558835,0.62890625,0.103087305,0,0
0.0325,345.65,0.4475495461,0.62890625,0.103067594,0,0
0.033125,345.65,0.4478323712,0.62890625,0.1030484337,0,0
0.03375,345.65,0.4481049479,0.62890625,0.1030298033,0,0
0.034375,345.65,0.4483678232,0.62890625,0.103011683,0,0
0.035,345.65,0.4486215059,0.62890625,0.1029940539,0,0
0.035625,345.65,0.4488664698,0.62890625,0.1029768977,0,0
0.03625,345.65,0.4491031569,0.62890625,0.102960197,0,0
0.036875,345.65,0.4493319795,0.62890625,0.102943935,0,0
0.0375,345.65,0.4495533233,0.62890625,0.1029280959,0,0
0.038125,345.65,0.4497675488,0.62890625,0.1029126642,0,0
0.03875,345.65,0.4499749942,0.62890625,0.1028976254,0,0
0.039375,345.65,0.4501759761,0.62890625,0.1028829654,0,0
0.04,345.65,0.450370792,0.62890625,0.1028686708,0,0
0.040625,345.65,0.4505597214,0.62890625,0.1028547287,0,0
0.04125,345.65,0.450743027,0.62890625,0.1028411269,0,0
0.041875,345.65,0.4509209563,0.62890625,0.1028278535,0,0
0.0425,345.65,0.4510937423,0.62890625,0.1028148974,0,0
0.043125,345.65,0.4512616049,0.62890625,0.1028022477,0,0
0.04375,345.65,0.4514247515,0.62890625,0.1027898941,0,0
0.044375,345.65,0.4515833781,0.62890625,0.1027778266,0,0
0.045,345.65,0.45173767,0.62890625,0.1027660359,0,0
0.045625,345.65,0.4518878024,0.62890625,0.1027545127,0,0
0.04625,345.65,0.4520339413,0.62890625,0.1027432484,0,0
0.046875,345.65,0.452176244,0.62890625,0.1027322346,0,0
0.0475,345.65,0.4523148594,0.62890625,0.1027214633,0,0
0.048125,345.65,0.4524499292,0.62890625,0.1027109268,0,0
0.04875,345.65,0.4525815875,0.62890625,0.1027006177,0,0
0.049375,345.65,0.4527099621,0.62890625,0.1026905289,0,0
0.05,345.65,0.4528351742,0.62890625,0.1026806536,0,0
0.050625,345.65,0.4529573393,0.62890625,0.1026709852,0,0
0.05125,345.65,0.4530765673,0.62890625,0.1026615175,0,0
0.051875,345.65,0.4531929628,0.62890625,0.1026522445,0,0
0.0525,345.65,0.4533066256,0.62890625,0.1026431602,0,0
0.053125,345.65,0.4534176508,0.62890625,0.1026342592,0,0
0.05375,345.65,0.4535261291,0.62890625,0.102625536,0,0
0.054375,345.65,0.4536321472,0.62890625,0.1026169855,0,0
0.055,345.65,0.4537357879,0.62890625,0.1026086027,1,1
0.055625,345.65,0.4538371301,0.62890625,0.1026003828,1,1
0.05625,345.65,0.4539362496,0.62890625,0.1025923212,1,1
0.056875,345.65,0.4540332187,0.62890625,0.1025844134,1,1
0.0575,345.65,0.4541281065,0.62890625,0.1025766551,1,1
0.058125,345.65,0.4542209794,0.62890625,0.1025690423,1,1
0.05875,345.65,0.4543119009,0.62890625,0.1025615709,1,1
0.059375,345.65,0.4544009319,0.62890625,0.1025542371,1,1
0.06,345.65,0.4544881306,0.62890625,0.1025470371,1,1
0.060625,345.65,0.4545735532,0.62890625,0.1025399674,1,1
0.06125,345.65,0.4546572532,0.62890625,0.1025330246,1,1
0.061875,345.65,0.4547392823,0.62890625,0.1025262053,1,1
0.0625,345.65,0.45481969,0.62890625,0.1025195063,1,1
0.063125,345.65,0.454898524,0.62890625,0.1025129244,1,1
0.06375,345.65,0.4549758299,0.62890625,0.1025064567,1,1
0.064375,345.65,0.4550516518,0.62890625,0.1025001002,1,1
0.065,345.65,0.455126032,0.62890625,0.1024938522,1,1
0.065625,345.65,0.4551990113,0.62890625,0.1024877099,1,1
0.06625,345.65,0.4552706287,0.62890625,0.1024816707,1,1
0.066875,345.65,0.4553409222,0.62890625,0.102475732,1,1
0.0675,345.65,0.4554099281,0.62890625,0.1024698914,1,1
0.068125,345.65,0.4554776814,0.62890625,0.1024641465,1,1
0.06875,345.65,0.4555442159,0.62890625,0.1024584951,1,1
0.069375,345.65,0.4556095642,0.62890625,0.1024529347,1,1
0.07,345.65,0.4556737579,0.62890625,0.1024474634,1,1
0.070625,345.65,0.4557368271,0.62890625,0.1024420789,1,1
0.07125,345.65,0.4557988012,0.62890625,0.1024367793,1,1
0.071875,345.65,0.4558597085,0.62890625,0.1024315626,1,1
0.0725,345.65,0.4559195762,0.62890625,0.1024264268,1,1
0.073125,345.65,0.4559784308,0.62890625,0.1024213702,1,1
0.07375,345.65,0.4560362978,0.62890625,0.1024163909,1,1
0.074375,345.65,0.4560932018,0.62890625,0.1024114872,1,1
0.075,345.65,0.4561491666,0.62890625,0.1024066573,1,1
0.075625,345.65,0.4562042154,0.62890625,0.1024018997,1,1
0.07625,345.65,0.4562583703,0.62890625,0.1023972128,1,1
0.076875,345.65,0.4563116531,0.62890625,0.1023925949,1,1
0.0775,345.65,0.4563640846,0.62890625,0.1023880446,1,1
0.078125,345.65,0.4564156851,0.62890625,0.1023835604,1,1
0.07875,345.65,0.4564664741,0.62890625,0.102379141,1,1
0.079375,345.65,0.4565164707,0.62890625,0.1023747849,1,1
0.08,345.65,0.4565656932,0.62890625,0.1023704907,1,1
0.006875,346.15,0.3936348221,0.625,0.1038166217,0,0
0.0075,346.15,0.3986491713,0.625,0.1039877412,0,0
0.008125,346.15,0.4029605267,0.625,0.1040976322,0,0
0.00875,346.15,0.4067067617,0.625,0.1041647544,0,0
0.009375,346.15,0.4099919727,0.625,0.1042016361,0,0
0.01,346.15,0.4128962083,0.625,0.1042169475,0,0
0.010625,346.15,0.4154820244,0.625,0.1042167896,0,0
0.01125,346.15,0.417799008,0.625,0.1042055176,0,0
0.011875,346.15,0.4198869695,0.625,0.1041862779,0,0
0.0125,346.15,0.4217782357,0.625,0.1041613676,0,0
0.013125,346.15,0.4234993282,0.625,0.1041324777,0,0
0.01375,346.15,0.4250722093,0.625,0.1041008616,0,0
0.014375,346.15,0.4265152206,0.625,0.1040674533,0,0
0.015,346.15,0.4278437991,0.625,0.1040329512,0,0
0.015625,346.15,0.42907103,0.625,0.1039978785,0,0
0.01625,346.15,0.4302080777,0.625,0.1039626271,0,0
0.016875,346.15,0.4312645259,0.625,0.1039274897,0,0
0.0175,346.15,0.4322486473,0.625,0.1038926841,0,0
0.018125,346.15,0.4331676204,0.625,0.1038583705,0,0
0.01875,346.15,0.4340277045,0.625,0.1038246655,0,0
0.019375,346.15,0.4348343824,0.625,0.1037916521,0,0
0.02,346.15,0.435592477,0.625,0.1037593872,0,0
0.020625,346.15,0.4363062475,0.625,0.1037279082,0,0
0.02125,346.15,0.4369794695,0.625,0.1036972367,0,0
0.021875,346.15,0.4376155021,0.625,0.1036673831,0,0
0.0225,346.15,0.4382173429,0.625,0.1036383486,0,0
0.023125,346.15,0.4387876764,0.625,0.1036101275,0,0
0.02375,346.15,0.439328913,0.625,0.1035827091,0,0
0.024375,346.15,0.4398432234,0.625,0.1035560789,0,0
0.025,346.15,0.4403325678,0.625,0.1035302194,0,0
0.025625,346.15,0.4407987206,0.625,0.1035051115,0,0
0.02625,346.15,0.441243292,0.625,0.1034807343,0,0
0.026875,346.15,0.4416677465,0.625,0.1034570665,0,0
0.0275,346.15,0.4420734192,0.625,0.1034340859,0,0
0.028125,346.15,0.4424615294,0.625,0.1034117703,0,0
0.02875,346.15,0.4428331933,0.625,0.1033900977,0,0
0.029375,346.15,0.4431894343,0.625,0.1033690461,0,0
0.03,346.15,0.4435311929,0.625,0.1033485941,0,0
0.030625,346.15,0.4438593345,0.625,0.1033287204,0,0
0.03125,346.15,0.4441746568,0.625,0.1033094046,0,0
0.031875,346.15,0.4444778966,0.625,0.1032906268,0,0
0.0325,346.15,0.4447697353,0.625,0.1032723675,0,0
0.033125,346.15,0.4450508037,0.625,0.1032546081,0,0
0.03375,346.15,0.4453216874,0.625,0.1032373306,0,0
0.034375,346.15,0.4455829299,0.625,0.1032205176,0,0
0.035,346.15,0.4458350369,0.625,0.1032041524,0,0
0.035625,346.15,0.4460784793,0.625,0.1031882188,0,0
0.03625,346.15,0.4463136963,0.625,0.1031727015,0,0
0.036875,346.15,0.4465410977,0.625,0.1031575855,0,0
0.0375,346.15,0.4467610666,0.625,0.1031428566,0,0
0.038125,346.15,0.4469739616,0.625,0.1031285012,0,0
0.03875,346.15,0.4471801184,0.625,0.1031145062,0,0
0.039375,346.15,0.447379852,0.625,0.1031008589,0,0
0.04,346.15,0.4475734579,0.625,0.1030875473,0,0
0.040625,346.15,0.4477612138,0.625,0.1030745599,0,0
0.04125,346.15,0.4479433809,0.625,0.1030618855,0,0
0.041875,346.15,0.448120205,0.625,0.1030495136,0,0
0.0425,346.15,0.4482919178,0.625,0.1030374339,0,0
0.043125,346.15,0.4484587378,0.625,0.1030256367,0,0
0.04375,346.15,0.4486208711,0.625,0.1030141126,0,0
0.044375,346.15,0.4487785124,0.625,0.1030028526,0,0
0.045,346.15,0.448931846,0.625,0.1029918482,0,0
0.045625,346.15,0.4490810459,0.625,0.1029810909,0,0
0.04625,346.15,0.4492262771,0.625,0.1029705729,0,0
0.046875,346.15,0.4493676959,0.625,0.1029602866,0,0
0.0475,346.15,0.4495054504,0.625,0.1029502247,0,0
0.048125,346.15,0.4496396812,0.625,0.10294038,0,0
0.04875,346.15,0.4497705217,0.625,0.1029307459,0,0
0.049375,346.15,0.449898099,0.625,0.1029213159,0,0
0.05,346.15,0.4500225334,0.625,0.1029120838,0,0
0.050625,346.15,0.4501439397,0.625,0.1029030435,0,0
0.05125,346.15,0.4502624271,0.625,0.1028941893,0,0
0.051875,346.15,0.4503780997,0.625,0.1028855156,0,0
0.0525,346.15,0.4504910565,0.625,0.1028770171,0,0
0.053125,346.15,0.4506013921,0.625,0.1028686888,0,0
0.05375,346.15,0.4507091966,0.625,0.1028605255,0,0
0.054375,346.15,0.4508145562,0.625,0.1028525227,0,0
0.055,346.15,0.4509175532,0.625,0.1028446757,1,1
0.055625,346.15,0.451018266,0.625,0.1028369801,1,1
0.05625,346.15,0.4511167698,0.625,0.1028294316,1,1
0.056875,346.15,0.4512131366,0.625,0.1028220262,1,1
0.0575,346.15,0.451307435,0.625,0.1028147598,1,1
0.058125,346.15,0.4513997311,0.625,0.1028076288,1,1
0.05875,346.15,0.4514900879,0.625,0.1028006294,1,1
0.059375,346.15,0.4515785658,0.625,0.102793758,1,1
0.06,346.15,0.451665223,0.625,0.1027870112,1,1
0.060625,346.15,0.4517501149,0.625,0.1027803858,1,1
0.06125,346.15,0.4518332951,0.625,0.1027738786,1,1
0.061875,346.15,0.4519148147,0.625,0.1027674864,1,1
0.0625,346.15,0.451994723,0.625,0.1027612062,1,1
0.063125,346.15,0.4520730673,0.625,0.1027550353,1,1
0.06375,346.15,0.4521498931,0.625,0.1027489708,1,1
0.064375,346.15,0.4522252441,0.625,0.10274301,1,1
0.065,346.15,0.4522991623,0.625,0.1027371503,1,1
0.065625,346.15,0.4523716882,0.625,0.1027313893,1,1
0.06625,346.15,0.4524428609,0.625,0.1027257244,1,1
0.066875,346.15,0.4525127177,0.625,0.1027201533,1,1
0.0675,346.15,0.452581295,0.625,0.1027146737,1,1
0.068125,346.15,0.4526486274,0.625,0.1027092835,1,1
0.06875,346.15,0.4527147487,0.625,0.1027039804,1,1
0.069375,346.15,0.4527796912,0.625,0.1026987624,1,1
0.07,346.15,0.4528434861,0.625,0.1026936275,1,1
0.070625,346.15,0.4529061636,0.625,0.1026885738,1,1
0.07125,346.15,0.4529677527,0.625,0.1026835993,1,1
0.071875,346.15,0.4530282817,0.625,0.1026787023,1,1
0.0725,346.15,0.4530877776,0.625,0.1026738809,1,1
0.073125,346.15,0.4531462666,0.625,0.1026691334,1,1
0.07375,346.15,0.4532037742,0.625,0.1026644582,1,1
0.074375,346.15,0.4532603247,0.625,0.1026598536,1,1
0.075,346.15,0.453315942,0.625,0.1026553181,1,1
0.075625,346.15,0.4533706488,0.625,0.1026508501,1,1
0.07625,346.15,0.4534244674,0.625,0.1026464482,1,1
0.076875,346.15,0.4534774193,0.625,0.1026421109,1,1
0.0775,346.15,0.4535295251,0.625,0.1026378367,1,1
0.078125,346.15,0.4535808051,0.625,0.1026336245,1,1
0.07875,346.15,0.4536312786,0.625,0.1026294727,1,1
0.079375,346.15,0.4536809647,0.625,0.1026253802,1,1
0.08,346.15,0.4537298815,0.625,0.1026213457,1,1
0.0075,346.65,0.3961576139,0.62109375,0.1039889331,0,0
0.008125,346.65,0.4004420234,0.62109375,0.104113817,0,0
0.00875,346.65,0.4041648444,0.62109375,0.1041944161,0,0
0.009375,346.65,0.4074295228,0.62109375,0.1042434654,0,0
0.01,346.65,0.410315607,0.62109375,0.104269809,0,0
0.010625,346.65,0.4128852617,0.62109375,0.1042796941,0,0
0.01125,346.65,0.4151877642,0.62109375,0.1042775992,0,0
0.011875,346.65,0.4172626759,0.62109375,0.1042667754,0,0
0.0125,346.65,0.4191421217,0.62109375,0.1042496085,0,0
0.013125,346.65,0.4208524574,0.62109375,0.1042278654,0,0
0.01375,346.65,0.422415508,0.62109375,0.1042028649,0,0
0.014375,346.65,0.4238495004,0.62109375,0.1041755971,0,0
0.015,346.65,0.4251697753,0.62109375,0.1041468092,0,0
0.015625,346.65,0.426389336,0.62109375,0.1041170666,0,0
0.01625,346.65,0.4275192772,0.62109375,0.1040867984,0,0
0.016875,346.65,0.4285691226,0.62109375,0.1040563297,0,0
0.0175,346.65,0.4295470932,0.62109375,0.1040259068,0,0
0.018125,346.65,0.4304603227,0.62109375,0.1039957153,0,0
0.01875,346.65,0.4313150314,0.62109375,0.1039658943,0,0
0.019375,346.65,0.4321166676,0.62109375,0.1039365464,0,0
0.02,346.65,0.432870024,0.62109375,0.1039077465,0,0
0.020625,346.65,0.4335793334,0.62109375,0.1038795478,0,0
0.02125,346.65,0.4342483479,0.62109375,0.1038519864,0,0
0.021875,346.65,0.4348804052,0.62109375,0.1038250854,0,0
0.0225,346.65,0.4354784845,0.62109375,0.1037988576,0,0
0.023125,346.65,0.4360452534,0.62109375,0.1037733079,0,0
0.02375,346.65,0.4365831073,0.62109375,0.1037484349,0,0
0.024375,346.65,0.4370942032,0.62109375,0.103724233,0,0
0.025,346.65,0.4375804892,0.62109375,0.1037006925,0,0
0.025625,346.65,0.4380437286,0.62109375,0.1036778014,0,0
0.02625,346.65,0.4384855214,0.62109375,0.1036555456,0,0
0.026875,346.65,0.4389073231,0.62109375,0.1036339095,0,0
0.0275,346.65,0.4393104603,0.62109375,0.1036128767,0,0
0.028125,346.65,0.4396961448,0.62109375,0.10359243,0,0
0.02875,346.65,0.4400654858,0.62109375,0.103572552,0,0
0.029375,346.65,0.4404195004,0.62109375,0.1035532252,0,0
0.03,346.65,0.440759123,0.62109375,0.103534432,0,0
0.030625,346.65,0.4410852136,0.62109375,0.103516155,0,0
0.03125,346.65,0.4413985652,0.62109375,0.1034983771,0,0
0.031875,346.65,0.4416999098,0.62109375,0.1034810815,0,0
0.0325,346.65,0.4419899244,0.62109375,0.1034642519,0,0
0.033125,346.65,0.4422692362,0.62109375,0.1034478722,0,0
0.03375,346.65,0.4425384268,0.62109375,0.1034319271,0,0
0.034375,346.65,0.4427980366,0.62109375,0.1034164016,0,0
0.035,346.65,0.4430485679,0.62109375,0.1034012811,0,0
0.035625,346.65,0.4432904888,0.62109375,0.1033865517,0,0
0.03625,346.65,0.4435242357,0.62109375,0.1033721998,0,0
0.036875,346.65,0.4437502158,0.62109375,0.1033582124,0,0
0.0375,346.65,0.4439688099,0.62109375,0.1033445771,0,0
0.038125,346.65,0.4441803743,0.62109375,0.1033312816,0,0
0.03875,346.65,0.4443852427,0.62109375,0.1033183146,0,0
0.039375,346.65,0.4445837279,0.62109375,0.1033056647,0,0
0.04,346.65,0.4447761238,0.62109375,0.1032933213,0,0
0.040625,346.65,0.4449627062,0.62109375,0.1032812741,0,0
0.04125,346.65,0.4451437347,0.62109375,0.1032695132,0,0
0.041875,346.65,0.4453194537,0.62109375,0.103258029,0,0
0.0425,346.65,0.4454900933,0.62109375,0.1032468126,0,0
0.043125,346.65,0.4456558707,0.62109375,0.103235855,0,0
0.04375,346.65,0.4458169906,0.62109375,0.1032251479,0,0
0.044375,346.65,0.4459736467,0.62109375,0.1032146833,0,0
0.045,346.65,0.4461260219,0.62109375,0.1032044532,0,0
0.045625,346.65,0.4462742894,0.62109375,0.1031944503,0,0
0.04625,346.65,0.4464186129,0.62109375,0.1031846674,0,0
0.046875,346.65,0.4465591478,0.62109375,0.1031750977,0,0
0.0475,346.65,0.4466960413,0.62109375,0.1031657343,0,0
0.048125,346.65,0.4468294332,0.62109375,0.1031565711,0,0
0.04875,346.65,0.446959456,0.62109375,0.1031476019,0,0
0.049375,346.65,0.4470862358,0.62109375,0.1031388208,0,0
0.05,346.65,0.4472098925,0.62109375,0.1031302221,0,0
0.050625,346.65,0.4473305401,0.62109375,0.1031218004,0,0
0.05125,346.65,0.447448287,0.62109375,0.1031135504,0,0
0.051875,346.65,0.4475632366,0.62109375,0.1031054671,0,0
0.0525,346.65,0.4476754874,0.62109375,0.1030975456,0,0
0.053125,346.65,0.4477851334,0.62109375,0.1030897813,0,0
0.05375,346.65,0.4478922642,0.62109375,0.1030821696,0,0
0.054375,346.65,0.4479969653,0.62109375,0.1030747062,0,0
0.055,346.65,0.4480993185,0.62109375,0.1030673869,1,1
0.055625,346.65,0.4481994018,0.62109375,0.1030602077,1,1
0.05625,346.65,0.44829729,0.62109375,0.1030531646,1,1
0.056875,346.65,0.4483930545,0.62109375,0.103046254,1,1
0.0575,346.65,0.4484867636,0.62109375,0.1030394722,1,1
0.058125,346.65,0.4485784828,0.62109375,0.1030328157,1,1
0.05875,346.65,0.4486682748,0.62109375,0.1030262812,1,1
0.059375,346.65,0.4487561998,0.62109375,0.1030198653,1,1
0.06,346.65,0.4488423153,0.62109375,0.103013565,1,1
0.060625,346.65,0.4489266767,0.62109375,0.1030073772,1,1
0.06125,346.65,0.449009337,0.62109375,0.1030012989,1,1
0.061875,346.65,0.4490903471,0.62109375,0.1029953274,1,1
0.0625,346.65,0.449169756,0.62109375,0.1029894599,1,1
0.063125,346.65,0.4492476107,0.62109375,0.1029836937,1,1
0.06375,346.65,0.4493239563,0.62109375,0.1029780263,1,1
0.064375,346.65,0.4493988363,0.62109375,0.1029724553,1,1
0.065,346.65,0.4494722925,0.62109375,0.1029669781,1,1
0.065625,346.65,0.4495443652,0.62109375,0.1029615926,1,1
0.06625,346.65,0.449615093,0.62109375,0.1029562964,1,1
0.066875,346.65,0.4496845132,0.62109375,0.1029510873,1,1
0.0675,346.65,0.4497526619,0.62109375,0.1029459634,1,1
0.068125,346.65,0.4498195735,0.62109375,0.1029409224,1,1
0.06875,346.65,0.4498852815,0.62109375,0.1029359626,1,1
0.069375,346.65,0.4499498181,0.62109375,0.1029310818,1,1
0.07,346.65,0.4500132143,0.62109375,0.1029262784,1,1
0.070625,346.65,0.4500755,0.62109375,0.1029215504,1,1
0.07125,346.65,0.4501367043,0.62109375,0.1029168962,1,1
0.071875,346.65,0.4501968549,0.62109375,0.102912314,1,1
0.0725,346.65,0.450255979,0.62109375,0.1029078022,1,1
0.073125,346.65,0.4503141025,0.62109375,0.1029033593,1,1
0.07375,346.65,0.4503712506,0.62109375,0.1028989836,1,1
0.074375,346.65,0.4504274477,0.62109375,0.1028946737,1,1
0.075,346.65,0.4504827173,0.62109375,0.1028904281,1,1
0.075625,346.65,0.4505370823,0.62109375,0.1028862454,1,1
0.07625,346.65,0.4505905645,0.62109375,0.1028821242,1,1
0.076875,346.65,0.4506431854,0.62109375,0.1028780632,1,1
0.0775,346.65,0.4506949656,0.62109375,0.1028740611,1,1
0.078125,346.65,0.4507459251,0.62109375,0.1028701167,1,1
0.07875,346.65,0.4507960832,0.62109375,0.1028662286,1,1
0.079375,346.65,0.4508454587,0.62109375,0.1028623958,1,1
0.08,346.65,0.4508940697,0.62109375,0.1028586171,1,1
0.0075,347.15,0.3936660566,0.6171875,0.1039803326,0,0
0.008125,347.15,0.3979235202,0.6171875,0.1041199576,0,0
0.00875,347.15,0.4016229272,0.6171875,0.1042138097,0,0
0.009375,347.15,0.404867073,0.6171875,0.1042748264,0,0
0.01,347.15,0.4077350057,0.6171875,0.104312022,0,0
0.010625,347.15,0.4102884991,0.6171875,0.1043317871,0,0
0.01125,347.15,0.4125765204,0.6171875,0.1043387213,0,0
0.011875,347.15,0.4146383824,0.6171875,0.1043361782,0,0
0.0125,347.15,0.4165060078,0.6171875,0.1043266309,0,0
0.013125,347.15,0.4182055866,0.6171875,0.1043119209,0,0
0.01375,347.15,0.4197588067,0.6171875,0.1042934309,0,0
0.014375,347.15,0.4211837803,0.6171875,0.1042722065,0,0
0.015,347.15,0.4224957516,0.6171875,0.1042490425,0,0
0.015625,347.15,0.4237076421,0.6171875,0.1042245462,0,0
0.01625,347.15,0.4248304768,0.6171875,0.1041991829,0,0
0.016875,347.15,0.4258737193,0.6171875,0.1041733097,0,0
0.0175,347.15,0.4268455392,0.6171875,0.104147201,0,0
0.018125,347.15,0.4277530251,0.6171875,0.1041210673,0,0
0.01875,347.15,0.4286023582,0.6171875,0.1040950695,0,0
0.019375,347.15,0.4293989527,0.6171875,0.1040693301,0,0
0.02,347.15,0.430147571,0.6171875,0.1040439414,0,0
0.020625,347.15,0.4308524194,0.6171875,0.1040189721,0,0
0.02125,347.15,0.4315172262,0.6171875,0.1039944726,0,0
0.021875,347.15,0.4321453083,0.6171875,0.1039704784,0,0
0.0225,347.15,0.4327396262,0.6171875,0.1039470138,0,0
0.023125,347.15,0.4333028305,0.6171875,0.1039240941,0,0
0.02375,347.15,0.4338373016,0.6171875,0.1039017274,0,0
0.024375,347.15,0.4343451831,0.6171875,0.1038799162,0,0
0.025,347.15,0.4348284107,0.6171875,0.103858659,0,0
0.025625,347.15,0.4352887366,0.6171875,0.1038379506,0,0
0.02625,347.15,0.4357277509,0.6171875,0.1038177834,0,0
0.026875,347.15,0.4361468997,0.6171875,0.1037981478,0,0
0.0275,347.15,0.4365475015,0.6171875,0.1037790328,0,0
0.028125,347.15,0.4369307603,0.6171875,0.1037604262,0,0
0.02875,347.15,0.4372977784,0.6171875,0.1037423154,0,0
0.029375,347.15,0.4376495664,0.6171875,0.1037246868,0,0
0.03,347.15,0.437987053,0.6171875,0.103707527,0,0
0.030625,347.15,0.4383110928,0.6171875,0.1036908222,0,0
0.03125,347.15,0.4386224736,0.6171875,0.1036745586,0,0
0.031875,347.15,0.4389219229,0.6171875,0.1036587226,0,0
0.0325,347.15,0.4392101136,0.6171875,0.1036433007,0,0
0.033125,347.15,0.4394876687,0.6171875,0.1036282797,0,0
0.03375,347.15,0.4397551663,0.6171875,0.1036136466,0,0
0.034375,347.15,0.4400131433,0.6171875,0.1035993888,0,0
0.035,347.15,0.4402620989,0.6171875,0.103585494,0,0
0.035625,347.15,0.4405024983,0.6171875,0.1035719503,0,0
0.03625,347.15,0.4407347751,0.6171875,0.1035587461,0,0
0.036875,347.15,0.4409593339,0.6171875,0.1035458701,0,0
0.0375,347.15,0.4411765533,0.6171875,0.1035333116,0,0
0.038125,347.15,0.4413867871,0.6171875,0.1035210599,0,0
0.03875,347.15,0.4415903669,0.6171875,0.1035091052,0,0
0.039375,347.15,0.4417876038,0.6171875,0.1034974375,0,0
0.04,347.15,0.4419787897,0.6171875,0.1034860475,0,0
0.040625,347.15,0.4421641986,0.6171875,0.1034749262,0,0
0.04125,347.15,0.4423440886,0.6171875,0.1034640648,0,0
0.041875,347.15,0.4425187024,0.6171875,0.1034534549,0,0
0.0425,347.15,0.4426882688,0.6171875,0.1034430886,0,0
0.043125,347.15,0.4428530036,0.6171875,0.1034329579,0,0
0.04375,347.15,0.4430131102,0.6171875,0.1034230554,0,0
0.044375,347.15,0.443168781,0.6171875,0.1034133739,0,0
0.045,347.15,0.4433201979,0.6171875,0.1034039065,0,0
0.045625,347.15,0.4434675328,0.6171875,0.1033946465,0,0
0.04625,347.15,0.4436109487,0.6171875,0.1033855875,0,0
0.046875,347.15,0.4437505997,0.6171875,0.1033767233,0,0
0.0475,347.15,0.4438866322,0.6171875,0.103368048,0,0
0.048125,347.15,0.4440191851,0.6171875,0.1033595559,0,0
0.04875,347.15,0.4441483902,0.6171875,0.1033512414,0,0
0.049375,347.15,0.4442743727,0.6171875,0.1033430993,0,0
0.05,347.15,0.4443972517,0.6171875,0.1033351244,0,0
0.050625,347.15,0.4445171404,0.6171875,0.1033273119,0,0
0.05125,347.15,0.4446341468,0.6171875,0.103319657,0,0
0.051875,347.15,0.4447483734,0.6171875,0.1033121551,0,0
0.0525,347.15,0.4448599183,0.6171875,0.1033048018,0,0
0.053125,347.15,0.4449688747,0.6171875,0.103297593,0,0
0.05375,347.15,0.4450753317,0.6171875,0.1032905244,0,0
0.054375,347.15,0.4451793743,0.6171875,0.1032835923,0,0
0.055,347.15,0.4452810837,0.6171875,0.1032767927,1,1
0.055625,347.15,0.4453805376,0.6171875,0.1032701221,1,1
0.05625,347.15,0.4454778102,0.6171875,0.1032635768,1,1
0.056875,347.15,0.4455729724,0.6171875,0.1032571535,1,1
0.0575,347.15,0.4456660921,0.6171875,0.1032508489,1,1
0.058125,347.15,0.4457572345,0.6171875,0.1032446597,1,1
0.05875,347.15,0.4458464618,0.6171875,0.103238583,1,1
0.059375,347.15,0.4459338338,0.6171875,0.1032326157,1,1
0.06,347.15,0.4460194077,0.6171875,0.103226755,1,1
0.060625,347.15,0.4461032385,0.6171875,0.1032209981,1,1
0.06125,347.15,0.4461853789,0.6171875,0.1032153424,1,1
0.061875,347.15,0.4462658795,0.6171875,0.1032097852,1,1
0.0625,347.15,0.446344789,0.6171875,0.1032043241,1,1
0.063125,347.15,0.446422154,0.6171875,0.1031989565,1,1
0.06375,347.15,0.4464980194,0.6171875,0.1031936803,1,1
0.064375,347.15,0.4465724285,0.6171875,0.1031884931,1,1
0.065,347.15,0.4466454227,0.6171875,0.1031833926,1,1
0.065625,347.15,0.4467170421,0.6171875,0.1031783769,1,1
0.06625,347.15,0.4467873251,0.6171875,0.1031734438,1,1
0.066875,347.15,0.4468563088,0.6171875,0.1031685914,1,1
0.0675,347.15,0.4469240288,0.6171875,0.1031638176,1,1
0.068125,347.15,0.4469905196,0.6171875,0.1031591207,1,1
0.06875,347.15,0.4470558144,0.6171875,0.1031544988,1,1
0.069375,347.15,0.447119945,0.6171875,0.1031499502,1,1
0.07,347.15,0.4471829425,0.6171875,0.1031454732,1,1
0.070625,347.15,0.4472448365,0.6171875,0.103141066,1,1
0.07125,347.15,0.4473056558,0.6171875,0.1031367272,1,1
0.071875,347.15,0.4473654282,0.6171875,0.1031324551,1,1
0.0725,347.15,0.4474241804,0.6171875,0.1031282483,1,1
0.073125,347.15,0.4474819383,0.6171875,0.1031241053,1,1
0.07375,347.15,0.447538727,0.6171875,0.1031200246,1,1
0.074375,347.15,0.4475945707,0.6171875,0.1031160049,1,1
0.075,347.15,0.4476494927,0.6171875,0.1031120448,1,1
0.075625,347.15,0.4477035157,0.6171875,0.1031081431,1,1
0.07625,347.15,0.4477566616,0.6171875,0.1031042984,1,1
0.076875,347.15,0.4478089515,0.6171875,0.1031005096,1,1
0.0775,347.15,0.4478604061,0.6171875,0.1030967754,1,1
0.078125,347.15,0.447911045,0.6171875,0.1030930947,1,1
0.07875,347.15,0.4479608877,0.6171875,0.1030894664,1,1
0.079375,347.15,0.4480099526,0.6171875,0.1030858893,1,1
0.08,347.15,0.448058258,0.6171875,0.1030823624,1,1
0.0075,347.65,0.3911744993,0.61328125,0.1039619762,0,0
0.008125,347.65,0.3954050169,0.61328125,0.1041160918,0,0
0.00875,347.65,0.3990810099,0.61328125,0.1042229742,0,0
0.009375,347.65,0.4023046232,0.61328125,0.104295759,0,0
0.01,347.65,0.4051544044,0.61328125,0.1043436273,0,0
0.010625,347.65,0.4076917364,0.61328125,0.1043731104,0,0
0.01125,347.65,0.4099652766,0.61328125,0.1043889264,0,0
0.011875,347.65,0.4120140888,0.61328125,0.1043945296,0,0
0.0125,347.65,0.4138698938,0.61328125,0.1043924787,0,0
0.013125,347.65,0.4155587158,0.61328125,0.1043846886,0,0
0.01375,347.65,0.4171021054,0.61328125,0.1043726048,0,0
0.014375,347.65,0.4185180602,0.61328125,0.1043573271,0,0
0.015,347.65,0.4198217278,0.61328125,0.1043396974,0,0
0.015625,347.65,0.4210259482,0.61328125,0.1043203639,0,0
0.01625,347.65,0.4221416763,0.61328125,0.1042998277,0,0
0.016875,347.65,0.4231783161,0.61328125,0.1042784772,0,0
0.0175,347.65,0.4241439851,0.61328125,0.1042566145,0,0
0.018125,347.65,0.4250457275,0.61328125,0.1042344745,0,0
0.01875,347.65,0.425889685,0.61328125,0.1042122399,0,0
0.019375,347.65,0.4266812378,0.61328125,0.1041900522,0,0
0.02,347.65,0.4274251181,0.61328125,0.1041680211,0,0
0.020625,347.65,0.4281255053,0.61328125,0.1041462306,0,0
0.02125,347.65,0.4287861045,0.61328125,0.1041247449,0,0
0.021875,347.65,0.4294102114,0.61328125,0.1041036121,0,0
0.0225,347.65,0.4300007678,0.61328125,0.1040828677,0,0
0.023125,347.65,0.4305604075,0.61328125,0.1040625369,0,0
0.02375,347.65,0.4310914959,0.61328125,0.1040426373,0,0
0.024375,347.65,0.431596163,0.61328125,0.1040231797,0,0
0.025,347.65,0.4320763321,0.61328125,0.1040041701,0,0
0.025625,347.65,0.4325337446,0.61328125,0.1039856104,0,0
0.02625,347.65,0.4329699803,0.61328125,0.1039674993,0,0
0.026875,347.65,0.4333864763,0.61328125,0.1039498332,0,0
0.0275,347.65,0.4337845426,0.61328125,0.1039326062,0,0
0.028125,347.65,0.4341653757,0.61328125,0.1039158113,0,0
0.02875,347.65,0.4345300709,0.61328125,0.1038994401,0,0
0.029375,347.65,0.4348796324,0.61328125,0.1038834835,0,0
0.03,347.65,0.4352149831,0.61328125,0.1038679318,0,0
0.030625,347.65,0.435536972,0.61328125,0.1038527748,0,0
0.03125,347.65,0.435846382,0.61328125,0.1038380021,0,0
0.031875,347.65,0.4361439361,0.61328125,0.103823603,0,0
0.0325,347.65,0.4364303027,0.61328125,0.1038095671,0,0
0.033125,347.65,0.4367061012,0.61328125,0.1037958837,0,0
0.03375,347.65,0.4369719057,0.61328125,0.1037825424,0,0
0.034375,347.65,0.4372282499,0.61328125,0.1037695329,0,0
0.035,347.65,0.43747563,0.61328125,0.1037568449,0,0
0.035625,347.65,0.4377145078,0.61328125,0.1037444686,0,0
0.03625,347.65,0.4379453145,0.61328125,0.1037323943,0,0
0.036875,347.65,0.4381684521,0.61328125,0.1037206126,0,0
0.0375,347.65,0.4383842966,0.61328125,0.1037091142,0,0
0.038125,347.65,0.4385931998,0.61328125,0.1036978904,0,0
0.03875,347.65,0.4387954912,0.61328125,0.1036869323,0,0
0.039375,347.65,0.4389914798,0.61328125,0.1036762317,0,0
0.04,347.65,0.4391814555,0.61328125,0.1036657805,0,0
0.040625,347.65,0.439365691,0.61328125,0.1036555708,0,0
0.04125,347.65,0.4395444425,0.61328125,0.1036455951,0,0
0.041875,347.65,0.4397179511,0.61328125,0.103635846,0,0
0.0425,347.65,0.4398864444,0.61328125,0.1036263167,0,0
0.043125,347.65,0.4400501364,0.61328125,0.1036170001,0,0
0.04375,347.65,0.4402092297,0.61328125,0.1036078898,0,0
0.044375,347.65,0.4403639153,0.61328125,0.1035989795,0,0
0.045,347.65,0.4405143739,0.61328125,0.103590263,0,0
0.045625,347.65,0.4406607763,0.61328125,0.1035817345,0,0
0.04625,347.65,0.4408032844,0.61328125,0.1035733883,0,0
0.046875,347.65,0.4409420516,0.61328125,0.1035652189,0,0
0.0475,347.65,0.4410772232,0.61328125,0.103557221,0,0
0.048125,347.65,0.4412089371,0.61328125,0.1035493897,0,0
0.04875,347.65,0.4413373245,0.61328125,0.1035417199,0,0
0.049375,347.65,0.4414625096,0.61328125,0.103534207,0,0
0.05,347.65,0.4415846109,0.61328125,0.1035268464,0,0
0.050625,347.65,0.4417037408,0.61328125,0.1035196337,0,0
0.05125,347.65,0.4418200066,0.61328125,0.1035125647,0,0
0.051875,347.65,0.4419335103,0.61328125,0.1035056353,0,0
0.0525,347.65,0.4420443492,0.61328125,0.1034988416,0,0
0.053125,347.65,0.442152616,0.61328125,0.1034921797,0,0
0.05375,347.65,0.4422583992,0.61328125,0.103485646,0,0
0.054375,347.65,0.4423617833,0.61328125,0.103479237,0,0
0.055,347.65,0.442462849,0.61328125,0.1034729492,1,1
0.055625,347.65,0.4425616735,0.61328125,0.1034667793,1,1
0.05625,347.65,0.4426583304,0.61328125,0.1034607242,1,1
0.056875,347.65,0.4427528903,0.61328125,0.1034547807,1,1
0.0575,347.65,0.4428454206,0.61328125,0.103448946,1,1
0.058125,347.65,0.4429359862,0.61328125,0.103443217,1,1
0.05875,347.65,0.4430246487,0.61328125,0.1034375911,1,1
0.059375,347.65,0.4431114677,0.61328125,0.1034320656,1,1
0.06,347.65,0.4431965001,0.61328125,0.1034266378,1,1
0.060625,347.65,0.4432798003,0.61328125,0.1034213053,1,1
0.06125,347.65,0.4433614208,0.61328125,0.1034160656,1,1
0.061875,347.65,0.4434414119,0.61328125,0.1034109164,1,1
0.0625,347.65,0.443519822,0.61328125,0.1034058554,1,1
0.063125,347.65,0.4435966973,0.61328125,0.1034008804,1,1
0.06375,347.65,0.4436720826,0.61328125,0.1033959893,1,1
0.064375,347.65,0.4437460207,0.61328125,0.10339118,1,1
0.065,347.65,0.443818553,0.61328125,0.1033864505,1,1
0.065625,347.65,0.4438897191,0.61328125,0.103381799,1,1
0.06625,347.65,0.4439595572,0.61328125,0.1033772235,1,1
0.066875,347.65,0.4440281043,0.61328125,0.1033727221,1,1
0.0675,347.65,0.4440953957,0.61328125,0.1033682932,1,1
0.068125,347.65,0.4441614657,0.61328125,0.1033639351,1,1
0.06875,347.65,0.4442263472,0.61328125,0.1033596461,1,1
0.069375,347.65,0.444290072,0.61328125,0.1033554245,1,1
0.07,347.65,0.4443526707,0.61328125,0.1033512689,1,1
0.070625,347.65,0.444414173,0.61328125,0.1033471777,1,1
0.07125,347.65,0.4444746074,0.61328125,0.1033431494,1,1
0.071875,347.65,0.4445340014,0.61328125,0.1033391827,1,1
0.0725,347.65,0.4445923818,0.61328125,0.1033352762,1,1
0.073125,347.65,0.4446497741,0.61328125,0.1033314285,1,1
0.07375,347.65,0.4447062034,0.61328125,0.1033276383,1,1
0.074375,347.65,0.4447616936,0.61328125,0.1033239044,1,1
0.075,347.65,0.4448162681,0.61328125,0.1033202255,1,1
0.075625,347.65,0.4448699491,0.61328125,0.1033166004,1,1
0.07625,347.65,0.4449227587,0.61328125,0.1033130281,1,1
0.076875,347.65,0.4449747177,0.61328125,0.1033095072,1,1
0.0775,347.65,0.4450258465,0.61328125,0.1033060369,1,1
0.078125,347.65,0.445076165,0.61328125,0.1033026159,1,1
0.07875,347.65,0.4451256922,0.61328125,0.1032992434,1,1
0.079375,347.65,0.4451744466,0.61328125,0.1032959181,1,1
0.08,347.65,0.4452224462,0.61328125,0.1032926393,1,1
0.0075,348.15,0.388682942,0.609375,0.1039339001,0,0
0.008125,348.15,0.3928865136,0.609375,0.104102257,0,0
0.00875,348.15,0.3965390927,0.609375,0.1042219481,0,0
0.009375,348.15,0.3997421734,0.609375,0.1043063028,0,0
0.01,348.15,0.4025738031,0.609375,0.1043646655,0,0
0.010625,348.15,0.4050949737,0.609375,0.1044037053,0,0
0.01125,348.15,0.4073540328,0.609375,0.1044282566,0,0
0.011875,348.15,0.4093897953,0.609375,0.1044418725,0,0
0.0125,348.15,0.4112337798,0.609375,0.1044471957,0,0
0.013125,348.15,0.412911845,0.609375,0.1044462129,0,0
0.01375,348.15,0.4144454041,0.609375,0.1044404314,0,0
0.014375,348.15,0.41585234,0.609375,0.1044310043,0,0
0.015,348.15,0.4171477041,0.609375,0.1044188198,0,0
0.015625,348.15,0.4183442542,0.609375,0.1044045662,0,0
0.01625,348.15,0.4194528758,0.609375,0.1043887796,0,0
0.016875,348.15,0.4204829128,0.609375,0.1043718796,0,0
0.0175,348.15,0.4214424311,0.609375,0.1043541951,0,0
0.018125,348.15,0.4223384298,0.609375,0.1043359852,0,0
0.01875,348.15,0.4231770119,0.609375,0.1043174538,0,0
0.019375,348.15,0.4239635229,0.609375,0.1042987614,0,0
0.02,348.15,0.4247026651,0.609375,0.1042800346,0,0
0.020625,348.15,0.4253985913,0.609375,0.1042613726,0,0
0.02125,348.15,0.4260549828,0.609375,0.1042428531,0,0
0.021875,348.15,0.4266751145,0.609375,0.1042245365,0,0
0.0225,348.15,0.4272619094,0.609375,0.1042064692,0,0
0.023125,348.15,0.4278179845,0.609375,0.1041886866,0,0
0.02375,348.15,0.4283456902,0.609375,0.1041712151,0,0
0.024375,348.15,0.4288471428,0.609375,0.1041540741,0,0
0.025,348.15,0.4293242536,0.609375,0.1041372768,0,0
0.025625,348.15,0.4297787526,0.609375,0.1041208321,0,0
0.02625,348.15,0.4302122097,0.609375,0.1041047449,0,0
0.026875,348.15,0.4306260529,0.609375,0.1040890172,0,0
0.0275,348.15,0.4310215837,0.609375,0.1040736487,0,0
0.028125,348.15,0.4313999912,0.609375,0.104058637,0,0
0.02875,348.15,0.4317623634,0.609375,0.1040439783,0,0
0.029375,348.15,0.4321096985,0.609375,0.1040296675,0,0
0.03,348.15,0.4324429131,0.609375,0.1040156988,0,0
0.030625,348.15,0.4327628511,0.609375,0.1040020654,0,0
0.03125,348.15,0.4330702904,0.609375,0.1039887602,0,0
0.031875,348.15,0.4333659492,0.609375,0.1039757758,0,0
0.0325,348.15,0.4336504919,0.609375,0.1039631042,0,0
0.033125,348.15,0.4339245336,0.609375,0.1039507376,0,0
0.03375,348.15,0.4341886452,0.609375,0.1039386679,0,0
0.034375,348.15,0.4344433566,0.609375,0.103926887,0,0
0.035,348.15,0.434689161,0.609375,0.1039153871,0,0
0.035625,348.15,0.4349265174,0.609375,0.10390416,0,0
0.03625,348.15,0.4351558539,0.609375,0.1038931981,0,0
0.036875,348.15,0.4353775702,0.609375,0.1038824936,0,0
0.0375,348.15,0.4355920399,0.609375,0.103872039,0,0
0.038125,348.15,0.4357996125,0.609375,0.1038618268,0,0
0.03875,348.15,0.4360006155,0.609375,0.10385185,0,0
0.039375,348.15,0.4361953557,0.609375,0.1038421014,0,0
0.04,348.15,0.4363841214,0.609375,0.1038325743,0,0
0.040625,348.15,0.4365671834,0.609375,0.1038232621,0,0
0.04125,348.15,0.4367447963,0.609375,0.1038141583,0,0
0.041875,348.15,0.4369171999,0.609375,0.1038052568,0,0
0.0425,348.15,0.4370846199,0.609375,0.1037965514,0,0
0.043125,348.15,0.4372472693,0.609375,0.1037880364,0,0
0.04375,348.15,0.4374053493,0.609375,0.103779706,0,0
0.044375,348.15,0.4375590496,0.609375,0.1037715549,0,0
0.045,348.15,0.4377085498,0.609375,0.1037635777,0,0
0.045625,348.15,0.4378540198,0.609375,0.1037557693,0,0
0.04625,348.15,0.4379956202,0.609375,0.1037481248,0,0
0.046875,348.15,0.4381335035,0.609375,0.1037406394,0,0
0.0475,348.15,0.4382678141,0.609375,0.1037333085,0,0
0.048125,348.15,0.4383986891,0.609375,0.1037261277,0,0
0.04875,348.15,0.4385262587,0.609375,0.1037190927,0,0
0.049375,348.15,0.4386506465,0.609375,0.1037121993,0,0
0.05,348.15,0.43877197,0.609375,0.1037054434,0,0
0.050625,348.15,0.4388903412,0.609375,0.1036988213,0,0
0.05125,348.15,0.4390058665,0.609375,0.1036923292,0,0
0.051875,348.15,0.4391186472,0.609375,0.1036859634,0,0
0.0525,348.15,0.4392287801,0.609375,0.1036797205,0,0
0.053125,348.15,0.4393363573,0.609375,0.1036735972,0,0
0.05375,348.15,0.4394414667,0.609375,0.10366759,0,0
0.054375,348.15,0.4395441923,0.609375,0.103661696,0,0
0.055,348.15,0.4396446143,0.609375,0.1036559121,1,1
0.055625,348.15,0.4397428093,0.609375,0.1036502352,1,1
0.05625,348.15,0.4398388506,0.609375,0.1036446627,1,1
0.056875,348.15,0.4399328082,0.609375,0.1036391916,1,1
0.0575,348.15,0.4400247492,0.609375,0.1036338195,1,1
0.058125,348.15,0.4401147378,0.609375,0.1036285436,1,1
0.05875,348.15,0.4402028357,0.609375,0.1036233616,1,1
0.059375,348.15,0.4402891017,0.609375,0.1036182709,1,1
0.06,348.15,0.4403735924,0.609375,0.1036132694,1,1
0.060625,348.15,0.4404563621,0.609375,0.1036083547,1,1
0.06125,348.15,0.4405374627,0.609375,0.1036035246,1,1
0.061875,348.15,0.4406169443,0.609375,0.1035987771,1,1
0.0625,348.15,0.4406948549,0.609375,0.10359411,1,1
0.063125,348.15,0.4407712406,0.609375,0.1035895215,1,1
0.06375,348.15,0.4408461458,0.609375,0.1035850096,1,1
0.064375,348.15,0.440919613,0.609375,0.1035805725,1,1
0.065,348.15,0.4409916832,0.609375,0.1035762083,1,1
0.065625,348.15,0.441062396,0.609375,0.1035719153,1,1
0.06625,348.15,0.4411317893,0.609375,0.1035676918,1,1
0.066875,348.15,0.4411998998,0.609375,0.1035635361,1,1
0.0675,348.15,0.4412667626,0.609375,0.1035594468,1,1
0.068125,348.15,0.4413324118,0.609375,0.1035554222,1,1
0.06875,348.15,0.44139688,0.609375,0.1035514609,1,1
0.069375,348.15,0.4414601989,0.609375,0.1035475613,1,1
0.07,348.15,0.4415223989,0.609375,0.1035437222,1,1
0.070625,348.15,0.4415835095,0.609375,0.103539942,1,1
0.07125,348.15,0.4416435589,0.609375,0.1035362196,1,1
0.071875,348.15,0.4417025747,0.609375,0.1035325535,1,1
0.0725,348.15,0.4417605832,0.609375,0.1035289427,1,1
0.073125,348.15,0.44181761,0.609375,0.1035253857,1,1
0.07375,348.15,0.4418736798,0.609375,0.1035218816,1,1
0.074375,348.15,0.4419288166,0.609375,0.103518429,1,1
0.075,348.15,0.4419830434,0.609375,0.103515027,1,1
0.075625,348.15,0.4420363826,0.609375,0.1035116743,1,1
0.07625,348.15,0.4420888557,0.609375,0.10350837,1,1
0.076875,348.15,0.4421404838,0.609375,0.1035051131,1,1
0.0775,348.15,0.442191287,0.609375,0.1035019025,1,1
0.078125,348.15,0.442241285,0.609375,0.1034987373,1,1
0.07875,348.15,0.4422904967,0.609375,0.1034956165,1,1
0.079375,348.15,0.4423389406,0.609375,0.1034925393,1,1
0.08,348.15,0.4423866344,0.609375,0.1034895046,1,1
0.008125,348.65,0.3903680103,0.60546875,0.1040784906,0,0
0.00875,348.65,0.3939971754,0.60546875,0.1042107699,0,0
0.009375,348.65,0.3971797235,0.60546875,0.1043064973,0,0
0.01,348.65,0.3999932018,0.60546875,0.1043751771,0,0
0.010625,348.65,0.4024982111,0.60546875,0.1044236133,0,0
0.01125,348.65,0.404742789,0.60546875,0.1044567542,0,0
0.011875,348.65,0.4067655017,0.60546875,0.1044782499,0,0
0.0125,348.65,0.4085976658,0.60546875,0.1044908253,0,0
0.013125,348.65,0.4102649742,0.60546875,0.1044965379,0,0
0.01375,348.65,0.4117887027,0.60546875,0.1044969555,0,0
0.014375,348.65,0.4131866199,0.60546875,0.1044932835,0,0
0.015,348.65,0.4144736803,0.60546875,0.1044864554,0,0
0.015625,348.65,0.4156625603,0.60546875,0.1044771992,0,0
0.01625,348.65,0.4167640753,0.60546875,0.1044660854,0,0
0.016875,348.65,0.4177875095,0.60546875,0.1044535638,0,0
0.0175,348.65,0.4187408771,0.60546875,0.1044399902,0,0
0.018125,348.65,0.4196311322,0.60546875,0.1044256471,0,0
0.01875,348.65,0.4204643387,0.60546875,0.1044107594,0,0
0.019375,348.65,0.421245808,0.60546875,0.1043955063,0,0
0.02,348.65,0.4219802121,0.60546875,0.1043800308,0,0
0.020625,348.65,0.4226716772,0.60546875,0.1043644472,0,0
0.02125,348.65,0.4233238611,0.60546875,0.1043488465,0,0
0.021875,348.65,0.4239400176,0.60546875,0.104333301,0,0
0.0225,348.65,0.424523051,0.60546875,0.1043178682,0,0
0.023125,348.65,0.4250755615,0.60546875,0.1043025932,0,0
0.02375,348.65,0.4255998844,0.60546875,0.1042875113,0,0
0.024375,348.65,0.4260981227,0.60546875,0.1042726499,0,0
0.025,348.65,0.426572175,0.60546875,0.1042580298,0,0
0.025625,348.65,0.4270237606,0.60546875,0.1042436665,0,0
0.02625,348.65,0.4274544391,0.60546875,0.1042295711,0,0
0.026875,348.65,0.4278656295,0.60546875,0.1042157513,0,0
0.0275,348.65,0.4282586248,0.60546875,0.1042022118,0,0
0.028125,348.65,0.4286346066,0.60546875,0.1041889551,0,0
0.02875,348.65,0.428994656,0.60546875,0.1041759817,0,0
0.029375,348.65,0.4293397645,0.60546875,0.1041632908,0,0
0.03,348.65,0.4296708432,0.60546875,0.10415088,0,0
0.030625,348.65,0.4299887303,0.60546875,0.1041387462,0,0
0.03125,348.65,0.4302941988,0.60546875,0.1041268854,0,0
0.031875,348.65,0.4305879624,0.60546875,0.1041152932,0,0
0.0325,348.65,0.430870681,0.60546875,0.1041039645,0,0
0.033125,348.65,0.4311429661,0.60546875,0.1040928939,0,0
0.03375,348.65,0.4314053846,0.60546875,0.1040820758,0,0
0.034375,348.65,0.4316584633,0.60546875,0.1040715043,0,0
0.035,348.65,0.431902692,0.60546875,0.1040611737,0,0
0.035625,348.65,0.4321385269,0.60546875,0.1040510778,0,0
0.03625,348.65,0.4323663933,0.60546875,0.1040412108,0,0
0.036875,348.65,0.4325866884,0.60546875,0.1040315665,0,0
0.0375,348.65,0.4327997833,0.60546875,0.1040221392,0,0
0.038125,348.65,0.4330060253,0.60546875,0.1040129229,0,0
0.03875,348.65,0.4332057397,0.60546875,0.1040039119,0,0
0.039375,348.65,0.4333992316,0.60546875,0.1039951004,0,0
0.04,348.65,0.4335867873,0.60546875,0.103986483,0,0
0.040625,348.65,0.4337686758,0.60546875,0.1039780542,0,0
0.04125,348.65,0.4339451502,0.60546875,0.1039698087,0,0
0.041875,348.65,0.4341164486,0.60546875,0.1039617413,0,0
0.0425,348.65,0.4342827954,0.60546875,0.103953847,0,0
0.043125,348.65,0.4344444022,0.60546875,0.1039461209,0,0
0.04375,348.65,0.4346014689,0.60546875,0.1039385583,0,0
0.044375,348.65,0.4347541839,0.60546875,0.1039311544,0,0
0.045,348.65,0.4349027258,0.60546875,0.1039239049,0,0
0.045625,348.65,0.4350472632,0.60546875,0.1039168054,0,0
0.04625,348.65,0.435187956,0.60546875,0.1039098517,0,0
0.046875,348.65,0.4353249554,0.60546875,0.1039030396,0,0
0.0475,348.65,0.435458405,0.60546875,0.1038963653,0,0
0.048125,348.65,0.4355884411,0.60546875,0.1038898249,0,0
0.04875,348.65,0.4357151929,0.60546875,0.1038834146,0,0
0.049375,348.65,0.4358387834,0.60546875,0.103877131,0,0
0.05,348.65,0.4359593292,0.60546875,0.1038709704,0,0
0.050625,348.65,0.4360769416,0.60546875,0.1038649296,0,0
0.05125,348.65,0.4361917263,0.60546875,0.1038590054,0,0
0.051875,348.65,0.4363037841,0.60546875,0.1038531944,0,0
0.0525,348.65,0.436413211,0.60546875,0.1038474938,0,0
0.053125,348.65,0.4365200986,0.60546875,0.1038419005,0,0
0.05375,348.65,0.4366245342,0.60546875,0.1038364118,0,0
0.054375,348.65,0.4367266014,0.60546875,0.1038310247,1,1
0.055,348.65,0.4368263796,0.60546875,0.1038257368,1,1
0.055625,348.65,0.4369239452,0.60546875,0.1038205453,1,1
0.05625,348.65,0.4370193707,0.60546875,0.1038154477,1,1
0.056875,348.65,0.437112726,0.60546875,0.1038104418,1,1
0.0575,348.65,0.4372040777,0.60546875,0.103805525,1,1
0.058125,348.65,0.4372934895,0.60546875,0.1038006951,1,1
0.05875,348.65,0.4373810226,0.60546875,0.10379595,1,1
0.059375,348.65,0.4374667357,0.60546875,0.1037912875,1,1
0.06,348.65,0.4375506848,0.60546875,0.1037867056,1,1
0.060625,348.65,0.4376329238,0.60546875,0.1037822021,1,1
0.06125,348.65,0.4377135046,0.60546875,0.1037777753,1,1
0.061875,348.65,0.4377924768,0.60546875,0.1037734232,1,1
0.0625,348.65,0.4378698879,0.60546875,0.103769144,1,1
0.063125,348.65,0.437945784,0.60546875,0.103764936,1,1
0.06375,348.65,0.4380202089,0.60546875,0.1037607973,1,1
0.064375,348.65,0.4380932052,0.60546875,0.1037567265,1,1
0.065,348.65,0.4381648135,0.60546875,0.1037527219,1,1
0.065625,348.65,0.438235073,0.60546875,0.1037487818,1,1
0.06625,348.65,0.4383040215,0.60546875,0.1037449049,1,1
0.066875,348.65,0.4383716953,0.60546875,0.1037410896,1,1
0.0675,348.65,0.4384381295,0.60546875,0.1037373345,1,1
0.068125,348.65,0.4385033578,0.60546875,0.1037336383,1,1
0.06875,348.65,0.4385674128,0.60546875,0.1037299995,1,1
0.069375,348.65,0.4386303258,0.60546875,0.103726417,1,1
0.07,348.65,0.4386921271,0.60546875,0.1037228893,1,1
0.070625,348.65,0.4387528459,0.60546875,0.1037194154,1,1
0.07125,348.65,0.4388125105,0.60546875,0.103715994,1,1
0.071875,348.65,0.4388711479,0.60546875,0.103712624,1,1
0.0725,348.65,0.4389287845,0.60546875,0.1037093042,1,1
0.073125,348.65,0.4389854458,0.60546875,0.1037060335,1,1
0.07375,348.65,0.4390411562,0.60546875,0.1037028109,1,1
0.074375,348.65,0.4390959396,0.60546875,0.1036996353,1,1
0.075,348.65,0.4391498188,0.60546875,0.1036965058,1,1
0.075625,348.65,0.439202816,0.60546875,0.1036934213,1,1
0.07625,348.65,0.4392549528,0.60546875,0.103690381,1,1
0.076875,348.65,0.4393062499,0.60546875,0.1036873838,1,1
0.0775,348.65,0.4393567275,0.60546875,0.103684429,1,1
0.078125,348.65,0.4394064049,0.60546875,0.1036815155,1,1
0.07875,348.65,0.4394553012,0.60546875,0.1036786426,1,1
0.079375,348.65,0.4395034345,0.60546875,0.1036758095,1,1
0.08,348.65,0.4395508227,0.60546875,0.1036730153,1,1
0.008125,349.15,0.387849507,0.6015625,0.1040448295,0,0
0.00875,349.15,0.3914552581,0.6015625,0.1041894778,0,0
0.009375,349.15,0.3946172737,0.6015625,0.1042963819,0,0
0.01,349.15,0.3974126005,0.6015625,0.1043752024,0,0
0.010625,349.15,0.3999014484,0.6015625,0.1044328754,0,0
0.01125,349.15,0.4021315452,0.6015625,0.1044744611,0,0
0.011875,349.15,0.4041412082,0.6015625,0.1045037042,0,0
0.0125,349.15,0.4059615519,0.6015625,0.1045234109,0,0
0.013125,349.15,0.4076181034,0.6015625,0.1045357075,0,0
0.01375,349.15,0.4091320014,0.6015625,0.1045422214,0,0
0.014375,349.15,0.4105208998,0.6015625,0.1045442095,0,0
0.015,349.15,0.4117996566,0.6015625,0.1045426498,0,0
0.015625,349.15,0.4129808663,0.6015625,0.1045383088,0,0
0.01625,349.15,0.4140752748,0.6015625,0.1045317913,0,0
0.016875,349.15,0.4150921062,0.6015625,0.1045235766,0,0
0.0175,349.15,0.416039323,0.6015625,0.1045140469,0,0
0.018125,349.15,0.4169238346,0.6015625,0.1045035077,0,0
0.01875,349.15,0.4177516656,0.6015625,0.1044922045,0,0
0.019375,349.15,0.4185280931,0.6015625,0.1044803348,0,0
0.02,349.15,0.4192577591,0.6015625,0.1044680581,0,0
0.020625,349.15,0.4199447632,0.6015625,0.1044555031,0,0
0.02125,349.15,0.4205927394,0.6015625,0.1044427741,0,0
0.021875,349.15,0.4212049207,0.6015625,0.1044299551,0,0
0.0225,349.15,0.4217841926,0.6015625,0.1044171143,0,0
0.023125,349.15,0.4223331385,0.6015625,0.1044043065,0,0
0.02375,349.15,0.4228540787,0.6015625,0.1043915758,0,0
0.024375,349.15,0.4233491025,0.6015625,0.1043789575,0,0
0.025,349.15,0.4238200965,0.6015625,0.1043664797,0,0
0.025625,349.15,0.4242687686,0.6015625,0.1043541644,0,0
0.02625,349.15,0.4246966686,0.6015625,0.1043420289,0,0
0.026875,349.15,0.425105206,0.6015625,0.1043300863,0,0
0.0275,349.15,0.425495666,0.6015625,0.1043183466,0,0
0.028125,349.15,0.425869222,0.6015625,0.1043068168,0,0
0.02875,349.15,0.4262269485,0.6015625,0.1042955019,0,0
0.029375,349.15,0.4265698306,0.6015625,0.1042844049,0,0
0.03,349.15,0.4268987732,0.6015625,0.1042735272,0,0
0.030625,349.15,0.4272146094,0.6015625,0.1042628691,0,0
0.03125,349.15,0.4275181072,0.6015625,0.1042524298,0,0
0.031875,349.15,0.4278099755,0.6015625,0.1042422076,0,0
0.0325,349.15,0.4280908702,0.6015625,0.1042322003,0,0
0.033125,349.15,0.4283613986,0.6015625,0.1042224051,0,0
0.03375,349.15,0.4286221241,0.6015625,0.1042128187,0,0
0.034375,349.15,0.42887357,0.6015625,0.1042034374,0,0
0.035,349.15,0.429116223,0.6015625,0.1041942575,0,0
0.035625,349.15,0.4293505364,0.6015625,0.1041852749,0,0
0.03625,349.15,0.4295769327,0.6015625,0.1041764853,0,0
0.036875,349.15,0.4297958065,0.6015625,0.1041678845,0,0
0.0375,349.15,0.4300075266,0.6015625,0.1041594682,0,0
0.038125,349.15,0.430212438,0.6015625,0.104151232,0,0
0.03875,349.15,0.430410864,0.6015625,0.1041431714,0,0
0.039375,349.15,0.4306031075,0.6015625,0.1041352822,0,0
0.04,349.15,0.4307894532,0.6015625,0.1041275601,0,0
0.040625,349.15,0.4309701683,0.6015625,0.1041200007,0,0
0.04125,349.15,0.4311455041,0.6015625,0.1041125998,0,0
0.041875,349.15,0.4313156973,0.6015625,0.1041053534,0,0
0.0425,349.15,0.4314809709,0.6015625,0.1040982574,0,0
0.043125,349.15,0.4316415351,0.6015625,0.1040913078,0,0
0.04375,349.15,0.4317975884,0.6015625,0.1040845007,0,0
0.044375,349.15,0.4319493182,0.6015625,0.1040778324,0,0
0.045,349.15,0.4320969018,0.6015625,0.1040712991,0,0
0.045625,349.15,0.4322405067,0.6015625,0.1040648972,0,0
0.04625,349.15,0.4323802917,0.6015625,0.1040586233,0,0
0.046875,349.15,0.4325164073,0.6015625,0.1040524739,0,0
0.0475,349.15,0.432648996,0.6015625,0.1040464457,0,0
0.048125,349.15,0.4327781931,0.6015625,0.1040405356,0,0
0.04875,349.15,0.4329041272,0.6015625,0.1040347402,0,0
0.049375,349.15,0.4330269202,0.6015625,0.1040290568,0,0
0.05,349.15,0.4331466884,0.6015625,0.1040234821,0,0
0.050625,349.15,0.433263542,0.6015625,0.1040180135,0,0
0.05125,349.15,0.4333775861,0.6015625,0.1040126481,0,0
0.051875,349.15,0.433488921,0.6015625,0.1040073833,0,0
0.0525,349.15,0.4335976419,0.6015625,0.1040022164,0,0
0.053125,349.15,0.4337038399,0.6015625,0.1039971448,0,0
0.05375,349.15,0.4338076018,0.6015625,0.1039921662,0,0
0.054375,349.15,0.4339090104,0.6015625,0.1039872782,1,1
0.055,349.15,0.4340081449,0.6015625,0.1039824784,1,1
0.055625,349.15,0.434105081,0.6015625,0.1039777646,1,1
0.05625,349.15,0.4341998909,0.6015625,0.1039731346,1,1
0.056875,349.15,0.4342926439,0.6015625,0.1039685864,1,1
0.0575,349.15,0.4343834062,0.6015625,0.1039641178,1,1
0.058125,349.15,0.4344722412,0.6015625,0.103959727,1,1
0.05875,349.15,0.4345592096,0.6015625,0.1039554119,1,1
0.059375,349.15,0.4346443696,0.6015625,0.1039511708,1,1
0.06,349.15,0.4347277771,0.6015625,0.1039470018,1,1
0.060625,349.15,0.4348094856,0.6015625,0.1039429032,1,1
0.06125,349.15,0.4348895465,0.6015625,0.1039388732,1,1
0.061875,349.15,0.4349680092,0.6015625,0.1039349103,1,1
0.0625,349.15,0.4350449209,0.6015625,0.1039310129,1,1
0.063125,349.15,0.4351203273,0.6015625,0.1039271793,1,1
0.06375,349.15,0.4351942721,0.6015625,0.1039234081,1,1
0.064375,349.15,0.4352667974,0.6015625,0.1039196978,1,1
0.065,349.15,0.4353379437,0.6015625,0.1039160471,1,1
0.065625,349.15,0.4354077499,0.6015625,0.1039124544,1,1
0.06625,349.15,0.4354762536,0.6015625,0.1039089186,1,1
0.066875,349.15,0.4355434908,0.6015625,0.1039054383,1,1
0.0675,349.15,0.4356094964,0.6015625,0.1039020122,1,1
0.068125,349.15,0.4356743039,0.6015625,0.1038986392,1,1
0.06875,349.15,0.4357379456,0.6015625,0.103895318,1,1
0.069375,349.15,0.4358004528,0.6015625,0.1038920474,1,1
0.07,349.15,0.4358618553,0.6015625,0.1038888264,1,1
0.070625,349.15,0.4359221824,0.6015625,0.1038856539,1,1
0.07125,349.15,0.435981462,0.6015625,0.1038825288,1,1
0.071875,349.15,0.4360397211,0.6015625,0.1038794501,1,1
0.0725,349.15,0.4360969859,0.6015625,0.1038764168,1,1
0.073125,349.15,0.4361532816,0.6015625,0.1038734279,1,1
0.07375,349.15,0.4362086327,0.6015625,0.1038704824,1,1
0.074375,349.15,0.4362630626,0.6015625,0.1038675795,1,1
0.075,349.15,0.4363165941,0.6015625,0.1038647183,1,1
0.075625,349.15,0.4363692495,0.6015625,0.1038618978,1,1
0.07625,349.15,0.4364210499,0.6015625,0.1038591172,1,1
0.076875,349.15,0.436472016,0.6015625,0.1038563757,1,1
0.0775,349.15,0.4365221679,0.6015625,0.1038536726,1,1
0.078125,349.15,0.4365715249,0.6015625,0.1038510069,1,1
0.07875,349.15,0.4366201057,0.6015625,0.1038483781,1,1
0.079375,349.15,0.4366679285,0.6015625,0.1038457852,1,1
0.08,349.15,0.4367150109,0.6015625,0.1038432276,1,1
0.008125,349.65,0.3853310037,0.59765625,0.1040013108,0,0
0.00875,349.65,0.3889133409,0.59765625,0.10415811,0,0
0.009375,349.65,0.3920548239,0.59765625,0.1042759956,0,0
0.01,349.65,0.3948319992,0.59765625,0.1043647813,0,0
0.010625,349.65,0.3973046858,0.59765625,0.1044315324,0,0
0.01125,349.65,0.3995203014,0.59765625,0.1044814188,0,0
0.011875,349.65,0.4015169146,0.59765625,0.104518278,0,0
0.0125,349.65,0.4033254379,0.59765625,0.1045449954,0,0
0.013125,349.65,0.4049712326,0.59765625,0.1045637653,0,0
0.01375,349.65,0.4064753001,0.59765625,0.1045762735,0,0
0.014375,349.65,0.4078551797,0.59765625,0.1045838272,0,0
0.015,349.65,0.4091256329,0.59765625,0.1045874481,0,0
0.015625,349.65,0.4102991724,0.59765625,0.1045879409,0,0
0.01625,349.65,0.4113864743,0.59765625,0.1045859435,0,0
0.016875,349.65,0.4123967029,0.59765625,0.1045819646,0,0
0.0175,349.65,0.413337769,0.59765625,0.1045764121,0,0
0.018125,349.65,0.414216537,0.59765625,0.1045696143,0,0
0.01875,349.65,0.4150389924,0.59765625,0.1045618367,0,0
0.019375,349.65,0.4158103782,0.59765625,0.1045532951,0,0
0.02,349.65,0.4165353061,0.59765625,0.1045441648,0,0
0.020625,349.65,0.4172178491,0.59765625,0.1045345889,0,0
0.02125,349.65,0.4178616177,0.59765625,0.1045246847,0,0
0.021875,349.65,0.4184698238,0.59765625,0.1045145478,0,0
0.0225,349.65,0.4190453342,0.59765625,0.1045042568,0,0
0.023125,349.65,0.4195907156,0.59765625,0.1044938761,0,0
0.02375,349.65,0.420108273,0.59765625,0.1044834584,0,0
0.024375,349.65,0.4206000824,0.59765625,0.1044730468,0,0
0.025,349.65,0.4210680179,0.59765625,0.1044626765,0,0
0.025625,349.65,0.4215137766,0.59765625,0.104452376,0,0
0.02625,349.65,0.421938898,0.59765625,0.1044421687,0,0
0.026875,349.65,0.4223447826,0.59765625,0.104432073,0,0
0.0275,349.65,0.4227327071,0.59765625,0.104422104,0,0
0.028125,349.65,0.4231038375,0.59765625,0.1044122733,0,0
0.02875,349.65,0.4234592411,0.59765625,0.1044025901,0,0
0.029375,349.65,0.4237998966,0.59765625,0.1043930613,0,0
0.03,349.65,0.4241267032,0.59765625,0.104383692,0,0
0.030625,349.65,0.4244404886,0.59765625,0.1043744858,0,0
0.03125,349.65,0.4247420156,0.59765625,0.104365445,0,0
0.031875,349.65,0.4250319887,0.59765625,0.1043565709,0,0
0.0325,349.65,0.4253110593,0.59765625,0.1043478638,0,0
0.033125,349.65,0.4255798311,0.59765625,0.1043393235,0,0
0.03375,349.65,0.4258388636,0.59765625,0.104330949,0,0
0.034375,349.65,0.4260886767,0.59765625,0.1043227388,0,0
0.035,349.65,0.426329754,0.59765625,0.1043146911,0,0
0.035625,349.65,0.4265625459,0.59765625,0.1043068038,0,0
0.03625,349.65,0.4267874721,0.59765625,0.1042990745,0,0
0.036875,349.65,0.4270049246,0.59765625,0.1042915004,0,0
0.0375,349.65,0.4272152699,0.59765625,0.1042840789,0,0
0.038125,349.65,0.4274188508,0.59765625,0.1042768071,0,0
0.03875,349.65,0.4276159882,0.59765625,0.1042696818,0,0
0.039375,349.65,0.4278069835,0.59765625,0.1042627001,0,0
0.04,349.65,0.4279921191,0.59765625,0.1042558588,0,0
0.040625,349.65,0.4281716607,0.59765625,0.1042491549,0,0
0.04125,349.65,0.4283458579,0.59765625,0.1042425853,0,0
0.041875,349.65,0.428514946,0.59765625,0.1042361467,0,0
0.0425,349.65,0.4286791464,0.59765625,0.1042298362,0,0
0.043125,349.65,0.428838668,0.59765625,0.1042236506,0,0
0.04375,349.65,0.428993708,0.59765625,0.104217587,0,0
0.044375,349.65,0.4291444525,0.59765625,0.1042116424,0,0
0.045,349.65,0.4292910777,0.59765625,0.1042058139,0,0
0.045625,349.65,0.4294337501,0.59765625,0.1042000986,0,0
0.04625,349.65,0.4295726275,0.59765625,0.1041944936,0,0
0.046875,349.65,0.4297078592,0.59765625,0.1041889964,0,0
0.0475,349.65,0.4298395869,0.59765625,0.1041836041,0,0
0.048125,349.65,0.4299679451,0.59765625,0.1041783141,0,0
0.04875,349.65,0.4300930614,0.59765625,0.1041731239,0,0
0.049375,349.65,0.4302150571,0.59765625,0.104168031,0,0
0.05,349.65,0.4303340475,0.59765625,0.1041630329,0,0
0.050625,349.65,0.4304501423,0.59765625,0.1041581274,0,0
0.05125,349.65,0.4305634459,0.59765625,0.104153312,0,0
0.051875,349.65,0.4306740578,0.59765625,0.1041485845,0,0
0.0525,349.65,0.4307820728,0.59765625,0.1041439428,0,0
0.053125,349.65,0.4308875812,0.59765625,0.1041393847,0,0
0.05375,349.65,0.4309906693,0.59765625,0.1041349081,0,0
0.054375,349.65,0.4310914194,0.59765625,0.1041305111,1,1
0.055,349.65,0.4311899102,0.59765625,0.1041261917,1,1
0.055625,349.65,0.4312862168,0.59765625,0.104121948,1,1
0.05625,349.65,0.4313804111,0.59765625,0.1041177782,1,1
0.056875,349.65,0.4314725618,0.59765625,0.1041136804,1,1
0.0575,349.65,0.4315627348,0.59765625,0.1041096529,1,1
0.058125,349.65,0.4316509929,0.59765625,0.1041056941,1,1
0.05875,349.65,0.4317373965,0.59765625,0.1041018022,1,1
0.059375,349.65,0.4318220036,0.59765625,0.1040979758,1,1
0.06,349.65,0.4319048695,0.59765625,0.1040942132,1,1
0.060625,349.65,0.4319860474,0.59765625,0.104090513,1,1
0.06125,349.65,0.4320655884,0.59765625,0.1040868736,1,1
0.061875,349.65,0.4321435416,0.59765625,0.1040832937,1,1
0.0625,349.65,0.4322199539,0.59765625,0.1040797719,1,1
0.063125,349.65,0.4322948706,0.59765625,0.1040763069,1,1
0.06375,349.65,0.4323683353,0.59765625,0.1040728973,1,1
0.064375,349.65,0.4324403896,0.59765625,0.1040695419,1,1
0.065,349.65,0.4325110739,0.59765625,0.1040662394,1,1
0.065625,349.65,0.4325804269,0.59765625,0.1040629887,1,1
0.06625,349.65,0.4326484857,0.59765625,0.1040597885,1,1
0.066875,349.65,0.4327152863,0.59765625,0.1040566379,1,1
0.0675,349.65,0.4327808633,0.59765625,0.1040535356,1,1
0.068125,349.65,0.43284525,0.59765625,0.1040504806,1,1
0.06875,349.65,0.4329084785,0.59765625,0.1040474718,1,1
0.069375,349.65,0.4329705797,0.59765625,0.1040445084,1,1
0.07,349.65,0.4330315836,0.59765625,0.1040415892,1,1
0.070625,349.65,0.4330915189,0.59765625,0.1040387133,1,1
0.07125,349.65,0.4331504136,0.59765625,0.1040358798,1,1
0.071875,349.65,0.4332082944,0.59765625,0.1040330878,1,1
0.0725,349.65,0.4332651873,0.59765625,0.1040303364,1,1
0.073125,349.65,0.4333211175,0.59765625,0.1040276248,1,1
0.07375,349.65,0.4333761091,0.59765625,0.1040249521,1,1
0.074375,349.65,0.4334301855,0.59765625,0.1040223175,1,1
0.075,349.65,0.4334833695,0.59765625,0.1040197202,1,1
0.075625,349.65,0.4335356829,0.59765625,0.1040171595,1,1
0.07625,349.65,0.433587147,0.59765625,0.1040146346,1,1
0.076875,349.65,0.4336377822,0.59765625,0.1040121448,1,1
0.0775,349.65,0.4336876084,0.59765625,0.1040096894,1,1
0.078125,349.65,0.4337366449,0.59765625,0.1040072676,1,1
0.07875,349.65,0.4337849102,0.59765625,0.1040048789,1,1
0.079375,349.65,0.4338324225,0.59765625,0.1040025225,1,1
0.08,349.65,0.4338791992,0.59765625,0.1040001978,1,1
0.00875,350.15,0.3863714236,0.59375,0.1041167042,0,0
0.009375,350.15,0.389492374,0.59375,0.1042453772,0,0
0.01,350.15,0.3922513979,0.59375,0.1043439536,0,0
0.010625,350.15,0.3947079231,0.59375,0.1044196251,0,0
0.01125,350.15,0.3969090576,0.59375,0.1044776688,0,0
0.011875,350.15,0.398892621,0.59375,0.1045220132,0,0
0.0125,350.15,0.4006893239,0.59375,0.1045556216,0,0
0.013125,350.15,0.4023243618,0.59375,0.1045807547,0,0
0.01375,350.15,0.4038185988,0.59375,0.1045991557,0,0
0.014375,350.15,0.4051894595,0.59375,0.1046121809,0,0
0.015,350.15,0.4064516091,0.59375,0.1046208953,0,0
0.015625,350.15,0.4076174785,0.59375,0.1046261408,0,0
0.01625,350.15,0.4086976738,0.59375,0.1046285879,0,0
0.016875,350.15,0.4097012996,0.59375,0.1046287741,0,0
0.0175,350.15,0.4106362149,0.59375,0.1046271325,0,0
0.018125,350.15,0.4115092393,0.59375,0.1046240138,0,0
0.01875,350.15,0.4123263193,0.59375,0.1046197035,0,0
0.019375,350.15,0.4130926633,0.59375,0.1046144347,0,0
0.02,350.15,0.4138128532,0.59375,0.1046083987,0,0
0.020625,350.15,0.4144909351,0.59375,0.1046017528,0,0
0.02125,350.15,0.4151304961,0.59375,0.1045946268,0,0
0.021875,350.15,0.4157347269,0.59375,0.1045871278,0,0
0.0225,350.15,0.4163064758,0.59375,0.1045793447,0,0
0.023125,350.15,0.4168482926,0.59375,0.1045713513,0,0
0.02375,350.15,0.4173624673,0.59375,0.1045632086,0,0
0.024375,350.15,0.4178510622,0.59375,0.1045549674,0,0
0.025,350.15,0.4183159394,0.59375,0.1045466701,0,0
0.025625,350.15,0.4187587846,0.59375,0.1045383515,0,0
0.02625,350.15,0.4191811274,0.59375,0.1045300408,0,0
0.026875,350.15,0.4195843592,0.59375,0.1045217619,0,0
0.0275,350.15,0.4199697482,0.59375,0.1045135347,0,0
0.028125,350.15,0.4203384529,0.59375,0.1045053753,0,0
0.02875,350.15,0.4206915336,0.59375,0.1044972972,0,0
0.029375,350.15,0.4210299626,0.59375,0.1044893111,0,0
0.03,350.15,0.4213546333,0.59375,0.1044814256,0,0
0.030625,350.15,0.4216663678,0.59375,0.1044736477,0,0
0.03125,350.15,0.421965924,0.59375,0.1044659827,0,0
0.031875,350.15,0.4222540018,0.59375,0.1044584347,0,0
0.0325,350.15,0.4225312485,0.59375,0.1044510067,0,0
0.033125,350.15,0.4227982635,0.59375,0.1044437009,0,0
0.03375,350.15,0.423055603,0.59375,0.1044365186,0,0
0.034375,350.15,0.4233037834,0.59375,0.1044294605,0,0
0.035,350.15,0.4235432851,0.59375,0.1044225267,0,0
0.035625,350.15,0.4237745554,0.59375,0.104415717,0,0
0.03625,350.15,0.4239980115,0.59375,0.1044090307,0,0
0.036875,350.15,0.4242140428,0.59375,0.1044024668,0,0
0.0375,350.15,0.4244230133,0.59375,0.104396024,0,0
0.038125,350.15,0.4246252635,0.59375,0.1043897009,0,0
0.03875,350.15,0.4248211125,0.59375,0.1043834957,0,0
0.039375,350.15,0.4250108594,0.59375,0.1043774068,0,0
0.04,350.15,0.425194785,0.59375,0.1043714323,0,0
0.040625,350.15,0.4253731531,0.59375,0.1043655701,0,0
0.04125,350.15,0.4255462118,0.59375,0.1043598181,0,0
0.041875,350.15,0.4257141947,0.59375,0.1043541744,0,0
0.0425,350.15,0.4258773219,0.59375,0.1043486366,0,0
0.043125,350.15,0.4260358009,0.59375,0.1043432028,0,0
0.04375,350.15,0.4261898275,0.59375,0.1043378707,0,0
0.044375,350.15,0.4263395868,0.59375,0.1043326382,0,0
0.045,350.15,0.4264852537,0.59375,0.1043275031,0,0
0.045625,350.15,0.4266269936,0.59375,0.1043224632,0,0
0.04625,350.15,0.4267649633,0.59375,0.1043175165,0,0
0.046875,350.15,0.4268993111,0.59375,0.1043126608,0,0
0.0475,350.15,0.4270301778,0.59375,0.1043078941,0,0
0.048125,350.15,0.4271576971,0.59375,0.1043032143,0,0
0.04875,350.15,0.4272819957,0.59375,0.1042986195,0,0
0.049375,350.15,0.427403194,0.59375,0.1042941077,0,0
0.05,350.15,0.4275214067,0.59375,0.1042896769,0,0
0.050625,350.15,0.4276367427,0.59375,0.1042853254,0,0
0.05125,350.15,0.4277493058,0.59375,0.1042810511,0,0
0.051875,350.15,0.4278591947,0.59375,0.1042768524,0,0
0.0525,350.15,0.4279665037,0.59375,0.1042727274,0,0
0.053125,350.15,0.4280713225,0.59375,0.1042686745,0,0
0.05375,350.15,0.4281737368,0.59375,0.1042646919,0,0
0.054375,350.15,0.4282738284,0.59375,0.104260778,1,1
0.055,350.15,0.4283716755,0.59375,0.1042569313,1,1
0.055625,350.15,0.4284673527,0.59375,0.1042531501,1,1
0.05625,350.15,0.4285609313,0.59375,0.104249433,1,1
0.056875,350.15,0.4286524797,0.59375,0.1042457784,1,1
0.0575,350.15,0.4287420633,0.59375,0.104242185,1,1
0.058125,350.15,0.4288297446,0.59375,0.1042386512,1,1
0.05875,350.15,0.4289155835,0.59375,0.1042351758,1,1
0.059375,350.15,0.4289996376,0.59375,0.1042317574,1,1
0.06,350.15,0.4290819618,0.59375,0.1042283947,1,1
0.060625,350.15,0.4291626092,0.59375,0.1042250864,1,1
0.06125,350.15,0.4292416303,0.59375,0.1042218314,1,1
0.061875,350.15,0.429319074,0.59375,0.1042186284,1,1
0.0625,350.15,0.4293949869,0.59375,0.1042154762,1,1
0.063125,350.15,0.429469414,0.59375,0.1042123738,1,1
0.06375,350.15,0.4295423984,0.59375,0.10420932,1,1
0.064375,350.15,0.4296139819,0.59375,0.1042063137,1,1
0.065,350.15,0.4296842042,0.59375,0.1042033539,1,1
0.065625,350.15,0.4297531038,0.59375,0.1042004396,1,1
0.06625,350.15,0.4298207178,0.59375,0.1041975698,1,1
0.066875,350.15,0.4298870818,0.59375,0.1041947435,1,1
0.0675,350.15,0.4299522302,0.59375,0.1041919598,1,1
0.068125,350.15,0.4300161961,0.59375,0.1041892177,1,1
0.06875,350.15,0.4300790113,0.59375,0.1041865165,1,1
0.069375,350.15,0.4301407066,0.59375,0.1041838552,1,1
0.07,350.15,0.4302013118,0.59375,0.1041812329,1,1
0.070625,350.15,0.4302608554,0.59375,0.1041786489,1,1
0.07125,350.15,0.4303193651,0.59375,0.1041761024,1,1
0.071875,350.15,0.4303768676,0.59375,0.1041735925,1,1
0.0725,350.15,0.4304333887,0.59375,0.1041711185,1,1
0.073125,350.15,0.4304889533,0.59375,0.1041686797,1,1
0.07375,350.15,0.4305435855,0.59375,0.1041662754,1,1
0.074375,350.15,0.4305973085,0.59375,0.1041639049,1,1
0.075,350.15,0.4306501449,0.59375,0.1041615674,1,1
0.075625,350.15,0.4307021164,0.59375,0.1041592623,1,1
0.07625,350.15,0.430753244,0.59375,0.104156989,1,1
0.076875,350.15,0.4308035483,0.59375,0.1041547468,1,1
0.0775,350.15,0.4308530489,0.59375,0.1041525351,1,1
0.078125,350.15,0.4309017648,0.59375,0.1041503533,1,1
0.07875,350.15,0.4309497147,0.59375,0.1041482009,1,1
0.079375,350.15,0.4309969164,0.59375,0.1041460772,1,1
0.08,350.15,0.4310433874,0.59375,0.1041439816,1,1
0.00875,350.65,0.3838295063,0.58984375,0.1040652981,0,0
0.009375,350.65,0.3869299242,0.58984375,0.1042045656,0,0
0.01,350.65,0.3896707966,0.58984375,0.1043127591,0,0
0.010625,350.65,0.3921111605,0.58984375,0.104397194,0,0
0.01125,350.65,0.3942978138,0.58984375,0.1044632523,0,0
0.011875,350.65,0.3962683275,0.58984375,0.104514952,0,0
0.0125,350.65,0.39805321,0.58984375,0.1045553322,0,0
0.013125,350.65,0.399677491,0.58984375,0.104586719,0,0
0.01375,350.65,0.4011618975,0.58984375,0.1046109116,0,0
0.014375,350.65,0.4025237394,0.58984375,0.1046293151,0,0
0.015,350.65,0.4037775854,0.58984375,0.1046430362,0,0
0.015625,350.65,0.4049357845,0.58984375,0.1046529537,0,0
0.01625,350.65,0.4060088734,0.58984375,0.1046597701,0,0
0.016875,350.65,0.4070058963,0.58984375,0.1046640511,0,0
0.0175,350.65,0.4079346609,0.58984375,0.1046662545,0,0
0.018125,350.65,0.4088019417,0.58984375,0.1046667531,0,0
0.01875,350.65,0.4096136461,0.58984375,0.1046658518,0,0
0.019375,350.65,0.4103749484,0.58984375,0.1046638011,0,0
0.02,350.65,0.4110904002,0.58984375,0.1046608077,0,0
0.020625,350.65,0.411764021,0.58984375,0.1046570428,0,0
0.02125,350.65,0.4123993744,0.58984375,0.1046526487,0,0
0.021875,350.65,0.4129996301,0.58984375,0.1046477437,0,0
0.0225,350.65,0.4135676174,0.58984375,0.1046424268,0,0
0.023125,350.65,0.4141058696,0.58984375,0.1046367809,0,0
0.02375,350.65,0.4146166616,0.58984375,0.1046308755,0,0
0.024375,350.65,0.4151020421,0.58984375,0.1046247689,0,0
0.025,350.65,0.4155638609,0.58984375,0.1046185102,0,0
0.025625,350.65,0.4160037926,0.58984375,0.1046121407,0,0
0.02625,350.65,0.4164233568,0.58984375,0.1046056953,0,0
0.026875,350.65,0.4168239358,0.58984375,0.1045992031,0,0
0.0275,350.65,0.4172067894,0.58984375,0.1045926889,0,0
0.028125,350.65,0.4175730684,0.58984375,0.1045861734,0,0
0.02875,350.65,0.4179238262,0.58984375,0.1045796739,0,0
0.029375,350.65,0.4182600287,0.58984375,0.104573205,0,0
0.03,350.65,0.4185825633,0.58984375,0.104566779,0,0
0.030625,350.65,0.4188922469,0.58984375,0.1045604059,0,0
0.03125,350.65,0.4191898324,0.58984375,0.104554094,0,0
0.031875,350.65,0.4194760149,0.58984375,0.1045478504,0,0
0.0325,350.65,0.4197514376,0.58984375,0.1045416805,0,0
0.033125,350.65,0.420016696,0.58984375,0.104535589,0,0
0.03375,350.65,0.4202723425,0.58984375,0.1045295793,0,0
0.034375,350.65,0.4205188901,0.58984375,0.1045236544,0,0
0.035,350.65,0.4207568161,0.58984375,0.1045178163,0,0
0.035625,350.65,0.4209865649,0.58984375,0.1045120665,0,0
0.03625,350.65,0.4212085509,0.58984375,0.1045064062,0,0
0.036875,350.65,0.4214231609,0.58984375,0.1045008358,0,0
0.0375,350.65,0.4216307566,0.58984375,0.1044953557,0,0
0.038125,350.65,0.4218316762,0.58984375,0.1044899658,0,0
0.03875,350.65,0.4220262368,0.58984375,0.1044846658,0,0
0.039375,350.65,0.4222147353,0.58984375,0.1044794552,0,0
0.04,350.65,0.4223974509,0.58984375,0.1044743331,0,0
0.040625,350.65,0.4225746455,0.58984375,0.1044692988,0,0
0.04125,350.65,0.4227465657,0.58984375,0.1044643513,0,0
0.041875,350.65,0.4229134435,0.58984375,0.1044594893,0,0
0.0425,350.65,0.4230754974,0.58984375,0.1044547118,0,0
0.043125,350.65,0.4232329338,0.58984375,0.1044500175,0,0
0.04375,350.65,0.4233859471,0.58984375,0.104445405,0,0
0.044375,350.65,0.4235347211,0.58984375,0.1044408729,0,0
0.045,350.65,0.4236794296,0.58984375,0.1044364199,0,0
0.045625,350.65,0.4238202371,0.58984375,0.1044320444,0,0
0.04625,350.65,0.423957299,0.58984375,0.1044277452,0,0
0.046875,350.65,0.424090763,0.58984375,0.1044235207,0,0
0.0475,350.65,0.4242207688,0.58984375,0.1044193694,0,0
0.048125,350.65,0.4243474491,0.58984375,0.1044152899,0,0
0.04875,350.65,0.4244709299,0.58984375,0.1044112808,0,0
0.049375,350.65,0.4245913309,0.58984375,0.1044073406,0,0
0.05,350.65,0.4247087659,0.58984375,0.1044034679,0,0
0.050625,350.65,0.4248233431,0.58984375,0.1043996613,0,0
0.05125,350.65,0.4249351656,0.58984375,0.1043959194,0,0
0.051875,350.65,0.4250443316,0.58984375,0.1043922408,0,0
0.0525,350.65,0.4251509346,0.58984375,0.1043886242,0,0
0.053125,350.65,0.4252550638,0.58984375,0.1043850682,0,0
0.05375,350.65,0.4253568043,0.58984375,0.1043815716,0,0
0.054375,350.65,0.4254562375,0.58984375,0.1043781331,1,1
0.055,350.65,0.4255534408,0.58984375,0.1043747513,1,1
0.055625,350.65,0.4256484885,0.58984375,0.1043714252,1,1
0.05625,350.65,0.4257414515,0.58984375,0.1043681534,1,1
0.056875,350.65,0.4258323976,0.58984375,0.1043649349,1,1
0.0575,350.65,0.4259213918,0.58984375,0.1043617684,1,1
0.058125,350.65,0.4260084962,0.58984375,0.1043586528,1,1
0.05875,350.65,0.4260937704,0.58984375,0.1043555871,1,1
0.059375,350.65,0.4261772715,0.58984375,0.1043525701,1,1
0.06,350.65,0.4262590542,0.58984375,0.1043496008,1,1
0.060625,350.65,0.426339171,0.58984375,0.1043466781,1,1
0.06125,350.65,0.4264176722,0.58984375,0.1043438012,1,1
0.061875,350.65,0.4264946064,0.58984375,0.1043409689,1,1
0.0625,350.65,0.4265700199,0.58984375,0.1043381804,1,1
0.063125,350.65,0.4266439573,0.58984375,0.1043354347,1,1
0.06375,350.65,0.4267164616,0.58984375,0.1043327309,1,1
0.064375,350.65,0.4267875741,0.58984375,0.1043300681,1,1
0.065,350.65,0.4268573344,0.58984375,0.1043274455,1,1
0.065625,350.65,0.4269257808,0.58984375,0.1043248621,1,1
0.06625,350.65,0.4269929499,0.58984375,0.1043223173,1,1
0.066875,350.65,0.4270588774,0.58984375,0.1043198101,1,1
0.0675,350.65,0.4271235971,0.58984375,0.1043173398,1,1
0.068125,350.65,0.4271871422,0.58984375,0.1043149057,1,1
0.06875,350.65,0.4272495441,0.58984375,0.1043125069,1,1
0.069375,350.65,0.4273108336,0.58984375,0.1043101429,1,1
0.07,350.65,0.42737104,0.58984375,0.1043078127,1,1
0.070625,350.65,0.4274301919,0.58984375,0.1043055159,1,1
0.07125,350.65,0.4274883166,0.58984375,0.1043032516,1,1
0.071875,350.65,0.4275454409,0.58984375,0.1043010193,1,1
0.0725,350.65,0.4276015901,0.58984375,0.1042988183,1,1
0.073125,350.65,0.4276567891,0.58984375,0.1042966479,1,1
0.07375,350.65,0.4277110619,0.58984375,0.1042945077,1,1
0.074375,350.65,0.4277644315,0.58984375,0.1042923969,1,1
0.075,350.65,0.4278169202,0.58984375,0.1042903149,1,1
0.075625,350.65,0.4278685498,0.58984375,0.1042882613,1,1
0.07625,350.65,0.4279193411,0.58984375,0.1042862355,1,1
0.076875,350.65,0.4279693144,0.58984375,0.1042842369,1,1
0.0775,350.65,0.4280184893,0.58984375,0.1042822651,1,1
0.078125,350.65,0.4280668848,0.58984375,0.1042803194,1,1
0.07875,350.65,0.4281145192,0.58984375,0.1042783994,1,1
0.079375,350.65,0.4281614104,0.58984375,0.1042765046,1,1
0.08,350.65,0.4282075756,0.58984375,0.1042746346,1,1
0.00875,351.15,0.3812875891,0.5859375,0.1040039293,0,0
0.009375,351.15,0.3843674744,0.5859375,0.1041535992,0,0
0.01,351.15,0.3870901953,0.5859375,0.104271237,0,0
0.010625,351.15,0.3895143978,0.5859375,0.1043642792,0,0
0.01125,351.15,0.39168657,0.5859375,0.1044382104,0,0
0.011875,351.15,0.3936440339,0.5859375,0.1044971359,0,0
0.0125,351.15,0.395417096,0.5859375,0.1045441695,0,0
0.013125,351.15,0.3970306202,0.5859375,0.1045817011,0,0
0.01375,351.15,0.3985051962,0.5859375,0.104611585,0,0
0.014375,351.15,0.3998580193,0.5859375,0.1046352738,0,0
0.015,351.15,0.4011035616,0.5859375,0.1046539154,0,0
0.015625,351.15,0.4022540906,0.5859375,0.1046684246,0,0
0.01625,351.15,0.4033200729,0.5859375,0.1046795356,0,0
0.016875,351.15,0.4043104931,0.5859375,0.1046878414,0,0
0.0175,351.15,0.4052331068,0.5859375,0.1046938244,0,0
0.018125,351.15,0.4060946441,0.5859375,0.1046978787,0,0
0.01875,351.15,0.406900973,0.5859375,0.1047003286,0,0
0.019375,351.15,0.4076572335,0.5859375,0.1047014414,0,0
0.02,351.15,0.4083679472,0.5859375,0.1047014392,0,0
0.020625,351.15,0.409037107,0.5859375,0.1047005067,0,0
0.02125,351.15,0.4096682527,0.5859375,0.1046987984,0,0
0.021875,351.15,0.4102645332,0.5859375,0.1046964437,0,0
0.0225,351.15,0.410828759,0.5859375,0.1046935515,0,0
0.023125,351.15,0.4113634466,0.5859375,0.1046902138,0,0
0.02375,351.15,0.4118708559,0.5859375,0.1046865081,0,0
0.024375,351.15,0.4123530219,0.5859375,0.1046825003,0,0
0.025,351.15,0.4128117823,0.5859375,0.1046782461,0,0
0.025625,351.15,0.4132488006,0.5859375,0.1046737932,0,0
0.02625,351.15,0.4136655863,0.5859375,0.1046691818,0,0
0.026875,351.15,0.4140635124,0.5859375,0.1046644466,0,0
0.0275,351.15,0.4144438305,0.5859375,0.1046596168,0,0
0.028125,351.15,0.4148076838,0.5859375,0.1046547177,0,0
0.02875,351.15,0.4151561187,0.5859375,0.1046497705,0,0
0.029375,351.15,0.4154900947,0.5859375,0.1046447937,0,0
0.03,351.15,0.4158104934,0.5859375,0.1046398028,0,0
0.030625,351.15,0.4161181261,0.5859375,0.1046348111,0,0
0.03125,351.15,0.4164137408,0.5859375,0.10462983,0,0
0.031875,351.15,0.4166980281,0.5859375,0.104624869,0,0
0.0325,351.15,0.4169716268,0.5859375,0.1046199364,0,0
0.033125,351.15,0.4172351285,0.5859375,0.104615039,0,0
0.03375,351.15,0.4174890819,0.5859375,0.1046101826,0,0
0.034375,351.15,0.4177339968,0.5859375,0.104605372,0,0
0.035,351.15,0.4179703471,0.5859375,0.1046006114,0,0
0.035625,351.15,0.4181985744,0.5859375,0.1045959041,0,0
0.03625,351.15,0.4184190903,0.5859375,0.1045912527,0,0
0.036875,351.15,0.418632279,0.5859375,0.1045866595,0,0
0.0375,351.15,0.4188384999,0.5859375,0.1045821262,0,0
0.038125,351.15,0.419038089,0.5859375,0.1045776541,0,0
0.03875,351.15,0.419231361,0.5859375,0.1045732443,0,0
0.039375,351.15,0.4194186112,0.5859375,0.1045688973,0,0
0.04,351.15,0.4196001168,0.5859375,0.1045646138,0,0
0.040625,351.15,0.4197761379,0.5859375,0.1045603937,0,0
0.04125,351.15,0.4199469195,0.5859375,0.1045562373,0,0
0.041875,351.15,0.4201126922,0.5859375,0.1045521443,0,0
0.0425,351.15,0.4202736729,0.5859375,0.1045481145,0,0
0.043125,351.15,0.4204300667,0.5859375,0.1045441474,0,0
0.04375,351.15,0.4205820666,0.5859375,0.1045402426,0,0
0.044375,351.15,0.4207298554,0.5859375,0.1045363995,0,0
0.045,351.15,0.4208736056,0.5859375,0.1045326173,0,0
0.045625,351.15,0.4210134805,0.5859375,0.1045288954,0,0
0.04625,351.15,0.4211496348,0.5859375,0.104525233,0,0
0.046875,351.15,0.4212822149,0.5859375,0.1045216292,0,0
0.0475,351.15,0.4214113597,0.5859375,0.1045180833,0,0
0.048125,351.15,0.4215372011,0.5859375,0.1045145942,0,0
0.04875,351.15,0.4216598641,0.5859375,0.1045111612,0,0
0.049375,351.15,0.4217794678,0.5859375,0.1045077832,0,0
0.05,351.15,0.421896125,0.5859375,0.1045044594,0,0
0.050625,351.15,0.4220099435,0.5859375,0.1045011888,0,0
0.05125,351.15,0.4221210254,0.5859375,0.1044979705,0,0
0.051875,351.15,0.4222294685,0.5859375,0.1044948035,0,0
0.0525,351.15,0.4223353655,0.5859375,0.1044916869,0,0
0.053125,351.15,0.4224388051,0.5859375,0.1044886198,0,0
0.05375,351.15,0.4225398718,0.5859375,0.1044856011,1,1
0.054375,351.15,0.4226386465,0.5859375,0.1044826301,1,1
0.055,351.15,0.4227352061,0.5859375,0.1044797057,1,1
0.055625,351.15,0.4228296243,0.5859375,0.1044768271,1,1
0.05625,351.15,0.4229219717,0.5859375,0.1044739934,1,1
0.056875,351.15,0.4230123155,0.5859375,0.1044712037,1,1
0.0575,351.15,0.4231007204,0.5859375,0.1044684572,1,1
0.058125,351.15,0.4231872479,0.5859375,0.1044657529,1,1
0.05875,351.15,0.4232719574,0.5859375,0.1044630901,1,1
0.059375,351.15,0.4233549055,0.5859375,0.104460468,1,1
0.06,351.15,0.4234361466,0.5859375,0.1044578856,1,1
0.060625,351.15,0.4235157328,0.5859375,0.1044553423,1,1
0.06125,351.15,0.4235937142,0.5859375,0.1044528373,1,1
0.061875,351.15,0.4236701388,0.5859375,0.1044503697,1,1
0.0625,351.15,0.4237450528,0.5859375,0.1044479389,1,1
0.063125,351.15,0.4238185006,0.5859375,0.104445544,1,1
0.06375,351.15,0.4238905248,0.5859375,0.1044431845,1,1
0.064375,351.15,0.4239611663,0.5859375,0.1044408596,1,1
0.065,351.15,0.4240304646,0.5859375,0.1044385686,1,1
0.065625,351.15,0.4240984577,0.5859375,0.1044363108,1,1
0.06625,351.15,0.4241651821,0.5859375,0.1044340856,1,1
0.066875,351.15,0.4242306729,0.5859375,0.1044318923,1,1
0.0675,351.15,0.424294964,0.5859375,0.1044297303,1,1
0.068125,351.15,0.4243580882,0.5859375,0.1044275991,1,1
0.06875,351.15,0.4244200769,0.5859375,0.1044254979,1,1
0.069375,351.15,0.4244809605,0.5859375,0.1044234262,1,1
0.07,351.15,0.4245407682,0.5859375,0.1044213834,1,1
0.070625,351.15,0.4245995283,0.5859375,0.104419369,1,1
0.07125,351.15,0.4246572682,0.5859375,0.1044173824,1,1
0.071875,351.15,0.4247140141,0.5859375,0.1044154231,1,1
0.0725,351.15,0.4247697915,0.5859375,0.1044134906,1,1
0.073125,351.15,0.424824625,0.5859375,0.1044115843,1,1
0.07375,351.15,0.4248785383,0.5859375,0.1044097037,1,1
0.074375,351.15,0.4249315544,0.5859375,0.1044078484,1,1
0.075,351.15,0.4249836956,0.5859375,0.1044060179,1,1
0.075625,351.15,0.4250349833,0.5859375,0.1044042117,1,1
0.07625,351.15,0.4250854382,0.5859375,0.1044024294,1,1
0.076875,351.15,0.4251350806,0.5859375,0.1044006704,1,1
0.0775,351.15,0.4251839298,0.5859375,0.1043989344,1,1
0.078125,351.15,0.4252320048,0.5859375,0.104397221,1,1
0.07875,351.15,0.4252793237,0.5859375,0.1043955297,1,1
0.079375,351.15,0.4253259044,0.5859375,0.1043938601,1,1
0.08,351.15,0.4253717639,0.5859375,0.1043922118,1,1
0.009375,351.65,0.3818050245,0.58203125,0.1040925162,0,0
0.01,351.65,0.384509594,0.58203125,0.1042194266,0,0
0.010625,351.65,0.3869176352,0.58203125,0.1043209208,0,0
0.01125,351.65,0.3890753262,0.58203125,0.1044025838,0,0
0.011875,351.65,0.3910197404,0.58203125,0.1044686065,0,0
0.0125,351.65,0.392780982,0.58203125,0.1045221757,0,0
0.013125,351.65,0.3943837494,0.58203125,0.1045657438,0,0
0.01375,351.65,0.3958484949,0.58203125,0.104601219,0,0
0.014375,351.65,0.3971922991,0.58203125,0.1046301006,0,0
0.015,351.65,0.3984295379,0.58203125,0.1046535771,0,0
0.015625,351.65,0.3995723967,0.58203125,0.1046725983,0,0
0.01625,351.65,0.4006312724,0.58203125,0.1046879294,0,0
0.016875,351.65,0.4016150898,0.58203125,0.1047001905,0,0
0.0175,351.65,0.4025315528,0.58203125,0.1047098879,0,0
0.018125,351.65,0.4033873465,0.58203125,0.1047174369,0,0
0.01875,351.65,0.4041882998,0.58203125,0.1047231803,0,0
0.019375,351.65,0.4049395187,0.58203125,0.1047274026,0,0
0.02,351.65,0.4056454942,0.58203125,0.1047303403,0,0
0.020625,351.65,0.406310193,0.58203125,0.1047321919,0,0
0.02125,351.65,0.406937131,0.58203125,0.1047331236,0,0
0.021875,351.65,0.4075294363,0.58203125,0.1047332758,0,0
0.0225,351.65,0.4080899006,0.58203125,0.1047327671,0,0
0.023125,351.65,0.4086210237,0.58203125,0.1047316984,0,0
0.02375,351.65,0.4091250502,0.58203125,0.1047301551,0,0
0.024375,351.65,0.4096040018,0.58203125,0.1047282105,0,0
0.025,351.65,0.4100597038,0.58203125,0.1047259269,0,0
0.025625,351.65,0.4104938086,0.58203125,0.1047233581,0,0
0.02625,351.65,0.4109078157,0.58203125,0.1047205499,0,0
0.026875,351.65,0.411303089,0.58203125,0.1047175419,0,0
0.0275,351.65,0.4116808716,0.58203125,0.1047143682,0,0
0.028125,351.65,0.4120422993,0.58203125,0.1047110582,0,0
0.02875,351.65,0.4123884112,0.58203125,0.1047076373,0,0
0.029375,351.65,0.4127201607,0.58203125,0.1047041274,0,0
0.03,351.65,0.4130384234,0.58203125,0.1047005475,0,0
0.030625,351.65,0.4133440052,0.58203125,0.104696914,0,0
0.03125,351.65,0.4136376492,0.58203125,0.1046932413,0,0
0.031875,351.65,0.4139200412,0.58203125,0.1046895415,0,0
0.0325,351.65,0.414191816,0.58203125,0.1046858253,0,0
0.033125,351.65,0.414453561,0.58203125,0.104682102,0,0
0.03375,351.65,0.4147058214,0.58203125,0.1046783795,0,0
0.034375,351.65,0.4149491035,0.58203125,0.1046746647,0,0
0.035,351.65,0.4151838781,0.58203125,0.1046709636,0,0
0.035625,351.65,0.4154105839,0.58203125,0.1046672812,0,0
0.03625,351.65,0.4156296297,0.58203125,0.104663622,0,0
0.036875,351.65,0.4158413972,0.58203125,0.1046599896,0,0
0.0375,351.65,0.4160462433,0.58203125,0.1046563872,0,0
0.038125,351.65,0.4162445017,0.58203125,0.1046528176,0,0
0.03875,351.65,0.4164364853,0.58203125,0.1046492831,0,0
0.039375,351.65,0.4166224872,0.58203125,0.1046457854,0,0
0.04,351.65,0.4168027826,0.58203125,0.1046423263,0,0
0.040625,351.65,0.4169776303,0.58203125,0.104638907,0,0
0.04125,351.65,0.4171472734,0.58203125,0.1046355285,0,0
0.041875,351.65,0.4173119409,0.58203125,0.1046321916,0,0
0.0425,351.65,0.4174718485,0.58203125,0.104628897,0,0
0.043125,351.65,0.4176271996,0.58203125,0.1046256452,0,0
0.04375,351.65,0.4177781862,0.58203125,0.1046224363,0,0
0.044375,351.65,0.4179249897,0.58203125,0.1046192706,0,0
0.045,351.65,0.4180677816,0.58203125,0.1046161481,0,0
0.045625,351.65,0.418206724,0.58203125,0.1046130689,0,0
0.04625,351.65,0.4183419706,0.58203125,0.1046100327,0,0
0.046875,351.65,0.4184736668,0.58203125,0.1046070394,0,0
0.0475,351.65,0.4186019507,0.58203125,0.1046040887,0,0
0.048125,351.65,0.4187269531,0.58203125,0.1046011802,0,0
0.04875,351.65,0.4188487984,0.58203125,0.1045983137,0,0
0.049375,351.65,0.4189676047,0.58203125,0.1045954886,0,0
0.05,351.65,0.4190834842,0.58203125,0.1045927046,0,0
0.050625,351.65,0.4191965438,0.58203125,0.1045899611,0,0
0.05125,351.65,0.4193068853,0.58203125,0.1045872577,0,0
0.051875,351.65,0.4194146053,0.58203125,0.1045845938,0,0
0.0525,351.65,0.4195197964,0.58203125,0.1045819689,0,0
0.053125,351.65,0.4196225464,0.58203125,0.1045793825,0,0
0.05375,351.65,0.4197229394,0.58203125,0.1045768339,1,1
0.054375,351.65,0.4198210555,0.58203125,0.1045743226,1,1
0.055,351.65,0.4199169714,0.58203125,0.104571848,1,1
0.055625,351.65,0.4200107602,0.58203125,0.1045694096,1,1
0.05625,351.65,0.4201024919,0.58203125,0.1045670067,1,1
0.056875,351.65,0.4201922334,0.58203125,0.1045646388,1,1
0.0575,351.65,0.4202800489,0.58203125,0.1045623052,1,1
0.058125,351.65,0.4203659996,0.58203125,0.1045600055,1,1
0.05875,351.65,0.4204501443,0.58203125,0.1045577389,1,1
0.059375,351.65,0.4205325394,0.58203125,0.1045555051,1,1
0.06,351.65,0.4206132389,0.58203125,0.1045533033,1,1
0.060625,351.65,0.4206922945,0.58203125,0.104551133,1,1
0.06125,351.65,0.4207697561,0.58203125,0.1045489937,1,1
0.061875,351.65,0.4208456712,0.58203125,0.1045468847,1,1
0.0625,351.65,0.4209200858,0.58203125,0.1045448057,1,1
0.063125,351.65,0.4209930439,0.58203125,0.104542756,1,1
0.06375,351.65,0.4210645879,0.58203125,0.104540735,1,1
0.064375,351.65,0.4211347585,0.58203125,0.1045387424,1,1
0.065,351.65,0.4212035949,0.58203125,0.1045367775,1,1
0.065625,351.65,0.4212711347,0.58203125,0.1045348399,1,1
0.06625,351.65,0.4213374142,0.58203125,0.104532929,1,1
0.066875,351.65,0.4214024684,0.58203125,0.1045310444,1,1
0.0675,351.65,0.421466331,0.58203125,0.1045291857,1,1
0.068125,351.65,0.4215290343,0.58203125,0.1045273523,1,1
0.06875,351.65,0.4215906097,0.58203125,0.1045255437,1,1
0.069375,351.65,0.4216510874,0.58203125,0.1045237596,1,1
0.07,351.65,0.4217104964,0.58203125,0.1045219994,1,1
0.070625,351.65,0.4217688648,0.58203125,0.1045202628,1,1
0.07125,351.65,0.4218262197,0.58203125,0.1045185493,1,1
0.071875,351.65,0.4218825873,0.58203125,0.1045168585,1,1
0.0725,351.65,0.4219379929,0.58203125,0.10451519,1,1
0.073125,351.65,0.4219924608,0.58203125,0.1045135434,1,1
0.07375,351.65,0.4220460147,0.58203125,0.1045119183,1,1
0.074375,351.65,0.4220986774,0.58203125,0.1045103143,1,1
0.075,351.65,0.422150471,0.58203125,0.104508731,1,1
0.075625,351.65,0.4222014167,0.58203125,0.1045071681,1,1
0.07625,351.65,0.4222515353,0.58203125,0.1045056252,1,1
0.076875,351.65,0.4223008467,0.58203125,0.1045041019,1,1
0.0775,351.65,0.4223493703,0.58203125,0.1045025979,1,1
0.078125,351.65,0.4223971247,0.58203125,0.1045011129,1,1
0.07875,351.65,0.4224441282,0.58203125,0.1044996465,1,1
0.079375,351.65,0.4224903984,0.58203125,0.1044981984,1,1
0.08,351.65,0.4225359521,0.58203125,0.1044967683,1,1
0.009375,352.15,0.3792425747,0.578125,0.1040213549,0,0
0.01,352.15,0.3819289927,0.578125,0.1041573669,0,0
0.010625,352.15,0.3843208725,0.578125,0.1042671586,0,0
0.01125,352.15,0.3864640824,0.578125,0.1043564132,0,0
0.011875,352.15,0.3883954468,0.578125,0.1044294051,0,0
0.0125,352.15,0.390144868,0.578125,0.1044893926,0,0
0.013125,352.15,0.3917368786,0.578125,0.1045388895,0,0
0.01375,352.15,0.3931917936,0.578125,0.1045798568,0,0
0.014375,352.15,0.394526579,0.578125,0.1046138394,0,0
0.015,352.15,0.3957555141,0.578125,0.1046420654,0,0
0.015625,352.15,0.3968907027,0.578125,0.1046655193,0,0
0.01625,352.15,0.3979424719,0.578125,0.1046849965,0,0
0.016875,352.15,0.3989196865,0.578125,0.1047011438,0,0
0.0175,352.15,0.3998299987,0.578125,0.1047144908,0,0
0.018125,352.15,0.4006800488,0.578125,0.1047254736,0,0
0.01875,352.15,0.4014756267,0.578125,0.1047344535,0,0
0.019375,352.15,0.4022218038,0.578125,0.1047417312,0,0
0.02,352.15,0.4029230412,0.578125,0.1047475581,0,0
0.020625,352.15,0.4035832789,0.578125,0.1047521456,0,0
0.02125,352.15,0.4042060093,0.578125,0.1047556718,0,0
0.021875,352.15,0.4047943394,0.578125,0.1047582878,0,0
0.0225,352.15,0.4053510422,0.578125,0.1047601216,0,0
0.023125,352.15,0.4058786007,0.578125,0.1047612828,0,0
0.02375,352.15,0.4063792445,0.578125,0.1047618649,0,0
0.024375,352.15,0.4068549816,0.578125,0.1047619481,0,0
0.025,352.15,0.4073076252,0.578125,0.1047616015,0,0
0.025625,352.15,0.4077388166,0.578125,0.1047608845,0,0
0.02625,352.15,0.4081500451,0.578125,0.1047598487,0,0
0.026875,352.15,0.4085426656,0.578125,0.1047585385,0,0
0.0275,352.15,0.4089179128,0.578125,0.1047569926,0,0
0.028125,352.15,0.4092769147,0.578125,0.1047552447,0,0
0.02875,352.15,0.4096207038,0.578125,0.104753324,0,0
0.029375,352.15,0.4099502268,0.578125,0.104751256,0,0
0.03,352.15,0.4102663535,0.578125,0.1047490632,0,0
0.030625,352.15,0.4105698844,0.578125,0.1047467649,0,0
0.03125,352.15,0.4108615576,0.578125,0.1047443782,0,0
0.031875,352.15,0.4111420544,0.578125,0.1047419182,0,0
0.0325,352.15,0.4114120051,0.578125,0.1047393978,0,0
0.033125,352.15,0.4116719934,0.578125,0.1047368287,0,0
0.03375,352.15,0.4119225608,0.578125,0.104734221,0,0
0.034375,352.15,0.4121642101,0.578125,0.1047315834,0,0
0.035,352.15,0.4123974091,0.578125,0.1047289238,0,0
0.035625,352.15,0.4126225934,0.578125,0.1047262491,0,0
0.03625,352.15,0.4128401691,0.578125,0.1047235651,0,0
0.036875,352.15,0.4130505153,0.578125,0.1047208773,0,0
0.0375,352.15,0.4132539866,0.578125,0.1047181902,0,0
0.038125,352.15,0.4134509145,0.578125,0.1047155079,0,0
0.03875,352.15,0.4136416095,0.578125,0.1047128339,0,0
0.039375,352.15,0.4138263631,0.578125,0.1047101712,0,0
0.04,352.15,0.4140054485,0.578125,0.1047075227,0,0
0.040625,352.15,0.4141791227,0.578125,0.1047048905,0,0
0.04125,352.15,0.4143476273,0.578125,0.1047022769,0,0
0.041875,352.15,0.4145111896,0.578125,0.1046996834,0,0
0.0425,352.15,0.414670024,0.578125,0.1046971116,0,0
0.043125,352.15,0.4148243324,0.578125,0.1046945629,0,0
0.04375,352.15,0.4149743057,0.578125,0.1046920382,0,0
0.044375,352.15,0.415120124,0.578125,0.1046895386,0,0
0.045,352.15,0.4152619575,0.578125,0.1046870647,0,0
0.045625,352.15,0.4153999675,0.578125,0.1046846173,0,0
0.04625,352.15,0.4155343063,0.578125,0.1046821969,0,0
0.046875,352.15,0.4156651187,0.578125,0.1046798037,0,0
0.0475,352.15,0.4157925416,0.578125,0.1046774382,0,0
0.048125,352.15,0.4159167051,0.578125,0.1046751006,0,0
0.04875,352.15,0.4160377326,0.578125,0.1046727911,0,0
0.049375,352.15,0.4161557415,0.578125,0.1046705096,0,0
0.05,352.15,0.4162708434,0.578125,0.1046682563,0,0
0.050625,352.15,0.4163831442,0.578125,0.1046660311,0,0
0.05125,352.15,0.4164927451,0.578125,0.104663834,0,0
0.051875,352.15,0.4165997422,0.578125,0.1046616648,0,0
0.0525,352.15,0.4167042273,0.578125,0.1046595233,0,0
0.053125,352.15,0.4168062877,0.578125,0.1046574095,0,0
0.05375,352.15,0.4169060069,0.578125,0.1046553231,1,1
0.054375,352.15,0.4170034645,0.578125,0.1046532639,1,1
0.055,352.15,0.4170987367,0.578125,0.1046512315,1,1
0.055625,352.15,0.417191896,0.578125,0.1046492259,1,1
0.05625,352.15,0.4172830121,0.578125,0.1046472466,1,1
0.056875,352.15,0.4173721513,0.578125,0.1046452933,1,1
0.0575,352.15,0.4174593774,0.578125,0.1046433659,1,1
0.058125,352.15,0.4175447513,0.578125,0.1046414639,1,1
0.05875,352.15,0.4176283313,0.578125,0.104639587,1,1
0.059375,352.15,0.4177101734,0.578125,0.1046377349,1,1
0.06,352.15,0.4177903313,0.578125,0.1046359073,1,1
0.060625,352.15,0.4178688563,0.578125,0.1046341038,1,1
0.06125,352.15,0.417945798,0.578125,0.1046323241,1,1
0.061875,352.15,0.4180212036,0.578125,0.1046305678,1,1
0.0625,352.15,0.4180951188,0.578125,0.1046288346,1,1
0.063125,352.15,0.4181675873,0.578125,0.1046271242,1,1
0.06375,352.15,0.4182386511,0.578125,0.1046254362,1,1
0.064375,352.15,0.4183083508,0.578125,0.1046237703,1,1
0.065,352.15,0.4183767251,0.578125,0.1046221261,1,1
0.065625,352.15,0.4184438116,0.578125,0.1046205033,1,1
0.06625,352.15,0.4185096463,0.578125,0.1046189015,1,1
0.066875,352.15,0.4185742639,0.578125,0.1046173205,1,1
0.0675,352.15,0.4186376979,0.578125,0.1046157599,1,1
0.068125,352.15,0.4186999804,0.578125,0.1046142193,1,1
0.06875,352.15,0.4187611426,0.578125,0.1046126985,1,1
0.069375,352.15,0.4188212143,0.578125,0.1046111972,1,1
0.07,352.15,0.4188802246,0.578125,0.1046097149,1,1
0.070625,352.15,0.4189382013,0.578125,0.1046082514,1,1
0.07125,352.15,0.4189951713,0.578125,0.1046068065,1,1
0.071875,352.15,0.4190511606,0.578125,0.1046053797,1,1
0.0725,352.15,0.4191061943,0.578125,0.1046039709,1,1
0.073125,352.15,0.4191602966,0.578125,0.1046025796,1,1
0.07375,352.15,0.4192134911,0.578125,0.1046012057,1,1
0.074375,352.15,0.4192658004,0.578125,0.1045998487,1,1
0.075,352.15,0.4193172463,0.578125,0.1045985086,1,1
0.075625,352.15,0.4193678501,0.578125,0.1045971849,1,1
0.07625,352.15,0.4194176324,0.578125,0.1045958774,1,1
0.076875,352.15,0.4194666128,0.578125,0.1045945859,1,1
0.0775,352.15,0.4195148107,0.578125,0.1045933101,1,1
0.078125,352.15,0.4195622447,0.578125,0.1045920496,1,1
0.07875,352.15,0.4196089327,0.578125,0.1045908044,1,1
0.079375,352.15,0.4196548923,0.578125,0.1045895741,1,1
0.08,352.15,0.4197001404,0.578125,0.1045883584,1,1
0.009375,352.65,0.3766801249,0.57421875,0.1039401531,0,0
0.01,352.65,0.3793483914,0.57421875,0.1040850967,0,0
0.010625,352.65,0.3817241099,0.57421875,0.1042030323,0,0
0.01125,352.65,0.3838528386,0.57421875,0.104299739,0,0
0.011875,352.65,0.3857711532,0.57421875,0.1043795728,0,0
0.0125,352.65,0.3875087541,0.57421875,0.104445862,0,0
0.013125,352.65,0.3890900078,0.57421875,0.1045011806,0,0
0.01375,352.65,0.3905350923,0.57421875,0.1045475411,0,0
0.014375,352.65,0.3918608589,0.57421875,0.1045865333,0,0
0.015,352.65,0.3930814904,0.57421875,0.104619424,0,0
0.015625,352.65,0.3942090088,0.57421875,0.1046472318,0,0
0.01625,352.65,0.3952536714,0.57421875,0.1046707816,0,0
0.016875,352.65,0.3962242832,0.57421875,0.1046907463,0,0
0.0175,352.65,0.3971284447,0.57421875,0.1047076785,0,0
0.018125,352.65,0.3979727512,0.57421875,0.1047220347,0,0
0.01875,352.65,0.3987629535,0.57421875,0.1047341942,0,0
0.019375,352.65,0.3995040889,0.57421875,0.1047444738,0,0
0.02,352.65,0.4002005882,0.57421875,0.1047531393,0,0
0.020625,352.65,0.4008563649,0.57421875,0.1047604149,0,0
0.02125,352.65,0.4014748876,0.57421875,0.1047664904,0,0
0.021875,352.65,0.4020592425,0.57421875,0.1047715271,0,0
0.0225,352.65,0.4026121838,0.57421875,0.1047756627,0,0
0.023125,352.65,0.4031361777,0.57421875,0.1047790152,0,0
0.02375,352.65,0.4036334388,0.57421875,0.1047816857,0,0
0.024375,352.65,0.4041059615,0.57421875,0.1047837616,0,0
0.025,352.65,0.4045555467,0.57421875,0.1047853183,0,0
0.025625,352.65,0.4049838245,0.57421875,0.1047864212,0,0
0.02625,352.65,0.4053922745,0.57421875,0.1047871271,0,0
0.026875,352.65,0.4057822421,0.57421875,0.1047874853,0,0
0.0275,352.65,0.4061549539,0.57421875,0.1047875392,0,0
0.028125,352.65,0.4065115301,0.57421875,0.1047873264,0,0
0.02875,352.65,0.4068529963,0.57421875,0.1047868801,0,0
0.029375,352.65,0.4071802928,0.57421875,0.1047862294,0,0
0.03,352.65,0.4074942835,0.57421875,0.1047853997,0,0
0.030625,352.65,0.4077957636,0.57421875,0.1047844136,0,0
0.03125,352.65,0.408085466,0.57421875,0.104783291,0,0
0.031875,352.65,0.4083640675,0.57421875,0.1047820494,0,0
0.0325,352.65,0.4086321943,0.57421875,0.1047807044,0,0
0.033125,352.65,0.4088904259,0.57421875,0.1047792698,0,0
0.03375,352.65,0.4091393003,0.57421875,0.1047777576,0,0
0.034375,352.65,0.4093793168,0.57421875,0.1047761788,0,0
0.035,352.65,0.4096109402,0.57421875,0.1047745429,0,0
0.035625,352.65,0.4098346029,0.57421875,0.1047728586,0,0
0.03625,352.65,0.4100507085,0.57421875,0.1047711333,0,0
0.036875,352.65,0.4102596335,0.57421875,0.104769374,0,0
0.0375,352.65,0.4104617299,0.57421875,0.1047675865,0,0
0.038125,352.65,0.4106573272,0.57421875,0.1047657762,0,0
0.03875,352.65,0.4108467338,0.57421875,0.104763948,0,0
0.039375,352.65,0.411030239,0.57421875,0.1047621061,0,0
0.04,352.65,0.4112081144,0.57421875,0.1047602543,0,0
0.040625,352.65,0.4113806152,0.57421875,0.104758396,0,0
0.04125,352.65,0.4115479812,0.57421875,0.1047565341,0,0
0.041875,352.65,0.4117104383,0.57421875,0.1047546713,0,0
0.0425,352.65,0.4118681995,0.57421875,0.1047528101,0,0
0.043125,352.65,0.4120214653,0.57421875,0.1047509525,0,0
0.04375,352.65,0.4121704253,0.57421875,0.1047491005,0,0
0.044375,352.65,0.4123152583,0.57421875,0.1047472556,0,0
0.045,352.65,0.4124561335,0.57421875,0.1047454193,0,0
0.045625,352.65,0.4125932109,0.57421875,0.104743593,0,0
0.04625,352.65,0.4127266421,0.57421875,0.1047417777,0,0
0.046875,352.65,0.4128565706,0.57421875,0.1047399746,0,0
0.0475,352.65,0.4129831325,0.57421875,0.1047381844,0,0
0.048125,352.65,0.4131064571,0.57421875,0.104736408,0,0
0.04875,352.65,0.4132266669,0.57421875,0.1047346459,0,0
0.049375,352.65,0.4133438784,0.57421875,0.1047328988,0,0
0.05,352.65,0.4134582025,0.57421875,0.1047311672,0,0
0.050625,352.65,0.4135697446,0.57421875,0.1047294515,0,0
0.05125,352.65,0.4136786049,0.57421875,0.1047277521,0,0
0.051875,352.65,0.4137848791,0.57421875,0.1047260691,0,0
0.0525,352.65,0.4138886582,0.57421875,0.104724403,0,0
0.053125,352.65,0.413990029,0.57421875,0.1047227538,0,0
0.05375,352.65,0.4140890744,0.57421875,0.1047211217,1,1
0.054375,352.65,0.4141858736,0.57421875,0.1047195068,1,1
0.055,352.65,0.414280502,0.57421875,0.1047179093,1,1
0.055625,352.65,0.4143730319,0.57421875,0.104716329,1,1
0.05625,352.65,0.4144635323,0.57421875,0.1047147662,1,1
0.056875,352.65,0.4145520692,0.57421875,0.1047132206,1,1
0.0575,352.65,0.4146387059,0.57421875,0.1047116924,1,1
0.058125,352.65,0.414723503,0.57421875,0.1047101814,1,1
0.05875,352.65,0.4148065182,0.57421875,0.1047086875,1,1
0.059375,352.65,0.4148878074,0.57421875,0.1047072108,1,1
0.06,352.65,0.4149674236,0.57421875,0.104705751,1,1
0.060625,352.65,0.4150454181,0.57421875,0.1047043081,1,1
0.06125,352.65,0.4151218399,0.57421875,0.1047028819,1,1
0.061875,352.65,0.415196736,0.57421875,0.1047014723,1,1
0.0625,352.65,0.4152701518,0.57421875,0.1047000792,1,1
0.063125,352.65,0.4153421306,0.57421875,0.1046987024,1,1
0.06375,352.65,0.4154127143,0.57421875,0.1046973417,1,1
0.064375,352.65,0.415481943,0.57421875,0.104695997,1,1
0.065,352.65,0.4155498553,0.57421875,0.104694668,1,1
0.065625,352.65,0.4156164886,0.57421875,0.1046933547,1,1
0.06625,352.65,0.4156818784,0.57421875,0.1046920568,1,1
0.066875,352.65,0.4157460594,0.57421875,0.1046907742,1,1
0.0675,352.65,0.4158090648,0.57421875,0.1046895067,1,1
0.068125,352.65,0.4158709265,0.57421875,0.1046882541,1,1
0.06875,352.65,0.4159316754,0.57421875,0.1046870162,1,1
0.069375,352.65,0.4159913413,0.57421875,0.1046857928,1,1
0.07,352.65,0.4160499528,0.57421875,0.1046845837,1,1
0.070625,352.65,0.4161075378,0.57421875,0.1046833888,1,1
0.07125,352.65,0.4161641228,0.57421875,0.1046822079,1,1
0.071875,352.65,0.4162197338,0.57421875,0.1046810407,1,1
0.0725,352.65,0.4162743957,0.57421875,0.104679887,1,1
0.073125,352.65,0.4163281325,0.57421875,0.1046787468,1,1
0.07375,352.65,0.4163809675,0.57421875,0.1046776198,1,1
0.074375,352.65,0.4164329234,0.57421875,0.1046765058,1,1
0.075,352.65,0.4164840217,0.57421875,0.1046754047,1,1
0.075625,352.65,0.4165342836,0.57421875,0.1046743162,1,1
0.07625,352.65,0.4165837294,0.57421875,0.1046732402,1,1
0.076875,352.65,0.4166323789,0.57421875,0.1046721765,1,1
0.0775,352.65,0.4166802512,0.57421875,0.104671125,1,1
0.078125,352.65,0.4167273647,0.57421875,0.1046700854,1,1
0.07875,352.65,0.4167737373,0.57421875,0.1046690575,1,1
0.079375,352.65,0.4168193863,0.57421875,0.1046680413,1,1
0.08,352.65,0.4168643286,0.57421875,0.1046670365,1,1
0.01,353.15,0.3767677901,0.5703125,0.1040026547,0,0
0.010625,353.15,0.3791273472,0.5703125,0.1041285814,0,0
0.01125,353.15,0.3812415948,0.5703125,0.1042326012,0,0
0.011875,353.15,0.3831468597,0.5703125,0.1043191504,0,0
0.0125,353.15,0.3848726401,0.5703125,0.1043916255,0,0
0.013125,353.15,0.386443137,0.5703125,0.1044526592,0,0
0.01375,353.15,0.387878391,0.5703125,0.1045043147,0,0
0.014375,353.15,0.3891951388,0.5703125,0.1045482255,0,0
0.015,353.15,0.3904074667,0.5703125,0.1045856967,0,0
0.015625,353.15,0.3915273148,0.5703125,0.1046177799,0,0
0.01625,353.15,0.3925648709,0.5703125,0.1046453291,0,0
0.016875,353.15,0.3935288799,0.5703125,0.1046690429,0,0
0.0175,353.15,0.3944268906,0.5703125,0.1046894962,0,0
0.018125,353.15,0.3952654536,0.5703125,0.1047071657,0,0
0.01875,353.15,0.3960502804,0.5703125,0.1047224482,0,0
0.019375,353.15,0.396786374,0.5703125,0.1047356764,0,0
0.02,353.15,0.3974781353,0.5703125,0.1047471302,0,0
0.020625,353.15,0.3981294508,0.5703125,0.1047570464,0,0
0.02125,353.15,0.398743766,0.5703125,0.1047656261,0,0
0.021875,353.15,0.3993241456,0.5703125,0.104773041,0,0
0.0225,353.15,0.3998733254,0.5703125,0.1047794379,0,0
0.023125,353.15,0.4003937547,0.5703125,0.1047849431,0,0
0.02375,353.15,0.4008876331,0.5703125,0.1047896654,0,0
0.024375,353.15,0.4013569413,0.5703125,0.1047936991,0,0
0.025,353.15,0.4018034681,0.5703125,0.1047971258,0,0
0.025625,353.15,0.4022288325,0.5703125,0.1048000167,0,0
0.02625,353.15,0.402634504,0.5703125,0.1048024338,0,0
0.026875,353.15,0.4030218187,0.5703125,0.1048044314,0,0
0.0275,353.15,0.403391995,0.5703125,0.1048060571,0,0
0.028125,353.15,0.4037461456,0.5703125,0.1048073527,0,0
0.02875,353.15,0.4040852889,0.5703125,0.1048083551,0,0
0.029375,353.15,0.4044103588,0.5703125,0.1048090968,0,0
0.03,353.15,0.4047222136,0.5703125,0.1048096066,0,0
0.030625,353.15,0.4050216427,0.5703125,0.10480991,0,0
0.03125,353.15,0.4053093743,0.5703125,0.1048100295,0,0
0.031875,353.15,0.4055860807,0.5703125,0.1048099852,0,0
0.0325,353.15,0.4058523834,0.5703125,0.1048097952,0,0
0.033125,353.15,0.4061088584,0.5703125,0.1048094753,0,0
0.03375,353.15,0.4063560397,0.5703125,0.1048090397,0,0
0.034375,353.15,0.4065944235,0.5703125,0.1048085013,0,0
0.035,353.15,0.4068244712,0.5703125,0.1048078715,0,0
0.035625,353.15,0.4070466124,0.5703125,0.1048071604,0,0
0.03625,353.15,0.4072612479,0.5703125,0.1048063772,0,0
0.036875,353.15,0.4074687516,0.5703125,0.1048055303,0,0
0.0375,353.15,0.4076694733,0.5703125,0.1048046268,0,0
0.038125,353.15,0.4078637399,0.5703125,0.1048036737,0,0
0.03875,353.15,0.4080518581,0.5703125,0.1048026767,0,0
0.039375,353.15,0.4082341149,0.5703125,0.1048016414,0,0
0.04,353.15,0.4084107803,0.5703125,0.1048005726,0,0
0.040625,353.15,0.4085821076,0.5703125,0.1047994747,0,0
0.04125,353.15,0.408748335,0.5703125,0.1047983516,0,0
0.041875,353.15,0.408909687,0.5703125,0.104797207,0,0
0.0425,353.15,0.409066375,0.5703125,0.1047960441,0,0
0.043125,353.15,0.4092185982,0.5703125,0.1047948658,0,0
0.04375,353.15,0.4093665449,0.5703125,0.1047936747,0,0
0.044375,353.15,0.4095103926,0.5703125,0.1047924733,0,0
0.045,353.15,0.4096503095,0.5703125,0.1047912636,0,0
0.045625,353.15,0.4097864544,0.5703125,0.1047900477,0,0
0.04625,353.15,0.4099189779,0.5703125,0.1047888273,0,0
0.046875,353.15,0.4100480225,0.5703125,0.104787604,0,0
0.0475,353.15,0.4101737235,0.5703125,0.1047863792,0,0
0.048125,353.15,0.4102962091,0.5703125,0.1047851543,0,0
0.04875,353.15,0.4104156011,0.5703125,0.1047839304,0,0
0.049375,353.15,0.4105320153,0.5703125,0.1047827085,0,0
0.05,353.15,0.4106455617,0.5703125,0.1047814897,0,0
0.050625,353.15,0.410756345,0.5703125,0.1047802747,0,0
0.05125,353.15,0.4108644648,0.5703125,0.1047790644,0,0
0.051875,353.15,0.410970016,0.5703125,0.1047778594,0,0
0.0525,353.15,0.4110730891,0.5703125,0.1047766604,0,0
0.053125,353.15,0.4111737703,0.5703125,0.1047754679,0,0
0.05375,353.15,0.4112721419,0.5703125,0.1047742823,1,1
0.054375,353.15,0.4113682826,0.5703125,0.1047731042,1,1
0.055,353.15,0.4114622673,0.5703125,0.104771934,1,1
0.055625,353.15,0.4115541677,0.5703125,0.1047707719,1,1
0.05625,353.15,0.4116440524,0.5703125,0.1047696183,1,1
0.056875,353.15,0.4117319871,0.5703125,0.1047684735,1,1
0.0575,353.15,0.4118180345,0.5703125,0.1047673376,1,1
0.058125,353.15,0.4119022546,0.5703125,0.1047662109,1,1
0.05875,353.15,0.4119847052,0.5703125,0.1047650935,1,1
0.059375,353.15,0.4120654413,0.5703125,0.1047639857,1,1
0.06,353.15,0.412144516,0.5703125,0.1047628875,1,1
0.060625,353.15,0.4122219799,0.5703125,0.104761799,1,1
0.06125,353.15,0.4122978818,0.5703125,0.1047607203,1,1
0.061875,353.15,0.4123722684,0.5703125,0.1047596515,1,1
0.0625,353.15,0.4124451848,0.5703125,0.1047585926,1,1
0.063125,353.15,0.4125166739,0.5703125,0.1047575436,1,1
0.06375,353.15,0.4125867775,0.5703125,0.1047565046,1,1
0.064375,353.15,0.4126555352,0.5703125,0.1047554756,1,1
0.065,353.15,0.4127229856,0.5703125,0.1047544566,1,1
0.065625,353.15,0.4127891655,0.5703125,0.1047534475,1,1
0.06625,353.15,0.4128541105,0.5703125,0.1047524483,1,1
0.066875,353.15,0.4129178549,0.5703125,0.104751459,1,1
0.0675,353.15,0.4129804317,0.5703125,0.1047504796,1,1
0.068125,353.15,0.4130418725,0.5703125,0.10474951,1,1
0.06875,353.15,0.4131022082,0.5703125,0.1047485501,1,1
0.069375,353.15,0.4131614682,0.5703125,0.1047476,1,1
0.07,353.15,0.413219681,0.5703125,0.1047466595,1,1
0.070625,353.15,0.4132768742,0.5703125,0.1047457285,1,1
0.07125,353.15,0.4133330744,0.5703125,0.104744807,1,1
0.071875,353.15,0.413388307,0.5703125,0.104743895,1,1
0.0725,353.15,0.4134425971,0.5703125,0.1047429923,1,1
0.073125,353.15,0.4134959683,0.5703125,0.1047420988,1,1
0.07375,353.15,0.4135484439,0.5703125,0.1047412145,1,1
0.074375,353.15,0.4136000463,0.5703125,0.1047403393,1,1
0.075,353.15,0.413650797,0.5703125,0.1047394731,1,1
0.075625,353.15,0.413700717,0.5703125,0.1047386159,1,1
0.07625,353.15,0.4137498265,0.5703125,0.1047377674,1,1
0.076875,353.15,0.4137981451,0.5703125,0.1047369277,1,1
0.0775,353.15,0.4138456917,0.5703125,0.1047360966,1,1
0.078125,353.15,0.4138924846,0.5703125,0.104735274,1,1
0.07875,353.15,0.4139385418,0.5703125,0.1047344599,1,1
0.079375,353.15,0.4139838803,0.5703125,0.1047336541,1,1
0.08,353.15,0.4140285168,0.5703125,0.1047328566,1,1
0.01,353.65,0.3741871888,0.56640625,0.1039100793,0,0
0.010625,353.65,0.3765305846,0.56640625,0.1040438449,0,0
0.01125,353.65,0.378630351,0.56640625,0.1041550399,0,0
0.011875,353.65,0.3805225661,0.56640625,0.1042481786,0,0
0.0125,353.65,0.3822365261,0.56640625,0.1043267242,0,0
0.013125,353.65,0.3837962662,0.56640625,0.1043933671,0,0
0.01375,353.65,0.3852216897,0.56640625,0.1044502199,0,0
0.014375,353.65,0.3865294186,0.56640625,0.104498959,0,0
0.015,353.65,0.3877334429,0.56640625,0.1045409268,0,0
0.015625,353.65,0.3888456209,0.56640625,0.1045772074,0,0
0.01625,353.65,0.3898760704,0.56640625,0.1046086833,0,0
0.016875,353.65,0.3908334766,0.56640625,0.1046360781,0,0
0.0175,353.65,0.3917253366,0.56640625,0.1046599889,0,0
0.018125,353.65,0.3925581559,0.56640625,0.1046809118,0,0
0.01875,353.65,0.3933376072,0.56640625,0.1046992612,0,0
0.019375,353.65,0.3940686591,0.56640625,0.104715385,0,0
0.02,353.65,0.3947556823,0.56640625,0.1047295771,0,0
0.020625,353.65,0.3954025368,0.56640625,0.1047420866,0,0
0.02125,353.65,0.3960126443,0.56640625,0.1047531259,0,0
0.021875,353.65,0.3965890487,0.56640625,0.1047628764,0,0
0.0225,353.65,0.397134467,0.56640625,0.1047714943,0,0
0.023125,353.65,0.3976513318,0.56640625,0.1047791139,0,0
0.02375,353.65,0.3981418274,0.56640625,0.1047858516,0,0
0.024375,353.65,0.3986079212,0.56640625,0.1047918083,0,0
0.025,353.65,0.3990513896,0.56640625,0.1047970718,0,0
0.025625,353.65,0.3994738405,0.56640625,0.1048017191,0,0
0.02625,353.65,0.3998767334,0.56640625,0.1048058172,0,0
0.026875,353.65,0.4002613953,0.56640625,0.1048094252,0,0
0.0275,353.65,0.4006290361,0.56640625,0.1048125949,0,0
0.028125,353.65,0.400980761,0.56640625,0.1048153724,0,0
0.02875,353.65,0.4013175814,0.56640625,0.1048177979,0,0
0.029375,353.65,0.4016404249,0.56640625,0.1048199076,0,0
0.03,353.65,0.4019501436,0.56640625,0.1048217333,0,0
0.030625,353.65,0.4022475219,0.56640625,0.1048233034,0,0
0.03125,353.65,0.4025332827,0.56640625,0.1048246432,0,0
0.031875,353.65,0.4028080938,0.56640625,0.1048257752,0,0
0.0325,353.65,0.4030725726,0.56640625,0.1048267199,0,0
0.033125,353.65,0.4033272909,0.56640625,0.1048274952,0,0
0.03375,353.65,0.4035727792,0.56640625,0.1048281174,0,0
0.034375,353.65,0.4038095302,0.56640625,0.1048286012,0,0
0.035,353.65,0.4040380022,0.56640625,0.1048289597,0,0
0.035625,353.65,0.4042586219,0.56640625,0.1048292049,0,0
0.03625,353.65,0.4044717873,0.56640625,0.1048293474,0,0
0.036875,353.65,0.4046778697,0.56640625,0.1048293968,0,0
0.0375,353.65,0.4048772166,0.56640625,0.104829362,0,0
0.038125,353.65,0.4050701527,0.56640625,0.1048292509,0,0
0.03875,353.65,0.4052569823,0.56640625,0.1048290707,0,0
0.039375,353.65,0.4054379909,0.56640625,0.1048288279,0,0
0.04,353.65,0.4056134462,0.56640625,0.1048285284,0,0
0.040625,353.65,0.4057836,0.56640625,0.1048281777,0,0
0.04125,353.65,0.4059486889,0.56640625,0.1048277806,0,0
0.041875,353.65,0.4061089358,0.56640625,0.1048273416,0,0
0.0425,353.65,0.4062645505,0.56640625,0.1048268648,0,0
0.043125,353.65,0.4064157311,0.56640625,0.1048263539,0,0
0.04375,353.65,0.4065626644,0.56640625,0.1048258124,0,0
0.044375,353.65,0.4067055269,0.56640625,0.1048252432,0,0
0.045,353.65,0.4068444854,0.56640625,0.1048246493,0,0
0.045625,353.65,0.4069796979,0.56640625,0.1048240332,0,0
0.04625,353.65,0.4071113136,0.56640625,0.1048233973,0,0
0.046875,353.65,0.4072394744,0.56640625,0.1048227437,0,0
0.0475,353.65,0.4073643144,0.56640625,0.1048220746,0,0
0.048125,353.65,0.4074859611,0.56640625,0.1048213916,0,0
0.04875,353.65,0.4076045353,0.56640625,0.1048206965,0,0
0.049375,353.65,0.4077201522,0.56640625,0.1048199907,0,0
0.05,353.65,0.4078329209,0.56640625,0.1048192757,0,0
0.050625,353.65,0.4079429453,0.56640625,0.1048185528,0,0
0.05125,353.65,0.4080503246,0.56640625,0.1048178231,0,0
0.051875,353.65,0.4081551528,0.56640625,0.1048170878,0,0
0.0525,353.65,0.40825752,0.56640625,0.1048163478,0,0
0.053125,353.65,0.4083575116,0.56640625,0.104815604,1,1
0.05375,353.65,0.4084552095,0.56640625,0.1048148573,1,1
0.054375,353.65,0.4085506916,0.56640625,0.1048141084,1,1
0.055,353.65,0.4086440326,0.56640625,0.104813358,1,1
0.055625,353.65,0.4087353035,0.56640625,0.1048126069,1,1
0.05625,353.65,0.4088245726,0.56640625,0.1048118555,1,1
0.056875,353.65,0.408911905,0.56640625,0.1048111044,1,1
0.0575,353.65,0.408997363,0.56640625,0.1048103541,1,1
0.058125,353.65,0.4090810063,0.56640625,0.1048096051,1,1
0.05875,353.65,0.4091628921,0.56640625,0.1048088577,1,1
0.059375,353.65,0.4092430753,0.56640625,0.1048081124,1,1
0.06,353.65,0.4093216083,0.56640625,0.1048073695,1,1
0.060625,353.65,0.4093985417,0.56640625,0.1048066293,1,1
0.06125,353.65,0.4094739237,0.56640625,0.1048058921,1,1
0.061875,353.65,0.4095478008,0.56640625,0.1048051581,1,1
0.0625,353.65,0.4096202177,0.56640625,0.1048044277,1,1
0.063125,353.65,0.4096912173,0.56640625,0.1048037009,1,1
0.06375,353.65,0.4097608406,0.56640625,0.1048029781,1,1
0.064375,353.65,0.4098291274,0.56640625,0.1048022593,1,1
0.065,353.65,0.4098961158,0.56640625,0.1048015448,1,1
0.065625,353.65,0.4099618424,0.56640625,0.1048008346,1,1
0.06625,353.65,0.4100263427,0.56640625,0.104800129,1,1
0.066875,353.65,0.4100896504,0.56640625,0.104799428,1,1
0.0675,353.65,0.4101517986,0.56640625,0.1047987317,1,1
0.068125,353.65,0.4102128186,0.56640625,0.1047980402,1,1
0.06875,353.65,0.410272741,0.56640625,0.1047973536,1,1
0.069375,353.65,0.4103315951,0.56640625,0.104796672,1,1
0.07,353.65,0.4103894093,0.56640625,0.1047959954,1,1
0.070625,353.65,0.4104462107,0.56640625,0.1047953238,1,1
0.07125,353.65,0.4105020259,0.56640625,0.1047946573,1,1
0.071875,353.65,0.4105568803,0.56640625,0.104793996,1,1
0.0725,353.65,0.4106107984,0.56640625,0.1047933399,1,1
0.073125,353.65,0.4106638041,0.56640625,0.1047926889,1,1
0.07375,353.65,0.4107159204,0.56640625,0.1047920432,1,1
0.074375,353.65,0.4107671693,0.56640625,0.1047914027,1,1
0.075,353.65,0.4108175724,0.56640625,0.1047907674,1,1
0.075625,353.65,0.4108671505,0.56640625,0.1047901373,1,1
0.07625,353.65,0.4109159236,0.56640625,0.1047895124,1,1
0.076875,353.65,0.4109639112,0.56640625,0.1047888928,1,1
0.0775,353.65,0.4110111321,0.56640625,0.1047882784,1,1
0.078125,353.65,0.4110576046,0.56640625,0.1047876691,1,1
0.07875,353.65,0.4111033463,0.56640625,0.104787065,1,1
0.079375,353.65,0.4111483742,0.56640625,0.1047864661,1,1
0.08,353.65,0.4111927051,0.56640625,0.1047858723,1,1
0.010625,354.15,0.3739338219,0.5625,0.1039488621,0,0
0.01125,354.15,0.3760191072,0.5625,0.1040670949,0,0
0.011875,354.15,0.3778982726,0.5625,0.1041666977,0,0
0.0125,354.15,0.3796004121,0.5625,0.1042511993,0,0
0.013125,354.15,0.3811493954,0.5625,0.1043233459,0,0
0.01375,354.15,0.3825649884,0.5625,0.1043852988,0,0
0.014375,354.15,0.3838636985,0.5625,0.1044387763,0,0
0.015,354.15,0.3850594192,0.5625,0.1044851573,0,0
0.015625,354.15,0.386163927,0.5625,0.1045255578,0,0
0.01625,354.15,0.38718727,0.5625,0.1045608881,0,0
0.016875,354.15,0.3881380733,0.5625,0.1045918963,0,0
0.0175,354.15,0.3890237826,0.5625,0.1046192013,0,0
0.018125,354.15,0.3898508583,0.5625,0.1046433182,0,0
0.01875,354.15,0.3906249341,0.5625,0.1046646785,0,0
0.019375,354.15,0.3913509442,0.5625,0.1046836453,0,0
0.02,354.15,0.3920332293,0.5625,0.104700526,0,0
0.020625,354.15,0.3926756227,0.5625,0.1047155819,0,0
0.02125,354.15,0.3932815226,0.5625,0.1047290361,0,0
0.021875,354.15,0.3938539518,0.5625,0.1047410802,0,0
0.0225,354.15,0.3943956086,0.5625,0.1047518789,0,0
0.023125,354.15,0.3949089088,0.5625,0.1047615749,0,0
0.02375,354.15,0.3953960217,0.5625,0.1047702916,0,0
0.024375,354.15,0.3958589011,0.5625,0.1047781368,0,0
0.025,354.15,0.396299311,0.5625,0.1047852043,0,0
0.025625,354.15,0.3967188485,0.5625,0.1047915764,0,0
0.02625,354.15,0.3971189628,0.5625,0.1047973254,0,0
0.026875,354.15,0.3975009719,0.5625,0.104802515,0,0
0.0275,354.15,0.3978660773,0.5625,0.1048072012,0,0
0.028125,354.15,0.3982153765,0.5625,0.104811434,0,0
0.02875,354.15,0.3985498739,0.5625,0.1048152574,0,0
0.029375,354.15,0.3988704909,0.5625,0.1048187106,0,0
0.03,354.15,0.3991780736,0.5625,0.1048218288,0,0
0.030625,354.15,0.399473401,0.5625,0.1048246431,0,0
0.03125,354.15,0.3997571911,0.5625,0.1048271814,0,0
0.031875,354.15,0.400030107,0.5625,0.1048294689,0,0
0.0325,354.15,0.4002927617,0.5625,0.1048315281,0,0
0.033125,354.15,0.4005457234,0.5625,0.1048333791,0,0
0.03375,354.15,0.4007895186,0.5625,0.1048350404,0,0
0.034375,354.15,0.4010246369,0.5625,0.1048365283,0,0
0.035,354.15,0.4012515332,0.5625,0.1048378577,0,0
0.035625,354.15,0.4014706314,0.5625,0.1048390421,0,0
0.03625,354.15,0.4016823267,0.5625,0.1048400938,0,0
0.036875,354.15,0.4018869879,0.5625,0.1048410239,0,0
0.0375,354.15,0.4020849599,0.5625,0.1048418424,0,0
0.038125,354.15,0.4022765654,0.5625,0.1048425585,0,0
0.03875,354.15,0.4024621066,0.5625,0.1048431805,0,0
0.039375,354.15,0.4026418668,0.5625,0.1048437162,0,0
0.04,354.15,0.4028161121,0.5625,0.1048441725,0,0
0.040625,354.15,0.4029850924,0.5625,0.1048445558,0,0
0.04125,354.15,0.4031490428,0.5625,0.1048448719,0,0
0.041875,354.15,0.4033081845,0.5625,0.1048451261,0,0
0.0425,354.15,0.403462726,0.5625,0.1048453233,0,0
0.043125,354.15,0.403612864,0.5625,0.1048454681,0,0
0.04375,354.15,0.403758784,0.5625,0.1048455646,0,0
0.044375,354.15,0.4039006612,0.5625,0.1048456166,0,0
0.045,354.15,0.4040386614,0.5625,0.1048456276,0,0
0.045625,354.15,0.4041729413,0.5625,0.1048456007,0,0
0.04625,354.15,0.4043036494,0.5625,0.104845539,0,0
0.046875,354.15,0.4044309263,0.5625,0.1048454453,0,0
0.0475,354.15,0.4045549053,0.5625,0.1048453219,0,0
0.048125,354.15,0.404675713,0.5625,0.1048451714,0,0
0.04875,354.15,0.4047934696,0.5625,0.1048449957,0,0
0.049375,354.15,0.4049082891,0.5625,0.104844797,0,0
0.05,354.15,0.40502028,0.5625,0.104844577,0,0
0.050625,354.15,0.4051295457,0.5625,0.1048443375,0,0
0.05125,354.15,0.4052361844,0.5625,0.1048440801,0,0
0.051875,354.15,0.4053402897,0.5625,0.1048438062,0,0
0.0525,354.15,0.4054419509,0.5625,0.1048435171,0,0
0.053125,354.15,0.4055412529,0.5625,0.1048432142,1,1
0.05375,354.15,0.405638277,0.5625,0.1048428986,1,1
0.054375,354.15,0.4057331006,0.5625,0.1048425714,1,1
0.055,354.15,0.4058257978,0.5625,0.1048422336,1,1
0.055625,354.15,0.4059164394,0.5625,0.1048418861,1,1
0.05625,354.15,0.4060050928,0.5625,0.1048415299,1,1
0.056875,354.15,0.4060918229,0.5625,0.1048411657,1,1
0.0575,354.15,0.4061766915,0.5625,0.1048407942,1,1
0.058125,354.15,0.406259758,0.5625,0.1048404162,1,1
0.05875,354.15,0.4063410791,0.5625,0.1048400324,1,1
0.059375,354.15,0.4064207093,0.5625,0.1048396432,1,1
0.06,354.15,0.4064987007,0.5625,0.1048392494,1,1
0.060625,354.15,0.4065751034,0.5625,0.1048388514,1,1
0.06125,354.15,0.4066499656,0.5625,0.1048384497,1,1
0.061875,354.15,0.4067233332,0.5625,0.1048380448,1,1
0.0625,354.15,0.4067952507,0.5625,0.104837637,1,1
0.063125,354.15,0.4068657606,0.5625,0.1048372269,1,1
0.06375,354.15,0.4069349038,0.5625,0.1048368146,1,1
0.064375,354.15,0.4070027197,0.5625,0.1048364007,1,1
0.065,354.15,0.407069246,0.5625,0.1048359854,1,1
0.065625,354.15,0.4071345194,0.5625,0.104835569,1,1
0.06625,354.15,0.4071985748,0.5625,0.1048351517,1,1
0.066875,354.15,0.407261446,0.5625,0.104834734,1,1
0.0675,354.15,0.4073231655,0.5625,0.1048343158,1,1
0.068125,354.15,0.4073837647,0.5625,0.1048338976,1,1
0.06875,354.15,0.4074432738,0.5625,0.1048334795,1,1
0.069375,354.15,0.4075017221,0.5625,0.1048330617,1,1
0.07,354.15,0.4075591375,0.5625,0.1048326444,1,1
0.070625,354.15,0.4076155472,0.5625,0.1048322277,1,1
0.07125,354.15,0.4076709775,0.5625,0.1048318118,1,1
0.071875,354.15,0.4077254535,0.5625,0.1048313969,1,1
0.0725,354.15,0.4077789998,0.5625,0.104830983,1,1
0.073125,354.15,0.40783164,0.5625,0.1048305703,1,1
0.07375,354.15,0.4078833968,0.5625,0.104830159,1,1
0.074375,354.15,0.4079342923,0.5625,0.104829749,1,1
0.075,354.15,0.4079843478,0.5625,0.1048293406,1,1
0.075625,354.15,0.4080335839,0.5625,0.1048289337,1,1
0.07625,354.15,0.4080820207,0.5625,0.1048285286,1,1
0.076875,354.15,0.4081296773,0.5625,0.1048281252,1,1
0.0775,354.15,0.4081765726,0.5625,0.1048277236,1,1
0.078125,354.15,0.4082227246,0.5625,0.104827324,1,1
0.07875,354.15,0.4082681508,0.5625,0.1048269263,1,1
0.079375,354.15,0.4083128682,0.5625,0.1048265306,1,1
0.08,354.15,0.4083568933,0.5625,0.104826137,1,1
0.010625,354.65,0.3713370593,0.55859375,0.1038436716,0,0
0.01125,354.65,0.3734078634,0.55859375,0.1039688057,0,0
0.011875,354.65,0.375273979,0.55859375,0.1040747482,0,0
0.0125,354.65,0.3769642982,0.55859375,0.1041650916,0,0
0.013125,354.65,0.3785025246,0.55859375,0.1042426372,0,0
0.01375,354.65,0.379908287,0.55859375,0.1043095935,0,0
0.014375,354.65,0.3811979784,0.55859375,0.1043677201,0,0
0.015,354.65,0.3823853954,0.55859375,0.1044184313,0,0
0.015625,354.65,0.383482233,0.55859375,0.1044628745,0,0
0.01625,354.65,0.3844984695,0.55859375,0.1045019872,0,0
0.016875,354.65,0.38544267,0.55859375,0.1045365417,0,0
0.0175,354.65,0.3863222285,0.55859375,0.1045671778,0,0
0.018125,354.65,0.3871435607,0.55859375,0.1045944297,0,0
0.01875,354.65,0.3879122609,0.55859375,0.1046187453,0,0
0.019375,354.65,0.3886332293,0.55859375,0.1046405027,0,0
0.02,354.65,0.3893107763,0.55859375,0.1046600225,0,0
0.020625,354.65,0.3899487087,0.55859375,0.104677578,0,0
0.02125,354.65,0.3905504009,0.55859375,0.104693403,0,0
0.021875,354.65,0.391118855,0.55859375,0.1047076987,0,0
0.0225,354.65,0.3916567502,0.55859375,0.1047206385,0,0
0.023125,354.65,0.3921664858,0.55859375,0.104732373,0,0
0.02375,354.65,0.392650216,0.55859375,0.1047430328,0,0
0.024375,354.65,0.3931098809,0.55859375,0.104752732,0,0
0.025,354.65,0.3935472325,0.55859375,0.1047615707,0,0
0.025625,354.65,0.3939638565,0.55859375,0.1047696364,0,0
0.02625,354.65,0.3943611922,0.55859375,0.1047770064,0,0
0.026875,354.65,0.3947405485,0.55859375,0.1047837488,0,0
0.0275,354.65,0.3951031184,0.55859375,0.1047899242,0,0
0.028125,354.65,0.3954499919,0.55859375,0.104795586,0,0
0.02875,354.65,0.3957821665,0.55859375,0.1048007819,0,0
0.029375,354.65,0.3961005569,0.55859375,0.1048055545,0,0
0.03,354.65,0.3964060037,0.55859375,0.1048099419,0,0
0.030625,354.65,0.3966992802,0.55859375,0.1048139779,0,0
0.03125,354.65,0.3969810995,0.55859375,0.1048176933,0,0
0.031875,354.65,0.3972521201,0.55859375,0.1048211154,0,0
0.0325,354.65,0.3975129509,0.55859375,0.1048242691,0,0
0.033125,354.65,0.3977641558,0.55859375,0.1048271766,0,0
0.03375,354.65,0.3980062581,0.55859375,0.1048298582,0,0
0.034375,354.65,0.3982397436,0.55859375,0.1048323321,0,0
0.035,354.65,0.3984650642,0.55859375,0.104834615,0,0
0.035625,354.65,0.3986826409,0.55859375,0.104836722,0,0
0.03625,354.65,0.398892866,0.55859375,0.1048386666,0,0
0.036875,354.65,0.399096106,0.55859375,0.1048404615,0,0
0.0375,354.65,0.3992927033,0.55859375,0.104842118,0,0
0.038125,354.65,0.3994829782,0.55859375,0.1048436465,0,0
0.03875,354.65,0.3996672308,0.55859375,0.1048450565,0,0
0.039375,354.65,0.3998457427,0.55859375,0.1048463568,0,0
0.04,354.65,0.400018778,0.55859375,0.1048475554,0,0
0.040625,354.65,0.4001865848,0.55859375,0.1048486596,0,0
0.04125,354.65,0.4003493966,0.55859375,0.1048496761,0,0
0.041875,354.65,0.4005074332,0.55859375,0.1048506111,0,0
0.0425,354.65,0.4006609015,0.55859375,0.1048514704,0,0
0.043125,354.65,0.4008099969,0.55859375,0.1048522592,0,0
0.04375,354.65,0.4009549035,0.55859375,0.1048529824,0,0
0.044375,354.65,0.4010957955,0.55859375,0.1048536444,0,0
0.045,354.65,0.4012328373,0.55859375,0.1048542495,0,0
0.045625,354.65,0.4013661848,0.55859375,0.1048548014,0,0
0.04625,354.65,0.4014959852,0.55859375,0.1048553037,0,0
0.046875,354.65,0.4016223782,0.55859375,0.1048557598,0,0
0.0475,354.65,0.4017454963,0.55859375,0.1048561725,0,0
0.048125,354.65,0.401865465,0.55859375,0.1048565449,0,0
0.04875,354.65,0.4019824038,0.55859375,0.1048568795,0,0
0.049375,354.65,0.4020964259,0.55859375,0.1048571788,0,0
0.05,354.65,0.4022076392,0.55859375,0.1048574451,0,0
0.050625,354.65,0.4023161461,0.55859375,0.1048576804,0,0
0.05125,354.65,0.4024220443,0.55859375,0.1048578868,0,0
0.051875,354.65,0.4025254266,0.55859375,0.1048580661,0,0
0.0525,354.65,0.4026263818,0.55859375,0.10485822,0,0
0.053125,354.65,0.4027249942,0.55859375,0.1048583502,0,0
0.05375,354.65,0.4028213445,0.55859375,0.1048584581,0,0
0.054375,354.65,0.4029155096,0.55859375,0.1048585451,0,0
0.055,354.65,0.4030075631,0.55859375,0.1048586125,0,0
0.055625,354.65,0.4030975752,0.55859375,0.1048586616,0,0
0.05625,354.65,0.403185613,0.55859375,0.1048586935,0,0
0.056875,354.65,0.4032717408,0.55859375,0.1048587093,0,0
0.0575,354.65,0.4033560201,0.55859375,0.1048587099,1,1
0.058125,354.65,0.4034385097,0.55859375,0.1048586964,1,1
0.05875,354.65,0.403519266,0.55859375,0.1048586696,1,1
0.059375,354.65,0.4035983432,0.55859375,0.1048586304,1,1
0.06,354.65,0.403675793,0.55859375,0.1048585795,1,1
0.060625,354.65,0.4037516652,0.55859375,0.1048585176,1,1
0.06125,354.65,0.4038260075,0.55859375,0.1048584455,1,1
0.061875,354.65,0.4038988657,0.55859375,0.1048583637,1,1
0.0625,354.65,0.4039702837,0.55859375,0.104858273,1,1
0.063125,354.65,0.4040403039,0.55859375,0.1048581738,1,1
0.06375,354.65,0.404108967,0.55859375,0.1048580667,1,1
0.064375,354.65,0.4041763119,0.55859375,0.1048579522,1,1
0.065,354.65,0.4042423763,0.55859375,0.1048578308,1,1
0.065625,354.65,0.4043071963,0.55859375,0.1048577029,1,1
0.06625,354.65,0.4043708069,0.55859375,0.104857569,1,1
0.066875,354.65,0.4044332415,0.55859375,0.1048574294,1,1
0.0675,354.65,0.4044945324,0.55859375,0.1048572846,1,1
0.068125,354.65,0.4045547108,0.55859375,0.1048571348,1,1
0.06875,354.65,0.4046138067,0.55859375,0.1048569805,1,1
0.069375,354.65,0.404671849,0.55859375,0.1048568218,1,1
0.07,354.65,0.4047288657,0.55859375,0.1048566592,1,1
0.070625,354.65,0.4047848837,0.55859375,0.1048564929,1,1
0.07125,354.65,0.404839929,0.55859375,0.1048563232,1,1
0.071875,354.65,0.4048940268,0.55859375,0.1048561502,1,1
0.0725,354.65,0.4049472012,0.55859375,0.1048559744,1,1
0.073125,354.65,0.4049994758,0.55859375,0.1048557957,1,1
0.07375,354.65,0.4050508732,0.55859375,0.1048556146,1,1
0.074375,354.65,0.4051014152,0.55859375,0.1048554312,1,1
0.075,354.65,0.4051511231,0.55859375,0.1048552456,1,1
0.075625,354.65,0.4052000174,0.55859375,0.1048550581,1,1
0.07625,354.65,0.4052481178,0.55859375,0.1048548688,1,1
0.076875,354.65,0.4052954435,0.55859375,0.1048546778,1,1
0.0775,354.65,0.4053420131,0.55859375,0.1048544854,1,1
0.078125,354.65,0.4053878445,0.55859375,0.1048542916,1,1
0.07875,354.65,0.4054329553,0.55859375,0.1048540967,1,1
0.079375,354.65,0.4054773622,0.55859375,0.1048539006,1,1
0.08,354.65,0.4055210816,0.55859375,0.1048537036,1,1
0.01125,355.15,0.3707966196,0.5546875,0.1038602117,0,0
0.011875,355.15,0.3726496854,0.5546875,0.1039723699,0,0
0.0125,355.15,0.3743281842,0.5546875,0.1040684417,0,0
0.013125,355.15,0.3758556538,0.5546875,0.104151282,0,0
0.01375,355.15,0.3772515857,0.5546875,0.1042231457,0,0
0.014375,355.15,0.3785322582,0.5546875,0.1042858324,0,0
0.015,355.15,0.3797113717,0.5546875,0.1043407915,0,0
0.015625,355.15,0.3808005391,0.5546875,0.1043892006,0,0
0.01625,355.15,0.381809669,0.5546875,0.1044320243,0,0
0.016875,355.15,0.3827472668,0.5546875,0.1044700581,0,0
0.0175,355.15,0.3836206745,0.5546875,0.1045039628,0,0
0.018125,355.15,0.3844362631,0.5546875,0.1045342908,0,0
0.01875,355.15,0.3851995877,0.5546875,0.1045615065,0,0
0.019375,355.15,0.3859155144,0.5546875,0.1045860024,0,0
0.02,355.15,0.3865883233,0.5546875,0.1046081122,0,0
0.020625,355.15,0.3872217946,0.5546875,0.1046281208,0,0
0.02125,355.15,0.3878192792,0.5546875,0.1046462726,0,0
0.021875,355.15,0.3883837581,0.5546875,0.1046627781,0,0
0.0225,355.15,0.3889178919,0.5546875,0.1046778195,0,0
0.023125,355.15,0.3894240628,0.5546875,0.1046915548,0,0
0.02375,355.15,0.3899044103,0.5546875,0.1047041218,0,0
0.024375,355.15,0.3903608608,0.5546875,0.1047156411,0,0
0.025,355.15,0.3907951539,0.5546875,0.1047262183,0,0
0.025625,355.15,0.3912088645,0.5546875,0.1047359464,0,0
0.02625,355.15,0.3916034217,0.5546875,0.1047449076,0,0
0.026875,355.15,0.3919801251,0.5546875,0.1047531746,0,0
0.0275,355.15,0.3923401595,0.5546875,0.1047608117,0,0
0.028125,355.15,0.3926846073,0.5546875,0.1047678764,0,0
0.02875,355.15,0.393014459,0.5546875,0.1047744198,0,0
0.029375,355.15,0.393330623,0.5546875,0.1047804877,0,0
0.03,355.15,0.3936339337,0.5546875,0.104786121,0,0
0.030625,355.15,0.3939251594,0.5546875,0.1047913566,0,0
0.03125,355.15,0.3942050079,0.5546875,0.1047962275,0,0
0.031875,355.15,0.3944741333,0.5546875,0.1048007636,0,0
0.0325,355.15,0.39473314,0.5546875,0.1048049919,0,0
0.033125,355.15,0.3949825883,0.5546875,0.1048089367,0,0
0.03375,355.15,0.3952229975,0.5546875,0.1048126201,0,0
0.034375,355.15,0.3954548503,0.5546875,0.1048160622,0,0
0.035,355.15,0.3956785952,0.5546875,0.1048192813,0,0
0.035625,355.15,0.3958946504,0.5546875,0.1048222939,0,0
0.03625,355.15,0.3961034054,0.5546875,0.1048251153,0,0
0.036875,355.15,0.3963052242,0.5546875,0.1048277594,0,0
0.0375,355.15,0.3965004466,0.5546875,0.1048302387,0,0
0.038125,355.15,0.3966893909,0.5546875,0.1048325649,0,0
0.03875,355.15,0.3968723551,0.5546875,0.1048347486,0,0
0.039375,355.15,0.3970496186,0.5546875,0.1048367997,0,0
0.04,355.15,0.3972214439,0.5546875,0.1048387271,0,0
0.040625,355.15,0.3973880772,0.5546875,0.1048405392,0,0
0.04125,355.15,0.3975497505,0.5546875,0.1048422434,0,0
0.041875,355.15,0.3977066819,0.5546875,0.104843847,0,0
0.0425,355.15,0.3978590771,0.5546875,0.1048453564,0,0
0.043125,355.15,0.3980071298,0.5546875,0.1048467776,0,0
0.04375,355.15,0.3981510231,0.5546875,0.1048481162,0,0
0.044375,355.15,0.3982909298,0.5546875,0.1048493773,0,0
0.045,355.15,0.3984270133,0.5546875,0.1048505658,0,0
0.045625,355.15,0.3985594282,0.5546875,0.104851686,0,0
0.04625,355.15,0.3986883209,0.5546875,0.1048527422,0,0
0.046875,355.15,0.3988138301,0.5546875,0.1048537381,0,0
0.0475,355.15,0.3989360872,0.5546875,0.1048546774,0,0
0.048125,355.15,0.399055217,0.5546875,0.1048555633,0,0
0.04875,355.15,0.399171338,0.5546875,0.104856399,0,0
0.049375,355.15,0.3992845628,0.5546875,0.1048571874,0,0
0.05,355.15,0.3993949984,0.5546875,0.1048579311,0,0
0.050625,355.15,0.3995027465,0.5546875,0.1048586327,0,0
0.05125,355.15,0.3996079041,0.5546875,0.1048592946,0,0
0.051875,355.15,0.3997105635,0.5546875,0.104859919,0,0
0.0525,355.15,0.3998108126,0.5546875,0.1048605079,0,0
0.053125,355.15,0.3999087355,0.5546875,0.1048610634,0,0
0.05375,355.15,0.400004412,0.5546875,0.1048615871,0,0
0.054375,355.15,0.4000979187,0.5546875,0.1048620809,0,0
0.055,355.15,0.4001893284,0.5546875,0.1048625463,0,0
0.055625,355.15,0.400278711,0.5546875,0.1048629848,0,0
0.05625,355.15,0.4003661332,0.5546875,0.1048633979,0,0
0.056875,355.15,0.4004516587,0.5546875,0.1048637869,0,0
0.0575,355.15,0.4005353486,0.5546875,0.104864153,0,0
0.058125,355.15,0.4006172614,0.5546875,0.1048644974,0,0
0.05875,355.15,0.400697453,0.5546875,0.1048648213,0,0
0.059375,355.15,0.4007759772,0.5546875,0.1048651257,0,0
0.06,355.15,0.4008528854,0.5546875,0.1048654115,0,0
0.060625,355.15,0.400928227,0.5546875,0.1048656798,0,0
0.06125,355.15,0.4010020494,0.5546875,0.1048659313,0,0
0.061875,355.15,0.4010743981,0.5546875,0.104866167,0,0
0.0625,355.15,0.4011453167,0.5546875,0.1048663875,0,0
0.063125,355.15,0.4012148473,0.5546875,0.1048665938,0,0
0.06375,355.15,0.4012830301,0.5546875,0.1048667863,0,0
0.064375,355.15,0.4013499041,0.5546875,0.1048669659,0,0
0.065,355.15,0.4014155065,0.5546875,0.1048671332,0,0
0.065625,355.15,0.4014798733,0.5546875,0.1048672887,0,0
0.06625,355.15,0.401543039,0.5546875,0.104867433,0,0
0.066875,355.15,0.401605037,0.5546875,0.1048675667,0,0
0.0675,355.15,0.4016658993,0.5546875,0.1048676902,0,0
0.068125,355.15,0.4017256569,0.5546875,0.1048678041,0,0
0.06875,355.15,0.4017843395,0.5546875,0.1048679088,0,0
0.069375,355.15,0.4018419759,0.5546875,0.1048680047,0,0
0.07,355.15,0.4018985939,0.5546875,0.1048680922,0,0
0.070625,355.15,0.4019542202,0.5546875,0.1048681718,0,0
0.07125,355.15,0.4020088806,0.5546875,0.1048682438,0,0
0.071875,355.15,0.4020626,0.5546875,0.1048683086,0,0
0.0725,355.15,0.4021154026,0.5546875,0.1048683665,0,0
0.073125,355.15,0.4021673116,0.5546875,0.1048684177,0,0
0.07375,355.15,0.4022183496,0.5546875,0.1048684627,0,0
0.074375,355.15,0.4022685382,0.5546875,0.1048685018,0,0
0.075,355.15,0.4023178985,0.5546875,0.1048685351,0,0
0.075625,355.15,0.4023664508,0.5546875,0.1048685629,0,0
0.07625,355.15,0.4024142148,0.5546875,0.1048685856,0,0
0.076875,355.15,0.4024612096,0.5546875,0.1048686033,0,0
0.0775,355.15,0.4025074535,0.5546875,0.1048686163,0,0
0.078125,355.15,0.4025529645,0.5546875,0.1048686248,0,0
0.07875,355.15,0.4025977598,0.5546875,0.1048686289,0,0
0.079375,355.15,0.4026418562,0.5546875,0.104868629,1,1
0.08,355.15,0.4026852698,0.5546875,0.1048686251,1,1
0.011875,355.65,0.3700253919,0.55078125,0.1038596028,0,0
0.0125,355.65,0.3716920702,0.55078125,0.1039612902,0,0
0.013125,355.65,0.373208783,0.55078125,0.1040493215,0,0
0.01375,355.65,0.3745948844,0.55078125,0.104125997,0,0
0.014375,355.65,0.3758665381,0.55078125,0.1041931553,0,0
0.015,355.65,0.3770373479,0.55078125,0.1042522802,0,0
0.015625,355.65,0.3781188452,0.55078125,0.1043045791,0,0
0.01625,355.65,0.3791208685,0.55078125,0.1043510425,0,0
0.016875,355.65,0.3800518635,0.55078125,0.1043924892,0,0
0.0175,355.65,0.3809191204,0.55078125,0.1044296003,0,0
0.018125,355.65,0.3817289654,0.55078125,0.1044629459,0,0
0.01875,355.65,0.3824869146,0.55078125,0.1044930067,0,0
0.019375,355.65,0.3831977995,0.55078125,0.1045201893,0,0
0.02,355.65,0.3838658704,0.55078125,0.1045448403,0,0
0.020625,355.65,0.3844948806,0.55078125,0.1045672558,0,0
0.02125,355.65,0.3850881575,0.55078125,0.1045876907,0,0
0.021875,355.65,0.3856486612,0.55078125,0.1046063646,0,0
0.0225,355.65,0.3861790335,0.55078125,0.104623468,0,0
0.023125,355.65,0.3866816398,0.55078125,0.1046391667,0,0
0.02375,355.65,0.3871586046,0.55078125,0.1046536054,0,0
0.024375,355.65,0.3876118406,0.55078125,0.1046669107,0,0
0.025,355.65,0.3880430754,0.55078125,0.104679194,0,0
0.025625,355.65,0.3884538725,0.55078125,0.1046905537,0,0
0.02625,355.65,0.3888456511,0.55078125,0.1047010766,0,0
0.026875,355.65,0.3892197016,0.55078125,0.1047108397,0,0
0.0275,355.65,0.3895772007,0.55078125,0.1047199115,0,0
0.028125,355.65,0.3899192228,0.55078125,0.1047283531,0,0
0.02875,355.65,0.3902467516,0.55078125,0.1047362191,0,0
0.029375,355.65,0.390560689,0.55078125,0.1047435583,0,0
0.03,355.65,0.3908618638,0.55078125,0.1047504146,0,0
0.030625,355.65,0.3911510385,0.55078125,0.1047568275,0,0
0.03125,355.65,0.3914289163,0.55078125,0.1047628327,0,0
0.031875,355.65,0.3916961464,0.55078125,0.1047684622,0,0
0.0325,355.65,0.3919533292,0.55078125,0.1047737453,0,0
0.033125,355.65,0.3922010208,0.55078125,0.1047787082,0,0
0.03375,355.65,0.392439737,0.55078125,0.104783375,0,0
0.034375,355.65,0.392669957,0.55078125,0.1047877674,0,0
0.035,355.65,0.3928921263,0.55078125,0.1047919055,0,0
0.035625,355.65,0.3931066599,0.55078125,0.1047958073,0,0
0.03625,355.65,0.3933139448,0.55078125,0.1047994894,0,0
0.036875,355.65,0.3935143423,0.55078125,0.104802967,0,0
0.0375,355.65,0.3937081899,0.55078125,0.104806254,0,0
0.038125,355.65,0.3938958036,0.55078125,0.1048093633,0,0
0.03875,355.65,0.3940774794,0.55078125,0.1048123066,0,0
0.039375,355.65,0.3942534946,0.55078125,0.1048150947,0,0
0.04,355.65,0.3944241098,0.55078125,0.1048177377,0,0
0.040625,355.65,0.3945895696,0.55078125,0.1048202446,0,0
0.04125,355.65,0.3947501044,0.55078125,0.1048226241,0,0
0.041875,355.65,0.3949059306,0.55078125,0.104824884,0,0
0.0425,355.65,0.3950572526,0.55078125,0.1048270316,0,0
0.043125,355.65,0.3952042627,0.55078125,0.1048290736,0,0
0.04375,355.65,0.3953471426,0.55078125,0.1048310163,0,0
0.044375,355.65,0.3954860641,0.55078125,0.1048328656,0,0
0.045,355.65,0.3956211893,0.55078125,0.1048346268,0,0
0.045625,355.65,0.3957526717,0.55078125,0.1048363051,0,0
0.04625,355.65,0.3958806567,0.55078125,0.104837905,0,0
0.046875,355.65,0.396005282,0.55078125,0.104839431,0,0
0.0475,355.65,0.3961266781,0.55078125,0.1048408871,0,0
0.048125,355.65,0.396244969,0.55078125,0.1048422772,0,0
0.04875,355.65,0.3963602723,0.55078125,0.1048436049,0,0
0.049375,355.65,0.3964726997,0.55078125,0.1048448734,0,0
0.05,355.65,0.3965823575,0.55078125,0.1048460859,0,0
0.050625,355.65,0.3966893469,0.55078125,0.1048472454,0,0
0.05125,355.65,0.3967937639,0.55078125,0.1048483545,0,0
0.051875,355.65,0.3968957004,0.55078125,0.1048494159,0,0
0.0525,355.65,0.3969952435,0.55078125,0.1048504319,0,0
0.053125,355.65,0.3970924768,0.55078125,0.1048514049,0,0
0.05375,355.65,0.3971874795,0.55078125,0.104852337,0,0
0.054375,355.65,0.3972803277,0.55078125,0.1048532301,0,0
0.055,355.65,0.3973710937,0.55078125,0.1048540862,0,0
0.055625,355.65,0.3974598469,0.55078125,0.1048549071,0,0
0.05625,355.65,0.3975466534,0.55078125,0.1048556945,0,0
0.056875,355.65,0.3976315766,0.55078125,0.1048564499,0,0
0.0575,355.65,0.3977146771,0.55078125,0.1048571748,0,0
0.058125,355.65,0.397796013,0.55078125,0.1048578707,0,0
0.05875,355.65,0.39787564,0.55078125,0.1048585389,0,0
0.059375,355.65,0.3979536112,0.55078125,0.1048591807,0,0
0.06,355.65,0.3980299778,0.55078125,0.1048597972,0,0
0.060625,355.65,0.3981047888,0.55078125,0.1048603895,0,0
0.06125,355.65,0.3981780913,0.55078125,0.1048609589,0,0
0.061875,355.65,0.3982499305,0.55078125,0.1048615062,0,0
0.0625,355.65,0.3983203497,0.55078125,0.1048620324,0,0
0.063125,355.65,0.3983893906,0.55078125,0.1048625385,0,0
0.06375,355.65,0.3984570933,0.55078125,0.1048630254,0,0
0.064375,355.65,0.3985234963,0.55078125,0.1048634937,0,0
0.065,355.65,0.3985886368,0.55078125,0.1048639444,0,0
0.065625,355.65,0.3986525502,0.55078125,0.1048643782,0,0
0.06625,355.65,0.3987152711,0.55078125,0.1048647957,0,0
0.066875,355.65,0.3987768325,0.55078125,0.1048651977,0,0
0.0675,355.65,0.3988372662,0.55078125,0.1048655847,0,0
0.068125,355.65,0.3988966029,0.55078125,0.1048659575,0,0
0.06875,355.65,0.3989548723,0.55078125,0.1048663165,0,0
0.069375,355.65,0.3990121029,0.55078125,0.1048666623,0,0
0.07,355.65,0.3990683221,0.55078125,0.1048669955,0,0
0.070625,355.65,0.3991235566,0.55078125,0.1048673166,0,0
0.07125,355.65,0.3991778321,0.55078125,0.104867626,0,0
0.071875,355.65,0.3992311732,0.55078125,0.1048679241,0,0
0.0725,355.65,0.399283604,0.55078125,0.1048682115,0,0
0.073125,355.65,0.3993351475,0.55078125,0.1048684885,0,0
0.07375,355.65,0.399385826,0.55078125,0.1048687556,0,0
0.074375,355.65,0.3994356612,0.55078125,0.104869013,0,0
0.075,355.65,0.3994846739,0.55078125,0.1048692613,0,0
0.075625,355.65,0.3995328843,0.55078125,0.1048695006,0,0
0.07625,355.65,0.3995803119,0.55078125,0.1048697315,0,0
0.076875,355.65,0.3996269757,0.55078125,0.1048699541,0,0
0.0775,355.65,0.399672894,0.55078125,0.1048701687,0,0
0.078125,355.65,0.3997180845,0.55078125,0.1048703758,0,0
0.07875,355.65,0.3997625643,0.55078125,0.1048705754,0,0
0.079375,355.65,0.3998063501,0.55078125,0.104870768,0,0
0.08,355.65,0.3998494581,0.55078125,0.1048709538,1,1
0.011875,356.15,0.3674010983,0.546875,0.1037364864,0,0
0.0125,356.15,0.3690559562,0.546875,0.1038436772,0,0
0.013125,356.15,0.3705619122,0.546875,0.1039367964,0,0
0.01375,356.15,0.3719381831,0.546875,0.1040181886,0,0
0.014375,356.15,0.373200818,0.546875,0.1040897307,0,0
0.015,356.15,0.3743633242,0.546875,0.1041529398,0,0
0.015625,356.15,0.3754371512,0.546875,0.1042090525,0,0
0.01625,356.15,0.376432068,0.546875,0.1042590851,0,0
0.016875,356.15,0.3773564602,0.546875,0.1043038785,0,0
0.0175,356.15,0.3782175664,0.546875,0.1043441339,0,0
0.018125,356.15,0.3790216678,0.546875,0.1043804392,0,0
0.01875,356.15,0.3797742414,0.546875,0.1044132903,0,0
0.019375,356.15,0.3804800846,0.546875,0.1044431082,0,0
0.02,356.15,0.3811434174,0.546875,0.1044702517,0,0
0.020625,356.15,0.3817679665,0.546875,0.1044950282,0,0
0.02125,356.15,0.3823570358,0.546875,0.1045177026,0,0
0.021875,356.15,0.3829135643,0.546875,0.1045385037,0,0
0.0225,356.15,0.3834401751,0.546875,0.1045576301,0,0
0.023125,356.15,0.3839392169,0.546875,0.104575255,0,0
0.02375,356.15,0.3844127989,0.546875,0.1045915299,0,0
0.024375,356.15,0.3848628205,0.546875,0.1046065874,0,0
0.025,356.15,0.3852909968,0.546875,0.1046205448,0,0
0.025625,356.15,0.3856988805,0.546875,0.1046335053,0,0
0.02625,356.15,0.3860878805,0.546875,0.1046455604,0,0
0.026875,356.15,0.3864592782,0.546875,0.1046567915,0,0
0.0275,356.15,0.3868142418,0.546875,0.1046672711,0,0
0.028125,356.15,0.3871538382,0.546875,0.1046770637,0,0
0.02875,356.15,0.3874790441,0.546875,0.1046862274,0,0
0.029375,356.15,0.387790755,0.546875,0.1046948141,0,0
0.03,356.15,0.3880897938,0.546875,0.1047028705,0,0
0.030625,356.15,0.3883769177,0.546875,0.1047104388,0,0
0.03125,356.15,0.3886528247,0.546875,0.104717557,0,0
0.031875,356.15,0.3889181596,0.546875,0.1047242595,0,0
0.0325,356.15,0.3891735183,0.546875,0.1047305777,0,0
0.033125,356.15,0.3894194533,0.546875,0.1047365398,0,0
0.03375,356.15,0.3896564765,0.546875,0.1047421716,0,0
0.034375,356.15,0.3898850636,0.546875,0.1047474968,0,0
0.035,356.15,0.3901056573,0.546875,0.1047525367,0,0
0.035625,356.15,0.3903186694,0.546875,0.104757311,0,0
0.03625,356.15,0.3905244842,0.546875,0.1047618378,0,0
0.036875,356.15,0.3907234604,0.546875,0.1047661335,0,0
0.0375,356.15,0.3909159333,0.546875,0.1047702133,0,0
0.038125,356.15,0.3911022164,0.546875,0.1047740911,0,0
0.03875,356.15,0.3912826036,0.546875,0.1047777799,0,0
0.039375,356.15,0.3914573705,0.546875,0.1047812914,0,0
0.04,356.15,0.3916267756,0.546875,0.1047846366,0,0
0.040625,356.15,0.391791062,0.546875,0.1047878256,0,0
0.04125,356.15,0.3919504582,0.546875,0.1047908678,0,0
0.041875,356.15,0.3921051794,0.546875,0.1047937718,0,0
0.0425,356.15,0.3922554281,0.546875,0.1047965458,0,0
0.043125,356.15,0.3924013956,0.546875,0.1047991972,0,0
0.04375,356.15,0.3925432622,0.546875,0.1048017329,0,0
0.044375,356.15,0.3926811984,0.546875,0.1048041594,0,0
0.045,356.15,0.3928153652,0.546875,0.1048064829,0,0
0.045625,356.15,0.3929459152,0.546875,0.1048087088,0,0
0.04625,356.15,0.3930729925,0.546875,0.1048108424,0,0
0.046875,356.15,0.3931967339,0.546875,0.1048128887,0,0
0.0475,356.15,0.3933172691,0.546875,0.1048148522,0,0
0.048125,356.15,0.393434721,0.546875,0.1048167372,0,0
0.04875,356.15,0.3935492065,0.546875,0.1048185477,0,0
0.049375,356.15,0.3936608366,0.546875,0.1048202876,0,0
0.05,356.15,0.3937697167,0.546875,0.1048219602,0,0
0.050625,356.15,0.3938759472,0.546875,0.1048235691,0,0
0.05125,356.15,0.3939796237,0.546875,0.1048251172,0,0
0.051875,356.15,0.3940808372,0.546875,0.1048266075,0,0
0.0525,356.15,0.3941796744,0.546875,0.1048280428,0,0
0.053125,356.15,0.3942762181,0.546875,0.1048294256,0,0
0.05375,356.15,0.3943705471,0.546875,0.1048307585,0,0
0.054375,356.15,0.3944627367,0.546875,0.1048320437,0,0
0.055,356.15,0.394552859,0.546875,0.1048332834,0,0
0.055625,356.15,0.3946409827,0.546875,0.1048344796,0,0
0.05625,356.15,0.3947271736,0.546875,0.1048356344,0,0
0.056875,356.15,0.3948114945,0.546875,0.1048367494,0,0
0.0575,356.15,0.3948940057,0.546875,0.1048378266,0,0
0.058125,356.15,0.3949747647,0.546875,0.1048388675,0,0
0.05875,356.15,0.3950538269,0.546875,0.1048398737,0,0
0.059375,356.15,0.3951312451,0.546875,0.1048408466,0,0
0.06,356.15,0.3952070701,0.546875,0.1048417877,0,0
0.060625,356.15,0.3952813506,0.546875,0.1048426983,0,0
0.06125,356.15,0.3953541332,0.546875,0.1048435796,0,0
0.061875,356.15,0.3954254629,0.546875,0.1048444328,0,0
0.0625,356.15,0.3954953826,0.546875,0.1048452591,0,0
0.063125,356.15,0.3955639339,0.546875,0.1048460596,0,0
0.06375,356.15,0.3956311565,0.546875,0.1048468353,0,0
0.064375,356.15,0.3956970886,0.546875,0.1048475871,0,0
0.065,356.15,0.395761767,0.546875,0.1048483161,0,0
0.065625,356.15,0.3958252272,0.546875,0.104849023,0,0
0.06625,356.15,0.3958875033,0.546875,0.1048497087,0,0
0.066875,356.15,0.395948628,0.546875,0.104850374,0,0
0.0675,356.15,0.3960086331,0.546875,0.1048510198,0,0
0.068125,356.15,0.396067549,0.546875,0.1048516467,0,0
0.06875,356.15,0.3961254051,0.546875,0.1048522554,0,0
0.069375,356.15,0.3961822298,0.546875,0.1048528466,0,0
0.07,356.15,0.3962380503,0.546875,0.1048534209,0,0
0.070625,356.15,0.3962928931,0.546875,0.104853979,0,0
0.07125,356.15,0.3963467836,0.546875,0.1048545214,0,0
0.071875,356.15,0.3963997465,0.546875,0.1048550487,0,0
0.0725,356.15,0.3964518054,0.546875,0.1048555614,0,0
0.073125,356.15,0.3965029833,0.546875,0.10485606,0,0
0.07375,356.15,0.3965533024,0.546875,0.1048565451,0,0
0.074375,356.15,0.3966027841,0.546875,0.104857017,0,0
0.075,356.15,0.3966514492,0.546875,0.1048574762,0,0
0.075625,356.15,0.3966993177,0.546875,0.1048579232,0,0
0.07625,356.15,0.396746409,0.546875,0.1048583584,0,0
0.076875,356.15,0.3967927419,0.546875,0.1048587821,0,0
0.0775,356.15,0.3968383345,0.546875,0.1048591948,0,0
0.078125,356.15,0.3968832044,0.546875,0.1048595968,0,0
0.07875,356.15,0.3969273688,0.546875,0.1048599884,0,0
0.079375,356.15,0.3969708441,0.546875,0.10486037,0,0
0.08,356.15,0.3970136463,0.546875,0.104860742,0,0
0.0125,356.65,0.3664198423,0.54296875,0.1037156427,0,0
0.013125,356.65,0.3679150414,0.54296875,0.1038137474,0,0
0.01375,356.65,0.3692814818,0.54296875,0.1038997616,0,0
0.014375,356.65,0.3705350979,0.54296875,0.1039756,0,0
0.015,356.65,0.3716893004,0.54296875,0.1040428123,0,0
0.015625,356.65,0.3727554573,0.54296875,0.1041026634,0,0
0.01625,356.65,0.3737432675,0.54296875,0.1041561947,0,0
0.016875,356.65,0.3746610569,0.54296875,0.1042042692,0,0
0.0175,356.65,0.3755160123,0.54296875,0.1042476073,0,0
0.018125,356.65,0.3763143702,0.54296875,0.1042868144,0,0
0.01875,356.65,0.3770615683,0.54296875,0.1043224016,0,0
0.019375,356.65,0.3777623697,0.54296875,0.1043548035,0,0
0.02,356.65,0.3784209644,0.54296875,0.1043843912,0,0
0.020625,356.65,0.3790410525,0.54296875,0.1044114831,0,0
0.02125,356.65,0.3796259142,0.54296875,0.1044363538,0,0
0.021875,356.65,0.3801784674,0.54296875,0.1044592411,0,0
0.0225,356.65,0.3807013167,0.54296875,0.1044803515,0,0
0.023125,356.65,0.3811967939,0.54296875,0.1044998656,0,0
0.02375,356.65,0.3816669931,0.54296875,0.1045179414,0,0
0.024375,356.65,0.3821138003,0.54296875,0.1045347177,0,0
0.025,356.65,0.3825389183,0.54296875,0.104550317,0,0
0.025625,356.65,0.3829438885,0.54296875,0.1045648477,0,0
0.02625,356.65,0.3833301099,0.54296875,0.1045784059,0,0
0.026875,356.65,0.3836988548,0.54296875,0.104591077,0,0
0.0275,356.65,0.3840512829,0.54296875,0.1046029375,0,0
0.028125,356.65,0.3843884537,0.54296875,0.1046140555,0,0
0.02875,356.65,0.3847113367,0.54296875,0.1046244923,0,0
0.029375,356.65,0.3850208211,0.54296875,0.1046343027,0,0
0.03,356.65,0.3853177239,0.54296875,0.1046435365,0,0
0.030625,356.65,0.3856027968,0.54296875,0.1046522382,0,0
0.03125,356.65,0.3858767331,0.54296875,0.1046604484,0,0
0.031875,356.65,0.3861401727,0.54296875,0.1046682037,0,0
0.0325,356.65,0.3863937075,0.54296875,0.1046755374,0,0
0.033125,356.65,0.3866378857,0.54296875,0.1046824798,0,0
0.03375,356.65,0.3868732159,0.54296875,0.1046890585,0,0
0.034375,356.65,0.3871001703,0.54296875,0.1046952987,0,0
0.035,356.65,0.3873191883,0.54296875,0.1047012235,0,0
0.035625,356.65,0.3875306789,0.54296875,0.1047068539,0,0
0.03625,356.65,0.3877350236,0.54296875,0.1047122095,0,0
0.036875,356.65,0.3879325786,0.54296875,0.1047173079,0,0
0.0375,356.65,0.3881236766,0.54296875,0.1047221655,0,0
0.038125,356.65,0.3883086291,0.54296875,0.1047267975,0,0
0.03875,356.65,0.3884877279,0.54296875,0.1047312176,0,0
0.039375,356.65,0.3886612464,0.54296875,0.1047354389,0,0
0.04,356.65,0.3888294415,0.54296875,0.1047394732,0,0
0.040625,356.65,0.3889925545,0.54296875,0.1047433314,0,0
0.04125,356.65,0.3891508121,0.54296875,0.1047470239,0,0
0.041875,356.65,0.3893044281,0.54296875,0.1047505601,0,0
0.0425,356.65,0.3894536036,0.54296875,0.1047539487,0,0
0.043125,356.65,0.3895985284,0.54296875,0.104757198,0,0
0.04375,356.65,0.3897393817,0.54296875,0.1047603156,0,0
0.044375,356.65,0.3898763327,0.54296875,0.1047633087,0,0
0.045,356.65,0.3900095412,0.54296875,0.1047661838,0,0
0.045625,356.65,0.3901391586,0.54296875,0.1047689471,0,0
0.04625,356.65,0.3902653282,0.54296875,0.1047716045,0,0
0.046875,356.65,0.3903881858,0.54296875,0.1047741613,0,0
0.0475,356.65,0.39050786,0.54296875,0.1047766227,0,0
0.048125,356.65,0.390624473,0.54296875,0.1047789933,0,0
0.04875,356.65,0.3907381408,0.54296875,0.1047812777,0,0
0.049375,356.65,0.3908489735,0.54296875,0.1047834801,0,0
0.05,356.65,0.3909570759,0.54296875,0.1047856043,0,0
0.050625,356.65,0.3910625476,0.54296875,0.1047876542,0,0
0.05125,356.65,0.3911654836,0.54296875,0.1047896331,0,0
0.051875,356.65,0.3912659741,0.54296875,0.1047915443,0,0
0.0525,356.65,0.3913641053,0.54296875,0.1047933911,0,0
0.053125,356.65,0.3914599594,0.54296875,0.1047951761,0,0
0.05375,356.65,0.3915536146,0.54296875,0.1047969023,0,0
0.054375,356.65,0.3916451457,0.54296875,0.1047985723,0,0
0.055,356.65,0.3917346243,0.54296875,0.1048001884,0,0
0.055625,356.65,0.3918221186,0.54296875,0.104801753,0,0
0.05625,356.65,0.3919076938,0.54296875,0.1048032683,0,0
0.056875,356.65,0.3919914124,0.54296875,0.1048047364,0,0
0.0575,356.65,0.3920733342,0.54296875,0.1048061592,0,0
0.058125,356.65,0.3921535164,0.54296875,0.1048075387,0,0
0.05875,356.65,0.3922320139,0.54296875,0.1048088765,0,0
0.059375,356.65,0.3923088791,0.54296875,0.1048101745,0,0
0.06,356.65,0.3923841625,0.54296875,0.1048114341,0,0
0.060625,356.65,0.3924579124,0.54296875,0.104812657,0,0
0.06125,356.65,0.3925301751,0.54296875,0.1048138445,0,0
0.061875,356.65,0.3926009953,0.54296875,0.104814998,0,0
0.0625,356.65,0.3926704156,0.54296875,0.1048161188,0,0
0.063125,356.65,0.3927384772,0.54296875,0.1048172082,0,0
0.06375,356.65,0.3928052196,0.54296875,0.1048182673,0,0
0.064375,356.65,0.3928706808,0.54296875,0.1048192974,0,0
0.065,356.65,0.3929348972,0.54296875,0.1048202994,0,0
0.065625,356.65,0.3929979041,0.54296875,0.1048212744,0,0
0.06625,356.65,0.3930597354,0.54296875,0.1048222233,0,0
0.066875,356.65,0.3931204235,0.54296875,0.1048231472,0,0
0.0675,356.65,0.39318,0.54296875,0.1048240468,0,0
0.068125,356.65,0.3932384951,0.54296875,0.1048249231,0,0
0.06875,356.65,0.3932959379,0.54296875,0.1048257769,0,0
0.069375,356.65,0.3933523567,0.54296875,0.1048266089,0,0
0.07,356.65,0.3934077785,0.54296875,0.1048274199,0,0
0.070625,356.65,0.3934622296,0.54296875,0.1048282107,0,0
0.07125,356.65,0.3935157352,0.54296875,0.1048289818,0,0
0.071875,356.65,0.3935683197,0.54296875,0.1048297339,0,0
0.0725,356.65,0.3936200068,0.54296875,0.1048304678,0,0
0.073125,356.65,0.3936708191,0.54296875,0.1048311839,0,0
0.07375,356.65,0.3937207788,0.54296875,0.1048318829,0,0
0.074375,356.65,0.3937699071,0.54296875,0.1048325653,0,0
0.075,356.65,0.3938182246,0.54296875,0.1048332316,0,0
0.075625,356.65,0.3938657512,0.54296875,0.1048338824,0,0
0.07625,356.65,0.3939125061,0.54296875,0.1048345181,0,0
0.076875,356.65,0.393958508,0.54296875,0.1048351393,0,0
0.0775,356.65,0.3940037749,0.54296875,0.1048357463,0,0
0.078125,356.65,0.3940483244,0.54296875,0.1048363396,0,0
0.07875,356.65,0.3940921733,0.54296875,0.1048369196,0,0
0.079375,356.65,0.3941353381,0.54296875,0.1048374868,0,0
0.08,356.65,0.3941778345,0.54296875,0.1048380415,0,0
0.013125,357.15,0.3652681706,0.5390625,0.1036802147,0,0
0.01375,357.15,0.3666247805,0.5390625,0.103770757,0,0
0.014375,357.15,0.3678693777,0.5390625,0.1038508048,0,0
0.015,357.15,0.3690152767,0.5390625,0.1039219394,0,0
0.015625,357.15,0.3700737633,0.5390625,0.103985454,0,0
0.01625,357.15,0.371054467,0.5390625,0.104042414,0,0
0.016875,357.15,0.3719656536,0.5390625,0.1040937042,0,0
0.0175,357.15,0.3728144583,0.5390625,0.1041400639,0,0
0.018125,357.15,0.3736070726,0.5390625,0.1041821152,0,0
0.01875,357.15,0.3743488951,0.5390625,0.1042203845,0,0
0.019375,357.15,0.3750446549,0.5390625,0.1042553195,0,0
0.02,357.15,0.3756985114,0.5390625,0.1042873034,0,0
0.020625,357.15,0.3763141384,0.5390625,0.1043166652,0,0
0.02125,357.15,0.3768947925,0.5390625,0.1043436892,0,0
0.021875,357.15,0.3774433705,0.5390625,0.1043686219,0,0
0.0225,357.15,0.3779624583,0.5390625,0.1043916777,0,0
0.023125,357.15,0.3784543709,0.5390625,0.1044130442,0,0
0.02375,357.15,0.3789211874,0.5390625,0.1044328859,0,0
0.024375,357.15,0.3793647802,0.5390625,0.1044513476,0,0
0.025,357.15,0.3797868397,0.5390625,0.104468557,0,0
0.025625,357.15,0.3801888965,0.5390625,0.1044846275,0,0
0.02625,357.15,0.3805723394,0.5390625,0.1044996596,0,0
0.026875,357.15,0.3809384314,0.5390625,0.104513743,0,0
0.0275,357.15,0.3812883241,0.5390625,0.1045269577,0,0
0.028125,357.15,0.3816230691,0.5390625,0.1045393756,0,0
0.02875,357.15,0.3819436292,0.5390625,0.1045510609,0,0
0.029375,357.15,0.3822508871,0.5390625,0.1045620716,0,0
0.03,357.15,0.3825456539,0.5390625,0.1045724601,0,0
0.030625,357.15,0.382828676,0.5390625,0.1045822735,0,0
0.03125,357.15,0.3831006415,0.5390625,0.1045915547,0,0
0.031875,357.15,0.3833621858,0.5390625,0.1046003426,0,0
0.0325,357.15,0.3836138967,0.5390625,0.1046086723,0,0
0.033125,357.15,0.3838563182,0.5390625,0.1046165763,0,0
0.03375,357.15,0.3840899554,0.5390625,0.1046240837,0,0
0.034375,357.15,0.384315277,0.5390625,0.1046312215,0,0
0.035,357.15,0.3845327193,0.5390625,0.1046380142,0,0
0.035625,357.15,0.3847426884,0.5390625,0.1046444845,0,0
0.03625,357.15,0.384945563,0.5390625,0.104650653,0,0
0.036875,357.15,0.3851416967,0.5390625,0.1046565388,0,0
0.0375,357.15,0.3853314199,0.5390625,0.1046621594,0,0
0.038125,357.15,0.3855150419,0.5390625,0.1046675311,0,0
0.03875,357.15,0.3856928521,0.5390625,0.1046726688,0,0
0.039375,357.15,0.3858651223,0.5390625,0.1046775864,0,0
0.04,357.15,0.3860321074,0.5390625,0.1046822966,0,0
0.040625,357.15,0.3861940469,0.5390625,0.1046868114,0,0
0.04125,357.15,0.386351166,0.5390625,0.1046911418,0,0
0.041875,357.15,0.3865036768,0.5390625,0.1046952981,0,0
0.0425,357.15,0.3866517791,0.5390625,0.1046992897,0,0
0.043125,357.15,0.3867956613,0.5390625,0.1047031256,0,0
0.04375,357.15,0.3869355013,0.5390625,0.1047068141,0,0
0.044375,357.15,0.387071467,0.5390625,0.1047103628,0,0
0.045,357.15,0.3872037172,0.5390625,0.1047137791,0,0
0.045625,357.15,0.3873324021,0.5390625,0.1047170697,0,0
0.04625,357.15,0.387457664,0.5390625,0.1047202409,0,0
0.046875,357.15,0.3875796377,0.5390625,0.1047232986,0,0
0.0475,357.15,0.3876984509,0.5390625,0.1047262484,0,0
0.048125,357.15,0.387814225,0.5390625,0.1047290956,0,0
0.04875,357.15,0.387927075,0.5390625,0.1047318449,0,0
0.049375,357.15,0.3880371103,0.5390625,0.104734501,0,0
0.05,357.15,0.388144435,0.5390625,0.1047370683,0,0
0.050625,357.15,0.388249148,0.5390625,0.1047395508,0,0
0.05125,357.15,0.3883513434,0.5390625,0.1047419524,0,0
0.051875,357.15,0.388451111,0.5390625,0.1047442767,0,0
0.0525,357.15,0.3885485362,0.5390625,0.104746527,0,0
0.053125,357.15,0.3886437007,0.5390625,0.1047487067,0,0
0.05375,357.15,0.3887366821,0.5390625,0.1047508189,0,0
0.054375,357.15,0.3888275548,0.5390625,0.1047528663,0,0
0.055,357.15,0.3889163896,0.5390625,0.1047548517,0,0
0.055625,357.15,0.3890032544,0.5390625,0.1047567777,0,0
0.05625,357.15,0.389088214,0.5390625,0.1047586467,0,0
0.056875,357.15,0.3891713303,0.5390625,0.1047604612,0,0
0.0575,357.15,0.3892526627,0.5390625,0.1047622232,0,0
0.058125,357.15,0.3893322681,0.5390625,0.1047639349,0,0
0.05875,357.15,0.3894102008,0.5390625,0.1047655982,0,0
0.059375,357.15,0.389486513,0.5390625,0.104767215,0,0
0.06,357.15,0.3895612548,0.5390625,0.1047687872,0,0
0.060625,357.15,0.3896344741,0.5390625,0.1047703165,0,0
0.06125,357.15,0.389706217,0.5390625,0.1047718044,0,0
0.061875,357.15,0.3897765277,0.5390625,0.1047732525,0,0
0.0625,357.15,0.3898454486,0.5390625,0.1047746623,0,0
0.063125,357.15,0.3899130206,0.5390625,0.1047760352,0,0
0.06375,357.15,0.3899792828,0.5390625,0.1047773725,0,0
0.064375,357.15,0.390044273,0.5390625,0.1047786755,0,0
0.065,357.15,0.3901080275,0.5390625,0.1047799454,0,0
0.065625,357.15,0.3901705811,0.5390625,0.1047811834,0,0
0.06625,357.15,0.3902319675,0.5390625,0.1047823907,0,0
0.066875,357.15,0.390292219,0.5390625,0.1047835682,0,0
0.0675,357.15,0.3903513669,0.5390625,0.104784717,0,0
0.068125,357.15,0.3904094412,0.5390625,0.104785838,0,0
0.06875,357.15,0.3904664708,0.5390625,0.1047869322,0,0
0.069375,357.15,0.3905224836,0.5390625,0.1047880005,0,0
0.07,357.15,0.3905775067,0.5390625,0.1047890438,0,0
0.070625,357.15,0.3906315661,0.5390625,0.1047900628,0,0
0.07125,357.15,0.3906846867,0.5390625,0.1047910583,0,0
0.071875,357.15,0.390736893,0.5390625,0.1047920311,0,0
0.0725,357.15,0.3907882082,0.5390625,0.104792982,0,0
0.073125,357.15,0.390838655,0.5390625,0.1047939115,0,0
0.07375,357.15,0.3908882552,0.5390625,0.1047948204,0,0
0.074375,357.15,0.3909370301,0.5390625,0.1047957094,0,0
0.075,357.15,0.3909849999,0.5390625,0.1047965789,0,0
0.075625,357.15,0.3910321846,0.5390625,0.1047974297,0,0
0.07625,357.15,0.3910786031,0.5390625,0.1047982622,0,0
0.076875,357.15,0.3911242741,0.5390625,0.1047990771,0,0
0.0775,357.15,0.3911692154,0.5390625,0.1047998748,0,0
0.078125,357.15,0.3912134444,0.5390625,0.1048006558,0,0
0.07875,357.15,0.3912569778,0.5390625,0.1048014207,0,0
0.079375,357.15,0.391299832,0.5390625,0.10480217,0,0
0.08,357.15,0.3913420228,0.5390625,0.1048029039,0,0
0.01375,357.65,0.3639680792,0.53515625,0.1036312154,0,0
0.014375,357.65,0.3652036576,0.53515625,0.103715386,0,0
0.015,357.65,0.366341253,0.53515625,0.1037903629,0,0
0.015625,357.65,0.3673920694,0.53515625,0.1038574662,0,0
0.01625,357.65,0.3683656666,0.53515625,0.1039177855,0,0
0.016875,357.65,0.3692702503,0.53515625,0.1039722263,0,0
0.0175,357.65,0.3701129042,0.53515625,0.1040215467,0,0
0.018125,357.65,0.3708997749,0.53515625,0.1040663852,0,0
0.01875,357.65,0.371636222,0.53515625,0.1041072827,0,0
0.019375,357.65,0.37232694,0.53515625,0.1041447002,0,0
0.02,357.65,0.3729760584,0.53515625,0.1041790325,0,0
0.020625,357.65,0.3735872244,0.53515625,0.104210619,0,0
0.02125,357.65,0.3741636708,0.53515625,0.1042397536,0,0
0.021875,357.65,0.3747082736,0.53515625,0.1042666911,0,0
0.0225,357.65,0.3752235999,0.53515625,0.1042916538,0,0
0.023125,357.65,0.3757119479,0.53515625,0.1043148362,0,0
0.02375,357.65,0.3761753817,0.53515625,0.104336409,0,0
0.024375,357.65,0.37661576,0.53515625,0.1043565228,0,0
0.025,357.65,0.3770347612,0.53515625,0.1043753107,0,0
0.025625,357.65,0.3774339045,0.53515625,0.1043928908,0,0
0.02625,357.65,0.3778145688,0.53515625,0.1044093679,0,0
0.026875,357.65,0.378178008,0.53515625,0.1044248359,0,0
0.0275,357.65,0.3785253652,0.53515625,0.1044393785,0,0
0.028125,357.65,0.3788576846,0.53515625,0.1044530707,0,0
0.02875,357.65,0.3791759217,0.53515625,0.1044659802,0,0
0.029375,357.65,0.3794809532,0.53515625,0.1044781678,0,0
0.03,357.65,0.379773584,0.53515625,0.1044896885,0,0
0.030625,357.65,0.3800545552,0.53515625,0.104500592,0,0
0.03125,357.65,0.3803245499,0.53515625,0.1045109234,0,0
0.031875,357.65,0.380584199,0.53515625,0.1045207237,0,0
0.0325,357.65,0.3808340858,0.53515625,0.1045300303,0,0
0.033125,357.65,0.3810747507,0.53515625,0.104538877,0,0
0.03375,357.65,0.3813066948,0.53515625,0.1045472952,0,0
0.034375,357.65,0.3815303837,0.53515625,0.1045553132,0,0
0.035,357.65,0.3817462503,0.53515625,0.1045629571,0,0
0.035625,357.65,0.3819546979,0.53515625,0.1045702509,0,0
0.03625,357.65,0.3821561024,0.53515625,0.1045772166,0,0
0.036875,357.65,0.3823508149,0.53515625,0.1045838746,0,0
0.0375,357.65,0.3825391633,0.53515625,0.1045902435,0,0
0.038125,357.65,0.3827214546,0.53515625,0.1045963407,0,0
0.03875,357.65,0.3828979764,0.53515625,0.1046021821,0,0
0.039375,357.65,0.3830689983,0.53515625,0.1046077825,0,0
0.04,357.65,0.3832347733,0.53515625,0.1046131557,0,0
0.040625,357.65,0.3833955393,0.53515625,0.1046183144,0,0
0.04125,357.65,0.3835515199,0.53515625,0.1046232704,0,0
0.041875,357.65,0.3837029255,0.53515625,0.1046280348,0,0
0.0425,357.65,0.3838499546,0.53515625,0.1046326178,0,0
0.043125,357.65,0.3839927942,0.53515625,0.104637029,0,0
0.04375,357.65,0.3841316209,0.53515625,0.1046412774,0,0
0.044375,357.65,0.3842666013,0.53515625,0.1046453712,0,0
0.045,357.65,0.3843978931,0.53515625,0.1046493184,0,0
0.045625,357.65,0.3845256456,0.53515625,0.1046531261,0,0
0.04625,357.65,0.3846499998,0.53515625,0.1046568012,0,0
0.046875,357.65,0.3847710896,0.53515625,0.1046603502,0,0
0.0475,357.65,0.3848890419,0.53515625,0.1046637791,0,0
0.048125,357.65,0.385003977,0.53515625,0.1046670936,0,0
0.04875,357.65,0.3851160092,0.53515625,0.1046702989,0,0
0.049375,357.65,0.3852252472,0.53515625,0.1046734001,0,0
0.05,357.65,0.3853317942,0.53515625,0.1046764019,0,0
0.050625,357.65,0.3854357484,0.53515625,0.1046793088,0,0
0.05125,357.65,0.3855372032,0.53515625,0.104682125,0,0
0.051875,357.65,0.3856362479,0.53515625,0.1046848543,0,0
0.0525,357.65,0.3857329671,0.53515625,0.1046875007,0,0
0.053125,357.65,0.385827442,0.53515625,0.1046900675,0,0
0.05375,357.65,0.3859197496,0.53515625,0.1046925581,0,0
0.054375,357.65,0.3860099638,0.53515625,0.1046949758,0,0
0.055,357.65,0.3860981549,0.53515625,0.1046973235,0,0
0.055625,357.65,0.3861843902,0.53515625,0.104699604,0,0
0.05625,357.65,0.3862687341,0.53515625,0.10470182,0,0
0.056875,357.65,0.3863512482,0.53515625,0.1047039742,0,0
0.0575,357.65,0.3864319913,0.53515625,0.1047060689,0,0
0.058125,357.65,0.3865110198,0.53515625,0.1047081064,0,0
0.05875,357.65,0.3865883878,0.53515625,0.104710089,0,0
0.059375,357.65,0.386664147,0.53515625,0.1047120187,0,0
0.06,357.65,0.3867383472,0.53515625,0.1047138975,0,0
0.060625,357.65,0.3868110359,0.53515625,0.1047157273,0,0
0.06125,357.65,0.3868822589,0.53515625,0.1047175099,0,0
0.061875,357.65,0.3869520601,0.53515625,0.104719247,0,0
0.0625,357.65,0.3870204816,0.53515625,0.1047209402,0,0
0.063125,357.65,0.3870875639,0.53515625,0.1047225912,0,0
0.06375,357.65,0.387153346,0.53515625,0.1047242013,0,0
0.064375,357.65,0.3872178652,0.53515625,0.1047257721,0,0
0.065,357.65,0.3872811577,0.53515625,0.1047273049,0,0
0.065625,357.65,0.387343258,0.53515625,0.104728801,0,0
0.06625,357.65,0.3874041996,0.53515625,0.1047302615,0,0
0.066875,357.65,0.3874640146,0.53515625,0.1047316879,0,0
0.0675,357.65,0.3875227338,0.53515625,0.104733081,0,0
0.068125,357.65,0.3875803873,0.53515625,0.1047344422,0,0
0.06875,357.65,0.3876370036,0.53515625,0.1047357723,0,0
0.069375,357.65,0.3876926106,0.53515625,0.1047370724,0,0
0.07,357.65,0.387747235,0.53515625,0.1047383434,0,0
0.070625,357.65,0.3878009025,0.53515625,0.1047395864,0,0
0.07125,357.65,0.3878536383,0.53515625,0.1047408021,0,0
0.071875,357.65,0.3879054662,0.53515625,0.1047419913,0,0
0.0725,357.65,0.3879564096,0.53515625,0.1047431551,0,0
0.073125,357.65,0.3880064908,0.53515625,0.104744294,0,0
0.07375,357.65,0.3880557316,0.53515625,0.1047454088,0,0
0.074375,357.65,0.3881041531,0.53515625,0.1047465004,0,0
0.075,357.65,0.3881517753,0.53515625,0.1047475693,0,0
0.075625,357.65,0.388198618,0.53515625,0.1047486162,0,0
0.07625,357.65,0.3882447002,0.53515625,0.1047496418,0,0
0.076875,357.65,0.3882900402,0.53515625,0.1047506467,0,0
0.0775,357.65,0.3883346559,0.53515625,0.1047516315,0,0
0.078125,357.65,0.3883785644,0.53515625,0.1047525967,0,0
0.07875,357.65,0.3884217823,0.53515625,0.104753543,0,0
0.079375,357.65,0.388464326,0.53515625,0.1047544708,0,0
0.08,357.65,0.388506211,0.53515625,0.1047553807,0,0
0.014375,358.15,0.3625379375,0.53125,0.1035693848,0,0
0.015,358.15,0.3636672292,0.53125,0.1036481241,0,0
0.015625,358.15,0.3647103755,0.53125,0.103718742,0,0
0.01625,358.15,0.3656768661,0.53125,0.1037823512,0,0
0.016875,358.15,0.366574847,0.53125,0.103839878,0,0
0.0175,358.15,0.3674113502,0.53125,0.1038920985,0,0
0.018125,358.15,0.3681924773,0.53125,0.1039396673,0,0
0.01875,358.15,0.3689235488,0.53125,0.1039831398,0,0
0.019375,358.15,0.3696092251,0.53125,0.1040229894,0,0
0.02,358.15,0.3702536055,0.53125,0.1040596225,0,0
0.020625,358.15,0.3708603103,0.53125,0.104093389,0,0
0.02125,358.15,0.3714325491,0.53125,0.1041245916,0,0
0.021875,358.15,0.3719731767,0.53125,0.1041534937,0,0
0.0225,358.15,0.3724847415,0.53125,0.104180325,0,0
0.023125,358.15,0.372969525,0.53125,0.1042052868,0,0
0.02375,358.15,0.373429576,0.53125,0.1042285561,0,0
0.024375,358.15,0.3738667399,0.53125,0.1042502891,0,0
0.025,358.15,0.3742826826,0.53125,0.104270624,0,0
0.025625,358.15,0.3746789125,0.53125,0.1042896836,0,0
0.02625,358.15,0.3750567982,0.53125,0.1043075771,0,0
0.026875,358.15,0.3754175846,0.53125,0.1043244021,0,0
0.0275,358.15,0.3757624063,0.53125,0.1043402461,0,0
0.028125,358.15,0.3760923,0.53125,0.1043551875,0,0
0.02875,358.15,0.3764082143,0.53125,0.104369297,0,0
0.029375,358.15,0.3767110192,0.53125,0.1043826382,0,0
0.03,358.15,0.377001514,0.53125,0.1043952688,0,0
0.030625,358.15,0.3772804343,0.53125,0.1044072408,0,0
0.03125,358.15,0.3775484583,0.53125,0.1044186017,0,0
0.031875,358.15,0.3778062121,0.53125,0.1044293945,0,0
0.0325,358.15,0.378054275,0.53125,0.1044396586,0,0
0.033125,358.15,0.3782931832,0.53125,0.1044494297,0,0
0.03375,358.15,0.3785234343,0.53125,0.1044587407,0,0
0.034375,358.15,0.3787454904,0.53125,0.1044676216,0,0
0.035,358.15,0.3789597814,0.53125,0.1044760999,0,0
0.035625,358.15,0.3791667074,0.53125,0.1044842011,0,0
0.03625,358.15,0.3793666418,0.53125,0.1044919485,0,0
0.036875,358.15,0.379559933,0.53125,0.1044993635,0,0
0.0375,358.15,0.3797469066,0.53125,0.104506466,0,0
0.038125,358.15,0.3799278673,0.53125,0.1045132745,0,0
0.03875,358.15,0.3801031006,0.53125,0.1045198058,0,0
0.039375,358.15,0.3802728742,0.53125,0.1045260757,0,0
0.04,358.15,0.3804374392,0.53125,0.1045320989,0,0
0.040625,358.15,0.3805970317,0.53125,0.1045378889,0,0
0.04125,358.15,0.3807518737,0.53125,0.1045434584,0,0
0.041875,358.15,0.3809021742,0.53125,0.1045488191,0,0
0.0425,358.15,0.3810481301,0.53125,0.104553982,0,0
0.043125,358.15,0.3811899271,0.53125,0.1045589573,0,0
0.04375,358.15,0.3813277404,0.53125,0.1045637546,0,0
0.044375,358.15,0.3814617356,0.53125,0.1045683829,0,0
0.045,358.15,0.3815920691,0.53125,0.1045728505,0,0
0.045625,358.15,0.381718889,0.53125,0.1045771653,0,0
0.04625,358.15,0.3818423355,0.53125,0.1045813346,0,0
0.046875,358.15,0.3819625415,0.53125,0.1045853653,0,0
0.0475,358.15,0.3820796328,0.53125,0.104589264,0,0
0.048125,358.15,0.382193729,0.53125,0.1045930367,0,0
0.04875,358.15,0.3823049435,0.53125,0.1045966892,0,0
0.049375,358.15,0.3824133841,0.53125,0.1046002268,0,0
0.05,358.15,0.3825191534,0.53125,0.1046036548,0,0
0.050625,358.15,0.3826223487,0.53125,0.1046069778,0,0
0.05125,358.15,0.3827230631,0.53125,0.1046102005,0,0
0.051875,358.15,0.3828213847,0.53125,0.1046133271,0,0
0.0525,358.15,0.382917398,0.53125,0.1046163617,0,0
0.053125,358.15,0.3830111833,0.53125,0.1046193081,0,0
0.05375,358.15,0.3831028171,0.53125,0.1046221699,0,0
0.054375,358.15,0.3831923728,0.53125,0.1046249507,0,0
0.055,358.15,0.3832799202,0.53125,0.1046276536,0,0
0.055625,358.15,0.3833655261,0.53125,0.1046302818,0,0
0.05625,358.15,0.3834492543,0.53125,0.1046328381,0,0
0.056875,358.15,0.3835311661,0.53125,0.1046353254,0,0
0.0575,358.15,0.3836113198,0.53125,0.1046377464,0,0
0.058125,358.15,0.3836897714,0.53125,0.1046401035,0,0
0.05875,358.15,0.3837665747,0.53125,0.1046423991,0,0
0.059375,358.15,0.383841781,0.53125,0.1046446356,0,0
0.06,358.15,0.3839154395,0.53125,0.104646815,0,0
0.060625,358.15,0.3839875977,0.53125,0.1046489396,0,0
0.06125,358.15,0.3840583008,0.53125,0.1046510112,0,0
0.061875,358.15,0.3841275925,0.53125,0.1046530317,0,0
0.0625,358.15,0.3841955146,0.53125,0.1046550029,0,0
0.063125,358.15,0.3842621072,0.53125,0.1046569266,0,0
0.06375,358.15,0.3843274091,0.53125,0.1046588043,0,0
0.064375,358.15,0.3843914574,0.53125,0.1046606377,0,0
0.065,358.15,0.3844542879,0.53125,0.1046624283,0,0
0.065625,358.15,0.384515935,0.53125,0.1046641774,0,0
0.06625,358.15,0.3845764317,0.53125,0.1046658864,0,0
0.066875,358.15,0.3846358101,0.53125,0.1046675568,0,0
0.0675,358.15,0.3846941007,0.53125,0.1046691896,0,0
0.068125,358.15,0.3847513333,0.53125,0.1046707862,0,0
0.06875,358.15,0.3848075364,0.53125,0.1046723476,0,0
0.069375,358.15,0.3848627375,0.53125,0.1046738751,0,0
0.07,358.15,0.3849169632,0.53125,0.1046753696,0,0
0.070625,358.15,0.384970239,0.53125,0.1046768321,0,0
0.07125,358.15,0.3850225898,0.53125,0.1046782637,0,0
0.071875,358.15,0.3850740394,0.53125,0.1046796653,0,0
0.0725,358.15,0.385124611,0.53125,0.1046810378,0,0
0.073125,358.15,0.3851743266,0.53125,0.104682382,0,0
0.07375,358.15,0.3852232081,0.53125,0.1046836989,0,0
0.074375,358.15,0.385271276,0.53125,0.1046849891,0,0
0.075,358.15,0.3853185507,0.53125,0.1046862535,0,0
0.075625,358.15,0.3853650515,0.53125,0.1046874928,0,0
0.07625,358.15,0.3854107973,0.53125,0.1046887078,0,0
0.076875,358.15,0.3854558064,0.53125,0.1046898991,0,0
0.0775,358.15,0.3855000963,0.53125,0.1046910673,0,0
0.078125,358.15,0.3855436843,0.53125,0.1046922132,0,0
0.07875,358.15,0.3855865869,0.53125,0.1046933374,0,0
0.079375,358.15,0.38562882,0.53125,0.1046944403,0,0
0.08,358.15,0.3856703993,0.53125,0.1046955227,0,0
