P,AA,U
0.378885814,0.5178047296,389.4154405
0.3811451275,0.5201697978,389.408281
0.3834179167,0.5225544835,389.3868013
0.430170534,0.5726533933,386.2393208
0.4328845197,0.5756147689,385.9276026
0.4356319105,0.5786178379,385.6009969
0.4384141317,0.5816642643,385.2594499
0.44123267,0.5847557894,384.9029049
0.4545815473,0.5994804571,383.1452693
0.4578645044,0.6031235041,382.7074207
0.4612020659,0.6068339302,382.2539882
0.4645965943,0.6106145435,381.7848954
0.486523837,0.6352144054,378.7218694
0.4906743376,0.6399044493,378.1497109
0.5152851434,0.6676728799,373.5431618
0.5098256297,0.6615730381,375.0445967
0.5044814037,0.6555546548,376.1653514
0.5167172167,0.6705635905,363.4642212
0.516713442,0.6705594059,363.4655657
0.5166814499,0.6737774391,339.4288358
0.5166655276,0.67012493,366.3079004
0.51662969,0.66940838,371.3278007
0.5164514218,0.675252649,326.6968888
0.5163181063,0.6758775747,321.0012667
0.5156703198,0.6774943598,303.8033585
0.5156504735,0.6774730183,303.8161392
0.5148998371,0.6785070943,290.0074294
0.5133186166,0.6654815746,374.1276156
0.5123878789,0.664442119,374.3868459
0.5087275827,0.6603401856,375.3020245
0.4834922398,0.6317969748,379.1417933
0.4752566666,0.6225356969,380.2942013
0.4573548971,0.6025561414,382.769266
0.4473691394,0.5915105124,384.1184962
0.4446894833,0.5885581143,384.466597
0.4430636097,0.586769109,384.6747057
0.4268112653,0.5689958436,386.6117048
0.4234921626,0.565391512,386.9679295
0.4214564007,0.5631847067,387.1763694
0.4192534544,0.5607999319,387.3926561
0.4096242321,0.5504188762,388.2240653
0.4070336734,0.5476366107,388.4074071
0.405224824,0.5456990581,388.5338285
0.394695948,0.5344707703,389.0976934
0.3841412854,0.5233153043,389.3788081
0.3807888928,0.5197965802,389.4105446
0.3787840561,0.5176983811,389.4155588
0.5167718499,0.6716012393,356.2254366
0.5167549528,0.6711541815,359.3981529
0.5166456628,0.6697702933,368.7750194
0.5124064114,0.6644628306,374.3817913
0.510749268,0.6626085573,374.8166975
0.5079824644,0.6595024805,375.4685605
0.5059285385,0.6571887733,375.8942181
0.5031106002,0.6540038375,376.4004116
0.5023628899,0.6531568862,376.5190593
0.5003713875,0.650896338,376.8107325
0.4976100196,0.6477609612,377.1891558
0.4971193755,0.6472045586,377.2580554
0.4946661221,0.6444214521,377.5874066
0.4916006923,0.640952383,378.0207921
0.4767834357,0.6242503972,380.0868043
0.4749920175,0.6222397713,380.3359011
0.4749854727,0.6222324451,380.3368909
0.4600965481,0.6056033278,382.4011323
0.4575449325,0.6027695548,382.7549513
0.4546615162,0.5995687649,383.1330526
0.449841454,0.5942385902,383.7885024
0.4455933506,0.5895525239,384.3463433
0.4424573687,0.5861012504,384.7470017
0.4416351931,0.5851981344,384.8529281
0.439932118,0.583329437,385.0722481
0.4395090323,0.5828652214,385.1249172
0.4359605242,0.578977362,385.5601491
0.4315498886,0.5741580789,386.0823517
0.4241360829,0.5660903266,386.9013605
0.4217213787,0.5634694407,387.1404948
0.4177974556,0.5592228526,387.5191917
0.4131261466,0.5541862724,387.9451331
0.4106775763,0.5515514324,388.1439066
0.4104963213,0.5513563457,388.1572664
0.4085358316,0.5492504564,388.3069199
0.4064246278,0.546985801,388.4573802
0.402078554,0.5423349123,388.7327082
0.3811572183,0.5201822963,389.4076426
0.3787774299,0.5176914544,389.4155593
0.5165902133,0.6691233507,373.1270618
0.512822184,0.6649273387,374.2672526
0.5103986754,0.6622156537,374.9044909
0.5090826129,0.6607390165,375.2203658
0.5080887972,0.6596220804,375.4451941
0.505701617,0.6569327451,375.9382872
0.5040456578,0.6550619774,376.2424289
0.4859341814,0.6345493492,378.8056909
0.4844105438,0.6328313741,379.0201565
0.483423518,0.6317177493,379.1518554
0.4792026391,0.6269672471,379.7426748
0.4773502347,0.6248870904,380.0086024
0.4759506802,0.6233157348,380.2038192
0.4699241541,0.6165638038,381.0449217
0.467777533,0.6141645551,381.3442384
0.4660071889,0.6121864582,381.5823834
0.4652735036,0.6113692244,381.6903048
0.4633571387,0.6092328234,381.9546597
0.4627133264,0.6085157082,382.0435772
0.4606736063,0.6062461068,382.3269026
0.450766962,0.5952608533,383.6652354
0.4321145343,0.5747741431,386.0174754
0.4285051043,0.5708377157,386.4207519
0.4217070804,0.5634571144,387.144969
0.4210271041,0.5627195597,387.2189247
0.4166883485,0.5580277728,387.6328522
0.4090354546,0.549786921,388.2702981
0.4062509503,0.5467987901,388.4664762
0.4048102598,0.5452564791,388.5658417
0.4008016855,0.540971614,388.8067272
0.3967786704,0.5366847405,389.0090272
0.3948165094,0.5345989023,389.0926668
0.3912609173,0.5308284029,389.2208525
0.5167629021,0.6721862242,351.8323558
0.5164856304,0.6690072286,373.1612527
0.5118162565,0.663802996,374.5406305
0.5100731773,0.6618515292,374.9786841
0.5092603696,0.6609386266,375.1789171
0.5068367354,0.6582126587,375.7119861
0.5030883789,0.6539786169,376.4044508
0.5010170195,0.6516297566,376.7212567
0.4988802264,0.6492019405,377.0107061
0.4971385215,0.6472259439,377.2536078
0.4920044601,0.6414087007,377.9621907
0.4888901356,0.637887013,378.3948318
0.4872075706,0.6359847566,378.6191903
0.4861370267,0.6347784459,378.7785875
0.4825690803,0.6307564791,379.2777141
0.4687681809,0.6152684992,381.1919315
0.4668357899,0.6131111192,381.4665145
0.463317333,0.6091886065,381.96078
0.4627749486,0.6085844272,382.0351886
0.4590438503,0.6044327313,382.542934
0.4533252766,0.5980903686,383.3206656
0.4513464726,0.5959009764,383.5856252
0.4499411771,0.5943462712,383.7653623
0.4457108317,0.5896824391,384.3335932
0.4417501815,0.5853255873,384.8433178
0.4401109306,0.5835253525,385.0485926
0.4306685939,0.5731966299,386.183502
0.4247544859,0.5667605438,386.8316342
0.4232133841,0.5650882595,386.9936298
0.4217038496,0.5634521018,387.1489406
0.4186678023,0.5601666098,387.4489843
0.4152441922,0.5564692865,387.763068
0.4137104227,0.5548157837,387.8960619
0.4119056513,0.5528722332,388.0455769
0.4085679429,0.5492844298,388.3030653
0.3975015334,0.5374537147,388.9751778
0.3944321972,0.5341907875,389.1084696
0.3891075901,0.5285505643,389.2819701
0.3787908055,0.5177054363,389.4155574
0.5167694688,0.6726379331,348.5429524
0.5167614618,0.6718543947,354.2738954
0.5167449979,0.6710026538,360.4405493
0.5167040744,0.6737715824,339.64562
0.5165299555,0.6690564467,373.1467798
0.5141019042,0.6663552026,373.9008547
0.5115845712,0.6635437953,374.601794
0.5108193407,0.6626870449,374.7990937
0.5065799924,0.6579232322,375.7638527
0.5038445368,0.6548344819,376.2772999
0.492895727,0.6424171152,377.8368839
0.4916238168,0.6409776976,378.013823
0.4902376008,0.6394105407,378.2101072
0.4841621853,0.6325513673,379.0546251
0.4825168966,0.6306980239,379.2866252
0.4817520825,0.6298368319,379.3934593
0.4805107396,0.628439692,379.566352
0.4730504147,0.6200631465,380.6072141
0.4712691278,0.6180676917,380.8526707
0.470029265,0.6166788123,381.0177343
0.4651652008,0.611248164,381.7040274
0.4612390915,0.606874394,382.2454116
0.4458024773,0.5897815216,384.3132808
0.4406345285,0.5841002449,384.9837015
0.4365748865,0.5796492314,385.484108
0.433569887,0.5763595079,385.8304616
0.4333114525,0.5760786108,385.8670283
0.4312654689,0.5738467267,386.1115962
0.4291331087,0.5715233364,386.3578201
0.4225696013,0.5643902054,387.0601117
0.420700939,0.5623650212,387.2459119
0.4186689989,0.5601663719,387.4427814
0.4158536557,0.5571268308,387.708884
0.4135330868,0.5546246158,387.9107787
0.4118122901,0.5527717795,388.0531992
0.398707333,0.5387381359,388.917448
0.3896317848,0.529104516,389.2677146
0.3865192896,0.5258190318,389.3409497
0.3850345743,0.524255106,389.3665512
0.3834992252,0.5226401452,389.386592
0.5167604295,0.6718878731,354.0184697
0.5167543811,0.6721739688,351.8570732
0.5166723058,0.669806296,368.7179901
0.5166320354,0.6742288764,335.7001161
0.5165965361,0.6691303705,373.12499
0.5149658044,0.6673175006,373.6415135
0.5140610654,0.666309683,373.9128516
0.5109165687,0.6627959549,374.7744292
0.508609973,0.6602085996,375.324652
0.5041529902,0.6551833603,376.223635
0.4989715521,0.6493048355,376.9938455
0.4902711769,0.6394483752,378.2046822
0.4861273443,0.634768008,378.7823818
0.4849285194,0.6334142078,378.9417507
0.4643000103,0.6102840108,381.8264495
0.4629440362,0.6087727413,382.0121474
0.4612859877,0.6069268181,382.2401227
0.4607949928,0.6063779496,382.2951394
0.4544437621,0.599329377,383.1708451
0.452261191,0.5969140467,383.4653694
0.4316023471,0.5742146785,386.0745797
0.4295055598,0.5719290183,386.3155985
0.4288262213,0.5711894946,386.393779
0.4277155868,0.5699802143,386.5158092
0.4250989833,0.5671353106,386.7977545
0.4226695869,0.564499589,387.0537246
0.4181023786,0.5595539808,387.4969347
0.4134576737,0.5545434614,387.9175118
0.4116470314,0.5525941903,388.0666384
0.3937873471,0.5335060229,389.1323416
0.3898573399,0.5293432388,389.2623234
0.3847127362,0.5239156073,389.3687182
0.5166088876,0.6691440832,373.1209411
0.5164706016,0.6752155179,327.1203676
0.516292808,0.6758512263,321.0067539
0.5159851386,0.6768438274,311.171987
0.5157797808,0.6772777486,306.2990825
0.5152481425,0.6780929423,295.9406869
0.5104362235,0.6622577414,374.8951715
0.5074484874,0.6589016067,375.583905
0.5053549671,0.6565414772,376.0044875
0.5050740414,0.6562242568,376.0571472
0.5027056543,0.6535450988,376.4664413
0.5026878949,0.6535249769,376.4692811
0.5003981468,0.6509267478,376.8071103
0.4978645708,0.6480492598,377.1511083
0.4970373388,0.6471113542,377.2685173
0.4938695095,0.6435198007,377.7018439
0.4788079639,0.6265219878,379.7898126
0.4774314976,0.6249783749,379.9973128
0.4768554886,0.6243314678,380.0775849
0.47567741,0.6230090433,380.2418421
0.4689832854,0.6155092035,381.1626325
0.4611936637,0.6068244548,382.2545399
0.4560262756,0.601084468,382.9610937
0.455438315,0.6004326163,383.041226
0.4470045721,0.5911082889,384.1653107
0.4446294393,0.5884914678,384.4728844
0.4423784146,0.5860158761,384.763274
0.4369851894,0.5800985892,385.4345558
0.4303750293,0.5728712614,386.1948741
0.4272718694,0.5694974704,386.5645635
0.4252442991,0.5672935936,386.7841141
0.4088040195,0.5495375007,388.2841391
0.3893797717,0.528837821,389.2734901
0.5166564035,0.6696215781,369.959947
0.5165782501,0.6737810621,338.6117164
0.5127981643,0.6795404166,264.9461346
0.5126585504,0.6795889575,263.3847682
0.5113879501,0.6633239311,374.6517835
0.5080795514,0.6596118679,375.4458788
0.5046881709,0.6557885257,376.1267229
0.5037064856,0.6546773346,376.2957564
0.4966579583,0.6466801186,377.3159566
0.493118591,0.6426702645,377.8103688
0.4918602131,0.6412445967,377.9779519
0.4809757205,0.6289621983,379.4978899
0.4758195144,0.6231665748,380.2123219
0.473442958,0.6205003312,380.5390549
0.465905904,0.6120738932,381.5986212
0.4589240535,0.6043009843,382.5657375
0.4571900889,0.6023745615,382.7980084
0.4505321824,0.5949992173,383.6866097
0.4412823256,0.584810347,384.89673
0.4370969186,0.5802200165,385.4168875
0.4364071669,0.5794650931,385.5021968
0.4273240743,0.5695544353,386.5595883
0.4221325274,0.563916575,387.1052879
0.412576711,0.5535936593,387.98718
0.4108549538,0.5517384214,388.1160877
0.3985039947,0.5385214945,388.9275906
0.3915453231,0.5311295054,389.2116401
0.3914113236,0.5309876615,389.216127
0.3890209723,0.5284587694,389.283285
0.3889671843,0.5284018949,389.2845159
0.3813846921,0.5204210367,389.4071359
0.5167443428,0.67194595,353.4542511
0.5167411964,0.6708115962,361.8231029
0.5167311347,0.6732155638,343.9733344
0.5166075263,0.6691425719,373.1213874
0.5162240548,0.6760809285,318.7570892
0.515162844,0.6782269092,294.2383054
0.5116414958,0.6636069101,374.583589
0.5064940537,0.657826477,375.7818516
0.4992953364,0.6496741642,376.9584989
0.498582832,0.6488651695,377.0557926
0.4820781766,0.6302024357,379.3400241
0.4791055695,0.6268581304,379.7562671
0.4777475176,0.6253288049,379.9302199
0.4728173727,0.6198022041,380.6404974
0.4686497715,0.6151389258,381.2219411
0.4656899259,0.6118339515,381.6335584
0.4608797497,0.6064745079,382.2943062
0.4588045629,0.6041683637,382.5827189
0.4551080492,0.6000623278,383.0666439
0.4434773358,0.5872224905,384.6155064
0.4369765103,0.5800895949,385.4378189
0.4347787628,0.577684637,385.7031576
0.4303112886,0.5728074202,386.225821
0.4277841702,0.5700548653,386.5083507
0.4265516918,0.5687140846,386.6423363
0.420399741,0.5620404742,387.2818261
0.4037353969,0.5441062433,388.6343697
0.3995821116,0.5396704746,388.8723756
0.3989312407,0.5389767549,388.9062375
0.3954439144,0.5352653286,389.066943
0.3953098334,0.5351228404,389.0724954
0.3891225297,0.5285663621,389.2816207
0.3855736997,0.5248217975,389.354807
0.3832661059,0.5223955011,389.3902288
0.3787787091,0.5176927917,389.4155593
0.5167512079,0.6713368518,358.0190226
0.5164838365,0.6690052345,373.1618252
0.5123131696,0.6796546186,259.9628746
0.5117339045,0.6637108738,374.5624487
0.5112295701,0.663146458,374.6942269
0.5079400368,0.6594547542,375.4778469
0.5079122913,0.6594235421,375.4839084
0.504797496,0.6559118641,376.1081249
0.5024942598,0.6533055549,376.5000071
0.4993441923,0.6497282289,376.9441738
0.4921330529,0.6415538189,377.942565
0.4903898506,0.6395811185,378.1806402
0.4843725256,0.6327888642,379.0272621
0.4819827737,0.6300962993,379.3599152
0.4789949636,0.6267346715,379.7760234
0.4698207824,0.6164483255,381.0597032
0.4666446692,0.6128984799,381.4965435
0.4650957916,0.6111710366,381.7148715
0.4633011088,0.6091708966,381.9646303
0.4626672482,0.6084644308,382.0497299
0.4549690597,0.5999114862,383.1003592
0.451466679,0.5960352361,383.5757376
0.4375539249,0.5807219448,385.3667681
0.4325356767,0.5752334301,385.9665569
0.4308121843,0.5733535047,386.1684867
0.4301319534,0.5726119637,386.2463117
0.4244619016,0.5664442274,386.8680424
0.422926839,0.5647780233,387.0253518
0.4142078356,0.5553502844,387.8474891
0.4028434347,0.543150773,388.6829961
0.4000538532,0.5401720788,388.8420479
0.3902774926,0.5297875717,389.2502963
0.3880763637,0.5274615468,389.3078048
0.3861829037,0.5254644879,389.3472079
0.5167566986,0.671342882,358.0171402
0.5167395187,0.671345569,357.8637495
0.5167269628,0.6709109777,360.977549
0.5165918767,0.6691251974,373.1265168
0.5165128128,0.6750811747,328.4450617
0.5161531,0.67637881,315.9718283
0.5148094563,0.6671433716,373.6887812
0.5119128008,0.6639108983,374.5144901
0.5115070378,0.6634570332,374.6221177
0.5096696529,0.6613979372,375.0815181
0.507938943,0.6594535238,375.4780861
0.5031800719,0.6540824458,376.3893599
0.5010935172,0.6517166154,376.7103662
0.4909958254,0.6402675659,378.1024149
0.4881435542,0.6370436571,378.4988594
0.4864024711,0.6350778426,378.7408749
0.484796157,0.6332661482,378.9663971
0.4835984686,0.6319162369,379.134354
0.4797482853,0.6275815912,379.6704864
0.4779701911,0.6255834262,379.9215751
0.4771209162,0.6246295333,380.0405605
0.4750783926,0.6223353055,380.3170784
0.4734151335,0.6204693127,380.5437559
0.4498045163,0.5941974502,383.7932299
0.446864626,0.5909528349,384.1783573
0.4321841538,0.574849887,386.0083471
0.431474292,0.5740746706,386.0881149
0.4298034726,0.5722540016,386.2836705
0.4278626595,0.5701399776,386.4984426
0.4190212614,0.5605487846,387.4150673
0.4173196141,0.5587091535,387.5737555
0.3939973813,0.5337269489,389.1174502
0.3846825175,0.5238843776,389.371036
0.3825451978,0.52163849,389.3978289
0.3808805786,0.5198926514,389.4100847
0.516614753,0.6691953109,372.7878005
0.5154096884,0.6778968793,298.7038343
0.5140814929,0.679123051,278.6895545
0.513100237,0.6795261386,267.5154067
0.5125487183,0.6795897247,262.4788628
0.5120331051,0.6640455191,374.4827538
0.5114416836,0.6633838927,374.6391876
0.5100272244,0.6617991687,374.9957617
0.5039754833,0.6549826126,376.2546108
0.5024331726,0.6532363261,376.5095813
0.4983998216,0.6486564636,377.0753414
0.4913313085,0.6406463782,378.0516287
0.4885880999,0.6375460604,378.4376648
0.4837028825,0.6320324365,379.1122486
0.4815674775,0.629628917,379.418734
0.4732435896,0.6202788478,380.5765078
0.469677792,0.6162882843,381.0792519
0.4636558259,0.6095661432,381.9158173
0.4605684612,0.6061291717,382.3413926
0.4586593064,0.6040056418,382.5894098
0.4434351413,0.5871758695,384.6199775
0.427364863,0.5695980398,386.5519394
0.4257665659,0.5678598339,386.7234802
0.4189612891,0.5604839693,387.4209813
0.4161700638,0.5574682382,387.6801676
0.4145755917,0.5557478875,387.8201701
0.3945366178,0.5343016863,389.1044308
0.3868597967,0.5261767536,389.3299901
0.3833166492,0.5224477413,389.3868318
0.5167547496,0.6712025383,359.0391809
0.5166433559,0.6695158059,370.6401717
0.5158412077,0.6682912707,373.3686551
0.5141080135,0.6663620499,373.8987808
0.5140269915,0.6662717297,373.9226384
0.5126416234,0.6647259481,374.315103
0.5101990918,0.6619922446,374.9512887
0.5092353362,0.6609108627,375.1823344
0.5057694404,0.6570093003,375.9250101
0.5030944825,0.6539855288,376.4034493
0.4993236601,0.6497048847,376.946594
0.4935939446,0.6432086337,377.7450082
0.4924072175,0.6418647188,377.9073691
0.49003309,0.6391783378,378.2330226
0.4826944714,0.6308965088,379.2540588
0.4785247151,0.6262038499,379.8305056
0.4770285811,0.6245251951,380.0502006
0.4707645395,0.617503603,380.9260833
0.4696519269,0.6162592996,381.0825577
0.4528022231,0.5975125426,383.3962627
0.4270577501,0.5692648333,386.5890862
0.4255548328,0.5676309426,386.7509664
0.4244887105,0.5664729006,386.8634627
0.4223434666,0.5641458463,387.0863887
0.4097541654,0.55055847,388.2141194
0.4064478199,0.5470102619,388.4547116
0.4047423201,0.545183657,388.5699038
0.402955873,0.5432718218,388.6793203
0.4003891874,0.5405314019,388.8297256
0.3983658877,0.5383742122,388.9338467
0.3957447479,0.5355844596,389.0521021
0.3950017061,0.5347950286,389.083573
0.3865260096,0.525825957,389.3402748
0.3854138143,0.5246541274,389.3597614
0.516606446,0.6691413749,373.1217243
0.5139827293,0.6662224752,373.9349642
0.5131209947,0.6652610049,374.1834916
0.5123573539,0.6644080665,374.3947056
0.5102610571,0.6620614392,374.9380593
0.5083779312,0.6599472006,375.3809691
0.5082759726,0.6598325662,375.4037366
0.5063395627,0.6576523202,375.812871
0.5039233378,0.6549236249,376.2636841
0.5012630139,0.6519090393,376.6860116
0.4954612484,0.6453225745,377.4774684
0.4939879485,0.6436534787,377.6829873
0.4891855771,0.6382214758,378.3568895
0.4866441616,0.6353512109,378.7102587
0.4850721707,0.6335772897,378.9272882
0.483289524,0.6315681772,379.177162
0.4797525193,0.6275856822,379.6663317
0.4749164912,0.6221550809,380.3465705
0.4684312551,0.6148948865,381.2531309
0.4643290416,0.6103162946,381.8220558
0.4624686304,0.6082431043,382.0767708
0.4597587979,0.6052285049,382.4506298
0.4518269762,0.5964327955,383.5234853
0.4476686494,0.5918391184,384.071543
0.4431672672,0.5868823856,384.6592191
0.4414287123,0.5849713452,384.8791709
0.4390650493,0.5823782997,385.1804157
0.4384487385,0.581702601,385.2569199
0.4375711657,0.5807409097,385.3649905
0.4328338769,0.5755595629,385.9339461
0.4274830641,0.5697265262,386.5385279
0.4274086065,0.5696455024,386.5466226
0.4170866247,0.5584574979,387.5952692
0.4127822151,0.553814016,387.9666217
0.4117367007,0.552689905,388.057242
0.4070058134,0.5476081378,388.4145495
0.4058258681,0.5463438162,388.4972477
0.4045552931,0.5449835806,388.5824215
0.4032249597,0.5435603554,388.665954
0.4006539353,0.5408139024,388.8152636
0.3963569772,0.5362341051,389.0209283
0.3926191697,0.5322669814,389.1745411
0.382000471,0.5210667534,389.4023206
0.3801453617,0.519122529,389.4131319
0.5165930766,0.6691265296,373.1261237
0.516393987,0.6754402984,324.8565662
0.5159169986,0.6683755123,373.3445625
0.5141297316,0.6790561822,279.6149667
0.5135401063,0.6657287173,374.0642976
0.5102104045,0.6620045856,374.9509612
0.5060280338,0.6573010054,375.8747119
0.5054696489,0.6566709405,375.9827361
0.4987134632,0.649013614,377.0382682
0.4967198999,0.6467501216,377.3019014
0.4947394657,0.6445063947,377.5863506
0.4933768766,0.6429618347,377.7691666
0.4917297126,0.6410981604,378.0018609
0.4884255991,0.6373627432,378.4616705
0.469790958,0.616414932,381.0639414
0.463780846,0.6097044761,381.8939193
0.4495556725,0.5939233959,383.829798
0.4474250943,0.5915714687,384.1078881
0.4404501476,0.5838985499,384.9975693
0.4385540994,0.5818187402,385.2343467
0.411757123,0.5527116998,388.0549044
0.4099471369,0.5507662153,388.2008107
0.4081387679,0.5488242807,388.3364816
0.4050067265,0.5454667456,388.5527302
0.4012159523,0.5414115672,388.7758956
0.3886490438,0.5280662549,389.294015
0.3870901386,0.5264207731,389.329031
0.5167288006,0.6730783741,344.9709977
0.5166779456,0.6739685997,337.983862
0.515613051,0.6775874456,302.6492349
0.5153410725,0.6779878031,297.4720653
0.5149783217,0.6783791673,291.6230983
0.5147531304,0.6786423081,287.8005366
0.5147448101,0.6786332523,287.805564
0.5133699225,0.6655388302,374.1130046
0.5111608715,0.6630695424,374.7119334
0.5056952684,0.6569255811,375.9395118
0.496948499,0.6470098708,377.2770361
0.4956651046,0.6455552972,377.4581044
0.4831914568,0.6314560251,379.1829323
0.4803905825,0.628303465,379.5778117
0.4659886137,0.6121658029,381.5853088
0.4614284876,0.6070858976,382.2228966
0.4567772609,0.6019173211,382.8582916
0.4514273615,0.5959913221,383.5789778
0.4426857311,0.5863510756,384.7125213
0.4355411401,0.5785185154,385.6118168
0.4318196962,0.5744520988,386.0505267
0.41985022,0.5614456972,387.3355481
0.4197110358,0.5612939202,387.3444071
0.4171151372,0.5584871417,387.5875581
0.4150621508,0.5562719562,387.7752708
0.4105967505,0.5514629374,388.1445781
0.4065987484,0.5471717557,388.4431946
0.4016728125,0.5419006633,388.7544564
0.3968911597,0.5368031106,388.9997741
0.3939620472,0.5336913655,389.1255106
0.3862022995,0.5254849486,389.3469265
0.383887798,0.523048887,389.3829364
0.3787771765,0.5176911895,389.4155593
0.5167177158,0.6705123912,363.8516045
0.5166095974,0.6691457756,373.1140098
0.5165864194,0.6740833394,336.4320672
0.5164654217,0.6752957245,326.4815886
0.5160234172,0.6766200309,313.1612927
0.516019472,0.6766157629,313.1636377
0.5157066743,0.677389567,304.8854298
0.4957909617,0.6456970013,377.435531
0.4672064324,0.6135261834,381.4209915
0.4663805494,0.612603355,381.5316869
0.4585754999,0.6039132593,382.6110212
0.4567133816,0.6018458036,382.8639515
0.4429195331,0.5866106436,384.6938877
0.4373172193,0.5804627142,385.396049
0.4363489285,0.5794012035,385.508581
0.4288623976,0.5712285281,386.3882455
0.4246219782,0.566616266,386.843909
0.4210757853,0.562772163,387.2135961
0.4190349726,0.560563449,387.4130988
0.4174031828,0.5587995902,387.5666563
0.4160072465,0.5572924682,387.6946287
0.4033076854,0.5436472553,388.6551873
0.3950611225,0.5348587733,389.0833639
0.3874802603,0.5268324336,389.3211973
0.3837835312,0.5229392546,389.3841681
0.3809055867,0.5199186378,389.4092442
0.3787809436,0.5176951275,389.4155592
0.516626395,0.6693176114,371.9739046
0.5158982722,0.6770078829,309.2625014
0.5146934846,0.6785624381,287.9756664
0.5083473693,0.659912839,375.38782
0.5083252401,0.6598879594,375.3927609
0.5055967083,0.656814353,375.9584645
0.5043587427,0.655415997,376.1872603
0.4939843125,0.6436497076,377.6853417
0.4846742497,0.6331276381,378.9779702
0.4841513815,0.6325395796,379.058142
0.4822112055,0.6303537441,379.3291924
0.4779150067,0.6255210362,379.927319
0.4757496773,0.6230899494,380.2305026
0.4738513552,0.6209607768,380.4951484
0.4595789479,0.6050286029,382.4753456
0.445337754,0.5892715605,384.3821982
0.4400078152,0.5834124921,385.062807
0.4382831199,0.5815185498,385.2664565
0.4321616993,0.574825044,386.0095456
0.4295869539,0.572017952,386.3076151
0.4273999236,0.5696368508,386.550865
0.4232543106,0.5651329715,386.9907008
0.4181793853,0.5596385474,387.4949796
0.412405295,0.5534101783,388.0054069
0.4112076119,0.5521214219,388.1024132
0.4104124752,0.5512646789,388.1583842
0.4074970882,0.5481336454,388.3746485
0.406419615,0.5469804524,388.4582042
0.4050929539,0.5455591724,388.5474133
0.4031080955,0.5434335757,388.6664253
0.3949726079,0.534763871,389.0839025
0.3913375945,0.5309090031,389.2164386
0.3872218458,0.5265591047,389.32431
0.3815975931,0.5206441798,389.4053866
0.3803394961,0.5193257259,389.4121595
0.3787817597,0.5176959805,389.4155591
0.5166110412,0.6691639346,372.990901
0.5139586176,0.6661954898,373.9427811
0.513587555,0.6793610054,272.817341
0.5125673137,0.6646426286,374.3377225
0.5109248606,0.662805191,374.7720299
0.5092526609,0.6609300824,375.1799336
0.5043133128,0.6553646561,376.1951973
0.5017195923,0.6524271939,376.6187197
0.4975062572,0.6476420452,377.197098
0.488659153,0.6376262759,378.4271593
0.488577399,0.6375340788,378.4391643
0.4827677336,0.6309783617,379.2403853
0.4678039323,0.6141936973,381.3388328
0.4630664624,0.6089089596,381.9941474
0.4622937201,0.6080488116,382.10266
0.458338168,0.603650414,382.6470601
0.4533276315,0.5980921433,383.316504
0.4494298071,0.5937837233,383.8433923
0.4473377418,0.5914758098,384.1223762
0.4459856521,0.5899855417,384.2990887
0.4442839999,0.5881116418,384.5191329
0.4383505618,0.5815935776,385.2629042
0.4350941254,0.5780289178,385.6628374
0.4324536753,0.5751443767,385.9778878
0.4306659318,0.573194124,386.1840429
0.4293878866,0.5718012226,386.330448
0.4270166563,0.5692201916,386.5937894
0.4211237983,0.5628226419,387.2026879
0.4142035477,0.5553464965,387.8510872
0.3998542509,0.5399607351,388.858262
0.3954941662,0.535318641,389.0645046
0.3947046345,0.5344799935,389.097339
0.389892803,0.5293807008,389.2612047
0.3884210065,0.5278252338,389.2989591
0.5163027046,0.6758817396,320.8528458
0.5162952797,0.6759653423,320.1681326
0.5154910708,0.6777177948,300.7131152
0.5111188651,0.6630225077,374.7227316
0.5075594951,0.6590265589,375.5601995
0.4981713121,0.648395687,377.0999243
0.4963415328,0.6463204864,377.3554134
0.4941117526,0.6437931475,377.6628332
0.485023132,0.6335223798,378.9362017
0.4824743264,0.6306493335,379.2886844
0.4798123802,0.6276517852,379.6519493
0.4775730578,0.6251373844,379.9775549
0.4767105137,0.624168718,380.0979739
0.4703984537,0.6170943639,380.9788911
0.4696884959,0.6162984808,381.0690642
0.4584727589,0.6037971019,382.6154725
0.4570470649,0.6022168653,382.8223124
0.4566560614,0.6017831477,382.876172
0.4521058567,0.5967420282,383.4896269
0.4520997661,0.5967352701,383.4903483
0.4497914101,0.5941838996,383.7991821
0.4391550813,0.5824741171,385.1565025
0.4359445461,0.5789598404,385.5629005
0.4219388035,0.5637055289,387.1204983
0.4179217194,0.5593573786,387.5085228
0.4156490888,0.5569057712,387.7258907
0.4108135142,0.5516975008,388.1332765
0.4018653534,0.5421071746,388.7464902
0.396317119,0.53619186,389.0215315
0.385465936,0.524709015,389.3589226
0.3806085022,0.5196074123,389.4108139
0.3787779657,0.5176920145,389.4155593
0.5167525155,0.673006598,345.6846543
0.5166721354,0.6698831942,368.1476919
0.5166441153,0.6741624074,336.2861936
0.5151389932,0.6675102577,373.5883414
0.5058190694,0.6570652728,375.9155501
0.5012065,0.6518448883,376.6941478
0.4928839968,0.642404315,377.8410458
0.4928487016,0.6423644109,377.8462224
0.4846687636,0.6331226854,378.9850898
0.4787691685,0.6264795511,379.8011525
0.4774359176,0.6249825963,379.9929541
0.4762637775,0.6236667136,380.1579065
0.4753132935,0.6226004556,380.2924447
0.4627123166,0.6085149495,382.0454708
0.4488792054,0.5931753229,383.913913
0.4467136172,0.5907864789,384.1985923
0.4445182644,0.5883666152,384.4742392
0.4440186465,0.5878189029,384.5480664
0.4271280046,0.5693407274,386.5792651
0.4260667532,0.5681863881,386.6925346
0.4250201444,0.5670492505,386.804352
0.4185046027,0.5599903987,387.4631166
0.4170965005,0.5584687948,387.5946834
0.4146595875,0.5558389624,387.8127042
0.4081422775,0.5488280423,388.336208
0.40749254,0.5481291516,388.3764212
0.4054388831,0.5459272797,388.5143733
0.3990427562,0.5390952036,388.8991348
0.3947357329,0.534513048,389.0961889
0.5167640311,0.6725104795,349.4436497
0.5167631604,0.6725840733,348.8926695
0.5154985902,0.6777828778,300.2670801
0.5146437988,0.6787101409,286.4130184
0.5136564892,0.6792997377,273.8770875
0.5119164504,0.6639150613,374.5139711
0.5052293648,0.6563996625,376.0281409
0.5044464808,0.6555151797,376.171606
0.4988413864,0.6491585444,377.0198069
0.467308222,0.6136404238,381.4096328
0.4604439027,0.6059906093,382.3583315
0.4561577773,0.6012300655,382.9422885
0.4547456129,0.5996640789,383.1315775
0.452903241,0.5976236608,383.3795443
0.4475916856,0.5917559378,384.0893624
0.444593257,0.5884506433,384.4731111
0.4402438387,0.5836712548,385.0321198
0.4375164359,0.5806809301,385.3716051
0.4367919805,0.5798875151,385.4602481
0.4345376576,0.5774209278,385.7315361
0.424419275,0.5663979638,386.8725864
0.4194453113,0.5610040391,387.3606162
0.41468472,0.555863023,387.8008253
0.4123902298,0.553393886,388.0063588
0.4086086785,0.5493286346,388.30186
0.4042209876,0.5446255566,388.6029558
0.4004175026,0.540558749,388.8178146
0.3899031099,0.5293912379,389.2596792
0.3822774036,0.5213568688,389.3984765
0.3794453034,0.51838987,389.4149313
0.5165946333,0.6744870978,333.4949756
0.5165886193,0.6691215809,373.1275841
0.5161869802,0.6763114088,316.7382378
0.5160154907,0.6767122117,312.4021748
0.5156503407,0.6774682251,303.8519724
0.5152988783,0.6779993701,297.0590261
0.5152041201,0.6781481799,295.1715184
0.5126721936,0.6647598009,374.3088248
0.5124919571,0.6645584278,374.3584035
0.5108830497,0.6627584101,374.7829465
0.5091269443,0.6607888028,375.210064
0.5039382452,0.6549404866,376.2611077
0.4780739788,0.6256998511,379.9061351
0.4701319287,0.6167953915,381.0119985
0.4681806523,0.614614905,381.2881709
0.4667197724,0.6129833173,381.4909567
0.4634054509,0.6092862176,381.9459163
0.4617968712,0.6074958364,382.1720849
0.4598017094,0.6052764901,382.4460839
0.4544790131,0.5993685466,383.1669794
0.4456188974,0.5895800414,384.340479
0.4215691841,0.5633065678,387.1639533
0.420950875,0.5626367101,387.2252806
0.4196864253,0.5612676221,387.3480801
0.4148363496,0.5560285978,387.7956723
0.4040223858,0.5444126048,388.6139032
0.4009505977,0.5411290847,388.7936313
0.4009411633,0.5411189522,388.7939307
0.3913273062,0.5308986946,389.2187801
0.3907496803,0.5302871652,389.2363339
0.388244866,0.5276393563,389.3035564
0.3818301236,0.5208881521,389.4039847
0.5167657684,0.6727256245,347.865752
0.5167594478,0.6729469754,346.1792676
0.5167213441,0.6735384689,341.5062462
0.5166675002,0.6697576324,369.0403188
0.5165970655,0.6691309582,373.1248165
0.5164934405,0.6750212129,328.7448544
0.5163944086,0.6756136697,323.561593
0.5163641658,0.6755781479,323.5641348
0.5139291404,0.6661626055,373.9515442
0.5104385483,0.6622603471,374.8945939
0.5080935852,0.6596274654,375.4441388
0.5043513045,0.6554075896,376.1885726
0.5036131951,0.6545727271,376.3168626
0.4926350311,0.642122945,377.8780423
0.4901912847,0.6393579926,378.2155918
0.4863799369,0.6350525846,378.7449061
0.4767115839,0.6241686088,380.0912412
0.4731681218,0.6201954729,380.592952
0.4722086684,0.6191205799,380.7263839
0.468746672,0.6152468793,381.2067636
0.4594260518,0.6048582345,382.4942556
0.4572391559,0.6024289034,382.790783
0.4551120587,0.6000667511,383.0660155
0.4462716701,0.590300107,384.2594896
0.4407725016,0.5842511698,384.963929
0.438425873,0.581677297,385.2587045
0.436838266,0.5799382082,385.4546603
0.434772348,0.5776776987,385.7042488
0.4342010239,0.5770531484,385.7725025
0.431695953,0.574317087,386.064915
0.4298092134,0.5722601213,386.2824506
0.4287418778,0.5710969424,386.4002742
0.4269368299,0.5691314517,386.5945502
0.4127774379,0.5538105588,387.9735335
0.4036484727,0.5440132854,388.6398674
0.4025920107,0.5428837183,388.7042589
0.4007401727,0.5409056789,388.8095983
0.3988044213,0.5388415702,388.9125026
0.3977673334,0.5377368681,388.9632291
0.390329651,0.5298424516,389.2477669
0.3867381457,0.5260497542,389.3366692
0.3841475531,0.5233215494,389.3780947
0.3787778255,0.517691868,389.4155593
0.5167726788,0.6717466556,355.1571115
0.5167694705,0.6717514051,355.097134
0.5167655539,0.6727358047,347.7887877
0.5167594245,0.6713695087,357.8415486
0.5166195339,0.6692497377,372.422425
0.5096569282,0.661383753,375.0850865
0.5037605285,0.6547394389,376.2917342
0.5014989032,0.6521767647,376.6516256
0.4934979876,0.6430994079,377.755348
0.4898314712,0.6389515083,378.2671699
0.4857962332,0.6343943425,378.8281622
0.4836094139,0.6319284478,379.1321926
0.4806252211,0.6285685951,379.5508721
0.4748701019,0.6221023217,380.3494144
0.4698130012,0.6164394628,381.060057
0.4667635879,0.6130317733,381.4824281
0.449688981,0.5940683572,383.8018038
0.4420336525,0.5856369838,384.8070752
0.4408124863,0.5842951471,384.9592333
0.4222349438,0.5640257167,387.0873424
0.4211820898,0.5628866136,387.1982255
0.414286816,0.5554367161,387.84573
0.4114683048,0.5524018375,388.0814861
0.4100578821,0.5508853133,388.1925542
0.4078222694,0.5484846677,388.3594584
0.4019136538,0.5421584298,388.7424535
0.3951102317,0.5349106382,389.0802729
0.3921045628,0.5317220085,389.1932631
0.3917743858,0.5313713122,389.2014282
0.3880751002,0.5274602123,389.3078332
0.3853747407,0.5246132812,389.3613976
0.3831038192,0.5222250446,389.3920796
0.3805617884,0.5195585531,389.411263
0.5167682059,0.6723810915,350.4326478
0.5167533641,0.6711305217,359.5606512
0.5167128825,0.6704514315,364.2645078
0.5165845788,0.669117095,373.1289077
0.5164830338,0.6747504209,330.6838222
0.516370267,0.6756684271,322.967486
0.5138393387,0.6660624722,373.9777523
0.5115256923,0.6634779089,374.6172354
0.5111527527,0.6630604853,374.713715
0.5080131504,0.659536997,375.4618308
0.5019499654,0.6526884763,376.5842242
0.4900546154,0.6392027352,378.2307162
0.4850294096,0.6335295005,378.9355362
0.4836765169,0.6320031286,379.1180072
0.4830745477,0.6313251151,379.2033635
0.4814163091,0.6294582906,379.4373704
0.4779603166,0.6255722865,379.9227016
0.4755295737,0.6228418537,380.2557796
0.4658011736,0.6119573184,381.6144988
0.4651381779,0.6112185986,381.7105371
0.4520984987,0.596734154,383.4912106
0.4508236365,0.5953243194,383.6608346
0.4355791245,0.5785595859,385.6051973
0.4298679602,0.5723242204,386.2761171
0.422424722,0.564233802,387.0775905
0.4204183873,0.562059986,387.277269
0.41550701,0.5567521959,387.7374173
0.4133302083,0.5544049376,387.9232569
0.4094196182,0.5501964016,388.2291255
0.3952322617,0.5350403803,389.0755745
0.3892768596,0.5287290521,389.2762137
0.3848626404,0.5240738909,389.3682871
0.3822513518,0.5213300905,389.4005376
0.3787823044,0.51769655,389.4155591
0.5167606474,0.6717267753,355.2107543
0.5165602083,0.6690900371,373.1368864
0.5155153124,0.6776431704,301.4746158
0.5144214519,0.6789084565,283.0925373
0.5144213696,0.678908358,283.0925429
0.5131355778,0.6794936641,268.0785841
0.5082760335,0.6598330625,375.4007011
0.5064396702,0.6577651731,375.7928157
0.4986302554,0.6489188364,377.0487073
0.4780312887,0.6256507622,379.9064327
0.4623962451,0.6081618744,382.0834786
0.4611171407,0.6067392399,382.2647016
0.4576268478,0.6028600009,382.7414848
0.450078452,0.5945005258,383.7586411
0.4401714063,0.5835918982,385.0416998
0.4307482638,0.5732821613,386.1689033
0.4280658825,0.5703608167,386.4745963
0.426563844,0.5687254389,386.6333531
0.4250628004,0.5670965266,386.8037071
0.4198859552,0.561484004,387.3306148
0.4178749576,0.559307706,387.5163122
0.4072994588,0.5479238253,388.3968236
0.4033995141,0.5437460833,388.6518454
0.381616089,0.5206634726,389.4049187
0.3814526391,0.5204921125,389.4061533
0.3792024891,0.518135902,389.415327
0.378823802,0.5177399311,389.4155557
0.5167640106,0.6716348133,355.9164727
0.5152850064,0.6676730505,373.54083
0.5152727349,0.667659093,373.5468715
0.5137097323,0.6659182564,374.013019
0.5117178817,0.663692967,374.5665535
0.5072818705,0.6587140233,375.6192176
0.5061141724,0.6573981585,375.8577338
0.5051239532,0.6562806384,376.0477699
0.5005296466,0.6510757799,376.7870822
0.4991651853,0.6495263513,376.9762322
0.4862605227,0.6349182366,378.763336
0.4843802002,0.6327974121,379.025656
0.4843739107,0.6327903149,379.026499
0.4806899429,0.6286410495,379.5398267
0.4776146826,0.625182064,379.9612734
0.4683728084,0.6148293346,381.2600338
0.4673202874,0.6136534965,381.4059874
0.4648791023,0.6109279471,381.737904
0.4622196183,0.6079641389,382.1027628
0.4524329619,0.5971040269,383.4460409
0.4393405651,0.5826798346,385.142263
0.4388214282,0.5821106866,385.2074752
0.437300124,0.5804439687,385.3980357
0.4344599112,0.5773354054,385.7385453
0.4326032632,0.5753077787,385.9610238
0.4281541684,0.5704573246,386.4665339
0.4280135843,0.5703044433,386.4826526
0.4248364969,0.5668506758,386.8273533
0.423888268,0.5658215445,386.9279584
0.4230850999,0.5649500882,387.0106899
0.4202348764,0.5618619124,387.2976181
0.4136065886,0.5547037828,387.9044272
0.4120302767,0.5530063729,388.0355325
0.4103688067,0.5512191671,388.16714
0.4070629546,0.5476683695,388.4066983
0.4026546907,0.5429501488,388.6984553
0.4011923365,0.5413883584,388.7845164
0.3978771819,0.5378539069,388.9582092
0.3879381563,0.5273153212,389.3098604
0.5167638722,0.671825145,354.5087468
0.5167515721,0.6714045369,357.5216647
0.516741712,0.6709739717,360.6269335
0.5165649789,0.6690953338,373.1353252
0.5149255332,0.6672725496,373.653132
0.511797364,0.6637819761,374.5447894
0.5103840507,0.6621992828,374.9079469
0.4999385111,0.6504037051,376.861921
0.4965879402,0.6466015375,377.3300419
0.4943066061,0.6440138055,377.6354454
0.4868837875,0.6356214,378.6754796
0.4854838689,0.6340420169,378.8719343
0.4851139552,0.6336248464,378.9237502
0.4777364097,0.6253201732,379.9511588
0.4769572412,0.6244456427,380.062967
0.4706255861,0.6173479229,380.9444704
0.4689404483,0.6154606461,381.16598
0.4635292889,0.6094216018,381.9163763
0.4532494023,0.5980055699,383.3271777
0.4484527064,0.592706262,383.9729476
0.4432134291,0.5869347583,384.6505504
0.4387827923,0.5820680239,385.2120819
0.4364947429,0.5795621046,385.4964809
0.4101243292,0.5509565133,388.1865158
0.4025653722,0.542855085,388.7052453
0.3990902765,0.5391456556,388.8960047
0.396989347,0.5369082655,388.9977206
0.3928200199,0.5324799752,389.1677126
0.3902865857,0.5297971933,389.2500424
0.3841964491,0.5233727798,389.3768199
0.3839838969,0.5231494343,389.3801211
0.3796530193,0.5186072004,389.4145321
0.3787807963,0.5176949735,389.4155592
0.5167587205,0.6727537884,347.6030918
0.5164791379,0.6748427128,329.966655
0.5158436704,0.6771123822,308.0501239
0.5146551565,0.6786745466,286.7854781
0.5146313437,0.6787448361,286.0388371
0.505948854,0.6572116908,375.8902443
0.5042967918,0.6553459581,376.1982624
0.5035649914,0.6545181761,376.3250325
0.5021193669,0.6528805776,376.5583524
0.50021537,0.6507190158,376.8317027
0.5001982926,0.6506996042,376.8339828
0.495369395,0.6452199085,377.4979385
0.4936942145,0.6433222097,377.7312158
0.4921089594,0.6415273263,377.949989
0.490706526,0.6399404386,378.1430709
0.4828825582,0.6311094036,379.2330836
0.4796185352,0.6274362562,379.6915411
0.4764199107,0.6238424615,380.1385283
0.4721483876,0.6190522053,380.7305094
0.46885769,0.6153709016,381.1910014
0.4669271559,0.6132148927,381.4624116
0.465000937,0.6110652444,381.7281125
0.4623011579,0.6080559704,382.0966866
0.456928263,0.6020851691,382.8391252
0.4512953915,0.5958456338,383.5973607
0.4450056178,0.5889046335,384.419911
0.4402485883,0.5836763052,385.0305287
0.4387811737,0.5820668676,385.2149749
0.436937921,0.5800473365,385.4425257
0.4360304994,0.5790533619,385.5501762
0.4330054448,0.5757467462,385.9130705
0.4300119337,0.572481015,386.2593612
0.4278911723,0.5701710458,386.4954569
0.4012485037,0.5414463434,388.7741431
0.3981689772,0.5381635442,388.9401671
0.3914517475,0.5310304374,389.2147348
0.3911518263,0.5307128312,389.2240303
0.3882370978,0.527631149,389.3037219
0.3877313816,0.5270973736,389.3155195
0.3846071042,0.5238052767,389.3729331
0.3826935015,0.5217941585,389.3963235
0.3797129913,0.5186699343,389.4143209
0.5167389761,0.6708451426,361.5578139
0.5167172359,0.6703849697,364.7899854
0.5167161057,0.6705278934,363.7244093
0.5166951115,0.6701235987,366.5496305
0.5166905742,0.6701764973,366.1228391
0.5166608365,0.6697491873,369.0504319
0.5166189897,0.6692798157,372.195386
0.5166011696,0.6691354969,373.1233703
0.5163327163,0.6688374072,373.2109762
0.5161809283,0.6686687949,373.2600223
0.5161722419,0.6761435494,317.8917164
0.5160047564,0.6768003779,311.6513124
0.5157264505,0.6681636948,373.4050151
0.5150822635,0.6783007643,293.0396517
0.5150637788,0.6782701322,293.1374869
0.5149442161,0.6672934691,373.6481127
0.5145299981,0.6668322193,373.7735644
0.513914839,0.6792220509,276.5641546
0.513587502,0.6657815337,374.0503428
0.5132685223,0.6654256665,374.1418481
0.5130873941,0.6652234817,374.1930449
0.5128624798,0.6649714511,374.2509773
0.5126276472,0.6647100355,374.3211162
0.5118301628,0.6638185508,374.5369372
0.5108146307,0.6626817681,374.8002887
0.5104797959,0.6623065786,374.8843347
0.5101523147,0.6619394501,374.9652124
0.5098373827,0.6615862234,375.0417626
0.5096397288,0.6613644525,375.0891947
0.5094349453,0.6611346147,375.1378422
0.5092348914,0.6609100192,375.1848807
0.508974164,0.6606172096,375.2454681
0.5083874992,0.6599574268,375.375865
0.5080771924,0.6596087321,375.4461118
0.5074123525,0.6588609285,375.5915907
0.5039876669,0.6549964081,376.2523787
0.5034582674,0.6543973867,376.3430305
0.500172027,0.650669748,376.8374836
0.5000322539,0.6505108496,376.8559934
0.4965335406,0.6465400571,377.3385656
0.5167605746,0.6728118947,347.1874921
0.5167575375,0.6728877902,346.6025405
0.5167521209,0.6726717651,348.1533223
0.5167325516,0.6706501667,362.9489641
0.5167153182,0.6704666101,364.1713329
0.5166359496,0.6694792063,370.8527793
0.5165145572,0.675016344,328.9421077
0.5164993958,0.6751194227,328.057328
0.5156539262,0.677537391,303.3473204
0.515249515,0.678114723,295.7810788
0.5136823547,0.6658873963,374.0232999
0.5130192316,0.6651473806,374.212203
0.5092593757,0.6609375107,375.1791499
0.5085360347,0.6601249214,375.3454608
0.50732774,0.6587656675,375.6095186
0.5064708389,0.6578003086,375.786536
0.5034381975,0.6543744425,376.3451621
0.5029680538,0.6538423005,376.4238613
0.5015990002,0.6522903466,376.6368545
0.5004859429,0.6510265138,376.795174
0.498537437,0.6488136631,377.0624955
0.4965447193,0.6465527221,377.33708
0.4959188858,0.645843077,377.4234441
0.4952938412,0.6451345534,377.5093437
0.490800839,0.6400465322,378.1269791
0.4887002803,0.6376717336,378.4165237
0.4817550949,0.62983984,379.3897396
0.4799832622,0.6278465208,379.6397163
0.4712906245,0.6180901662,380.8364168
0.4681106467,0.6145366148,381.2975487
0.4660919432,0.6122826488,381.5784381
0.4658542853,0.6120174756,381.6114775
0.4645370009,0.6105477863,381.7883639
0.4638193154,0.6097473133,381.8884466
0.4628983491,0.6087222705,382.0171989
0.4610298007,0.6066418957,382.275878
0.4602902983,0.6058197691,382.3793033
0.5167599707,0.6728840868,346.6486781
0.5167426356,0.6708648325,361.4408155
0.5166491683,0.6695594164,370.3631144
0.5166272119,0.6744507755,334.0139357
0.5166083654,0.669164807,372.9633003
0.5161952043,0.6762907462,316.9508039
0.5156833179,0.6681157338,373.4186043
0.5142093956,0.6790036544,280.6665332
0.5132587788,0.6794836748,269.154133
0.5115710548,0.6635286704,374.6053452
0.5087526689,0.6603695072,375.2882731
0.5068617658,0.6582388481,375.6950491
0.5062572647,0.6575580574,375.8212896
0.5049865615,0.6561252455,376.0722446
0.5043183785,0.6553703637,376.1944335
0.5035174812,0.6544643609,376.332811
0.5028028757,0.6536552436,376.4508452
0.5005580308,0.6511084216,376.7853133
0.4918570511,0.6412423613,377.9854256
0.4892213743,0.6382606767,378.3447064
0.4740399218,0.6211714197,380.4654243
0.4732850516,0.6203256498,380.5724086
0.4722894519,0.6192106437,380.7130894
0.4712838998,0.6180846374,380.8526377
0.4705724683,0.6172887067,380.9529393
0.4687455083,0.615246121,381.2077686
0.5166712987,0.673592252,340.7238645
0.5166087746,0.6691439578,373.1209781
0.5164663968,0.6753456027,326.11595
0.5161365695,0.676496731,314.9549349
0.5160054278,0.676820535,311.5033019
0.5155598065,0.6679783967,373.4574869
0.5146102457,0.6669216022,373.7494365
0.513794209,0.6660121459,373.9908789
0.5129713174,0.6650938812,374.2256344
0.5123102478,0.6643553531,374.407972
0.5114141194,0.6633530422,374.6463718
0.5106861209,0.6625377922,374.8327083
0.5099751816,0.6617407982,375.0084159
0.5091157604,0.6607759978,375.2113054
0.5081583843,0.6597003402,375.4298301
0.5073268876,0.6587647096,375.6097084
0.5063900798,0.6577092682,375.802784
0.5051503496,0.6563104358,376.0429306
0.5031065918,0.6539992415,376.4014613
0.5019590677,0.6526988013,376.5828284
0.5004142703,0.6509450752,376.8049501
0.4994365828,0.6498333569,376.9326208
0.4986897737,0.6489860975,377.038886
0.4976705023,0.6478298235,377.1820838
0.4945128285,0.6442495473,377.6180823
0.4930427093,0.6425844075,377.8211885
0.4919395936,0.6413356306,377.9733059
0.4908779802,0.6401344108,378.1195857
0.4895158701,0.638592832,378.3009136
0.4884826998,0.6374264865,378.4504498
0.4817391162,0.6298218916,379.3935197
0.4811661439,0.6291770672,379.4741829
0.4791851673,0.6269485667,379.7499847
0.4774532395,0.6250017375,379.9889427
0.474729203,0.621945449,380.3748425
0.4716575702,0.6185033629,380.8026127
0.4707024785,0.6174335982,380.9319745
0.4687428604,0.6152431972,381.2101191
0.4662102446,0.6124140766,381.5591571
0.4609205005,0.6065203755,382.2912502
0.4560855877,0.6011498343,382.9493365
0.4546518191,0.5995601463,383.1434782
0.4529218507,0.5976449458,383.3794832
0.4516027035,0.5961838684,383.5491961
0.4504150999,0.594872126,383.7091111
0.4476237187,0.5917912489,384.0848865
0.4350854588,0.5780201123,385.6668024
0.5167660194,0.6727526713,347.6675964
0.5167653773,0.6727990174,347.3197622
0.5167460156,0.6709436995,360.8842218
0.5167382947,0.6711787609,359.0868645
0.5167223546,0.6705788581,363.3947551
0.5166295837,0.6743667,334.6571841
0.5166110739,0.6691762906,372.8996388
0.5162831577,0.6760195544,319.6682824
0.5139625288,0.6791336483,277.6311147
0.5130338547,0.6795380887,266.8766307
0.506381875,0.6577000162,375.8043887
0.5053411716,0.6565259022,376.0070942
0.5045513359,0.6556336693,376.152635
0.5017133043,0.6524200151,376.619769
0.4968405428,0.6468866609,377.286388
0.49533864,0.6451848606,377.5011835
0.4944567487,0.644185991,377.6257412
0.4902029938,0.6393714812,378.2152784
0.4892126737,0.6382518887,378.3520909
0.4882653222,0.637180118,378.4764647
0.4874285567,0.6362363117,378.5990907
0.4865410859,0.6352343168,378.7217704
0.4573654935,0.6025675137,382.7659986
0.4549211944,0.5998593204,383.1096706
0.4501395136,0.5945662915,383.7419304
0.4393198154,0.5826576683,385.1485172
0.5167768861,0.6720053625,353.2774892
0.516767411,0.6715764744,356.3740144
0.5166650888,0.6739715257,337.8637331
0.5166194022,0.6692403425,372.4909674
0.5162933722,0.6759930895,319.9450003
0.5156223886,0.6775442649,303.0538712
0.5153272995,0.6677198407,373.529633
0.5148001231,0.6785561958,288.8486952
0.51441202,0.6789224849,282.9057073
0.5143318001,0.6666110444,373.8307319
0.5139505189,0.6661864365,373.9452827
0.5133999451,0.6655723323,374.1044391
0.5130274008,0.6651565016,374.2099102
0.5125994998,0.664678148,374.3264004
0.5122646837,0.679673758,259.3896053
0.511575781,0.6635338046,374.6032426
0.5105887255,0.662428657,374.8571435
0.5098609328,0.6616124248,375.0348689
0.5094777272,0.6611824079,375.1264521
0.50894792,0.6605877302,375.2515222
0.5083674828,0.6599352703,375.3821381
0.5078448928,0.6593475509,375.4974938
0.5074330123,0.6588840969,375.5867058
0.5067033515,0.6580622199,375.7385416
0.5058630559,0.6571148996,375.9069948
0.5050512145,0.6561984134,376.0610476
0.5046149717,0.6557055487,376.1409374
0.503914323,0.6549133868,376.2650328
0.503146681,0.6540446368,376.3948653
0.5015167798,0.6521970295,376.6488808
0.4945998361,0.6443472348,377.601299
0.4885152462,0.6374636017,378.4477344
0.4877414244,0.6365897093,378.5561167
0.4870238953,0.6357798529,378.6575009
0.4856647081,0.6342453876,378.8435069
0.4846091284,0.6330556675,378.9945438
0.4658614594,0.612025457,381.6103703
0.5167762718,0.6722738087,351.2881871
0.5167495374,0.6722443528,351.2993601
0.5167468668,0.6712273395,358.7945632
0.516744324,0.6715262707,356.5658101
0.5166758656,0.6698597901,368.350144
0.5166105379,0.6691543034,373.0582682
0.5165266243,0.6750063395,329.1087165
0.5142370708,0.6665058504,373.8609247
0.5131941156,0.665342218,374.1606924
0.5115377492,0.6634914821,374.6134959
0.5095695231,0.6612855168,375.1051058
0.5073804417,0.6588250038,375.5983654
0.5055683859,0.6567822739,375.9632666
0.5044693079,0.6555409242,376.1672003
0.5022261077,0.6530015998,376.5418932
0.5011362095,0.6517650863,376.7042616
0.4975480088,0.6476899214,377.1934222
0.4932506873,0.6428198704,377.7922568
0.4917724402,0.6411463591,377.995825
0.4886140242,0.6375740918,378.4282369
0.4841042708,0.6324859573,379.061768
0.4826655952,0.6308668116,379.2549016
0.47972684,0.6275581977,379.6735765
0.4785370838,0.6262179696,379.8298834
0.4763204748,0.6237306286,380.1513543
0.471020381,0.6177906168,380.8901103
0.4675398953,0.6138966593,381.3652803
0.4624355533,0.608206045,382.0801836
0.4612220583,0.6068554574,382.2475576
0.459961828,0.6054546233,382.4247281
0.4588919525,0.6042658715,382.5687303
0.4575959633,0.6028261973,382.7476557
0.4566263261,0.6017502102,382.8801572
0.4549067826,0.5998435347,383.1121139
0.453928822,0.5987593289,383.2423593
0.4525798936,0.5972662966,383.4251554
0.4515037299,0.5960765108,383.5689784
0.4501889211,0.5946217101,383.7404069
0.4492017817,0.5935307455,383.8681667
0.4457500535,0.5897259352,384.3288606
0.444860928,0.5887468046,384.4442768
0.4405215195,0.5839766565,384.9958222
0.4376646495,0.5808400605,385.3391058
0.5167686141,0.672610073,348.7424315
0.5167606187,0.6719726924,353.3930454
0.5167318031,0.6726391059,348.2439017
0.5167037027,0.6737035531,340.1472408
0.5166093437,0.6691489786,373.0879888
0.5153713902,0.6677698957,373.5085287
0.5141421215,0.6664010965,373.8812116
0.5127532275,0.6648502424,374.285967
0.5092620375,0.6609407225,375.1769415
0.5086347171,0.6602358201,375.3230861
0.50802497,0.659550101,375.4581824
0.5072026453,0.6586248133,375.6358958
0.5044998329,0.6555762381,376.1568266
0.5037106362,0.6546837667,376.2948945
0.5010661799,0.6516856324,376.7122485
0.5002665542,0.6507771932,376.8248509
0.4971984043,0.6472941962,377.2435241
0.4961716462,0.6461299738,377.3868018
0.4952504443,0.6450853728,377.5150613
0.4912172039,0.6405181073,378.072464
0.4896987172,0.6388008968,378.2820823
0.4889172535,0.6379175786,378.3900279
0.4881862269,0.6370921542,378.4938149
0.4816756503,0.6297494533,379.3953839
0.4801938134,0.6280818854,379.6041419
0.4792622346,0.6270354325,379.7364473
0.4763539475,0.6237680986,380.1458841
0.4744173408,0.621595258,380.4156976
0.4718829407,0.6187551371,380.7680819
0.4710842362,0.6178614403,380.8818478
0.4678916001,0.6142909251,381.3180087
0.4669965499,0.6132917141,381.4492113
0.4487040608,0.5929829864,383.9414536
0.4480988473,0.5923153551,384.0222235
0.4271460423,0.5693611111,386.5778444
0.5167702094,0.6715877104,356.3126937
0.5167435008,0.6708568429,361.5066204
0.5167370016,0.6732503485,343.7608433
0.5166340238,0.6693973777,371.4434118
0.5165025762,0.6751088812,328.1602324
0.5164609808,0.6753767644,325.8418446
0.5156907295,0.6681239794,373.4162945
0.5151989083,0.6780231442,296.1082853
0.5145437302,0.6788082521,284.8505426
0.5111430337,0.663049586,374.7154969
0.5094602796,0.6611630523,375.1318516
0.5089065411,0.6605412479,375.2610504
0.5039691771,0.6549754745,376.2557417
0.5030236276,0.653905304,376.4149371
0.5022169773,0.6529912692,376.543164
0.4996652408,0.6500938382,376.9055481
0.4803296,0.628234553,379.5847634
0.4678503341,0.6142460559,381.3331921
0.5167541357,0.6730011592,345.7373752
0.5167421103,0.673283335,343.5558086
0.5166638923,0.6697254215,369.250319
0.5166626197,0.6740341654,337.3792154
0.5166088832,0.6691440784,373.1209425
0.5165073694,0.6751378092,327.9805777
0.5164285884,0.6754806306,324.8180879
0.5160814253,0.6766029944,313.7313715
0.5157360339,0.6773291677,305.5723314
0.515685637,0.6774478258,304.2777843
0.5149714027,0.667323733,373.6397949
0.5136060865,0.6658028719,374.0413193
0.5127785111,0.6648785374,374.279257
0.5119403169,0.6639418109,374.5071854
0.5108038491,0.6626696721,374.8029078
0.5095238182,0.6612343693,375.1167922
0.5061675301,0.657458337,375.8471487
0.5043209996,0.655373327,376.193968
0.5034146178,0.654347913,376.3499937
0.5024921171,0.6533031249,376.5003364
0.5015373304,0.6522203722,376.6459557
0.5004871402,0.6510278903,376.7949015
0.4990777132,0.6494266908,376.9864176
0.497895282,0.6480848762,377.15106
0.4966938041,0.6467215475,377.3151513
0.4949227663,0.6447140235,377.5612466
0.4926358757,0.6421228572,377.8721675
0.4917066171,0.6410722223,378.0067575
0.489990429,0.6391311372,378.2447078
0.4880151671,0.6368989048,378.5182429
0.4869465632,0.6356924452,378.6672961
0.4809254077,0.6289063664,379.5083809
0.4801858397,0.6280744303,379.6081908
0.4779955323,0.6256120923,379.9139223
0.4763624836,0.6237783982,380.1434944
0.4749717135,0.6222178906,380.3381111
0.4506818286,0.5951676452,383.680597
0.5167735512,0.6721511664,352.1738609
0.5167491861,0.6709542715,360.8307929
0.5167068021,0.673218398,343.7653944
0.5166955832,0.6700846324,366.8415474
0.5166816195,0.6740021606,337.7628935
0.5166094112,0.6691446646,373.1207694
0.5165932186,0.674519408,333.2438361
0.516454471,0.6753025286,326.3473378
0.5160064752,0.6768114446,311.5802514
0.5159249863,0.6769559682,309.8613454
0.5156103134,0.6680345626,373.441623
0.5153410719,0.6779871251,297.4773382
0.5149488741,0.6672986545,373.6466901
0.5134876698,0.6656702151,374.0793447
0.5128218477,0.6649269631,374.2673461
0.5123103798,0.6643555007,374.4079361
0.5115093993,0.663459676,374.6214998
0.5107222507,0.662578273,374.8236143
0.5100195788,0.6617905938,374.9976229
0.5093734591,0.6610655927,375.1523509
0.5087293273,0.6603421459,375.3016269
0.5078228446,0.6593229111,375.5033883
0.5070288025,0.6584290261,375.6722384
0.5063379273,0.6576504708,375.8132372
0.5057634299,0.6570024946,375.9263405
0.5050674968,0.6562168653,376.0583635
0.5036910419,0.6546608169,376.303615
0.5030549051,0.6539407093,376.4099359
0.5024103367,0.6532104364,376.5131894
0.5018141903,0.6525344765,376.60474
0.5011762136,0.6518105043,376.6985134
0.5001250346,0.650616395,376.8440758
0.4934271549,0.6430196165,377.7673921
0.4858597114,0.6344653661,378.8157604
0.4813705602,0.6294071849,379.44584
0.4800157448,0.6278786075,379.6108931
0.4794480107,0.6272436341,379.7104456
0.4781463784,0.6257794141,379.8865186
0.4773328397,0.6248675251,380.0104236
0.4755482926,0.6228618398,380.2479043
0.5166564659,0.669623091,369.9492408
0.5166326051,0.6694938947,370.7177104
0.5165944213,0.6691280175,373.1256547
0.5165721155,0.6746716122,331.9500842
0.5161512708,0.6763960192,315.8279385
0.5154287695,0.6778079233,299.5396644
0.5149556805,0.6673063709,373.6435847
0.5137245032,0.6792987257,274.4243984
0.5133302876,0.6654945994,374.1242949
0.5122334658,0.6642695176,374.4287433
0.5114912886,0.6634394083,374.6262362
0.5092951361,0.6609776613,375.1707663
0.5081210221,0.6596583186,375.4380654
0.5070442058,0.6584463758,375.6690324
0.5047942665,0.6559082126,376.1087002
0.5038283169,0.6548161323,376.2800928
0.501570937,0.6522584208,376.6405541
0.4998318782,0.6502832797,376.883647
0.4965847181,0.6465978656,377.3303117
0.489259477,0.638304915,378.3419549
0.4882892415,0.6372061281,378.467878
0.4829808855,0.6312203351,379.2202092
0.4806999546,0.6286516861,379.5353676
0.4724750784,0.6194190922,380.6897674
0.4558240449,0.6008583493,382.9800842
0.4538918225,0.5987191181,383.2504442
0.452702545,0.5974024678,383.4106348
0.4498409702,0.5942385562,383.791515
0.5167541426,0.6711034197,359.7670199
0.5167446395,0.6711041299,359.6877779
0.5166795095,0.673950572,338.1296197
0.5166209962,0.6692572915,372.3780191
0.5161761063,0.676373891,316.1838924
0.5159636336,0.6684273429,373.3296929
0.514124446,0.666380328,373.894215
0.5128511944,0.6649597386,374.2591789
0.510220696,0.6620161268,374.9483282
0.5077125677,0.6591988476,375.5271364
0.5043063913,0.6553568112,376.1965603
0.5030805125,0.6539697087,376.4057409
0.5017361393,0.6524459368,376.6164447
0.4950107957,0.6448133369,377.5467085
0.4937374419,0.6433710784,377.7247575
0.4901461671,0.6393063988,378.2188109
0.4798039358,0.6276446426,379.6646916
0.4784327691,0.6261031551,379.8475824
0.4750220557,0.6222725838,380.3266106
0.4739643667,0.6210873755,380.478372
0.4659207828,0.6120909196,381.597893
0.4647674137,0.6108046534,381.7595584
0.4590963625,0.6044922835,382.5414244
0.4578209841,0.6030757274,382.7158274
0.4458871392,0.589876879,384.3116325
0.4444128852,0.5882536002,384.5030189
0.4426399307,0.5863032731,384.7296833
0.4372506543,0.5803898404,385.4042862
0.434910018,0.5778286494,385.6843467
0.4337120078,0.576518699,385.8303153
0.4318643922,0.5745011964,386.0467114
0.4296244211,0.5720570417,386.2929618
0.4281940564,0.570499567,386.4531175
0.425125802,0.5671650602,386.7974344
0.4199358342,0.5615363784,387.3193342
0.4163448449,0.5576572198,387.6625144
0.3921124395,0.5317297771,389.1910287
0.5167754245,0.6722748998,351.2735725
0.5167496695,0.6710847692,359.870032
0.5167207113,0.6704754261,364.1483274
0.5167160274,0.6705160342,363.8114722
0.5166162983,0.6692748644,372.2108232
0.5144026396,0.6666902217,373.8110158
0.5124341092,0.6644922947,374.3656337
0.5105033447,0.662332971,374.8784651
0.5093982865,0.6610925153,375.1407479
0.5055065281,0.6567125625,375.9756753
0.5044527794,0.6555222995,376.1704789
0.499754531,0.6501950507,376.89222
0.4971927784,0.6472872437,377.2445376
0.4963269862,0.6463061002,377.3642519
0.490005852,0.6391484697,378.2420212
0.4848319553,0.6333069874,378.9622467
0.4826512155,0.6308493325,379.2674715
0.4812875284,0.6293138217,379.4579316
0.4735987141,0.6206778897,380.5320732
0.4725746609,0.6195297748,380.6700981
0.4703089468,0.6169939755,380.9901099
0.4691256324,0.6156708406,381.1548004
0.4655022567,0.6116235978,381.653195
0.4641711007,0.6101402426,381.8439209
0.4616439933,0.6073253843,382.1905477
0.4594239139,0.6048563937,382.4970781
0.4557804167,0.6008114345,382.9928231
0.4544006895,0.5992826858,383.1817944
0.4531990029,0.5979519231,383.3438658
0.449685861,0.5940659752,383.8070611
0.4470286708,0.5911325576,384.1517928
0.4460861161,0.5900942542,384.2774307
0.4449436302,0.5888366673,384.4291997
0.4435664979,0.587321415,384.6078472
0.4415022759,0.5850529586,384.8734293
0.4389944326,0.5823008883,385.1893073
0.431038643,0.5736005829,386.141964
0.4238276054,0.5657547754,386.9304581
0.4146339464,0.5558108475,387.8152645
0.410699347,0.5515736015,388.1378923
0.4076376967,0.5482858721,388.3698178
0.4041680539,0.5445684108,388.6044691
0.4022931778,0.5425632296,388.7178009
0.5167720946,0.6718430236,354.4403197
0.5166411808,0.6694692889,370.9673993
0.516585614,0.6691182443,373.1285686
0.5165010522,0.6748117915,330.3640404
0.5164609094,0.6753219115,326.2513743
0.5163059418,0.6759862771,320.0918207
0.5149050711,0.6672489335,373.6546528
0.5113854396,0.6633210505,374.6526711
0.5043605678,0.6554180603,376.1869355
0.5035476707,0.6544985738,376.3279619
0.5015877874,0.6522776239,376.6385144
0.5002992158,0.6508143917,376.8199883
0.4993680265,0.6497555385,376.9422162
0.4986414582,0.6489317659,377.0483079
0.4953522933,0.6452004842,377.5000551
0.4892970352,0.6383468881,378.3367617
0.4885097949,0.6374579583,378.4493589
0.4873325031,0.6361282584,378.6145333
0.473925488,0.6210443199,380.4873025
0.472379704,0.6193114998,380.6993785
0.4710313177,0.6178012407,380.8844255
0.4692261875,0.6157834112,381.1424304
0.4596563882,0.6051141147,382.4553519
0.4001502572,0.5402758433,388.8402464
0.3977232679,0.5376896063,388.9640855
0.3970820272,0.5370066609,388.9926694
0.3956119833,0.5354435362,389.0584285
0.5166811096,0.6699121601,368.0038592
0.5166678884,0.67361983,340.4920604
0.5166470995,0.6738905931,338.3113225
0.5166089027,0.6691592346,373.0088317
0.5164848768,0.6750872003,328.1836834
0.5159929664,0.6767496572,311.9467506
0.5155285118,0.6776724128,301.3494294
0.5142139451,0.6790387728,280.4160425
0.5120100862,0.664019769,374.4889031
0.5113142634,0.663240581,374.6658457
0.5088298482,0.6604550989,375.2785827
0.5066179392,0.6579661097,375.7567492
0.5058368355,0.6570853175,375.9120973
0.5052696138,0.6564451094,376.0205805
0.5044972212,0.6555725334,376.162514
0.503799025,0.6547829934,376.2851293
0.5030995976,0.6539913225,376.4026006
0.5024181606,0.653219306,376.5119723
0.5016518509,0.6523503112,376.6290126
0.5011137587,0.6517395983,376.7074651
0.4989020299,0.6492272727,377.0090901
0.495087874,0.6449009361,377.53737
0.4934043008,0.6429935134,377.7691654
0.4837730172,0.6321112388,379.0985721
0.482700318,0.6309029326,379.2524144
0.4802984074,0.6281999169,379.5910697
0.4794706771,0.6272703952,379.7052259
0.4769016367,0.6243840188,380.0663466
0.4747305965,0.6219466395,380.3715868
0.4733240841,0.6203702161,380.5685248
0.4706983617,0.6174299513,380.9372715
0.4690959171,0.6156379689,381.15919
0.4685233469,0.6149969069,381.2334603
0.4647383385,0.6107724197,381.7609907
0.457675616,0.6029136266,382.7311824
0.5167512401,0.6731167374,344.8595652
0.5167468548,0.6709891168,360.5550711
0.5166113537,0.6692126814,372.632319
0.5165418158,0.6749654495,329.5295185
0.5158114354,0.668258174,373.3781136
0.5146224508,0.6669351899,373.7457277
0.5135939733,0.6657886251,374.047762
0.5094384441,0.6611385419,375.1370144
0.5086863062,0.6602938034,375.3114213
0.5047174459,0.6558217099,376.1206812
0.5036731708,0.6546406851,376.3059446
0.5024115613,0.6532118261,376.5130069
0.5012759928,0.6519239835,376.6826868
0.4976952739,0.6478597893,377.1656038
0.4968155738,0.6468593857,377.2969011
0.4957465605,0.6456483213,377.4437684
0.4919096605,0.6413020993,377.976919
0.4896580836,0.6387555143,378.2912819
0.4848156321,0.6332884739,378.9655666
0.4837497123,0.6320855776,379.1046341
0.4814413757,0.6294867331,379.4301198
0.4795705146,0.6273816568,379.6952087
0.478281426,0.6259325141,379.8749229
0.4772811649,0.6248084634,380.0116598
0.4760778306,0.6234573809,380.1807239
0.4726631994,0.6196297519,380.6633074
0.4715215258,0.6183513643,380.8191313
0.4693184924,0.6158860626,381.1267644
0.4665418351,0.6127850779,381.5137598
0.4654862665,0.6116069057,381.662535
0.4631547966,0.6090079428,381.9851573
0.4620415711,0.6077648169,382.1220067
0.4592600327,0.6046735811,382.5162648
0.4571005992,0.6022736436,382.8025675
0.4560078477,0.6010643215,382.9632588
0.4433222541,0.5870498869,384.62228
0.4359711566,0.5789878706,385.5549931
0.4346660296,0.5775609909,385.7149382
0.4331130424,0.5758628297,385.894358
0.4174844763,0.5588871077,387.5575891
0.3932900795,0.5329783199,389.1459813
0.5167740522,0.6723368588,350.8048603
0.5167631675,0.6723576184,350.5672951
0.5167248571,0.6707195541,362.3759519
0.516685124,0.6699607936,367.6755744
0.5166607148,0.6738882613,338.4480502
0.5166074161,0.6691424496,373.1214235
0.5165066658,0.6751649904,327.7724881
0.5161318312,0.6763990179,315.6574983
0.5139047187,0.6661353746,373.9586888
0.5128049964,0.6649081422,374.2720309
0.5115920173,0.6635521268,374.5998419
0.5084399524,0.6600169205,375.3670857
0.5067523938,0.6581176279,375.7293064
0.5058081056,0.6570529028,375.9176791
0.5031092434,0.6540022441,376.4010257
0.5009976524,0.651607765,376.7240042
0.5001494433,0.650643932,376.8397102
0.4988267441,0.6491415829,377.0200001
0.4851996944,0.633721228,378.9101573
0.4827180336,0.6309219053,379.2449139
0.4811143311,0.6291180692,379.4779243
0.4801579299,0.628041612,379.6096153
0.4779756343,0.625589524,379.9207246
0.4733904628,0.6204443133,380.5603548
0.4550999893,0.6000570331,383.0803534
0.4538227182,0.5986425642,383.2557407
0.4436078954,0.5873679467,384.6058346
0.4424518919,0.5860967266,384.753629
0.5167580448,0.6711445048,359.4937415
0.5167473809,0.6712263272,358.8060441
0.5166624185,0.6696934718,369.4751719
0.51643846,0.6754312831,325.2623569
0.515838503,0.6771288442,307.8851029
0.5148018014,0.6671349183,373.6915004
0.513470922,0.6794028269,271.5370333
0.51341829,0.6794321086,270.8696604
0.5125711662,0.6646469326,374.3366657
0.5107557456,0.6626157996,374.8151692
0.5099526655,0.6617155431,375.0138804
0.509341521,0.6610297378,375.1598691
0.5084777593,0.660060123,375.3536112
0.5067170208,0.6580777685,375.7365463
0.5057382775,0.6569741134,375.9312069
0.5041673759,0.6551996274,376.2211092
0.5037619421,0.6547404506,376.2882847
0.5014644396,0.6521378953,376.6550442
0.5005679477,0.6511196889,376.7839525
0.4998582974,0.650313051,376.8787478
0.4989990185,0.6493365042,376.992728
0.4970060455,0.6470753198,377.2700288
0.4913268223,0.6406424197,378.0588676
0.4874203771,0.6362273576,378.6016921
0.4853787528,0.6339220582,378.8793957
0.4749419386,0.6221840067,380.3425935
0.4703716568,0.6170639274,380.9803758
0.46945021,0.6160347525,381.1004833
0.4528525723,0.5975684648,383.3899582
0.4517507966,0.5963495173,383.537689
0.432909716,0.5756425913,385.9235672
0.516776283,0.6719181674,353.9173492
0.5167727774,0.6719932517,353.3352047
0.5167431045,0.6713146478,358.1201055
0.5167212273,0.6706634732,362.761788
0.5166297063,0.6693472056,371.7808726
0.5165993574,0.6692147521,372.5222874
0.512114096,0.6641360155,374.4606802
0.5097059856,0.6614375042,375.0661451
0.5090082719,0.6606554087,375.2358661
0.50630036,0.6576080324,375.8202971
0.5040242941,0.6550377996,376.2460698
0.5016867795,0.6523899391,376.6238138
0.5006775476,0.6512441798,376.7687229
0.5000177979,0.6504945276,376.8585101
0.4990700664,0.649418045,376.9876651
0.4982631917,0.6485022423,377.0994969
0.4974653453,0.6475969749,377.2099557
0.4938400953,0.6434874406,377.7110366
0.4927258043,0.6422256804,377.8653557
0.49159126,0.6409418297,378.0214082
0.4898530253,0.638976011,378.2628771
0.4879444152,0.636819301,378.5296729
0.4870591375,0.6358179128,378.6436396
0.4863270441,0.6349934168,378.7549744
0.4852162285,0.6337405353,378.9076839
0.4840203078,0.6323921756,379.0745951
0.4830117431,0.631255107,379.2159514
0.4817783247,0.6298629825,379.3724686
0.4808425669,0.628813152,379.5205178
0.4799518774,0.6278111498,379.6450179
0.4774355072,0.6249830474,379.9953853
0.4669409915,0.6132299773,381.4566302
0.4652589902,0.6113532591,381.693271
0.4629249615,0.6087513453,382.0137476
0.4621048697,0.6078362976,382.1146972
0.4549994575,0.5999459234,383.0997222
0.4521710237,0.5968150461,383.4723955
0.427940192,0.5702238049,386.4851847
0.4140886764,0.5552234178,387.8637977
0.4132780073,0.5543499376,387.9327421
0.5167711105,0.6715745941,356.4166267
0.5167685945,0.6715898467,356.2843708
0.5167439024,0.6715162664,356.6364619
0.5167377592,0.6712750589,358.3710972
0.516717985,0.6735073253,341.7107786
0.516615291,0.6742583325,335.3519388
0.5163494542,0.6758212299,321.6628195
0.5163372354,0.6757386108,322.1647646
0.5162928582,0.6759988118,319.8980593
0.5162431713,0.6758929814,320.3157188
0.5155547246,0.6679729274,373.4576094
0.5149572748,0.6673081917,373.6426725
0.5143556957,0.6666380445,373.8256204
0.5137351616,0.665946404,374.0072109
0.5127701269,0.6648692021,374.2816684
0.5121362855,0.6641607215,374.4541284
0.5094832704,0.6611888804,375.1257757
0.508148405,0.6596891176,375.4320375
0.5075533946,0.659019701,375.5614469
0.5066873354,0.6580444283,375.7418278
0.5058869159,0.6571418179,375.902345
0.5048156772,0.6559324057,376.1047996
0.5042425836,0.6552846679,376.2078547
0.5020753104,0.652830588,376.5649279
0.5003708312,0.6508957058,376.8108077
0.4993490112,0.6497337991,376.9440397
0.4987696868,0.6490767435,377.0275005
0.4979817406,0.6481830323,377.1393793
0.4972313815,0.6473316388,377.2427182
0.495763219,0.6456669829,377.4407131
0.4939840702,0.6436506935,377.6857992
0.4931775194,0.6427370196,377.7961304
0.4903239109,0.6395087008,378.1904338
0.4891124164,0.638139281,378.3628884
0.4884744895,0.6374178565,378.454957
0.4853798424,0.6339231364,378.8784642
0.48164464,0.6297160606,379.4071524
0.4802576345,0.6281539954,379.5912572
0.4764592496,0.6238858454,380.129133
0.4759118849,0.6232728014,380.2048659
0.4740191654,0.6211493084,380.4740869
0.4729361366,0.6199355353,380.6252864
0.4719584846,0.6188404912,380.7616617
0.4671622277,0.6134766675,381.4263805
0.4663015013,0.6125162357,381.5480121
0.4634625525,0.6093491903,381.9349125
0.4593484311,0.6047719997,382.5050303
0.5167689336,0.6714798494,357.0999567
0.5167631213,0.6716510296,355.7897281
0.5167287794,0.6733833684,342.7124938
0.5166983754,0.6701650691,366.2674927
0.5155751076,0.6679954127,373.4526845
0.5144178369,0.6667076084,373.8046825
0.5130743142,0.6652092173,374.1942734
0.5105750675,0.6624133515,374.8605609
0.5065030357,0.6578366015,375.7800375
0.5053757339,0.6565649222,376.0005597
0.5042907849,0.6553391666,376.1993269
0.4974785065,0.6476110902,377.203657
0.4935017393,0.6431034546,377.7536531
0.4914242215,0.6407522722,378.0435877
0.4885364888,0.6374880668,378.4472156
0.4873168845,0.6361106442,378.6161773
0.4853815705,0.6339250909,378.8781484
0.4832807189,0.6315584431,379.1799557
0.482326818,0.6304834495,379.3105448
0.4739811117,0.6211062679,380.477407
0.4713559141,0.618163497,380.8339501
0.4673944005,0.6137349896,381.3894881
0.4665343943,0.6127762188,381.5158637
0.4652725298,0.6113684961,381.6920193
0.461805541,0.6075042431,382.1649547
0.4593858513,0.6048140269,382.5019757
0.4568417827,0.6019880443,382.8452747
0.4532189419,0.5979713742,383.3290597
0.4522875537,0.5969390339,383.4468647
0.4507450914,0.5952375886,383.669882
0.4480427663,0.592253557,384.0300311
0.4458481299,0.5898344944,384.3131549
0.443158076,0.5868728799,384.6631075
0.4417630892,0.5853391469,384.8375952
0.4342631447,0.5771201278,385.7578657
0.4203362027,0.5619713966,387.2829956
0.516755302,0.67297025,345.9751108
0.5167527679,0.6710242228,360.3416678
0.5167270123,0.6734727905,342.0364343
0.5166615095,0.6696976319,369.4372373
0.5165446138,0.674921313,329.8799744
0.5162162846,0.6762314365,317.5642412
0.5159362768,0.6769367182,310.0937986
0.5156673391,0.6773395822,304.9690833
0.5156540649,0.6775174032,303.5021803
0.5152292274,0.6676106662,373.5604802
0.5137538489,0.6659671353,374.0025959
0.5128060556,0.6649093259,374.2717323
0.5119738194,0.6639792205,374.4986456
0.5103631328,0.6621758118,374.9132968
0.5093484758,0.6610375457,375.1582329
0.5083742772,0.6599430902,375.3818043
0.5074837439,0.6589410165,375.57486
0.5067272907,0.6580891929,375.7336296
0.5058173379,0.6570633192,375.9158864
0.5036858085,0.6546548916,376.3044877
0.5025188283,0.653333399,376.4961265
0.5013790704,0.6520400328,376.6651777
0.4995921057,0.6500114577,376.9152254
0.4953611784,0.6452106615,377.4994268
0.4942545124,0.6439563448,377.6500304
0.4923835446,0.6418381675,377.9094633
0.4894712928,0.6385443493,378.3129436
0.488214951,0.6371241726,378.4884336
0.4824694316,0.6306448627,379.2908333
0.4811070643,0.6291107642,379.4823011
0.4792604887,0.6270336549,379.7391225
0.4761807589,0.6235731885,380.1642135
0.4714480474,0.6182686755,380.8269642
0.468593693,0.6150750432,381.2235815
0.4607333642,0.606312247,382.3168473
0.458341849,0.6036549916,382.6413014
0.447179521,0.5913003231,384.1385075
0.4327151136,0.5754299095,385.9479772
0.4322263298,0.574896297,386.00502
0.4284441557,0.5707734592,386.4362657
0.4277397194,0.5700067131,386.5141518
0.5167771901,0.6720911608,352.6456015
0.5167767185,0.6721171337,352.4499481
0.5167503334,0.6711931426,359.0742572
0.5167353175,0.6714181061,357.2951189
0.5166947765,0.6701568297,366.3012252
0.5166085463,0.6691437043,373.121053
0.515204509,0.6675831622,373.5681234
0.510507848,0.6623380189,374.8773465
0.509546192,0.6612594805,375.1114779
0.508515243,0.6601015518,375.3501496
0.5073503919,0.6587911726,375.6047342
0.5064605013,0.6577886554,375.78862
0.5047587596,0.6558680972,376.1151975
0.5039376763,0.6549398431,376.2612062
0.5031741653,0.6540757584,376.3903382
0.501357954,0.6520168021,376.6722456
0.5004888343,0.6510296389,376.7939127
0.4996201579,0.6500428444,376.9128213
0.4971886511,0.6472830228,377.2478522
0.4920792306,0.6414936887,377.9540471
0.489028449,0.6380432725,378.3754404
0.4877262112,0.6365727727,378.5594997
0.4857646183,0.6343587809,378.8331109
0.4848706637,0.6333502534,378.9549913
0.4740934203,0.6212343108,380.4503625
0.4670867336,0.6133908323,381.4293945
0.4649942116,0.6110580132,381.7303392
0.4477183304,0.5918935163,384.0632047
0.4346432488,0.5775364184,385.7191393
0.5167729499,0.6724776648,349.7551477
0.5167706111,0.6724236351,350.1366382
0.5167699786,0.6724819958,349.7001866
0.5167609647,0.6713790824,357.7827664
0.5167572143,0.6713102442,358.2623542
0.5167410404,0.6725369769,349.0703454
0.516739788,0.6712528544,358.5509535
0.5167206886,0.670460254,364.2603288
0.5166273229,0.6693739876,371.5602592
0.516416192,0.6689300631,373.1835613
0.5156837078,0.6681161892,373.4179038
0.5149832689,0.6783530755,291.8668466
0.5149625026,0.6784328737,291.0774053
0.514243108,0.6665133556,373.8532203
0.5125596719,0.6796182671,262.3173931
0.5106314965,0.6624765633,374.8463032
0.5096580421,0.6613849839,375.084714
0.5095296405,0.661240904,375.1154099
0.5089364492,0.6605748201,375.2540277
0.5080766098,0.6596083508,375.4477542
0.5070346067,0.6584355452,375.6709287
0.5060842451,0.6573643902,375.8635567
0.5058319541,0.6570797953,375.9129652
0.5011913794,0.6518277183,376.6963362
0.516775002,0.671872255,354.2467881
0.5166924346,0.6702954245,365.2579777
0.5166315754,0.6741467874,336.3035982
0.5166236232,0.6743576657,334.6787745
0.5166096548,0.669145888,373.1136304
0.516179383,0.676270739,316.9872924
0.5158156092,0.6682634532,373.3720754
0.5150729055,0.667437598,373.6021532
0.5132814076,0.6654400477,374.1381909
0.5123668093,0.6644188674,374.3904466
0.5119604497,0.679697157,256.6373873
0.5114178214,0.6633578411,374.6406974
0.5080406944,0.6595681098,375.4548518
0.5061236665,0.6574088659,375.8558573
0.5047590814,0.6558684608,376.1151388
0.5032315141,0.6541410935,376.3780943
0.5002765778,0.6507890481,376.8209419
0.4961682651,0.6461258783,377.389288
0.4942328769,0.643932681,377.6545405
0.4859575966,0.6345764696,378.8016099
0.5167680968,0.6715564301,356.5274771
0.5167648096,0.6718312104,354.4711608
0.5167594472,0.6728156743,347.150844
0.516750112,0.6729812842,345.8535094
0.5166879369,0.6700001261,367.4066775
0.5166099259,0.6692008619,372.7085886
0.5159617902,0.6769167663,310.4397259
0.5156247349,0.6775853387,302.7554577
0.5153010742,0.6676906039,373.5382199
0.5138849179,0.6661133781,373.9638723
0.5130524361,0.6651844532,374.2028777
0.5114636086,0.66340843,374.6334643
0.5105197127,0.6623513137,374.8743746
0.5097639503,0.6615037733,375.0590778
0.5078599993,0.6593647131,375.495308
0.5070078346,0.6584054082,375.6765983
0.5051183148,0.6562742583,376.0489067
0.5042244214,0.6552641319,376.2110612
0.5033744975,0.6543025645,376.3570708
0.501600116,0.6522916119,376.6366287
0.498334673,0.6485816675,377.0804919
0.4716695556,0.6185149214,380.7915296
0.4686817885,0.6151741507,381.2146731
0.4676242986,0.6139920521,381.3590086
0.4662679151,0.6124789483,381.5536275
0.4649193925,0.6109738343,381.7371188
0.4640102746,0.6099606291,381.8644372
0.4591864374,0.604592777,382.5309921
0.4562091876,0.601286053,382.9304826
0.436125188,0.5791567074,385.5374954
0.5167539998,0.6710542769,360.129127
0.5166094796,0.6691447406,373.1207469
0.5162215293,0.6687139002,373.246934
0.5157885842,0.6682327709,373.3853553
0.5151439645,0.6675157491,373.5865786
0.5148791025,0.6672209825,373.6679836
0.5143124066,0.6665898012,373.8385643
0.5140033978,0.6662455181,373.928802
0.5130572829,0.6651898643,374.2015144
0.512258431,0.6642975289,374.4210988
0.511856437,0.6638479393,374.5299544
0.5112153944,0.6631305874,374.6978853
0.5107644384,0.6626255384,374.8129753
0.5102853625,0.6620886271,374.9325112
0.5099872209,0.6617543143,375.0053504
0.5093260285,0.6610123756,375.1622347
0.5088330047,0.6604586349,375.2779332
0.5085115356,0.6600973847,375.3509851
0.5081812372,0.6597260394,375.4247728
0.5077450643,0.659235395,375.5202516
0.5071249639,0.658537332,375.6521785
0.5066052095,0.657951763,375.7593366
0.5052405882,0.6564123248,376.0259754
0.5048939289,0.6560208105,376.0904454
0.5045244237,0.6556035496,376.1547349
0.5037966255,0.6547802787,376.2855414
0.5023610917,0.6531546186,376.5208979
0.5016633413,0.6523633454,376.6272909
0.5012189046,0.651858967,376.6923824
0.5008693458,0.6514620574,376.7421066
0.5004498446,0.6509854393,376.7997889
0.5002013568,0.6507031206,376.8337537
0.4997589874,0.6502001586,376.8918585
0.4986828603,0.6489784584,377.0409627
0.4972722411,0.6473775672,377.2345344
0.494758993,0.6445282085,377.5826619
0.4940817028,0.6437584293,377.663393
0.4937146891,0.6433450648,377.7266129
0.4911038401,0.6403892114,378.0847245
0.4878011114,0.6366574417,378.5495176
0.4875859319,0.6364146802,378.5776967
0.4799629622,0.627823498,379.6428643
0.5167411397,0.6707842617,362.0247197
0.5166398559,0.6743247848,335.0472422
0.5166290918,0.6693363224,371.8566151
0.5165673429,0.6743700773,334.1566089
0.5164089259,0.6755242668,324.3417494
0.5163737439,0.6756774699,322.9261446
0.5161518515,0.6764274894,315.5945885
0.5153605127,0.667756729,373.5197519
0.5123763955,0.6644292489,374.389774
0.5118402607,0.6638298458,374.5342549
0.5113707818,0.6633045352,374.6576475
0.5108150322,0.6626822179,374.8001876
0.5104542691,0.6622778511,374.8900368
0.5100051699,0.6617744389,375.0010877
0.5095070789,0.6612155814,375.1207644
0.5088560634,0.6604845182,375.2725214
0.5077996975,0.6592968676,375.5084141
0.5060543823,0.6573307243,375.8695275
0.5052757231,0.6564520074,376.0194313
0.5046955327,0.6557966435,376.126647
0.5028393794,0.6536971785,376.4382303
0.502251938,0.6530308794,376.5378689
0.5011922933,0.6518287573,376.696213
0.499775109,0.6502185095,376.8898254
0.4994286514,0.6498243318,376.9336117
0.4980560452,0.648264256,377.1125012
0.4976922472,0.6478550293,377.1757885
0.4964111142,0.6464004202,377.3513068
0.4903136544,0.6394962686,378.1978469
0.4894998051,0.6385761324,378.3107766
0.4888578792,0.6378505493,378.3992308
0.4876022055,0.6364311394,378.5684273
0.4852535699,0.6337812952,378.8990676
0.484236216,0.6326350676,379.0455835
0.4821484971,0.6302831515,379.338052
0.5167089871,0.670278929,365.5095671
0.5166450605,0.669672638,369.4928448
0.5166280077,0.6744467062,334.0502784
0.5144368738,0.6667287018,373.7998377
0.5103717987,0.662185849,374.9088451
0.5093746179,0.6610669026,375.1520072
0.5082507077,0.6598041577,375.40936
0.5072321517,0.6586580396,375.6296927
0.506011116,0.657281923,375.8780366
0.5050971465,0.6562503516,376.0528495
0.504007929,0.6550194971,376.2476804
0.5028927961,0.6537571045,376.4363281
0.5016956103,0.6523999604,376.6224792
0.5006277178,0.6511875928,376.7757217
0.4997423376,0.6501813592,376.8947394
0.4985921685,0.6488755142,377.0534775
0.4950414345,0.6448484261,377.5444258
0.4938502632,0.6434975412,377.7021408
0.4928609928,0.6423784994,377.8454362
0.4917674871,0.641140968,377.9976365
0.4853740948,0.6339183119,378.8878315
0.479519295,0.6273232718,379.6983615
0.4766342426,0.6240829806,380.1080093
0.4746917889,0.6219027107,380.3760676
0.4737538194,0.620851886,380.5111966
0.4727555181,0.619733071,380.6499308
0.4717471914,0.6186039284,380.7909897
0.4705399137,0.6172516745,380.9542388
0.4695238744,0.6161158444,381.0990454
0.4683331965,0.6147852305,381.2661333
0.466302335,0.6125164648,381.5443259
0.4619023649,0.6076116267,382.1497764
0.4588255928,0.604190812,382.5755261
0.4574486039,0.6026615437,382.7630097
0.4558420294,0.6008786093,382.9791235
0.4548616375,0.5997932768,383.1187905
0.4489437945,0.5932479193,383.9113266
0.4462363238,0.5902615738,384.2659676
0.4449178021,0.5888093378,384.4374821
0.4378938166,0.5810924631,385.316858
0.4366343674,0.5797128188,385.4702604
0.4325603319,0.5752607586,385.9654217
0.4311629307,0.5737353556,386.1253965
0.4275351912,0.5697841108,386.5364112
0.4258629998,0.5679657997,386.7179497
0.4176951752,0.5591144148,387.5369755
0.4134777028,0.5545650089,387.915415
0.4036882104,0.5440555104,388.6363601
0.5164817059,0.6690028707,373.1625328
0.5144876244,0.6667850175,373.7862716
0.5124813464,0.664546571,374.3613095
0.5113570546,0.66328917,374.6612142
0.5096203232,0.6613426757,375.0938267
0.5083439774,0.6599090256,375.3885777
0.507256594,0.6586855623,375.6245466
0.5055844344,0.6568005005,375.9608171
0.5047852798,0.6558980618,376.1103572
0.5033524508,0.6542776073,376.3607533
0.5020012475,0.6527466347,376.5764244
0.5006241833,0.6511835789,376.7762168
0.4994204394,0.6498161766,376.9410468
0.4860814577,0.6347162351,378.7888718
0.4796434424,0.6274635871,379.6846228
0.4781327041,0.6257659777,379.8986496
0.4725483468,0.6195009947,380.6788249
0.471062711,0.6178370362,380.8833049
0.4691429871,0.6156902112,381.1532122
0.4637463668,0.6096658127,381.8975309
0.4568593409,0.6020069491,382.8403551
0.453364446,0.5981339561,383.3164227
0.4492814104,0.5936205168,383.8660342
0.4439304272,0.5877219609,384.5619057
0.442600712,0.5862602939,384.7352732
0.4400476783,0.5834561738,385.0575456
0.4355579723,0.5785369505,385.6099277
0.4341522892,0.5769988624,385.7739432
0.4312165023,0.5737923145,386.1130215
0.4265031835,0.5686614661,386.6480947
0.4207650069,0.5624340383,387.2381446
0.4143319674,0.5554850135,387.8403774
0.4126503605,0.5536730834,387.9815814
0.4116184444,0.5525633194,388.0692939
0.406771503,0.5473570288,388.4314671
0.4044065807,0.5448244063,388.5919867
0.4002039838,0.5403336656,388.8391988
0.3987555534,0.538789394,388.9145883
0.3956997159,0.5355366588,389.0542633
0.3916524194,0.5312428621,389.2079471
0.3877578257,0.5271241748,389.3111928
0.378885814,0.5178047296,389.4154405
0.5162960236,0.6687966514,373.2228616
0.5139415676,0.6661764598,373.9479201
0.5126130515,0.6646937292,374.3251388
0.5114849337,0.6634322964,374.6278971
0.5096093501,0.6613303614,375.0964437
0.5085204529,0.6601074077,375.3489752
0.5064727859,0.6578025033,375.7861433
0.5049445495,0.6560779942,376.0811235
0.5036609795,0.6546268,376.3087387
0.5025393011,0.6533565994,376.4928959
0.5013587859,0.6520177463,376.6721245
0.4998717874,0.6503283915,376.8769944
0.496049227,0.6459908625,377.4054837
0.486902,0.6356414972,378.6705513
0.4858907651,0.6345011362,378.8157296
0.4815348289,0.629592205,379.4235088
0.4757453329,0.623084988,380.2309851
0.4697800207,0.616402613,381.0650368
0.4517732649,0.5963737561,383.5323482
0.448668738,0.5929442492,383.9474264
0.4469564609,0.5910554507,384.1725255
0.4394627806,0.5828135622,385.1267195
0.438126666,0.5813492565,385.2952272
0.4254222555,0.5674863213,386.762729
0.4239976512,0.5659374724,386.9052065
0.4118472925,0.5528094819,388.0505076
0.4086580465,0.549378022,388.2845512
0.4073828434,0.5480132542,388.3908793
0.4051071128,0.5455738336,388.5446527
0.3911693988,0.5307309311,389.2217486
0.5161393854,0.6686226401,373.2733913
0.5134404378,0.6656175156,374.0928681
0.5114764419,0.663422793,374.6301158
0.5102535404,0.6620529498,374.9403522
0.5075204559,0.658982618,375.5685526
0.5060260416,0.6572987583,375.8751037
0.502542709,0.6533604614,376.492357
0.5007055332,0.6512759934,376.764968
0.479805142,0.6276441127,379.6553354
0.478467545,0.6261402915,379.841991
0.4771637962,0.6246754398,380.0232605
0.4722413043,0.6191564527,380.7184816
0.4570237168,0.6021910818,382.8260838
0.4542924315,0.5991626963,383.19614
0.4498831543,0.5942833784,383.7785389
0.4419025656,0.5854929124,384.8235693
0.4403554413,0.5837930277,385.0149784
0.4352179549,0.5781650246,385.6508983
0.4307211245,0.5732542573,386.1791095
0.427571357,0.5698225106,386.5285031
0.42642169,0.568572751,386.6564388
0.4245087716,0.566494151,386.8591869
0.4221807097,0.5639680803,387.0974955
0.415734141,0.5569958334,387.711606
0.4124875515,0.5534987215,387.9985972
0.4017374361,0.5419688289,388.7476196
0.3999209478,0.5400318923,388.8548104
0.3925610504,0.5322054429,389.1768151
0.3839375924,0.5231012814,389.3824637
0.378885814,0.5178047296,389.4154405
0.5165745812,0.669105995,373.1321818
0.5150430268,0.6674034547,373.6178538
0.5137242021,0.6659340707,374.0111893
0.5122132864,0.6642469681,374.4342519
0.5109160484,0.6627953721,374.7745615
0.5086395075,0.6602412128,375.3220508
0.5072179428,0.6586420396,375.632681
0.5055241406,0.6567324486,375.9723491
0.5040966232,0.6551196165,376.2335219
0.5026126981,0.6534397726,376.4812612
0.5014304347,0.6520990637,376.6616683
0.4993012198,0.6496793282,376.9495197
0.496600085,0.6466137557,377.3200539
0.4955491783,0.6454236681,377.4729623
0.4799284447,0.6277847172,379.6478984
0.4779216677,0.6255283684,379.9256243
0.4758318758,0.6231804634,380.2106786
0.4701981375,0.6168690475,381.0007833
0.4669722223,0.6132650655,381.4554563
0.4651880811,0.6112738441,381.7016362
0.4564377273,0.6015405267,382.903965
0.4541864685,0.5990441296,383.2049455
0.4526079979,0.5972963915,383.416759
0.4494942033,0.593855471,383.8377547
0.4469727195,0.591072256,384.165356
0.4452124458,0.589133778,384.3993906
0.4436317464,0.5873940316,384.6032181
0.4394433161,0.582792968,385.1324499
0.4379416539,0.5811453389,385.3129494
0.4354894969,0.5784619853,385.6179453
0.4342738723,0.577129879,385.7514768
0.4316627454,0.574281294,386.0706171
0.4298739771,0.5723281954,386.264644
0.4265953252,0.5687602975,386.6325361
0.4237481434,0.5656683845,386.9380658
0.419811375,0.5614030691,387.336956
0.4186487596,0.5601460115,387.4507603
0.417073452,0.5584434036,387.5970049
0.4069258307,0.5475229621,388.4224361
0.4050786952,0.5455437258,388.5477132
0.4040444294,0.5444350863,388.6084341
0.3978146265,0.537787015,388.9602265
0.3921138569,0.5317309135,389.1900234
0.3908529073,0.5303957838,389.2310471
0.5165756399,0.6691071705,373.1318352
0.5142903421,0.6665652145,373.845121
0.5125157204,0.664584981,374.3518904
0.5105094889,0.6623398579,374.8769374
0.5090662205,0.6607206062,375.2241691
0.5075781559,0.6590475618,375.5562005
0.5062276024,0.6575260752,375.8352479
0.5049809247,0.656119083,376.0744073
0.5037031635,0.6546745327,376.3015462
0.5023579413,0.6531510489,376.5213966
0.5010036699,0.6516145981,376.723151
0.4996331487,0.6500569102,376.9073631
0.4970996499,0.6471819741,377.2596606
0.4847262022,0.633187528,378.977486
0.4719808645,0.6188643044,380.7523764
0.4691760943,0.6157273777,381.1493592
0.4625006337,0.6082787087,382.0722082
0.4609507455,0.6065542084,382.2879824
0.4492358087,0.593569136,383.8673912
0.44537536,0.5893130347,384.3775838
0.443663285,0.5874260607,384.5873297
0.4373939266,0.5805456335,385.381881
0.4360727881,0.5790987954,385.541413
0.4316974412,0.574318134,386.0623082
0.43020903,0.5726949551,386.2332717
0.4293604886,0.5717709717,386.3320699
0.4210516423,0.5627459208,387.2156206
0.4197795839,0.5613683409,387.3387389
0.4177293041,0.5591506634,387.5313056
0.4122641908,0.5532572283,388.0129187
0.4108005249,0.5516835267,388.1342729
0.4092493476,0.5500160524,388.2520153
0.4014259122,0.5416378158,388.7715511
0.3974252332,0.5373719494,388.9768111
0.3966730054,0.5365723202,389.0142506
0.3926908392,0.5323428092,389.17153
0.378885814,0.5178047296,389.4154405
0.5164936394,0.6690161221,373.1586396
0.5141371529,0.6663944913,373.8904673
0.5121768605,0.6642062466,374.444094
0.510019984,0.6617910483,374.9975243
0.5086711526,0.6602767747,375.314866
0.507564715,0.659032434,375.5590813
0.5059324273,0.6571931602,375.8934578
0.5040250091,0.6550386237,376.2460295
0.5026385429,0.6534690579,376.4771506
0.5015021963,0.6521805016,376.6511413
0.5004392069,0.6509734074,376.801538
0.4745399191,0.6217332158,380.4014837
0.4684856904,0.6149550723,381.2424093
0.464376515,0.6103692393,381.8155989
0.4593316342,0.6047540841,382.5108843
0.4554870017,0.6004842028,383.0237094
0.454267019,0.5991346528,383.2000706
0.4495919294,0.5939622003,383.8193625
0.446616742,0.5906806885,384.2157088
0.4380943078,0.5813138015,385.2992475
0.4353984148,0.5783617163,385.6261993
0.4335646433,0.5763554352,385.8381319
0.4319111937,0.5745522821,386.0413374
0.4229659503,0.5648210545,387.0238301
0.4214162988,0.5631411202,387.1800661
0.4152298442,0.5564538331,387.764427
0.4119501046,0.5529198518,388.0411308
0.4044375015,0.5448571979,388.5888892
0.4024744243,0.542757777,388.7102532
0.3982806761,0.538283594,388.938566
0.3936100128,0.5333175961,389.1380854
0.3888726869,0.528302503,389.2884315
0.3836509962,0.5227997218,389.3850401
0.516600826,0.6691351332,373.1235839
0.514731126,0.6670562218,373.7129325
0.5133439422,0.6655098377,374.1204075
0.5119871371,0.663994113,374.4950874
0.5108670194,0.662740454,374.7870149
0.509754578,0.661493323,375.0616915
0.508408324,0.6599813656,375.3741803
0.5071545889,0.6585706955,375.6459771
0.5057263003,0.6569605984,375.9335218
0.5043786929,0.6554385506,376.1837082
0.5028129163,0.6536666181,376.4492285
0.5013445249,0.65200156,376.6741993
0.4999297883,0.6503943455,376.8694342
0.4987644906,0.6490711949,377.0301003
0.4967269658,0.6467570836,377.2994828
0.4952640948,0.6451006107,377.51277
0.4929658654,0.642497455,377.8320966
0.4878750472,0.6367396116,378.5323137
0.4796452121,0.6274655834,379.6844069
0.4752167461,0.622490568,380.2980545
0.4733979547,0.620451108,380.5513563
0.4656041345,0.6117363992,381.636553
0.4642235155,0.6101987875,381.8372504
0.4628347003,0.6086506078,382.0255235
0.4598825902,0.6053659884,382.4330258
0.4570475984,0.6022148616,382.8100809
0.4543604567,0.5992378228,383.1858775
0.4466663863,0.5907351928,384.2082528
0.4420679044,0.5856741892,384.8008159
0.4395999486,0.5829649475,385.1136063
0.4367405375,0.5798311099,385.4661742
0.4275767336,0.569827923,386.5260986
0.4264183209,0.5685692824,386.657604
0.424914787,0.5669359956,386.820301
0.4200352907,0.5616442249,387.310479
0.4160270784,0.5573130994,387.6898466
0.4143164195,0.5554682209,387.8415935
0.4028296441,0.5431359647,388.6835829
0.3996826583,0.5397767435,388.863698
0.3986680146,0.5386962124,388.9193094
0.395383561,0.5352012512,389.0696672
0.378885814,0.5178047296,389.4154405
0.5165378166,0.6690651752,373.1442102
0.5163245149,0.675718553,322.2435728
0.5151638103,0.6675378745,373.5806896
0.5130726719,0.6652070455,374.1971881
0.5115713702,0.6635290234,374.6052624
0.509882609,0.6616369591,375.0308436
0.5077384518,0.6592279542,375.521682
0.5058458899,0.6570955329,375.9103362
0.50445699,0.655527059,376.1697252
0.5032957747,0.6542134457,376.3701956
0.5019261562,0.6526614732,376.587836
0.5003230692,0.6508414254,376.8172539
0.488950906,0.6379555705,378.3858096
0.4675201008,0.6138767429,381.3786976
0.4646809182,0.6107081722,381.771351
0.4599641466,0.6054546622,382.4123878
0.4557231041,0.60074812,383.0016917
0.4536399267,0.5984395573,383.2820249
0.4517873292,0.5963890465,383.5292525
0.4491644313,0.5934891617,383.8715411
0.4454399642,0.5893832967,384.3652227
0.4441066522,0.5879158072,384.5389792
0.434889139,0.5778051652,385.689242
0.4331865059,0.57594455,385.8920156
0.4257088749,0.5677964591,386.7268462
0.4244301704,0.5664095447,386.8704308
0.4131660923,0.5542276109,387.9352588
0.4116696437,0.5526184188,388.0652157
0.4089887118,0.5497358496,388.2704779
0.3993618786,0.5394352141,388.8821911
0.390580447,0.5301080146,389.2411622
0.3793249742,0.5182640119,389.4151687
0.5167650456,0.67167482,355.6288339
0.5165999576,0.6691341691,373.1238686
0.5147490448,0.667076175,373.7075049
0.5123123694,0.6643577245,374.4073957
0.5107767273,0.6626393059,374.8098721
0.509634006,0.6613580305,375.0905615
0.5084229019,0.6599977535,375.3709118
0.5071118706,0.6585225859,375.6549161
0.5060496875,0.6573254291,375.8704519
0.5049417522,0.6560748342,376.0816394
0.5036447077,0.6546083873,376.3115079
0.500887538,0.6514827183,376.7395504
0.4995511764,0.6499637302,376.9181592
0.4945874601,0.6443333952,377.6039829
0.4857987252,0.6343952591,378.8180142
0.4840010295,0.6323695062,379.0760255
0.4812770071,0.6293018817,379.4589012
0.4773998041,0.6249420406,379.9980319
0.4726829826,0.6196505842,380.6539615
0.4710869567,0.6178588276,380.8535898
0.4552417095,0.6002136918,383.0634963
0.450509487,0.5949735906,383.6871347
0.4466279963,0.5906918779,384.2087726
0.4390340154,0.5823442932,385.1843844
0.4375725125,0.5807413986,385.3605522
0.4322723357,0.5749463431,385.9989401
0.430813468,0.57335437,386.1660916
0.4292112172,0.5716087391,386.3504047
0.4275541452,0.5698046559,386.5340096
0.4256624635,0.567747825,386.7391977
0.4242204957,0.56618198,386.8926357
0.423271564,0.5651493413,386.9793888
0.4202531692,0.5618790149,387.2850176
0.4187072241,0.5602059548,387.4321927
0.4149113092,0.5561102766,387.7924049
0.410070604,0.5508983723,388.1892893
0.4034949932,0.5438473084,388.6426846
0.4010663128,0.541254052,388.7924282
0.3920205776,0.5316329298,389.1960844
0.3901733248,0.5296774299,389.2534468
0.3850090094,0.5242283019,389.3672895
0.5165009902,0.6690242844,373.1562405
0.5145977879,0.666907727,373.7531882
0.5122021673,0.664234538,374.437258
0.5111063006,0.6630084386,374.7259572
0.5092212657,0.6608947197,375.1880676
0.5074786304,0.6589355381,375.5774822
0.5059864598,0.6572541113,375.8828762
0.5044605009,0.6555310276,376.1690966
0.5030386369,0.6539222858,376.4125973
0.5018521431,0.6525775264,376.599025
0.5006625814,0.6512272008,376.7709159
0.499696237,0.6501287397,376.8996652
0.4916057452,0.6409580291,378.0204285
0.490456236,0.6396565581,378.1734391
0.4890281619,0.6380435954,378.3788661
0.4833355515,0.6316200082,379.1711959
0.4748393061,0.6220680285,380.3549498
0.4558897412,0.6009328092,382.9786745
0.4521222768,0.5967594898,383.4842027
0.4473749535,0.5915158581,384.1130423
0.4437648023,0.587539328,384.5813526
0.4426970224,0.5863631645,384.7096981
0.43784315,0.5810358629,385.3183984
0.4358139315,0.5788163147,385.5761087
0.4345302588,0.5774128125,385.7323056
0.4317823843,0.5744116715,386.0560652
0.4271896785,0.5694082045,386.5741501
0.4254828792,0.5675527571,386.7586111
0.4241770908,0.5661350514,386.8979396
0.4128829127,0.5539230467,387.9605446
0.4117139028,0.5526649694,388.0575308
0.404642567,0.5450764336,388.5747428
0.401693851,0.5419231114,388.7531688
0.3972651096,0.5372023271,388.9871555
0.391963617,0.5315725514,389.1978745
0.3825641087,0.5216581061,389.3968787
0.516110337,0.668590365,373.2827256
0.5141693217,0.6664303455,373.8809701
0.512692232,0.6647821858,374.3032875
0.5109068467,0.6627850654,374.776901
0.5090422395,0.6606936724,375.2297274
0.5072294664,0.6586550157,375.6302576
0.5054282585,0.6566242176,375.9906036
0.5039585899,0.6549634992,376.2575795
0.502400867,0.6531997046,376.5146827
0.5012061607,0.6518445001,376.6942178
0.5000248284,0.6505024073,376.8569711
0.4760338183,0.6234078084,380.1860289
0.4559237972,0.6009705362,382.9738718
0.4548802901,0.5998140489,383.1167388
0.4530409784,0.5977762486,383.3616531
0.4496427609,0.5940194717,383.8177769
0.4442837032,0.5881113633,384.5193851
0.4419351249,0.5855286297,384.8191835
0.4404418339,0.583887625,385.0031253
0.438632506,0.581903798,385.2330662
0.4357935879,0.5787947398,385.5815107
0.4326112525,0.5753164277,385.9597846
0.4276968908,0.5699601778,386.5191544
0.4250881233,0.5671238188,386.8001514
0.4184707496,0.5599531428,387.4660172
0.4091893769,0.549951936,388.2576469
0.4063981105,0.5469573376,388.4594669
0.4027368582,0.5430379915,388.6935961
0.3999791096,0.5400914322,388.8427026
0.3927066384,0.5323596075,389.1711464
0.3880972277,0.5274834822,389.3070149
0.378885814,0.5178047296,389.4154405
0.5165665356,0.6747119012,331.6075287
0.5165104134,0.6690347478,373.1531639
0.514529073,0.6668311889,373.7738427
0.5132164044,0.6653674956,374.1566232
0.5111492358,0.6630565142,374.7149267
0.5101224195,0.6619059268,374.9725306
0.5090739678,0.6607293072,375.222372
0.5079645596,0.6594823399,375.472482
0.5066308801,0.6579806942,375.7541169
0.5055781578,0.6567934166,375.9620194
0.5022272002,0.6530028385,376.5417241
0.5009363619,0.6515381653,376.732673
0.499473286,0.6498751157,376.9280003
0.4974209852,0.6475466701,377.2161978
0.4899242406,0.6390558299,378.2513892
0.4860137931,0.6346397784,378.7977319
0.4845507916,0.6329898794,379.0025999
0.4807374544,0.6286947647,379.5346302
0.4795769148,0.6273884239,379.6921345
0.470815909,0.6175602919,380.915015
0.4619590948,0.6076756748,382.1462574
0.4593922147,0.6048210167,382.5007256
0.4581273321,0.6034153406,382.6715028
0.4554777374,0.6004761196,383.0351509
0.4539185929,0.5987487208,383.2470748
0.4497774343,0.5941683076,383.800333
0.4484004192,0.5926479989,383.9822441
0.4472096385,0.5913341501,384.1373663
0.4457414023,0.5897160554,384.3293537
0.4444424188,0.5882853013,384.4956253
0.442956528,0.5866501922,384.6841639
0.4339082136,0.5767326274,385.805087
0.4259657646,0.568077346,386.706352
0.4231649591,0.5650359721,386.9995937
0.4177974272,0.5592243893,387.5253993
0.4125158563,0.5535284481,387.9933862
0.4077498425,0.5484059415,388.3608402
0.4044342138,0.5448537741,388.5894518
0.3951133255,0.5349128808,389.0764705
0.3938900544,0.5336147266,389.1274364
0.3904345029,0.5299527861,389.2426832
0.3887989204,0.5282245855,389.2903285
0.5164024559,0.668914863,373.1883386
0.5137390458,0.6659506257,374.0068881
0.5125116522,0.6645804352,374.3530059
0.510810608,0.6626772617,374.801307
0.5093937728,0.6610883967,375.1475627
0.5082190781,0.6597685918,375.4163845
0.5071058361,0.6585157897,375.6561772
0.5060353963,0.6573093098,375.8732641
0.5050071454,0.6561487002,376.0695568
0.5039688284,0.65497508,376.2558022
0.502588483,0.653412333,376.4851061
0.5009650759,0.6515707727,376.7286167
0.496146439,0.6461008363,377.3907324
0.4847640664,0.6332292961,378.9674311
0.4718472725,0.6187146116,380.7704891
0.4608918341,0.6064880318,382.2930301
0.4508523693,0.595356051,383.6575075
0.4468770668,0.590966669,384.1772664
0.4447640618,0.5886385803,384.4506619
0.4402016907,0.5836251974,385.038281
0.4387135918,0.5819928595,385.2237355
0.4372678131,0.580408629,385.4022271
0.4289405311,0.5713116856,386.3714459
0.4275694745,0.5698205949,386.5292591
0.4262429252,0.5683789775,386.6780653
0.4231003452,0.5649665851,387.009076
0.4187758025,0.5602816249,387.4316889
0.4141411646,0.5552796714,387.8580827
0.4126281231,0.5536500716,387.9870148
0.4071989779,0.5478159117,388.4033769
0.3993439503,0.539416345,388.8839964
0.3960018069,0.5358583324,389.0432045
0.3885104106,0.5279190537,389.2947703
0.3789295798,0.5178504913,389.4154378
0.5161922125,0.6686813313,373.2563869
0.5149040389,0.6672487435,373.6603807
0.5127117404,0.664803978,374.2978916
0.5107009151,0.6625543683,374.8289865
0.5093707693,0.6610625731,375.1529845
0.5076117528,0.6590853742,375.5489904
0.5059161288,0.6571747739,375.8966431
0.5044877712,0.6555618521,376.1642095
0.5028181753,0.6536725758,376.4483813
0.5014324212,0.6521013182,376.6613776
0.5000678256,0.6505512913,376.8513019
0.494334162,0.644044488,377.6287894
0.4819188783,0.630023975,379.366879
0.4630553455,0.6088969228,381.9977401
0.4613518753,0.6070006266,382.2334147
0.4574329057,0.6026442311,382.7656782
0.4541372829,0.5989905908,383.2159552
0.4493406557,0.5936845245,383.8517785
0.4476738642,0.5918446324,384.0697835
0.4463826761,0.5904229375,384.247261
0.4449273042,0.5888198563,384.4365099
0.4404007608,0.5838424524,385.007893
0.4377813567,0.5809711587,385.3390178
0.4361961979,0.579235284,385.5325862
0.432752303,0.5754698626,385.9408486
0.4275593338,0.569810113,386.5326591
0.4168916367,0.5582462657,387.6106134
0.4150995733,0.5563128648,387.7741165
0.4113197665,0.552240651,388.0880671
0.4102017365,0.551039819,388.1810996
0.4040694395,0.5444621923,388.6081315
0.3992257209,0.539290602,388.8911375
0.3976377057,0.5375988902,388.9695086
0.3930081847,0.5326798201,389.1621506
0.378885814,0.5178047296,389.4154405
0.5167086177,0.6733244862,342.9938078
0.5166084052,0.6692037119,372.6754806
0.5148890745,0.6672320841,373.6649443
0.5122895554,0.6643322241,374.4135903
0.5108082128,0.6626745785,374.801913
0.5089412083,0.660580191,375.253069
0.5073873059,0.6588327315,375.5969091
0.5058793092,0.6571332363,375.9038281
0.504298268,0.655347627,376.1980007
0.5030245251,0.653906304,376.4149035
0.5017054275,0.6524110953,376.6210329
0.5001918697,0.6506923034,376.8348395
0.4989093125,0.6492332336,376.997404
0.491053755,0.640333622,378.0972693
0.4900710044,0.6392194323,378.2188371
0.4864917875,0.6351793309,378.7320143
0.4792809533,0.6270539188,379.7247583
0.4742623827,0.621422016,380.4402574
0.470320238,0.6170055901,380.9835397
0.461544254,0.6072132055,382.1998038
0.4601020872,0.6056092095,382.3990599
0.4562925208,0.6013793863,382.9233744
0.4522526177,0.5969046121,383.4710101
0.4510709654,0.5955968402,383.624493
0.4499388103,0.594346377,383.7780736
0.4473387083,0.5914766826,384.1213785
0.4451706859,0.5890876683,384.4042442
0.4424631373,0.5861070926,384.7440628
0.4408564911,0.584341785,384.9463251
0.4363080456,0.5793571871,385.5167893
0.4314604291,0.5740598983,386.0911982
0.428908729,0.5712775692,386.3771641
0.4236324135,0.5655439597,386.9547761
0.4219307054,0.5636973929,387.1239013
0.4192029547,0.560744905,387.3960623
0.416539974,0.5578672968,387.6456536
0.4152757305,0.556502842,387.7584706
0.4130551266,0.5541096047,387.9503956
0.4067060322,0.5472870984,388.4369987
0.4050185596,0.5454786779,388.5492164
0.3982055739,0.5382029334,388.9398515
0.3962428468,0.5361144579,389.0321043
0.3935110416,0.5332129221,389.1429158
0.3889508191,0.5283850223,389.2863544
0.3852203411,0.5244501943,389.3621169
0.5162714649,0.6687693716,373.2308059
0.5146684854,0.6669864646,373.7318732
0.5131076723,0.6652461201,374.1873344
0.5116787265,0.6636491433,374.5770202
0.5107257737,0.6625822201,374.8227267
0.5095273286,0.6612383092,375.1159588
0.5080314629,0.6595575948,375.4578096
0.5066318503,0.6579817876,375.7539195
0.5041092488,0.6551338948,376.2313109
0.5029793045,0.6538550889,376.4222794
0.5017006305,0.6524056532,376.6217486
0.5006107063,0.6511682678,376.7780737
0.4991759112,0.6495367176,376.9650007
0.4976741979,0.6478332129,377.177265
0.4906100821,0.6398313716,378.1564741
0.4775529047,0.6251145615,379.9794368
0.4689185149,0.615439245,381.1842735
0.4632325529,0.6090944937,381.9740945
0.4599154287,0.6054018903,382.4256551
0.4569713326,0.6021319737,382.8286388
0.4536386261,0.5984384204,383.2836025
0.4519778763,0.5966004869,383.506894
0.4503057372,0.5947519715,383.7303269
0.4490324052,0.593345742,383.8996419
0.4391111007,0.5824287069,385.1742784
0.4375750031,0.5807423413,385.3525116
0.4315501244,0.5741564378,386.0752839
0.4301371034,0.5726166642,386.241902
0.4263248066,0.5684679428,386.6690407
0.4205004855,0.5621492438,387.2707281
0.4115503512,0.5524896582,388.0732343
0.407878705,0.5485432172,388.3478357
0.4060548077,0.5465894122,388.4828967
0.4014387661,0.5416511271,388.7693114
0.3988836689,0.5389257637,388.9075866
0.3958679016,0.5357157259,389.0480953
0.3937395263,0.5334556087,389.1352979
0.3818651078,0.5209248456,389.4037054
0.516231434,0.6687249033,373.2437376
0.5144572166,0.6667511429,373.7953754
0.5125682989,0.664643729,374.337454
0.5111147654,0.6630179172,374.7237842
0.510127683,0.6619118291,374.9712429
0.5082374404,0.6597892395,375.4123079
0.5064219887,0.6577452406,375.7963731
0.5046062466,0.6556957554,376.1428818
0.5034668788,0.6544071336,376.341583
0.5023821165,0.6531784515,376.5176178
0.5012462543,0.651890014,376.6884378
0.5002415722,0.6507487984,376.8281986
0.4867504635,0.6354712186,378.6956494
0.4804874308,0.6284131706,379.5680934
0.4751293574,0.622393474,380.3149485
0.4707894049,0.6175308358,380.9197057
0.4652791831,0.6113750898,381.6872513
0.4638703951,0.6098045625,381.8829458
0.4605154491,0.606070156,382.3484022
0.4594328771,0.6048648411,382.4886931
0.4536415244,0.5984401838,383.2765266
0.4393699502,0.5827120607,385.1397004
0.4319441368,0.5745874868,386.0343613
0.4294811105,0.5719018763,386.3163805
0.4281155416,0.5704157385,386.4727207
0.4246432608,0.5666396735,386.8429774
0.4215797401,0.5633170002,387.1588816
0.4180396215,0.5594862343,387.5031523
0.4153078243,0.5565345709,387.7443291
0.4111083267,0.552014505,388.1098112
0.4097470321,0.5505509559,388.2152367
0.4075354954,0.5481749482,388.3722935
0.4036613938,0.5440267366,388.6377009
0.3983177943,0.5383225266,388.9345786
0.3932000209,0.5328823161,389.1519259
0.3923007964,0.5319299363,389.1869147
0.3870598201,0.5263888704,389.3299036
0.378885814,0.5178047296,389.4154405
0.5154300505,0.6678340815,373.4980864
0.5134529364,0.6656314614,374.0892923
0.5120156627,0.664026012,374.4874492
0.5102988133,0.6621037069,374.9291933
0.5069992046,0.6583956873,375.6783913
0.505698788,0.6569295528,375.938833
0.5043106396,0.6553616143,376.1958068
0.5032588534,0.6541716454,376.376328
0.5020376524,0.6527879187,376.5708704
0.4924878503,0.6419563463,377.8984584
0.4890777413,0.6380994416,378.3710358
0.4816742258,0.6297491818,379.4043275
0.4579658187,0.6032365144,382.6960194
0.4550827791,0.600037458,383.0846696
0.4534862547,0.5982696518,383.3038752
0.4517185078,0.596313521,383.5411594
0.4478974856,0.5920910656,384.0393082
0.4461291928,0.5901414377,384.2705592
0.4438153503,0.5875960431,384.5797703
0.4421751386,0.5857909711,384.7825118
0.4390603451,0.5823730619,385.1806558
0.4309745816,0.5735306344,386.149998
0.4275180878,0.5697654283,386.5379834
0.4239135391,0.5658467754,386.9163829
0.4175732267,0.5589835913,387.552036
0.4135091713,0.5545985245,387.9115407
0.4120469755,0.5530236552,388.0315192
0.4105544093,0.551417932,388.1498628
0.4060243935,0.5465567762,388.4847911
0.3959708426,0.5358256054,389.0452263
0.3895249605,0.5289912249,389.2693781
0.3859699145,0.5252392524,389.3483179
0.5166460723,0.6703008245,364.8552164
0.5158985297,0.6683549847,373.3504433
0.5135088166,0.6656938087,374.0732807
0.5119833335,0.6639898595,374.4961051
0.5101359649,0.6619211163,374.9692161
0.5089468711,0.660586552,375.251764
0.5076588231,0.6591383476,375.5388668
0.5061365938,0.657423445,375.8533007
0.5051392984,0.6562979557,376.0449935
0.5036995887,0.6546704878,376.3021565
0.5023541749,0.6531467796,376.5219848
0.5010361247,0.6516514502,376.7185426
0.499526956,0.649936176,376.921226
0.4877811942,0.6366345444,378.5501831
0.4828042168,0.6310202106,379.2391742
0.4754283019,0.6227296726,380.2773174
0.4703021473,0.6169864092,380.9912552
0.4639865287,0.609934103,381.8674289
0.4624203169,0.6081890035,382.0819755
0.4579998529,0.6032719348,382.6802282
0.4545716423,0.5994703063,383.1504311
0.4529230201,0.5976452046,383.3752837
0.4515291304,0.5961023217,383.5583501
0.4476419729,0.5918101343,384.077033
0.4415781864,0.5851364042,384.8640833
0.4396799191,0.5830526704,385.1035823
0.4384101154,0.5816600786,385.2608881
0.4328069738,0.5755302163,385.9372297
0.4247144072,0.566716763,386.8348013
0.4234674315,0.5653646734,386.970716
0.4200981817,0.5617125721,387.3054537
0.4186869179,0.5601847623,387.4371628
0.4108362657,0.5517216949,388.1304488
0.4051695676,0.5456403636,388.5392493
0.3986729324,0.5387014777,388.919155
0.3865471444,0.525848234,389.3398771
0.3821407155,0.5212139753,389.4014211
0.5165089513,0.6690331243,373.1536413
0.5138173858,0.6660379919,373.9841409
0.5115480197,0.6635028942,374.6113862
0.5101701081,0.6619594023,374.9608515
0.5089502728,0.6605903731,375.2509798
0.5075492759,0.6590150567,375.5623878
0.5057893367,0.6570317259,375.9213207
0.5042209256,0.6552601791,376.2116781
0.5024045395,0.6532038673,376.5141074
0.5009300363,0.6515309818,376.7335655
0.4994737564,0.6498756508,376.9279411
0.4947857191,0.644558628,377.5796847
0.490255802,0.6394310847,378.2073921
0.486056558,0.6346877618,378.7903834
0.4798154238,0.6276546889,379.6488892
0.4782129661,0.6258555054,379.8841124
0.4732967182,0.6203387023,380.5706751
0.4703014441,0.6169859565,380.9929939
0.4651962628,0.6112831761,381.7015011
0.4634761455,0.6093644174,381.9334467
0.4606929603,0.6062671362,382.3218819
0.4453105023,0.5892416308,384.3860984
0.4438875081,0.5876751028,384.5690388
0.4413132695,0.5848449874,384.8957007
0.439873226,0.5832647742,385.0794921
0.438703818,0.581982121,385.2248471
0.4320141342,0.5746640358,386.0269017
0.4305577646,0.5730733429,386.1860338
0.4291720729,0.5715659302,386.3540863
0.4275688372,0.569819944,386.5295056
0.424570422,0.5665597875,386.8473874
0.4222324784,0.5640233543,387.0888464
0.4206003589,0.5622544414,387.2491188
0.419216619,0.5607594649,387.3938717
0.4082063474,0.5488966775,388.3310619
0.406979066,0.5475801522,388.4191106
0.4019642085,0.5422128899,388.7411826
0.3982069899,0.5382041384,388.9386973
0.396710629,0.5366119825,389.0112746
0.3788681734,0.5177862964,389.4154759
0.5145687979,0.6668754374,373.7619097
0.5130895612,0.6652259011,374.1924352
0.5112206727,0.6631364968,374.6965234
0.5099281102,0.6616879998,375.0198329
0.5081906176,0.659736588,375.4226951
0.5068413206,0.6582178247,375.7110422
0.5052397122,0.6564113465,376.026199
0.5022480022,0.6530264216,376.538502
0.5009943822,0.6516040516,376.7244677
0.4992240804,0.6495915405,376.9590687
0.4959357191,0.6458621995,377.4213209
0.4948220893,0.644599937,377.5751655
0.4931474733,0.6427030417,377.8067643
0.4890400171,0.6380564503,378.3743883
0.487849679,0.6367115991,378.5391604
0.4814242088,0.6294672234,379.4365936
0.4794319302,0.6272262674,379.7168119
0.4700185536,0.6166682875,381.0263751
0.4641818554,0.6101517948,381.8403396
0.4630867768,0.6089316873,381.9922187
0.4586531498,0.6039996925,382.6012386
0.4540139783,0.5988539918,383.2324833
0.4522549179,0.5969071486,383.4706642
0.4473451074,0.5914837409,384.1205473
0.4444619498,0.5883058964,384.4890876
0.4422847976,0.5859109698,384.7662853
0.4382191673,0.5814469558,385.2678367
0.4344298995,0.5773030225,385.7439462
0.4246051992,0.5665980066,386.8456002
0.4229956584,0.5648538853,387.0142388
0.4201456379,0.561764784,387.3042064
0.4172041592,0.5585838978,387.5822752
0.4154769572,0.5567192828,387.7381659
0.412001451,0.5529747697,388.0356458
0.4061508195,0.546692377,388.4766566
0.4048165329,0.5452611227,388.5577495
0.4030802338,0.5434041736,388.6695496
0.3894541317,0.5289168877,389.2731016
0.3879310716,0.5273081417,389.3110381
0.378885814,0.5178047296,389.4154405
0.5161656568,0.6686518283,373.2649396
0.5158924334,0.6770807309,308.6628041
0.514134237,0.6663912412,373.8913275
0.5121603653,0.6641878054,374.4485455
0.5101150052,0.6618976123,374.974344
0.5088006942,0.6604223336,375.2853309
0.5076402192,0.659117411,375.5428711
0.5065073615,0.6578414774,375.7791635
0.5052003421,0.6563668902,376.0335814
0.5041704729,0.6552031294,376.2205647
0.503104609,0.6539969962,376.4017869
0.5019048945,0.6526373587,376.5910562
0.5007671594,0.6513459952,376.7564005
0.4994323386,0.6498285271,376.9331489
0.4961886331,0.6461481883,377.3822861
0.4897851293,0.638898841,378.2721391
0.4862027515,0.634853154,378.7722572
0.4833480163,0.6316340564,379.1694754
0.4784289941,0.6260989046,379.8571627
0.4765180508,0.6239525874,380.1245873
0.4733486284,0.6203977707,380.5678803
0.4710082504,0.6177767347,380.8940943
0.4596034534,0.6050562326,382.4738392
0.4555368313,0.6005392751,383.0161555
0.4541760778,0.599033774,383.2116957
0.4521364166,0.5967752095,383.4826655
0.4508373897,0.5953392059,383.6581864
0.4498474625,0.5942449779,383.7879439
0.4439941704,0.5877917324,384.5520901
0.4403955334,0.5838379106,385.0137918
0.4262740484,0.5684119772,386.6712765
0.4231917978,0.5650644572,386.9942831
0.4190842344,0.5606170112,387.4095077
0.416614957,0.5579486218,387.6402801
0.4123822034,0.5533852204,388.0069213
0.3980943331,0.5380833086,388.9411617
0.3920101458,0.5316219506,389.196685
0.5158662841,0.6683191433,373.3606997
0.5144006141,0.666688083,373.8122894
0.5127650967,0.6648635773,374.2831089
0.5119081846,0.6639058167,374.5161752
0.5102738469,0.6620757166,374.9353501
0.5087411327,0.660355411,375.2989354
0.5073199311,0.6587568773,375.6111794
0.5059719268,0.6572377178,375.8857256
0.5044733175,0.6555455148,376.1668008
0.5031742049,0.6540758033,376.3903317
0.5017341145,0.6524436397,376.6167477
0.5005672858,0.6511189368,376.7840434
0.4962475982,0.6462137229,377.3670645
0.4934821747,0.6430815624,377.757865
0.4917820458,0.6411571136,377.9938896
0.4879543363,0.6368291215,378.5210838
0.4823427886,0.6305001133,379.3015714
0.472032199,0.6189214724,380.7436536
0.4688905522,0.6154072011,381.1843129
0.4639042938,0.6098405065,381.8694462
0.4602464667,0.6057700869,382.3808527
0.4539793959,0.5988160739,383.2389286
0.4484693224,0.5927224284,383.9658706
0.447253479,0.5913829647,384.1337523
0.4388425554,0.582133574,385.2047711
0.4349421699,0.5778634174,385.6840091
0.4338429421,0.5766618253,385.8150553
0.429615472,0.5720463721,386.2933036
0.4279215071,0.5702042919,386.4930748
0.4242982316,0.566263585,386.8731455
0.4225601394,0.5643810097,387.0653829
0.419169224,0.5607086343,387.4001542
0.4138064471,0.5549181093,387.8834954
0.4125418561,0.553556653,387.9920634
0.4004082348,0.5405508153,388.8254003
0.3987847918,0.538820564,388.9131707
0.378885814,0.5178047296,389.4154405
0.516529108,0.6690555057,373.1470568
0.5147664093,0.6670955106,373.7022411
0.5138557034,0.6660807205,373.9729858
0.5125541065,0.6646278718,374.3413542
0.5110521115,0.6629477575,374.7398464
0.5094271701,0.661125887,375.1396798
0.5079283276,0.6594415822,375.4804061
0.5068531696,0.6582311745,375.7086017
0.5056687451,0.6568956502,375.9446229
0.5036594089,0.6546250228,376.3090061
0.5020157544,0.652763086,376.5742129
0.4949125755,0.6447024901,377.562735
0.4819663962,0.6300780906,379.3633833
0.4786635773,0.6263622282,379.8227787
0.4766600574,0.6241111352,380.1003335
0.4738746472,0.6209871877,380.4937033
0.4680759169,0.6144979086,381.302844
0.4644736726,0.6104776869,381.8028066
0.4634945779,0.6093847493,381.929916
0.4588836876,0.6042560657,382.5709278
0.4373670331,0.5805171126,385.3892341
0.4337161583,0.5765230567,385.8290693
0.4294188753,0.5718348238,386.3265239
0.4261275542,0.5682534186,386.6898765
0.4227570857,0.564591935,387.0346336
0.4200319813,0.5616416375,387.3147806
0.418554473,0.5600434354,387.4571944
0.4155608806,0.5568100458,387.7315716
0.4137418189,0.5548496246,387.8934871
0.4121364379,0.5531204283,388.0260958
0.4083438903,0.5490441578,388.3204567
0.3794889467,0.5184355515,389.4149281
0.516478746,0.6689995839,373.1634981
0.5150966843,0.6674631733,373.6013676
0.5129807174,0.6651043772,374.2230017
0.5114510109,0.6633943316,374.636755
0.5103075986,0.6621135559,374.927025
0.5091085327,0.6607681261,375.2143454
0.50760046,0.6590726647,375.5514154
0.5062013098,0.6574964264,375.8404731
0.5046734165,0.6557716627,376.1307209
0.5034232745,0.6543577782,376.3489049
0.5020488346,0.6528005991,376.5691616
0.5006360583,0.6511970696,376.7745791
0.4923383763,0.6417869942,377.9182965
0.4914444764,0.6407755754,378.0428196
0.4894039667,0.6384681603,378.3259185
0.4824365205,0.6306074761,379.2977141
0.4760306955,0.6234053784,380.1918513
0.4694228017,0.6160032347,381.115155
0.4673789542,0.613717688,381.3914084
0.4627562245,0.6085637861,382.0391154
0.4607568097,0.6063376945,382.3109191
0.4600366302,0.6055373326,382.4123097
0.458423528,0.6037430772,382.6253033
0.4519443377,0.5965624602,383.5071159
0.4447382937,0.5886117877,384.4610191
0.4413861496,0.5849253349,384.8878109
0.436164005,0.5792000525,385.536501
0.4332117486,0.5759722551,385.8896136
0.4302966023,0.5727910358,386.2259194
0.4256734343,0.5677577061,386.7296434
0.4208612325,0.5625400447,387.2358682
0.4117567892,0.5527116364,388.0560676
0.4091407894,0.5498998028,388.2614861
0.4081529521,0.5488387325,388.3325407
0.4038144407,0.5441908215,388.6295111
0.4026107712,0.5429031478,388.7008614
0.3979576969,0.5379393837,388.953442
0.390070101,0.5295682337,389.2563258
0.3859167781,0.5251840708,389.3519254
0.516400056,0.6689121977,373.1891187
0.51365299,0.6658546426,374.0317845
0.5121650355,0.6641930265,374.4472855
0.5102804057,0.6620830699,374.9337334
0.5092477593,0.6609244677,375.18187
0.5081156867,0.6596523221,375.4392642
0.5069519799,0.6583424908,375.6881876
0.5055929222,0.65681008,375.9591904
0.5041735374,0.6552065948,376.2200257
0.5030300723,0.6539125862,376.4139972
0.5017190821,0.6524265862,376.6189943
0.5003872096,0.6509143187,376.8085917
0.4989282621,0.6492548084,376.9951247
0.4946639411,0.6444203312,377.5948843
0.4894097097,0.6384738262,378.3208056
0.4839244106,0.6322830472,379.0861928
0.4808332082,0.6288024079,379.5207399
0.4783762687,0.6260390649,379.8615617
0.4667234704,0.6129873708,381.4900857
0.4655974483,0.6117295371,381.6403655
0.4612804472,0.6069210406,382.2427279
0.4604681973,0.60601696,382.3518279
0.4565449206,0.6016592296,382.8884043
0.4509608955,0.5954750547,383.6386667
0.4468132463,0.5908948418,384.1789889
0.4431026245,0.5868112508,384.6673139
0.4411873117,0.5847052652,384.9055101
0.4395505263,0.5829107994,385.1200728
0.4379955813,0.5812059033,385.3126859
0.4368161389,0.579913878,385.4569181
0.4353556281,0.578315608,385.634329
0.4228794618,0.5647258093,387.0268287
0.4176333487,0.5590482379,387.5452101
0.4093226825,0.5500940525,388.2435675
0.4078521418,0.5485167135,388.3572812
0.4063179819,0.5468714839,388.4650735
0.4021857561,0.5424495105,388.7279924
0.3891728779,0.5286190444,389.2785342
0.3787945203,0.5177093194,389.4155563
0.5161341909,0.6686168687,373.2750613
0.5141798766,0.6664421092,373.8778511
0.5118947609,0.6638908033,374.5197528
0.5095670544,0.6612828946,375.1065171
0.5083497147,0.6599154759,375.3872959
0.506976968,0.6583706393,375.6830072
0.5045860115,0.6556728868,376.1465355
0.5029785235,0.6538542044,376.4224066
0.5016258328,0.6523207915,376.6328768
0.5000717402,0.6505557417,376.8507848
0.4871605231,0.6359336544,378.6361967
0.4833142899,0.6315955717,379.171698
0.4787091875,0.6264136816,379.8173632
0.4771006571,0.6246066018,380.0424825
0.4754819551,0.6227897411,380.2691796
0.4736947312,0.6207854523,380.5185024
0.4672698864,0.6135976112,381.4149458
0.4646705077,0.6106971086,381.7754123
0.4625923065,0.6083814177,382.0625651
0.4600692729,0.605572419,382.4021142
0.4582340691,0.6035347946,382.6612493
0.451176071,0.5957120507,383.605959
0.4431496327,0.5868638195,384.6651828
0.4397410801,0.5831198075,385.0961035
0.4300392645,0.5725105256,386.2551008
0.4275712416,0.5698223935,386.5285507
0.4234137201,0.5653066343,386.9772165
0.4193781915,0.5609345614,387.3795928
0.416250439,0.5575541324,387.6695268
0.4149022766,0.5561003897,387.7926257
0.4110105601,0.5519083854,388.1138381
0.4093215149,0.5500941526,388.2487959
0.3931190448,0.5327963941,389.1547151
0.388323975,0.5277229352,389.301842
0.5146332079,0.6669471762,373.7425175
0.5132320093,0.6653849134,374.1522032
0.510957858,0.6628422005,374.7639185
0.5092867891,0.6609682898,375.1727245
0.5076201876,0.659094867,375.5471782
0.5062049541,0.6575005359,375.8397493
0.5051625932,0.6563242623,376.0406434
0.5039415174,0.6549441879,376.2605405
0.5023161152,0.6531036368,376.5279196
0.5011142061,0.651740105,376.7074102
0.4996728474,0.6501021356,376.9026618
0.4921533012,0.6415770032,377.9411752
0.4855554323,0.6341227251,378.8618769
0.4840491231,0.6324240321,379.0709494
0.4810692127,0.6290682047,379.4888729
0.478946979,0.6266812093,379.7853506
0.4705083722,0.6172173003,380.9633818
0.4666942054,0.6129548641,381.4949387
0.4601742805,0.6056908252,382.3955241
0.4518548636,0.5964644386,383.5234217
0.4421580797,0.585771984,384.7836194
0.440681681,0.5841510171,384.9734134
0.4373963875,0.580546307,385.3728274
0.4257968687,0.5678933794,386.7227635
0.4242700091,0.5662340233,386.8804933
0.4214970804,0.5632281514,387.1700221
0.4145209498,0.5556890125,387.8250567
0.4114245626,0.5523544873,388.0839196
0.409776232,0.5505825746,388.2139333
0.4081517641,0.5488378354,388.334053
0.3978157098,0.5377877593,388.9587129
0.3949042517,0.5346909297,389.0855127
0.3902440535,0.529752031,389.2506848
0.3879873063,0.5273673933,389.3093855
0.3843011217,0.5234825695,389.3744368
0.378885814,0.5178047296,389.4154405
0.5160339823,0.6685055217,373.3072068
0.5139960346,0.6662371843,373.9319704
0.5126518386,0.6647370616,374.3144447
0.5108810006,0.662756115,374.7834667
0.5057928943,0.6570357399,375.9206307
0.5042900389,0.6553383232,376.1994591
0.5029097822,0.6537763449,376.4335759
0.5013396482,0.6519960249,376.6749083
0.4997689432,0.6502114331,376.8903143
0.4955714387,0.6454492551,377.4717711
0.4878485773,0.6367110678,378.5430247
0.4842441197,0.632642175,379.0352058
0.4805519835,0.6284858236,379.5592132
0.4786998566,0.6264031917,379.8186562
0.4746019259,0.6218027236,380.3926871
0.4661474136,0.6123423171,381.5599262
0.4648325717,0.6108778409,381.7531026
0.4638883722,0.6098245535,381.8802518
0.4623375718,0.6080971889,382.0948945
0.461237327,0.6068727817,382.2473242
0.4537149923,0.5985229266,383.2730481
0.4482154245,0.5924440387,384.0074075
0.4432031797,0.5869225911,384.6578263
0.4415261188,0.5850794748,384.8718463
0.4354578773,0.5784274539,385.6220057
0.4334079633,0.576184187,385.8562885
0.4315055702,0.5741094742,386.0873714
0.4290754667,0.571459984,386.3619087
0.4247006413,0.5667034107,386.8427798
0.4231425774,0.5650121614,387.0037918
0.4182649607,0.5597310399,387.4868897
0.4159577976,0.5572384469,387.696529
0.4086335635,0.5493552682,388.2997189
0.4052838015,0.5457627566,388.5319319
0.4002998458,0.5404355325,388.8325747
0.3955923794,0.5354225942,389.0588811
0.393771008,0.5334887944,389.1333418
0.385479434,0.524722851,389.3574521
0.5166068296,0.6691417985,373.1216158
0.5140339125,0.6662794109,373.9208558
0.5127103978,0.6648024783,374.2982631
0.5112578898,0.6631781627,374.6869107
0.5096735849,0.6614024441,375.081104
0.508341885,0.6599066732,375.389045
0.5064300177,0.6577542918,375.7947582
0.5051315313,0.6562891842,376.0464426
0.5038926815,0.6548889458,376.2689928
0.500759226,0.6513369839,376.7575057
0.4956490074,0.6455371804,377.4610272
0.4906483715,0.6398748199,378.1519293
0.4864701955,0.6351547747,378.734046
0.4853156599,0.6338521219,378.8945274
0.4684494703,0.6149151315,381.2500602
0.4667599413,0.6130282002,381.4855794
0.4658945928,0.6120615791,381.6016749
0.4641641971,0.6101326994,381.8456057
0.4573077227,0.6025048444,382.7806851
0.451056089,0.5955811336,383.6298592
0.446312861,0.5903459515,384.2561514
0.4430290808,0.5867305145,384.6773097
0.4420250401,0.5856275937,384.8084945
0.4406076597,0.5840702787,384.9850186
0.4371599396,0.5802903189,385.4147267
0.4341177662,0.5769602292,385.7742004
0.4324064051,0.57509271,385.9833765
0.4292555901,0.5716571059,386.3455542
0.4260046239,0.5681199079,386.7035255
0.4224587731,0.5642704105,387.0728807
0.4181994782,0.5596591105,387.4885067
0.4168309125,0.5581807345,387.616347
0.4152010819,0.5564225175,387.7658252
0.409244562,0.5500113701,388.2541126
0.401199167,0.5413948145,388.7810897
0.3875652715,0.5269216161,389.317609
