P_maxP,AT_maxP,P_maxAT,AT_maxAT,P_maxAA,AA_maxAA
0.5209325272,0.6370885344,0.5082438333,0.6469043381,0.5162220305,0.6844838874
0.5015743721,0.6154772476,0.4890968576,0.6250976261,0.4970541301,0.6613913989
0.5137578411,0.6322918288,0.5023665809,0.6443837004,0.5097555471,0.6827316049
0.5129769755,0.6293626909,0.5011596247,0.6403818324,0.5087524043,0.6778215517
0.5147469119,0.6302649603,0.5023176572,0.6402827872,0.510201293,0.6778081184
0.4957871599,0.6098666543,0.4828270414,0.6189370284,0.4910520559,0.655749599
0.5096889744,0.6265607702,0.4972574859,0.6369292171,0.505170906,0.6750800431
0.4980232225,0.6108137131,0.4851801555,0.6197117404,0.4933335165,0.6559526579
0.5357098136,0.6534663988,0.5235782682,0.6643147396,0.5312215634,0.7026171821
0.521690062,0.6360594665,0.5080960304,0.6442925765,0.5165058505,0.6813415558
0.5096056067,0.6265321829,0.4962174629,0.6356889118,0.5046001593,0.6742914636
0.5206008162,0.6348707702,0.5076084679,0.6438471068,0.5157256322,0.6803872055
0.5178026379,0.6306710567,0.5038164593,0.6380633233,0.5124318076,0.6746294305
0.5153527919,0.6321567199,0.5027307695,0.6422391481,0.5107072703,0.6802327514
0.5238145413,0.6398788634,0.5120501515,0.6508352625,0.5195605131,0.68783577
0.5206674211,0.6369663397,0.5089894502,0.6481048844,0.5164708981,0.6849912397
0.5173266488,0.6368503299,0.504145017,0.6468718637,0.5123962163,0.6864516564
0.515009789,0.6295042864,0.5030878149,0.6399176644,0.5107096451,0.6761117844
0.5245797985,0.6409312365,0.5114781474,0.650254111,0.5196388337,0.6879059873
0.5275807753,0.6455187699,0.5157952743,0.6568889915,0.5233082871,0.6950781086
0.4981133941,0.6092529442,0.4863520373,0.6191290943,0.4939715793,0.654235763
0.517123164,0.631421021,0.5049005337,0.6413951615,0.5126665496,0.678194405
0.517046754,0.6307620032,0.503245127,0.6385917067,0.5117764729,0.6754337217
0.5150920543,0.6301041593,0.5018116616,0.6389138295,0.5101071807,0.6764825287
0.5338879608,0.6487225471,0.5192109841,0.655657154,0.5280968126,0.6935264654
0.5213433563,0.6362828002,0.5073669213,0.6441677441,0.5159698156,0.6817743217
0.5155523299,0.630506436,0.5035395529,0.640913836,0.5112071194,0.6775231721
0.5089841917,0.6241867479,0.4981177569,0.6361489386,0.5052643234,0.6728518402
0.5176211974,0.6317798371,0.5053977853,0.6417171276,0.5131583419,0.6782446656
0.5255033324,0.6428701518,0.5113791075,0.651132465,0.5200438173,0.6899618555
0.5277111575,0.6412221762,0.5143800185,0.6495628322,0.5226345131,0.6864657628
0.5131318336,0.6274844127,0.5001756279,0.6365554384,0.5083056924,0.6727522286
0.5117215985,0.630980192,0.5003680131,0.6433122311,0.5077433189,0.6814147954
0.4921969337,0.6047664205,0.4797299085,0.614115974,0.487725606,0.6500411124
0.5056704157,0.6212443043,0.4934159307,0.6315398498,0.5012498579,0.6684560911
0.5188262207,0.6331758865,0.5066868426,0.6432610208,0.5143945177,0.679375362
0.5035221427,0.6171559207,0.491939838,0.6278449446,0.4994511013,0.6637392011
0.5301982464,0.6449134118,0.5170801451,0.6538014258,0.5252144613,0.6906019245
0.5319374728,0.6480152607,0.5187159312,0.6570919632,0.526911964,0.6955823917
0.5244145708,0.6384828309,0.5110198323,0.6468871277,0.5193136022,0.6834298055
0.5373811697,0.6529270029,0.5246279925,0.6624480041,0.5325571247,0.6998008657
0.5190939041,0.6342057644,0.5070948092,0.6446531079,0.5147398112,0.6813648401
0.5115923327,0.6291085424,0.5006685405,0.641558184,0.5078349787,0.6791236519
0.5216206219,0.6358930402,0.5087437454,0.6450125073,0.5167986129,0.6814405782
0.4967044182,0.6124170052,0.4850457843,0.623555117,0.4926331696,0.6603755308
0.5078913144,0.6214731899,0.4950659885,0.6305456088,0.5031633902,0.6669395371
0.5128442763,0.6285160457,0.5004470412,0.6386205257,0.5083248711,0.6762201779
0.531829669,0.6494121653,0.5193963135,0.659852121,0.5272077286,0.698389859
0.5221762898,0.6395453221,0.5106801626,0.6511710308,0.5180722313,0.6887000383
0.5340413412,0.6487491099,0.5209353529,0.6576367523,0.5290511109,0.6948231697
0.5407442683,0.6576667733,0.5265599175,0.6656956816,0.5351818466,0.7045250558
0.5209024247,0.63681247,0.5085607914,0.6470103487,0.5163708052,0.6844884935
0.4984324624,0.6104007097,0.4868732164,0.6207351195,0.4943887023,0.6556675375
0.5364601066,0.6544711709,0.5218862901,0.6622787789,0.5307179468,0.7013763051
0.52780903,0.6449543834,0.5157914996,0.6558343966,0.5234078223,0.6932810861
0.5173383999,0.6354326397,0.5050700271,0.6462739133,0.5128579047,0.6839474151
0.5184920855,0.6386302116,0.5060045064,0.6496880795,0.5139131613,0.6893410278
0.5214009977,0.6403807148,0.5096770453,0.6521166684,0.5171967509,0.6910730663
0.5266303235,0.639275239,0.5121790035,0.6460010867,0.5209750331,0.682422069
0.5167969225,0.6321383687,0.5033465184,0.6408043626,0.5117171395,0.6785177794
0.5123992627,0.6289737203,0.5005859465,0.6400472693,0.5081796967,0.6775398207
0.5223031062,0.6383665624,0.5092538041,0.6476955669,0.5174083124,0.6858660584
0.5203901075,0.6370955968,0.5065850971,0.6456243433,0.5151177679,0.6841689553
0.5186419579,0.6346386248,0.5057623784,0.6441823106,0.5138422298,0.6816187475
0.5142613293,0.6291163077,0.5022217731,0.639471264,0.5099106306,0.6762146471
0.5234626865,0.6392496978,0.5101181565,0.6481323851,0.5184080815,0.68611376
0.5219844098,0.6360948448,0.508017838,0.6437930924,0.5166129766,0.6812286084
0.5129116803,0.6246323942,0.5011015198,0.6345236382,0.5086717784,0.6696077442
0.5197874941,0.6371355002,0.5081796241,0.6486254033,0.5156313621,0.6857296184
0.5182924261,0.6327494867,0.5061543657,0.6428646394,0.5138630775,0.6789414943
0.5120476477,0.630382307,0.5006023418,0.6423644969,0.508025765,0.6806822022
0.5067658835,0.6230833595,0.4949869654,0.6341654987,0.5025888256,0.6714404899
0.5248572513,0.6428608726,0.5116265932,0.6524175682,0.5198607222,0.6913124903
0.5349556055,0.6540247632,0.5229484939,0.6653547957,0.530535706,0.7039808394
0.5035655657,0.6191732481,0.4907565865,0.628776455,0.4988757499,0.6662174119
0.5084894874,0.6257938954,0.4952951291,0.6352956779,0.5035826533,0.6734967875
0.5220090706,0.6362631106,0.5101014915,0.6466053559,0.5176870392,0.6830358876
0.5172716471,0.632588079,0.5049325058,0.6426606636,0.5127505959,0.6794371302
0.5379607599,0.654932782,0.525478678,0.6651371559,0.5332704774,0.7025401126
0.5131668182,0.6317016491,0.5020589381,0.6441605168,0.5093041611,0.6817525997
0.5110481402,0.6287851292,0.499723335,0.6407786785,0.5070897862,0.6786892586
0.5281145499,0.6449158848,0.5139780219,0.6530184156,0.5226401969,0.6920085466
0.5202716212,0.634812619,0.5070573528,0.6435736471,0.5152960815,0.6810402911
0.5299010024,0.6439832982,0.5166545308,0.6525592059,0.5248516056,0.6891836904
0.532504098,0.6507094916,0.5200318514,0.6612484086,0.5278695639,0.700746987
0.5178719398,0.6317117293,0.5050792984,0.6408485312,0.5131087573,0.6770040606
0.5333084356,0.6498006142,0.5193549789,0.6580441328,0.5279066213,0.6971874473
0.4997779603,0.6122053602,0.4879357753,0.6222850135,0.4955817159,0.6573547793
0.5185472542,0.6333464053,0.5048579251,0.6415721472,0.5133232925,0.6783463955
0.5134067297,0.6266798482,0.4997740328,0.6346309404,0.508238266,0.6711873504
0.5311836288,0.6488620554,0.5168879101,0.6569610749,0.5256075392,0.6958000753
0.519139061,0.6360890385,0.5078085589,0.6478380502,0.515138834,0.6855515045
0.5159433707,0.6338366174,0.503430958,0.6443228344,0.511356798,0.6829373488
0.5317887252,0.6476800896,0.5187360159,0.6569265,0.5268375734,0.6944175769
0.5074999735,0.6246109756,0.4947628963,0.6346564124,0.5028412887,0.673356755
0.5208968113,0.6402705144,0.5088256401,0.6516618377,0.5165124098,0.6904529136
0.5242329675,0.6426648453,0.5128425566,0.6546771141,0.5201816583,0.6930479123
0.5346074356,0.6548116661,0.5224311027,0.6662058504,0.530102491,0.7051379012
0.529292519,0.6455210428,0.517151013,0.6560138988,0.5248192239,0.6932014905
0.4992900149,0.6120100916,0.4864044179,0.6208316943,0.4945716864,0.6570200985
0.5222421755,0.6392933452,0.5092344096,0.6489142431,0.517365746,0.6870580243
0.5051366128,0.6204256484,0.4938955112,0.6319505192,0.5012377869,0.6684277083
0.4875485727,0.601431654,0.4759807551,0.6122801528,0.4835599629,0.6481404241
0.4985902749,0.6140811576,0.4867968745,0.6249815786,0.4944433057,0.661972041
0.5107006421,0.620865391,0.4980141855,0.6292831763,0.5060166967,0.6640247369
0.52064937,0.6358091163,0.5069818793,0.6441414121,0.5154369343,0.6816755212
0.5046816335,0.6193448354,0.4916413935,0.6284176635,0.4998689504,0.6657927508
0.503383556,0.6202051365,0.4903430378,0.6298086623,0.4985831856,0.6680930067
0.5082933967,0.6248564573,0.4953003075,0.6344363167,0.5034939866,0.6726628582
0.5023169922,0.6167953557,0.4891259081,0.6256400675,0.497433019,0.6626554176
0.5178650046,0.6360227001,0.5054793254,0.6467269622,0.5133347422,0.6854055671
0.5209042195,0.6345558204,0.5074628835,0.6428140147,0.5158010612,0.679601451
0.5009199401,0.6160422588,0.4882700783,0.6257424678,0.4963219049,0.6628616127
0.5282674037,0.6429062698,0.5160181195,0.6528823564,0.5237416268,0.6896122893
0.5195019502,0.6342423675,0.5066173003,0.6434727767,0.514690926,0.6803268705
0.5219751849,0.6373409786,0.5080442466,0.6453831862,0.5166212213,0.6830215684
0.5132604009,0.6278959477,0.5010351403,0.6379654593,0.5088172588,0.6745821269
0.5135340781,0.629877013,0.4998390175,0.6384843853,0.5083411038,0.6762408019
0.5224130386,0.6389563195,0.5088162318,0.6477037873,0.517237532,0.6861511337
0.5199250684,0.6376287653,0.5075580382,0.648236045,0.515386315,0.6861992755
0.5287839928,0.6459535488,0.5152909514,0.6549595609,0.5236331219,0.6936627173
0.5156342459,0.629677666,0.5028904106,0.6389342739,0.5109123976,0.6754915832
0.5221869186,0.6373538371,0.5105083641,0.6482078246,0.5179858372,0.6850670597
0.5216565636,0.6367889846,0.5075916753,0.6446065174,0.5162403239,0.682554364
0.5127700529,0.6295573177,0.5010863194,0.6408471593,0.5086222023,0.678876061
0.5323323406,0.6486384694,0.5200509334,0.6589596701,0.5277758983,0.6964358783
0.5223930821,0.6367461341,0.5087868135,0.6449573971,0.517206424,0.6824890261
0.507909056,0.6223180322,0.4967326805,0.6336940827,0.5040279557,0.669795578
0.5104280558,0.6236877768,0.4983875351,0.6336702857,0.5060817788,0.6691544834
0.5094674092,0.6233096701,0.4962973192,0.6319996523,0.504563894,0.6691402968
0.5019990473,0.6180454219,0.4900334432,0.6288449993,0.4977507363,0.6662461982
0.5194437538,0.633185962,0.5064111527,0.641989023,0.5145566343,0.6786407402
0.5253262357,0.6450368404,0.5135301823,0.6568410896,0.5210626108,0.695695865
0.500276371,0.6125359898,0.4873733702,0.6212203019,0.4955440909,0.6572963741
0.5043049475,0.6163586397,0.4920500946,0.625802188,0.499877763,0.6610948855
0.5187624475,0.6349108364,0.5053001543,0.6437483933,0.5136694602,0.6817995559
0.4994152636,0.6139303113,0.4867610151,0.6234832303,0.4948217712,0.6604461006
0.5155810347,0.6362511301,0.5041382433,0.6487995814,0.5115451875,0.687762268
0.5177099789,0.6320660618,0.5039246061,0.6400668727,0.5124430032,0.6769190007
0.5170705947,0.6318711198,0.5038767422,0.6407324502,0.5121101673,0.6775222778
0.515396564,0.6309063746,0.5017416203,0.639357499,0.5102095498,0.6765464701
0.5252885146,0.6410517501,0.5118636597,0.6498199206,0.5201892495,0.6881888573
0.4887295516,0.6041336897,0.4771801933,0.6153779876,0.4847497692,0.6519074676
0.5245829988,0.638744522,0.5105949601,0.6464193416,0.5191941631,0.684278143
0.5103455865,0.6248686592,0.4988667034,0.635874984,0.5063031155,0.6725003489
0.5127227877,0.6289510207,0.5003408169,0.6392113549,0.508203273,0.6763171102
0.5168842698,0.634283008,0.5041083937,0.6443071373,0.5121491339,0.6822273557
0.5194794486,0.6345673696,0.5062308558,0.6434190545,0.5144813726,0.6804172589
0.51501889,0.6323326711,0.5023162029,0.6424379016,0.5103233751,0.6798333138
0.537428069,0.6520910256,0.5237935154,0.6602896012,0.5321507949,0.6976316137
0.521374195,0.6359378591,0.5085474887,0.6451919299,0.5165947928,0.6827463253
0.50801547,0.6254173659,0.4960248125,0.6364895365,0.5037368479,0.6750450437
0.5068628333,0.6219881891,0.4935016575,0.6307539689,0.5018758466,0.6683603335
0.5317093446,0.6486712764,0.5177011229,0.6569627391,0.5262851043,0.6960760851
0.5161219687,0.6329664951,0.504650131,0.6445244047,0.5120593256,0.6819330067
0.5207806799,0.63851659,0.5076060058,0.6480966335,0.5158351688,0.6871232176
0.5310299544,0.6498480085,0.5190926463,0.661224078,0.5266627327,0.699626423
0.5120820892,0.6301527602,0.5012588511,0.6428669594,0.5083752488,0.6806190395
0.5115705836,0.6232294096,0.4991860643,0.6323837375,0.5070474474,0.6679850972
0.4949473004,0.6075206331,0.4835565164,0.6182352731,0.4910149983,0.6538095446
0.5163141217,0.6291213055,0.5037487773,0.638304078,0.5116796843,0.6744836705
0.5267201825,0.6475724535,0.5131701316,0.6574050074,0.5215590862,0.6976037206
0.5094973839,0.6233276626,0.4959495486,0.631533632,0.5043979146,0.6686289777
0.5186756583,0.6338505366,0.5066119091,0.6442328783,0.5142892553,0.6808983885
0.5121832135,0.6312759907,0.5012446145,0.6440973202,0.5084192986,0.6823193879
0.5281792713,0.6446882548,0.5139848196,0.6526473259,0.5226700282,0.691245434
0.5245806286,0.6389463914,0.5116639002,0.6480264722,0.5197303321,0.6849134361
0.5158230432,0.6318769448,0.5023398148,0.6406762939,0.510733633,0.6787274018
0.5261131475,0.6400477109,0.5127205157,0.6484169083,0.5209984617,0.6845029177
0.5150666943,0.6285234049,0.5023096275,0.6376241142,0.5103413127,0.6740969255
0.5104131538,0.6284223564,0.4975455666,0.63850718,0.5056696501,0.677142096
0.5260392469,0.6406502204,0.512430163,0.6489068246,0.5208315064,0.6863496643
0.5009722109,0.6135651009,0.4877934474,0.6219754967,0.4960904435,0.6578949375
0.5076200505,0.6206938464,0.4955187132,0.6305660184,0.5032643263,0.6665950797
0.5261076091,0.6438008643,0.5140294203,0.6547453524,0.5216932476,0.6930584591
0.5184872608,0.6364168494,0.505249761,0.645973201,0.5135130444,0.6845099829
0.5182488474,0.6317566618,0.5041210921,0.639119571,0.5128066826,0.6760745324
0.5231296492,0.6393945965,0.5100579324,0.6487404197,0.5182034688,0.6858480572
0.5420357316,0.6577780436,0.5279841836,0.665691342,0.536530363,0.7039025556
0.5051466466,0.6155276899,0.4915046924,0.6228065609,0.5000081584,0.6584528684
0.5136720888,0.6284838425,0.5008300607,0.637808962,0.5089103391,0.6746309792
0.506422543,0.6212999648,0.4949926309,0.6324752163,0.5024155797,0.6685614418
0.5162773434,0.6294228926,0.5029625913,0.6377369791,0.5112541095,0.6739128972
0.5195873634,0.6329561984,0.5077208852,0.6431464798,0.5152993462,0.6794671584
0.506045177,0.6198398253,0.4948015588,0.6309881669,0.5021395462,0.6670593343
0.4992989846,0.6149580955,0.4888439192,0.6276147941,0.4958457878,0.6650115882
0.5105873644,0.6281910663,0.4976426053,0.6380768623,0.5057962453,0.6761193349
0.5167213095,0.6324897853,0.5038020622,0.641935581,0.5119003047,0.6786404732
0.5081248745,0.6208842947,0.495015431,0.6293961928,0.5032421723,0.6651840332
0.5231756125,0.6412299944,0.5093072728,0.6499920698,0.5178574402,0.6888434821
0.5010215037,0.6146606999,0.4886267959,0.6243250639,0.4965564428,0.6612351565
0.5366686529,0.6528747688,0.5223695994,0.6606019846,0.5310568895,0.698612877
0.5202824632,0.6388545593,0.5084910152,0.6504091808,0.5160464596,0.689098047
0.5352292947,0.651864867,0.522452142,0.6616256649,0.530405688,0.6993915652
0.5316640177,0.6484996939,0.5180745085,0.6572924355,0.5264450146,0.6956029713
0.517232652,0.6327836239,0.5048121947,0.6428098558,0.5126849734,0.6807271587
0.5276768503,0.6448022693,0.5150302765,0.6548781752,0.5229566496,0.6927280717
0.5170581234,0.6332612752,0.5049426002,0.6438357765,0.5126590863,0.681180459
0.5297034093,0.6457029969,0.5168978413,0.6552966768,0.5248914454,0.6929117532
0.5324692536,0.6469686022,0.5192250706,0.6556376908,0.527412517,0.6926038781
0.5212220433,0.6379443965,0.5073203262,0.6463509317,0.5158859216,0.6842191078
0.515517302,0.6315286825,0.5040983604,0.6429518475,0.5114837261,0.6800896178
0.5407567336,0.6585269827,0.5278758866,0.6684075526,0.5358549687,0.7065609739
0.5208292147,0.6360553347,0.5070637796,0.6442784199,0.5155768532,0.6826172746
0.5079569514,0.6244144264,0.4947134739,0.6336492921,0.5030240986,0.6714426448
0.5219557926,0.6400044444,0.509781012,0.6509322361,0.5175027799,0.6886832156
0.5167036224,0.63080472,0.5038284928,0.6399042303,0.5119069135,0.67635206
0.5276717115,0.6438700908,0.5144463693,0.6529870087,0.5226586684,0.6910724946
0.5193135892,0.6333616973,0.5057414618,0.6415541857,0.5141520592,0.6785323542
0.5063977944,0.6212493407,0.4930849495,0.6300125242,0.5014436549,0.6679555488
0.5107665488,0.6266354128,0.4990961887,0.6377260546,0.5066196572,0.6744032184
0.5257319963,0.6448449734,0.512818529,0.6550723149,0.5208972974,0.694389639
0.5045106977,0.6193851208,0.4934814736,0.6310816355,0.5007227703,0.6673371941
0.532534112,0.6526643995,0.5188105599,0.6620759269,0.5272532283,0.7019311155
0.523363915,0.6401642532,0.5115265217,0.6512098069,0.5190791156,0.6887247151
0.5065226731,0.6167850197,0.4933359307,0.6246077904,0.5015974484,0.6592523593
0.5054257996,0.6198789169,0.4929336045,0.6295978162,0.5008764511,0.665797401
0.5271619023,0.6439456116,0.5152665031,0.6548956198,0.5228253925,0.6921484894
0.5061089378,0.6217599175,0.4944962118,0.6328936947,0.502021132,0.6700356305
0.5191177241,0.6386412144,0.5062864309,0.6491039161,0.5143505177,0.6880140555
0.5181357431,0.6340434012,0.5048021168,0.642989281,0.5131019301,0.6802805684
0.5114595396,0.6245025555,0.4980348251,0.6326696244,0.5064193531,0.6699385102
0.5210226375,0.6370210341,0.5079286324,0.6462825539,0.5161039464,0.6839468004
0.5090585737,0.6261286356,0.497222785,0.6373122081,0.5048509371,0.6754848428
0.5114172178,0.6269215514,0.4989109508,0.6368523643,0.5068391214,0.6737662817
0.51090352,0.6268465046,0.4987765026,0.6373711656,0.5065192408,0.6740383675
0.5064116995,0.6212371438,0.4941768516,0.6313712378,0.5019994285,0.6682456973
0.5034090281,0.6177852941,0.4911677615,0.6278150015,0.4990111777,0.6648337614
0.5309372828,0.6452197359,0.5168657254,0.6527975927,0.5254689654,0.6902920038
0.5296599221,0.6428527679,0.5159210613,0.6505971303,0.5243590531,0.6871676771
0.5025840289,0.6181417387,0.490344239,0.6284665562,0.498181692,0.6650894135
0.5022530966,0.6136047707,0.4885312787,0.6210221441,0.4970822825,0.6565690211
0.5195105294,0.633066548,0.5058177406,0.6409881464,0.5142886035,0.6780538988
0.5012456225,0.6189589998,0.4905145989,0.6317652672,0.4976344668,0.6691513137
0.5031659764,0.6207572498,0.492401402,0.6334782838,0.4995275946,0.6707821613
0.5257768987,0.6431294656,0.511657671,0.6513937696,0.5203152127,0.6899817201
0.5225465225,0.6378451172,0.5095499778,0.6470559019,0.5176721273,0.6846560813
0.5063642794,0.6228468384,0.4929616868,0.6318904864,0.5013553885,0.669585606
0.5223888793,0.637569265,0.5096726305,0.6471080954,0.5176549795,0.684323393
0.51806737,0.6336072496,0.5051602389,0.643007701,0.5132606995,0.6806649478
0.5289051637,0.6480558971,0.5171556317,0.6597634488,0.5246459984,0.698303131
0.523785173,0.6431698786,0.5103499344,0.6528047474,0.5186834397,0.6916523735
0.4969345395,0.6148910054,0.4866116864,0.6283115712,0.4935557867,0.665802652
0.5127395979,0.6290137937,0.4997365176,0.6384917188,0.5079098894,0.6763793708
0.5110480738,0.6303714425,0.4984927757,0.6411777519,0.5064652582,0.6802941197
0.5238684627,0.6368231767,0.511030743,0.6456681311,0.5190538179,0.6816775295
0.5199478952,0.6348155176,0.5073940896,0.6444950556,0.5152985977,0.6808791192
0.509512517,0.6245785406,0.4968738591,0.63424194,0.504876258,0.6711457029
0.5246589346,0.6396715752,0.5122596319,0.6495627746,0.5200730967,0.6863933667
0.5295627259,0.6491351039,0.5174464433,0.660475095,0.5251194668,0.6997716298
0.5273882536,0.6425472796,0.5134374353,0.6504968684,0.522000106,0.6882302512
0.5037489389,0.6221792754,0.491856241,0.6336544475,0.4995292381,0.6715170169
0.5045161831,0.6186437288,0.4915001242,0.6276183673,0.4997136078,0.6646590313
0.5261508399,0.641681736,0.5131082542,0.6508759987,0.5212397522,0.688835435
0.5237399959,0.6410111957,0.5098128283,0.6495078729,0.5183879201,0.6881303031
0.51572258,0.6343828279,0.5038964872,0.6459380862,0.51148575,0.684280645
0.5289531495,0.6443032837,0.5160578968,0.6536300751,0.5241011963,0.6912988792
0.514053537,0.6285820913,0.5022385499,0.6391442332,0.509820667,0.6758617441
0.520922472,0.6409626217,0.5093520784,0.6531606041,0.5167994292,0.6923235955
0.5199961306,0.6359194724,0.5073862732,0.6457831564,0.5153340772,0.6835423794
0.5261824937,0.6387082056,0.5118631059,0.6455737434,0.5206061012,0.6825049408
0.5035929197,0.6165333636,0.4916785573,0.6266289648,0.4993482214,0.6622861374
0.5385593561,0.6561557293,0.5242467394,0.6641892546,0.5329479801,0.7036339864
0.5291518379,0.6434832638,0.5154927427,0.6515995977,0.5239014708,0.6888588419
0.5033274927,0.616938015,0.4903347378,0.6258220841,0.4985375933,0.6624094282
0.5223197111,0.6398309375,0.509788197,0.6501704374,0.5176890101,0.6884230285
0.5303150593,0.6473839295,0.5162782996,0.6556694853,0.5248852426,0.694980643
0.5261236945,0.6439714831,0.5141991192,0.6551494128,0.5217723765,0.6922925063
0.5100076573,0.6285474089,0.4973480146,0.6390314306,0.5053701828,0.6775408105
0.5273544249,0.6433656198,0.513390423,0.6515014136,0.521962406,0.689605334
0.5041255778,0.6224049053,0.4932721572,0.6351787731,0.5004298983,0.67211621
0.5218044611,0.6396112258,0.5086628279,0.6492463816,0.5168567269,0.6872500947
0.5170600475,0.6335255083,0.5051505503,0.6444269636,0.5127686253,0.6819074149
0.509343931,0.6226581167,0.4961202805,0.6311534323,0.5044062251,0.6677040032
0.5212328625,0.6384784832,0.5076566899,0.6474257973,0.5160755902,0.6861634051
0.5094586462,0.6262185993,0.4961738893,0.63546788,0.5045012513,0.6736051047
0.5212745817,0.6371661359,0.5080863572,0.6462810444,0.5163075115,0.6840273225
0.5136095742,0.6291562098,0.5008593154,0.6387765778,0.5089039825,0.6763418647
0.5147492853,0.6333554664,0.5025397025,0.6444105944,0.5103260835,0.6832832017
0.5270988175,0.6448059553,0.514428039,0.6549947181,0.5223698784,0.6930426744
0.5106006335,0.6241860615,0.4971436061,0.6324449494,0.5055377324,0.6691513199
0.5192122629,0.6362121381,0.5059435944,0.6455003062,0.5142186059,0.6838443028
0.5248214749,0.6406445468,0.5129353091,0.6513827881,0.5205036503,0.688623982
0.5172282995,0.6326694417,0.5038904822,0.6415011183,0.5122069371,0.6793994355
0.5221089528,0.6402371172,0.5094549133,0.6505716682,0.5174199437,0.6892533281
0.5195635301,0.6312429288,0.5072707185,0.6404871473,0.5150435027,0.6756869622
0.5002857991,0.6150240747,0.48737201,0.624295207,0.4955553159,0.661397446
0.5052045402,0.617500307,0.4921762972,0.6260150218,0.5003783623,0.6617395064
0.5224401572,0.6385943233,0.5090854235,0.6475561607,0.5173823766,0.6854206864
0.5252013559,0.641577615,0.510989689,0.6494931364,0.5196874081,0.6873769657
0.516996356,0.6316991205,0.5043677056,0.6412558277,0.5123330732,0.6783333108
0.5138363621,0.6274627899,0.5007486873,0.6361891636,0.5089380383,0.6721862857
0.5171794316,0.6323597247,0.5042080977,0.6415951788,0.5123328994,0.6784201633
0.4981265234,0.6135005266,0.4857343832,0.6236057009,0.4936709429,0.6604877998
0.4977806201,0.6134511047,0.485313895,0.6235349612,0.4932870148,0.6604023465
0.5244291987,0.6412179458,0.5121006761,0.651630711,0.5198772134,0.6885695157
0.503800532,0.618688905,0.4918861221,0.6292602213,0.4995633167,0.6659218884
0.544162786,0.6609833807,0.530004915,0.6690106553,0.5385997437,0.7079694779
0.5190449516,0.6353127612,0.5060929629,0.6448281921,0.5142093634,0.682568076
0.5189584727,0.6351527702,0.5054836013,0.6439846092,0.5138629259,0.6823892521
0.5221704776,0.6412999995,0.5086537577,0.650775357,0.517043786,0.6902477421
0.5192077444,0.6345652579,0.5070577038,0.6448799394,0.5147777106,0.6818369264
0.5207247987,0.6385238352,0.5092119272,0.6502414774,0.5166208568,0.688003607
0.5121806791,0.6256714049,0.5006889374,0.6363999262,0.5081175249,0.6724247286
0.5034590615,0.6194130707,0.4914252741,0.6300952487,0.4991567221,0.66663163
0.5265049163,0.6423085961,0.5128271608,0.650761059,0.5212589887,0.6884271255
0.5158119487,0.6344219006,0.504574904,0.6467192453,0.5118736091,0.6846181884
0.5131746624,0.6309912142,0.5005692317,0.6413523222,0.5085428651,0.6791825352
0.532503456,0.6475065597,0.5176741957,0.6542922088,0.5266392913,0.6921269885
0.5202716976,0.635297896,0.5065757082,0.6435633866,0.5150456768,0.6810234401
0.5048730608,0.6193742448,0.4939168707,0.6310697888,0.5011195642,0.6671229214
0.5144335701,0.6295798228,0.5016415737,0.639046497,0.5096957512,0.6760563993
0.5373815249,0.6522889335,0.5233905644,0.6600960656,0.5319297597,0.6981214464
0.5250836666,0.6426318258,0.511881194,0.652113313,0.5201034018,0.6911143183
0.522169412,0.6377730832,0.5092136248,0.6471106167,0.5173077071,0.6840728285
0.5296912159,0.6482569096,0.5177724161,0.6596011075,0.5253450006,0.6983342082
0.5081508149,0.6237286721,0.4957352303,0.6338077713,0.5036441559,0.6713714303
0.5027735532,0.61678649,0.4902710237,0.6263965072,0.4982346589,0.6627150789
0.5111115809,0.6273864799,0.498751693,0.6376937823,0.5066108009,0.6747815212
0.5233756617,0.6394101692,0.5101706014,0.648529942,0.5183875426,0.6861487444
0.5182899215,0.6332914696,0.5067132255,0.6442526044,0.5141575679,0.6808863509
0.501984531,0.6163557245,0.490546362,0.6274178211,0.4979943076,0.6633857304
0.5239767536,0.6391151266,0.5107427224,0.6479805317,0.5189735503,0.6855978902
0.5091869143,0.6226780761,0.4962077149,0.6315276037,0.5043686694,0.6676047079
0.5089239706,0.6247874795,0.4965202562,0.6349480839,0.5044084112,0.6717681325
0.5089030296,0.6261510744,0.4973110967,0.6376921006,0.5048158569,0.6754232682
0.5163080736,0.6313792051,0.5031480288,0.6403516083,0.5113711756,0.6773592764
0.5140448339,0.6285704515,0.5025481414,0.6395369747,0.5099712137,0.6758550877
0.5058881285,0.6196666245,0.4936260919,0.6295129987,0.5014598075,0.6658507579
0.5126062324,0.6254776659,0.5010645064,0.6359897369,0.5085101724,0.6715352545
0.4956232405,0.6108960742,0.4852514744,0.6235844585,0.4922150839,0.6596917203
0.5076824013,0.6238765023,0.4947684694,0.6334704407,0.5029181131,0.6709985387
0.5023315631,0.6173578352,0.4899094126,0.6273199376,0.4978464593,0.6645582068
0.5190293848,0.6351904941,0.5057378852,0.644247666,0.5140178262,0.6819195189
0.5174638131,0.6333418641,0.5058972986,0.6445345812,0.5133477118,0.6818757393
0.5148290873,0.6300579534,0.5025462805,0.6401916568,0.5103606976,0.6777940825
0.515368684,0.6286163618,0.5025608496,0.6376012085,0.510615285,0.6740089106
0.5178267267,0.6308039371,0.5036127345,0.6379333159,0.5123401362,0.6746562912
0.5334026644,0.6545094504,0.5216201462,0.6666345763,0.5291127879,0.706231929
0.5224219243,0.641271392,0.5106291279,0.652881939,0.5181636621,0.6907651757
0.5246167016,0.6404754343,0.5121986087,0.6505476834,0.520030079,0.6881809721
0.5233100574,0.6402379001,0.510771486,0.6504220283,0.5186679008,0.6883230103
0.5064061365,0.619739252,0.4933373205,0.628447335,0.5015575109,0.6646673495
0.5218653762,0.6397271457,0.5095285927,0.6504027677,0.5173366365,0.6886720518
0.5144019041,0.6301879664,0.5024480618,0.6408789533,0.5100954921,0.6778660471
0.5302324171,0.6473469259,0.5182785017,0.6582891783,0.525863312,0.6965327746
0.5018277499,0.615605547,0.4886569915,0.6243086773,0.4969615735,0.6615128809
0.5081630378,0.6197363704,0.4943231772,0.6270374875,0.502911921,0.6631957896
0.5099149766,0.6235948643,0.4969130112,0.6324580627,0.5050838586,0.6687318016
0.5023427811,0.6156515017,0.4892469626,0.624335004,0.4975020523,0.6607095303
0.4856098715,0.5976139773,0.4736483991,0.6075026631,0.4814251503,0.6428685401
0.5294317011,0.6429191454,0.5151276859,0.6500207051,0.5238437702,0.6869096777
0.5232362374,0.6407458546,0.5098133944,0.6499445652,0.5181364528,0.6878905277
0.5049012353,0.6180760526,0.4927140571,0.6278752739,0.5005178144,0.6641841097
0.509640547,0.624584825,0.498261379,0.6358253058,0.5056386745,0.6715152284
0.5155252734,0.6322367928,0.5034600328,0.6430070342,0.511151042,0.6798494616
0.5118990406,0.629191137,0.4990819869,0.6391585935,0.5071601396,0.676605073
0.5347815843,0.6514661614,0.5211593583,0.6601700642,0.5295315211,0.6985042943
0.5182147693,0.634389233,0.5064903683,0.6454498576,0.5140132564,0.6828445307
0.5127689662,0.6264920139,0.5000421253,0.6357043606,0.5080670677,0.6720213645
0.502495991,0.61808862,0.4902355839,0.6283960002,0.4980870083,0.6652785425
0.5123419755,0.6279498486,0.4996887357,0.6377142608,0.5076926304,0.6752962981
0.513468364,0.6276473583,0.5005301123,0.6366980481,0.5086595052,0.6734997581
0.5084218207,0.6234729473,0.4965843619,0.6341605657,0.5042109159,0.6714788705
0.5174091948,0.6310374867,0.5038813203,0.6391925541,0.5122713216,0.6755371829
0.5042369526,0.6200998181,0.4913726726,0.6296915087,0.4995193671,0.6674718522
0.5195820701,0.6350556421,0.5069512321,0.644785382,0.5149038239,0.6819271606
0.5073861416,0.6195075381,0.4958621099,0.6298830471,0.5033326492,0.6658601433
0.508321831,0.6247669855,0.4966443042,0.6360026992,0.5041816391,0.6727114826
0.5272027894,0.6430985546,0.5138723251,0.652011201,0.5221326659,0.6896797115
0.5188990868,0.6341878976,0.5065593316,0.6442459502,0.5143718149,0.6811483695
0.5218294651,0.6434834877,0.5093916428,0.6549633146,0.517259834,0.6949234795
0.506634939,0.6209329838,0.4934778245,0.6297603659,0.5017344826,0.6658517441
0.5228115407,0.6398961318,0.509319302,0.6489055259,0.51768677,0.6873776551
0.5131075164,0.6271483493,0.5003499389,0.6363969537,0.5083862028,0.6726546324
0.5064000431,0.6225778493,0.4939752093,0.6327999087,0.5018957543,0.6704053143
0.5193615934,0.6353145483,0.5075963766,0.6462634876,0.5151400812,0.6841023588
0.5078756107,0.6257870018,0.4958800808,0.6369796175,0.503588647,0.6751510001
0.5183786204,0.6364881018,0.5070751619,0.6485623161,0.5143965077,0.6865705716
0.5286256013,0.64346049,0.5147206327,0.6513870925,0.5232548643,0.689029328
0.5183263706,0.6355206834,0.5067477127,0.6470173201,0.5141933039,0.6841589595
0.5120842364,0.6247716408,0.4987859927,0.6330120651,0.5070946712,0.6694195488
0.5139333439,0.6317935815,0.5021648957,0.6432340058,0.5097331501,0.6812706449
0.5129173917,0.6307889894,0.5014579767,0.642633437,0.5088729141,0.679997674
0.5191181838,0.6343015688,0.5056114042,0.6428493017,0.5139994944,0.6806207094
0.5135040281,0.6300381008,0.5019296626,0.6414016589,0.5093945967,0.6782822915
0.5119054166,0.6277920354,0.5000672063,0.6386670857,0.5076789584,0.6762782524
0.5175202393,0.6339271959,0.5055363927,0.6447173162,0.5131880743,0.6821781301
0.5129998298,0.6298893503,0.5007111434,0.6404294995,0.5085430511,0.6788370254
0.519093116,0.6344018982,0.5068039661,0.6445283201,0.5145872275,0.6811647879
0.5267742618,0.6450739236,0.5133832892,0.6544900791,0.5216895924,0.6937260393
0.5066604473,0.621996471,0.4942667367,0.6320511565,0.5021706767,0.6694511796
0.5040117325,0.6204342905,0.4920333871,0.6313003901,0.4997504412,0.6690213747
0.5262722714,0.6439401589,0.5141557757,0.6548288913,0.5218331059,0.6928202477
0.5264847278,0.6449719638,0.5139120466,0.655478358,0.5218180833,0.6943391084
0.5045004087,0.6225008549,0.4913718657,0.6322749504,0.4996455419,0.6705454686
0.5142988438,0.6280615465,0.5009956329,0.6365450561,0.5092992476,0.6733887069
0.5208916111,0.6364869486,0.5077897336,0.6456418006,0.5159674235,0.6830765181
0.4911698995,0.6068347735,0.4790864004,0.6174425273,0.4869107312,0.6546441067
0.5362655755,0.6511229309,0.5223170462,0.6589752678,0.5308378478,0.6967713395
0.5214727633,0.6382228589,0.5075505511,0.6466090332,0.5161370901,0.6853260751
0.523016065,0.641201574,0.5097487752,0.6507631682,0.5180093478,0.6896891848
0.5133932972,0.6294345987,0.5015816356,0.6403743768,0.509168663,0.6776642309
0.5021433194,0.6171192527,0.491291401,0.6290805156,0.4984611828,0.665556112
0.5413065748,0.6592406972,0.5267594649,0.6670484923,0.535570184,0.707212558
0.5289384668,0.6467866945,0.5161735958,0.6568820535,0.5241576634,0.6953663698
0.502559131,0.6170910115,0.4899630518,0.6267087837,0.4979824023,0.6637956496
0.5241055986,0.6410123472,0.5112546025,0.6507902011,0.5193011944,0.68890182
0.5318141983,0.6498680298,0.5185123977,0.659318305,0.5267435941,0.697936324
0.5119211321,0.6288224813,0.5001114815,0.6399835932,0.5076995738,0.6770937613
0.5080341295,0.6216198393,0.4944911851,0.6297786628,0.5029337763,0.6661385534
0.5006034787,0.6144850916,0.488170922,0.6241619978,0.4961116473,0.6604858344
0.5264140597,0.6471544562,0.5139438097,0.6583442535,0.521803445,0.6979213581
0.509496953,0.6251654817,0.4960318089,0.6339193623,0.5044447016,0.6717139908
0.5307856139,0.6482448087,0.5177462908,0.6578893753,0.5258513605,0.696082842
0.5225489535,0.6379272396,0.5084751982,0.6457890865,0.5171222277,0.6836801967
0.5292096127,0.6459706019,0.5148123872,0.6537287584,0.5235917058,0.6924406619
0.5351714468,0.6545762424,0.5214414756,0.6637942119,0.5298756322,0.7035670894
0.5054854367,0.6182333035,0.4927351061,0.6272094201,0.5008014164,0.663003274
0.5208967871,0.6374923655,0.5077857667,0.646876948,0.5159722342,0.6848333961
0.5081806886,0.6231897966,0.4950204835,0.6321790059,0.5032982041,0.6702563358
0.5139523025,0.6308380238,0.5011367702,0.6406992354,0.5092218794,0.6793214843
0.5204185752,0.6346808016,0.5080660544,0.6444675782,0.5158713492,0.6807318136
0.5187705092,0.633980524,0.5051724106,0.6424197875,0.5135959039,0.6794938683
0.5039178826,0.6205098612,0.4932436621,0.6330921358,0.5003264483,0.6704703732
0.5103032799,0.6249696102,0.4988702802,0.6360698106,0.5062894391,0.6730706475
0.5114120965,0.6239249308,0.4995394596,0.6339351669,0.5071503136,0.6694097437
0.5151930366,0.6298352757,0.5020649893,0.6387494109,0.5102811335,0.6758771735
0.5267522816,0.6384200059,0.5129537729,0.6457387157,0.5214337561,0.6819384786
0.5299254446,0.6434815309,0.5164152764,0.6515994561,0.5247456548,0.6885146143
0.5240782664,0.6406825262,0.5116334253,0.6509039744,0.5194759855,0.6883824202
0.5153212352,0.6316389109,0.5023634063,0.641174391,0.510499262,0.6788397579
0.5254306164,0.6405596878,0.5110668812,0.6479851017,0.5198375233,0.6856358434
0.5112344628,0.624510491,0.4994555851,0.6348260188,0.5070267634,0.6707812982
0.4976953656,0.6111423726,0.4854148016,0.6209204656,0.4932946021,0.6570515599
0.5146451705,0.6310933087,0.5010001938,0.6397857882,0.509478984,0.6779961829
0.5219170912,0.6364457583,0.5077594138,0.6440011942,0.5164458726,0.6814325224
0.5052223253,0.6192494173,0.4920011348,0.6279351175,0.5003124879,0.6650992323
0.4978307702,0.6136512169,0.4858100562,0.624344905,0.4935685262,0.6613098872
0.5177125302,0.631385495,0.5050171702,0.6406061994,0.5130047844,0.6770152715
0.5258590574,0.6391588324,0.5123557932,0.6472381666,0.5207008376,0.6839986082
0.5187976318,0.6360806176,0.5071595433,0.6475208639,0.5146367595,0.685066859
0.5066902464,0.6215009795,0.4946772374,0.6319136015,0.5023841158,0.6682713214
0.5187305927,0.6339495646,0.5067110962,0.6443986714,0.5143732595,0.6815323444
0.5241414258,0.6418275141,0.5116580827,0.6522629418,0.5195281212,0.690645738
0.5269968728,0.643180306,0.5128707617,0.6511525716,0.521521371,0.6891900493
0.5207539756,0.6367469964,0.5090297987,0.6477514197,0.5165340541,0.6846393934
0.5253234708,0.6422961912,0.5112835573,0.6505721452,0.5199126243,0.6896207844
0.5312555646,0.6457834225,0.5172830476,0.6535433993,0.5258363222,0.6910541932
0.5151581766,0.6285424405,0.5032807918,0.6387418154,0.5108788566,0.6745925441
0.5241235946,0.6429450581,0.5109781017,0.6528119799,0.5191696222,0.6915267544
0.5203490818,0.6376577134,0.5089819403,0.6494422894,0.5163248329,0.6872894245
0.5071978735,0.6230478448,0.495550934,0.6341814724,0.503088555,0.6714690548
0.5202192273,0.637037256,0.5071977495,0.6465925461,0.5153418571,0.684433042
0.5325106131,0.6484441582,0.5181102733,0.6559916749,0.5268722818,0.6943249216
0.5254472678,0.6416069377,0.5127880879,0.6514423134,0.520724035,0.6885757415
0.5185974275,0.636241241,0.5048877585,0.6451244292,0.5133786429,0.6835741007
0.5086980138,0.6250467936,0.4956575751,0.6345121002,0.5038686423,0.6724355823
0.5266345628,0.6417115187,0.5143471893,0.6517519168,0.5220977117,0.6886335323
0.5095599887,0.6220759276,0.4958512942,0.6297630309,0.5043735714,0.6663481406
0.5177567542,0.6330770103,0.5053937616,0.6431180681,0.5132336794,0.680795662
0.4994921895,0.6110267196,0.4867872296,0.6197914993,0.4948570932,0.6551242139
0.5308228077,0.6470728971,0.51879281,0.6577056888,0.52640812,0.6954998187
0.5298983537,0.6464468198,0.5168050344,0.6558068753,0.5249350495,0.6934227816
0.51229988,0.6288561495,0.5003988204,0.63981352,0.5080287368,0.6768154286
0.5068235881,0.6198051622,0.4934122288,0.6279910477,0.5018018291,0.6645334007
0.5023915434,0.6184764711,0.4913004938,0.6304057935,0.4985850208,0.6671668786
0.5152482674,0.629165634,0.5031513368,0.6392152269,0.5108548259,0.6751812281
0.5255546234,0.6450043132,0.5124926663,0.6551247563,0.5206498415,0.6949476972
0.5142482683,0.6302975184,0.5003678811,0.6385949296,0.5089529058,0.6760711903
0.5148670019,0.6319994639,0.5027414303,0.6427989981,0.5104723849,0.6802815111
0.5108253271,0.6251573325,0.4981522189,0.63459316,0.50616363,0.6712489033
0.5218854714,0.6365123264,0.5091545198,0.6459010745,0.5171453577,0.6829260162
0.4962518804,0.6101583045,0.4844177336,0.6206272132,0.4920870516,0.6567147714
0.5200295265,0.6331523914,0.5081271423,0.6432357997,0.515714317,0.6790546167
0.5067181147,0.625272569,0.4959842817,0.6382541689,0.5030845324,0.6762275382
0.5188645678,0.6337142022,0.5067568397,0.643960715,0.514456212,0.6806769964
0.5122598241,0.6275786667,0.500017706,0.6377975858,0.5078151348,0.6747282847
0.4997091093,0.614663177,0.4885776773,0.626274006,0.4958992901,0.6631497267
0.5226888423,0.6445550262,0.5109867756,0.6570290604,0.5184960066,0.6971450564
0.51674484,0.6319360428,0.5039646712,0.6414191665,0.5120003889,0.6783231025
0.5303665577,0.6475641197,0.516417719,0.6559919067,0.524975627,0.6948902478
0.508781757,0.6240632455,0.4965822119,0.634343134,0.504376123,0.6712945149
0.5220396327,0.6410534695,0.5084206379,0.650370453,0.5168644687,0.6900858521
0.5190655307,0.6360916771,0.5069367308,0.6468412429,0.5146599965,0.6851033593
0.5160521984,0.6318182523,0.5033487103,0.6415412003,0.5113607807,0.6792755197
0.5076984498,0.6214090734,0.4947808065,0.630395753,0.5029250572,0.6669083959
0.5127924097,0.6279270433,0.5009507326,0.638609145,0.5085405786,0.674669969
0.5136527719,0.6299227221,0.5014647918,0.640436794,0.5092288046,0.6775270026
0.5142855039,0.6307515049,0.501393578,0.6404115105,0.5095028274,0.6781289266
0.5044403029,0.6175380417,0.491967098,0.6269560124,0.4999010357,0.6625763224
0.5198414079,0.6348569796,0.5074837392,0.6448219495,0.5152903416,0.6809780251
0.5266311074,0.6433741257,0.5130650852,0.6521930046,0.5214523452,0.6907620461
0.5338023811,0.6529621789,0.5217955155,0.6643201702,0.5293935794,0.7033879427
0.510203687,0.6273162616,0.497796874,0.6377729876,0.5056886578,0.6754451738
0.5271465618,0.639054903,0.5133481694,0.6464291711,0.5218242294,0.6825552844
0.5321842196,0.6444595063,0.5186387142,0.6522230397,0.5269648375,0.6881915057
0.5257030361,0.6403538636,0.5115316049,0.6479088444,0.520212649,0.6857712692
0.5135032365,0.6295537633,0.50194428,0.6408178989,0.5094092851,0.6781465905
0.5283147691,0.6451586968,0.5152809892,0.6546717627,0.5233951256,0.6927238075
0.5129634405,0.6290325004,0.5004070401,0.6390301178,0.50834327,0.6754637356
0.5465629137,0.6656427061,0.5338829979,0.676069787,0.5417435044,0.7149829378
0.5006746879,0.6132502057,0.487872985,0.6221383715,0.4959819593,0.6575657306
0.5158759344,0.6319891944,0.5025508463,0.6410043578,0.5108679612,0.6790719733
0.5412457032,0.6594761099,0.5274199909,0.6682683684,0.5358714665,0.7077902238
0.5253847288,0.6397339959,0.5132291519,0.6497707335,0.5209138525,0.6859263658
0.5181008342,0.6345391369,0.5065520303,0.6458889212,0.5139880595,0.6831448698
0.5246119896,0.63700346,0.5119478649,0.64593037,0.5198778948,0.6814439317
0.5077285842,0.625151875,0.4958571311,0.6363837587,0.5034966536,0.6737195442
0.5347804783,0.6496062951,0.5206176743,0.6571853902,0.5292499385,0.6950200406
0.5079282647,0.6248759716,0.4963424984,0.6363555616,0.5038439907,0.6736505653
0.5134778433,0.6310270386,0.5019642182,0.6427192076,0.509409732,0.6805481675
0.5291379744,0.6431643195,0.5157594623,0.6515627704,0.5240356303,0.688956921
0.5176607424,0.6345378854,0.5048940944,0.6444433827,0.512926778,0.6822600987
0.5107942167,0.626751141,0.4973715208,0.6356238946,0.5057558947,0.6733575323
0.5105343185,0.6268735308,0.4975159392,0.6363569658,0.5057026342,0.673931864
0.5286903704,0.6448357271,0.5162383622,0.6549171154,0.5240532716,0.6916660005
0.5029790224,0.6158900154,0.4894136463,0.6238765764,0.4978872446,0.6598398363
0.5113252988,0.6273911697,0.4992959805,0.6380688234,0.5070033844,0.6757607488
0.50946847,0.6231257015,0.4970609098,0.6327418308,0.5049404467,0.6685635463
0.5129031439,0.6309381728,0.4998483703,0.64077809,0.5080527704,0.6795405043
0.5146358623,0.631713931,0.5026550883,0.6426863489,0.5103266996,0.6808629111
0.5251473006,0.6424044339,0.5134719749,0.6537597178,0.520946471,0.6920330137
0.5104760443,0.6256908199,0.497400865,0.6348291323,0.5056095927,0.671774215
0.526262502,0.6432397591,0.514250306,0.6540926315,0.5218740979,0.6916958072
0.5116463942,0.624246714,0.5002011372,0.6348195553,0.5076016694,0.670084574
0.5162053314,0.6343766626,0.5029534134,0.6439829699,0.5112354308,0.6826310546
0.519968396,0.6347065609,0.5081372342,0.6452723972,0.5156932444,0.6816349115
0.4980902874,0.6124377411,0.4863108835,0.623076429,0.4939505998,0.6596518725
0.5185242201,0.6332376531,0.5053581831,0.6421078804,0.5135674665,0.6786310119
0.5296884455,0.6448913554,0.5163056404,0.6535628154,0.5245831926,0.6913467447
0.5095362599,0.6260101585,0.4967194132,0.6357885511,0.504813435,0.6733886363
0.5102413756,0.6245434508,0.497111953,0.6333930329,0.5053483083,0.6701663095
0.5140788795,0.6317119711,0.5016376545,0.6422342043,0.5095259866,0.6799073798
0.531950674,0.6477780045,0.5186628244,0.656710717,0.526889609,0.6950547016
0.530363062,0.6459394194,0.5170722021,0.6548141005,0.5252989518,0.6924634499
0.5274604516,0.645679767,0.5147867461,0.6559877645,0.5227299637,0.6942702699
0.5151490821,0.6271161965,0.5012592534,0.6344254098,0.5098347296,0.6704210273
0.5020157683,0.6168145588,0.4901360349,0.6274167906,0.4978112788,0.6645107354
0.5254434646,0.6400350309,0.511703656,0.6481234834,0.5201775832,0.6860046096
0.5335115215,0.6514590907,0.5191407859,0.6595191118,0.5278827261,0.6982227434
0.4958177332,0.6112273653,0.483192039,0.6210519623,0.4912591757,0.6584159923
0.526865879,0.6434268542,0.5147186762,0.6540039443,0.5224055215,0.6915715201
0.5001855773,0.6150359601,0.4887563676,0.6262369869,0.4962073257,0.6622179311
0.5151215323,0.6302063426,0.5030215913,0.6405365653,0.5107327659,0.6771386333
0.5095307996,0.6267166474,0.496925956,0.6369406973,0.5049181507,0.6747367225
0.5025631309,0.6165809562,0.4916174775,0.6281824304,0.4988241353,0.6639899983
0.5077783433,0.6228236134,0.4958662793,0.6334175546,0.5035227678,0.6700718227
0.5055975357,0.62211863,0.492855685,0.6320221,0.5009286363,0.6693726383
0.5286970891,0.6454351171,0.5141498079,0.6529988977,0.522997997,0.691283831
0.5317843633,0.647033404,0.5172505932,0.6542525891,0.5260737186,0.6919801677
0.5139323098,0.6315298169,0.5019138004,0.642585197,0.5096061003,0.6808071116
0.5214956645,0.6388859909,0.5094129733,0.649772172,0.5170896432,0.6871749993
0.5261945888,0.6440569051,0.5142473293,0.6552091549,0.5218437788,0.693280466
0.5291167273,0.644866815,0.5162118165,0.6542768416,0.5242512303,0.691490282
0.4975000907,0.6119793548,0.4859438648,0.6229395099,0.4934808042,0.6596964436
0.5092835946,0.6239674178,0.4972671878,0.6343326937,0.5049727572,0.6713318097
0.5130926963,0.6284108402,0.500799195,0.6385603403,0.5086141311,0.6752587533
0.5125795907,0.6280949084,0.5011986159,0.6394590311,0.5085752367,0.6761605135
0.5193346024,0.6364738287,0.5057493402,0.6453912177,0.5141827437,0.6841770395
0.5118718492,0.626184359,0.4982345477,0.6343834788,0.5067151494,0.6716060357
0.5179000937,0.6336442464,0.5047252979,0.6427539092,0.5129504313,0.6800738386
0.5314820717,0.6489461737,0.5175320983,0.6574323045,0.5260797823,0.6960094903
0.5292552715,0.6452711445,0.5164883983,0.6549195976,0.5244680504,0.6927226428
0.5254518875,0.6412641069,0.5134709913,0.6518765926,0.5210819654,0.6891100733
0.5123925027,0.6283870664,0.5009359436,0.6397737088,0.5083531274,0.6768149284
0.4886485317,0.6035489586,0.4766722442,0.6141181868,0.4844533456,0.6509053993
0.5221443562,0.6388124541,0.5089396384,0.6480902251,0.5171751023,0.6867552945
0.5244154203,0.6388619948,0.511643496,0.648145522,0.5196496765,0.685668424
0.5221268647,0.6401737582,0.5081301747,0.6487741197,0.5167451344,0.6874561532
0.5036455922,0.6218536328,0.4907702167,0.6320085668,0.4989212269,0.670013542
0.5252570925,0.6415095314,0.512665247,0.651453703,0.5205656627,0.6883340888
0.521633864,0.6400183604,0.5092722711,0.6507913517,0.5171022607,0.689846601
0.525296384,0.6403881288,0.5122953659,0.6495328907,0.5204069865,0.6871224606
0.5063763586,0.6192400018,0.4930209398,0.6274704275,0.5013865322,0.6640450911
0.5236321262,0.6396706944,0.5104242798,0.6487869117,0.518636676,0.6860864621
0.5092078067,0.6278420374,0.4981050834,0.6403546798,0.5053765302,0.6787382644
0.5064791719,0.6208015075,0.493692951,0.630108747,0.5017752423,0.6664575918
0.5056070165,0.6219833099,0.4925651436,0.6314666828,0.5007912132,0.6693613928
0.5203207752,0.6362314634,0.508369709,0.6469290555,0.515980659,0.6834577978
0.5127104734,0.6305571388,0.5009281646,0.6419826786,0.5085102261,0.6801127902
0.514298855,0.6305300382,0.5010037432,0.6396181962,0.5093146576,0.677763958
0.4987967751,0.6131418636,0.4863790791,0.6229589923,0.4943308278,0.6600479077
0.5067871672,0.6221498603,0.493862304,0.6315312758,0.5020206776,0.6688234182
0.5295962112,0.6455120557,0.5171281812,0.6555138615,0.5249524151,0.6926261679
0.5148259016,0.6301026112,0.5024654401,0.6401490422,0.5103113268,0.6773254957
0.506436738,0.6207256487,0.4945689687,0.6311971386,0.502199539,0.6669288683
0.5290405903,0.6495495615,0.516647497,0.6607684863,0.5244703814,0.7013498157
0.5354330788,0.6508369705,0.5220610616,0.6595496134,0.5303021099,0.6971220187
0.5160229409,0.6318946097,0.5027319131,0.6408943081,0.5110322403,0.6789372681
0.5098388441,0.624144942,0.4987548383,0.6356036995,0.5060003632,0.6719718255
0.5084678989,0.6228241365,0.4949572299,0.6312075119,0.5033946694,0.6685570248
0.5077665314,0.6204505849,0.4944488213,0.628680916,0.5027872859,0.6650688932
0.5084818757,0.6216903121,0.4951022662,0.6299649929,0.5034694881,0.6666142827
0.5122593124,0.6281377825,0.5001905169,0.6387146906,0.5079038155,0.6757319295
0.5088696224,0.6255491254,0.4964902953,0.6359410366,0.5043752849,0.6735275845
0.5295230917,0.6446120728,0.5168431221,0.654146475,0.5247682224,0.6909591755
0.523114429,0.6414560131,0.5099224438,0.651151215,0.5181433724,0.6899123805
0.5311442358,0.6492707245,0.5173271111,0.6580856382,0.5258244604,0.6976926839
0.5197804999,0.6361688979,0.5080433105,0.6472581835,0.5155628195,0.6845468088
0.5090939662,0.6242112974,0.4979243273,0.6357646544,0.505212712,0.6721638644
0.5231566995,0.6371133763,0.5088883852,0.6443892894,0.5176176064,0.6813915512
0.513960756,0.6294120529,0.5021877468,0.6402537362,0.5097551226,0.6775414501
0.5099383251,0.6241182179,0.4986432442,0.6352764887,0.5059844707,0.6712164624
0.500457658,0.6141580198,0.4894708737,0.6256393601,0.4967053114,0.661231738
0.5213828293,0.6400784277,0.5089886909,0.6508872626,0.5168276994,0.6894083856
0.5190954327,0.636390278,0.5064861433,0.6465921049,0.5144409817,0.6848694988
0.5079966654,0.6241673113,0.4951674698,0.6338626517,0.5032734105,0.6712980222
0.5048961441,0.6194031013,0.4934566199,0.6304824044,0.5008938192,0.6666556802
0.5167545886,0.6314107364,0.5031199591,0.6396781393,0.5115732659,0.6768007261
0.516264507,0.6313487974,0.5031477219,0.6403795982,0.511355883,0.6777800974
0.5238861661,0.6422399659,0.5112529655,0.6526482322,0.5191992138,0.6913656047
0.5145758836,0.630051729,0.5020964476,0.6399960702,0.5100039456,0.6774260268
0.5116804833,0.6304692387,0.4994138379,0.641511404,0.5072309465,0.6795522965
0.5235877226,0.6418318062,0.5111919517,0.6525177064,0.5190139881,0.6904090713
0.5105721455,0.6251261696,0.4981494786,0.6349360576,0.5060415283,0.6716609666
0.5280158027,0.6446405883,0.5149424915,0.6540517971,0.5230807238,0.692309566
0.5105844335,0.6264793838,0.4987145205,0.6373223268,0.5063416078,0.6744720441
0.5081336579,0.624956534,0.4958674278,0.6355320313,0.5037061057,0.6735029199
0.521481686,0.6371594853,0.5084723609,0.6464495649,0.5166140268,0.6847197684
0.5241913302,0.6405343774,0.5108386527,0.6495375797,0.5191256812,0.6874059805
0.5118517229,0.6234769117,0.4995366551,0.632710019,0.5073616492,0.6682005434
0.5091846453,0.6248153317,0.4961727996,0.6341406293,0.5043788301,0.6727127375
0.5141907598,0.6294777455,0.5025551672,0.6404532243,0.5100481761,0.6771976212
0.5412331261,0.6599348801,0.5272649874,0.6686592294,0.5357780917,0.7077525377
0.5218872198,0.6367862657,0.5100319402,0.6473520291,0.5175960615,0.684150147
0.5245135447,0.6393565253,0.5106826307,0.6473924908,0.5192039041,0.6852468367
0.5309338469,0.6430144715,0.5165562003,0.6496894131,0.5252978697,0.6861103089
0.5282866345,0.6442911521,0.5148626819,0.6531072465,0.5231626472,0.6907742987
0.5013331779,0.615072746,0.488775162,0.6245515332,0.4967828718,0.6615301366
0.5040297944,0.6210334684,0.4913314629,0.6311182239,0.4993949742,0.6688614321
0.5115679358,0.626411453,0.5001959632,0.6376267978,0.5075735177,0.6742155125
0.5254609425,0.6422598993,0.5122645162,0.6515666757,0.5204770439,0.6900415051
0.5118501426,0.63036656,0.5008559015,0.6429740838,0.5080598314,0.6811310556
0.5064138661,0.6203622519,0.4933354722,0.6292064924,0.5015677797,0.6660582692
0.5233864646,0.6400184147,0.5111364931,0.6504976025,0.518889583,0.688077538
0.5054414172,0.619532044,0.4932981185,0.6296079666,0.5010724276,0.6657187957
0.5238664474,0.6430930714,0.5122794813,0.6550525882,0.5197189041,0.6938843891
0.5223958714,0.6402486291,0.5102923449,0.6512172767,0.5179840991,0.6894085597
0.5101923004,0.6245577041,0.4988466901,0.6356959165,0.5062079344,0.6714557267
0.5171793515,0.6330579384,0.5046029813,0.6429654065,0.5125412154,0.6802248982
0.5173975372,0.634906391,0.5061650282,0.6469276854,0.5134516787,0.6844095625
0.512128416,0.6268460742,0.500555052,0.6377711479,0.5080231872,0.6740555288
0.5159436574,0.6319356573,0.5032568878,0.6417352418,0.5112586037,0.67931892
0.5228580239,0.6396295111,0.5103903207,0.6498678307,0.518251638,0.6875164589
0.5058765966,0.6189325864,0.4926169505,0.6273329409,0.5009334597,0.6636048541
0.5103563546,0.6230146043,0.496652288,0.630738821,0.5051637942,0.6670501322
0.5199925726,0.6342751759,0.5059119362,0.6418760949,0.514562362,0.6787352324
0.5291061193,0.6449922308,0.515884829,0.6540339102,0.5240849275,0.6918156972
0.5098635129,0.6279565516,0.4985403187,0.6400471882,0.5059100113,0.6779097391
0.5248754783,0.6407693927,0.5107975308,0.6487409606,0.5194385955,0.6869582148
0.5321583826,0.6489272079,0.5189401234,0.6581730089,0.5271229417,0.6960644101
0.5146039048,0.6308057009,0.5014472576,0.6400622773,0.5096898524,0.6782107432
0.5378610577,0.6551686692,0.52400363,0.6637124657,0.5324762473,0.7022835716
0.4918054634,0.6049645407,0.4810203346,0.6166157151,0.4881910033,0.6515407574
0.5517247299,0.6674685286,0.5369042838,0.6743865435,0.545781649,0.7129794714
0.5127158257,0.6314605188,0.5015853065,0.6439452381,0.508849358,0.6820297244
0.5245340104,0.6427524525,0.5107334124,0.6516353448,0.5192414544,0.6903243035
0.5080447782,0.6226727974,0.4948843011,0.6315700551,0.5031460352,0.6684028244
0.5422500326,0.6607968843,0.5293823108,0.6708751952,0.5373533569,0.7095966168
0.5313872473,0.6483847902,0.5171648702,0.6564140388,0.5258489196,0.6951691336
0.5241460602,0.6399304214,0.5106096753,0.6485662166,0.5189872464,0.6864177629
0.5241413377,0.6404950477,0.5110620891,0.6498486882,0.5192208097,0.687978137
0.5000096779,0.6156595595,0.4871309539,0.6251991993,0.4952996422,0.6625655128
0.5343571379,0.6527677256,0.5224211666,0.6640300192,0.5299755512,0.7024092676
0.5182802931,0.6352403075,0.5059650609,0.6457394129,0.5137733651,0.6833361031
0.5288812906,0.6464347173,0.5165817909,0.6570507498,0.5243283403,0.6945315281
0.5138997672,0.6312459347,0.5012322672,0.6414091071,0.5092407389,0.6797424706
0.516262811,0.6359007149,0.5046753908,0.6480019278,0.5121485099,0.6866987287
0.5112939601,0.6272477226,0.4978081572,0.6360371171,0.5062302953,0.6744454167
0.510583211,0.625371356,0.4976893033,0.6346372154,0.5058187312,0.6720982119
0.5289113783,0.6465651633,0.5159079965,0.6563100601,0.5240006677,0.694259727
0.5127934285,0.6265452098,0.4993192163,0.6348142141,0.5077067985,0.6712720411
0.5117969564,0.6254412385,0.4979092437,0.6331622463,0.506507751,0.6700147259
0.5064768203,0.6240696471,0.4934925994,0.6339204963,0.5016930249,0.6725423455
0.529596341,0.6482027037,0.5176578568,0.6595322487,0.5252350297,0.6978615657
0.5080758333,0.6207374144,0.4963316271,0.6309615673,0.503899021,0.6666373669
0.5285607247,0.643151397,0.5155546099,0.6521572944,0.5236442049,0.6890308706
0.5218109497,0.6376979351,0.5089447658,0.6472191936,0.5170014465,0.6845267334
0.5117864681,0.6288517328,0.500328129,0.6405036695,0.5077405322,0.6771507313
0.5380476252,0.6545763726,0.5241711068,0.6629099698,0.5326563939,0.7016135233
0.503259431,0.6194240842,0.4910492834,0.629932906,0.4988651824,0.6664036611
0.5292947199,0.6482426827,0.5155799336,0.6573926002,0.5240351645,0.69707874
0.5122111931,0.6241596979,0.4998139023,0.6333650002,0.5076767102,0.6689172446
0.5215133699,0.6366944857,0.5095957196,0.6472513523,0.517187969,0.6838439857
0.5138154457,0.6269692808,0.5006353091,0.6354649763,0.508879216,0.6720071668
0.5052589914,0.6197502969,0.4932763618,0.6301301612,0.5009716355,0.6661582466
0.5127749456,0.6268166088,0.5008188197,0.6370862661,0.5084779658,0.6738993993
0.5141157465,0.6267959837,0.5011321045,0.6354264253,0.5092768313,0.6716768039
0.5260670968,0.6422769488,0.5127459023,0.6512810134,0.5210029562,0.6887248113
0.52909783,0.6460958572,0.5171984824,0.6570842243,0.524762567,0.6953179073
0.5145471526,0.631009025,0.5008306636,0.639613862,0.5093395106,0.6774811848
0.5113094236,0.6276514238,0.4982355324,0.6370612898,0.5064479072,0.6748162017
0.5296385617,0.6454846178,0.5159512812,0.6539240959,0.5243718016,0.6915410757
0.5288484717,0.6440948633,0.5164098936,0.6539754759,0.5242232043,0.6909234112
0.5037684313,0.6167719442,0.4916149564,0.6265773823,0.4993987245,0.6622269795
0.521707326,0.6381180524,0.5102184005,0.6495196818,0.5176080025,0.686747237
0.5057557753,0.6203459658,0.4926701682,0.6293387871,0.5009125814,0.666564476
0.5089682577,0.6235913362,0.4969525426,0.6339440937,0.5046580304,0.6708399776
0.5160356918,0.6307754735,0.5044431456,0.6416630369,0.5119017339,0.6779426914
0.5273042558,0.6461449583,0.5145459135,0.6564970428,0.5225378425,0.6954359174
0.5351191922,0.6530058332,0.5215820311,0.662104142,0.5299188923,0.7012365682
0.5207258026,0.6364907891,0.5088610435,0.6472607633,0.5164379984,0.6844425012
0.5156622121,0.6319174713,0.5038432275,0.6428895226,0.5114218808,0.6801476041
0.5192235984,0.6310737315,0.5061503322,0.639374316,0.5143178028,0.6757086162
0.4951751992,0.6083223819,0.4831675461,0.6183877771,0.4909239596,0.6541972576
0.5169388873,0.6335569921,0.5042993731,0.6435648351,0.512272712,0.6812281721
0.5357448575,0.6560853525,0.5235072701,0.6674294147,0.5312211115,0.7078414732
0.5247190766,0.6414211938,0.5115450489,0.6507360358,0.519746309,0.6889038049
0.5221320355,0.6426434947,0.5098225363,0.6540040134,0.5176167485,0.6929002075
0.5191253954,0.6352071764,0.506125658,0.6446164417,0.5142613259,0.682076594
0.5170977059,0.6325288831,0.5035761184,0.6411246933,0.5119802959,0.6788969862
0.5316480224,0.6488890663,0.5172486515,0.656750703,0.5260163909,0.6955052598
0.5192184405,0.6351674995,0.5077505076,0.6464946772,0.5151394229,0.6834406362
0.5142991249,0.6259327122,0.4999067734,0.6325298447,0.50872944,0.6684907868
0.5218844444,0.6384488133,0.5098010083,0.6491303049,0.517473706,0.6861785845
0.5191542812,0.6370923637,0.5072760119,0.6483853208,0.5148827387,0.6872381074
0.5039547656,0.619064952,0.4926385658,0.6304555896,0.5000213127,0.6667946114
0.5206216046,0.6382450579,0.5080150212,0.6485236976,0.51595908,0.6867140843
0.5213043296,0.6371685888,0.5090735842,0.6474946314,0.5168280957,0.6849611822
0.5132120457,0.6294117305,0.5015210143,0.6405453497,0.5090572474,0.6783626691
0.5042188626,0.6179505081,0.4909059022,0.6264516962,0.4992578265,0.6629789038
0.5028006271,0.6175503042,0.4913450592,0.6286794171,0.49880897,0.6655559338
0.5254477467,0.6434470223,0.5122839434,0.6530854831,0.5204810433,0.6918449354
0.5248749365,0.6373231002,0.5104896497,0.6440909684,0.5192710682,0.681024028
0.5344996437,0.6547500335,0.5208960282,0.6643357419,0.5292767878,0.7046440984
0.5200657333,0.6360923977,0.5070281721,0.6454363901,0.5151839532,0.6833296549
0.5017237454,0.6179573953,0.4906414942,0.6299387222,0.4979241098,0.6666685025
0.5074867648,0.6253927758,0.494494499,0.6353054764,0.5026928577,0.6739127585
0.5234591826,0.6388465618,0.5091132179,0.6463619566,0.5178842026,0.6840322433
0.509279783,0.6269784539,0.4959360703,0.6363813774,0.5042926435,0.6747081778
0.5127497827,0.6259688017,0.5002494072,0.6353473553,0.5081615386,0.6713130493
0.5344620655,0.6529488708,0.5221229963,0.6637168846,0.5298798099,0.7027306661
0.5144495198,0.6321743811,0.5031950113,0.6442367356,0.5105066456,0.6817880653
0.5097570007,0.6217325758,0.4961355565,0.6294011502,0.5046058558,0.6653044381
0.5176587714,0.6317867938,0.5048434411,0.640964991,0.5128890053,0.6774571065
0.4962308836,0.6107723957,0.4845580217,0.6216047464,0.4921478916,0.6577025826
0.5190231837,0.6365222653,0.5060212062,0.6462727062,0.5141744523,0.6851926958
0.5151735673,0.6315299947,0.5026121568,0.6415815209,0.5105597829,0.6794462062
0.5054178167,0.6211538993,0.4926950987,0.6308908205,0.5007550574,0.6677555654
0.5053494643,0.6200679147,0.4937897295,0.6310434411,0.5012861979,0.667509844
0.5247425395,0.6421526822,0.5123364177,0.6526165741,0.5201648952,0.690838453
0.5178659313,0.6316724816,0.5045070471,0.6400829035,0.512820197,0.6769184008
0.5187426302,0.6327655037,0.5049399024,0.640661372,0.5134730252,0.6781893843
0.516470916,0.6322152532,0.5047208532,0.6431460774,0.5122582009,0.6799899217
0.5098143185,0.6253247163,0.4971112875,0.6350127035,0.5051418391,0.6719081935
0.5304176769,0.6463109925,0.5178412671,0.6561666278,0.5257251027,0.6940724121
0.5243732212,0.6406957421,0.5112007012,0.6499223602,0.519397324,0.6876164351
0.5325126059,0.6485497944,0.5196160476,0.658026175,0.5276442899,0.6959434189
0.525058112,0.6404612428,0.5109283279,0.6482496018,0.5195906343,0.6861608011
0.5170364621,0.6328104722,0.5039343627,0.6420233601,0.5121247484,0.6790925356
0.5235089362,0.6394035332,0.5094598153,0.6474164998,0.518090787,0.6854500159
0.524112497,0.6465730009,0.511270891,0.6577215697,0.5193387594,0.699073565
0.5194149948,0.6384078375,0.5072736472,0.6496227284,0.5149895128,0.6874355033
0.5119616277,0.628198022,0.4984724801,0.6370488289,0.5068829753,0.6748131997
0.5183902072,0.6348841933,0.5059151677,0.6450652492,0.513795824,0.6822555768
0.5132177966,0.629065869,0.5007031686,0.6390618479,0.508633439,0.6765203794
0.5296268607,0.6460088038,0.5165906853,0.6554023607,0.5246980403,0.6932377515
0.5171267345,0.6334066597,0.5034064924,0.6419532425,0.5119121971,0.6802942626
0.5115498959,0.6306092649,0.5002805361,0.6430007705,0.5076202372,0.681393212
0.5149056763,0.627909401,0.500728741,0.6351009134,0.5094523855,0.6718377913
0.5186168917,0.6366270346,0.5063706458,0.6474698799,0.5141510351,0.6858136479
0.5106441025,0.6260788607,0.4972059139,0.6348062841,0.5056007759,0.6725855558
0.5145080435,0.6283510362,0.5013405452,0.6370254679,0.5095694356,0.6733438998
0.5182057184,0.6364295832,0.5052701198,0.6464449061,0.5133984838,0.6857776405
0.5151238716,0.6303396044,0.5035430851,0.6413629773,0.5110057233,0.6781299347
0.5048977084,0.6210070913,0.4923649975,0.6310810513,0.500343781,0.6685943085
0.5208835898,0.6361915136,0.5069035026,0.6441611846,0.5155098595,0.6818121593
0.5067427929,0.6225764886,0.4944641505,0.6328998164,0.5023054181,0.6699283138
0.5170934337,0.632551473,0.5043605807,0.6421579787,0.5123815092,0.6798001966
0.506656256,0.6219695966,0.4956420971,0.6337828051,0.5028724489,0.6706186937
0.5125229721,0.6283542577,0.5005196584,0.6390019841,0.508197814,0.6758464135
0.5171873986,0.6321660133,0.5031674186,0.6400189208,0.5118076515,0.6773908656
0.5174085416,0.6355832895,0.5046319888,0.6457936714,0.5126724525,0.6840187585
0.541813175,0.6589350532,0.5273453671,0.6666494193,0.5360997424,0.7055438453
0.5203008885,0.638043552,0.5082689018,0.6490865013,0.5159292903,0.6867461134
0.5249135127,0.6385377624,0.510847638,0.6459858919,0.5194741693,0.6831496699
0.5084386761,0.6251671285,0.4966820632,0.6363709129,0.5042593088,0.6733068473
0.5115397837,0.6287741711,0.4983428941,0.6382426574,0.5066233647,0.6768851325
0.5097205696,0.6287201993,0.4987905429,0.6415435083,0.505974239,0.6798575227
0.5030582017,0.618416258,0.4905441605,0.628338562,0.4985216254,0.6656123868
0.5198375019,0.635506348,0.5080353159,0.646336549,0.5155843006,0.6833506448
0.5191598259,0.6368583236,0.5063818375,0.6469428329,0.5144105413,0.6847733599
0.5298755759,0.6439918764,0.5169709482,0.6530077678,0.5250130261,0.6903138458
0.5093338125,0.624731075,0.4969709637,0.6348281464,0.5048434339,0.671971135
0.5009603178,0.614308938,0.4885124685,0.623834942,0.4964573696,0.6599447345
0.5037215693,0.6191873672,0.4904623331,0.6281785987,0.498795684,0.6654046348
0.5010914082,0.6145873688,0.4882130539,0.6235987722,0.4963715968,0.6601777523
0.5175371911,0.6299632163,0.5046093326,0.6385909638,0.5127068376,0.6745299165
0.5200835877,0.6356792085,0.5073858784,0.6453513562,0.5153767347,0.6831116732
0.5292050422,0.643167609,0.5149553724,0.6504502867,0.5236560623,0.6880727291
0.5020513829,0.6172567124,0.4891138436,0.6266036486,0.4972984435,0.6636853156
0.5075408982,0.6246107939,0.4949366656,0.6348163639,0.5029555622,0.6738880323
0.5101511415,0.6273263595,0.4991309285,0.639575468,0.506347312,0.6768007106
0.5128104766,0.628247809,0.500983857,0.6390231471,0.5085817817,0.6762468094
0.5179144718,0.6346498723,0.5056713954,0.6451878324,0.5134334797,0.6818066754
0.5282705162,0.6447439288,0.5148077755,0.6536232405,0.523134724,0.6919588595
0.5072707708,0.6240801826,0.4955181285,0.6353149709,0.5031068397,0.6728409849
0.5250164063,0.641877322,0.5127917501,0.6524372025,0.5205224072,0.6898928347
0.5129745196,0.6335907212,0.5002974777,0.6445503695,0.5083226167,0.6841783887
0.5242987023,0.6395557136,0.510649999,0.6479222248,0.5190772341,0.6853945998
0.5093785036,0.6265724648,0.4985754276,0.6391088353,0.505693798,0.6765746206
0.5218989573,0.6383174298,0.5100366765,0.649244768,0.5176005767,0.6861166117
0.5280254779,0.6429769157,0.5157418969,0.6529860124,0.5234867665,0.6900406072
0.4996527598,0.6142955325,0.4889036397,0.6263191854,0.4960282188,0.6621691151
0.5156390503,0.6320095001,0.5033311851,0.6423859878,0.511148811,0.6798726818
0.5131365124,0.6281178158,0.5013663649,0.6388519506,0.50893146,0.6756843179
0.5188964775,0.6331130436,0.5048904411,0.6407964912,0.5135181236,0.6781647591
0.5147826864,0.6303050061,0.5033729236,0.6416232091,0.5107609475,0.6789214932
0.5035134159,0.6152582788,0.4910579284,0.624375261,0.4989919692,0.6599907084
0.5055838339,0.6201945938,0.4933388214,0.6302669922,0.5011619134,0.6665151359
0.5229841165,0.638970853,0.5091090043,0.6472288061,0.5176585088,0.6852961769
0.5168806072,0.6338692386,0.5048893562,0.6447955095,0.512548754,0.6824625235
0.5132509157,0.6257395654,0.499553358,0.6334220782,0.5080428148,0.6693797914
0.5169535656,0.633627301,0.5032026865,0.642230207,0.5117125664,0.6798676022
0.4887157575,0.6056578233,0.4774191776,0.6176137557,0.4848733749,0.654958099
0.5148380087,0.6318347348,0.5021701342,0.6419078854,0.5101700746,0.6798569751
0.508431654,0.6217427196,0.4946762411,0.6295639168,0.503221299,0.6659814316
0.5118424211,0.6275386288,0.5007386056,0.6393048663,0.5079879793,0.6762620621
0.5182714931,0.6351394856,0.5043857146,0.6436120798,0.5129584314,0.6815559232
0.5062834697,0.6211992993,0.495371313,0.6330463639,0.5025476513,0.6693046728
0.510961854,0.6275094201,0.4972928984,0.6362094122,0.505793929,0.6739568603
0.5116031634,0.6269168324,0.4993865142,0.637169935,0.507164153,0.6733608403
0.5089245308,0.6250876667,0.4957259856,0.6343045475,0.5040030024,0.6715350636
0.5176733182,0.6338060322,0.5044305381,0.6429237567,0.5126975219,0.6808754072
0.4946155309,0.6063484806,0.4834349828,0.6171265556,0.4907789676,0.6515142124
0.5091575684,0.6222804624,0.4966307143,0.6316167358,0.5045738093,0.6676298022
0.511223313,0.6282301381,0.5000792474,0.6402729104,0.5073484973,0.6773282277
0.5080320795,0.6214243404,0.4951966166,0.6304375086,0.5032897512,0.6662318564
0.5381258982,0.6562188342,0.5250467822,0.6659363257,0.533141569,0.7046812614
0.5246811905,0.6434677715,0.5119754857,0.6538855306,0.5199507068,0.6925275889
0.5233314409,0.6421728281,0.5098116021,0.6515695404,0.5181998465,0.6911472656
0.5078580911,0.6221224189,0.4952821562,0.6316781038,0.5032581546,0.6681348888
0.5049365602,0.6186857923,0.4939473618,0.6301530324,0.5011632695,0.6658731
0.5239127777,0.6421556419,0.5107536016,0.6518654289,0.5189522854,0.690420817
0.5036820179,0.6193928577,0.4923970906,0.6309737026,0.4997689947,0.667655491
0.5285383328,0.6462111861,0.5164206885,0.6570892318,0.5241013654,0.6961208542
0.5257425396,0.6411239804,0.5126003643,0.6501575871,0.5207715643,0.6873616488
0.5321411148,0.6475929052,0.5201024227,0.6580155371,0.5277145024,0.6955504869
0.5410652936,0.6583173884,0.5263215109,0.6657157979,0.5351970591,0.7035774071
0.5222855151,0.6371431029,0.5104520209,0.6477246523,0.5180004416,0.6842795989
0.5072765871,0.6248166775,0.4956221351,0.6363583978,0.503162713,0.6739916018
0.5183277886,0.6342197234,0.5064267943,0.6449856751,0.5140232305,0.6815171941
0.5158368688,0.6309250086,0.5021906565,0.639284451,0.5106620521,0.6770445323
0.5094368439,0.6226355375,0.4969374054,0.632023863,0.5048735113,0.6685670621
0.5233975008,0.6404811517,0.5108303099,0.6506663336,0.5187468288,0.6890926439
0.5177477494,0.6324421893,0.5039802584,0.6405463658,0.5125007955,0.6781976028
0.5069874858,0.6219405737,0.4955233071,0.6330878697,0.502957748,0.6690261209
0.4947949906,0.604978917,0.4837451356,0.6155425581,0.4910246452,0.6495597118
0.5128989599,0.626342461,0.4995517331,0.6346986604,0.5078838268,0.6715085098
0.5056098999,0.623227452,0.4935933234,0.6343318112,0.5013193627,0.6721746118
0.5140731338,0.6313194011,0.5013341934,0.6413659829,0.5093716836,0.6793353206
0.5122629969,0.6265920499,0.5005391449,0.6372297223,0.5080824114,0.6736586416
0.5112883679,0.6272139376,0.4997738789,0.6385151104,0.5072231689,0.6754591373
0.5233506995,0.6430183628,0.5111084407,0.6542509495,0.5188690834,0.6933295153
0.5215701175,0.6369935893,0.5075860199,0.6449833938,0.5161766307,0.6817207736
0.5127288967,0.6285937078,0.5000178375,0.6383451417,0.5080494911,0.6761021479
0.502969664,0.6196061587,0.4909183188,0.6304365431,0.4986699401,0.6677860017
0.5248429776,0.642961467,0.5117302661,0.6526964803,0.519907819,0.6916495612
0.5142384792,0.630331203,0.5017124318,0.6403677264,0.5096376951,0.6774797705
0.5345147107,0.6518531887,0.5218582197,0.6619393687,0.5297614347,0.7001865266
0.5070701536,0.6233304372,0.4955911971,0.6347811522,0.5030400155,0.671543591
0.5280662616,0.6448236365,0.5153618981,0.6547353232,0.5233160145,0.6926264046
0.5143557391,0.6325891158,0.5029372724,0.6445681922,0.5103256261,0.6820139353
0.5201325003,0.6372459957,0.5063850592,0.6459472217,0.5148905043,0.6845387268
0.5306988502,0.6483204078,0.5186880291,0.6593118701,0.5262903561,0.6970880135
0.5083999669,0.6255156753,0.496755752,0.6369594898,0.5042911508,0.6748884064
0.5063983529,0.621194697,0.4939481188,0.6310465728,0.5018827767,0.6684841262
0.5096532223,0.6235004961,0.4967552629,0.6325374911,0.5048806127,0.669076076
0.5331423981,0.6491391995,0.52002806,0.6583277342,0.5281576958,0.6961760761
0.5119631863,0.6272957087,0.500540522,0.6385647159,0.5079455811,0.6756232878
0.495408789,0.6078876717,0.4829728748,0.6172411291,0.4909349397,0.6529277698
0.5236250647,0.6402895124,0.5117252526,0.6512211623,0.5193048743,0.6885703485
0.5212572863,0.6370793152,0.509294992,0.6477367189,0.5169117805,0.6845930232
0.539697935,0.6581399549,0.5258803827,0.6669986892,0.5343222576,0.7056333332
0.5255496993,0.6414116942,0.513040714,0.6513653791,0.5209070918,0.6886759427
0.5325308854,0.6494290916,0.5188066842,0.6580627995,0.5272496346,0.6971985644
0.5119540552,0.6283865588,0.4989743917,0.6379361863,0.5071423469,0.6760114712
0.5124378607,0.6282630672,0.4986571289,0.6366404564,0.5072027156,0.6740732723
0.5214981222,0.6347386393,0.5095477745,0.6447835847,0.5171512976,0.6806449828
0.5167693339,0.6317538041,0.5027471994,0.6396067818,0.5113880852,0.6768229684
0.5114856769,0.6252017052,0.4976602813,0.6330201368,0.506233409,0.6700998223
0.5288249654,0.6463947063,0.5146686842,0.6546531562,0.5233241109,0.6929188259
0.5189421103,0.6355378827,0.5071176256,0.6465707474,0.5146768926,0.6834413789
0.518829489,0.630793842,0.5064757112,0.6400321955,0.514278222,0.6750881587
0.5087542948,0.6233412926,0.4955297573,0.6321441253,0.503827769,0.6695620276
0.5182329342,0.6338725152,0.5043362745,0.6420366949,0.5129134651,0.6796548129
0.5333033775,0.6534329216,0.5207870608,0.6643813118,0.5286338366,0.7036589277
0.5239728885,0.6416375104,0.5122607322,0.6530515992,0.5197516384,0.6908816734
0.5077441549,0.6221048185,0.4949877634,0.6314541735,0.5030530782,0.6680450531
0.5211419254,0.6384422435,0.5075808022,0.6474222957,0.5159943021,0.6862760723
0.5087026771,0.6258890874,0.4973250936,0.6376907314,0.5047179504,0.674705213
0.5105044943,0.628128517,0.4993659424,0.6403357444,0.5066372362,0.6776207687
0.5237723201,0.6405422067,0.5104692364,0.649712893,0.5187362075,0.6878072159
0.5063606437,0.6218568739,0.4954124357,0.6338013724,0.5026058376,0.6701887763
0.5207335569,0.6341285579,0.5068240409,0.6417333956,0.5153984049,0.6790693721
0.5078001466,0.6229294359,0.4960496139,0.6337502481,0.503631846,0.6706957427
0.4873178497,0.6002173407,0.4748027595,0.6096072647,0.4828388384,0.6451963431
0.4864190529,0.5979435359,0.4736558479,0.6066839427,0.4818241009,0.6425268078
0.4908055915,0.6047839482,0.4803425698,0.6170585728,0.4873699713,0.652660065
0.5103567984,0.6243925813,0.4971144119,0.6330336923,0.5053900594,0.6687960714
0.5152267962,0.6307921068,0.5022872253,0.6401689365,0.5104122756,0.6775028128
0.5260773548,0.6428182751,0.5129663954,0.6522173058,0.5211298468,0.6903369985
0.4976788442,0.6100058822,0.4855670184,0.6197264242,0.4933619621,0.6553803707
0.5006294485,0.6148208683,0.4888705927,0.6254351438,0.4964773838,0.6612133271
0.4973902118,0.6135537151,0.4869466901,0.6263631861,0.4939391487,0.6628648211
0.5191215593,0.6341623397,0.5054187199,0.6424266671,0.5139037395,0.6803124991
0.5337902339,0.6535773498,0.5210617661,0.6641694019,0.5290057798,0.7031403673
0.5280394037,0.6448765015,0.514934044,0.6542980666,0.5230798365,0.6920480892
0.5212296678,0.6365865192,0.5089099761,0.6466765654,0.5166944175,0.6830943328
0.5212451364,0.6350264016,0.5078333911,0.6433518121,0.5161568127,0.6802444475
0.4960700072,0.6117135012,0.4836500007,0.6218588233,0.4916117664,0.6589334487
0.504726632,0.6195696464,0.493400972,0.6308782128,0.500780748,0.666884782
0.515882647,0.6328306622,0.5031147677,0.6427595475,0.5111592911,0.6807876933
0.5210482428,0.6387396244,0.5082357502,0.6487700868,0.5162811363,0.687254161
0.5152672047,0.6311898491,0.5035915046,0.6422649571,0.5110990581,0.6791710325
0.5167267988,0.6320497382,0.5033572216,0.6408144453,0.5116888583,0.678507572
0.5138143544,0.6320732045,0.5015346284,0.642957381,0.5093529256,0.6812612152
0.5190519271,0.6342206484,0.507253196,0.644936771,0.5147966445,0.6812992916
0.5051484893,0.6226946568,0.4945472312,0.6356026862,0.5015880109,0.6731180116
0.5294279178,0.6444975658,0.5151284677,0.6519779819,0.5238376417,0.6888984705
0.5209665463,0.6402604041,0.5077673544,0.650187272,0.5160041847,0.6893110792
0.5082337512,0.6264916358,0.4950634943,0.6362584659,0.5033437446,0.6748928197
0.518856992,0.6321130514,0.5072312387,0.6425841202,0.5147001808,0.6791002572
0.5293585305,0.6450157069,0.5150051874,0.6525671368,0.5237581804,0.6907452404
0.5171121557,0.6357370605,0.5043805667,0.6461165162,0.5124053659,0.684781684
0.5129055282,0.6234296749,0.5002043779,0.6319067213,0.508203302,0.6667152492
0.5248971726,0.6414611371,0.5118399779,0.6508905393,0.5199795762,0.6887226508
0.5074704134,0.6217391982,0.495754752,0.6323949894,0.503308322,0.6682069297
0.5016502177,0.6182789988,0.49010424,0.6297634251,0.4976056845,0.6662023799
0.5040553439,0.6180132596,0.4912896189,0.627268319,0.49937661,0.6637420792
0.5131744113,0.6287014918,0.4996677431,0.6373541041,0.5080838181,0.6751681602
0.5247523032,0.6428755702,0.5119177617,0.6529669349,0.5199598854,0.6918290576
0.5112355662,0.6275258477,0.4985309549,0.6373956012,0.5065697975,0.6754740561
0.5298784709,0.6500496992,0.5180383518,0.6618881988,0.525572286,0.7010019574
0.5132076214,0.6304204111,0.5022442304,0.6427348852,0.5094241397,0.6803938893
0.5100291444,0.6226997756,0.4960157989,0.6300351949,0.5046787826,0.6663848805
0.5169170277,0.6351152394,0.5051451589,0.6466196323,0.5126934051,0.6841748035
0.5089205417,0.6232381151,0.4953076766,0.6314802287,0.5037917997,0.6687838586
0.5263821145,0.6407433855,0.5125669724,0.648678605,0.5210666866,0.6860949456
0.5014360524,0.6136123279,0.4896326425,0.6236726591,0.4972562022,0.6589709035
0.5018618509,0.617578626,0.4898761053,0.6282717508,0.4976030286,0.665546437
0.5013833382,0.6165661527,0.4908519738,0.6289938022,0.4978685346,0.6653408954
0.5235601488,0.6391675755,0.5108613152,0.6488268627,0.5188332381,0.68638799
0.5097040309,0.6199457613,0.4958458765,0.6269040952,0.5044279985,0.662286585
0.5224183178,0.6358063995,0.5104305769,0.6458358152,0.5180475081,0.6817142193
0.5206155687,0.6384908802,0.5086191421,0.6496103032,0.5162609134,0.6873029653
0.4996403009,0.6132601379,0.4872843098,0.6229753276,0.4951867362,0.6588408
0.5213037731,0.6377927246,0.5090726353,0.6482703729,0.516824552,0.6856711974
0.5146002939,0.6287633073,0.5026557947,0.6390691595,0.5102968358,0.6756399883
0.5150537525,0.6318969534,0.5016896659,0.6410421023,0.5100224353,0.6787676501
0.5062466896,0.6224285237,0.4943504206,0.6333294411,0.5020140155,0.6707656347
0.523433371,0.6407260075,0.5111390663,0.6513095901,0.5189196335,0.6894957905
0.5063541471,0.6218394576,0.4945155887,0.6326422401,0.5021491874,0.6698085514
0.5091480181,0.6251133002,0.4979860346,0.6368858534,0.505269652,0.6734074369
0.5241720946,0.6397523972,0.5104373418,0.6480873644,0.5189128015,0.6860372035
0.5160974312,0.627703837,0.5031018865,0.6360555128,0.5112342004,0.6715188517
0.5028533755,0.6161582283,0.4915171021,0.6270836604,0.4989084689,0.6625923549
0.5258604646,0.640359469,0.5137190194,0.6504482825,0.5214022412,0.6871632657
0.5204542033,0.6365323896,0.5065600047,0.6447968608,0.515138909,0.683440648
0.5216182425,0.6388311293,0.508479247,0.6483264805,0.5166773937,0.6865308346
0.5185508733,0.6337447036,0.5063464233,0.6439532756,0.5141003573,0.6811977675
0.5298868982,0.6454019755,0.5160318182,0.6535491608,0.5245442859,0.6919143997
0.5281043209,0.646932557,0.5153671015,0.6573050148,0.5233487118,0.696523479
0.53050132,0.6465244787,0.5183649063,0.6569687408,0.5260281601,0.6943483496
0.5259724953,0.6432862862,0.5116417636,0.6512714014,0.520399518,0.6897658681
0.5036556212,0.6181362726,0.4909187515,0.6275568319,0.4990018041,0.6646974229
0.5323313979,0.6483666362,0.51825176,0.6563449313,0.5268644038,0.6950468214
0.5216169607,0.6381258968,0.5082595379,0.6471728979,0.5165597085,0.6849725591
0.5410440818,0.6583306937,0.5285324154,0.6685607977,0.5363375889,0.7070390024
0.51311913,0.6285125242,0.5011057794,0.639037512,0.5087911512,0.6761621005
0.5361872622,0.6522449204,0.522236873,0.6603794186,0.5307635559,0.6987497138
0.5253631233,0.6405986738,0.5112423681,0.6483576708,0.5198995333,0.6862793991
0.4917673679,0.606868442,0.4805534686,0.61845282,0.4879454835,0.6548263805
0.5244526278,0.6415187647,0.5106456258,0.65011667,0.5191579043,0.6886094201
0.5265090918,0.6423413014,0.5140593007,0.6523588964,0.521892702,0.6896773799
0.5044257988,0.6216498412,0.4917566561,0.6318243811,0.4998033471,0.6695560832
0.5143271834,0.6308803237,0.5016450135,0.6408292906,0.5096589471,0.6790193604
0.5209551637,0.6360283868,0.5075505307,0.6446727842,0.5158796383,0.6823667045
0.5197928622,0.6365680217,0.5080255242,0.6477136656,0.5155586909,0.6850249479
0.5137110499,0.6273961944,0.5020209072,0.6379129727,0.50953322,0.6736599972
0.5247577145,0.6426779426,0.5130984996,0.654218498,0.5205603732,0.6921261115
0.4994344925,0.6145337508,0.4879976898,0.6257905087,0.4954669396,0.662620934
0.5396744756,0.6577430507,0.5269934812,0.6679531552,0.5348798227,0.7060729424
0.5223312393,0.6393031877,0.5101676065,0.6499800019,0.5178847048,0.6876816895
0.5069084799,0.6191766009,0.4946305071,0.6286318406,0.5024573594,0.6640009392
0.5297709379,0.6455011078,0.5176094168,0.6558457215,0.5252803479,0.692597524
0.5063325648,0.6185427134,0.494199559,0.6281705782,0.5019566399,0.6633514811
0.5200741989,0.6362908353,0.5080653338,0.6469906793,0.5157140494,0.6842042629
0.5219694159,0.6394254339,0.5104468068,0.6510398232,0.5178615409,0.6892672556
0.5116450131,0.6310856679,0.5002402874,0.6433978481,0.5076441543,0.6818129573
0.5316307934,0.6464074649,0.5180174702,0.6546790887,0.5263991902,0.6925096715
0.4989277715,0.6111642472,0.485853024,0.6196292026,0.4941115988,0.6556035071
0.5310970948,0.6452082379,0.5174354059,0.6532626181,0.5258396249,0.6907141399
0.5240613264,0.642161389,0.5116549029,0.652796316,0.5194822833,0.6908366817
0.5269525735,0.6412867768,0.5150119828,0.6515853526,0.5225918239,0.6881754061
0.5197852991,0.6342950458,0.5063446827,0.6427630571,0.5146939614,0.6801413427
0.5129484242,0.6293159017,0.5000151876,0.6389048519,0.5081518075,0.6766717799
0.5266035537,0.6417811529,0.5123792998,0.6493911999,0.5210817575,0.6873790025
0.5093380062,0.6260228381,0.4970382066,0.6365157171,0.5048776165,0.673749586
0.5066140559,0.6205523997,0.4929655254,0.6286663494,0.5014703217,0.6653856379
0.5078883193,0.6226733078,0.4961646386,0.6334434553,0.5037199591,0.669355551
0.5078059463,0.6231778936,0.4951164995,0.632858193,0.5031449466,0.6693725856
0.5165427956,0.6316148338,0.5039701185,0.6413340089,0.5119078252,0.678295311
0.5148658842,0.6316099563,0.5033706102,0.643119504,0.5107917241,0.6801064296
0.5143738391,0.6294742768,0.5017311957,0.6391203544,0.509710911,0.6759388219
0.5431853327,0.6574530552,0.5295056588,0.6654830282,0.5378675375,0.7034483927
0.5329545381,0.6482659525,0.5189823794,0.6562064942,0.5275362952,0.6944936074
0.507815568,0.6263982496,0.4968878991,0.6391310972,0.5040784142,0.6772625634
0.5452550511,0.6609417608,0.5308446798,0.6683801222,0.5395500405,0.7066496889
0.5196324509,0.6357473372,0.5076142915,0.6464125261,0.5152712002,0.6837195334
0.5123304248,0.6298248814,0.5012779448,0.6421001589,0.5085042884,0.6797630238
0.5270358812,0.6436606146,0.5138129315,0.6528855421,0.5220188895,0.6904878763
0.5090835655,0.6261282416,0.4967664985,0.6366885807,0.5046273374,0.6748660998
0.5184372913,0.6349126973,0.5067017422,0.6460318519,0.5142334225,0.683827245
0.5119455824,0.6279873655,0.4990148379,0.6375045872,0.5071604954,0.6755899856
0.5087303709,0.623691403,0.4973330587,0.6349173774,0.5047322153,0.6712307218
0.5283002412,0.6431308779,0.5147615602,0.6515211374,0.5231163226,0.6888965674
0.5355404914,0.6537473908,0.5233671654,0.6646530136,0.5310353654,0.7033513162
0.5002295888,0.6159334685,0.4876633305,0.6258863704,0.495678639,0.6631699735
0.5047476652,0.6169162256,0.4912839817,0.6248482693,0.4997056148,0.6610137289
0.5343052635,0.6550661058,0.5224601792,0.667021312,0.5299724206,0.7060387999
0.513375717,0.6301331633,0.5016787901,0.641395762,0.5092065853,0.6785518376
0.5366787301,0.6513928581,0.5217465516,0.6579695908,0.53074123,0.6957357051
0.5206455399,0.635686289,0.5074697165,0.644614685,0.5156830937,0.6818468294
0.5133443343,0.6298652859,0.4999344537,0.638880752,0.5083039995,0.6769856172
0.5165144743,0.6335323958,0.5035711685,0.6432514715,0.5116995884,0.6814460457
0.5278460995,0.6424267135,0.5144676301,0.6509617138,0.5227465237,0.6882410151
0.5174434721,0.6334786142,0.5044398819,0.642878522,0.5125852356,0.6803122744
0.528961832,0.6435174906,0.5145054529,0.65067942,0.5233084985,0.6885067746
0.5231415276,0.6392803977,0.5110904042,0.6498935314,0.5187372777,0.6865529187
0.5114499388,0.6265347922,0.498885037,0.6362885803,0.5068378503,0.6728723056
0.510394541,0.6263726677,0.4974152887,0.6358189527,0.5055814881,0.6731598711
0.5060457883,0.623315443,0.4944220342,0.6348359286,0.5019578181,0.6727247568
0.5289748893,0.6481214423,0.5165508114,0.6589670953,0.5243683926,0.6976225486
0.5151769627,0.6327806087,0.5034191141,0.6441649449,0.5109722615,0.6818408604
0.5152358255,0.6308101093,0.5036079962,0.6418609213,0.5110825706,0.677976859
0.5255520632,0.64078701,0.5122246674,0.6495513078,0.5204875253,0.6868104033
0.5298798186,0.6448550075,0.5176572811,0.6549394106,0.5253562118,0.6914668877
0.5071049345,0.6237252309,0.4957163213,0.6353807086,0.5031251051,0.6724943422
0.5186933027,0.6338069075,0.5064254717,0.6439147721,0.5142070669,0.6809803405
0.5230139244,0.6383312687,0.5092557594,0.6465777524,0.5177487524,0.6845152885
0.5219459573,0.635238938,0.5088116903,0.64379667,0.5169967161,0.6805165537
0.5358689138,0.6508650804,0.5211567965,0.6577877109,0.5300533922,0.6959067331
0.5120087041,0.6297107562,0.5003379234,0.6412470533,0.507862043,0.6787852611
0.5438398465,0.6608950731,0.5306815517,0.6702413532,0.5387916763,0.7090836562
0.5172185908,0.6326194505,0.5054701327,0.6434647279,0.5129946202,0.6796320041
0.5046533468,0.6211853684,0.4919465162,0.6311406955,0.500016577,0.6691739371
0.5148365311,0.6304206012,0.5011309291,0.6388270522,0.5096414264,0.6770798099
0.5243195496,0.6423803483,0.5122386344,0.6534197275,0.5199035103,0.6911552777
0.5232417314,0.6403710427,0.5097497499,0.6493898816,0.5181236405,0.6884928209
0.5246434202,0.6423289791,0.511594432,0.652041107,0.5197432262,0.6909821298
0.5116236131,0.627014947,0.4983848125,0.6359825638,0.5066754282,0.673535061
0.516094841,0.6321360474,0.5026153525,0.6409360644,0.5110039123,0.6788349976
0.4972682655,0.6125494331,0.48540291,0.6233122639,0.4930812073,0.6596041048
0.5175614459,0.629090765,0.5046530195,0.637529012,0.5127391568,0.6731574438
0.5073601455,0.6236619582,0.4941082159,0.6328506411,0.5024233888,0.6704441972
0.5086450468,0.6238629207,0.4967794856,0.6345544894,0.50441083,0.6713481854
0.5227560494,0.639972643,0.5088878359,0.6485349233,0.5174338765,0.686782086
0.5392247191,0.6559832657,0.5250330728,0.6639689945,0.5336599451,0.7023574162
0.5195209147,0.6360470675,0.5072273176,0.6464622263,0.5150154509,0.6836938912
0.5074645375,0.6226292119,0.4959280453,0.6337338551,0.5034099991,0.6707920484
0.4980811766,0.6100297725,0.4868733535,0.6208091073,0.4942267572,0.6561114774
0.5138384419,0.6290712105,0.5020455494,0.6398346111,0.5096164819,0.6765929081
0.5356928396,0.6515883489,0.5221846255,0.6602450803,0.5304988945,0.6985219254
0.5228133375,0.6406096769,0.5098621062,0.6504810273,0.5179702914,0.6892932316
0.5278623573,0.6452881153,0.5140449445,0.6539465859,0.5225449971,0.6924550455
0.5251634842,0.6418204832,0.512518655,0.6517957006,0.520457774,0.6896547835
0.5250742076,0.6414395148,0.5125733375,0.65152743,0.5204368118,0.6888570607
0.5222435389,0.6383784013,0.5092999864,0.6478593921,0.5173974701,0.6856051877
0.5006935353,0.6143683165,0.487662034,0.6232289685,0.4958950142,0.659750504
0.4871840465,0.6009861533,0.4758583955,0.6121279652,0.4833307561,0.648558477
0.5168766424,0.6321515168,0.5042260629,0.641819294,0.5122021881,0.6789914837
0.5313765981,0.6455274466,0.5183146544,0.6543474699,0.5264125588,0.6907858362
0.5017918665,0.6191859436,0.4890896334,0.6293721074,0.4971663444,0.6672424195
0.5238908262,0.6405559165,0.5115189217,0.6508857701,0.5193258978,0.6882871721
0.5291518817,0.645879888,0.5160392476,0.6552615529,0.5241843511,0.6930674565
0.5203157528,0.6356059527,0.5068358328,0.6442090565,0.5152073035,0.6821501028
0.5197433614,0.6368517212,0.5074833077,0.6474507955,0.5152605312,0.6852673682
0.507238263,0.6248269263,0.4944321063,0.634901994,0.5025378018,0.6731615791
0.5308133915,0.6484236643,0.5177556137,0.6580811373,0.5258649026,0.695983405
0.5174240758,0.6327435653,0.5040142358,0.6414535641,0.5123570841,0.6788096121
0.5012688918,0.6163390712,0.4905222447,0.6284634202,0.497638866,0.6644724376
0.515422986,0.6309725151,0.5037794919,0.6419963938,0.5112750113,0.6791322962
0.5108485012,0.6274895269,0.4984131193,0.6377910846,0.5063190443,0.6756099121
0.4995179991,0.6110642586,0.4863614696,0.6192568077,0.4946491469,0.6546072741
0.5292164587,0.6454342039,0.5170248254,0.6558611883,0.5247178193,0.6930626535
0.5084572527,0.6245959096,0.4969279487,0.6359449901,0.5043981118,0.6729503991
0.4991986945,0.6141392922,0.4872317208,0.6246782508,0.4949598268,0.6616065884
0.5177760164,0.6339375937,0.5052448426,0.6439688724,0.513163642,0.6816640043
0.5215519289,0.6389180362,0.509003179,0.6492035924,0.5169187726,0.6876293937
0.5187223043,0.6312646014,0.5050659928,0.6389942106,0.513518639,0.6755579468
0.513380931,0.6317993881,0.5014940386,0.6432288541,0.5091149985,0.6808515496
0.528955544,0.6454691536,0.5168865243,0.6561247223,0.5245183375,0.6931570497
0.5112559529,0.626838752,0.4991940438,0.6373567323,0.5069072002,0.6741955438
0.5058697464,0.622708546,0.4941516568,0.6340020741,0.5017325226,0.671695727
0.5177424896,0.635494983,0.5060992959,0.6470497532,0.5135895741,0.6851188688
0.517367953,0.6324147826,0.5037088451,0.6407424036,0.5121710792,0.6779501971
0.5153933078,0.6311124063,0.5040366143,0.6425436309,0.5113884745,0.6793171542
0.511432931,0.6244573409,0.4988371407,0.6336730379,0.5068043817,0.6697842373
0.5004280146,0.6171110995,0.4884953332,0.6281182822,0.4962032731,0.6655870188
0.512078455,0.6301845258,0.4991908089,0.6402597952,0.50731527,0.6788159692
0.5349549135,0.6526093396,0.5218597365,0.6622134098,0.5299773052,0.7008461181
0.5304611315,0.6477459763,0.5182790705,0.6584388676,0.525966047,0.6962021115
0.5116192122,0.6281532992,0.4994435334,0.638757301,0.507218453,0.6764193294
0.527958948,0.6463490843,0.5140866574,0.6551689537,0.5226194953,0.6943592436
0.5366987525,0.653445254,0.5239383496,0.6632480979,0.5318827784,0.7014714568
0.4716794226,0.5845579313,0.4604009121,0.5956142818,0.4679102957,0.630851328
0.5367113696,0.6543779596,0.5224331335,0.6624778359,0.531125392,0.7018522559
0.5215982124,0.6392512069,0.507868963,0.6481000544,0.516364464,0.6872307309
0.5147011619,0.6324241908,0.502854319,0.6437264712,0.5104617125,0.682109527
0.5008643104,0.6152725238,0.4884628597,0.6251166075,0.4963893913,0.6616937072
0.5094688481,0.6235349294,0.4960627722,0.6319781615,0.504436056,0.6686765032
0.5233665686,0.6426476666,0.5115122112,0.6542812329,0.5190778879,0.6927077299
0.5249605652,0.6398826313,0.5129441104,0.6502360234,0.5205662101,0.6866818716
0.5341817034,0.6517058283,0.5202472088,0.6602164424,0.5287775357,0.6990242356
0.5185235708,0.6368846147,0.5058647478,0.6472861634,0.5138471024,0.6858576236
0.513171972,0.6299856115,0.5012967257,0.6410350488,0.5089157973,0.6785137419
0.5277444659,0.6449504149,0.5147748099,0.6546346983,0.5228570352,0.6925060069
0.5186159229,0.6349007887,0.5070811464,0.6462282195,0.5145038508,0.6831492959
0.5225081229,0.6382548597,0.5103036147,0.6485803997,0.5180405709,0.6860849071
0.4973377632,0.6107252195,0.4846193495,0.619930262,0.4927191469,0.6565234303
0.4926345771,0.6070134774,0.4801445317,0.6167740363,0.4881665566,0.6542921837
0.5248338023,0.6417367556,0.5128691106,0.6526385074,0.5204801243,0.6904713409
0.5138113937,0.6271297178,0.5000788848,0.6349634735,0.5086032518,0.6724450584
0.51812196,0.6314973688,0.5062185568,0.6416487512,0.5138100855,0.6771647332
0.5298037164,0.6468746004,0.5153763902,0.6546662815,0.5241667207,0.6933965253
0.4999013119,0.6162830846,0.4875379656,0.6266647773,0.4954578126,0.6641658493
0.5182361365,0.6344666134,0.5051959637,0.6438639396,0.5133546227,0.681299748
0.5230709009,0.6404237708,0.5115023829,0.651948769,0.5189262806,0.689561819
0.5295731037,0.6463110861,0.5166602052,0.6559470857,0.5246980439,0.6931478619
0.5220742193,0.6409025757,0.5106311403,0.6529568603,0.5180031178,0.6911908434
0.5128213328,0.6255058219,0.499162117,0.6332849736,0.5076519566,0.6703725889
0.5086887707,0.6258360007,0.4959991344,0.635945741,0.5040402449,0.6740156094
0.5183832614,0.6318257325,0.5059189157,0.6412812117,0.5138007637,0.6782579478
0.5089054709,0.6226610474,0.4965529647,0.6323735199,0.5044117357,0.6684226365
0.4947881359,0.6107791242,0.4838242621,0.6228908681,0.4910856266,0.659778504
0.5123439002,0.6255856411,0.4994818055,0.6345118181,0.5075694361,0.6704242543
0.5197507183,0.6360487469,0.5068241239,0.6456009456,0.5149221336,0.6831548492
0.5104256103,0.623398722,0.4978944048,0.6326881385,0.5058388705,0.6690293309
0.5165968418,0.6349703545,0.5054837175,0.6473633361,0.5127181301,0.6851540858
0.4979324378,0.6148040972,0.4864601306,0.6264637365,0.4939515445,0.6635182898
0.5190537469,0.6367628971,0.5071335092,0.6479463871,0.5147534833,0.686166821
0.5161962314,0.6307274168,0.503864978,0.6406240368,0.5117001289,0.6783546021
0.5223555643,0.638266021,0.5104988749,0.649074265,0.5180657822,0.6864076805
0.5160346215,0.6317999774,0.5045087765,0.6430238001,0.5119449208,0.6802311579
0.5270904397,0.6448937565,0.5145967033,0.6553313875,0.5224559171,0.69361247
0.5151226482,0.633276608,0.5038581099,0.6454290728,0.511174009,0.683276667
0.5328293365,0.6484923306,0.5192630214,0.6570301926,0.5276148658,0.6949581512
0.5152350412,0.6333251087,0.5039527764,0.6454383911,0.5112811519,0.6836183546
0.5162443995,0.6319071257,0.50370704,0.6418158719,0.5116323433,0.6791302889
0.5366911334,0.6539564032,0.5232482373,0.6630194393,0.531530031,0.7018781929
0.5159572547,0.6325041962,0.5038312986,0.6431545675,0.5115671911,0.6812455756
0.525141767,0.6418467859,0.5115494114,0.6506285965,0.5199552124,0.6890934825
0.5129631415,0.6327408794,0.5002180421,0.6434058522,0.5082765714,0.6828780337
0.5137251782,0.6304840529,0.5012941146,0.6408068146,0.5091819079,0.6784854168
0.5227927467,0.6424191718,0.5103478103,0.6533848523,0.5182030588,0.6919915625
0.5151663027,0.6324275272,0.5033439948,0.6436450434,0.5109302065,0.6813872929
0.517774313,0.633467655,0.5045652338,0.6425218974,0.51281377,0.6802617454
0.5242059284,0.6376210331,0.5111644645,0.646317186,0.5192938851,0.6830657714
0.5231308213,0.6379334015,0.5112796045,0.6484753352,0.5188303493,0.6848648779
0.5267239936,0.643609643,0.5131814791,0.6524923077,0.5215479679,0.690465129
0.5133369159,0.6292888655,0.5006332737,0.6390683502,0.5086583264,0.6768367082
0.5021604204,0.6136177309,0.4910574726,0.6243905128,0.4983358807,0.6592393082
0.518454061,0.6385756437,0.5072122142,0.6512290603,0.5145004485,0.689445346
0.5225286884,0.6379291366,0.5097641138,0.647459139,0.5177744953,0.6850995802
0.520316804,0.6392887778,0.5077901947,0.650000934,0.5157037353,0.6889875039
0.524416168,0.6400107103,0.511904373,0.6499008585,0.5197738218,0.6868930477
0.5042142752,0.6188641928,0.4911625016,0.627920961,0.4993971649,0.6652442276
0.4955557806,0.6093718917,0.4837659152,0.6198786784,0.4914140822,0.6557308868
0.5377509794,0.654615717,0.5245435273,0.6638770197,0.5327053531,0.7025795538
0.5321082571,0.6478672889,0.5194838375,0.6576229338,0.5273729256,0.6948000835
0.524200047,0.6403393736,0.5121292975,0.6509229108,0.519787967,0.6881072878
0.5403379856,0.6570319886,0.5280339112,0.6673845643,0.5357391334,0.7055072914
0.5025543272,0.6205405598,0.4903628566,0.6315267967,0.4981834037,0.6691107364
0.5298275843,0.6431036713,0.5162789544,0.6511070792,0.5246249974,0.6877408482
0.5312529058,0.6462601749,0.5166533691,0.6533407696,0.525515307,0.6913062647
0.5338110552,0.6536893622,0.5198375076,0.6627162549,0.5283948649,0.7024919369
0.5062471007,0.6216327844,0.4939300728,0.6317995613,0.5017965303,0.6690371188
0.525525196,0.6435117846,0.5132157679,0.6542359917,0.5209859948,0.6920121214
0.5109933291,0.6280638997,0.4978117364,0.6375144179,0.5060835238,0.6758392281
0.5412357709,0.6599757348,0.5274542038,0.6689458237,0.5358807481,0.7083196124
0.5013588804,0.6117879655,0.4893655427,0.6211830014,0.4970768721,0.655848022
0.5230968812,0.6391108091,0.511295193,0.650010817,0.5188260314,0.6869319087
0.5264626284,0.6419344021,0.5143985031,0.6523541344,0.522041319,0.6892637261
0.5187825998,0.635955518,0.5069798334,0.6471585284,0.5145278352,0.6840407309
0.5208073706,0.6393588618,0.5077616588,0.6493018591,0.5159282051,0.6885054406
0.5135785106,0.626565746,0.4996364312,0.6340554816,0.5082549721,0.6709187976
0.5096021006,0.6222828518,0.4956762189,0.6297331541,0.5043017523,0.6662590448
0.5164988108,0.6318642535,0.5032080059,0.6407403526,0.5114918387,0.6777056623
0.5087444593,0.6240013807,0.4966701765,0.6344354399,0.5044050433,0.6714708412
0.5192013748,0.6384466939,0.507962239,0.6508809479,0.5152559882,0.6897290691
0.5107196806,0.6266992623,0.497356372,0.6356536887,0.5057194442,0.6738877028
0.5162290243,0.6318028379,0.5037637125,0.6417818367,0.5116525118,0.6789510541
0.5175485602,0.6307945624,0.5056608087,0.6409368983,0.5132568774,0.6770638301
0.5073171131,0.6250735555,0.4947638896,0.6355143147,0.5027412832,0.6734004888
0.5120240038,0.6268521755,0.4984915205,0.6353080213,0.50692052,0.6726263546
0.5222225714,0.63880005,0.5102988154,0.6496864928,0.5178950428,0.6868960191
0.5301880268,0.6467380816,0.5171253773,0.656136306,0.5252439995,0.6940903007
0.5139855138,0.6283174449,0.5015718421,0.6380703136,0.5094367097,0.6743013186
0.5296358539,0.6431864115,0.5170867224,0.6525167246,0.5249445326,0.6887549929
0.5229340411,0.637918619,0.5106949061,0.6480134399,0.5184419802,0.6850243984
0.5376751796,0.6540154456,0.5245096141,0.6632044563,0.5326427661,0.7011641367
0.5374187465,0.6516065336,0.5233231096,0.6591120131,0.5319051378,0.6964752258
0.5027539706,0.6208081964,0.4906993334,0.6319865036,0.4984621352,0.6702792672
0.5078624189,0.6251084361,0.4962104175,0.6365773248,0.5037472277,0.674162715
0.5190296387,0.6333971457,0.5054398061,0.6416444129,0.5138576557,0.6785144777
0.5290576439,0.6496761308,0.5176682674,0.6622058579,0.5249897316,0.7015411595
0.5153132013,0.630134666,0.5017155936,0.6384939274,0.5101632675,0.6760108567
0.5309372106,0.6503150407,0.5189396248,0.6617520545,0.5265375455,0.7001458936
0.5042823528,0.6193785215,0.4923797811,0.6300137289,0.5000503772,0.6668210382
0.5109949562,0.6249435594,0.4975938826,0.6333593117,0.5059634788,0.6704351135
0.5040064536,0.6200656246,0.4927639815,0.6317856078,0.5001168425,0.6687637675
0.5167860378,0.6348704183,0.5051434453,0.6465128181,0.5126394997,0.6847703414
0.5207257879,0.6385657311,0.5078296069,0.6485268985,0.5159152298,0.6869127696
0.5131633638,0.6306182938,0.5000459135,0.6402352973,0.5082705686,0.6782356168
0.5080233178,0.6258101585,0.4956110256,0.6364360202,0.5035249054,0.6749201644
0.5248618831,0.6430906373,0.5129840466,0.6544276844,0.5205536863,0.6926058879
0.5210863327,0.6380116888,0.5082789119,0.6478622451,0.516316963,0.6858378994
0.5141082451,0.6260109239,0.5001533677,0.6332257632,0.5087782781,0.6700350363
0.5252763111,0.6423302383,0.5128864202,0.6527256932,0.5207015405,0.6906518412
0.5312035287,0.6451276128,0.5183693836,0.6541816909,0.526362701,0.6908724992
0.4977679172,0.6147562271,0.4859216949,0.6259641929,0.4936075049,0.6640202384
0.5077685348,0.6220002433,0.4944263731,0.630571173,0.5027935254,0.6684368399
0.5014168079,0.6161873945,0.4904705634,0.6279807821,0.4976810258,0.663809043
0.5133151597,0.6285902216,0.4996673884,0.6370017431,0.5081430668,0.6742233119
0.5095055225,0.6249435901,0.4961413316,0.6337707398,0.5044970273,0.6709456224
0.5056608945,0.6204133848,0.4935584422,0.6307022358,0.5013168935,0.667292621
0.5219956683,0.6391120888,0.509351859,0.6492137085,0.5173045685,0.6870935651
0.5041493821,0.6199729652,0.4916756803,0.6300559567,0.4996321284,0.6676951069
0.5152356169,0.6293449055,0.501578806,0.6374586831,0.5100427922,0.6739880832
0.5124893059,0.6288744123,0.5007143664,0.6399499832,0.5082813241,0.6768289237
0.5113760252,0.6253346263,0.498616152,0.6345674072,0.5066761639,0.6717889993
0.514105701,0.6285862055,0.5012816335,0.6378523852,0.5093455022,0.6742225894
0.5183212436,0.6329071929,0.5053955832,0.6420529344,0.513499003,0.6791707473
0.5178401094,0.6316844514,0.5055520953,0.6414627616,0.5133430124,0.6779395255
0.5079211932,0.6244210266,0.4960279853,0.63539599,0.5036810227,0.6728215425
0.5206347225,0.6364871899,0.5070758718,0.6451236458,0.5154895285,0.6835756659
0.5184325591,0.634998508,0.5071648504,0.6467364944,0.5144667186,0.6842526914
0.5121535342,0.6294318007,0.5007033929,0.6411450638,0.5081166106,0.6783150148
0.5348455484,0.6515738259,0.5220938025,0.6613906652,0.5300385007,0.6992898384
0.5199561428,0.6358809569,0.5073822904,0.6457909939,0.5153105449,0.6833822875
0.5178601239,0.6338077023,0.5064712974,0.6452419344,0.5138326939,0.6824963825
0.5196226557,0.6347980969,0.5081664445,0.6459486333,0.5155495656,0.6828576235
0.5153177525,0.6294502982,0.5027505589,0.6389541601,0.5106899403,0.6756079768
0.5197648599,0.6355420101,0.5063180092,0.6443061229,0.5146728179,0.682122762
0.5074142109,0.623552654,0.4942136589,0.63276721,0.502512154,0.6709182066
0.5137088248,0.6285342223,0.5006002637,0.6375230579,0.508814427,0.6747121007
0.5080141106,0.6191699685,0.495826618,0.628467005,0.5035985417,0.6632117996
0.5206812863,0.6346583907,0.5079049205,0.6438379487,0.5159236023,0.6807331017
0.5182990839,0.6346212357,0.5060357761,0.6450307406,0.5138225174,0.6827516414
0.5216972681,0.6380012749,0.509107948,0.6479762178,0.5170367149,0.6857488421
0.5374612708,0.6547058387,0.5241225765,0.6638930621,0.5323422564,0.7021760345
0.5197730631,0.6342284753,0.5065970263,0.6430193595,0.5148112363,0.6798930624
0.5176272859,0.6385570721,0.5060742205,0.651017059,0.5135238088,0.6899670732
0.5101194954,0.624704276,0.4988842813,0.6360375017,0.5062034778,0.6726203317
0.5227625767,0.6408955949,0.5091293009,0.6499782726,0.5175709227,0.6890836338
0.5176499544,0.63284338,0.5050940882,0.6426087135,0.5130202246,0.6797250568
0.5132899471,0.6283833727,0.5012532871,0.6388045815,0.508945778,0.6756267531
0.5036932178,0.6204623042,0.4908046368,0.6302467366,0.4989660002,0.6682452599
0.5024326684,0.6174144279,0.4906903634,0.6282355966,0.4982902628,0.6648615634
0.5155447396,0.6328125349,0.5035590702,0.6438209352,0.5112190611,0.681320337
0.5214196444,0.6395266255,0.5081156105,0.6490288371,0.5163968116,0.6875888273
0.5353885751,0.6511226946,0.5213110164,0.6590222964,0.52989708,0.6969158876
0.5231506558,0.64101639,0.5097388986,0.6503156341,0.5180660231,0.6889740975
0.5182199561,0.6359085038,0.5053832133,0.6459196323,0.51345748,0.684669214
0.5202576618,0.6350626844,0.5068081103,0.6435883238,0.5151463687,0.6801600712
0.5293748858,0.6480222836,0.5166632948,0.658377791,0.5246138737,0.6966242328
0.5070050869,0.6240591105,0.4954812213,0.6356492583,0.5029609199,0.6732433638
0.5046999748,0.6199662394,0.4934749461,0.6315083117,0.5008147285,0.6682137991
0.5213436659,0.6359840166,0.5094347614,0.6464212594,0.5170312898,0.6834460262
0.5273493325,0.6443625036,0.5138696258,0.6533533108,0.5222072859,0.6916709739
0.5085603498,0.62458369,0.4969031258,0.6357401075,0.504439815,0.6731106497
0.5202258287,0.6353383805,0.5060314528,0.6429914007,0.5147463303,0.6807147965
0.5256389583,0.6423675658,0.5120662292,0.65117815,0.5204551272,0.6892963973
0.517112888,0.6311802289,0.5029851632,0.6386795048,0.5116744382,0.6756392585
0.511455777,0.6266154755,0.499738363,0.6374684919,0.507279044,0.6738386498
0.5095711927,0.6239522772,0.4957565579,0.6319500741,0.5043294053,0.6688906345
0.5220950875,0.6391475612,0.508908246,0.6485411724,0.5171328246,0.6871113294
0.5015457054,0.6149632914,0.4897649081,0.6253552815,0.4973783601,0.6610028605
0.5295056183,0.6451630371,0.5166144823,0.6545667268,0.5246528515,0.6922819821
0.5323371523,0.6508389695,0.5190796408,0.6604516038,0.5272992364,0.7000785339
0.513191171,0.6294815063,0.5016653122,0.6408485276,0.5091081548,0.6776631567
0.4988438632,0.6123040325,0.4866480137,0.6221885301,0.4944726578,0.6577282554
0.5194427236,0.6359224728,0.5061324732,0.645031012,0.5144302066,0.6835271729
0.5432188262,0.6598843642,0.5299912352,0.6690523384,0.5381294537,0.7072043626
0.5105024475,0.6256181539,0.4973283104,0.6346061131,0.5055825002,0.6713824987
0.5181058723,0.6314906821,0.5051542567,0.6403157341,0.5132627289,0.6766032443
0.5302194228,0.646407306,0.5175975664,0.6562772168,0.5254929382,0.6934391992
0.5054706196,0.6182180382,0.4927391612,0.6272181281,0.5008158994,0.6643314889
0.5191441055,0.6349594939,0.5060505533,0.6441848745,0.5142348953,0.6818266447
0.508287196,0.6223649758,0.4952651592,0.6313049432,0.5034614781,0.6681978048
0.5223152242,0.6365389766,0.5095087198,0.6457332818,0.5175307267,0.6824490706
0.5089639997,0.6218584989,0.4953314168,0.6297346141,0.5038137193,0.6660080924
0.5013285635,0.616039061,0.4885449348,0.6254656683,0.4966658451,0.6629470049
0.5148952549,0.6282473107,0.500864815,0.6357073164,0.5095198201,0.6726525155
0.5243548074,0.6400822526,0.5110825813,0.6490391168,0.519324557,0.6864050477
0.5270258086,0.640067162,0.5132819646,0.6477777424,0.5217438533,0.6848924143
0.5140523678,0.6308869877,0.5017507699,0.6413922796,0.5095708693,0.6788282457
0.5200201831,0.6370897838,0.5075364355,0.647392781,0.5154192489,0.6851169119
0.5123173407,0.6288201997,0.4998747836,0.6390720681,0.5077732594,0.6765796894
0.514350971,0.6303639106,0.5006231164,0.6388468727,0.5091440474,0.6770068683
0.5195831012,0.6367213681,0.5060957988,0.6457625585,0.5144790414,0.6844375035
0.5181415491,0.6340156087,0.5058443507,0.6442734264,0.5136526252,0.6822197579
0.5115932968,0.6278870182,0.4982417044,0.6369289735,0.5065889562,0.6748105437
0.5094594021,0.6228970307,0.4969959435,0.6323888494,0.5049069237,0.6684618641
0.5116876563,0.6251307979,0.4992855031,0.6346926733,0.5071595701,0.6709914349
0.5170925208,0.6313256058,0.5036428403,0.6397255806,0.5120131809,0.6773019371
0.5228043814,0.6390137,0.5092659989,0.6477538254,0.5176378368,0.6848088701
0.5070798742,0.6216897903,0.4935322715,0.630092244,0.5019949627,0.6675465728
0.5229873634,0.64065913,0.5112940177,0.6521037939,0.5187780569,0.6897479648
0.5209346744,0.6359102238,0.5083364989,0.6455554381,0.5162737458,0.6830774699
0.5143360596,0.6286968265,0.5019888465,0.6385397412,0.5098304191,0.6754997128
0.4988231667,0.6115612821,0.4858346159,0.6202576704,0.494063936,0.6571310126
0.5260974938,0.6410599736,0.5122157386,0.6490546277,0.520759425,0.6873066082
0.5363099286,0.652679591,0.5228126545,0.6614610488,0.5311131899,0.6994592155
0.5218701492,0.6347567668,0.5078124232,0.6420502718,0.5164512748,0.6791641234
0.508809612,0.6248636358,0.497107712,0.6359692193,0.5046613841,0.6730955267
0.5218728926,0.6410480348,0.5091900132,0.6516027539,0.5171747008,0.6908613392
0.5071239705,0.6230875545,0.4954464629,0.6342104515,0.5029947007,0.6711920773
0.5230082848,0.6389347774,0.5106153036,0.6490622362,0.5184349823,0.6861842289
0.508923028,0.6240062023,0.4966107741,0.6340930636,0.5044576815,0.6709498505
0.5091661552,0.6241552416,0.4963188331,0.6335350639,0.504426389,0.670610983
0.5137845046,0.6291558801,0.5006764993,0.6382769268,0.5088866554,0.6753516084
0.5280193107,0.6419090504,0.5154687573,0.6513250306,0.5233371417,0.6877804039
0.508516412,0.6256994039,0.4972883409,0.6376929165,0.5046160201,0.6751632521
0.5169125553,0.6309599944,0.5041384429,0.6401740531,0.5121643783,0.6764274673
0.5166344251,0.6316176311,0.5041247876,0.6413951049,0.5120382152,0.6788028711
0.5167407581,0.6358520791,0.5042393361,0.6466477056,0.512156355,0.6855539553
0.510556956,0.6257563686,0.4969171891,0.6341701047,0.5054086536,0.6718090094
0.5263101787,0.643368964,0.5138550363,0.6536780407,0.5217025499,0.6920338429
0.5176717802,0.6356334142,0.5060321002,0.647244676,0.5135205711,0.6853256094
0.5050761664,0.6238299113,0.4942426135,0.6367430356,0.5014046795,0.6752312971
0.5209456461,0.633902495,0.5084550522,0.6431978337,0.5163211908,0.678972078
0.5232689765,0.6366093348,0.5091360971,0.6439106949,0.5178006471,0.6808677953
0.498261388,0.6110262239,0.4873788065,0.622420771,0.4945716368,0.6576812956
0.5286031395,0.6473459265,0.5162879304,0.6582334106,0.5240498443,0.6964404757
0.517203197,0.6345914791,0.5055477354,0.6460434452,0.5130470779,0.6840750478
0.5039588155,0.6180720227,0.491014552,0.6271371309,0.4991982435,0.6643290224
0.5143333656,0.6301903674,0.5011967179,0.6393901058,0.5094215204,0.6768032622
0.5044616579,0.6172484119,0.4920573028,0.6266786149,0.4999630026,0.6625697933
0.5227862077,0.64003753,0.5102881846,0.6503543279,0.5181673569,0.6883142679
0.5313576363,0.6480910622,0.5188878236,0.6582809318,0.5267088137,0.695877153
0.531067766,0.647981705,0.5188270973,0.6585073462,0.526535003,0.6958673261
0.516279953,0.6286544387,0.5040891488,0.6382076001,0.5118339816,0.67391669
0.512588214,0.6285781671,0.5012604906,0.6401272184,0.5086143398,0.6771497143
0.5047042641,0.6197852412,0.4935705506,0.6313982519,0.5008609151,0.6676706894
0.5056296168,0.6204303824,0.4941134283,0.631480443,0.5015810404,0.6675007932
0.5260344335,0.6440241398,0.5139403948,0.6550212944,0.5216129456,0.6934540682
0.5229236395,0.640589005,0.5098357027,0.6502537219,0.518008627,0.6889716079
0.5137407984,0.6283477218,0.5022134412,0.6392965711,0.5096453161,0.6751088191
0.5178866657,0.6329099366,0.5052965229,0.6425894715,0.5132354708,0.6794877855
0.524007334,0.6398097366,0.5103713114,0.6483237913,0.5187953722,0.68601797
0.5345063239,0.6530759103,0.5217972595,0.6633934823,0.5297297043,0.7021901153
0.5122906853,0.6308154648,0.5001631767,0.6419680122,0.5079206503,0.6807481713
0.5279877827,0.6462485139,0.5148389613,0.6559589331,0.5230101929,0.6943106037
0.52376765,0.6424108947,0.5115961007,0.6534800544,0.5193178471,0.6921240253
0.5235509817,0.6410018615,0.5107832057,0.6510200685,0.5187952917,0.6894750271
0.505863985,0.6192136263,0.4930659546,0.6282728201,0.5011586893,0.6645380067
0.5189503028,0.6329964709,0.5063652589,0.6424421043,0.5142953168,0.6790396482
0.4995363329,0.6142210981,0.4882297279,0.6255415739,0.4956346687,0.6622085675
0.5087927066,0.6266594762,0.497929827,0.6392906018,0.5050822375,0.6770919587
0.4980296813,0.6125341618,0.4868305138,0.6239555055,0.4941885405,0.6604169383
0.5206701403,0.6358662518,0.5070876999,0.6443152385,0.5155064388,0.6821926419
0.5039624858,0.6185379571,0.4915503299,0.6283953859,0.4994680621,0.6650661636
0.5223652287,0.6391194682,0.5100022805,0.6494891552,0.5178090404,0.6866822524
0.5174048769,0.6296679574,0.5043312903,0.6380728778,0.5124987064,0.6739122575
0.5149706871,0.6312182689,0.5019602972,0.6406711178,0.5101327857,0.6790031822
0.5411293286,0.6613212882,0.5270766284,0.6702954146,0.535643475,0.7106062038
0.5054905305,0.6196790685,0.4925670644,0.6287827547,0.5007330758,0.665969807
0.5015279199,0.6158603583,0.4904060636,0.6273198064,0.4977004517,0.6630450769
0.5313086128,0.6467749151,0.5173867335,0.6548211954,0.525918,0.6927168571
0.5192644125,0.6331644495,0.5073830993,0.643466086,0.5149678435,0.6797321881
0.5102394749,0.6255544496,0.4986461481,0.6366098229,0.5061455126,0.6739400709
0.5267011382,0.6418592225,0.5142732465,0.6517408719,0.5220990633,0.6891915951
0.5174722116,0.6343482742,0.5047701488,0.6443367652,0.5127750563,0.6823359502
0.5126080266,0.6292524272,0.499079552,0.6381490761,0.5075062157,0.6760174153
0.5111570721,0.6257927522,0.4988806099,0.6358062996,0.5066966338,0.6723632847
0.5277126078,0.6459528832,0.5150284804,0.6562515973,0.5229726096,0.6943267854
0.5099926778,0.6287305857,0.4987397667,0.6410716532,0.5060678626,0.6785350214
0.5236891543,0.6414778721,0.5100516924,0.6504685069,0.5184915442,0.6895454116
0.5163809082,0.6313785687,0.5025170053,0.6394373551,0.5110920779,0.6772447954
0.5207657723,0.6371096758,0.5086779759,0.6477369126,0.5163613112,0.6849656374
0.5058083482,0.6216701162,0.4929868647,0.6313095236,0.5011103711,0.6694524223
0.5206435294,0.6380790079,0.5089334799,0.6494557918,0.5164380572,0.6871431349
0.4986580346,0.615245956,0.4863484188,0.6257536251,0.4942555117,0.663833606
0.5143934129,0.6305404447,0.5026424766,0.6415788806,0.5101871096,0.6782888773
0.515286931,0.6278795991,0.5031475098,0.63755451,0.510875356,0.6735154073
0.5301126205,0.6469018043,0.5172562027,0.6566196838,0.5252716643,0.6943528374
0.522787364,0.6416880518,0.5101531636,0.6522336531,0.5181089084,0.6913549215
0.5118307137,0.6258905986,0.4989279105,0.6349641166,0.507055341,0.6722443763
0.5235635851,0.6374032167,0.5106159053,0.6463218593,0.5186929618,0.6824837203
0.5217998966,0.6362949589,0.5081428317,0.6444777216,0.51657942,0.6813456304
0.5274756579,0.6422290536,0.5148612262,0.6517737954,0.5227624091,0.6883709758
0.5134086004,0.6299363433,0.4996255938,0.6384763754,0.5081732907,0.6764406215
0.5083723725,0.6246325052,0.495490048,0.6342800217,0.5036202562,0.6717620147
0.5283031229,0.6440511604,0.5158811424,0.6540761728,0.5236966093,0.6916689548
0.5221332904,0.6402024014,0.5098663852,0.6510167416,0.5176393532,0.6893302477
0.5369075365,0.6536955029,0.5233696129,0.6625232452,0.5316895129,0.7007915528
0.4975956701,0.61264051,0.4868272676,0.6247510896,0.4939799768,0.661357727
0.5144405897,0.6303340213,0.5019418889,0.6403560069,0.5098544356,0.6775277892
0.5147128678,0.6298102454,0.5026643545,0.6402108642,0.5103624318,0.6775135394
0.4997027034,0.6111530547,0.4863787065,0.6191087453,0.4947522882,0.6548192832
0.5116106791,0.6275868537,0.4990134459,0.6375156236,0.5069902252,0.6749241905
0.5067432572,0.6209275103,0.4946364603,0.6310670058,0.5023946645,0.6677347591
0.5033729615,0.6173736382,0.4922161927,0.6286969924,0.4995218625,0.6645833197
0.5209862707,0.6366043639,0.5083744607,0.6463874386,0.5163102021,0.6834947699
0.5215002789,0.6387628519,0.5099246032,0.650264289,0.5173576319,0.6877204306
0.5276115171,0.6420262472,0.5143204653,0.6506331105,0.5225580788,0.6878653379
0.5145827271,0.6328497615,0.5029058863,0.6445048619,0.5104255987,0.682540415
0.5284512754,0.6432077757,0.5159990075,0.6529546205,0.5238184811,0.6896347448
0.5161699202,0.6318771039,0.5040092615,0.6422770171,0.5117442431,0.6789785818
0.5149304546,0.6311245115,0.5015228948,0.6400576688,0.5098754357,0.6775201481
0.5239220408,0.6401858698,0.510802254,0.6494671598,0.5189816185,0.6875760873
0.5091643919,0.6246361216,0.4959191191,0.6336246841,0.5042245056,0.6711849207
0.5149948207,0.6331230681,0.5020986077,0.6431796858,0.5102109319,0.6815715016
0.516071909,0.6326267314,0.5024042368,0.6413105235,0.5108848869,0.6793854627
0.5329838903,0.6493780631,0.5187312987,0.6572203558,0.5274233056,0.6959133859
0.5176736447,0.6326167047,0.5039110273,0.6407867597,0.5124329762,0.6787245073
0.5262179384,0.6447335947,0.5132994347,0.6548069617,0.5213725189,0.6935597963
0.5160526544,0.6312116348,0.5030610275,0.6404206024,0.5112126801,0.6780445035
0.5165562365,0.6324148398,0.5029082109,0.6409543088,0.5113694352,0.678363498
0.5237916537,0.6407385391,0.5114614781,0.651190532,0.5192494492,0.6887006176
0.5229331574,0.6401413911,0.511334739,0.6515934114,0.5187703037,0.6889196953
0.5328698276,0.6511855304,0.5203488811,0.6616877321,0.5282013805,0.7006689842
0.5212465817,0.6364636443,0.5089877728,0.6465970622,0.5167634077,0.6844544312
0.5343801978,0.6488372164,0.5209963748,0.6573133565,0.5292400216,0.6941347036
0.5186070784,0.6330294549,0.5053708047,0.6417402812,0.5136280987,0.6791779048
0.5005240941,0.6148336564,0.487735012,0.6241591016,0.4958617897,0.6615101709
0.5263922349,0.6453704078,0.5133226059,0.6553626347,0.5214712267,0.6944569763
0.5225411506,0.6380389023,0.5085856443,0.6460794472,0.5171756238,0.6840044447
0.5294800809,0.6471050253,0.5163032286,0.656620004,0.5244860962,0.6952103823
0.5322297801,0.6485978257,0.5179658691,0.6564220065,0.5266690877,0.6952549044
0.5226965181,0.6388144995,0.5104400351,0.6491633804,0.5181910769,0.6860271182
0.4939386612,0.6078595003,0.4819425048,0.6181353829,0.4897002346,0.6541731802
0.5169743592,0.6342834672,0.5046292531,0.6448358064,0.5124535432,0.6821703779
0.5125073635,0.6306483316,0.5004799729,0.6418334304,0.5081797491,0.6799006693
0.5167982735,0.6339440587,0.5030784274,0.6427009585,0.5115805422,0.6808819496
0.5294091213,0.6449761974,0.515104329,0.6525676396,0.5238347605,0.6908058852
0.5048519124,0.6197521123,0.4921956566,0.6293727238,0.5002329198,0.6665248183
0.5175406132,0.6308417585,0.5053776881,0.6406486622,0.513107843,0.6768810216
0.5250427253,0.6427927386,0.5123230692,0.6529385519,0.5203046435,0.6914526297
0.5251978544,0.6395307981,0.5113628123,0.6474379971,0.5198766802,0.6847716375
0.5032110221,0.6202354781,0.4913475322,0.6314019334,0.499007765,0.6688706419
0.5210346537,0.6363608984,0.5081683943,0.6457498121,0.516227281,0.6828303554
0.5172938057,0.6314822997,0.5044474954,0.6406371467,0.5125063493,0.6769145964
0.5078631764,0.6240862644,0.4944887355,0.6330968951,0.5028616309,0.6707361043
0.5169143382,0.6310169204,0.5049191269,0.6412334393,0.5125679166,0.6773965731
0.5139512928,0.6290059202,0.5027142468,0.640433325,0.5100190239,0.6773390415
0.5085408709,0.6240842197,0.4967678432,0.6349744594,0.5043496637,0.6714541685
0.5271157165,0.6426497093,0.5138891342,0.6516077045,0.5221033496,0.6894533886
0.5140401069,0.6305689183,0.502455496,0.6419154072,0.5099280305,0.6791781456
0.5215523286,0.6378985041,0.5079252326,0.6465632632,0.5163588273,0.6845152916
0.520382156,0.6334611764,0.5071907095,0.6419010556,0.5154047051,0.6781703808
0.5060464341,0.6223551385,0.4950829205,0.6344837138,0.5022990979,0.6721036882
0.5300461527,0.6476290106,0.5170034679,0.6573021522,0.5251078846,0.6951099328
0.5230492834,0.6395118659,0.5099994002,0.6489334917,0.5181455878,0.6868327783
0.5188794508,0.6342604417,0.5055140167,0.6430362524,0.5138318163,0.6806373546
0.5138780545,0.6298987596,0.5027562073,0.6417116242,0.5100053617,0.6787995176
0.5348791765,0.6532634409,0.5229675298,0.6645477757,0.5305129035,0.7033244179
0.5094721923,0.6243962989,0.4969295132,0.6341478569,0.5048863527,0.6710623971
0.5426855406,0.6626141353,0.5303162912,0.6736579036,0.5380477126,0.7129523669
0.5011150196,0.6147807819,0.4898983958,0.6259564807,0.4972393236,0.6614651489
0.5328997197,0.648430619,0.5199656023,0.6577364688,0.5280017893,0.6949595414
0.5357356081,0.6500471068,0.5209020515,0.6566565372,0.5298571504,0.6945684106
0.5299086187,0.6473646413,0.5158579309,0.6557263961,0.5244583088,0.6940531846
0.5192076526,0.6342004382,0.5068663701,0.6441834049,0.5146857445,0.6815637062
0.4994704186,0.6121559271,0.4881543468,0.6229714462,0.4955483704,0.6580921469
0.5035234971,0.6157865525,0.4911020148,0.6250720082,0.4990239705,0.6610886241
0.5166066956,0.6300975968,0.5027024348,0.6377451705,0.5112855856,0.674546953
0.4953540706,0.6089993265,0.4836896785,0.6196257776,0.4912807628,0.6556123872
0.4973574667,0.6128062158,0.4845958051,0.6224587185,0.4927161594,0.6594721797
0.5182574642,0.636410238,0.5067212162,0.6481980416,0.5141519234,0.6859389558
0.5241577584,0.640655382,0.5114278815,0.6504880445,0.5194061365,0.6878323672
0.5209379617,0.6362281294,0.5089830028,0.6467667198,0.5165991598,0.6836069309
0.5118481678,0.627829993,0.4988073256,0.6371924176,0.5069990486,0.6747234151
0.5205562974,0.6371899481,0.5083166681,0.6476954347,0.5160791361,0.6853357677
0.5126523451,0.6288256706,0.500808586,0.6397604489,0.5084006423,0.6760763405
0.5089214214,0.6264043596,0.4971623319,0.6377890802,0.5047503122,0.6757659414
0.5119785006,0.6280554245,0.4989669446,0.6374778004,0.5071391241,0.6746988807
0.5359311504,0.6526944801,0.5215703105,0.6604777681,0.5302976652,0.6990528037
0.5178612769,0.6321941966,0.5042930885,0.6404647947,0.5127049662,0.6772539592
0.5095376833,0.6246909463,0.4968901327,0.6343640983,0.5048959615,0.6712350034
0.5363902269,0.6556967298,0.5223352323,0.6644729058,0.5309197971,0.7041332759
0.5292421217,0.6433588172,0.5152097519,0.6509522708,0.523793678,0.6878570391
0.5326675092,0.6461134871,0.51792755,0.652646675,0.5268410407,0.6896704871
0.5234089412,0.641180267,0.511224041,0.6520204014,0.5189478942,0.6900171239
0.5160177012,0.6311974809,0.5038165273,0.6414179498,0.511576034,0.6783056086
0.5084958832,0.6259907733,0.4957138777,0.6360681034,0.5038002302,0.674187898
0.5023131029,0.6157856083,0.4897593509,0.6252007483,0.4977456959,0.6611238101
0.5239790259,0.6418078723,0.512325394,0.6533369208,0.5197882334,0.6912197483
0.5106889991,0.6271558077,0.498103819,0.6372238134,0.5060838092,0.6750700478
0.5174274008,0.6334801591,0.5055711554,0.6443466779,0.5131524558,0.6810636457
0.5130389726,0.6277235176,0.5009022116,0.6379186294,0.5086421958,0.6745114159
0.5140013508,0.6287659303,0.5021971373,0.6393996599,0.5097695082,0.6758265393
0.4941314996,0.6069983586,0.4828405421,0.6179170915,0.4902573126,0.6537311937
0.5124487163,0.6287112534,0.4989023884,0.6374934072,0.5073348283,0.6750331527
0.5181504091,0.6330843032,0.5053224518,0.6424387706,0.5133747918,0.679307419
0.5096405679,0.6264247597,0.4968195185,0.6362730434,0.504921481,0.6743991425
0.5083057063,0.6218856917,0.4968890405,0.6327498198,0.50429572,0.6684972135
0.5242702882,0.641052225,0.5121454894,0.6517232817,0.5198329983,0.6892701163
0.5268049524,0.6455164632,0.5138742911,0.6556194212,0.5219479415,0.6942314094
0.5238923637,0.6420871428,0.5100705915,0.6509397581,0.518597766,0.6900354154
0.5045639091,0.6207530819,0.4918517275,0.6306180177,0.4999236385,0.6684923603
0.5023363246,0.6166221889,0.4910085599,0.6278026521,0.4984059849,0.6640648541
0.5011290235,0.6147077381,0.4876488383,0.6229702039,0.4960966919,0.65949052
0.5228059874,0.6388510732,0.5090500807,0.6472751786,0.517531497,0.6845939246
0.5265063273,0.6424113914,0.5137281157,0.6520297925,0.521728228,0.6899377804
0.5169348176,0.631697216,0.5030822844,0.6397123256,0.5116521689,0.6776715265
0.4892857264,0.6033557938,0.4771306744,0.6134866419,0.4849866212,0.6495125342
0.5200055494,0.6363777637,0.506474776,0.6451772366,0.5148706283,0.6832336202
0.5205900373,0.6379406749,0.5078263268,0.6479524571,0.5158448612,0.6859651091
0.5222164625,0.6383111325,0.5097789431,0.6484261849,0.5176224568,0.6854818105
0.5278900725,0.6443642815,0.5149141554,0.6538633906,0.5229955882,0.6913590612
0.5273570562,0.6425548818,0.513839063,0.651062208,0.5221859461,0.6883539813
0.5256256778,0.6431722157,0.5121153502,0.6522590211,0.5204797365,0.6909506529
0.5093691462,0.6230500358,0.4967434025,0.632394555,0.5047329411,0.6685086807
0.519854199,0.6376875784,0.5081797258,0.6492116817,0.5156656569,0.686595002
0.5254430193,0.6450069334,0.5138900153,0.6570851324,0.5213054903,0.6959928606
0.5156261456,0.6330001058,0.5029961897,0.64321033,0.5109686466,0.6808537535
0.5109366196,0.625062013,0.4986847355,0.6349837119,0.5064898121,0.6714221702
0.5117538893,0.6272310483,0.5001592436,0.6383172068,0.5076381477,0.674672556
0.5257453159,0.6414798943,0.5131263616,0.6512623681,0.5210404124,0.688232387
0.5387189394,0.6557000482,0.5253458314,0.6647759695,0.5335764003,0.7030221807
0.5361574425,0.6509567638,0.5220194041,0.6585566521,0.5306266415,0.6959618129
0.5055750278,0.6201860462,0.4924061724,0.6290782829,0.5006839505,0.6659190634
0.5049053928,0.6205083821,0.492297198,0.6303617109,0.5003143474,0.6679035748
0.532257575,0.6469009679,0.5189136343,0.6554791063,0.5271549183,0.692788816
0.516525618,0.6353061581,0.5046003304,0.6467599181,0.5122410215,0.6856963057
0.5197907315,0.6354716667,0.506939615,0.6449705021,0.5149930386,0.6818448439
0.5065642219,0.621978475,0.495146164,0.633300593,0.5025690096,0.669953406
0.5146099159,0.6322110919,0.5034438691,0.6443551177,0.5107116143,0.6818464583
0.5055114763,0.6224458332,0.4924600842,0.6320536243,0.5006903316,0.6700053342
0.512353337,0.6284735451,0.5003635841,0.6392102118,0.5080336936,0.6759519027
0.5107904124,0.6225595993,0.4971297841,0.630126039,0.5056211259,0.6664357849
0.5175185165,0.6329223187,0.506055988,0.6441308567,0.5134496948,0.6809056124
0.514214507,0.6294027259,0.501988189,0.6396012175,0.5097685537,0.6764975795
0.5321828793,0.6480871949,0.5197304795,0.65809534,0.5275367573,0.6953450744
0.526472448,0.6436435771,0.5143045211,0.6543446732,0.5219939587,0.6913764373
0.5225402772,0.6378069978,0.508696276,0.6459340496,0.5172349467,0.6839891983
0.5035130344,0.6177955892,0.4909628287,0.6274071352,0.4989566931,0.6645272628
0.5307487882,0.6480497487,0.5164637694,0.6560738497,0.5251805629,0.6948489062
0.5215599668,0.6372970669,0.5086830219,0.6467694527,0.5167524634,0.6844909946
0.5228157683,0.6395284767,0.5088235109,0.6478116912,0.5174272309,0.6858119798
0.4847680324,0.597687998,0.4723166748,0.6071762571,0.4803354961,0.6428557208
0.5278274498,0.6469352092,0.5147640367,0.6569607331,0.5229018199,0.6960135311
0.5076319719,0.6230917258,0.4957359007,0.6338085119,0.5033837639,0.6704370228
0.51626406,0.6282911185,0.5023156884,0.63553699,0.5109229264,0.67210274
0.516156883,0.6305897187,0.5024242095,0.6386811769,0.5109323588,0.6760621583
0.5021592785,0.6185455036,0.489129401,0.6280616357,0.4973714671,0.6663390404
0.5158781579,0.6292757328,0.5018518027,0.6367485883,0.5104983297,0.673587963
0.5363118369,0.6530939387,0.5241275062,0.6636363046,0.5317930777,0.7016970569
0.5203936686,0.6335234624,0.5070917155,0.6418355443,0.5153586634,0.6780947999
0.5305325642,0.6499757362,0.5169138973,0.6593629442,0.5253114819,0.6987807322
0.5169348981,0.6343440768,0.505211668,0.6457159264,0.5127420512,0.6835262331
0.5156867203,0.6307739593,0.5029793341,0.6403289221,0.5109962944,0.6780051501
0.5081949499,0.6234008316,0.4969529842,0.6348882807,0.5042860819,0.6717147919
0.515881128,0.6311816314,0.503646944,0.6413900606,0.5114216922,0.678208952
0.5257514861,0.6385942076,0.5135308928,0.6481845211,0.5212531451,0.684563495
0.4951282673,0.6085148865,0.4820045632,0.6172100895,0.4903086463,0.6536688447
0.5153844347,0.6283265626,0.5018821731,0.6363574731,0.5102682019,0.6724748333
0.5093603016,0.6233249103,0.4958078454,0.6315577037,0.5042524453,0.6682412318
0.5192261069,0.6369569346,0.507667181,0.6486065342,0.5151209612,0.6875583488
0.5241907618,0.6396192796,0.5104362592,0.6478928579,0.5189186147,0.685634954
0.5330251511,0.6499099109,0.5195385606,0.6588399638,0.5278603109,0.6977009579
0.4997351696,0.6174436037,0.4894206606,0.6307944828,0.4963438235,0.6679463606
0.5266860528,0.6440275796,0.5132100995,0.6531046807,0.5215508972,0.691618816
0.5105256206,0.6275795468,0.4980259867,0.6379014842,0.5059634252,0.6757307773
0.508826244,0.6236063133,0.4971084524,0.6343782895,0.5046653509,0.6709143371
0.5267257299,0.6405416941,0.5139467726,0.649656269,0.5219330369,0.686196246
0.5248193168,0.6401671076,0.5115904274,0.6490861128,0.5198195287,0.6870850678
0.5234874763,0.642787111,0.5101547988,0.6525337379,0.5184512234,0.6921840948
0.5267978736,0.6424833745,0.5140591601,0.6520977711,0.5220280548,0.6892011199
0.5187806318,0.6341377622,0.5048676052,0.6422116508,0.5134566232,0.6802114086
0.5027143695,0.6178699971,0.4895186556,0.6268714009,0.4978343075,0.664597572
0.5044623936,0.6211033878,0.4920908839,0.631516612,0.4999926095,0.6690542655
0.5006414202,0.613557174,0.487169699,0.6216727588,0.4956090793,0.6576232212
0.524583931,0.6412368212,0.511854712,0.6511061447,0.5198279156,0.688296205
0.5266673343,0.6397411523,0.5145478341,0.6495109408,0.5222116901,0.6855779431
0.5278418213,0.6453555328,0.5139545036,0.6539462317,0.5224940437,0.692863893
0.5097768227,0.6258235872,0.4973488925,0.6359941658,0.5052591133,0.6738862193
0.481467649,0.5931290663,0.4705202717,0.6042553201,0.4778217042,0.6391083215
0.5208766013,0.6342770125,0.5065106846,0.6413048167,0.515299777,0.6783014426
0.5014299758,0.6172315846,0.4896715631,0.6282394045,0.4972908335,0.6655380674
0.5224395332,0.6393286642,0.5101747557,0.6498559259,0.5179418701,0.6876624489
0.5073701519,0.6205306426,0.4950430087,0.6301375405,0.5028990799,0.6662094907
0.539650336,0.6551378794,0.5265499838,0.6641983467,0.5346390653,0.7017584473
0.5056044103,0.6188241421,0.4923340917,0.6272512702,0.5006593845,0.6637100675
0.5295043986,0.6474811708,0.5152898194,0.6557604014,0.5239762585,0.6945273256
0.5082209274,0.623155581,0.4948404781,0.6318453953,0.503224878,0.6699272232
0.5332657839,0.6513782749,0.5204794519,0.6614920919,0.5284544617,0.7001317581
0.4999905307,0.6127086673,0.4863379401,0.6205483606,0.494865226,0.6563026814
0.5142820723,0.6309196108,0.5008813864,0.639971303,0.5092488355,0.6785889846
0.5158935884,0.6335767016,0.5027277934,0.643175756,0.5109714031,0.6818469037
0.5373686069,0.6537353117,0.5233133905,0.6618066942,0.531883501,0.7001328727
0.529003413,0.6461217275,0.5148701312,0.654300978,0.5235233598,0.6931427776
0.5058330046,0.6214722772,0.4931464191,0.6312300035,0.5011895089,0.6682513984
0.498137351,0.6137684944,0.4860033067,0.6242683414,0.4938181559,0.6614169919
0.5280015861,0.6419318914,0.5147686256,0.650495336,0.5229726828,0.6873791965
0.5362422329,0.6536234475,0.5237595902,0.663933172,0.5315687256,0.7020598284
0.5006396853,0.6140170781,0.4876380518,0.622844131,0.4958666393,0.6599673098
0.5090738263,0.6250696925,0.4967676946,0.6353867978,0.5046161025,0.6728083019
0.5193851413,0.6375562841,0.5081150297,0.6496830957,0.5154123924,0.6874672564
0.5075784631,0.6225128443,0.49423213,0.6312486508,0.5025919268,0.6685542395
0.5116242593,0.6285024797,0.5004392986,0.6404588382,0.5077312467,0.6778551054
0.5043185269,0.6191089493,0.4921110267,0.6292789664,0.4999268135,0.6658934002
0.527193153,0.6456931764,0.513592842,0.6548891698,0.5219969486,0.6940545384
0.5128668457,0.6254603001,0.4998841593,0.6340757757,0.5080347499,0.6703306634
0.5319452095,0.6474923872,0.5182850036,0.6558869164,0.5266821941,0.6934967067
0.5084570192,0.6249597075,0.4956547744,0.6347685579,0.5037414721,0.6719937003
0.5296171764,0.6423863395,0.5159801317,0.6501591331,0.5243689396,0.6866251726
0.5176134273,0.631960771,0.5038124315,0.6399399831,0.5123545101,0.677835666
0.5095678642,0.6264517392,0.497480237,0.6372641926,0.5052209471,0.6748934994
0.5322623256,0.6488818153,0.5186315382,0.657568323,0.5270210845,0.6959679769
0.5135940087,0.6320665402,0.502038041,0.643932753,0.5095046498,0.6820562733
0.5268720925,0.6395317327,0.5131415363,0.6471693876,0.5215910637,0.683766044
0.5308991093,0.6489122429,0.5183587239,0.659324801,0.5262205387,0.6975275976
0.5259508452,0.6394167905,0.5128876127,0.6480912931,0.5210158075,0.6846253084
0.5190024269,0.6366460941,0.5060378163,0.6464795136,0.5141640258,0.6847670759
0.5088815382,0.6230288228,0.4960696991,0.632251128,0.5041513806,0.6684652581
0.5389288985,0.6553263024,0.5250076115,0.6635691549,0.5334997033,0.7015133883
0.5128487258,0.6291051477,0.4990760694,0.6375951278,0.5076211012,0.675478219
0.5095023573,0.6238296759,0.4958781596,0.632057571,0.5043563181,0.6687899815
0.5246953768,0.6391618727,0.5108618226,0.6471043432,0.5193832199,0.6848581406
0.5094423928,0.6245886683,0.4983922663,0.6362999689,0.505620004,0.6726049441
0.508681427,0.6235463172,0.495693459,0.6327185012,0.5038735318,0.66992324
0.5147767995,0.6284878007,0.5025092151,0.638272601,0.5103017478,0.6745021231
0.5045282946,0.6219686384,0.4913700887,0.6315672649,0.4996600587,0.6698667657
0.4923119259,0.6044427155,0.4798261426,0.6136609381,0.4878233587,0.6490333715
0.5173850702,0.6353312837,0.5055482812,0.6466880601,0.5131308973,0.6845810346
0.51818267,0.6339254244,0.5067036351,0.6451928758,0.5141050077,0.6822526454
0.5225301837,0.6409967156,0.5098663515,0.6513994795,0.5178378162,0.6904356022
0.5280176085,0.6452643967,0.5153630527,0.6553581325,0.523287542,0.6929413543
0.5144195316,0.6304069894,0.5022560112,0.6408796599,0.510010887,0.6783657182
0.5175839639,0.6339643669,0.5052198339,0.644262746,0.5130501732,0.6813841265
0.5294975396,0.6459398405,0.5170388628,0.6560812277,0.5248623763,0.6935418276
0.5339528559,0.6516939441,0.5195638126,0.6596800792,0.5283243044,0.6991598598
0.5234568734,0.6385430645,0.5097452362,0.6467918828,0.5182112088,0.6845164237
0.5233314647,0.6373476047,0.5107512778,0.6467747515,0.5186630694,0.6837146388
0.5162721969,0.6299169802,0.5023409466,0.6375679775,0.5109442256,0.674759548
0.5165848139,0.6331503722,0.5042848192,0.643580269,0.5120936487,0.6810752178
0.5028109529,0.615944342,0.491404996,0.6267389777,0.4988318605,0.6623313377
0.5234179682,0.6369876159,0.5105671262,0.645964708,0.5186141477,0.6831501799
0.5119595618,0.6287934697,0.4983705198,0.6376610527,0.5068327207,0.6757868169
0.5296890324,0.6457929488,0.5167868976,0.655289368,0.5248299847,0.693121956
0.5148181268,0.6284911548,0.5033126481,0.6392345038,0.5107339772,0.6752075493
0.5227699165,0.6382473873,0.5086506264,0.6460742829,0.5173156921,0.683790684
0.5141256318,0.6298950601,0.5020394533,0.6404144552,0.50975209,0.6773991228
0.5189357422,0.6381549473,0.5065118371,0.649065943,0.5143786527,0.6878293167
0.5257024569,0.6445952389,0.5131130204,0.6551828019,0.5210248471,0.6936793401
0.5166532355,0.6330351956,0.5033957701,0.6421984664,0.5116755425,0.6802602165
0.5160355673,0.6350797475,0.5042487075,0.6467787756,0.5118276701,0.6860035135
0.5196012587,0.6361427496,0.5059244653,0.6447984106,0.5144018752,0.6835222381
0.5213418795,0.6395337545,0.5095833533,0.6510313832,0.517107525,0.6888482207
0.5042756894,0.618120806,0.4914039966,0.6272123456,0.4995473375,0.6640864947
0.5124557349,0.6275973502,0.5003726309,0.6379749165,0.5080906177,0.6747432583
0.530148951,0.643915691,0.5160028934,0.6512802237,0.5246387148,0.6881965221
0.513171545,0.6265684309,0.5003087171,0.6355278051,0.5084060427,0.6723623173
0.5137437019,0.6287547217,0.5002837933,0.6373405994,0.508670637,0.6747771034
0.5273308899,0.6431017119,0.5130508811,0.6507794799,0.5217778435,0.6889631073
0.5236028052,0.641280823,0.5120685024,0.6529267911,0.5194808124,0.6911829971
0.5033477496,0.6179913334,0.4920014993,0.6292313331,0.4994015797,0.6654669888
0.5168070163,0.6301857508,0.5048574482,0.640285061,0.5124879031,0.6765125038
0.5096207715,0.6277152526,0.4978255385,0.6392014842,0.5054213162,0.6768361045
0.5106286371,0.6230718582,0.497141785,0.6310196792,0.5055547869,0.6677874411
0.5201402711,0.6346166507,0.506351212,0.6426331798,0.51486078,0.6795790673
0.51966778,0.6368828898,0.5059022805,0.6455872961,0.514416958,0.6840784784
0.4912243045,0.6044932619,0.4800608587,0.6156897413,0.4874269283,0.6513706938
0.509601686,0.6254322775,0.4974904546,0.6359556574,0.5052455502,0.6735869943
0.5432226241,0.6579477873,0.5299521368,0.6666002158,0.5381099922,0.7042519878
0.5159349677,0.6314049673,0.5041948906,0.6422838673,0.5117280304,0.6789286229
0.5264032077,0.6437712804,0.5136404292,0.6537635927,0.5216346501,0.6920700904
0.5160269089,0.630671579,0.5021562116,0.6386385946,0.5107265717,0.6757248065
0.5159444291,0.6304322392,0.5023946348,0.6387700983,0.5108157913,0.6761901962
0.5256394124,0.6408315541,0.5127869647,0.6501874935,0.5208197994,0.6874250255
0.5226131581,0.6395392312,0.510452791,0.6502077156,0.5181699786,0.6881215943
0.5052005496,0.6185923056,0.4928078126,0.6281809748,0.5007040157,0.6641751028
0.5222267865,0.6371232172,0.5094644743,0.6465357592,0.5174753883,0.6840789201
0.5135860586,0.6288059991,0.5016543329,0.6393904933,0.5092995205,0.6765829628
0.5132890687,0.6303834539,0.5008760158,0.6408133696,0.5087542162,0.6783493854
0.5195060294,0.6381647796,0.5066112639,0.6483327616,0.5147106619,0.6875374335
0.5167402801,0.6302585312,0.5042353823,0.6396874411,0.5121321207,0.6758180474
0.5235831663,0.6423087184,0.5110276257,0.6529083645,0.5189356868,0.6915519252
0.5290767715,0.6468845704,0.5159993635,0.6565718536,0.5241399657,0.6954891205
0.5185216445,0.6358137854,0.5054461444,0.6454221792,0.5136210416,0.6831211296
0.5165012961,0.6311097737,0.5025530557,0.6389679297,0.5111643472,0.6764238004
0.513846039,0.6275442669,0.5007270335,0.6362480385,0.5089454163,0.6731844022
0.5371758793,0.6540807298,0.5246297633,0.6641910739,0.5324733446,0.7028225605
0.5008338507,0.6148961977,0.4883494632,0.6245498865,0.4963174484,0.6611415177
0.522624678,0.6367887819,0.5090480705,0.6449918034,0.5174357257,0.6813937856
0.5169275598,0.6302470151,0.5032292751,0.6381140042,0.5117063088,0.6745520381
0.5066884742,0.6180611093,0.4928351966,0.6253022583,0.5014321864,0.6610880138
0.5199649953,0.6387214635,0.5070769287,0.6489198425,0.5151604878,0.6873741239
0.5186487881,0.6357655735,0.5067469953,0.6468290404,0.514358021,0.6847697406
0.5294980365,0.6450916456,0.5170385185,0.655026839,0.5248590781,0.6920673336
0.5211875638,0.6352629399,0.5091594516,0.6454126438,0.5168014824,0.6814202023
0.5145450433,0.6294069836,0.5021307335,0.6392852457,0.509990246,0.6754257858
0.5172737689,0.6323708755,0.5056187847,0.6432605732,0.51309913,0.6794454861
0.5133330541,0.6284514652,0.5004161769,0.6377567821,0.5085349787,0.6746955196
0.5268221659,0.6442974471,0.5131898589,0.6532072193,0.5216132096,0.6922899543
0.5212658157,0.635045794,0.5094810735,0.645431981,0.5170083721,0.6815800798
0.5189790297,0.6329076806,0.5071380049,0.6432686103,0.5147072586,0.679721776
0.4888386397,0.6032402041,0.4784212922,0.6156912475,0.4854338447,0.6512216643
0.538342884,0.6554723611,0.5258464261,0.6656949597,0.533649636,0.7035828463
0.5215601009,0.6381407839,0.5087697849,0.6479275185,0.5167956859,0.68571313
0.5294015868,0.6485933988,0.5154053312,0.657442706,0.5239956047,0.6971194747
0.5266691817,0.6436756356,0.5133070357,0.6528169191,0.5215918397,0.6911863832
0.5093157086,0.6255419987,0.497923456,0.6370837172,0.5053215329,0.6739707605
0.5321335045,0.6481786421,0.5192340626,0.6576547574,0.5272590341,0.6951167677
0.5270276688,0.6431024055,0.5146027211,0.6532080505,0.5224213098,0.6905553759
0.5031592076,0.6168914936,0.4899184795,0.6254890907,0.4982395502,0.6619474045
0.5200429478,0.6331095901,0.5066846161,0.641336482,0.5149780453,0.6774276078
0.5219817494,0.6382198222,0.5086524075,0.6472359145,0.5169500326,0.6858826005
0.5334644825,0.6492108353,0.5195748306,0.6573572634,0.5280774327,0.6951299638
0.4980380492,0.6113694747,0.4863007549,0.6218124754,0.4939080065,0.6573074051
0.5224170641,0.6402746301,0.5099401801,0.6507678902,0.5178102681,0.6888129867
0.5172937448,0.6337245265,0.5052113223,0.6443958091,0.512901323,0.6811200327
0.5095087242,0.6249770094,0.4983196447,0.6365900958,0.5056150617,0.6730384413
0.51328354,0.6283556609,0.5013259953,0.6388725198,0.5089853216,0.6760492681
0.5153126916,0.6303199493,0.5029530959,0.6402998592,0.510791369,0.6770757379
0.5160508551,0.6306557515,0.5023348157,0.6388098626,0.5108378821,0.6763928374
0.5180112495,0.6381922005,0.5055997212,0.6493606794,0.5134620816,0.6881145976
0.5192994763,0.6404339488,0.5083394035,0.6536982884,0.5155011509,0.6932509011
0.5186016616,0.6334166349,0.50604957,0.6430911771,0.5139625381,0.6796569645
0.5228293327,0.6413893216,0.5094183846,0.6508590123,0.5177535978,0.6901751401
0.5227260731,0.6367164628,0.5100604217,0.6460315553,0.5180200733,0.6832236394
0.5286958082,0.647815802,0.5152681558,0.6573758938,0.5235842915,0.6968887866
0.5118862028,0.6268207806,0.499310454,0.6365223655,0.5072783375,0.6739051288
0.5162150234,0.6299066016,0.5023250611,0.6376213218,0.5108997413,0.6742438313
0.5204050059,0.6344266288,0.5070409755,0.6428728632,0.515341804,0.6795794772
0.5178331175,0.6357010659,0.5055825396,0.6465071922,0.5133600296,0.6841739674
0.5163495817,0.6313821474,0.5040000017,0.6413764747,0.5118312533,0.6783522162
0.5176849446,0.6336650319,0.5049018937,0.6433316421,0.5129414238,0.6808863794
0.5107398418,0.6236428826,0.4988062674,0.6336733403,0.5064554491,0.6696223909
0.520282936,0.635859818,0.508358759,0.6465103546,0.5159580727,0.6830488218
0.5205439326,0.6339203183,0.5060673986,0.6408033673,0.5149083199,0.6775911831
0.5229504084,0.6389218155,0.5109986051,0.649621282,0.5186142988,0.6873898175
0.5214857046,0.638546281,0.5089571065,0.6487833957,0.5168599481,0.6868964184
0.5000159829,0.6151947317,0.4894522794,0.6275876777,0.4965002453,0.6646471813
0.5139031524,0.6283098701,0.5020401326,0.6387818537,0.5096311214,0.6744286052
0.516972362,0.6293179276,0.5035830066,0.637344419,0.511908794,0.67345586
0.512138558,0.6275732218,0.4997212373,0.6375974062,0.507607021,0.6747783213
0.5146152165,0.6328634508,0.5018328399,0.6430969872,0.5098955,0.6817787762
0.5065771226,0.6204293391,0.4937206645,0.6295327104,0.5018419929,0.6661597755
0.5260166648,0.6415692646,0.5138791714,0.6519174782,0.5215515104,0.6882853145
0.5080354526,0.6228804107,0.4944582054,0.6312980355,0.5029282896,0.6686423842
0.5127445825,0.6302115386,0.4994865349,0.6396532117,0.5077899993,0.6782855224
0.5217106387,0.6416756588,0.5103100096,0.6540683405,0.5176699783,0.6930902726
0.524714131,0.6421199569,0.5130917869,0.6535813075,0.5205346926,0.6912722608
0.5095822047,0.6267944847,0.4971999087,0.637310038,0.5050874346,0.6753412926
0.500602826,0.6155273898,0.4885635467,0.6259629867,0.4963264875,0.6633689022
0.5164356951,0.6324802216,0.5048616405,0.643709202,0.5123129139,0.6805207026
0.5310384144,0.6526556629,0.518249233,0.6636304051,0.5262464375,0.7038198402
0.519976833,0.637905361,0.5062887186,0.6468794987,0.514768287,0.6857974562
0.5114124242,0.6237800549,0.4979413054,0.6317271283,0.506335965,0.6680214688
0.531251419,0.6483434834,0.5173040927,0.656744884,0.5258519495,0.6952656261
0.5230707229,0.6377831498,0.5107870223,0.6477549939,0.5185480343,0.6842245957
0.5116217254,0.6280365388,0.498883039,0.6378913945,0.5069306886,0.6755772205
0.5281979663,0.6439420378,0.5142960471,0.652090075,0.5228305001,0.6899031451
0.5110109886,0.6240870966,0.4995101561,0.6347082701,0.5069424212,0.6702065297
0.5096160444,0.6255780758,0.4963343051,0.6346369462,0.5046516353,0.6720590292
0.505262791,0.6202376301,0.4936923499,0.6312630291,0.5011872961,0.6672804557
0.5148700241,0.6310023533,0.5013715381,0.6398048109,0.5097761996,0.6777956401
0.5247974408,0.6408972112,0.5114729251,0.6498754195,0.5197433702,0.6876873032
0.5070498606,0.6190682639,0.4935789046,0.6269472122,0.5019887109,0.6628060667
0.5086312974,0.6271441539,0.4979854609,0.6402170876,0.5050331975,0.6781076786
0.5183921329,0.6356663832,0.5048644853,0.6446935994,0.5132670978,0.6829812764
0.5326097066,0.6512016044,0.5188234817,0.6601621541,0.5272821829,0.6986813731
0.5213828018,0.6377839616,0.5081846955,0.6470087382,0.5164167359,0.6853348517
0.5091744391,0.6226062206,0.4967608684,0.6321612926,0.5046487009,0.6682028293
0.5108195958,0.626048346,0.4991828963,0.6370243481,0.5066936801,0.6738388777
0.5150727302,0.6314773991,0.5037564288,0.6431307194,0.5110880414,0.6798835071
0.5102929369,0.6265750552,0.498026086,0.6370068782,0.5058540992,0.6748122018
0.5339091382,0.6514535124,0.521424903,0.6618106418,0.529246359,0.6999996685
0.4919852582,0.6057454375,0.4801086007,0.616144495,0.4878172477,0.6520952723
0.5154812527,0.6317341582,0.5029321885,0.6417748693,0.5108756811,0.679858494
0.5270196618,0.6407630827,0.5139128969,0.6494449335,0.5220567246,0.6860212171
0.52040119,0.6363838304,0.5069881629,0.6452379963,0.5153338884,0.6838289765
0.5205397291,0.6371257159,0.5089008625,0.6483850753,0.5163620655,0.6851888428
0.507464985,0.624139611,0.4959388248,0.6356303769,0.5034163791,0.6730621033
0.5146582564,0.6327593762,0.5027413348,0.6440654421,0.5103771363,0.6821003506
0.5107698535,0.6245356876,0.4982072233,0.6339753377,0.5061646678,0.6704487303
0.5198345579,0.6335352447,0.5074630852,0.6431648267,0.5152750378,0.6789564843
0.5294562022,0.6454363171,0.5168887241,0.6553281491,0.5247557362,0.6920473091
0.5184939466,0.6305471809,0.5057625082,0.6393307576,0.5137528557,0.6746824692
0.5105986596,0.6247060372,0.496967637,0.6328685455,0.5054530188,0.6701623316
0.5151265499,0.6317398824,0.5033061425,0.6428006246,0.5108888423,0.6801951399
0.4973930264,0.6131380208,0.4852432072,0.6236493117,0.4930641078,0.6604568553
0.5160626823,0.6291066085,0.5043828048,0.6394699226,0.5118772857,0.674968238
0.5228006258,0.6380141805,0.5088618114,0.6460072887,0.517441931,0.6838348122
0.5119370786,0.6279620698,0.4985398786,0.6368793563,0.5069083548,0.6747600197
0.5282545692,0.6454975294,0.5154848886,0.6554429486,0.52347098,0.6935340823
0.5125939106,0.6277569152,0.5009237447,0.6386655617,0.5084434162,0.6755539765
0.5391417118,0.6568706621,0.5252455469,0.6654613937,0.5337311424,0.7041512868
0.5005924589,0.6157703409,0.4883883388,0.6260569738,0.4962337753,0.6637232682
0.5086845982,0.6252265282,0.4965459736,0.6358938118,0.5043151048,0.6734171961
0.5185510532,0.6347472185,0.5069470025,0.6459649085,0.5143980394,0.6824785369
0.5146275171,0.6303754742,0.5025814327,0.6409384455,0.5102730631,0.6779718065
0.5368486176,0.6515385779,0.5225045611,0.6588508037,0.5312192894,0.6969704501
0.5251481299,0.6418333741,0.5117468554,0.6508534352,0.5200664007,0.6897647531
0.5099910634,0.6254588485,0.4987626384,0.6370190749,0.5060769544,0.6736304698
0.5217847186,0.639320142,0.5095157168,0.6500028198,0.5172891268,0.6880328573
0.5188551189,0.6382543357,0.5057752637,0.6483691369,0.5139701454,0.6879450114
0.5173696465,0.6326780308,0.5059302981,0.6438933933,0.5133135923,0.6806515549
0.516275328,0.6332171834,0.5037004851,0.6433894303,0.5116445234,0.6810343706
0.5219147524,0.6389562616,0.5079764856,0.6473902953,0.5165676158,0.6860960785
0.5147553185,0.6280592009,0.5013220785,0.6362661681,0.5096920442,0.6733949376
0.510222686,0.6267502314,0.496893347,0.6358828634,0.5052379871,0.6739256983
0.520922635,0.63635681,0.5070189382,0.6444535641,0.515591597,0.6823632506
0.5083428831,0.6266629352,0.4964837402,0.6381296739,0.5041274127,0.6766412034
0.5285431916,0.6441282976,0.5165949204,0.6547133053,0.5241755261,0.6919096374
0.5053037238,0.6233268188,0.4941667421,0.6356646733,0.5014662119,0.6733520867
0.5259055841,0.6440634598,0.513853117,0.6551553948,0.5215013708,0.6932613532
0.5398283184,0.6547292871,0.5257038757,0.6623591069,0.5342863791,0.6997535346
0.5080152821,0.6201343827,0.494915754,0.6285057266,0.5031459675,0.6646609275
0.5201615203,0.6394678772,0.5069539246,0.6493905362,0.5152023693,0.6887913742
0.5463680588,0.663013601,0.5324220375,0.6712596264,0.5408929421,0.7094378395
0.5071346302,0.6223219867,0.4961813896,0.6341793187,0.5033762427,0.6707007629
0.5051586944,0.6197615782,0.4930745859,0.6300395699,0.500829695,0.6668176302
0.5296872707,0.6466482832,0.5173778682,0.6571041197,0.5251339341,0.6950806923
0.5329802612,0.6488373019,0.5185267068,0.6562979176,0.5273157117,0.6948504269
0.5372657642,0.6568784194,0.5251038775,0.668133592,0.5327531629,0.706754368
0.5095308925,0.6207442996,0.4957378198,0.6280151243,0.5042986896,0.6641782572
0.5111173703,0.6260236001,0.4994541032,0.636885136,0.5069674837,0.6730036087
0.5149895484,0.6321769096,0.5016556932,0.6414443606,0.5099878168,0.6802130496
0.5274224546,0.645373742,0.5131560905,0.6535882019,0.521878188,0.6923890791
0.500924022,0.6171410568,0.4888706012,0.6278753393,0.4966389237,0.6655696099
0.5231633434,0.6405043114,0.5103643871,0.6504577371,0.5183913656,0.6887389543
0.521509106,0.6392776664,0.5100571965,0.6510616279,0.517433084,0.6888274162
0.5230000182,0.641945429,0.509752029,0.6517162724,0.518001572,0.6906791778
0.5314069094,0.6464296885,0.516984896,0.6537379711,0.5257582176,0.6915772638
0.5267728399,0.6418486308,0.5124785619,0.6493452846,0.521218687,0.6876202023
0.5068089063,0.624369725,0.4940541613,0.6345059573,0.5021382686,0.6728492078
0.5079256295,0.6210356008,0.4941871037,0.6288319846,0.5027313517,0.6655247085
0.5318045837,0.6482853438,0.5196681389,0.6588348581,0.527335669,0.6970909609
0.5102390239,0.6251286024,0.497323187,0.6343924586,0.5054584703,0.6714311676
0.5282696068,0.6419077479,0.515989932,0.651604524,0.5237282212,0.6881274678
0.534323284,0.6493329279,0.5206288649,0.6575483877,0.5290268821,0.6947576597
0.5260893644,0.6433291647,0.5135853437,0.6536210095,0.5214526104,0.6916529109
0.5221075256,0.6402831658,0.5096918376,0.6509337118,0.5175412615,0.6896013537
0.5023383186,0.6155776926,0.4889641678,0.6238893394,0.4973609992,0.6607338489
0.5223224022,0.6372334866,0.5104288331,0.6477516439,0.5180012266,0.683980439
0.502324204,0.6165081611,0.4913935164,0.6281711453,0.498592607,0.6639067409
0.513650485,0.6280799611,0.5004123097,0.6368086643,0.50867891,0.6732160726
0.5169664938,0.6307157544,0.5031222118,0.6384996906,0.5116762958,0.6754624432
0.5166008948,0.6294024989,0.5031134026,0.6374145068,0.5115015973,0.6744920603
0.5230065427,0.6413105972,0.5093172945,0.6503621698,0.5177876763,0.6897101621
0.5045022901,0.6198625601,0.4918827272,0.629643841,0.4999070206,0.6671134205
0.5261368403,0.6418805392,0.512941631,0.6509323315,0.5211447894,0.688782692
0.5261179069,0.6417582017,0.5122881951,0.6499801974,0.5208038251,0.6881885459
0.5138123417,0.6272610949,0.4997954751,0.6347647854,0.5084430386,0.6713407458
0.5131576042,0.6283438045,0.5002531548,0.637682082,0.5083728487,0.675053363
0.5367951835,0.6551807627,0.5240816444,0.6654383105,0.532001415,0.7039094836
0.4908494312,0.6035789632,0.4789039667,0.6136417256,0.4866468853,0.6490826876
0.5123090551,0.630295522,0.4992914325,0.6401738238,0.5074761318,0.6785916742
0.5361939162,0.6541190014,0.5224951392,0.6630174242,0.5309035116,0.7020441723
0.5062681861,0.6193466481,0.4938573513,0.6288317457,0.5017589725,0.6648806056
0.5085555559,0.6230115709,0.4958357432,0.6324273361,0.5038835299,0.6693131662
0.5201323034,0.6344529146,0.5072617044,0.6435976672,0.5153288976,0.6805926032
0.5210060469,0.6404806768,0.5088301587,0.6517622264,0.5165733186,0.6910632181
0.5095912718,0.6244328649,0.497009294,0.6341137033,0.5049888729,0.6713139902
0.5171621064,0.6320324911,0.5043100564,0.6413449542,0.5123747781,0.6779303017
0.522166975,0.637542384,0.5083863472,0.6457771627,0.5168888637,0.6833602511
0.5116435295,0.6291889249,0.5007538859,0.6416893169,0.5079019946,0.6791365144
0.5139701319,0.6323641728,0.5006769384,0.6419813939,0.5089852385,0.6803609824
0.5134214754,0.6279280876,0.5007734475,0.6374274055,0.5087623318,0.674257976
0.506983673,0.6218118259,0.4941320211,0.631156149,0.5022517462,0.6681725053
0.5431208213,0.6598380763,0.5286391452,0.6674354038,0.5373977379,0.706502729
0.5202410256,0.6360907532,0.5066374433,0.6446710881,0.5150718711,0.6829271716
0.516391412,0.6271729696,0.5041330137,0.6362577169,0.5119056758,0.6713523114
0.5023149727,0.6171835159,0.4898068036,0.626997003,0.4977801837,0.6638286578
0.5136670223,0.6268719549,0.5003350165,0.6351876306,0.5086544996,0.6718419207
0.5188308487,0.6368273345,0.5057751159,0.6466308888,0.5139364572,0.684303089
0.5269109087,0.643744313,0.5152963312,0.6550645993,0.522729613,0.6929795667
0.524620154,0.6416010138,0.5127814279,0.6526831235,0.5203348078,0.6906976473
0.5089728651,0.6243640426,0.4973003927,0.6353432618,0.5048356892,0.6720795441
0.5269158735,0.6453046774,0.5130150947,0.654091818,0.5215729734,0.6937332143
0.5130434348,0.6260456024,0.5015464745,0.6366443508,0.5089717506,0.672444199
0.5404037811,0.6577118816,0.527484873,0.66743452,0.5354831204,0.705421681
0.5173934059,0.6320873409,0.5049295956,0.6418498239,0.5128063959,0.678433992
0.5202194119,0.6342321285,0.507139184,0.6430367494,0.5153080162,0.6800209185
0.5108246796,0.6258943495,0.497697894,0.6349303159,0.5059383018,0.6724218352
0.5027038105,0.6185356026,0.4913899987,0.6301145827,0.4987839656,0.66707852
0.5157983636,0.6315263728,0.5026983727,0.6407357806,0.5109008336,0.6782871914
0.5006119941,0.6149196266,0.487363502,0.6236563439,0.4957076435,0.660712237
0.5337577931,0.6526103497,0.5203740437,0.6621413588,0.5286414369,0.7013607583
0.5070981781,0.6191526161,0.4935152783,0.6268977996,0.5019758099,0.6625727827
0.5420245742,0.6594034391,0.5275105406,0.6671194472,0.5362846581,0.7059583863
0.5254560489,0.6423212853,0.5119401582,0.6512376741,0.5203020548,0.6893583634
0.5020895208,0.6189400519,0.4888206622,0.6282629009,0.4971710745,0.6660989396
0.5207520013,0.6362966843,0.5088473773,0.6469620987,0.5164404111,0.6838767951
0.504183816,0.6187492876,0.4924355776,0.6294519423,0.5000254351,0.6656667429
0.5174747223,0.6338242377,0.5046063716,0.6434725927,0.512692704,0.681432494
0.5212097674,0.6349987173,0.5073400519,0.6427458851,0.515890903,0.6800347952
0.5005990214,0.6174410684,0.489579471,0.6296611631,0.4968370922,0.666513169
0.5243066053,0.6402564585,0.5100891069,0.6480659751,0.5187941208,0.6858711341
0.5060494648,0.6204269471,0.492553753,0.6288435395,0.5009924796,0.6659906908
0.5155904535,0.630266816,0.503053743,0.6399398809,0.510971529,0.6763282467
0.5041469972,0.6167033322,0.4909379496,0.6250544951,0.4992282389,0.6605766352
0.5079745339,0.6193845096,0.4942127503,0.6267464998,0.5027656098,0.6629284197
0.5312902853,0.6464500867,0.5191437092,0.6566692721,0.5268036393,0.6935434655
0.522439255,0.6389631159,0.5104090556,0.6496999543,0.5180636066,0.68748206
0.5130182922,0.6300915431,0.5005533641,0.6404511596,0.5084689266,0.6787872146
0.5101888455,0.6267657679,0.497719351,0.6370109987,0.5056495486,0.6751557048
0.5142042494,0.6316145325,0.5016135036,0.6418902267,0.5095741068,0.6795614495
0.5307667567,0.6458456102,0.5172206617,0.6542770683,0.5255618935,0.6913535498
0.4879229976,0.6018463981,0.4770218842,0.6135604995,0.4842824095,0.6497582501
0.4989517657,0.6135511497,0.4879169377,0.625201761,0.4951813898,0.6609630033
0.5007097084,0.6128746374,0.4883684065,0.6222501164,0.4962599842,0.6579009283
0.5259760955,0.6405892322,0.5127747825,0.6493629576,0.5209719091,0.6863009532
0.5083195674,0.6253071944,0.4964384805,0.6364160538,0.5040840756,0.6739705102
0.527202129,0.6425333475,0.5139157549,0.6513666428,0.5221638714,0.6895487116
0.5178193745,0.6334053717,0.5053781986,0.6434111977,0.5132422651,0.6802004687
0.5304213062,0.6502253235,0.5171085863,0.6600907967,0.5253567435,0.699454991
0.5130676572,0.629987325,0.5004991454,0.6401766295,0.5084580105,0.6779988598
0.5266567653,0.6411172573,0.5123059107,0.6483971092,0.5210603576,0.6856427809
0.5160707624,0.6311765074,0.5043211267,0.6419534896,0.5118519773,0.6780799776
0.5118048268,0.625196545,0.4986145982,0.633743842,0.5068741474,0.6704123793
0.5145947374,0.6270923385,0.501656695,0.6357350803,0.5097749316,0.6718022983
0.52015723,0.63602186,0.5063712113,0.6443739232,0.5148928691,0.6825316314
0.5201082216,0.6369922267,0.5086100863,0.6485063075,0.516017422,0.6862627441
0.5126282815,0.6275256109,0.5007248489,0.6380717334,0.5083479557,0.6742700996
0.5301406066,0.6463093004,0.5173447544,0.6559542887,0.5253344659,0.6938121453
0.5178116104,0.6333736799,0.5047168201,0.6425416279,0.5129127187,0.6804503732
0.5118410394,0.6273947463,0.4984859488,0.6362523166,0.5068295141,0.6736865335
0.5211395229,0.6403474117,0.5099125791,0.6527773893,0.5171845566,0.691088536
0.5051151638,0.6212232102,0.4923115005,0.6309485957,0.500418807,0.668364534
0.4960943207,0.6101921817,0.4844429864,0.6209432951,0.4920260311,0.6571518732
0.516972459,0.6322000696,0.5040773697,0.6415448078,0.5121716642,0.6787436847
0.5052274415,0.6188688496,0.4931969272,0.6289800056,0.5009146862,0.6647787103
0.5118397403,0.6293213303,0.4998892164,0.6404455431,0.5075598128,0.6787298639
0.5267629118,0.6424401843,0.513285998,0.6511163117,0.5216243664,0.6890912633
0.5208040016,0.6362461783,0.5085935143,0.6464975723,0.5163396928,0.6838039315
0.513771345,0.6266244771,0.501431055,0.6361137793,0.5092578039,0.6717817787
0.4943540356,0.6057890776,0.48123735,0.6140248199,0.489539904,0.6499533866
0.5137471979,0.6272771091,0.5018367594,0.6374760697,0.5094509257,0.6729127387
0.5051417629,0.6204959643,0.4931988441,0.6311388326,0.5008927663,0.6685802591
0.5302867525,0.6460992868,0.5181424641,0.6564834688,0.5258037426,0.6933322645
0.5189836533,0.6375065869,0.5058510046,0.6473393012,0.51406623,0.6863759459
0.5191437492,0.63479868,0.5067102609,0.6448253258,0.5145707997,0.6820869349
0.5079183472,0.6224509865,0.4966150457,0.6336955099,0.5039777268,0.6702778626
0.5296497255,0.6453657648,0.5162661392,0.6541590016,0.5245374756,0.6915885483
0.5097613972,0.6278118364,0.4983260102,0.6397483883,0.5057468219,0.6773315759
0.5278782111,0.6471092742,0.5156964942,0.6582900549,0.5234004668,0.6968352195
0.5099001978,0.6272041597,0.4964537007,0.6363765937,0.5048573902,0.6746440937
0.5189247027,0.6374223822,0.505123386,0.6463935205,0.5136602866,0.6852538913
0.494617015,0.6087827564,0.4822107727,0.6185895794,0.4901694157,0.6551121824
0.5256785694,0.6442614987,0.5124990697,0.6540204898,0.5207079485,0.693298945
0.5244348454,0.6390190975,0.5104380234,0.6467835486,0.5190457794,0.6849794811
0.5148106905,0.6323971118,0.502225556,0.6427203259,0.5101856089,0.6807955481
0.5242589882,0.6429228823,0.5105545422,0.6520370772,0.5190227613,0.6912085412
0.5273699197,0.6434981035,0.5138257481,0.6521946207,0.5221949825,0.690354377
0.5160136645,0.6323479807,0.5031568276,0.6420134756,0.5112386121,0.6795453364
0.4978325088,0.6125960844,0.4852495063,0.6223080449,0.4932803474,0.6591105525
0.5193723133,0.6323180609,0.505612869,0.6400107393,0.5141094575,0.6764827404
0.5190776326,0.6360448362,0.5072748902,0.6471959124,0.5148274411,0.6844664319
0.5084825592,0.6248713855,0.4952487917,0.6340998235,0.503557017,0.6722177796
0.5009078689,0.6147199096,0.4878841612,0.6236229012,0.4961043007,0.6596417902
0.5351718397,0.6514897775,0.5217455308,0.6603527726,0.5300270186,0.6990322557
0.5077794538,0.6237790209,0.4966480813,0.6356064583,0.5039270676,0.672401245
0.5165575811,0.6345979282,0.5048914246,0.6462004544,0.5124041132,0.6847713221
0.5094459708,0.6239541134,0.4961929029,0.6326988572,0.5044926972,0.6695098857
0.5245322769,0.6383912896,0.5122419341,0.6481427071,0.5199918025,0.683934578
0.5083541089,0.6238391645,0.4952840898,0.6330582012,0.5035014016,0.6701223518
0.5186194378,0.6332653521,0.5068406836,0.6438813767,0.5143721251,0.6798237745
0.5097728958,0.6253933322,0.4981646987,0.636507152,0.5056650556,0.6732847425
0.5154465106,0.6312357759,0.502343776,0.640457906,0.510550986,0.678143778
0.5061509288,0.6206616923,0.4950990871,0.632230778,0.5023368873,0.6679352178
0.5191685715,0.6360321417,0.5061166393,0.6455639669,0.5142855115,0.6837705345
0.5055358255,0.6197460042,0.4927156765,0.6289866389,0.5008267266,0.6658448698
0.5136505866,0.6280745158,0.5013276004,0.6379665122,0.509150185,0.6742067554
0.5034022922,0.6181201081,0.4926131147,0.6300906999,0.4997437795,0.6662968275
0.5185733135,0.6349538851,0.5065825652,0.6457238284,0.5142347929,0.6833443364
0.5344970993,0.6521245955,0.5223743721,0.6629581516,0.5300182568,0.7011598834
0.5097477609,0.6242623703,0.4979195624,0.6348241521,0.5055112285,0.6703305388
0.5067090954,0.6211631726,0.4936220527,0.6301174084,0.5018550285,0.6669346186
0.5240456913,0.6363496721,0.5108245664,0.6445549544,0.5190438214,0.6812191966
0.511708692,0.6274981878,0.4991318443,0.637407076,0.5070904785,0.6742280861
0.5113050461,0.6268316214,0.4994667465,0.6376210735,0.5070742077,0.6746240494
0.5112776664,0.6269694017,0.4984249382,0.6365040512,0.5065346448,0.6744110568
0.5229650261,0.641190969,0.5099922368,0.6511385858,0.5181076033,0.6898588909
0.5182912822,0.6328050383,0.5045984526,0.6409590291,0.5130705802,0.677924309
0.522988169,0.6404573815,0.5101737046,0.6504229389,0.5182114498,0.688909868
0.5053584698,0.6203622836,0.4930297668,0.6304247759,0.5009019219,0.6672833382
0.5272687506,0.6427888569,0.5135609041,0.6511327674,0.5220049207,0.6888267591
0.5177486266,0.635547228,0.5055146962,0.6463580238,0.5132855095,0.6840797451
0.5172665344,0.6302742004,0.5055864418,0.6406231456,0.5130824462,0.6766080206
0.5099292254,0.6244761557,0.4964730871,0.6329694872,0.5048784205,0.6704455845
0.5182844768,0.6346493299,0.5056811141,0.6446358207,0.5136336821,0.682470199
0.5156653935,0.6328100669,0.5038561874,0.6440131715,0.5114330396,0.6816816913
0.5141454768,0.6276889023,0.5016913435,0.6371988497,0.5095650448,0.6726093818
0.5263348068,0.6410252181,0.5138306749,0.6506990037,0.5216861157,0.6874202465
0.5241873514,0.6398443088,0.5118575489,0.6499816137,0.5196308757,0.6863380617
0.5159824852,0.6300056408,0.502090249,0.6377971845,0.5106714283,0.6747656594
0.5087163336,0.6238896727,0.4968702423,0.6345948451,0.5044863137,0.6709857233
0.5387739298,0.6579451534,0.5248877609,0.6668947969,0.5333869412,0.7071084723
0.5082351528,0.6218875805,0.4966116429,0.6325063534,0.5041234617,0.6686278565
0.5048365638,0.6173999574,0.493349288,0.6279417626,0.5008061706,0.6634477798
0.5119871043,0.6269629765,0.4990307092,0.6361888935,0.5071787007,0.6733482097
0.5259828904,0.6399815067,0.513460434,0.6494670779,0.5213284285,0.6861792616
