P,AA,P_RSM,A_RSM,P_GPR,A_GPR,P_ANN,A_ANN,P_RF,A_RF,P_GBM,A_GBM,P_PCGPR,A_PCGPR
0.4058280221,0.5360256405,0.3985247759,0.5250927252,0.4100916279,0.5406959523,0.4057380991,0.5345791273,0.3816701798,0.5152291433,0.3758425966,0.5023593342,0.4132510904,0.5448616277
0.3681833186,0.509295059,0.3647622418,0.5029121524,0.3685462169,0.509829514,0.3701527158,0.5117371494,0.3618601803,0.505979529,0.3628156561,0.5054162646,0.3688568785,0.5102592687
0.3454159971,0.4815153255,0.3150644451,0.4402918523,0.3458714717,0.4824303084,0.3384189228,0.4720300909,0.3461627404,0.4857298828,0.343541868,0.479945913,0.346353732,0.4831029773
0.4318720019,0.6036922272,0.388158414,0.5498280994,0.4288623152,0.5995238847,0.4176222425,0.5860089677,0.3891597007,0.554665593,0.3894940584,0.5508297551,0.4279747348,0.5982831003
0.3878425836,0.5614199578,0.3583698658,0.5221237633,0.388453776,0.5627963521,0.378703819,0.5499288933,0.3390128727,0.496870453,0.3624369113,0.5307959114,0.3866606523,0.5601984537
0.2694847072,0.3981085136,0.2914288571,0.4343588854,0.2727744831,0.403979872,0.2755593309,0.4092563212,0.3102089266,0.4515812714,0.274401825,0.4063573529,0.2684766538,0.3976147732
0.4127733499,0.5491681342,0.406379066,0.5395379024,0.4154418536,0.5521799088,0.4142970423,0.5520507442,0.397469147,0.5361099925,0.4064047692,0.5438557157,0.415769069,0.5526148235
0.2686692548,0.3812371707,0.3114088655,0.4501667441,0.2748887075,0.3908453433,0.2879860932,0.4119993368,0.2761674765,0.3980655337,0.2402648635,0.3455861153,0.2709614451,0.3852614391
0.4112764254,0.5493984354,0.4077225131,0.543708641,0.4123441806,0.5507773985,0.4146180726,0.5537942036,0.4053713921,0.5454854902,0.4026753624,0.5377965727,0.411298323,0.5493804231
0.3633580951,0.5002306481,0.3529646576,0.4809936363,0.3648881001,0.5022429645,0.3624571747,0.4995545731,0.3338285364,0.467867517,0.3422122726,0.4732245637,0.3659674804,0.503728656
0.3184973841,0.4684755923,0.3329222929,0.485745166,0.321627831,0.4721333741,0.3250931614,0.4764468735,0.311743033,0.4585026787,0.3218443809,0.4746186225,0.3216544527,0.4721724533
0.4450791141,0.5942922152,0.4493090816,0.5979976404,0.4492469008,0.5992157553,0.4394902376,0.587804466,0.41883757,0.5602448129,0.4440831827,0.5870981234,0.4478672944,0.5973756048
0.3781195865,0.5186616148,0.3780515196,0.5162750774,0.3792063242,0.5198469992,0.3845073678,0.5264291416,0.3823789904,0.524611392,0.3786879032,0.5221303177,0.3792515291,0.5199089697
0.3255130297,0.4596606223,0.3031517788,0.4283266514,0.3267649509,0.4614896939,0.3190229497,0.4506910343,0.3319337126,0.4726237966,0.3302221581,0.4675803796,0.3262639164,0.4607820835
0.3281261778,0.4813084547,0.305459158,0.4480750334,0.3285436289,0.4819566767,0.3275410636,0.4808081305,0.3418824832,0.4948276729,0.3421398821,0.4986227687,0.3282421308,0.4815143944
0.4032098711,0.5420887563,0.4085453851,0.55080428,0.4017971785,0.5401616588,0.4021571793,0.5411130726,0.3957487873,0.5368859477,0.3948344471,0.5340505785,0.4014659086,0.5397163114
0.3321625975,0.4721039959,0.3291217552,0.4676302161,0.3311784466,0.4711323004,0.3288829021,0.4676352693,0.3380323707,0.482612536,0.336663616,0.480110169,0.3308134721,0.47061309
0.4034539262,0.5390067131,0.3829293008,0.5101159033,0.407399712,0.5436379275,0.4086137884,0.5456381521,0.3887710843,0.5238567366,0.4020192035,0.5367784961,0.4075141303,0.5437906083
0.2995378672,0.4433132788,0.3130271956,0.4646581426,0.297379117,0.4403846182,0.2976618605,0.4402309821,0.2871404925,0.4265335124,0.2903023325,0.4301737772,0.2971868808,0.4400999382
0.3807949734,0.5230689358,0.3856605848,0.5286096382,0.3817577962,0.5240107461,0.3862926702,0.5295669767,0.3816034137,0.5237974272,0.3842359922,0.5264156841,0.3816163041,0.5238165302
0.3555612304,0.5015823718,0.3629995633,0.513784036,0.3559101285,0.5019898612,0.3571132253,0.5029513209,0.3545251497,0.5015162898,0.3555731418,0.5036166489,0.3561211037,0.502287429
0.3417575457,0.4973277975,0.341290929,0.4947993696,0.3414569601,0.4970796835,0.3419087945,0.4976236639,0.3404216899,0.4920236875,0.3429330183,0.4974652317,0.3417083976,0.4974457164
0.3247782288,0.4724101698,0.3639936825,0.5238108844,0.3253954327,0.4728333445,0.3363982171,0.4871635163,0.3467533947,0.4989642942,0.33600962,0.486519639,0.3262668724,0.4740996369
0.3315802325,0.4763262997,0.3753634027,0.5341438563,0.3338558007,0.4788456028,0.3458070456,0.4942317248,0.3604170367,0.5141744449,0.3369524544,0.4807890715,0.3351439887,0.4806932363
0.2888301632,0.4177122916,0.2811842863,0.4048023408,0.2905361351,0.4204616846,0.284630971,0.4114344906,0.323683853,0.4663769301,0.3014358309,0.4347694472,0.2894799057,0.4189331175
0.3468626579,0.4966218739,0.3306318029,0.4769320127,0.3468594527,0.4964931032,0.3481506876,0.4995343011,0.3544292217,0.5069072837,0.3547088339,0.5052855875,0.3469549671,0.496629822
0.3454001535,0.4741477877,0.3349509532,0.4593170208,0.3479294293,0.4773199601,0.3435112514,0.4708847517,0.3391242579,0.4647950662,0.3113927692,0.429991224,0.3482329769,0.4777363932
0.4254877526,0.598989775,0.3965560494,0.5621758978,0.4266972307,0.6008859153,0.4194126021,0.5917013954,0.3908188332,0.5578623129,0.3933961501,0.5613280087,0.4253350707,0.5989676869
0.4700884722,0.6297423387,0.471087299,0.629761899,0.473023852,0.6329897743,0.4704981897,0.6306972933,0.4551947778,0.608627874,0.4837473967,0.6443161943,0.4732014231,0.633227396
0.3160708474,0.4465403077,0.2989916056,0.4202594928,0.3167667851,0.447395259,0.311414339,0.439794463,0.3268465817,0.4659709451,0.3280333319,0.464333249,0.3162432199,0.4466557857
0.3541524277,0.4919956044,0.3362423264,0.4681952866,0.3533449248,0.491186284,0.3498066397,0.4860417545,0.3568977684,0.4972840927,0.3513315535,0.4881239817,0.3537036297,0.4916849212
0.3038396824,0.431926286,0.3012955462,0.4251049943,0.3036414037,0.4315791907,0.3006487382,0.4270585885,0.3012865165,0.4314921303,0.3053646661,0.4349922087,0.302514822,0.4299779293
0.2280844578,0.3190479599,0.2680653808,0.3713559956,0.2261716914,0.3159637851,0.2142225798,0.2992806784,0.2843678383,0.3925825785,0.2586534661,0.3603895123,0.2260174297,0.3157482803
0.2857158907,0.4447491399,0.2608321331,0.4054911265,0.2850912507,0.443702325,0.2875591292,0.4467789164,0.2964879846,0.4489316385,0.2876613708,0.4439136442,0.2864757001,0.4458570155
0.4043151781,0.5437253082,0.4066162361,0.5474878199,0.4036480913,0.5428874264,0.4054582475,0.5452326831,0.3964053809,0.5371236301,0.3959926966,0.536021071,0.4030403782,0.5420700812
0.296769814,0.4325499961,0.3139193127,0.457266732,0.2955984744,0.4309813218,0.2945361018,0.4290880986,0.2915557889,0.4262547678,0.2970293734,0.4344964374,0.2956214832,0.4310148685
0.3319070266,0.4917751469,0.3222069003,0.4753477246,0.3312613249,0.4910350362,0.3307603032,0.4902094259,0.3177312049,0.4692387218,0.3267776751,0.4848727398,0.3309651984,0.4905960822
0.2925727943,0.4329993909,0.3191739575,0.475170712,0.2876405415,0.4263814549,0.2879506689,0.4263145152,0.2830689416,0.4214135937,0.2842816065,0.4220574248,0.2881933657,0.4272009289
0.4253450017,0.5689501299,0.4376227772,0.5842557486,0.425279152,0.5687691206,0.421416865,0.5647216903,0.4189986429,0.5605662761,0.4223601514,0.5660588488,0.4253175571,0.5688204837
0.3269015103,0.4800937112,0.3187760097,0.4718066145,0.3264312767,0.4796821132,0.3269647853,0.4806875844,0.3337727389,0.4856458491,0.3306268391,0.485695075,0.3253804434,0.4781379415
0.2787336415,0.4047969183,0.2732084449,0.4017325872,0.2816143326,0.4088722768,0.2762647698,0.4032281208,0.2960489245,0.4279343447,0.2864588912,0.4159289329,0.2794054941,0.4056652923
0.2882147104,0.4156113429,0.2742084304,0.399640463,0.2892548352,0.4169750311,0.2827804506,0.4092797962,0.3026233506,0.4364733059,0.2936739832,0.4242195946,0.2879828413,0.4151413895
0.310118144,0.4587919409,0.2838557889,0.4203261678,0.3095248005,0.4578843524,0.3147492915,0.4672698652,0.3335053784,0.4840856736,0.3161570015,0.4618372461,0.3093629107,0.4576448665
0.3423851376,0.4802281283,0.3422711943,0.4773795077,0.344354108,0.4829058895,0.3415815127,0.4789398155,0.341649668,0.4832491565,0.3397692435,0.4776157199,0.3444280893,0.4830096374
0.3483530124,0.4967182258,0.3792421664,0.5365019113,0.3463734945,0.4941142244,0.3539504622,0.5037389045,0.3527419268,0.5003602172,0.3450388466,0.4911052737,0.3476469888,0.4959309097
0.3854443911,0.5283520726,0.3907378218,0.5368197369,0.3848637783,0.5274588146,0.3871805768,0.5301502643,0.3828889056,0.5259085913,0.3847715017,0.5301208708,0.3847720698,0.5273331275
0.375332467,0.512771744,0.3819156455,0.5211488756,0.378698144,0.5162916868,0.3818082183,0.519949782,0.413945431,0.5580067331,0.4043521943,0.5487406411,0.3791457934,0.5169019821
0.2287607718,0.3318456284,0.227350657,0.330543854,0.2289718631,0.3322034966,0.2360716844,0.3424012878,0.264249188,0.3836946087,0.2528239778,0.3657053308,0.2311527363,0.3353676133
0.3966096432,0.5397876447,0.4007609342,0.5452704498,0.3956466089,0.5386440469,0.3987232131,0.5423055481,0.3902340437,0.5312827154,0.3888679252,0.5310694822,0.3952916794,0.5381608361
0.298236318,0.4393309956,0.3119988905,0.4600636867,0.2966167071,0.4371210801,0.2963749788,0.4363721612,0.2860848566,0.4217560774,0.2895174308,0.4268233978,0.2963768816,0.4367676517
0.4580165934,0.6206313708,0.4259257803,0.5805725169,0.4590427405,0.6216661572,0.4530580733,0.6132700303,0.3933361689,0.5496473958,0.4182245389,0.5791594785,0.4601752649,0.6231998969
0.3520404838,0.4924210112,0.3583359393,0.4994521115,0.3532376844,0.4940137238,0.3520095371,0.4921696414,0.3487807737,0.4898458115,0.3501860503,0.4909434276,0.3536060907,0.4945289513
0.4089222635,0.5633687211,0.3826572485,0.5336045858,0.4065589587,0.5596212459,0.3995984628,0.5514862145,0.347177787,0.4907533246,0.3818534273,0.536170618,0.4093438476,0.5634545965
0.3054729093,0.4469941175,0.3506809596,0.5091169146,0.3058330039,0.4473347074,0.3217828847,0.4686770239,0.3258146599,0.4716999699,0.3033833548,0.4431149163,0.3060249574,0.4476154733
0.3409206891,0.5036770377,0.3149026908,0.4666642819,0.3406389186,0.5036001329,0.3327711679,0.4927149368,0.3198224518,0.4728771248,0.3297436294,0.4879864469,0.340169494,0.5029061362
0.2265329051,0.3333696882,0.2218747192,0.3163494992,0.2266742224,0.3302533371,0.2044205454,0.2963371518,0.3109307876,0.4306367026,0.2531666996,0.3565426273,0.2319907816,0.3379993058
0.2646450583,0.3886893904,0.270258814,0.4011171747,0.2688186175,0.3946905164,0.2636622768,0.389426269,0.2891896791,0.4214043772,0.275698755,0.4022709051,0.2674009159,0.3926089888
0.3481238455,0.4899464085,0.3256792867,0.4595504475,0.3464482195,0.4877756826,0.3525759273,0.4969612566,0.3681684591,0.5130358623,0.3648440002,0.513212616,0.3456594384,0.4866651321
0.3328626115,0.4745430752,0.3352641296,0.4773550426,0.3327393313,0.4746191883,0.3322921022,0.4734574421,0.335088814,0.4801676188,0.334377428,0.4788899419,0.3322828103,0.4739680071
0.3211829537,0.4688549743,0.3284517717,0.48096376,0.3196760958,0.466921331,0.3216743936,0.4689962018,0.3084586312,0.4544753998,0.3135298583,0.4605292701,0.3191114597,0.4660966193
0.3992257325,0.5450948299,0.3933916052,0.5379597982,0.4014398011,0.547874488,0.3978261426,0.5433052804,0.3908386774,0.5330735758,0.3906750364,0.5313370512,0.401136812,0.5474609764
0.396250321,0.544452178,0.419090432,0.5735273548,0.3934726457,0.5411847186,0.3941524977,0.5424669349,0.400468314,0.5470546389,0.397843467,0.5457527926,0.3936905424,0.5414844152
0.3102778645,0.4548182212,0.3491057861,0.5058849122,0.3130482001,0.4578586478,0.3232185311,0.4711525978,0.3099905575,0.4525905868,0.3095431872,0.4535571956,0.3136279469,0.4587065751
0.3353534419,0.4869176329,0.3459702034,0.4992490899,0.3356322636,0.4871347074,0.3390196004,0.4914051082,0.3397083155,0.4905200273,0.3413747797,0.4947322403,0.335875747,0.4874880978
0.2941660849,0.4404026025,0.3037432326,0.4544761452,0.294745414,0.4410212701,0.2943688604,0.4399472099,0.2822533734,0.4214127066,0.2865176164,0.4309837999,0.2947358054,0.441006893
0.3790214349,0.5225768355,0.4003058215,0.5491749002,0.3786667777,0.5218945029,0.3833921259,0.5279473537,0.3913828023,0.5356341786,0.3873967669,0.5316334527,0.3798322716,0.5235008357
0.4636812291,0.6098925333,0.4743429019,0.6214326963,0.4694799621,0.6161674,0.4566320517,0.6023433353,0.4269427566,0.5692608355,0.4355453068,0.5789706008,0.4671694372,0.6131349594
0.3704153063,0.5125485809,0.403681773,0.5562059755,0.3741203872,0.5168554005,0.3785047588,0.5223809349,0.3961003557,0.5472540908,0.3889834847,0.539445057,0.3747019595,0.5176588552
0.2903803744,0.4460944626,0.2621752691,0.4026308567,0.289446329,0.4446599765,0.2943568427,0.4530983132,0.3131433319,0.4686759049,0.2906719165,0.4430107125,0.29062248,0.4464668305
0.3219409348,0.4727582562,0.323475844,0.4774631343,0.3214587217,0.4721424527,0.3229493073,0.4737862023,0.3097814959,0.4582149121,0.3170600788,0.4678008309,0.3207594419,0.4711153856
0.412752698,0.5563441039,0.4282811048,0.575792284,0.4105644729,0.5536712062,0.4109214719,0.5546631141,0.4036608082,0.5448404367,0.4000547384,0.539593045,0.4109297351,0.5541637845
0.4369255371,0.5911798259,0.4601515905,0.6209556586,0.4403466135,0.5954445865,0.4336638683,0.5884121869,0.430070815,0.5802977957,0.43038701,0.5833084633,0.4387165684,0.5932404102
0.3107641645,0.4552167495,0.3514837988,0.50880244,0.3141053296,0.4589418687,0.3248953561,0.4730606519,0.3105432112,0.4525251271,0.3088643715,0.451580183,0.3147587135,0.4598965334
0.354502541,0.4992682357,0.333928201,0.4717132187,0.3535584238,0.4979772716,0.3577939852,0.5044920365,0.3678441093,0.5131780196,0.3652163488,0.5126518956,0.3530259728,0.4972273292
0.3406151861,0.5034616683,0.3314243796,0.4876354546,0.3388403743,0.5013297258,0.3368493626,0.4984036574,0.3214638062,0.4738633559,0.3312553517,0.4888269136,0.3379821008,0.5000598713
0.2955218289,0.4407814918,0.2819285363,0.4208807424,0.2952468071,0.4403675693,0.2937316517,0.4383331335,0.3046274801,0.4507945263,0.3089016101,0.4602706815,0.2965354323,0.4422895841
0.3542464609,0.5040165915,0.348554253,0.4999287818,0.3541631204,0.5039622188,0.3540247681,0.5039144864,0.3528660347,0.5036781032,0.3575461012,0.5066705479,0.3540196529,0.5037580694
0.2911413814,0.4215386859,0.2762607567,0.3974884976,0.2930065432,0.4245458678,0.2886103741,0.417946532,0.3258872705,0.4583313284,0.2810179827,0.4060984208,0.2922843706,0.4234994904
0.3894674588,0.5230012406,0.3630637751,0.4914365177,0.3867279322,0.5198088164,0.3893021139,0.5217855677,0.4167625153,0.5561623604,0.4154505669,0.5525674099,0.3910803474,0.5256589856
0.3300659666,0.4822765478,0.3064238062,0.448244584,0.3303264775,0.4825664906,0.3330174324,0.4873046951,0.3392042329,0.4908445363,0.3351848163,0.4868872246,0.3293746715,0.4811760187
0.3386443646,0.4757081657,0.3211471817,0.452716377,0.3383286144,0.4755687732,0.3323882043,0.4673124492,0.3475442319,0.487515823,0.3414557935,0.4788925423,0.3378898557,0.4749520357
0.3365172054,0.4777555147,0.329504886,0.4722933968,0.3357465236,0.4764371811,0.3322649731,0.4728607647,0.317624873,0.456248429,0.3299781763,0.4721022532,0.3373295133,0.478683504
0.2836274788,0.415926864,0.3095411626,0.4535101888,0.2824176884,0.4142446618,0.2816008393,0.412659857,0.2799730953,0.4116423603,0.2774750791,0.4083956955,0.2830259536,0.4151368531
0.2271205461,0.331371072,0.229125815,0.3252850839,0.2272932284,0.3291308561,0.2054266615,0.2962484145,0.2999216739,0.4156237236,0.2450032727,0.3457753584,0.2306403999,0.3339777115
0.3323352136,0.4808073441,0.3414339562,0.4923345592,0.3349440489,0.4838370756,0.3384731918,0.4880522789,0.3369819258,0.4863012922,0.3375600107,0.4879908922,0.3347143114,0.4835052127
0.365421593,0.507786591,0.3818290034,0.5271558092,0.3687301033,0.5114146208,0.3740676369,0.518063835,0.3625131729,0.5063998508,0.3579293773,0.5016068496,0.3697721294,0.5128598714
0.3492566334,0.4880669356,0.3388577015,0.4740461559,0.3486898407,0.4875670344,0.345911606,0.4834336712,0.3544286685,0.4952341475,0.3517587811,0.4913453219,0.3486508345,0.4875124928
0.2996591014,0.4399062407,0.3142113818,0.4604074616,0.2964783515,0.4360373202,0.2973811471,0.4371462867,0.2984223652,0.4367924104,0.3026423793,0.4432581606,0.2958053237,0.4350474831
0.3930209619,0.5405952901,0.3846824143,0.529727322,0.3947848717,0.5428639092,0.3918334962,0.5392336543,0.3922452009,0.5369436269,0.3897552527,0.5331864717,0.3949218149,0.5430522182
0.3433014365,0.4849063173,0.3418917396,0.481989706,0.3429879494,0.4847639041,0.3429470627,0.4841776405,0.3474611247,0.4906485928,0.3442138239,0.4874467784,0.3428606548,0.4845839915
0.2408766208,0.3836278555,0.2228107629,0.3480089014,0.2355518914,0.3735749989,0.2420135201,0.3820143886,0.2906626896,0.4376387297,0.260395422,0.4009115119,0.2463062411,0.3906309273
0.2127571488,0.3405090774,0.2113265733,0.328086699,0.2067387689,0.3281429486,0.210242071,0.3317423649,0.2827803976,0.4224369882,0.2634440317,0.4019466444,0.2170911214,0.3445745617
0.3208314773,0.4746060655,0.302927922,0.4520796307,0.3211675916,0.4752352225,0.3219714298,0.4780940185,0.3343122448,0.4886813032,0.3283190784,0.4844920841,0.3190370945,0.4720827025
0.3188842197,0.460310464,0.3275203845,0.4727182732,0.3177989749,0.4590240286,0.3177764023,0.4584354167,0.3059924078,0.4462690781,0.3092842406,0.4513898942,0.3173545457,0.4583821018
0.4039285013,0.5775620419,0.3916955115,0.5619163323,0.4054728432,0.580162835,0.4055042602,0.5806795837,0.3499956529,0.5085100397,0.3569765156,0.5210688052,0.4041608283,0.5782855642
0.4368544861,0.5777328205,0.424973374,0.56024663,0.4344698507,0.5746991093,0.4396484365,0.5801070741,0.3996650948,0.5336896541,0.4088662445,0.5402164593,0.4361385602,0.5769064106
0.4379525774,0.5908287395,0.4017137788,0.5539117025,0.4185197588,0.5649037221,0.4203985229,0.5708232814,0.3208908889,0.452776885,0.3250785272,0.4556672531,0.4178510289,0.5640010932
0.3925804207,0.5357394722,0.3971449301,0.5413761152,0.3916103734,0.534538431,0.3957079631,0.5395030238,0.3909675644,0.5325169527,0.3871085611,0.5291104644,0.3913231561,0.5341463865
0.3472429471,0.512950772,0.3288747246,0.4849283122,0.3454111494,0.5107991682,0.3411124029,0.504664991,0.3247976694,0.4770148399,0.3437521542,0.5059342967,0.3444100089,0.5093186668
0.3598081897,0.5047805605,0.36689381,0.5154502306,0.3604598949,0.5055322342,0.3621415974,0.5071616237,0.353638592,0.4994988119,0.3531503679,0.4980009429,0.3607244654,0.505903285
0.2555472121,0.3686286291,0.2339824409,0.34028046,0.2549918961,0.3677403407,0.2558230557,0.3694727561,0.2705739318,0.3912379054,0.2623512064,0.3789437402,0.2561565586,0.369419976
0.4039558138,0.5471368863,0.4058196154,0.5508692266,0.4047049591,0.5480465008,0.4035602755,0.5463772205,0.3996923984,0.5425084522,0.4026899529,0.5454387889,0.4043425868,0.5475557807
0.5272543063,0.6817657506,0.4928146477,0.6343097144,0.5264999003,0.6819524271,0.534478873,0.68961952,0.4714759528,0.6206785504,0.5149430299,0.6686716391,0.523315157,0.6778273676
0.2978699762,0.4479048085,0.2846286356,0.4324402585,0.3016167793,0.4539027246,0.2930474621,0.4424822897,0.2917681188,0.4360574574,0.3051602311,0.4578426714,0.2960566059,0.4455352263
0.4175095634,0.5605419684,0.4227361438,0.567433211,0.4182624909,0.5613922062,0.4156101482,0.5582639329,0.4098537183,0.5533716515,0.4104994344,0.5536480806,0.4181169376,0.5611968444
0.3631000826,0.5266974861,0.3572179014,0.5167410104,0.3615948048,0.525176376,0.3577771343,0.5200645558,0.3317149906,0.4823564777,0.3569968862,0.5219289846,0.3603159406,0.5233189675
0.3886999456,0.525102898,0.3553259926,0.4794506954,0.3892451269,0.5262021774,0.3878076122,0.524249493,0.3753173288,0.5095733445,0.3895121221,0.5247842785,0.3909037663,0.528444414
0.3631662612,0.5015435176,0.3409668046,0.4725952686,0.3600055525,0.4976547554,0.3681764407,0.5088377296,0.3835457193,0.5271186273,0.3811520686,0.5246474967,0.3592335996,0.4965876441
0.1915596555,0.2784106259,0.2006906832,0.2919745036,0.1975862817,0.2872284937,0.2145705258,0.3114748343,0.2468484359,0.3598170821,0.2195783642,0.3183255187,0.2001175066,0.2909081011
0.3260689324,0.468649141,0.3181355148,0.4615625986,0.3255879432,0.4678984561,0.3220522086,0.4643794936,0.3159338846,0.4553034375,0.3244686063,0.4656881,0.3263180843,0.468947733
0.2742628635,0.4324945826,0.2442623956,0.3828049952,0.2711984002,0.4274434056,0.277211804,0.435681093,0.2996405753,0.4531627209,0.2842168642,0.4391084643,0.276276789,0.4354475966
0.3490572298,0.4910720278,0.362287015,0.5095257792,0.3489806766,0.4909693734,0.3483790352,0.4898483731,0.3414205805,0.4810577401,0.3408268663,0.4832526736,0.3495650705,0.4917915379
0.2843315218,0.4316723327,0.2932524467,0.448333352,0.2844691802,0.4320034283,0.2801262665,0.4252932731,0.2856233871,0.4323544169,0.2764288068,0.4206545056,0.283740216,0.4308964014
0.3049775238,0.4518631467,0.2925995259,0.4361909967,0.3051683937,0.452283821,0.3011910111,0.4475177821,0.3027058691,0.4500704745,0.3125759345,0.464072636,0.3048615124,0.4518289986
0.338572149,0.4798052553,0.3270550302,0.4651484316,0.339430465,0.4807351803,0.3356809602,0.4756291996,0.3500274716,0.4973129449,0.342333205,0.4847021187,0.3406120152,0.4824086092
0.4053764005,0.543001026,0.4018749126,0.5368956148,0.4069355462,0.5448178408,0.4105361948,0.5493202878,0.4085130674,0.5492643906,0.4039742468,0.540630901,0.4057596255,0.5432434819
0.3166392513,0.4530091639,0.2930899856,0.4184694094,0.3163687035,0.4528979183,0.3203813263,0.4592791203,0.343063271,0.4810602461,0.3224986861,0.4574673837,0.3159291231,0.4522686366
0.3386696527,0.5017848433,0.3169975582,0.468841013,0.3369810985,0.4997182032,0.3341346928,0.4956481189,0.3194422697,0.4708973758,0.3314265196,0.4897246436,0.3362141186,0.4985808283
0.4564418147,0.6039944339,0.4395051884,0.5806590426,0.4566363968,0.6042823907,0.4589807741,0.605706707,0.4168258954,0.5564545815,0.4530821517,0.5984338059,0.4589031718,0.6072820907
0.3519973161,0.5010216048,0.3535063098,0.5057432424,0.3518475041,0.5008650476,0.3529997747,0.5018980101,0.3517349646,0.5010710116,0.3528725252,0.5029659763,0.35158842,0.500496234
0.3495353222,0.4885382905,0.3403393511,0.473932356,0.3512691731,0.4910073141,0.3485096513,0.4870130305,0.3474814146,0.4880139144,0.3488610461,0.4893505865,0.3513478098,0.4911172332
0.312472215,0.4379979592,0.2860082162,0.398731095,0.3145659308,0.4401672861,0.3149736239,0.4420408764,0.3513876167,0.4839036677,0.3278362283,0.4549611473,0.3176603008,0.4444971906
0.4276969817,0.5618940791,0.4189742084,0.5504564231,0.4331828669,0.5682416293,0.4270522748,0.5595259618,0.3953528084,0.5260513331,0.4126503133,0.5379798233,0.4376405533,0.5740891435
0.3276937035,0.4646497284,0.3220839994,0.4589331677,0.3273274537,0.4645208227,0.322705422,0.4582501463,0.3425820596,0.4867678895,0.3306693154,0.4698749802,0.3260006904,0.4626379706
0.3812434795,0.5434602097,0.3966597928,0.5636895506,0.3802504972,0.5428111794,0.3825761148,0.5460252321,0.3726890293,0.5351142379,0.3850721763,0.5519458439,0.3797363385,0.542077213
0.3078807682,0.4554678534,0.3471125414,0.5067661359,0.3112978369,0.4592986895,0.3214956105,0.4727704958,0.312266662,0.4577763542,0.3197014028,0.4702280245,0.31161091,0.4597606074
0.2609077472,0.3857019437,0.2726926139,0.4060973346,0.2647785439,0.3913115187,0.2590015935,0.3848693317,0.2820430191,0.414888853,0.2716952944,0.4020764407,0.2641980929,0.3904536805
0.2788996546,0.4076480357,0.2701765674,0.3921152667,0.2804915322,0.4102447066,0.2745187416,0.4009739037,0.3185767159,0.4605448053,0.2929802742,0.4259857839,0.2796168186,0.4089653574
0.3954179269,0.5501618573,0.3841039989,0.5342933073,0.3953344349,0.5500424736,0.3914394542,0.5451892295,0.368178006,0.5191754547,0.3787155507,0.5300532558,0.3952361269,0.5499056942
0.3684625093,0.5162204158,0.3521674184,0.49577486,0.3692384738,0.5168631228,0.3644535075,0.510518229,0.3573621591,0.5063445125,0.3592669581,0.5042593885,0.3711139734,0.5194884629
0.3584432929,0.5084174456,0.3690261075,0.5210195616,0.357002229,0.5065716947,0.3607151827,0.5113230575,0.3525515149,0.5007451448,0.3540555235,0.5020620675,0.3574391996,0.5071917383
0.3771172271,0.5222186798,0.3832925676,0.5298010553,0.3772750127,0.5223110795,0.3812943061,0.5271674102,0.3790278861,0.5232109113,0.3791815683,0.5250746014,0.3772433494,0.5222672438
0.3797833887,0.5212579739,0.36997271,0.5129643177,0.3785057882,0.5196102175,0.378995276,0.5203180613,0.3905544004,0.5356309036,0.3922952187,0.5354352971,0.3789600572,0.520233835
0.3394567513,0.4825838257,0.3457890126,0.4900410825,0.3386772417,0.4817241686,0.3409421102,0.4842035072,0.3397836512,0.4844412458,0.3378691841,0.4826663838,0.3388808702,0.4820138035
0.3321362084,0.4636673975,0.2863366346,0.3998969719,0.3342386605,0.4665708222,0.3237383235,0.4520208693,0.3194419301,0.4522480105,0.3193165524,0.4476386856,0.3349377834,0.4675467426
0.417407611,0.5748254279,0.397261267,0.5488522097,0.4181097988,0.5754951491,0.412887158,0.5683203933,0.3804614282,0.5328898717,0.4064607313,0.5634775237,0.4193787827,0.5772418054
0.2797922643,0.414457139,0.2732045701,0.4034624237,0.2801028533,0.4149187803,0.2783835866,0.4121330529,0.2991098775,0.4347157327,0.2809125627,0.4136501514,0.2809297237,0.4161436307
0.3808657745,0.5271862443,0.3727243126,0.5184069912,0.3821810877,0.52880111,0.3806062355,0.5268851062,0.3814725027,0.5280969721,0.3847705996,0.5334353335,0.3824565286,0.5291822211
0.3934661322,0.5339072112,0.3953210924,0.5352622145,0.3932924398,0.5335066469,0.3981827138,0.539709395,0.3883842282,0.5294811764,0.3903431742,0.5314812074,0.3926604573,0.5326493538
0.2794926758,0.4158312914,0.3162663355,0.4698013196,0.2764951375,0.4125594393,0.2897660135,0.4313443861,0.3099905129,0.4542658281,0.2823702826,0.4214358715,0.2748997807,0.4101790014
0.4550375604,0.6028348048,0.4709789342,0.6218482088,0.4620610631,0.6107476679,0.4472447707,0.5945185611,0.4287949809,0.5717439199,0.4327978406,0.5780948656,0.4588506074,0.6065041198
0.3058245304,0.4398854081,0.2990096529,0.4316258158,0.3052240806,0.4392334234,0.2990188974,0.4309777907,0.3016316397,0.43278332,0.297685393,0.4283308748,0.3044544684,0.4381259112
0.3108018756,0.4369582424,0.2884824959,0.4034538198,0.3130095232,0.4397154511,0.3113438378,0.4381109122,0.3411832962,0.4722483169,0.3172688246,0.44439022,0.3145646168,0.4419000449
0.3620005774,0.5026778096,0.364828688,0.5047581092,0.3627507517,0.5036302604,0.3624627955,0.5032084333,0.3537690549,0.4953493776,0.3561728532,0.4970978919,0.3633870228,0.5045136366
0.4036014192,0.5493159879,0.4209627129,0.5710085561,0.4011356794,0.5463060926,0.4019553571,0.5478648959,0.4030002629,0.5458332453,0.4031336759,0.5472502667,0.4013401176,0.5465845167
0.3823104492,0.5336289356,0.3759826083,0.5249535907,0.3834491349,0.5352005634,0.3804009529,0.5316168912,0.3694550302,0.5187380806,0.3743453098,0.5236083311,0.3838471899,0.5357561501
0.3209911595,0.4765062076,0.3185682705,0.4710693504,0.3222454179,0.4780446724,0.3232902852,0.4791456579,0.3130427502,0.4610847239,0.3157587223,0.4671804403,0.3227286936,0.4787616023
0.2881155858,0.4232153357,0.3068638244,0.4507383065,0.2870607031,0.4216896437,0.2856823335,0.4195078193,0.2782512577,0.4094652562,0.2803578401,0.4130293687,0.2874395529,0.4222461706
0.3107001175,0.4430060818,0.3048614486,0.4334514635,0.3118864997,0.4446952071,0.3066600684,0.4371684145,0.3003645706,0.4302879261,0.3058280548,0.43770153,0.3109978765,0.443428187
0.3832390322,0.5296766148,0.3713855459,0.5146740235,0.3842609613,0.5309846261,0.383376514,0.5300177319,0.3876355434,0.5324353883,0.3865181963,0.5312915569,0.3846197267,0.53148038
0.3147554291,0.4419506594,0.2542318081,0.362587989,0.3151303292,0.442814384,0.3067436982,0.4312422857,0.3343788439,0.4750350371,0.3216104816,0.453166443,0.3165849225,0.4448583473
0.2382802108,0.3474506346,0.2866853968,0.41345475,0.2398797273,0.3501619327,0.2446726314,0.3560270282,0.2728745285,0.3979379538,0.2567445239,0.3718473375,0.2388556246,0.3486670094
0.365466686,0.5076304734,0.3661244821,0.5073272312,0.3659092267,0.5082294874,0.367921962,0.5105244819,0.3578247681,0.502033695,0.3600334139,0.5038092884,0.3660981204,0.5084918513
0.2903856939,0.4293565848,0.3032863065,0.4483070736,0.2896434736,0.4283282825,0.2877461852,0.4255794368,0.2779295683,0.4099376537,0.2809917672,0.4155275922,0.2892701955,0.4277762743
0.3870030974,0.5231693771,0.3932351088,0.5312260814,0.3914893314,0.5279040332,0.3948790175,0.5318484725,0.4229257941,0.5674170618,0.4068837597,0.5466126073,0.3917757745,0.5282902876
0.3479723183,0.4969223749,0.3270292873,0.4676493312,0.3480797378,0.4969672772,0.3502154743,0.5005915231,0.349602531,0.4993611104,0.3506624545,0.4992390051,0.3469686131,0.4953808803
0.3244326399,0.4685047702,0.3371818063,0.4848427447,0.322733589,0.4663805865,0.326120676,0.4704656393,0.3333255961,0.4792712539,0.3333299937,0.4789915539,0.3227653338,0.4664264608
0.3072333677,0.456755419,0.3166562909,0.4683569417,0.3106425705,0.4608377923,0.3126514314,0.4631043814,0.30020481,0.4426817969,0.3085517797,0.4563354065,0.3106601143,0.4608638185
0.2887795957,0.4475591812,0.2637912139,0.4085831234,0.2882695076,0.4467445253,0.2909085369,0.4503556273,0.296335766,0.4487402645,0.2904120282,0.447829368,0.2892434704,0.4482539202
0.388752465,0.5586805197,0.373559586,0.5379242621,0.3888471271,0.5593452054,0.3835107919,0.5523700728,0.3371344152,0.4935699051,0.3668362492,0.5357661556,0.3874858248,0.5573870118
0.3198834619,0.4625343938,0.3262244863,0.4709696767,0.3181461569,0.4604513827,0.3188914467,0.461036305,0.3053756276,0.4451047812,0.3082288593,0.4504720544,0.3176343853,0.4597106982
0.315014169,0.4766791228,0.3191031105,0.4779042312,0.3142475841,0.4752263644,0.3158137039,0.476436707,0.308989075,0.4614268259,0.3242428851,0.4882397172,0.3150366789,0.4764196866
0.3904974139,0.5338785397,0.4154297871,0.5659854265,0.3896715626,0.5327316869,0.3927355186,0.5368383165,0.4063913669,0.5500896097,0.3984326577,0.5427531556,0.3904773071,0.5338332443
0.3993331905,0.5408997981,0.3946317394,0.5377229781,0.3997432966,0.5412865286,0.3980311299,0.5386043834,0.3933253593,0.5361417292,0.3960852405,0.5378874027,0.4002912743,0.5420285372
0.3132109282,0.458043872,0.3221965862,0.4713440604,0.3117332347,0.4561342475,0.3131378156,0.4575099161,0.3016924143,0.4423831745,0.3062191839,0.4482793037,0.311100927,0.4552090424
0.3423846622,0.4825375125,0.3706566477,0.5206457974,0.3471582973,0.4884223341,0.3512234532,0.4933104128,0.3715376213,0.5212726421,0.3577101852,0.5023993018,0.3470826129,0.4883158525
0.3797891643,0.5399967552,0.3963437945,0.5614411526,0.3782751361,0.53871371,0.3791067619,0.5398335202,0.3711266496,0.5305778186,0.374171798,0.5361591849,0.3778688498,0.5381351047
0.3719782,0.5103129091,0.3544017034,0.4857706205,0.3710652745,0.5093284862,0.3714878661,0.5094600438,0.379831696,0.5204698575,0.376149436,0.5150160215,0.371884212,0.5104525693
0.3327366512,0.4777629828,0.3087602585,0.4458174224,0.3300537146,0.4739578589,0.3373810643,0.486590335,0.3627553522,0.5091505043,0.36025223,0.5135794827,0.3299282766,0.4737777296
0.4768594195,0.6248504366,0.4632859941,0.6042639078,0.4730165689,0.6203632726,0.4815573325,0.6299402696,0.4473945071,0.5916389677,0.4812963735,0.6317457755,0.4747280372,0.6226078706
0.3395058148,0.4933389006,0.3238064896,0.4725204581,0.3398617313,0.4937698,0.3407886102,0.4957551013,0.3407545886,0.4939692372,0.338323354,0.49005068,0.3400124123,0.4939887177
0.2496704365,0.3974910934,0.2285842484,0.3581705831,0.2444006086,0.3878268403,0.2512976477,0.3961920209,0.2910822238,0.4399224593,0.2647837925,0.408979552,0.2540500662,0.4031390717
0.3522133536,0.4880702624,0.3571928802,0.4888162402,0.3521796302,0.4879304393,0.3512087462,0.4870475277,0.3303662884,0.4630457122,0.3391934046,0.4715434839,0.352477231,0.488342753
0.4130723996,0.5595107171,0.428756963,0.5790445601,0.4119641816,0.5581655364,0.409403076,0.5556988695,0.4045618309,0.5468137214,0.4088751443,0.5535493391,0.4113422239,0.557322853
0.3079188726,0.4346379413,0.3036339561,0.423263771,0.3046251262,0.4296864838,0.3048497909,0.4299438865,0.300620596,0.4290876507,0.3153416373,0.4452597039,0.3032752309,0.4277824
0.3669468727,0.5132366553,0.3818364668,0.5311597073,0.3663060688,0.5122588328,0.3714849214,0.5188406793,0.3604663658,0.5074282409,0.3670657067,0.5133912404,0.3671385303,0.5134229843
0.2929117163,0.4296147933,0.3058462266,0.4485716584,0.291948361,0.4282634965,0.2900517653,0.4255008241,0.2820616567,0.414714438,0.2844542656,0.418829551,0.2919011901,0.4281943008
0.4368191701,0.5837652577,0.4509508199,0.6009845561,0.441004965,0.5885713069,0.4298968689,0.5761352505,0.4158090265,0.5585084793,0.4232396447,0.5682384887,0.4386156922,0.5853825505
0.2717818248,0.4087906858,0.3057226515,0.4578553103,0.2698277786,0.4065955616,0.2781512514,0.4184491378,0.2934114459,0.4366336415,0.279737003,0.421174627,0.2688765394,0.4051621671
0.4034508996,0.5488586934,0.3894328044,0.5298095478,0.4026530362,0.5476118434,0.403378825,0.5477928328,0.3858821445,0.5253087555,0.3886967633,0.5313301154,0.4036269568,0.5489363843
0.372029769,0.5119610826,0.3783274231,0.5181332013,0.3718220609,0.5115635441,0.3716677801,0.5118128845,0.3524662065,0.4938530092,0.3488379033,0.4855155006,0.3727475534,0.5128368635
0.4815820342,0.6343061384,0.4799811137,0.6292641555,0.4813150174,0.6336305074,0.4818103678,0.6349928598,0.4549392152,0.602088273,0.492567983,0.6486035063,0.4819400451,0.6344533295
0.3487383581,0.4976438203,0.3513241338,0.5039550166,0.3485117753,0.4973979788,0.3497748973,0.4985339735,0.3462616147,0.4941517118,0.3451634522,0.4952599011,0.3482001814,0.4969532703
0.3024485506,0.4181653197,0.3391617972,0.4775909626,0.303060158,0.4194186859,0.3158686376,0.4392717582,0.2772584169,0.3947603115,0.2659369167,0.3764531245,0.3016226443,0.4174292456
0.2522729235,0.384076398,0.2487757784,0.375151295,0.2510088486,0.3817433484,0.2517612954,0.3821101177,0.2909312965,0.4270763002,0.2819633423,0.4185229282,0.2539983728,0.3862899252
0.2292983473,0.3349884515,0.2714982248,0.3931501879,0.231314825,0.3382040653,0.2372566798,0.3459826767,0.2718470304,0.3966487632,0.2487833302,0.3613408753,0.2321114235,0.3393687674
0.2585363567,0.3837177595,0.2786580477,0.4185588428,0.2656426578,0.3947823614,0.2699316046,0.4030773028,0.2693547212,0.4018705507,0.2496495265,0.3732182205,0.2613091653,0.3883421819
0.3333676915,0.474475102,0.3073104291,0.4392933833,0.329154884,0.4687132867,0.3397466533,0.4856918199,0.3695603245,0.5144285686,0.3666326026,0.515687512,0.3294820036,0.4691791017
0.3836292092,0.5249074669,0.3872821331,0.5283465431,0.3847708293,0.5260256569,0.3896866036,0.5321808498,0.3863614545,0.52770146,0.3878841533,0.5307999863,0.384508836,0.5256674821
0.3458188584,0.5006768815,0.368915057,0.5300460274,0.3437229857,0.4982627474,0.3478995769,0.5035294363,0.3495503041,0.5021736038,0.3694366362,0.531822803,0.3437509158,0.498303235
0.3748137363,0.5154013165,0.3698825169,0.5067475177,0.374755113,0.5153448016,0.3771158394,0.5184024192,0.3744329392,0.5169658499,0.376299215,0.5188507836,0.3751703601,0.515915829
0.2890858331,0.41612125,0.3306383761,0.4714252398,0.2891804058,0.4166490416,0.2879019719,0.4139014844,0.2954613423,0.4277308204,0.2961803338,0.4250736346,0.2863759106,0.4126083451
0.3436418531,0.4956103974,0.3629244632,0.5194682199,0.3418984752,0.4934351086,0.3460045398,0.498614008,0.3441877806,0.4943276466,0.3447846495,0.4965784866,0.3423263038,0.4940525599
0.2930801401,0.4394272578,0.3029032372,0.4533843904,0.2941492416,0.4406834659,0.2937318166,0.4395552232,0.2809067558,0.4193846455,0.2845146552,0.4285631511,0.2941913911,0.4407466127
0.3798435921,0.5215587724,0.4052958331,0.5543534593,0.3817935537,0.5236168932,0.3855051166,0.5283510878,0.4117095286,0.5590073189,0.3872199246,0.5309604985,0.3825311465,0.5246284767
0.353015209,0.4967621572,0.3651496981,0.51094612,0.3550834276,0.4991215472,0.3597182218,0.5047601917,0.3544463496,0.4998056605,0.3569022152,0.5016242346,0.355803793,0.5001341259
0.3978154839,0.5439987405,0.3811719054,0.5276139832,0.3949546118,0.5395127857,0.3909252584,0.5351772701,0.3419054412,0.4827097963,0.379063226,0.5272876612,0.398759659,0.5447105264
0.3057942749,0.4354290369,0.3131266256,0.4422858408,0.3061984948,0.4360128401,0.3035856527,0.4319085943,0.3017120913,0.4339142857,0.3047764321,0.4349933089,0.3048667121,0.4341164416
0.3750183152,0.5268501787,0.3699687847,0.5199133126,0.3755432904,0.5276491087,0.3736422136,0.5254857177,0.3635108343,0.5124636605,0.3652338511,0.5117869558,0.3760641997,0.5283810013
0.3076773956,0.4696945356,0.323173265,0.4872039173,0.3083680939,0.4695863192,0.3163310295,0.4796721608,0.321108219,0.4814837142,0.3247851991,0.4892564613,0.310635767,0.4730395567
0.3357510118,0.4691178144,0.3150972539,0.4369449246,0.3368801361,0.4704689437,0.3321466728,0.464066246,0.3317244117,0.4705718239,0.3330391055,0.4678465633,0.3373830216,0.4711712469
0.2836566665,0.4147687159,0.3033210112,0.4429238377,0.2831974111,0.414076668,0.2813512469,0.4112562513,0.2793493051,0.4069124678,0.2767447967,0.4020375716,0.28364457,0.4147304807
0.4134778759,0.5901142864,0.3825527579,0.5502462285,0.4145118336,0.5919825945,0.4071997011,0.5828036505,0.3522845817,0.5135923356,0.3705642896,0.539415209,0.4125446776,0.5891732125
0.2520564453,0.3992653356,0.2287619219,0.3566748032,0.2476443613,0.3911994964,0.2541354247,0.3999793993,0.3013017623,0.4536424383,0.2705770688,0.4161165913,0.2572911749,0.4064384003
0.3713197707,0.5204821397,0.3667498554,0.5159079778,0.371892607,0.5211956861,0.3713732016,0.5205638573,0.3665393287,0.5171961472,0.3722198411,0.5235097992,0.372165539,0.5215781916
0.3667750603,0.5139450449,0.3735015557,0.5222531057,0.3669917744,0.5141206717,0.370598966,0.5184906249,0.3606619248,0.5082061399,0.3634357099,0.5088643639,0.3669950549,0.5141252674
0.4014852678,0.5624591671,0.3951042905,0.5532011074,0.40136567,0.5626097617,0.3952022189,0.554700153,0.3788628973,0.5329972013,0.3996584689,0.5613256756,0.4007937069,0.561808019
0.3423215569,0.4934660703,0.322232174,0.4663846812,0.3424161409,0.4934331114,0.3446581712,0.4977257905,0.3502293434,0.5034801166,0.3443661803,0.4938365583,0.3422234282,0.4931554061
0.2323078336,0.3232260993,0.265213129,0.3647559687,0.2326705596,0.3224562094,0.2145785648,0.2982343639,0.287885494,0.3951313745,0.26472847,0.3666118526,0.2349728907,0.3256469911
0.3912878434,0.5480244436,0.3606107259,0.5165657327,0.3821271257,0.5358288182,0.3772119253,0.5332131852,0.3060098628,0.4460117472,0.3520734164,0.5070147434,0.3787597683,0.5311070201
0.3436593368,0.4960004933,0.3524109266,0.5059412105,0.3429256122,0.4950557857,0.3457469751,0.4986332354,0.3451027269,0.4975784615,0.3466919249,0.5009981676,0.3432554257,0.4955319125
0.4701447349,0.626552105,0.4793180905,0.6367507204,0.4751057944,0.6321115003,0.468865803,0.6259599514,0.4475453376,0.5986964168,0.4806441078,0.637542055,0.4741276517,0.6308101159
0.3421108467,0.4918340918,0.3433337222,0.4974688685,0.3408889691,0.490430103,0.341756959,0.4912353356,0.3414499059,0.4911047531,0.3401885822,0.4917108876,0.3402478456,0.4895077315
0.4920472807,0.63516599,0.4554740691,0.5929176403,0.4785277555,0.6180530361,0.4746870584,0.6138372543,0.3920418674,0.5194741314,0.4638075713,0.6061283629,0.4762360754,0.6150931664
0.3717443019,0.5271698525,0.3739673936,0.528693295,0.3707599461,0.5263466815,0.3681622351,0.5231069855,0.3547039609,0.50297033,0.3623507373,0.5116121401,0.3708006473,0.5264044626
0.3342900558,0.4968978089,0.3551641184,0.5237715075,0.3345099956,0.496991897,0.3452573011,0.511679488,0.3319692952,0.4917016842,0.3398714949,0.5062766279,0.3349604941,0.4976612166
0.3372846051,0.4817578565,0.3179615417,0.4543740758,0.3384134414,0.4833076959,0.3385445378,0.4836480208,0.343572504,0.4884016538,0.3431047099,0.4888127814,0.3373161978,0.4817406593
0.3411051829,0.4782877662,0.3334304571,0.4699793459,0.3411130781,0.4784773599,0.3374041549,0.473370471,0.3562619763,0.4988326567,0.343369042,0.4820664782,0.3402414019,0.4772546646
0.4500137755,0.6073392219,0.4387365607,0.5917130735,0.4503648129,0.6076495653,0.4478194267,0.6040007662,0.4213013076,0.5685944373,0.4573607646,0.6173178603,0.4514429257,0.6091041967
0.3549655075,0.4996059392,0.3409373951,0.4819581014,0.3557742432,0.5003507648,0.3515642833,0.4947182376,0.3547892738,0.5031010284,0.3517741004,0.495736482,0.3574008013,0.5026383098
0.3157329792,0.4758972804,0.2963479629,0.4452428151,0.3149505457,0.4747840279,0.3165862708,0.4767341926,0.31023343,0.4611052679,0.3118391637,0.4656208744,0.3151843327,0.4751364587
0.4059637395,0.5344124099,0.4064414485,0.5364602843,0.4104825264,0.539339444,0.4032976946,0.5298422596,0.3563071512,0.4760660532,0.3931853357,0.5136662445,0.4157585598,0.5462717072
0.3626664857,0.5002350542,0.3442844948,0.476022836,0.3613364913,0.4986853007,0.3594676677,0.4957254691,0.3623763268,0.5042091652,0.3561992762,0.4939662845,0.3622452106,0.4999394364
0.5563203222,0.712503214,0.4928648022,0.6309912216,0.5500728581,0.7057117877,0.5397722172,0.6909059354,0.4673205969,0.6152182479,0.4973082272,0.6411596022,0.5406186872,0.6935826311
0.3946082483,0.5365454524,0.396699222,0.5431303575,0.3952965942,0.5373830451,0.3935496021,0.5347386862,0.3941941557,0.5362937858,0.3984175586,0.540716049,0.3955466704,0.5377230093
0.2832904321,0.4062665368,0.3098702828,0.4391935923,0.2820540853,0.4046766737,0.282601416,0.404697026,0.2945032155,0.4254293218,0.295977887,0.4225051718,0.2795276351,0.4010518531
0.3186249659,0.4402357297,0.3095595867,0.4261892219,0.3225879037,0.44523073,0.3131538433,0.432506863,0.3480927005,0.477118797,0.3031233161,0.4208272248,0.3234954764,0.4464833475
0.3902283967,0.5499901792,0.4034874094,0.5669199182,0.3891287016,0.5492455315,0.3871083115,0.5466758126,0.3699365486,0.5227913378,0.3835008264,0.5441019657,0.3887486028,0.5487090314
0.3196227209,0.460728399,0.3325442107,0.4784930007,0.3167923023,0.4573915642,0.3186365698,0.459481501,0.3376330247,0.4836778229,0.3335215971,0.4793521818,0.3166779506,0.4572264609
0.3059225067,0.4460740032,0.3250599321,0.47313707,0.3023095547,0.4417911127,0.3058226815,0.446338108,0.305324034,0.4456410152,0.3008672004,0.4401241167,0.3017841,0.4410232204
0.4788707561,0.6007628826,0.4733810885,0.6004143916,0.4596574365,0.5790854253,0.4677756369,0.5932842289,0.3739871725,0.4930093588,0.4449705475,0.5728339605,0.4379983417,0.5517988742
0.4570290501,0.6096780865,0.4716576946,0.6270315711,0.463428436,0.6171143132,0.4515973525,0.6041241135,0.4357244316,0.583063993,0.4492429376,0.5996711294,0.460921637,0.6137761894
0.2378085409,0.3454393816,0.2574092013,0.3695905606,0.2360718626,0.3431265916,0.2266231993,0.3281188639,0.2836226117,0.3983075911,0.2281249788,0.330234329,0.2334242334,0.3392783058
0.3802611069,0.5450260221,0.3803844924,0.5441975859,0.3793974463,0.5444801536,0.3764172898,0.5405901298,0.3662501999,0.5260881475,0.3801698974,0.5462976317,0.378245533,0.5428270219
0.2720785315,0.4007495704,0.2814175485,0.4165900605,0.2734114033,0.402778454,0.2677068949,0.3959519673,0.2774008525,0.4076668838,0.2734079774,0.4044280792,0.2730127167,0.4021911253
0.5144276395,0.6689730476,0.5117060892,0.6611746779,0.5112715283,0.6646155651,0.5207370587,0.6780189263,0.4601028804,0.6078735236,0.4923563284,0.6447952611,0.5115756166,0.6650108576
0.3825977894,0.5249199839,0.3776567818,0.5235191783,0.3828028529,0.5250978467,0.3809846309,0.5227227973,0.3880231785,0.5327631748,0.3930633226,0.5362620803,0.3830689183,0.5254628136
0.2936237174,0.4344068691,0.3171603956,0.4672699039,0.290393947,0.4304280084,0.2948453958,0.4363866973,0.2892245217,0.4250603779,0.2917655697,0.4306777394,0.2897517755,0.4294761682
0.2155910764,0.3140828184,0.2065591633,0.304882862,0.2186819227,0.3184601012,0.2305002241,0.3365296522,0.2724610854,0.3957028684,0.2482892036,0.3613399966,0.2234863334,0.3254566244
0.4396702552,0.5945148549,0.4278002006,0.5780914467,0.4394715171,0.5941222265,0.437239381,0.5907604431,0.4122430669,0.5574531297,0.4325169531,0.5843199608,0.440712022,0.5957992669
0.2839328692,0.4376882838,0.2550663174,0.3915987965,0.2825084407,0.4354022176,0.2882661901,0.4446886354,0.3152862169,0.4710284199,0.2986582061,0.4545032889,0.2856475578,0.4402402271
0.3202804461,0.4553610714,0.298093755,0.4229829151,0.3205889333,0.4560620598,0.3233808404,0.4604195172,0.3379936707,0.4738126769,0.3223464897,0.4568965718,0.3198430824,0.4550010303
0.3348413926,0.4836489046,0.339981756,0.4936397996,0.3340059435,0.4826333459,0.3357191572,0.48433715,0.3374585709,0.4872801882,0.3396936404,0.4914767042,0.3334787927,0.4818716212
0.401413651,0.541998792,0.3886707714,0.5252530769,0.3993312955,0.5395816596,0.402460749,0.5429103649,0.4038196898,0.5475636933,0.3985775085,0.53823384,0.3988343885,0.5389102324
0.408443358,0.562645702,0.4098455766,0.5633982355,0.4099643498,0.5648481316,0.4024535822,0.5555526668,0.3829327305,0.5244630526,0.4077265699,0.5509927289,0.4096561772,0.5644235319
0.3354037895,0.452772285,0.3674847184,0.5045288969,0.3332373279,0.4499539761,0.3458193456,0.4686268581,0.2825988183,0.3982978445,0.2952833032,0.409121974,0.3337355062,0.4506266419
0.362740891,0.5019756938,0.3512480678,0.4856062501,0.3622008163,0.5014580933,0.362008488,0.5007343937,0.3613362435,0.5032278489,0.3601494786,0.4998763635,0.3625990714,0.5020094677
0.4308965751,0.5783237179,0.4238084209,0.567558746,0.4300003599,0.5771386078,0.42911027,0.5757189029,0.405201185,0.5458147192,0.4217416489,0.5609666887,0.4306120503,0.5779596075
0.2536526837,0.3657935115,0.2335941956,0.3390696187,0.2529234709,0.3646977193,0.2542311591,0.3669088026,0.2680429416,0.3873516432,0.2606581602,0.376248764,0.2539294025,0.3661482013
0.3313625887,0.4818800391,0.3437837897,0.4966160493,0.3324767899,0.483063889,0.3363282613,0.4879155355,0.3384938529,0.48859622,0.3394072318,0.4919173933,0.3326566872,0.4833252664
0.3755557922,0.5387563533,0.3501006919,0.5049318076,0.3758211506,0.5392651865,0.3670164033,0.5278684487,0.3453393987,0.4933980847,0.3646284841,0.5217621277,0.3755819886,0.5389220134
0.3817102315,0.5256318264,0.3795325628,0.5273085934,0.3827011556,0.5268069048,0.3804472622,0.5237855383,0.3794053277,0.5231373102,0.3862098144,0.5326524815,0.3825717255,0.526628738
0.2549594781,0.3669138422,0.2376087751,0.3427504113,0.2536589797,0.3650378462,0.2550091391,0.3669291964,0.2647986542,0.3824041383,0.2682442422,0.3862428005,0.2537973431,0.3652369634
0.3627775501,0.5072164202,0.3436746955,0.4814003898,0.3620527162,0.5062371449,0.3655038838,0.5112095848,0.3761756024,0.519924275,0.3774725095,0.5230320817,0.3612475611,0.5051113436
0.3041820626,0.4329288125,0.2743405397,0.3957290275,0.3046659395,0.4335534371,0.2978134374,0.4250723774,0.3089420661,0.4400257946,0.2975303004,0.4234126876,0.3034495786,0.4318225005
0.3854253441,0.5250715546,0.3865171446,0.5244880589,0.3843039057,0.5235046307,0.3857249352,0.5260078137,0.3782028338,0.5199107698,0.3825798837,0.5222570662,0.3847978531,0.5241774934
0.3246954372,0.4572565593,0.299332026,0.4207565219,0.3240303638,0.4564419546,0.3298224748,0.4653192565,0.3546487923,0.4895398277,0.3420474913,0.4759571334,0.3242253328,0.4567165957
0.4086916155,0.588357911,0.3552713585,0.5208940839,0.4016859839,0.5791477813,0.3876127984,0.5622258362,0.3358229263,0.4960588267,0.3473891853,0.5143585999,0.3958682952,0.5707598821
0.4466227368,0.5962198747,0.4569530967,0.6079621231,0.4524347476,0.6030536019,0.4397823244,0.5885784844,0.4170809799,0.5585229297,0.4351714347,0.581046018,0.4498950069,0.5996683628
0.3524200017,0.51235727,0.3501024225,0.5068523666,0.3512704666,0.5112632418,0.3488019048,0.5079429596,0.347455052,0.5010445339,0.3652105526,0.5275948236,0.3504757835,0.5101066053
0.3807004861,0.5234754583,0.3651766129,0.5023015106,0.3800753613,0.5225269868,0.3818144485,0.5243251151,0.3774903121,0.5175190859,0.3929862322,0.5413811743,0.3797895415,0.5221340423
0.3477791144,0.4876180734,0.341139697,0.4780868457,0.3472697373,0.4872159182,0.3455841729,0.4844944933,0.3485224672,0.4895335688,0.3469163438,0.4873917993,0.3472339941,0.4871657708
0.3654270176,0.5117514219,0.3684458518,0.5215232048,0.3651479045,0.5114677258,0.3633047107,0.5090385687,0.3638228192,0.5088206797,0.3645288706,0.5075406582,0.3650580965,0.5113419305
0.4344202385,0.5828881521,0.4325222583,0.5788829821,0.4362857017,0.5851294045,0.4304894845,0.5780267448,0.4091712787,0.5492924755,0.4204835261,0.5598858367,0.4360274971,0.5847831105
0.3654996146,0.513199517,0.3613304996,0.511521404,0.3660153226,0.5138565081,0.3649826175,0.512553882,0.3688743043,0.5152172757,0.3756215272,0.5251912392,0.3658574493,0.5136348664
0.2585936241,0.3788767864,0.2754669262,0.4034334214,0.2596421874,0.3801030099,0.2573014412,0.3771783842,0.2742865285,0.3994043911,0.2668071766,0.3883201162,0.2617132678,0.3831349667
0.2974225551,0.4303417479,0.300797583,0.438789003,0.2980545314,0.4318600287,0.294461022,0.4277143454,0.3153719494,0.4566649803,0.2942577218,0.4288187473,0.2952254607,0.4277609045
0.3792178493,0.5212586436,0.3884364553,0.5312237479,0.380439201,0.5224657153,0.3865228504,0.5300725029,0.3832242886,0.5260069244,0.3793634045,0.5229571645,0.3808962614,0.5230934067
0.2912397342,0.4305700848,0.3197944689,0.4712522962,0.2876100298,0.4262189803,0.2950380391,0.4363941407,0.2967676754,0.4353664662,0.2897761748,0.42692396,0.2867862766,0.4249982328
0.2577657239,0.3737483912,0.2734273787,0.3948760668,0.2564291622,0.3721185615,0.2522483727,0.3653556493,0.269029716,0.388593854,0.2699011812,0.3911654708,0.2549288741,0.3699414103
0.2588302104,0.4076673541,0.2323802854,0.3612543148,0.2551497463,0.401057043,0.2617472795,0.4110944898,0.3114623342,0.4658400311,0.2855129389,0.4367182963,0.2637108979,0.4145138863
0.2996679713,0.4236297619,0.2574849033,0.36446249,0.2997109229,0.4235358917,0.2924793137,0.4133279321,0.2759979008,0.3940342312,0.2772406342,0.3939712361,0.2988623061,0.4223366706
0.3403921713,0.4848422342,0.376259401,0.5312823799,0.3428658054,0.4875762136,0.3509814466,0.4977896144,0.3568886162,0.5043598185,0.34380532,0.4890460945,0.3442757445,0.4895812335
0.2869896543,0.416247567,0.3258935591,0.4702556403,0.2863374593,0.4157124597,0.2854163842,0.4134985834,0.2821854815,0.4098208443,0.279893651,0.4044475142,0.2850851598,0.4138943375
0.343502743,0.4907178816,0.3522578775,0.5019623972,0.3461437432,0.493837323,0.3495417427,0.4977537685,0.3476514946,0.4945893954,0.3457662153,0.4939573232,0.3459302511,0.4935327374
0.4430141562,0.5985019237,0.4314514131,0.5824597379,0.4429524229,0.5982876976,0.4406143326,0.5948217432,0.4123663496,0.5576550541,0.4320260431,0.5842091372,0.4441640428,0.5999242104
0.3364969785,0.4873389089,0.3347312549,0.4892977001,0.3349761209,0.4856254425,0.3355562554,0.4863490557,0.3377653346,0.4887459502,0.3359201799,0.4889249678,0.3338887815,0.4840490923
0.3254972083,0.4798954365,0.3014139701,0.4447001725,0.3256557338,0.4800775973,0.3282725488,0.484599843,0.3341555657,0.4882072651,0.33107571,0.4868009493,0.3248725884,0.4789230941
0.2379906235,0.359060237,0.2509288349,0.3757799001,0.2365281399,0.3565494611,0.2389332219,0.3595945997,0.2658482919,0.3883804966,0.2611944051,0.3866521247,0.2380384951,0.3588262148
0.3958678487,0.5471243518,0.3816378827,0.5276346727,0.3953363707,0.546260298,0.3938426218,0.544251655,0.3730803517,0.5158502089,0.3885753179,0.5356507393,0.3954987198,0.5464846255
0.4420818908,0.5982493664,0.4569162779,0.6167107354,0.4459045094,0.6029703899,0.4380971114,0.5942239879,0.4308633213,0.5831616562,0.4587661284,0.6171836848,0.444848821,0.6015428447
0.2745076794,0.4014260031,0.2982935862,0.4351198861,0.2745655271,0.4014733326,0.2729241382,0.398889368,0.2784496676,0.4050953986,0.2742600279,0.3986513574,0.2751994389,0.4024002467
0.290483544,0.4474489281,0.2697816522,0.4179527415,0.2915080789,0.4492433931,0.2906299855,0.4489157237,0.2970298531,0.4497795909,0.2905548299,0.4474260774,0.2891858128,0.4456645465
0.3537935213,0.5035555687,0.3354483497,0.4790137342,0.3545831942,0.5044210149,0.3506909565,0.499381144,0.3554678322,0.5055141972,0.3548783388,0.5078070527,0.3551864489,0.5052791896
0.2962647,0.4362558355,0.2692701126,0.3948687474,0.2937532649,0.4326473966,0.3010984073,0.4450915387,0.3396871031,0.4856399406,0.3193802138,0.4622862982,0.2956477135,0.4354375895
0.333727081,0.4981079115,0.3278381831,0.4862772165,0.3317223439,0.4955028691,0.3305373312,0.4932929121,0.3141097111,0.467213927,0.3293151383,0.4925244551,0.3313171176,0.4948975713
0.3537098145,0.4917305989,0.349774558,0.4829040275,0.3553156062,0.4938333021,0.3531953867,0.4910778899,0.3514237979,0.4936805622,0.352857009,0.4926077375,0.3561865618,0.4950437946
0.4391420545,0.5828621778,0.4537768435,0.601147958,0.4416663316,0.5855328902,0.4325804609,0.5756559699,0.4208252411,0.5619957274,0.4196998769,0.5593313289,0.4416383312,0.5854957691
0.3868686226,0.523622809,0.3570964205,0.4827063429,0.386770075,0.5238146571,0.3864691894,0.523292515,0.3907356803,0.5309132204,0.3954796463,0.5333329798,0.3882533802,0.5258235431
0.418675866,0.5587176409,0.4213995221,0.5622578109,0.4194483109,0.5600345092,0.4188536498,0.5589659798,0.4093497952,0.5506234681,0.4129987964,0.5528205361,0.4194952878,0.5600972314
0.3897047102,0.5322237819,0.3927778002,0.5404987129,0.3901363193,0.5326995359,0.3885057345,0.5303085479,0.3831915028,0.5247573221,0.3855120715,0.5282452255,0.3902966182,0.532918411
0.4238628081,0.5659666577,0.4251273463,0.5681264579,0.4259285274,0.5681526759,0.4207722077,0.5618226054,0.4093304344,0.55215821,0.4171144658,0.5608962216,0.4260495715,0.5683141385
0.1923150316,0.2742800602,0.2405863746,0.3362958301,0.1900908603,0.2699469092,0.1793093892,0.2539791162,0.2811775779,0.3886296176,0.2149473425,0.3008604403,0.1909524119,0.2711703935
0.3062156159,0.4317363566,0.2494357274,0.3562025762,0.3068296394,0.4327795961,0.2984874905,0.4212432936,0.3272319245,0.4650064329,0.319765623,0.4515373961,0.3073743011,0.433547835
0.4167710851,0.5604133705,0.4383289572,0.5882454315,0.4153186629,0.5586211334,0.4137231496,0.5574106356,0.4148703967,0.5571517111,0.4068108446,0.54875789,0.4155991305,0.5589983743
0.3480657774,0.505744311,0.3303417972,0.4797061217,0.3476571578,0.5052730149,0.3469177491,0.5047996734,0.3459715408,0.5005239297,0.3473775173,0.5047237163,0.3467549604,0.503961792
0.2513003446,0.3562454271,0.284293326,0.4024173051,0.2483391396,0.3525137276,0.2456682004,0.3480752714,0.2884005872,0.3991702195,0.2514382746,0.3551556583,0.2464787726,0.3498729643
0.3434614776,0.4990686591,0.3377136371,0.4899354506,0.3433671097,0.499055225,0.3436135298,0.4994538831,0.3434377504,0.4967549415,0.3420019884,0.49539549,0.34378239,0.4996588
0.3322066664,0.4604591911,0.3260134771,0.4517440257,0.3342647727,0.4631479337,0.3282793368,0.4543582448,0.3435405255,0.4718995379,0.2983374873,0.4146002361,0.3347139051,0.463770239
0.3664765698,0.5067185528,0.3565736098,0.4915364882,0.3666078788,0.5070834157,0.3676870898,0.5081631499,0.3625448088,0.5052779364,0.3613596191,0.5017320077,0.3668835618,0.507464734
0.3372595704,0.496167466,0.3506267863,0.5117997888,0.3363329762,0.4951796517,0.3378722863,0.496919346,0.3222674471,0.4729025626,0.3446328539,0.5069651111,0.3358153828,0.494417604
0.4100995025,0.5490463129,0.4101266952,0.5491796063,0.4104516656,0.5496470909,0.411882704,0.5513711524,0.4051979914,0.5458456661,0.4021772511,0.5381840322,0.409735371,0.5486878813
0.4450300869,0.5917207863,0.4294586406,0.5703751135,0.4450820891,0.59171907,0.4466736355,0.592314556,0.4046138849,0.541595461,0.4331030946,0.5731061304,0.447490429,0.5949208629
0.397479042,0.5368772033,0.3987761238,0.5377656299,0.3969618422,0.5359594272,0.4006309264,0.540987118,0.3838259616,0.5239996179,0.3863823889,0.5266896706,0.396399927,0.5352007555
0.3449507081,0.4992616037,0.3702189493,0.531642401,0.3427740813,0.4967069007,0.3478866309,0.5032149166,0.3492295076,0.5017938541,0.3665345714,0.5273179302,0.34291195,0.4969066833
0.3322840683,0.4628788904,0.2757945559,0.3908498196,0.3309090218,0.4615487217,0.3240499201,0.4520643229,0.3632212835,0.509268416,0.3435786058,0.4791195627,0.3338976907,0.4657172884
0.2799738734,0.4210955106,0.294817248,0.4430107499,0.2813990684,0.4229023721,0.2783318872,0.4182344332,0.2780899512,0.4160909546,0.2717027387,0.4091159451,0.2815244155,0.4230907508
0.4075132648,0.5455650449,0.4046526913,0.5403348049,0.4085947736,0.5469010905,0.4121199247,0.5513183306,0.4095983895,0.5512059442,0.4074009971,0.5448731632,0.4073323443,0.5452113381
0.2743300172,0.3974170488,0.2906389051,0.4190860289,0.2745938816,0.3978637107,0.2727801614,0.3948859741,0.2783281588,0.4029291479,0.2750071149,0.3973391098,0.2741919947,0.3972814099
0.3974207148,0.547229197,0.4051371126,0.5564442624,0.3971376623,0.5470828163,0.3940970399,0.5436412366,0.3892151138,0.5349767438,0.391726966,0.541392665,0.3964454295,0.5461292208
0.4271015052,0.568426464,0.4335583387,0.5767607779,0.4283315769,0.5699610505,0.4244665774,0.5653191222,0.413854234,0.5559435121,0.4208127876,0.5622814964,0.4294020713,0.571385508
0.2946590308,0.4447140914,0.2981656469,0.454241144,0.2936201185,0.4437063268,0.290387431,0.4389921564,0.2877375947,0.4343938638,0.2844742284,0.4324964415,0.2914771664,0.4404679881
0.2982314242,0.4575519225,0.2704545981,0.4127299316,0.2961967688,0.4545752688,0.2996294224,0.4585260211,0.3016422816,0.451690071,0.2925414741,0.4445385795,0.298336326,0.4578588622
0.2951561613,0.4395729486,0.2900789773,0.4392585767,0.302421042,0.4512619367,0.295034631,0.442846445,0.2762306357,0.4127521689,0.2898012979,0.4330258419,0.2931931736,0.4374924393
0.4126270779,0.5576095627,0.4055736633,0.5478472757,0.4136266377,0.5589043661,0.4110454646,0.5554487531,0.4053370302,0.5495745897,0.41251351,0.5559603133,0.4133458874,0.558525008
0.3418138873,0.496879993,0.3293381382,0.4795459478,0.3420737183,0.4972421818,0.3425571993,0.4982481634,0.3382348246,0.4900964151,0.3405058389,0.493908154,0.3424880083,0.4978443984
0.2871845061,0.401627316,0.3112772961,0.4372195167,0.2847655719,0.3983985218,0.2837778374,0.3968562758,0.2832089817,0.4037150967,0.2899743632,0.4123481334,0.284986799,0.3987080274
0.2972434603,0.419817582,0.2745652958,0.3845165926,0.3002917871,0.4232124298,0.2946823114,0.4162806556,0.3414660377,0.4718796939,0.2985839085,0.4208374768,0.3040464835,0.4285040636
0.2594594475,0.3843498188,0.2754998853,0.4118470756,0.26459391,0.3922180078,0.261106022,0.3891258993,0.2909148604,0.4289194866,0.273058941,0.4051469449,0.262181352,0.3886417778
0.4129163499,0.5678306221,0.4148135133,0.5692252349,0.4145051585,0.5701013115,0.4066484035,0.5603578832,0.3893349983,0.5330518256,0.4140485739,0.5596209445,0.4142055814,0.5696892797
0.4090218869,0.5453204674,0.3985916151,0.5291902564,0.4127997507,0.5499207705,0.4105954952,0.548607801,0.3779274651,0.5110561756,0.3929713958,0.5266697918,0.4126344695,0.5497005873
0.380623405,0.5254972561,0.3843706267,0.5323071974,0.380805955,0.5256592754,0.3820501752,0.5268450167,0.3762228365,0.5200459692,0.3729537879,0.5171721651,0.3805820675,0.5253502242
0.411695613,0.5550712884,0.4153813395,0.5603103384,0.4124653602,0.5559638028,0.410448747,0.5534812204,0.4038800568,0.5475369161,0.4092012389,0.5538524381,0.4120591697,0.5554162969
0.2998059904,0.4275601425,0.2739612044,0.3977986439,0.3018734638,0.4303321168,0.2974539122,0.4258940673,0.3226163964,0.4581187189,0.2955478301,0.4227144187,0.299192389,0.4265101427
0.4379749614,0.5584478053,0.4455061296,0.5689433579,0.447655087,0.5698328151,0.4374007054,0.5591352989,0.3733906498,0.49240029,0.4545444256,0.5850672531,0.4455912249,0.5672056666
0.3277529949,0.4314623863,0.3770953467,0.5003569678,0.3314286273,0.435789939,0.3360204525,0.4431780094,0.3017896418,0.4065204501,0.3409965257,0.4489655654,0.3327139081,0.4374799331
0.3591660964,0.5046311732,0.3438128118,0.487240823,0.3585255918,0.5037073281,0.3602674396,0.5071852245,0.3735733558,0.5198643889,0.3729070452,0.5211325089,0.358797034,0.5040886884
0.3917630247,0.5432763826,0.3959517717,0.5478797109,0.3918240644,0.5436386443,0.3881523918,0.5392844567,0.3746524175,0.5235134355,0.3872995666,0.5412457014,0.3915286232,0.5432287327
0.4077527571,0.5571324093,0.4056858196,0.5537411994,0.4103846489,0.5605284913,0.4040302611,0.5527548808,0.3994259503,0.5454915988,0.4066635747,0.554313271,0.4098816141,0.5598414155
0.4188086972,0.5606602146,0.4235844576,0.5670781617,0.419347683,0.5613801049,0.4174848824,0.559019604,0.4089214084,0.5513094419,0.4066347007,0.5481422565,0.419769562,0.5619448737
0.3524612984,0.4929037601,0.3676305615,0.5124934041,0.3548625344,0.4957044937,0.3573039066,0.4984645695,0.358184351,0.5007465132,0.354865876,0.4959297473,0.3553901078,0.4964414565
0.3607076483,0.500184195,0.3482100718,0.4810900532,0.3617867648,0.5017907408,0.3604092737,0.4997504974,0.3506095033,0.4902916071,0.3538177667,0.4921085915,0.3622558634,0.5024413708
0.2163423113,0.3148754797,0.2512801308,0.360877052,0.2133325319,0.3106499082,0.2070860566,0.3000976157,0.2709791351,0.3802413011,0.2245880004,0.3248021211,0.2103876018,0.306361569
0.3851603171,0.5294870188,0.3993125576,0.5464968949,0.3834872997,0.5272856376,0.3884907945,0.5337426937,0.3871137033,0.5286448615,0.3804884825,0.5231649372,0.3843061972,0.5284116015
0.3647044981,0.4881936714,0.3805929357,0.5149553389,0.3625399743,0.4848236889,0.36525492,0.4891310862,0.3315907741,0.448302819,0.358150876,0.4808472502,0.3664121344,0.4900019177
0.3504500965,0.5006058236,0.3352445375,0.48202634,0.3506751804,0.5007863067,0.3515500045,0.5029643571,0.3553576095,0.5079184482,0.3545123242,0.5039440883,0.3510574686,0.5013322385
0.2270176801,0.332679264,0.2559815917,0.3739712684,0.2293838922,0.3361193126,0.234003306,0.3427077842,0.2690290927,0.3925322607,0.2516596057,0.3667968027,0.2328889762,0.3412553594
0.2257594596,0.3325375385,0.2485829981,0.3669273622,0.2295273876,0.3375948284,0.23195064,0.3420323332,0.2736958485,0.3997495578,0.2583246841,0.3770924666,0.2350187106,0.3456716086
0.3439410522,0.4835545339,0.33449795,0.4695965291,0.3445027381,0.4845905252,0.3417017091,0.4803773019,0.3482001465,0.4901371445,0.3441373308,0.4851987773,0.3441790702,0.4841352416
0.3979422252,0.5377311981,0.4048678659,0.5488223282,0.3958206728,0.5348343209,0.3968520861,0.5365794698,0.3922711674,0.5331027871,0.3948186218,0.5346586444,0.3954956641,0.5343951679
0.4197450965,0.5770519908,0.4296196365,0.5892018491,0.4211453356,0.579167052,0.4141484254,0.5706281055,0.3864817173,0.538986196,0.4006226498,0.5581661959,0.4207442367,0.5786154531
0.3755258434,0.527030548,0.3788613433,0.5305954096,0.3745078823,0.5259417029,0.3742065018,0.5257363273,0.3607615732,0.5096729116,0.3717464875,0.5220273556,0.3746971037,0.5262074366
0.2301036371,0.3401030089,0.2437485293,0.3635345531,0.2366950625,0.3488967491,0.2353889008,0.3493731408,0.2761541415,0.4035463181,0.2627000945,0.3844648508,0.2411748773,0.3555001518
0.5362872532,0.693239085,0.4816618775,0.6233820641,0.5329923787,0.6897586995,0.5264470571,0.6794915028,0.4650750372,0.6143669582,0.5044579377,0.6543127246,0.5274814301,0.6826268438
0.3310153054,0.4770211493,0.3212199606,0.4710216042,0.330967757,0.4775335431,0.3265597813,0.4744063235,0.293532898,0.4298772147,0.3339813674,0.4850717664,0.3272925484,0.4722308049
0.490452306,0.6311323964,0.4587388393,0.5933273112,0.4843966813,0.6234546543,0.4774176735,0.6149059404,0.4022612579,0.5313798041,0.4637531669,0.6014496404,0.4823398897,0.6208074102
0.334589699,0.4843809873,0.3372443537,0.4916426599,0.3332703035,0.4828108596,0.3346148965,0.4841893004,0.3366323235,0.4878247097,0.3361080778,0.4907970933,0.3325424508,0.4817564146
0.3373181687,0.489958716,0.3282184579,0.4801137675,0.3370255276,0.4896726416,0.3377217274,0.4909254474,0.3384148958,0.4900077081,0.339675103,0.4937300016,0.3366875207,0.489181543
0.3444964395,0.4914857171,0.3242908962,0.465794519,0.3433527385,0.4897923559,0.3472707664,0.4969212014,0.3635347305,0.509894257,0.3591879129,0.5094304663,0.3433357106,0.4897680657
0.3518811326,0.5141476469,0.3503162488,0.5095409735,0.3503418739,0.5125341554,0.3479045376,0.509123064,0.3271605681,0.4793744118,0.3500615183,0.5129160406,0.3492917799,0.5109979158
0.3368583788,0.470799692,0.3454660657,0.4766940302,0.3360200872,0.4694768147,0.3355671743,0.4690116668,0.3337612412,0.4733181376,0.3353749387,0.4690617256,0.3358909323,0.4692963634
0.261339868,0.4100580437,0.2390662705,0.3705939603,0.2578464754,0.4038869301,0.2631315214,0.4102575672,0.2969459946,0.4470225987,0.2756620549,0.4232093079,0.2650804402,0.4152181063
0.3229638565,0.4589541089,0.3095022903,0.439601166,0.3248157496,0.4616436838,0.3219253715,0.4572797901,0.3374712374,0.4799666933,0.3205968353,0.4602682496,0.3240269767,0.460522642
0.3012924316,0.4536570885,0.2740065117,0.4128494556,0.3007936112,0.4528625653,0.3057922503,0.4619120174,0.3290772689,0.4827648608,0.3087776148,0.4617392129,0.3010617133,0.4532662089
0.2732489298,0.3776159749,0.2891035272,0.397020322,0.2752123677,0.3795355087,0.2574718853,0.3557645797,0.3169126344,0.4341836589,0.2677569966,0.3709211857,0.2769430445,0.381922223
0.3335106457,0.4960810964,0.3204172364,0.4744265799,0.3317184079,0.4938102183,0.3305279747,0.4918963064,0.3154982831,0.4655614288,0.325950382,0.4822496439,0.3311096815,0.492904042
0.4071181157,0.5415171189,0.3909637597,0.5201680808,0.4113518604,0.5463968905,0.4118751195,0.5468471307,0.4018442754,0.5368202714,0.4108146179,0.5445572264,0.4114722813,0.546556845
0.2623708286,0.3832919517,0.2758660379,0.4026346329,0.2612176318,0.3817599093,0.2607341874,0.3808275954,0.2737596497,0.3946941193,0.2707318636,0.3937647608,0.2608427337,0.3812120096
0.368508798,0.4928980629,0.3751765799,0.5033909765,0.3708993692,0.4952041754,0.3639293428,0.4857719794,0.3396313131,0.4603837805,0.3428281986,0.4615329054,0.3758130707,0.5017646759
0.3837466138,0.5270004465,0.3886923982,0.534262693,0.3835455439,0.526600694,0.3865876387,0.530163809,0.3814685503,0.5250303935,0.3849601298,0.5302817778,0.3833936269,0.5263921148
0.2991237425,0.4363607853,0.2745773422,0.3986955988,0.2984334368,0.4355758961,0.3023748079,0.4422259185,0.3292830452,0.4650987539,0.3069052763,0.4442399463,0.2991813745,0.436667542
0.2817379998,0.4071439254,0.2751104019,0.3986566486,0.2817975904,0.4070605191,0.2764408761,0.4000067146,0.2870095969,0.4142200412,0.2908894727,0.4198434838,0.2820633529,0.4074444166
0.3675253303,0.5085645872,0.3734162774,0.514331344,0.3692120287,0.5104221211,0.3736671589,0.5158366993,0.3698760563,0.5147972802,0.3741863669,0.5212509706,0.3697916603,0.5112234405
0.4281835496,0.5702059592,0.4371579147,0.5814982733,0.4288721681,0.5710156471,0.424823094,0.5664425524,0.4172883369,0.5592785393,0.4220460779,0.5631447243,0.429642405,0.5720411679
0.2095808623,0.3220585523,0.2147896694,0.318007328,0.2070596927,0.3157671775,0.1940385427,0.2928641462,0.2779052026,0.3916433694,0.2237424275,0.3265314133,0.2077685744,0.316848226
0.3751947586,0.5338511804,0.3629579325,0.5160866007,0.3745858644,0.5332429539,0.3704695984,0.5281742928,0.3589044766,0.5107357595,0.3633290999,0.517620499,0.3737182205,0.5320078165
0.3298043987,0.483986316,0.3162136168,0.4668550289,0.3300085285,0.4843370134,0.3308063111,0.4860306246,0.3354278102,0.4891866507,0.3341006194,0.4892783636,0.3295372368,0.4836453221
0.3127991273,0.4580970533,0.3282137302,0.4840477344,0.3082191168,0.4522003908,0.3094249435,0.4533418815,0.3028838084,0.4476042838,0.3031303843,0.4455447752,0.3079730094,0.4518393169
0.2279250411,0.3128227153,0.3007399247,0.4139311418,0.2264065421,0.3112693341,0.2343962898,0.3223826646,0.2749924179,0.3763993999,0.2232433363,0.3076790283,0.2253932406,0.3098762221
0.2807478188,0.3982394574,0.2588121376,0.362292367,0.2849704618,0.4022289958,0.2723163744,0.3855543993,0.3453793313,0.4766605675,0.291306013,0.4084634945,0.2919997712,0.412150698
0.3671650727,0.5080323624,0.362195253,0.4995284873,0.3672924807,0.5083005866,0.3698910801,0.5113061267,0.3592039664,0.5020704165,0.3575637974,0.4992205544,0.3675058805,0.5085959132
0.3072879984,0.4528708735,0.2901994287,0.427543927,0.3080598627,0.453999557,0.3064961295,0.4518133457,0.3361504095,0.4866837997,0.3179019239,0.4618605192,0.3087732266,0.4550508686
0.3251700747,0.4797636274,0.3150077225,0.466722823,0.3254297865,0.4801627337,0.3263553311,0.4815517931,0.3207142203,0.4686256594,0.3163883298,0.4639637462,0.3252595123,0.4799114988
0.272171591,0.4018678291,0.266259823,0.390464825,0.2731165212,0.4034027271,0.2685332799,0.3960821611,0.2980201121,0.4329264917,0.2728214166,0.3997853149,0.2728679049,0.403035512
0.3977670522,0.5453724526,0.4018807748,0.5504606693,0.3981623178,0.5459214451,0.3960878865,0.5435973329,0.3955294115,0.5411640102,0.3992329962,0.5476411526,0.3972870541,0.5447213687
0.3613604912,0.5154482212,0.3552077975,0.5064730255,0.3613054102,0.5155348036,0.3603508863,0.5145507209,0.3529266736,0.5019803099,0.3521396732,0.4991871889,0.3618712085,0.5163421225
0.38202544,0.523902466,0.3946813283,0.5385996771,0.3825726774,0.5242652797,0.3882693444,0.5314451625,0.3933485844,0.5339192842,0.3942969219,0.5355982244,0.3832816674,0.5252368568
0.3569196153,0.5051620369,0.3862593857,0.5428478382,0.3544246117,0.5019880212,0.3611605451,0.5105277633,0.3605103452,0.5078515475,0.3612012796,0.5098657997,0.3557590679,0.5038780734
0.3551352355,0.4948396082,0.3327696728,0.4679026723,0.3500152597,0.4882129863,0.3598538171,0.5031125458,0.3868156612,0.5312672134,0.3796089507,0.5208541555,0.3501056153,0.4883390174
0.3779449742,0.5201247271,0.3617838119,0.50000293,0.3768337765,0.5188257878,0.3797839421,0.5226642328,0.3841583377,0.5276852866,0.3873732351,0.529486842,0.3768331954,0.5188249877
0.3613081572,0.5105948195,0.3605778742,0.5113732395,0.3613438775,0.5106334513,0.362347061,0.5116422499,0.3538502271,0.5030835495,0.3574577451,0.5050896271,0.3613114676,0.5105876513
0.281140211,0.4138801964,0.2979488099,0.438582133,0.2809690621,0.4134842254,0.2781854053,0.4096495658,0.2772105856,0.4080586858,0.2768666249,0.4088290794,0.2815561825,0.4143482531
0.2889425046,0.4141721449,0.2945952767,0.4195504035,0.2887819466,0.4139865312,0.2863321093,0.4100763841,0.2938275742,0.4228829591,0.2922931585,0.4191760684,0.2875158755,0.4121715411
0.36474019,0.5202134382,0.3696153302,0.5250884019,0.3632771611,0.5187672002,0.3618934162,0.5170017265,0.3526286045,0.5013259886,0.3663926984,0.5202898129,0.3633299379,0.5188425667
0.2530091894,0.3740876317,0.2487717685,0.3621673612,0.2535221137,0.3747603945,0.2436070673,0.3589001034,0.3047308389,0.4290987745,0.2448069934,0.3565891949,0.2528140443,0.3737137151
0.3264809187,0.4576775742,0.3100794658,0.4338271187,0.3283751663,0.4604411338,0.3265650391,0.4577526855,0.3277654301,0.4576004529,0.3129039747,0.4435016707,0.327466478,0.459166989
0.4061319029,0.5500366959,0.3918914382,0.5322033289,0.4075256572,0.5513767023,0.4042526685,0.5461298624,0.3714487551,0.503276109,0.3643664776,0.4931917225,0.4109374247,0.5559927775
0.2436159061,0.360988518,0.2346063586,0.339504696,0.2435097922,0.3596166322,0.2299844605,0.3380083145,0.30508586,0.4275484841,0.2466053344,0.3550683307,0.2453576772,0.3623455993
0.3555161151,0.4953835705,0.3460986478,0.4807113592,0.356716339,0.4971698331,0.3551771844,0.4947937608,0.3550832623,0.4968994186,0.3541852355,0.4957809272,0.3568502811,0.4973565137
0.4162254031,0.5622798128,0.4201503681,0.5670365179,0.4190140491,0.5656169128,0.4126616601,0.5581297066,0.396661434,0.5398693069,0.4059426865,0.5506674673,0.4174482459,0.5635032729
0.3690993066,0.5134450515,0.376465777,0.5221304833,0.3710198728,0.515619241,0.3753411881,0.5207945567,0.3600145296,0.505178769,0.3560670193,0.500976748,0.3711316174,0.5157745362
0.3101241865,0.4676782257,0.3340666068,0.4975314292,0.3114568838,0.4687944522,0.3192958897,0.4791012512,0.3196059058,0.4762163347,0.3321830192,0.4986471069,0.3123674102,0.4701649459
0.3740603594,0.5115005496,0.3504062562,0.4758084388,0.3762376835,0.5145170622,0.3729999586,0.5107482981,0.3467669023,0.4800110452,0.3601562049,0.4924272633,0.3777369684,0.5165673823
0.3880690034,0.5290709203,0.3930575274,0.5335634923,0.3886091157,0.5295391986,0.3948716035,0.5373475762,0.3957831157,0.5385570548,0.396719094,0.5404463422,0.3884649856,0.5293427994
0.3039728484,0.452773304,0.321095491,0.4736814506,0.309002151,0.4588387666,0.3116828398,0.4620489945,0.3032073846,0.4464734297,0.3124301024,0.4623750404,0.3089704519,0.4587916965
0.4124627891,0.553870405,0.4130394537,0.5564224753,0.4137971038,0.5554059325,0.4109895127,0.551493242,0.4057969591,0.5473796485,0.4093625514,0.5502696284,0.414575799,0.5564511112
0.3942784279,0.5419839948,0.3973536389,0.5458849206,0.3946383013,0.5424864822,0.3930470437,0.540700859,0.389116332,0.5338580042,0.3961718408,0.5438296265,0.3938911991,0.541459484
0.4489426445,0.5989951867,0.4692585912,0.6241477841,0.4551070624,0.606155392,0.4420822841,0.5919235739,0.4289607801,0.5749377559,0.4228815136,0.5697015931,0.4518712013,0.6018455607
0.3305459949,0.4841195265,0.3309647847,0.4834383168,0.331206969,0.4848706936,0.3331401456,0.4872349675,0.3364784878,0.4877744011,0.3453787321,0.5009784553,0.3315985046,0.4854438825
0.3985831993,0.5465777108,0.3967210429,0.5441556107,0.4007597467,0.5493530755,0.3963608052,0.54401782,0.3953374578,0.5413608226,0.3981308291,0.5459126501,0.4001866063,0.5485674267
0.3767527725,0.5153364493,0.3645248407,0.4975980487,0.3762425731,0.514723922,0.3787503527,0.5176234024,0.382416862,0.522786795,0.3743982154,0.5119915207,0.3767904081,0.5154733953
0.3291970595,0.4718982775,0.3710343577,0.5268560758,0.3344259332,0.4780449965,0.3440723371,0.4902929212,0.360154685,0.51234107,0.3322932555,0.4748380385,0.3355360509,0.4796318536
0.3121289934,0.4535895748,0.2956037901,0.4291808514,0.3138307785,0.4560913628,0.3120435328,0.4535251635,0.3391337848,0.4852694997,0.3218922353,0.4639938714,0.3134400913,0.4555235757
0.362039206,0.5015454845,0.3402373284,0.473426238,0.3589919344,0.4977596473,0.3666239754,0.5084309786,0.383001243,0.5267769287,0.3834456715,0.5264226734,0.3585137378,0.4970966047
0.3623588165,0.5101001603,0.3579117592,0.5086357709,0.3627205015,0.5105931521,0.3615138171,0.509200493,0.3612626124,0.5117787233,0.3653627881,0.5173725838,0.3624172276,0.5101662406
0.3035212792,0.4565949666,0.2769157868,0.4176616508,0.3030400857,0.4558274171,0.3077210126,0.4647489554,0.3306273081,0.4855517102,0.3203460624,0.4789248307,0.3026522962,0.4552441112
0.2390433527,0.3786100782,0.222350232,0.3447565013,0.2346095763,0.3699841249,0.2387072301,0.3751989315,0.303582402,0.4535733042,0.2709426203,0.413815311,0.2444458449,0.3854961228
0.3571058848,0.4917373812,0.3270122955,0.4555204486,0.3536873018,0.4874869958,0.3521499647,0.4850346252,0.381427703,0.5279893185,0.3581513135,0.4940938871,0.3565294787,0.4914043665
0.3998172306,0.5503169827,0.3928064449,0.5403804318,0.4012656222,0.5522180549,0.3968702059,0.5468113407,0.3900562399,0.5361585776,0.3916293066,0.5400668056,0.4013597321,0.5523475681
0.3712082793,0.5114963229,0.3532371585,0.4870991643,0.3699712167,0.5099402446,0.3742061486,0.5152936229,0.3775405229,0.516252733,0.3814964459,0.5235036759,0.3688283907,0.50836506
0.4085019787,0.5657093529,0.4300459673,0.5938596399,0.4079933783,0.5655862991,0.4067695721,0.5644480554,0.3831204161,0.5368689704,0.4007982132,0.555619239,0.4079200263,0.565484614
0.3923547497,0.5352640283,0.3960267674,0.5415892992,0.3919414962,0.5347300132,0.3936902736,0.5365945106,0.3832030504,0.5251040541,0.3876890267,0.5335093767,0.3916179007,0.5342885284
0.2172969098,0.3417411742,0.2196036451,0.3365595469,0.2132693304,0.3334887609,0.2139466204,0.3328481953,0.2689524841,0.3947986349,0.2612915893,0.3913455989,0.2198621928,0.3437980048
0.3640377067,0.5123914831,0.3663580274,0.5164804287,0.3642495314,0.5126263492,0.3660612666,0.5145882483,0.3565115599,0.5049277344,0.3607127559,0.5085071582,0.3640841868,0.5123936516
0.2984900087,0.4358914061,0.3057183029,0.4464970396,0.297069545,0.4340876284,0.2944227903,0.4304548923,0.2963995885,0.4337578629,0.298806375,0.4375684771,0.2966670034,0.4334994215
0.344708704,0.4981332256,0.383984656,0.5506563581,0.3424626195,0.4953751107,0.3564817444,0.5140272959,0.3696958461,0.5278569298,0.3688142039,0.5291248529,0.3431108172,0.4963127341
0.3878792503,0.5314338571,0.3734444165,0.5123023083,0.3871510678,0.5305658327,0.3891572026,0.5329669316,0.387702484,0.5294273653,0.3887079776,0.5303572888,0.3868283008,0.5301235012
0.3844063403,0.5453574617,0.3613826567,0.5149713077,0.3847753809,0.5458425724,0.377274685,0.5361602481,0.3645952064,0.5198154049,0.3846976657,0.5492913929,0.3848687435,0.5459750166
0.296900868,0.4470662897,0.3124755224,0.4654133248,0.3033176592,0.4549231703,0.3048498496,0.4564277837,0.2949760473,0.4389687268,0.2983958773,0.4475673564,0.3037272466,0.4555374794
0.3507837704,0.5042958012,0.3557555084,0.5093446777,0.3496689831,0.5030042518,0.3511501557,0.504906766,0.3466992518,0.4972274905,0.3467377142,0.4992300984,0.3500297861,0.5035232724
0.3698957197,0.527138588,0.3780747193,0.5364848894,0.3682229474,0.5255732519,0.3658884958,0.5224747045,0.3553728547,0.5056659439,0.3683937942,0.5262571539,0.3679163524,0.5251356417
0.3732776106,0.5100088531,0.364145157,0.4985781863,0.3746988341,0.5114470752,0.3710060566,0.5057247925,0.3619818438,0.4948906565,0.3509752166,0.4828280001,0.3772704881,0.5149572674
0.3386309413,0.4876185706,0.3637654948,0.5192974341,0.3379137692,0.4865008744,0.3441676145,0.4944458443,0.3457069386,0.495918677,0.3359279317,0.4844577398,0.3387229462,0.4876658619
0.3605121901,0.5128769546,0.3496444025,0.4985887303,0.3610196678,0.5135359674,0.3605398324,0.5133470125,0.3542754827,0.5042995664,0.3551343108,0.5038245834,0.3617874443,0.5146280986
0.2450089114,0.3541135773,0.2721549336,0.3888733187,0.242889644,0.3512046471,0.2492065651,0.3594879146,0.26176788,0.3795774411,0.2555485227,0.3683153808,0.2413717186,0.349009813
0.3931240555,0.5463387461,0.4037232527,0.5591551207,0.3920801441,0.5454744254,0.3882654978,0.5408539563,0.3686561818,0.5152877326,0.3909399852,0.5439165882,0.3918281202,0.5451238016
0.3612579496,0.5116237042,0.3766758221,0.5304654029,0.3587449018,0.5085178241,0.3624889546,0.5133329636,0.3530025508,0.5000967361,0.3539450354,0.5015818215,0.359399809,0.5094461495
0.4322704081,0.5504377457,0.4473750318,0.5738740358,0.434154961,0.5530487673,0.4365111771,0.5587137076,0.3628638276,0.4794760249,0.4248128247,0.5481226279,0.42712198,0.5440897969
0.3843683832,0.5192574719,0.3656717735,0.4964555438,0.3824421109,0.5167200456,0.385073789,0.5192684787,0.4199877542,0.564269364,0.4098932745,0.5512978452,0.3851775489,0.5204159138
0.4154308581,0.5664196676,0.4054889987,0.5523822779,0.4150940748,0.5658823169,0.4127282244,0.5626656208,0.3977423344,0.5411064673,0.415198699,0.5641244985,0.4156722288,0.5666704926
0.3277151204,0.4745814121,0.3033332804,0.4410150226,0.3261972617,0.4723545334,0.3321427584,0.4828068534,0.3451355608,0.4968511426,0.3383972954,0.4892673395,0.3257705085,0.4717365674
0.3943098121,0.5445905321,0.4076452487,0.5609883365,0.3925123379,0.5426168781,0.3909297423,0.5409847853,0.3835841799,0.5257793447,0.3902733748,0.5364531822,0.3921971633,0.5421811744
0.3750509876,0.5218430793,0.3596719945,0.5034722029,0.3756563646,0.5221511703,0.3704440804,0.5152679159,0.3592193396,0.5080824621,0.3709590029,0.5180499147,0.3783578556,0.5259061624
0.2295980006,0.3323273669,0.2844940209,0.4042273647,0.2271171345,0.3288924352,0.2396502572,0.3459454939,0.2562037395,0.3734125513,0.2451981367,0.3515927554,0.2236572827,0.3238821611
0.3062739598,0.4484112043,0.3260085617,0.4793344295,0.3023155938,0.443203557,0.3033196223,0.443982327,0.2994642081,0.4423465759,0.3000756912,0.4419693299,0.302535595,0.4435260853
0.3187585889,0.4726254982,0.2978159713,0.4446709053,0.3190293568,0.4730332708,0.3209504056,0.4776125595,0.334307333,0.4893461373,0.3292792969,0.4875216333,0.3173921708,0.4706057719
0.3714081996,0.515839378,0.3777048851,0.5238896431,0.3728382965,0.5174373877,0.3764129113,0.5216069693,0.3662155736,0.5086803764,0.372488979,0.514972802,0.3728485086,0.5174515605
0.267742684,0.3934336975,0.2569420589,0.3730152173,0.2689560509,0.395321608,0.2613873741,0.383464249,0.3210293686,0.4520951119,0.2532397927,0.367125713,0.2686972999,0.3949412862
0.2599638203,0.4170530997,0.2294111674,0.3633235926,0.2543173489,0.4071504801,0.2621939715,0.4171255931,0.2973607101,0.4501589217,0.2764963439,0.429811018,0.2640107891,0.422669236
0.4474380171,0.5951808261,0.4636109371,0.6147726718,0.4534391171,0.6020237788,0.4397502265,0.5868663492,0.4242969612,0.5673717373,0.4330808778,0.5806555946,0.4504391807,0.5980408118
0.3002765412,0.4283812114,0.2716105395,0.3846196598,0.2999047922,0.4272684278,0.303419286,0.4333774492,0.3432886171,0.4760915843,0.3139431504,0.4407391515,0.3040220206,0.4331341617
0.3786189961,0.5164899342,0.3706029185,0.5010218613,0.3803756097,0.5189606286,0.3780994207,0.516749261,0.3574441997,0.4937104516,0.3668431909,0.5024281076,0.3809277627,0.5197139516
0.3322397848,0.4781894552,0.3085525185,0.4450045595,0.331601308,0.4772774176,0.3363641401,0.4852259178,0.3490308084,0.5026650766,0.3413591191,0.490450684,0.3307490866,0.4760508059
0.2338252094,0.3454988892,0.2479118106,0.3691174798,0.2395496926,0.353062413,0.2374514689,0.3521783951,0.2753749245,0.4024903999,0.2610401237,0.3821237054,0.2438484439,0.3593981653
0.2414225266,0.3493226893,0.2443683824,0.352764543,0.2403675453,0.3478598625,0.2447790783,0.3539065437,0.2640642003,0.3828737605,0.2557311437,0.3698296409,0.2410833052,0.3488957101
0.3369860569,0.4793471023,0.3387890868,0.4810132205,0.3363539761,0.4787738324,0.3368594994,0.4789080715,0.3400094837,0.4854142752,0.3338202045,0.4761590815,0.3361255801,0.4784487285
0.4016726121,0.544243723,0.3944959405,0.5362833625,0.4025158933,0.5452669224,0.4006817636,0.5425577485,0.4020716838,0.5453577514,0.3996541144,0.5407515666,0.4024525876,0.5451811656
0.2833726792,0.4199403761,0.2992711565,0.4433825378,0.281715898,0.4181265381,0.2799660828,0.4159392209,0.2811751386,0.4140004505,0.2860342738,0.424036488,0.2807727415,0.4167266924
0.452377233,0.5882616638,0.4388740232,0.569775175,0.4595178493,0.5968182582,0.4531952716,0.5879354296,0.4178545199,0.5545720176,0.4432326076,0.5776356634,0.4625973433,0.6008178814
0.3611542462,0.526525365,0.3461252698,0.5040826919,0.3596499781,0.5249082042,0.3547832408,0.5183441862,0.3276356626,0.4801195723,0.3401929164,0.4987566295,0.3583478514,0.5230077538
0.27257284,0.4078856581,0.3078791491,0.4628494781,0.2697292852,0.4038995853,0.2682952761,0.4013627626,0.2812585146,0.4200544048,0.2726756606,0.4056302725,0.2712737608,0.4062123228
0.3629997974,0.5024942521,0.358113456,0.5029381429,0.3598345199,0.497808286,0.3588736181,0.4983285419,0.3102318981,0.4395183195,0.3528995389,0.4945061405,0.3621555406,0.5010192713
0.309686286,0.4475339114,0.3183238222,0.460968422,0.3073136054,0.4449720579,0.3062100103,0.4434327167,0.3066052244,0.4442721297,0.3009770422,0.4389366794,0.3062582597,0.4434439792
0.4014882033,0.5411977898,0.3891862433,0.5259011137,0.3989624353,0.5382662887,0.4020119466,0.5413215142,0.4036427371,0.5458202341,0.4071052264,0.5478246172,0.3988097074,0.5380602335
0.4019652425,0.5450971874,0.3983327235,0.5421693134,0.4034810466,0.5468573846,0.4007243003,0.5431120491,0.4002891918,0.5446519237,0.4002673443,0.5422415503,0.4032473956,0.5465407061
0.2901275086,0.4241604268,0.2973742292,0.4362347169,0.2888532197,0.4228574203,0.2849480198,0.4179863287,0.2880882348,0.4209758033,0.2872032437,0.422076409,0.2878899764,0.4214473112
0.3735219694,0.5316728202,0.3754842889,0.5327283178,0.3724974124,0.5309004826,0.3685809577,0.5258386734,0.3580070525,0.5079571006,0.3790369005,0.5372987009,0.3720094539,0.5302050217
0.2568525596,0.3770444561,0.2393305526,0.3440735577,0.2571960941,0.3761500819,0.2462292709,0.3591973559,0.3171781281,0.4428798913,0.2496506546,0.35520586,0.2615586045,0.3825302669
0.376282819,0.5229243272,0.3806688687,0.5288900931,0.3762186099,0.5228067965,0.3787543195,0.5257896521,0.3772090883,0.5215927121,0.378498332,0.5244045728,0.3759724978,0.5224647904
0.4084964261,0.5428829614,0.3965550159,0.5256023377,0.4073548881,0.5411648372,0.410989952,0.5450289827,0.3925965877,0.5297681181,0.4023719241,0.5401426461,0.4080387571,0.542073347
0.3471552172,0.5099428079,0.3290342292,0.4824496212,0.3455108933,0.5079780909,0.3425440482,0.5040001332,0.321647427,0.4737820555,0.3294403416,0.4849438833,0.3443828603,0.5063196308
0.4411508359,0.5842002806,0.4546066292,0.6010198951,0.4440206256,0.5872422962,0.4345611922,0.5768825247,0.4197955014,0.5605141051,0.4268228805,0.5683418381,0.444581023,0.5879834534
0.3140106534,0.4494266142,0.311832693,0.4491896216,0.3138358141,0.4496730894,0.309264644,0.4437564978,0.3394886059,0.4843883306,0.3300451893,0.4711225184,0.3117991766,0.4467549359
0.3011214618,0.4492287895,0.3089489426,0.4638424556,0.2991173895,0.4466396296,0.2987525342,0.445666376,0.287092446,0.4317865828,0.2892440415,0.4361491088,0.2983697893,0.445523319
0.4317379096,0.5713067928,0.4197190224,0.5538568198,0.4307448812,0.5699287121,0.4343634136,0.573326205,0.3974185359,0.5314566763,0.4079614371,0.5384308008,0.4326593098,0.5724617378
0.3894286406,0.526763071,0.375508389,0.5066100876,0.3900078465,0.5273579092,0.3937017556,0.5319613511,0.3931985119,0.5329822927,0.3937564673,0.5317560728,0.3902750612,0.5277192295
0.2936563341,0.4404775328,0.2743546723,0.4102258304,0.293883078,0.440816225,0.2940426286,0.440771741,0.3130639703,0.4633880635,0.3058106368,0.455584804,0.2955228262,0.4432758005
0.2592148432,0.3817461237,0.3045626431,0.4467820702,0.2594613298,0.3822751057,0.2598802585,0.3821775535,0.2779870151,0.4064746273,0.2664593993,0.3879009584,0.2605163749,0.3838295473
0.3416247706,0.5121641029,0.3428995095,0.5116570931,0.3426706929,0.5134567423,0.348588444,0.5210091948,0.3335871337,0.4977553431,0.3270514356,0.4926546759,0.3432156332,0.5142732791
0.3179280996,0.4740150214,0.3389334457,0.4997843495,0.3187737801,0.4749007506,0.3231208876,0.4803534302,0.3163217437,0.4674906565,0.3320160668,0.4935612168,0.3187902981,0.4749253587
0.3432451876,0.4863225271,0.3458063048,0.4888502568,0.3430994372,0.4863321629,0.3445468241,0.4876796632,0.3467121747,0.4916957863,0.3428324486,0.4866188796,0.3429844203,0.4861691302
0.3882129081,0.5322723349,0.3847374062,0.5308402468,0.3894610428,0.5337494475,0.3874486513,0.5309622762,0.382041,0.5263389197,0.3859822953,0.5304753537,0.3892573577,0.5334703007
0.3424183479,0.5026320979,0.3331936368,0.4872862046,0.3414434483,0.5015841619,0.3398647292,0.4994734856,0.321569587,0.4727200887,0.3378341611,0.4967948638,0.3407538146,0.5005710825
0.5505392178,0.698660824,0.4847500828,0.6179599135,0.5244667751,0.6669159785,0.5113820649,0.6513321352,0.3995682065,0.5266324935,0.4705399415,0.6056577214,0.5130571034,0.6524073524
0.3028424517,0.4598319947,0.3098156328,0.4650668041,0.304884261,0.4620276238,0.3061168633,0.4627857762,0.3001143293,0.4489920932,0.3098141394,0.4673387716,0.3059725719,0.4636768716
0.2893276903,0.4229444703,0.3237391546,0.4730358711,0.2865673233,0.4193343799,0.2867458345,0.4188501687,0.2840157287,0.4176456837,0.2802556094,0.4101177041,0.2869766731,0.419933382
0.3832149197,0.5257026231,0.3918141701,0.5399755522,0.3814477821,0.5231703958,0.3824601473,0.5245461859,0.3795477341,0.521701602,0.3820361227,0.5258686492,0.3818849779,0.5237700268
0.3711292119,0.527685377,0.3672631199,0.5210841254,0.3707484888,0.5275703349,0.3672670769,0.5232649389,0.3553201084,0.5055537587,0.3591338077,0.5117811496,0.3705932737,0.5273494658
0.370723822,0.5145935428,0.3788939405,0.5238090173,0.3725702124,0.5166406332,0.3775963578,0.52278804,0.3679402435,0.5099575352,0.3720185574,0.5132123371,0.3728277489,0.5169977574
0.3345072458,0.479033155,0.3403396398,0.4868025567,0.3340534138,0.478594301,0.3359183968,0.4804596232,0.3371026748,0.4846929156,0.3360762901,0.4845387908,0.3336545387,0.4780228374
0.4222402339,0.563698903,0.4378795997,0.5839324351,0.4212239028,0.5625457776,0.4192092641,0.5605814551,0.4256513607,0.5678197971,0.4207096221,0.5622882367,0.4215795848,0.5630207919
0.4964113023,0.6470837331,0.4425143708,0.5884243597,0.4558437956,0.5953669301,0.4628550381,0.6073830286,0.3396049068,0.4716949869,0.3810874149,0.5232152442,0.4508055487,0.5887865934
0.3028433943,0.4331714828,0.2845072674,0.4089149486,0.3030572317,0.4334492659,0.2953835671,0.4231734872,0.3005110112,0.4307815354,0.3033145303,0.4342380411,0.3023903429,0.4324954445
0.2712321763,0.408204461,0.2892191309,0.4347602799,0.2737157557,0.4115425583,0.2687742875,0.4045253636,0.2784112107,0.4142854443,0.2713604434,0.4044235832,0.2737542172,0.4116003867
0.345044844,0.5068486389,0.3400272099,0.4971351739,0.3435678897,0.5052110792,0.3414178594,0.5021644853,0.3248419462,0.4758855697,0.3357619656,0.4928314344,0.3426519441,0.5038641959
0.4628248149,0.6265365997,0.4290801808,0.5844068032,0.4637243268,0.6274188527,0.4577456276,0.6190317953,0.4038799519,0.5629858766,0.4217480846,0.5827139887,0.4645530856,0.6285401631
0.4446812347,0.5632621649,0.4558969453,0.5814046452,0.4454745307,0.5647542123,0.4465945981,0.56922987,0.3631598168,0.4796618755,0.4237766459,0.5477122252,0.4353418741,0.5519084487
0.3958526165,0.5354691994,0.3960918719,0.5343667668,0.3959951876,0.5354121207,0.4007299487,0.5415910241,0.3883040504,0.5289860363,0.3886089289,0.5263535806,0.3953144234,0.5344916817
0.3790663251,0.5180386091,0.3722669809,0.5071441691,0.3793246052,0.5182604902,0.3832995079,0.5230954625,0.389104847,0.5305304332,0.3887542463,0.5288826799,0.3795886586,0.518621259
0.3888019022,0.5247967391,0.3546950033,0.4788847282,0.3888229223,0.5252555852,0.3874581125,0.5231652626,0.3772055243,0.5102851464,0.3921523173,0.5271143301,0.390765915,0.5278803477
0.2331926769,0.3430868207,0.2505107793,0.3697634656,0.2363535891,0.3471878759,0.237029955,0.3492883804,0.2738488796,0.3999045237,0.2585764612,0.3777047762,0.2411407396,0.3542198853
0.324846319,0.4773760943,0.3060259663,0.4537684128,0.3249323974,0.4775405801,0.3263783953,0.4816475326,0.3349423618,0.4878209283,0.3295177356,0.4846321534,0.3230767258,0.4748133714
0.293878767,0.4527500786,0.2668872595,0.4101442454,0.2926906255,0.4509496704,0.2968339855,0.4566562899,0.3031577773,0.4572075324,0.2802445696,0.4300715285,0.2942149534,0.4532982088
0.3638820711,0.4648914256,0.4294121273,0.5564137524,0.3786433006,0.4847624088,0.402038632,0.5179390724,0.3390517367,0.450146089,0.4092941884,0.5320613071,0.3670595584,0.4699321906
0.3135385002,0.4559582689,0.3210338177,0.4663370677,0.3118193166,0.4538368048,0.3122629714,0.4540611139,0.302815757,0.4428071827,0.3028816792,0.4436138559,0.3111849061,0.4529134533
0.3622852064,0.5056087899,0.3660210973,0.5093564659,0.3633831688,0.5069685754,0.3667877175,0.5109243737,0.3558733796,0.4989537622,0.3614104853,0.5051459407,0.3635212895,0.5071612725
0.1988727994,0.2658507533,0.3137855098,0.4215880332,0.2096472827,0.2805810197,0.2294132732,0.308592365,0.2950173729,0.4018924703,0.2825271227,0.3839409491,0.2093261617,0.2801512479
0.4384228282,0.5815192631,0.4553148207,0.6030165551,0.4400580354,0.5832441031,0.4318539794,0.5744265824,0.4282384514,0.569914785,0.4261540253,0.5664040169,0.4406245262,0.5839949186
0.4825044534,0.6371895821,0.4847497931,0.6374526577,0.4847730313,0.6394252163,0.4824106597,0.6377914503,0.4527707825,0.6009348008,0.4864574205,0.6414688962,0.4846413528,0.6392515297
0.3042954273,0.4453319094,0.3395563072,0.4942960333,0.3020082831,0.4425441295,0.3132405207,0.4575183417,0.3198362549,0.4658215768,0.3024950456,0.442669608,0.3018526815,0.4423161207
0.2246276691,0.3201933847,0.2472331231,0.3461022895,0.2238300515,0.3178111431,0.2051102504,0.2907840825,0.295710355,0.4084676495,0.2487306954,0.3479368033,0.2247066226,0.3190557661
0.3471698362,0.488568983,0.3476185822,0.4881535438,0.3466461174,0.4880906654,0.3473171565,0.4884606625,0.3479971199,0.4903459492,0.3512768774,0.4941050795,0.3468427281,0.4883675005
0.2949554126,0.4512926713,0.2707820933,0.4164532744,0.2952695265,0.4519316663,0.2970045392,0.4562523372,0.3118135415,0.4670936565,0.3036750855,0.4596363079,0.2934203084,0.4491013023
0.3578004629,0.4916055025,0.3347779017,0.4602912803,0.3559345875,0.4892984929,0.3637090484,0.4998534898,0.3753211906,0.5138609094,0.3783566956,0.5168015405,0.3545678239,0.4874196213
0.4223548967,0.5682397241,0.4192346283,0.5633068202,0.4246246985,0.5710398283,0.4192830094,0.5643822731,0.4068035562,0.5507458285,0.4192530232,0.5632263348,0.423942251,0.5701220657
0.2479057025,0.3618738767,0.3154623738,0.4549489679,0.2501142871,0.3657425944,0.2524710108,0.3677586462,0.274636489,0.4008708313,0.2617680868,0.3782367557,0.2467425624,0.360812115
0.3466223266,0.4975688464,0.3409884679,0.4932055521,0.3461703099,0.4970741864,0.3466366822,0.4977677266,0.3472758745,0.4976145779,0.3512737799,0.5016605651,0.3459141823,0.4967064068
0.3815535401,0.5220098774,0.3724684307,0.515355676,0.3794379311,0.5193100689,0.3803154074,0.5204469385,0.3911184441,0.5348923531,0.3909533467,0.5321955072,0.3802648848,0.5204418623
0.3572431309,0.5090850572,0.3638925509,0.5166035218,0.3558081742,0.507340639,0.3581091353,0.510315677,0.3514261733,0.5004976683,0.3523602195,0.5037792019,0.3562078554,0.5079105375
0.3951514999,0.5357943676,0.4099541304,0.5542409819,0.3948783165,0.5352358417,0.3986840923,0.5400859861,0.4086444156,0.5507365005,0.4065351465,0.5500995964,0.3952007204,0.5356728424
0.3102266928,0.4492586814,0.3259047561,0.4721247779,0.3073392964,0.4460563715,0.3092784094,0.4484939957,0.3081671912,0.4474435581,0.3054172772,0.4454345448,0.306496511,0.4448331964
0.3348589065,0.48092952,0.3820852701,0.5439751124,0.3353862564,0.4813708675,0.3504334022,0.5009830248,0.364746237,0.519362509,0.3318610422,0.4773732467,0.3366955588,0.4832500739
0.3103504421,0.4689992111,0.2850002627,0.4297991447,0.3095357176,0.4678699839,0.3126241254,0.4722252986,0.3142034112,0.4659501012,0.3034957586,0.4553447384,0.3098171952,0.4682954434
0.3811860015,0.5255975582,0.3853523636,0.5336464909,0.3812444941,0.5255816734,0.3819425318,0.5260927759,0.378668119,0.5228380545,0.3825451212,0.5291525888,0.3811489743,0.5254499902
0.3529603386,0.4988923874,0.3603311062,0.5106239699,0.3532734507,0.4992866837,0.354706515,0.5005154831,0.3506662164,0.4973727512,0.351520239,0.4997565131,0.3534118837,0.4994823331
0.3480357599,0.4823193677,0.3032535711,0.423557832,0.347434972,0.4819925824,0.3388314529,0.4699310997,0.3563477846,0.4971752752,0.3522308975,0.4883923306,0.3495180158,0.4848823654
0.3379029011,0.4714035483,0.3232580051,0.446538334,0.3383855863,0.4718122027,0.3352757225,0.4677596216,0.3209040637,0.4540798954,0.3253875059,0.4553464998,0.3389096539,0.4725429119
0.4375490625,0.5919413469,0.4052261553,0.5555455902,0.4314881006,0.583265629,0.4263179895,0.5775172847,0.3480987656,0.4907977663,0.3857893863,0.535816901,0.4344536378,0.5872743048
0.375708621,0.5204224356,0.37081271,0.5185116676,0.3765415801,0.5214123034,0.3746141598,0.5190347942,0.3787539872,0.5244654788,0.3836791976,0.5311379579,0.3763967686,0.521211777
0.3947111318,0.5313998838,0.3933313462,0.5283245337,0.3980046716,0.5349725065,0.4017386327,0.5394461137,0.4109797397,0.5515722689,0.4098598012,0.547973415,0.3976090773,0.5344407739
0.4033395689,0.5407295318,0.4014213243,0.5360429071,0.4045017124,0.5423019095,0.4023571579,0.5408717588,0.3761920846,0.5108341598,0.3938288536,0.5304021114,0.4036155818,0.5411139039
0.4201068136,0.5610254886,0.4234348455,0.5661109236,0.421475098,0.5627943506,0.4187381439,0.5591057699,0.4092887876,0.5508117754,0.4119787477,0.5529728946,0.4225160798,0.5641843703
0.2762216261,0.408308605,0.2888849263,0.4280942489,0.2763756497,0.4088243621,0.2716846665,0.4029998377,0.2770290494,0.4078520706,0.276513529,0.4096486128,0.2757747922,0.4079355531
0.3147561991,0.4762232913,0.2889419597,0.4355566652,0.3128478314,0.4736490496,0.3125145962,0.4723702681,0.308471733,0.4611908246,0.3140855203,0.4756982779,0.3135470065,0.4747075949
0.1572021801,0.2467479065,0.2052613708,0.308320555,0.155022074,0.2403584295,0.1552218422,0.2377229403,0.2384565932,0.3469554786,0.1651128344,0.2458583007,0.1576799875,0.2444794678
0.3903978144,0.5299984195,0.3882654397,0.5253604472,0.3895509045,0.528723727,0.3932126618,0.5338799842,0.3821117905,0.5231901732,0.3845440188,0.5255834184,0.3895704454,0.5287502493
0.4526077146,0.6016218305,0.4742533864,0.6284988646,0.4592647062,0.6092142556,0.4454050725,0.5943091106,0.4322543713,0.5772501997,0.432266464,0.5784022473,0.4559091225,0.6047630766
0.4278978181,0.5702622346,0.4431543671,0.5897316547,0.4274442042,0.5697079261,0.4235878863,0.5656978271,0.4232624708,0.5653270969,0.4172973074,0.5588063991,0.4280153891,0.570469215
0.3170390684,0.4561115848,0.3040508088,0.4375516567,0.3185884652,0.4583124913,0.3156981674,0.4541151183,0.3410039481,0.4857141901,0.3201931326,0.4575583964,0.3184201844,0.4580704071
0.3561554931,0.5107470428,0.3475393268,0.4984332573,0.356233456,0.5109647635,0.3555601855,0.5103899423,0.3484654163,0.4972432851,0.3479702913,0.4979223323,0.3567696486,0.5117338532
0.2783337894,0.4257455044,0.2902824871,0.4407610929,0.2835303734,0.4323488877,0.2815269121,0.4285381797,0.2898420941,0.4350120256,0.2816647764,0.4267709192,0.2850825407,0.4347157516
0.2517114014,0.3716038078,0.2896460813,0.4263049464,0.2533676135,0.3738605827,0.2530176291,0.373164528,0.2781902774,0.4075202288,0.2636397981,0.3839651211,0.255642733,0.3772176713
0.392038199,0.5268679451,0.361483221,0.4872893814,0.391431304,0.5264086652,0.3915034317,0.5257461463,0.3931059863,0.5290896826,0.3979515452,0.5326519245,0.3939068652,0.5297378748
0.3485609902,0.4825865862,0.3022905383,0.4182285805,0.3513662025,0.4865592381,0.3409507361,0.4722905448,0.3314550022,0.4645223921,0.3386495042,0.470185939,0.3529291166,0.4887235052
0.3782232404,0.5229479,0.3885326539,0.5349500906,0.3776655902,0.5221030857,0.3829365215,0.5287566981,0.383036824,0.5281384442,0.3839380549,0.5305785471,0.3781758376,0.5228084763
0.2897117495,0.4144653313,0.2590337278,0.3752759137,0.2899136189,0.4145933115,0.2842077001,0.4076705446,0.3006120285,0.4325938019,0.2874220012,0.4134584712,0.2894204836,0.4138880993
0.3453891863,0.4855259807,0.3568567987,0.500054461,0.3464306705,0.4869348269,0.3448823749,0.4845697289,0.3430277839,0.4832519894,0.3411171677,0.4798646028,0.3466467893,0.4872385984
0.3108199755,0.4482384749,0.3168085081,0.4564171914,0.3104554066,0.4478719939,0.3082255084,0.4444477043,0.3009293953,0.4339365667,0.3047372814,0.4401683122,0.3099435491,0.4471335734
0.4158024309,0.5587143029,0.4188650992,0.5632894756,0.4172565586,0.5603612179,0.4139066779,0.5562275656,0.4078851253,0.5516467556,0.4096831246,0.5533900996,0.4170414296,0.5600723071
0.3920500073,0.5385234967,0.3747683947,0.5248403565,0.3840585135,0.527544575,0.3839115952,0.5303234715,0.307579732,0.4377724817,0.35387843,0.5002304048,0.3846660332,0.5283790668
0.4184769116,0.5625535782,0.4236349198,0.5692024154,0.4201559169,0.5644471559,0.4156738581,0.5592331423,0.410330831,0.5542943501,0.4158624103,0.5607267228,0.4193294336,0.5633368392
0.4077392003,0.5451568729,0.4069113709,0.5434077462,0.4081785759,0.5454511352,0.4083739758,0.5467698034,0.3966347601,0.5359376471,0.3984881933,0.5361258573,0.4080144025,0.5452317496
0.2986436687,0.4410828821,0.3122975445,0.4620398451,0.2968617304,0.4386478634,0.2969147351,0.4382381703,0.2867073206,0.4251804401,0.2903195973,0.4295171121,0.2966363033,0.4383147685
0.4287758324,0.5741687671,0.4202099924,0.5614501618,0.4267112561,0.5715510301,0.4281691351,0.5729010888,0.4109969656,0.5532675805,0.4261579934,0.5695646521,0.4273463159,0.57240165
0.2687591956,0.3976423194,0.2842472039,0.4230973467,0.2707158099,0.401044574,0.2673634307,0.3975765237,0.2889599196,0.4256659589,0.2793196961,0.4141265598,0.2689068629,0.3983647587
0.3562488551,0.4989394062,0.3653109821,0.5091492789,0.3576002016,0.500483456,0.3617041855,0.5054100147,0.3524716054,0.4958409805,0.3568705761,0.4995479718,0.3583178905,0.5014879056
0.3797450425,0.5161106021,0.3451733136,0.4697821604,0.3787092338,0.5152580318,0.3764440825,0.5117876103,0.3864802621,0.5246425717,0.3914859046,0.5275796797,0.3809703068,0.5183343656
0.3910871488,0.551302801,0.4044969613,0.5685258545,0.390079903,0.5506716436,0.3884473676,0.5486275271,0.3763651231,0.532465326,0.3844721026,0.5444956108,0.3896904946,0.5501219198
0.2775667268,0.4044056559,0.3046743838,0.4421586529,0.2775718068,0.4045308712,0.2763443675,0.402251262,0.2769559167,0.4034516301,0.2761199415,0.4004603178,0.2774627847,0.4043719832
0.3620650666,0.5217493841,0.3565016472,0.5122813835,0.3610872083,0.5208843964,0.3576145684,0.516425083,0.3486730714,0.5023423564,0.3601952128,0.5196951209,0.3602469525,0.5196722901
0.3463012843,0.4812839165,0.3614273191,0.4952712651,0.3451402174,0.4796502022,0.3449663445,0.4797499462,0.3242449269,0.4556480297,0.3277966727,0.4564622568,0.3445826345,0.478875315
0.3296140855,0.4884987273,0.3524230201,0.51748621,0.3294054898,0.488143747,0.3364247846,0.4974595701,0.3265135748,0.48267017,0.3417504725,0.508877247,0.3293632975,0.4880812225
0.2826027652,0.4435753317,0.2553393498,0.3979412497,0.279872977,0.4390959026,0.2843091857,0.4436567926,0.2989146815,0.4516237173,0.2803788814,0.4308639664,0.2838171846,0.4452840148
0.3171720498,0.4488736411,0.3046430089,0.4291279626,0.3183617035,0.4504787899,0.3130290822,0.4428578141,0.3266125871,0.4656634474,0.3301448816,0.4676695534,0.3177224423,0.4495742414
0.2611163052,0.4083206423,0.2412019436,0.3729378786,0.2578968542,0.4026122448,0.2625443859,0.408045911,0.2933039154,0.4407175938,0.2694600104,0.413263759,0.2644878618,0.4129017086
0.2773489632,0.4142139628,0.293502157,0.4380544785,0.2783508911,0.4155379232,0.2744180706,0.4100810148,0.2777860464,0.4117695192,0.2777854442,0.4120419046,0.2781475417,0.4152343517
0.3289432184,0.4703530546,0.3393336559,0.4842473436,0.3269619617,0.4680636929,0.3284213052,0.4695441755,0.3376496998,0.4823539228,0.3316244076,0.475730914,0.3270834356,0.4682375893
0.2882795448,0.3858425922,0.3288936938,0.4401261318,0.2914948061,0.3889778145,0.2790756864,0.3741273244,0.3179476794,0.4321904165,0.3129666289,0.4234641399,0.2944334439,0.3928992048
0.350806565,0.5017874911,0.3503480934,0.5018159721,0.3505799562,0.5014565683,0.3525617423,0.5038048749,0.3455367135,0.4944897946,0.346053836,0.4966065935,0.3507912404,0.5017587814
0.2916780662,0.4278358417,0.3055146788,0.4481079698,0.2907657787,0.426536003,0.288861856,0.4237536941,0.2815700858,0.41367,0.2825316656,0.4160590261,0.2908165835,0.4266105306
0.3977096477,0.5319631953,0.3743347522,0.5018183325,0.3993257638,0.5339217501,0.4003116156,0.534503891,0.4064669634,0.5430374506,0.412012296,0.5477594435,0.4010451369,0.5362206519
0.2428784476,0.3481936455,0.1866248642,0.2740213265,0.2467708873,0.3540411508,0.2550918018,0.3664124901,0.2745129774,0.3954918462,0.2396333976,0.345353728,0.2470215082,0.3544007156
0.4910205757,0.6290671822,0.4642783666,0.5947116394,0.4953237343,0.6343251146,0.4841980328,0.6202445803,0.414311046,0.5466233782,0.4740505474,0.6131467116,0.4933083077,0.6317441042
0.4041364584,0.5478990219,0.4079653887,0.5532781236,0.4039978063,0.5477519855,0.4041496461,0.54787932,0.3908861797,0.5316462031,0.3922105991,0.5316279662,0.4035248132,0.5471106878
0.401912592,0.548619726,0.3980024669,0.5436840244,0.4044397245,0.5517941057,0.3999173294,0.5461927804,0.3948455869,0.5387891727,0.3968345138,0.5419654477,0.4039170557,0.5510810066
0.3959168767,0.5476402273,0.4142416757,0.5707292523,0.3937751136,0.5453553348,0.3918200077,0.5431894107,0.3728006197,0.5212846634,0.3734544816,0.5252647429,0.3935895026,0.5450982745
0.4506778682,0.582013374,0.4403350415,0.5782491598,0.4302205468,0.556676627,0.4431067525,0.5758956841,0.3771542383,0.5005856122,0.416670867,0.5475203667,0.424090485,0.5487447367
0.2164889049,0.3171568925,0.2363745137,0.3467097815,0.2193571218,0.3212553768,0.2268632661,0.3324366218,0.2705364803,0.3947740137,0.2500181767,0.3646079772,0.2245096361,0.3288013953
0.5043865501,0.6588847777,0.4705856762,0.6142164455,0.5059715451,0.6613900716,0.5069307512,0.6604394734,0.4615301208,0.6105909289,0.497481106,0.6503436232,0.5050216277,0.6601483694
0.3941981783,0.5414768353,0.3986343566,0.5470434439,0.3940312897,0.5413164216,0.3933971427,0.540727065,0.389972517,0.5344963116,0.3960842907,0.5435865126,0.3933233652,0.5403438817
0.3042576009,0.4572607824,0.2804146669,0.4202992577,0.3039969586,0.4569668238,0.3045137548,0.4574016366,0.3132049178,0.4633281167,0.3024648451,0.4509345789,0.3052633897,0.4588705171
0.4118105754,0.5504143335,0.4147176167,0.5534631541,0.4119619654,0.5507451342,0.4138919927,0.5530525088,0.4146459919,0.5549653699,0.4107089314,0.5490410016,0.4109220307,0.5493548626
0.4022274088,0.5366489023,0.3830184403,0.5108918151,0.4066119949,0.5417367725,0.4074825666,0.5426048079,0.3972187252,0.5323137611,0.4004621215,0.5331495273,0.4071869007,0.5425027302
0.294454332,0.4436070779,0.2997329482,0.4544142551,0.2939593392,0.4430530843,0.2919696542,0.439788573,0.2861472593,0.4320576946,0.2875436358,0.435914965,0.2931546351,0.4418402409
0.3352048509,0.475833243,0.3114847235,0.4427044577,0.3338652477,0.4741426214,0.3400051312,0.4836070773,0.356869675,0.4985030581,0.3606686925,0.5075048775,0.3329797012,0.4728850023
0.3948790099,0.5350345498,0.4041739969,0.5499643057,0.3920763511,0.5312110748,0.3926148253,0.5324646956,0.3835323474,0.5238018466,0.3849472556,0.5243959807,0.3919278589,0.5310098878
0.2910585403,0.4350708657,0.3463545209,0.5096033126,0.2979923856,0.4430604898,0.3175934812,0.4699512832,0.3201560556,0.4691784177,0.3162055034,0.4696574689,0.2985070402,0.4438256877
0.1900097157,0.2729423668,0.2484048588,0.3516002713,0.1867228262,0.2682392768,0.1849610877,0.2644041267,0.2617163541,0.3658767081,0.1972539007,0.281995839,0.1850519711,0.2658389866
0.2663012658,0.3877234384,0.2607622046,0.3828865032,0.267656523,0.3892819225,0.2630074554,0.3842392098,0.2745654443,0.3981102462,0.2711344147,0.3941645049,0.2685761538,0.3906194415
0.3713894334,0.5121758878,0.3713561256,0.5100600656,0.3721535467,0.5130339134,0.3764883931,0.5183010845,0.3795777892,0.5229231928,0.3829613915,0.5285445336,0.372451025,0.5134440035
0.3685304554,0.5096527925,0.3789261432,0.5229407433,0.3679452025,0.5086988852,0.3679507526,0.5089574838,0.3572820078,0.4990825417,0.3555690364,0.4959267384,0.3688259989,0.5099166214
0.3124423212,0.4722688595,0.3044720528,0.4569966034,0.3123927301,0.4719789281,0.3130330387,0.4721055884,0.3010168738,0.449970264,0.3078388444,0.4644715698,0.3131230403,0.4730823182
0.3589020982,0.5179554312,0.3454639932,0.4978976156,0.3581527891,0.5171749431,0.3554780522,0.5139907737,0.351975185,0.5075034659,0.3540267028,0.5131066788,0.3571878376,0.515781547
0.3334569672,0.4764508048,0.3391547453,0.4833517767,0.3321832816,0.4750028994,0.3338220164,0.4766787043,0.3396589905,0.4868068087,0.3356915739,0.4825217137,0.3321448829,0.4749479915
0.312341467,0.473241044,0.2908940602,0.4389790241,0.3109888618,0.4713099493,0.3130067943,0.473591128,0.3027952584,0.4526901775,0.2979146735,0.4504339396,0.3114762283,0.4720485631
0.3992802427,0.5392704582,0.4053073709,0.5511382968,0.3988307744,0.5386709218,0.3973760458,0.536731618,0.3938769759,0.53464849,0.3944400851,0.5347205432,0.3991916365,0.5391583113
0.3907730478,0.5287425559,0.387713415,0.5207366478,0.3924715491,0.5312506511,0.3897577759,0.5287333503,0.3626653083,0.4980551067,0.381587469,0.5187734224,0.391791786,0.5303305219
0.3294873711,0.4640042406,0.3148903802,0.4415992647,0.3313425236,0.4665598479,0.3257798506,0.4587065978,0.3331273432,0.474549221,0.3340264087,0.4725594484,0.3310515505,0.4661501317
0.2968899213,0.4572861307,0.272244792,0.4175747223,0.2954551611,0.4550645228,0.2988856451,0.4590381907,0.2986359651,0.4494175272,0.2897131079,0.4432431706,0.297123729,0.4576344764
0.3421342255,0.4952155297,0.3253477913,0.4729827842,0.3424993559,0.4956175105,0.3435633704,0.4979478325,0.3430109512,0.4960697268,0.338655014,0.4913132517,0.3426504673,0.495836178
0.3419482135,0.4800407606,0.3439154208,0.4844087173,0.3426684892,0.4811229232,0.3408334886,0.4784352243,0.366172273,0.5127309251,0.3451420149,0.4850703729,0.3417456688,0.4798272394
0.5160678869,0.6690970437,0.51564143,0.6638436452,0.5121093476,0.6637227992,0.5217957333,0.6777812113,0.4597061159,0.6070036092,0.4967882388,0.6480005682,0.5124091558,0.6641113677
0.3123883807,0.4660844824,0.3059312256,0.4591283162,0.3126623284,0.4666060634,0.312708919,0.4666322877,0.3100586208,0.4610645659,0.3119869169,0.4641099807,0.3116713725,0.4651271963
0.3880259808,0.5314682886,0.3865629982,0.5333755181,0.3891220807,0.5327654926,0.3870356741,0.529811834,0.3826523185,0.5265437359,0.3895018257,0.5335418418,0.3890028033,0.5326021843
0.5156809538,0.6744650613,0.4815317594,0.6288345356,0.5156888859,0.6750842523,0.5201211832,0.6785992866,0.4681923767,0.6201891236,0.5132595475,0.6734301302,0.5137994011,0.6726107427
0.3918091869,0.5439235673,0.3709246313,0.5194359121,0.3917743422,0.5433478004,0.384896981,0.534718513,0.3685038231,0.518760193,0.3861024596,0.5378483891,0.3945973651,0.5472630219
0.2838540256,0.4170417552,0.2937773672,0.4320316803,0.2835387111,0.4165717873,0.2792439195,0.4109752957,0.2769766795,0.4067419427,0.2773480549,0.4087998817,0.2836519017,0.4167380856
0.3363773098,0.4709808916,0.3083886021,0.4357518063,0.3357516351,0.4703539344,0.3288880927,0.4611012803,0.3513386108,0.4929980144,0.3364982684,0.4710455042,0.335664235,0.4702314957
0.4114952345,0.5563459311,0.4160635047,0.5622842843,0.4126455596,0.5576804868,0.4094238433,0.5539421344,0.3978723373,0.5411315507,0.4000805026,0.5421684979,0.4116547735,0.5563414635
0.3393949611,0.4771770664,0.3484381505,0.4869782836,0.341051277,0.479419329,0.3386745335,0.4759576577,0.3374749542,0.4786438828,0.340129906,0.4787068833,0.3409998897,0.4793470933
0.3141393771,0.4734407792,0.2912287077,0.4380396071,0.3134357676,0.4724618097,0.3158384889,0.475764833,0.3128615546,0.4639473524,0.3082071185,0.4622587386,0.3135286894,0.4726018768
0.2886813775,0.4240504468,0.2989651516,0.4398433891,0.2870446378,0.4222098533,0.283869163,0.4181802615,0.2830402668,0.415763091,0.2839827867,0.4193772302,0.2862814502,0.4210872915
0.3174792552,0.4531780916,0.3233024092,0.4598628396,0.3186672446,0.4549401962,0.3155074192,0.4501047395,0.3055252608,0.4367261527,0.3101211702,0.4413747352,0.3177890703,0.4536864846
0.2913713134,0.442602441,0.2641508358,0.3997136868,0.2910483596,0.4420892234,0.2954271544,0.4491222585,0.3277052221,0.4812548995,0.3233710334,0.4792767686,0.2930057529,0.4450624148
0.374335066,0.5297435217,0.3670854187,0.5189257988,0.3744766311,0.53017482,0.3710446708,0.5260655041,0.3623709666,0.5141402508,0.3672711941,0.5188343363,0.3744665223,0.5301605083
0.3684628867,0.5056880641,0.3368403371,0.4622402918,0.3682989939,0.5058790669,0.3645221585,0.5005133155,0.3651400985,0.5095284301,0.3707987661,0.513196763,0.3698981942,0.508075657
0.2408891357,0.349124489,0.2762098864,0.3956098302,0.2399086958,0.3479477161,0.2463660821,0.3563388216,0.2711187826,0.3942636934,0.2569271322,0.3700880439,0.2385060961,0.3459134782
0.3983473172,0.5563928513,0.3789598746,0.5308370026,0.3986162666,0.5565935053,0.3930652383,0.549293152,0.3731286983,0.5245010379,0.3984027877,0.5557864763,0.3990455285,0.5571928898
0.3246787172,0.4778585802,0.3151066981,0.4683823715,0.3241613083,0.4775300809,0.3240547806,0.4780851564,0.3343052708,0.4863903775,0.3282316836,0.4821854028,0.3221629634,0.4745862693
0.2762003365,0.4075870405,0.2903076723,0.4367388126,0.287685878,0.4256698105,0.2871587232,0.4280225234,0.2759835451,0.4108068428,0.2668190168,0.3984057277,0.2781841056,0.4116106649
0.4182302024,0.56496555,0.4413513583,0.5945407844,0.4175544975,0.5641613479,0.4137303342,0.5603584751,0.4148373232,0.5589075941,0.414874371,0.5624088596,0.4168795259,0.5632493882
0.3546137471,0.4965317611,0.3536667617,0.4940243758,0.3553449857,0.4976536127,0.3558961309,0.4979036147,0.353236865,0.4954609958,0.3561924938,0.5011115501,0.3553089776,0.4976031842
0.3074901942,0.4452346865,0.3293312483,0.4767282497,0.3056913697,0.4429597547,0.3054395005,0.4419431556,0.3005301199,0.4375522617,0.3045687583,0.4396513362,0.3056363359,0.4428800083
0.3668861618,0.5041259708,0.3361094231,0.4602817622,0.3683735967,0.5063579065,0.3638897323,0.5003862072,0.3580072524,0.4996521338,0.3634226045,0.5015547149,0.3699826898,0.5085697291
0.3641327676,0.5014373376,0.3689880316,0.5091828417,0.3663563405,0.5037581904,0.3678275555,0.5053765371,0.4113022772,0.5594831904,0.4017209825,0.5487737753,0.3665876832,0.5040762981
0.3805243692,0.5267879742,0.3754702024,0.5226377368,0.3817653646,0.5282915711,0.3801609483,0.5262086959,0.3809739987,0.5281203253,0.3841424623,0.532738601,0.3816963204,0.5281960269
0.3922201645,0.5139999175,0.3960989999,0.5182132187,0.4011050471,0.5238829697,0.388098099,0.5078048356,0.3753214473,0.5047298445,0.3636016639,0.4818792551,0.4063619484,0.5307490042
0.3980697791,0.5401180902,0.3855237437,0.5250974366,0.3994729112,0.5413893133,0.3953579448,0.5351869858,0.3662324132,0.4961350942,0.3658381835,0.4950814128,0.4033835966,0.5466893054
0.2822220662,0.4235125887,0.2969612352,0.4455635701,0.2830851151,0.4245406135,0.2804761368,0.4205029028,0.2786350301,0.4157956737,0.2785198766,0.4171757982,0.2832076432,0.424724368
0.2943354211,0.4447037276,0.3052565676,0.4571969109,0.3008727999,0.4527614258,0.3015330795,0.4529882635,0.2922991159,0.4360906864,0.2961565161,0.4473249332,0.3015960137,0.4538497373
0.4150616484,0.5611340538,0.4097267821,0.5534980836,0.4168503524,0.5633906557,0.4126980473,0.5581038675,0.3994433772,0.5426305108,0.4113734732,0.5550641712,0.4164647673,0.5628695213
0.4289408818,0.5787254713,0.4376587873,0.5888389439,0.4330874435,0.5838314906,0.4224804499,0.5713613553,0.4049312352,0.5466314341,0.4167304307,0.5625929144,0.4310442844,0.5810771724
0.1997686042,0.2903160873,0.2878499777,0.4080801649,0.2008740893,0.2919635466,0.2224594384,0.3221688094,0.2501977923,0.366025026,0.224314436,0.3231324631,0.1962380734,0.2852252576
0.3968773718,0.5329281378,0.3744412364,0.5018123444,0.3984680394,0.534862379,0.4002984802,0.5372747843,0.4002469677,0.540047155,0.407502437,0.5448782617,0.399022975,0.5356072673
0.4072921212,0.5431494099,0.4053462723,0.5413048818,0.408658916,0.5446315307,0.4099190782,0.5458624608,0.4232819219,0.5641350653,0.4090543264,0.5453111203,0.4081212246,0.5439149338
0.3565360982,0.4978184053,0.3750183103,0.5207391858,0.3601795975,0.5019478531,0.364128303,0.5067073335,0.3675032681,0.5129275067,0.3638195882,0.5063912191,0.3611557467,0.5033082189
0.4506902705,0.5938000542,0.4454264168,0.5844180258,0.4456909704,0.587677013,0.4503537605,0.5932604228,0.4212225488,0.5613858205,0.4397425589,0.5795873095,0.4465221113,0.5887729346
0.5507882505,0.7045413759,0.4969627194,0.6334813028,0.5506039436,0.7055811573,0.544822981,0.6960960664,0.4670386266,0.6148787666,0.5036946217,0.6495080588,0.5417355432,0.6942165889
0.386486068,0.532496356,0.38077543,0.5267952012,0.3880460982,0.5344065544,0.3859396909,0.5317163278,0.3863968771,0.5317129779,0.3879644414,0.5338480188,0.3879735651,0.5343066638
0.3798453456,0.5168940211,0.3458425742,0.4693509199,0.3809936853,0.5187915751,0.377717896,0.5145388745,0.3624854076,0.4972970332,0.3674309665,0.5026198011,0.3827740287,0.5212158336
0.3690005334,0.5077434403,0.3848325918,0.527676466,0.3743209058,0.5136408834,0.3775356411,0.5175115689,0.3962541176,0.5400908925,0.384450943,0.5279132581,0.3747296691,0.514201786
0.3530122959,0.4907210633,0.3427902886,0.4776278129,0.3542154057,0.4920481969,0.3506458913,0.4867052203,0.3494305832,0.48422716,0.3454030651,0.4808247302,0.3555845309,0.493950078
0.3442708775,0.4804896735,0.3190754247,0.4476901594,0.3436578842,0.4799496473,0.337279813,0.4711012141,0.3546084621,0.4959180596,0.3481643308,0.4852472889,0.3438507033,0.4802189368
0.207584296,0.3327307246,0.2173950696,0.3421524833,0.2052279237,0.3265491021,0.2159683954,0.3415120197,0.2549871424,0.3839409048,0.2285326211,0.3513782877,0.2136923043,0.3400172298
0.4136561055,0.5642636536,0.4261305533,0.5795105161,0.4148248774,0.5659294041,0.4078643573,0.5578007758,0.4010654647,0.544642589,0.4074595455,0.5539097246,0.4134414068,0.5640419891
0.4250246897,0.5659692852,0.4468815881,0.5955319586,0.4252435768,0.5662915248,0.4211514451,0.5620151906,0.4304046241,0.573256654,0.4218345473,0.5624256003,0.425315009,0.5663866503
0.3394746187,0.4782067023,0.3441280813,0.485753022,0.3398242596,0.4788735477,0.3385130935,0.4768062493,0.3526227185,0.4959464326,0.3361484584,0.4755136404,0.3390819185,0.4778274554
0.4234395241,0.5643468091,0.4311285609,0.5738905495,0.4232525075,0.5643555893,0.4217787431,0.5626521172,0.4158628658,0.5565351935,0.4095196143,0.5453020205,0.4236160914,0.5648403841
0.3675134302,0.5109486127,0.3729413325,0.5170569265,0.369233825,0.5129415891,0.373156744,0.5175895646,0.3587765014,0.5032883026,0.3575639143,0.5027530422,0.3693521381,0.5131059503
0.3757713419,0.5168461917,0.3849828479,0.5287364442,0.3744256699,0.514871645,0.3751676041,0.5162335085,0.3714795201,0.51363963,0.3709955003,0.5138219363,0.3751728218,0.5158990514
0.3936040422,0.5343636917,0.4002882635,0.545091959,0.3916874044,0.5317114867,0.3933922561,0.5340817114,0.3816429001,0.521997108,0.3868306823,0.5288938662,0.3914744919,0.5314224603
0.3545487599,0.5148147301,0.3519981657,0.5090582681,0.3533370023,0.5136577379,0.3505952058,0.5099875483,0.3492986451,0.5022355243,0.3679294716,0.5308824735,0.3524643004,0.5123890621
0.3716932823,0.5039536235,0.3585659018,0.4856369179,0.3728351946,0.5051925664,0.3726796715,0.504363337,0.3725498824,0.5077883392,0.3588531298,0.488452217,0.3729057709,0.5052881974
0.3584162063,0.4988465131,0.3700239057,0.5131553672,0.3588861353,0.4993526456,0.3578586222,0.4980692157,0.3520148146,0.4924994783,0.3523466079,0.4938110696,0.3596563115,0.5004242656
0.3125911258,0.4415459881,0.3028842387,0.4268891046,0.3147527237,0.4447546169,0.3091827795,0.436474655,0.334821282,0.4648853841,0.2943971837,0.415096775,0.3139367755,0.4436016587
0.3400562611,0.4826282857,0.3761132102,0.5292444855,0.3456338865,0.4891380127,0.352539845,0.4977181926,0.3586358396,0.5051359709,0.349143268,0.4935291224,0.346860427,0.4908738018
0.4010240657,0.5388194593,0.3946073042,0.5281366378,0.4021644442,0.5399188317,0.405251458,0.5446453601,0.395640276,0.5360724981,0.3986712155,0.5362409759,0.4018812933,0.5395386925
0.3805362087,0.5239751646,0.3875914455,0.5364278706,0.3796403274,0.5226318716,0.3803287467,0.5233480597,0.3760646518,0.5191570055,0.3779019447,0.5218402193,0.3800135912,0.5231457252
0.4369497778,0.5894377339,0.4530247017,0.6092287466,0.4411737607,0.5946385295,0.4305116023,0.582425415,0.4206983438,0.5662744893,0.4359822952,0.5883689499,0.4390860383,0.5918245812
0.3453328417,0.4992832662,0.3543236582,0.5093369384,0.3441905243,0.4979706769,0.345895654,0.500086391,0.342890874,0.493873692,0.3463397253,0.4992974551,0.3443967242,0.4982690044
0.3387276413,0.4926764941,0.3444858436,0.4984306565,0.3384343532,0.492344005,0.3401990542,0.494530611,0.3400336273,0.490958363,0.34177517,0.4949566206,0.3386786619,0.4926994178
0.4693522517,0.6199477416,0.467412634,0.6146941802,0.4687937417,0.6190199066,0.4680563942,0.6185276731,0.4443642246,0.5891629982,0.4843591758,0.6379052323,0.4695075088,0.6199624022
0.4665945249,0.6207563531,0.4568321359,0.6061798764,0.4657650166,0.6196107167,0.4668303577,0.6205216586,0.4381458236,0.5842749141,0.478939945,0.6349181167,0.4671555248,0.6214605202
0.3690012622,0.5139512468,0.3775772628,0.5239546594,0.3702444563,0.5152990901,0.3749798546,0.5210910377,0.360033328,0.5060849452,0.3578181143,0.5034410732,0.3704939608,0.5156463457
0.3886587704,0.536232405,0.3946418491,0.5435533168,0.3877061976,0.5351004845,0.3886401674,0.5364571722,0.3846368892,0.5302183804,0.3803589633,0.5263386428,0.3873000249,0.5345398972
0.4287584994,0.5702627357,0.4503867955,0.5991961619,0.4290502485,0.5706513191,0.4239599828,0.5652960393,0.4303668605,0.5732608317,0.4306177415,0.573605467,0.4293323415,0.5710265123
0.3397417745,0.4954734125,0.3172850347,0.4635071731,0.3398816398,0.4957368019,0.3362075138,0.4909803582,0.3498442961,0.5045623045,0.3565114418,0.5184989811,0.3397930098,0.49560753
0.3230216314,0.4601424479,0.3206765765,0.4587565385,0.3222932489,0.4595996306,0.3181889325,0.4540217592,0.3380877361,0.4815637302,0.3282856188,0.4694981173,0.320965243,0.4577058552
0.3649462982,0.5203239378,0.3711741116,0.5269933289,0.363313245,0.5186717674,0.3621157694,0.5171286489,0.3534317377,0.5022676241,0.3665286548,0.5203350361,0.3633655318,0.5187464127
0.3383523073,0.4889129778,0.336728583,0.4915965428,0.3366812667,0.4870596111,0.336910808,0.4874051209,0.3393628356,0.4901164106,0.334437265,0.4862103834,0.3354373949,0.4852601651
0.3699977361,0.5107390543,0.3635808891,0.5001460369,0.3701971816,0.5111060406,0.3722874989,0.5136063557,0.358472095,0.5009223938,0.3548949697,0.4953044888,0.3704612736,0.5114706544
0.3301774906,0.4764584452,0.3511539778,0.5024009907,0.3330400356,0.4796618504,0.3385027811,0.4865253603,0.3403134274,0.4889166728,0.3386627807,0.486473225,0.3335133926,0.4803436041
0.3543614988,0.4957701445,0.36373711,0.5069353484,0.3553708251,0.4969154155,0.3582783673,0.5002648866,0.3523185162,0.4929537994,0.3523204933,0.4914098159,0.3560999314,0.4979349257
0.2502779159,0.3643577695,0.2442330776,0.3584974319,0.2512685927,0.3654031335,0.2508356859,0.3660817475,0.2719235825,0.3946750859,0.2618254184,0.3809114988,0.2537641759,0.3690322935
0.3736449399,0.5204300414,0.3754761744,0.524818124,0.3740701672,0.5209404993,0.3747529276,0.5214329506,0.3726931274,0.5186943244,0.3763035419,0.5251320585,0.3737640986,0.5205142598
0.2531447019,0.3889089032,0.2443221471,0.3711878298,0.2515092254,0.3858429493,0.2531855331,0.3874607598,0.2971978764,0.4421287761,0.2814551939,0.4228984476,0.2558222158,0.3924595532
0.3116850157,0.4707975689,0.3064984855,0.4594933802,0.3121154486,0.4711300456,0.3126945093,0.4711759312,0.3014595089,0.4506378329,0.3058742187,0.4612849428,0.3128682604,0.4722663951
0.3994078849,0.5396012978,0.3858202238,0.5207595473,0.3975647642,0.5371636718,0.4011535004,0.5409801166,0.3899788244,0.5298653774,0.414654247,0.5610814558,0.3975693311,0.5371698423
0.4356093035,0.5937688937,0.4347792213,0.5917487457,0.4372908042,0.5959157345,0.4307229044,0.5877693508,0.4123224053,0.5587441642,0.4500280165,0.6072724568,0.4374744932,0.5961660557
0.4066255106,0.5501197675,0.4116460747,0.5566312058,0.4059613776,0.5493530641,0.4066867981,0.5502692556,0.3947928197,0.5365058256,0.3973643428,0.5386711084,0.4056369912,0.5489140995
0.2861123488,0.4149186579,0.2857520173,0.4196186443,0.2894448696,0.4199979217,0.2853026224,0.4158493501,0.3171334584,0.4575797475,0.2965323342,0.4293365406,0.285597819,0.414415673
0.3672684619,0.5071234705,0.3623137883,0.5157525109,0.359546665,0.4980488157,0.3683104658,0.5157350863,0.2786945737,0.4025456048,0.2932541921,0.4184835569,0.3511851173,0.4864662888
0.3537230772,0.5081764967,0.3632631086,0.5190731162,0.3519507706,0.5062008515,0.3528584778,0.5073025997,0.3456592814,0.4949726222,0.3548867784,0.508391994,0.3521231398,0.5064487653
0.4979830597,0.6398200607,0.4695795101,0.6013680455,0.5049181302,0.6486949501,0.4981923578,0.6390917395,0.4416759223,0.5818636907,0.4797854017,0.6184890539,0.5032936354,0.646607876
0.3608034847,0.509667995,0.3545430686,0.5046751734,0.3611304525,0.5100830716,0.3606024372,0.5095622994,0.3554643081,0.5069495507,0.3568069682,0.5063375531,0.3611847234,0.5101597273
0.3061548107,0.4478242248,0.3182238201,0.465864304,0.3043569837,0.4454616696,0.3046206659,0.4453411496,0.2986868475,0.4385004462,0.3020650608,0.4429996873,0.3039900976,0.4449246893
0.3636853688,0.5146010127,0.3779945195,0.5320206984,0.3610403522,0.5113899302,0.3641272483,0.515382382,0.3546794459,0.5024758448,0.3562283559,0.5046043648,0.3616158675,0.5122051098
0.1973675178,0.2884828608,0.1992599834,0.2946705046,0.2030372323,0.2967208256,0.2195079109,0.3213885493,0.2707868827,0.394683105,0.247100235,0.3596765771,0.2096566434,0.3063945052
0.3824799031,0.525513453,0.3901360451,0.540161388,0.381302354,0.5238150317,0.380630406,0.5229594716,0.3810895916,0.5238658972,0.3811284216,0.5265405867,0.3818641956,0.5245868628
0.3179282829,0.4702842619,0.3503654525,0.5123141635,0.3189227997,0.4712887,0.3274166011,0.4824705908,0.3222393357,0.4722544983,0.3371747863,0.4943778228,0.3190254814,0.471440438
0.2599148017,0.4158396697,0.2294649163,0.3638578081,0.2550439389,0.40733341,0.2625648245,0.4189481304,0.2991686272,0.4532418,0.2799213416,0.4347819919,0.2634898055,0.4208223941
0.3138710339,0.4650603799,0.3155309811,0.4688014153,0.3147698038,0.4661089385,0.3160657494,0.4674565918,0.3053156603,0.4530309311,0.3081256035,0.4567351242,0.3144169113,0.4655863777
0.4033305746,0.5519608104,0.4141561928,0.565166382,0.4027648912,0.5514026482,0.3998861371,0.5482941946,0.3949016984,0.5361529738,0.4010617347,0.5457557348,0.4018745472,0.5501837285
0.3246560264,0.4569478338,0.2934855594,0.4126562463,0.3213782035,0.452226285,0.3335777424,0.4708897185,0.3638284309,0.501145725,0.350521992,0.4868801064,0.3235069721,0.4552217747
0.3366553179,0.4784885226,0.3207723417,0.4563497051,0.3380899577,0.4804056343,0.3362287081,0.4777196284,0.3383104162,0.480175624,0.3415517461,0.4822972408,0.3376755905,0.4798168432
0.3929294353,0.5568872406,0.3804744283,0.5395982208,0.3925054607,0.5566564738,0.3863866771,0.5487329783,0.3703472405,0.5275740229,0.3832955166,0.5469123068,0.3915199597,0.5552588232
0.3449459851,0.46929424,0.3345510475,0.4541356565,0.3490395454,0.4741209582,0.3423515018,0.4653303218,0.3586654034,0.4893533058,0.3261236102,0.447568944,0.3501371111,0.4756118462
0.3187275916,0.463709619,0.3311287766,0.4796697994,0.3173878474,0.4619831737,0.3206320789,0.4659377239,0.3083651763,0.4502533314,0.3135515756,0.4573519558,0.3170756816,0.4615287916
0.3275771088,0.4646350429,0.3209064689,0.4569725221,0.3280095102,0.4650146011,0.3243455398,0.4600070564,0.3387623744,0.4822209735,0.3326969761,0.4720707598,0.3292962912,0.4668388529
0.3967827083,0.5387686186,0.4002969502,0.5447196921,0.3961714634,0.538032885,0.3980868576,0.5401161782,0.384722587,0.5259278334,0.3891787802,0.531630663,0.3958020338,0.5375311697
0.3494345847,0.4925000831,0.3542091795,0.4987813338,0.3498710618,0.4931936156,0.3505324437,0.493499719,0.3440690956,0.4870378977,0.3433947501,0.4865663727,0.349889575,0.4932197127
0.3957380782,0.5505517296,0.380565999,0.5298721151,0.3953866699,0.5499503654,0.3920862727,0.5456734195,0.3633744208,0.5130380881,0.3789493246,0.5306619224,0.3954489077,0.5500369332
0.3391770729,0.4735873943,0.3574264389,0.4923676108,0.3379635334,0.4718339376,0.3377963317,0.4717822952,0.3383418808,0.4772418924,0.3403976009,0.4738170497,0.3373991132,0.4710459455
0.3847803566,0.5230835672,0.3731627565,0.5056981632,0.3848724374,0.5231367189,0.3888285704,0.5280701412,0.392432239,0.5339624828,0.3930817679,0.5332188151,0.3851199607,0.5234731642
0.4120140667,0.5610568897,0.4206768614,0.571442119,0.4135662686,0.5630956382,0.4072039851,0.5557005964,0.4015886835,0.5442875498,0.404983998,0.5509298355,0.4120876196,0.5610823675
0.3815917535,0.523105344,0.3851592859,0.5263962804,0.3827296763,0.5242471944,0.3876134397,0.5303325183,0.381776652,0.523058999,0.3836575667,0.5255777167,0.3825460167,0.5239956251
0.235227384,0.3407874559,0.2174431003,0.3183960909,0.2358506155,0.3416289629,0.2422646265,0.3515089928,0.2710964786,0.3929995391,0.2582952838,0.374286476,0.2384062641,0.3453308128
0.4024505005,0.5399804673,0.4068662614,0.5454412059,0.4035680415,0.5411343541,0.406162807,0.5441986469,0.4195568048,0.5611037698,0.4163633436,0.5565812777,0.4029137102,0.5402569775
0.3315819221,0.4671580749,0.3131280006,0.4407345424,0.3327326801,0.4689419757,0.333251261,0.4695751656,0.3398751637,0.4733443101,0.3179342913,0.4490960978,0.3314496221,0.4671336779
0.3065775257,0.4397531772,0.3096958773,0.4478075084,0.3058023286,0.438597989,0.30516515,0.4387486422,0.3091669915,0.4459746273,0.3161809507,0.4594290194,0.3065625269,0.4396883058
0.276313571,0.4341199311,0.2464654368,0.3838894941,0.2728947855,0.4285265898,0.2790959905,0.4362585593,0.2994711805,0.4523913711,0.2824711633,0.4354185155,0.2785915102,0.4374721547
0.3472599247,0.4975323551,0.3510295914,0.5023552526,0.3474416592,0.4976500639,0.3504232058,0.5012432958,0.3473841609,0.495519504,0.3455048603,0.49472172,0.3475254688,0.4977701067
0.2984729621,0.4610999802,0.2874177314,0.4392280548,0.2967106348,0.4578933794,0.2981013379,0.4578971123,0.2996607745,0.4518200134,0.2976719602,0.4553603999,0.2992041383,0.461741434
0.3869388959,0.5285421134,0.3717360718,0.5088905348,0.385631136,0.527038369,0.388695406,0.530660377,0.3922112075,0.5350551725,0.3974230378,0.5403236072,0.3852229798,0.5264805458
0.2853457773,0.4171430882,0.3007771807,0.439346111,0.2849722374,0.4165366155,0.2824949872,0.4129942238,0.2792556634,0.4062763865,0.2769785573,0.4023505153,0.2853754618,0.4171259983
0.2014398553,0.2934765621,0.2067889317,0.3027839123,0.2054985991,0.2994912742,0.2200382534,0.3205739432,0.2566523775,0.3740317349,0.2485054499,0.3603731686,0.2099465271,0.3059736329
0.3175344836,0.4592814052,0.3332143258,0.4805934383,0.3145497809,0.4556853113,0.3175171744,0.4592793206,0.3154681914,0.4523919702,0.305267855,0.4387571876,0.3145234649,0.4556471875
0.4617356289,0.6124699473,0.4355150645,0.5795304315,0.4637077475,0.6147551548,0.460133306,0.6087322073,0.4318747269,0.574756546,0.4754412691,0.6286414922,0.4664881245,0.6184412073
0.3269375424,0.4803471416,0.3324685607,0.4857486348,0.3280159214,0.4816162553,0.3300858468,0.4841232884,0.3171496928,0.4658815303,0.3261706988,0.480010631,0.3282702683,0.4819897056
0.3310387119,0.4778463907,0.3470669042,0.4974915392,0.3334464805,0.4805647612,0.3382231934,0.486513252,0.3403461052,0.4898866325,0.3387456187,0.4879211296,0.3335963851,0.4807808044
0.3032190464,0.4429851628,0.3118717867,0.4554443453,0.3017124582,0.4410596123,0.3005719366,0.4392826827,0.2956659761,0.4331129709,0.2992608778,0.4389530599,0.3011909698,0.4402972724
0.2727613854,0.4059244719,0.2953168978,0.4402788643,0.2719804046,0.4057009254,0.2727031177,0.4073207262,0.291225509,0.4298735036,0.2870852338,0.4257403771,0.2702748861,0.4031568803
0.3977957564,0.5391848446,0.4007931189,0.5431099278,0.3968603625,0.5380518606,0.4006634127,0.542622092,0.3895328352,0.5301608063,0.3894561712,0.5281976539,0.3962659497,0.5372459727
0.3637151066,0.5103287683,0.3695047834,0.5182049284,0.364832574,0.5116214122,0.3677349602,0.5148939009,0.3598458419,0.5076556976,0.3623299905,0.5095816434,0.3647130104,0.5114537427
0.2896448237,0.4390562307,0.2939634485,0.4476562879,0.2906340255,0.44041544,0.287894775,0.4359187017,0.2879840914,0.433985178,0.2842240183,0.4308578734,0.2903661152,0.4400094592
0.3662175756,0.5100685871,0.3719164999,0.5171293908,0.3677384377,0.5118330294,0.3710061824,0.5155991653,0.3619273362,0.5084107648,0.3623028906,0.508203977,0.3678535123,0.5119931949
0.4848747195,0.64123311,0.4882879048,0.6432608016,0.4879818887,0.6444018445,0.4858691192,0.6433212873,0.4593618736,0.6105542393,0.4907533411,0.6480831665,0.4876458442,0.6439580827
0.2152032226,0.3368038855,0.2253389564,0.3458816012,0.2115913071,0.3295981066,0.2166804038,0.3361067815,0.2645696437,0.3943139517,0.2238901802,0.3396260957,0.2177805093,0.3392390949
0.2502609865,0.3407587173,0.331485861,0.4580698846,0.255116226,0.3481526243,0.2778740584,0.3801710799,0.2629050356,0.3740542818,0.2272270292,0.3216867134,0.2529593962,0.3452092365
0.3007175904,0.456951501,0.2809229664,0.4298654795,0.3015996343,0.4585320473,0.3014859104,0.4596849591,0.3099687838,0.4639092004,0.304497087,0.4591087324,0.2989713619,0.4545361966
0.3781777423,0.522635557,0.3832993319,0.532743432,0.3780423194,0.5223482782,0.3781668221,0.5221822013,0.3739364391,0.517240344,0.3710494988,0.5164267791,0.3781887958,0.5225506675
0.4821691036,0.6253154356,0.4443897378,0.5863877528,0.4509001054,0.5858101393,0.458659261,0.598305362,0.3690907213,0.4943052472,0.4095523499,0.5460545762,0.4460019977,0.57944651
0.3844926268,0.5380527231,0.4053157323,0.564630511,0.3814633314,0.5347417511,0.3816221565,0.5350189105,0.3702285618,0.5200936434,0.3790280698,0.5303183402,0.3817247588,0.5351082245
0.2952200932,0.4260315528,0.3018680822,0.4346466424,0.295573473,0.4265533874,0.2919347148,0.4212254553,0.2941312919,0.424217492,0.2969510319,0.4281817138,0.2950619742,0.4258152238
0.3846893299,0.5274833346,0.3979725248,0.5431752067,0.3840178158,0.5264338791,0.3895602276,0.5334845526,0.39336381,0.5339436558,0.3956653782,0.5377990686,0.3848076926,0.5275166879
0.3674946335,0.5061974713,0.3531703286,0.4861152309,0.3667168134,0.5053614763,0.3668480827,0.50507558,0.3696648287,0.5144573939,0.3698733214,0.5141587078,0.36733447,0.5062126505
0.348332206,0.4903677649,0.3655370911,0.5119611468,0.350124975,0.4924118691,0.3539355587,0.4969409111,0.3585215136,0.5028711423,0.3519239695,0.4939151207,0.351083116,0.493759388
0.2397778459,0.3475798388,0.2428547863,0.3450154659,0.2401138761,0.3469452335,0.2217882191,0.3193761414,0.2948974422,0.4112680787,0.2424944022,0.3437618421,0.240902849,0.3480852359
0.374114974,0.5192199963,0.3995628315,0.5515322678,0.3730379679,0.5177397589,0.3779250868,0.523985752,0.3687876754,0.5149581953,0.3621898912,0.5084801524,0.3743244497,0.5195252683
0.3819487584,0.5270961474,0.3682076446,0.5140149831,0.3800359207,0.5239196578,0.3756704362,0.5191290718,0.3324965104,0.4696382945,0.3666527174,0.511051489,0.3834788118,0.5286660469
0.3457892766,0.5049165729,0.3361677557,0.4894510092,0.3451216479,0.5042777416,0.3435796117,0.5023510531,0.3447995875,0.498944335,0.3480612845,0.5063831026,0.3445677377,0.5034683905
0.2193876567,0.3191090905,0.1940015686,0.2903656696,0.2260369556,0.3283247069,0.2426209325,0.354889901,0.3043106591,0.4388120867,0.2513956223,0.3647846533,0.229138793,0.3328302085
0.3923493017,0.5353032716,0.3834517702,0.5256604379,0.3929609786,0.5360585224,0.3918726382,0.5343818065,0.392440198,0.53696685,0.3945961794,0.5392028637,0.3930930156,0.536238641
0.4127850194,0.5492417823,0.4080630298,0.5420920417,0.4151033249,0.5518574284,0.4135481992,0.5512263386,0.3979024524,0.53648265,0.4066560459,0.5441789934,0.4154690422,0.5523436298
0.3315079246,0.4798394306,0.3375247222,0.490005206,0.331048338,0.4792506045,0.3332520267,0.4815517732,0.3338630174,0.4825700329,0.3324173842,0.4816811347,0.3305535941,0.4785343758
0.3181437761,0.4581589416,0.3358540851,0.4837973147,0.3166302229,0.4562996286,0.3164873465,0.4554427665,0.3066925554,0.4444706762,0.3127249423,0.4505866192,0.3165763448,0.4562219843
0.3126928928,0.4507598776,0.3323385735,0.4786551835,0.3115453217,0.4493875547,0.3109105559,0.44784916,0.3028520415,0.4379605835,0.3083605903,0.4439488844,0.3113051188,0.4490410748
0.4164277455,0.5715039116,0.4323619397,0.5915950201,0.4173484888,0.5730465865,0.4109109635,0.5653797561,0.3932012126,0.5466662733,0.4248687202,0.5896466109,0.4166462321,0.5720823424
0.451068465,0.5971731759,0.4644323739,0.6129872655,0.4572500973,0.6040393211,0.4433605986,0.5887173763,0.4258216313,0.5686101632,0.4245066368,0.5669558436,0.4547236568,0.6007018272
0.304820682,0.4541633396,0.3105783186,0.4669321571,0.3021012844,0.4508290653,0.301401961,0.449629659,0.2898379703,0.4343721157,0.2903107479,0.4366290491,0.3004997551,0.4484390856
0.3039150504,0.4611690124,0.2879614492,0.4376167307,0.3048996705,0.4625258164,0.3055109969,0.4632108115,0.3030330783,0.4559613141,0.2950311866,0.4467164939,0.3048296476,0.4624195934
0.3669584695,0.504765073,0.3552292189,0.4893076608,0.3660083197,0.5035355779,0.3661245083,0.5032049779,0.3807741631,0.5219994731,0.3748924933,0.5133450761,0.3668273613,0.5046623736
0.4426072312,0.5888474243,0.4526613761,0.6005603016,0.4480050928,0.5949924339,0.4358223741,0.581203084,0.4195699224,0.5614085202,0.4222423574,0.5662789189,0.4455441542,0.5917240785
0.3208614739,0.4604428169,0.3226638254,0.4631082241,0.3188734824,0.4581745626,0.3169020464,0.4552286348,0.3340399846,0.478255335,0.3339651991,0.4782600014,0.3184340064,0.4575430999
0.4107646926,0.552512214,0.411812663,0.5555791027,0.4120268048,0.5540031936,0.4095796771,0.5505718298,0.4033627263,0.5453298213,0.400226077,0.5405118849,0.4124857084,0.5546202264
0.2829489269,0.4257464996,0.2984587836,0.4471315285,0.2841255899,0.4273002725,0.2826536744,0.42488658,0.2795565656,0.4176450563,0.2791739328,0.4212703021,0.2838433438,0.4268757988
0.4748705859,0.6219185446,0.4426461435,0.5837978948,0.4707818311,0.6163331954,0.465853844,0.6095992165,0.4050016954,0.5389059744,0.4621644075,0.6093698832,0.4726339775,0.618757969
0.3905387413,0.5515747188,0.3889036877,0.5483351841,0.3900096958,0.5513850785,0.3844316419,0.5441930684,0.3708173819,0.5238678241,0.3916525363,0.5546075054,0.3892208105,0.5502697741
0.3869171508,0.5272010552,0.3887141533,0.527398789,0.3885515281,0.5289282753,0.3943299416,0.5362165128,0.3916863647,0.5330863863,0.3878851683,0.5271401587,0.3881270245,0.5283504061
0.3729600032,0.5120753986,0.358637698,0.4912196924,0.3724832105,0.5116361837,0.3739692247,0.5132551858,0.3793339248,0.5223723424,0.3815310969,0.5242729792,0.3730229069,0.512377501
0.2483629996,0.3749431982,0.2547530275,0.3824106693,0.2471073167,0.3727669607,0.2494608312,0.3758697528,0.2753706493,0.4076105777,0.2830877505,0.4229634615,0.2490335373,0.3756727079
0.4322466238,0.6099201531,0.3593339244,0.5249073474,0.3990913165,0.5659301958,0.392153047,0.5629477775,0.3000228172,0.4402550397,0.2904254244,0.4310259819,0.3842215113,0.544844115
0.3542258356,0.5012082635,0.3692671609,0.5193329969,0.3547325584,0.501599548,0.3599290319,0.5081357879,0.3567020221,0.5050378972,0.3594059501,0.5065469095,0.3553995179,0.5025426432
0.3878512269,0.5270165469,0.3800823031,0.5141337626,0.3872989769,0.5262451077,0.3900424144,0.5303153303,0.3833336374,0.5248373455,0.3845397975,0.5253692235,0.3877786393,0.5268968522
0.306731563,0.436243469,0.3081358329,0.4394625881,0.3065826128,0.4359890132,0.3030760957,0.4309406405,0.3094369398,0.4421818629,0.3067179748,0.4364247859,0.3072134541,0.4368861283
0.3710190862,0.5254127754,0.3497379885,0.4987321806,0.3714294364,0.5257133059,0.3642109215,0.5166260736,0.3631772631,0.5167304738,0.376148031,0.5341487653,0.3728189968,0.5276800602
0.284655289,0.3712654613,0.3626338944,0.4750003981,0.2975880441,0.3870424755,0.2992101305,0.3921335085,0.3144339864,0.4246348578,0.3056562049,0.408207575,0.2970353795,0.386323681
0.3737036686,0.5183985909,0.3804299191,0.5314746184,0.3730753528,0.5174741942,0.3727129973,0.5167868073,0.3712985489,0.514965161,0.3698807821,0.5161050563,0.3735752072,0.5181675174
0.3593137714,0.502064799,0.3643476456,0.5069983498,0.3603372189,0.5032958078,0.3641988777,0.5078828204,0.3542335479,0.4975550264,0.3610877777,0.505116622,0.3607673885,0.5038966408
0.3209364996,0.4296163922,0.3593838124,0.4848868928,0.3204494877,0.4286122837,0.3229815767,0.4326088572,0.3131818246,0.4250138047,0.3202043376,0.4335638255,0.3228375183,0.4318063572
0.4006830326,0.5515161382,0.4017510469,0.5521494266,0.4024070126,0.5538893232,0.3965984478,0.5468689094,0.3872595223,0.533235094,0.3884809969,0.5363431458,0.4019016365,0.5531937032
0.3456089847,0.4899763992,0.3240626597,0.4625422724,0.3432941623,0.4867824357,0.3492746614,0.4968263853,0.3691919123,0.5160428623,0.3674757411,0.5167220173,0.3433302076,0.486833547
0.4039398037,0.5402274488,0.3860896703,0.5142353469,0.4072245267,0.5440637055,0.4086277216,0.5467146017,0.3841832837,0.5191600423,0.3999095434,0.536043349,0.4072400722,0.5440844747
0.3408640608,0.4979153027,0.3637051303,0.5270395274,0.3395682379,0.4964775993,0.3443593424,0.5026498076,0.3264714522,0.4773191116,0.3469394642,0.5072009776,0.3392739879,0.4960473808
0.2874876541,0.4430415552,0.2767380498,0.4271219161,0.2900107562,0.4464774114,0.2877742192,0.4424555865,0.2950403398,0.4460260443,0.2840253856,0.4343673588,0.2901674497,0.4467186442
0.4210308049,0.5651587784,0.4335851798,0.580758023,0.4203969929,0.564319981,0.4176016394,0.5615427562,0.4140168398,0.5553016765,0.4224491292,0.5665147716,0.4202520161,0.5641253713
0.2944020621,0.4321224265,0.3039804495,0.4461752297,0.2925791911,0.4298888341,0.2901636654,0.4266525552,0.2838490926,0.417158231,0.284154858,0.4181335111,0.2919835389,0.4290136377
0.4704145557,0.6281186047,0.4460290356,0.5962860853,0.4715170964,0.6294887988,0.4706626794,0.6270545537,0.4278489711,0.5753479972,0.4594605044,0.6175463733,0.4727584991,0.6311461069
0.289884646,0.4145744009,0.2998205255,0.4249297944,0.2889934109,0.4133468877,0.2878537078,0.4112100845,0.2955695881,0.4256813348,0.2932096676,0.4189038223,0.2873303834,0.4109682617
0.4030854363,0.5281587926,0.4082181157,0.5362876836,0.4084527824,0.5340631842,0.400560985,0.5241025948,0.3707159001,0.493439239,0.4043463799,0.5267114748,0.4134986661,0.5406608152
0.3302244899,0.4630614282,0.2948844034,0.4139160649,0.3317131857,0.4651861688,0.3225348849,0.4524229053,0.3374909296,0.4785848513,0.3330300013,0.4679988417,0.3319438983,0.4655097142
0.3508516135,0.498217142,0.3567811341,0.5082380101,0.3516513465,0.4991929603,0.3532241825,0.5006056149,0.3497262066,0.4978844499,0.3498353657,0.4977961168,0.351490896,0.4989651899
0.2587447588,0.3719727517,0.2176251944,0.3204014145,0.2600892299,0.373701264,0.2654645689,0.3831582774,0.3034465638,0.4367934936,0.2790305101,0.4018163235,0.2607774399,0.3746900975
0.3733534793,0.5219804726,0.3690504991,0.5179449914,0.3740558736,0.5228498815,0.3733618148,0.5219697822,0.374373827,0.5215090326,0.3798889544,0.5301597007,0.374216727,0.5230747201
0.3227969983,0.4669426903,0.3330552916,0.4826267499,0.3210345744,0.4647573745,0.3222642687,0.4657473643,0.3061089886,0.4486585287,0.3086655534,0.4518725097,0.3206998423,0.4642727875
0.309310129,0.4441357774,0.3057479917,0.4416628203,0.3088003783,0.44386593,0.3035418849,0.4370563365,0.3067020016,0.4390647436,0.3022071199,0.4353274189,0.3071129431,0.4414404311
0.3378273327,0.4897097489,0.3263330007,0.4775097283,0.3376569562,0.4896184898,0.3378801292,0.490815164,0.3412360028,0.4912952508,0.3365780913,0.4897115596,0.3367199692,0.4882598145
0.4250350833,0.5807492266,0.4293944214,0.5853614858,0.4272191234,0.5836757088,0.4187669452,0.5733051193,0.410182369,0.5576203265,0.4325610886,0.5857349684,0.4268524687,0.5831747775
0.4397906957,0.5849226609,0.4283134655,0.5681725361,0.4371088575,0.5815260643,0.4412163976,0.5857240394,0.4120791069,0.5503119537,0.4460659189,0.5899565541,0.4387139321,0.5836614425
0.3992871323,0.538776618,0.4046443385,0.5469783608,0.397471469,0.5362706617,0.3990661359,0.5387623196,0.3938507552,0.5346463696,0.3955403114,0.5350933799,0.3970347895,0.5356814913
0.259963246,0.3833814509,0.2705230246,0.4008787406,0.2626871336,0.3869185751,0.2567499383,0.3799622072,0.27505572,0.402310825,0.2687117961,0.3925155034,0.2641054101,0.3890075908
0.4035989053,0.5614592405,0.3711550717,0.526193809,0.395784667,0.5507127441,0.3894889997,0.5453019156,0.3305754255,0.4730227141,0.3653103618,0.5181294283,0.395271227,0.5499983204
0.3332825251,0.4785938628,0.3420316378,0.489512708,0.3330383774,0.4783011429,0.3363034655,0.4821228812,0.3402577493,0.4895320879,0.3347122153,0.4822170523,0.3328441111,0.4780221426
0.3067182218,0.4341081141,0.2684894037,0.3817242998,0.307140176,0.434686173,0.2986786652,0.4229225782,0.3199172873,0.4551322957,0.328170052,0.4636594248,0.3068546302,0.4342820488
0.3594735372,0.5205424733,0.3795172612,0.5466896195,0.3582287771,0.5193880753,0.363721283,0.5267621745,0.3393104977,0.4944666717,0.3624742542,0.5285958973,0.3577643335,0.5187146887
0.4291244614,0.580763665,0.430515992,0.5812373756,0.4321333377,0.5845293738,0.4235156679,0.5740476368,0.411385445,0.5542879742,0.431129577,0.5769377805,0.4315580036,0.5837511427
0.3652353869,0.5166660184,0.3804939441,0.5353683348,0.3623315438,0.5131930189,0.3650175828,0.5166654926,0.3569556275,0.5046815249,0.3631399214,0.5139208575,0.3628956398,0.5139919836
0.4247834603,0.5652968279,0.4114330068,0.5489937225,0.4275609429,0.5683389757,0.4232458405,0.5616441518,0.3866907287,0.5179352081,0.4085673784,0.5388864552,0.4321156991,0.5743934238
0.3150586731,0.4503838211,0.3202759557,0.4563582412,0.31611828,0.4519679373,0.3128373396,0.4469801068,0.3039883278,0.4357616773,0.3082551038,0.4414125355,0.3152398151,0.4507119581
0.2836684764,0.427411607,0.2989617928,0.4482091499,0.2852335205,0.4294342159,0.2840733669,0.4273833636,0.279830401,0.4184005256,0.2805774655,0.4237607171,0.2850991053,0.4292318467
0.3065127449,0.4571367294,0.3088156624,0.4632530526,0.3059436679,0.4564575363,0.305949661,0.4560939024,0.2972021885,0.4454816381,0.3071740109,0.4602391618,0.3050440484,0.4551153347
0.2976578181,0.4571227236,0.2782533362,0.4260072539,0.2975894674,0.4568048441,0.2995029724,0.4586349791,0.2975494746,0.4477219867,0.2937152212,0.4469822722,0.2988400611,0.4587245264
0.4152245321,0.5779944152,0.412008913,0.5733477041,0.4157472379,0.5789848609,0.4102425474,0.5719696832,0.380526686,0.5361874296,0.3987287543,0.5604850275,0.4153244452,0.5783960642
0.348924459,0.4863794934,0.3255459747,0.4536617624,0.3497815304,0.4878106142,0.3442137488,0.4799652403,0.3479580759,0.4886809826,0.3490180493,0.4876920227,0.3500393382,0.4881701569
0.4312996207,0.5751726478,0.4324057098,0.5759277596,0.4343233979,0.5786298039,0.4272275976,0.5701470362,0.4143998641,0.5580741106,0.4231809002,0.5657263562,0.433146816,0.577062296
0.342475093,0.4808911198,0.342355994,0.4784278764,0.3444285818,0.4835826965,0.341753504,0.4796852466,0.3420706582,0.4840409654,0.3403571202,0.4790628108,0.3443787427,0.4835127216
0.240397609,0.3644679431,0.244956778,0.3668656668,0.2390215132,0.3619642417,0.2377568936,0.3591089417,0.2746883689,0.4020908275,0.2535926854,0.3774070312,0.2407342333,0.3645579138
0.3573817398,0.5014541507,0.3626970371,0.5074909061,0.3586772037,0.5030613068,0.362008721,0.506879881,0.3541790722,0.4982778514,0.3550250591,0.4986958464,0.3587888611,0.5032179115
0.3020987475,0.4555359952,0.275694531,0.4171112185,0.301610354,0.454771321,0.3061115651,0.4636369205,0.3307158732,0.4852492326,0.3189800563,0.4761133543,0.3009747466,0.4538129454
0.4117047886,0.5513885378,0.4136195769,0.5553319521,0.412762485,0.552994418,0.4118509994,0.5513399719,0.4034163779,0.5433421025,0.4075414324,0.5463091235,0.4129834428,0.5532904439
0.3838395878,0.5324353154,0.3964075209,0.5477399424,0.3814137596,0.5295147075,0.3834429951,0.532338019,0.3725460334,0.5220055128,0.3806090261,0.5323979465,0.3816037987,0.5297785378
0.3598879174,0.5040726233,0.3688463912,0.5177512036,0.3594497056,0.5034355383,0.360351486,0.5042101151,0.3531210241,0.4972198457,0.3528983844,0.4965473361,0.3601135187,0.504365257
0.3805397906,0.527476868,0.3881759515,0.5366793859,0.3793484459,0.5259784146,0.3825788143,0.5301084541,0.3820030271,0.5281319562,0.382835158,0.5304186401,0.3793458008,0.5259747471
0.3317701705,0.4513564104,0.3285794117,0.4459231551,0.3365082428,0.4568828248,0.324858661,0.441590595,0.3563215057,0.4860334844,0.3102615802,0.4250301418,0.3386788897,0.4598299482
0.3814443603,0.5269781293,0.3828549539,0.5312530881,0.3820334558,0.5276828129,0.3819092038,0.5271810078,0.3782718581,0.5240050516,0.3803447674,0.5273669378,0.3816391275,0.5271381478
0.3548924005,0.4879268869,0.3574193916,0.4966876091,0.3527922684,0.4845695644,0.3518612566,0.484092931,0.3150477898,0.4470755603,0.3478475023,0.4870071217,0.3563412887,0.4894442381
0.3437740085,0.4897480139,0.3521064874,0.5031945756,0.3430285875,0.4888852037,0.3443699088,0.4899670015,0.3382627884,0.4849033853,0.3389047737,0.4872502486,0.3430793425,0.4889575399
0.3549143721,0.4946840121,0.3586036456,0.4992494386,0.3554587559,0.4953221444,0.3562454559,0.4959076537,0.3577603843,0.4995260715,0.356569719,0.4974543812,0.3557612313,0.4957436357
0.4677725771,0.6278613129,0.4531829178,0.6080646853,0.4685419367,0.6286971849,0.4677471683,0.6271898449,0.4410793651,0.5934069006,0.4671776888,0.6296102888,0.4693692654,0.629807308
0.3274900405,0.4941588294,0.3345349749,0.5007246066,0.3275047268,0.4937434169,0.3335402651,0.5013094937,0.3233251999,0.4844561911,0.3240853391,0.4901458417,0.3286027052,0.49539872
0.2420564879,0.3656925681,0.2338350289,0.3454787988,0.241481638,0.364037495,0.2328740892,0.3494819032,0.2877816929,0.4185099485,0.2516574943,0.3735529621,0.2428095813,0.3660393911
0.3618147973,0.4948023745,0.3439745907,0.4700822247,0.361929343,0.4949316096,0.3649421019,0.4986298705,0.3701683386,0.5055172712,0.3605221303,0.4946919773,0.3607889432,0.4933721341
0.4598457548,0.6182280534,0.4388455658,0.5907279878,0.4607372938,0.6192569999,0.458989216,0.6160028561,0.4231764976,0.5703605618,0.4617441613,0.621273919,0.4620343966,0.6210003794
0.1960068679,0.2985621669,0.2107838855,0.3079465727,0.1931489469,0.2912075186,0.176903178,0.2634118169,0.2812352937,0.394580966,0.2288248065,0.3301177055,0.1929492132,0.2909063834
0.3937000097,0.5335837133,0.3852783508,0.5265020425,0.3915798452,0.5308880371,0.3924520663,0.531325349,0.3980752546,0.5409821817,0.4057723136,0.5479926086,0.3929438063,0.5327372401
0.4090204954,0.5520811866,0.4274309821,0.575497458,0.4069036486,0.5494708045,0.4079143511,0.5512259063,0.4114387303,0.5534011253,0.4105642064,0.5547940941,0.4074086016,0.5501526784
0.2883390472,0.4271930204,0.3174181369,0.4726489682,0.2837899776,0.421031343,0.2839490263,0.4207261579,0.2817827131,0.4193082461,0.2788171591,0.4135537128,0.2846188079,0.4222609972
0.322363131,0.4653986297,0.3447946173,0.4950620992,0.3207569426,0.463361165,0.3262026861,0.4701597429,0.3390799921,0.486138812,0.3327020008,0.4778865249,0.321250985,0.464074852
0.3853109772,0.5297421251,0.3876412768,0.5354699984,0.3857542029,0.5302524388,0.3856263244,0.5297202178,0.3808943028,0.525032419,0.3844551535,0.5319327492,0.3854406897,0.5298214879
0.318926744,0.4541982374,0.3125116699,0.4442995562,0.3200723395,0.4558899968,0.3150046037,0.4486270678,0.3311243586,0.4722955744,0.3374860083,0.4794586214,0.319261451,0.4547350205
0.3692219009,0.5182593155,0.3537818513,0.4977396615,0.3696608256,0.5187489706,0.370006475,0.5197723083,0.3754543153,0.5208248073,0.3748660148,0.5218106201,0.3698815324,0.5190586907
0.3080770414,0.4514969416,0.3319701006,0.4834388426,0.3058591214,0.4486248083,0.311584942,0.4560106658,0.303232969,0.4434105857,0.3033898939,0.4439210161,0.3058284463,0.448579815
0.3531721143,0.4793276649,0.3600225452,0.4911953425,0.3532070839,0.478772003,0.3487945206,0.4726136322,0.3345469591,0.4584184634,0.3115310657,0.4288912835,0.3573537941,0.4843928664
0.3541790821,0.503877665,0.3407726019,0.4881545349,0.3544848387,0.5041822167,0.3548937973,0.5055548822,0.3572499925,0.5095781434,0.3546564275,0.5041919032,0.3549540854,0.5048496241
0.3584899823,0.5053087405,0.364710775,0.5183915029,0.3574318386,0.504040807,0.3570896292,0.5032459891,0.3527412549,0.4998308113,0.349048935,0.4937133083,0.3576793648,0.5043898618
0.3204354057,0.4508809243,0.278587742,0.3976415764,0.3200095506,0.4504460399,0.3127314559,0.440903637,0.3522912843,0.4996745687,0.3199519547,0.4521343983,0.320272235,0.450815795
0.3852559376,0.5335136671,0.384156858,0.5326347518,0.3860435066,0.5345303631,0.3846411336,0.5328422299,0.3810597277,0.5259646459,0.3774322018,0.5232165306,0.3857469236,0.5341197031
0.365605604,0.51641548,0.3650378226,0.5157337826,0.3651840816,0.5159198703,0.3661059665,0.5171063306,0.3557845,0.5037380542,0.360069651,0.5074681144,0.3655030344,0.5163704762
0.3049520503,0.4303764305,0.2504303114,0.3614885523,0.3044153327,0.4298070129,0.3018322631,0.4271378932,0.3549256028,0.5019137156,0.3149835345,0.4458111858,0.3054757383,0.4313042099
0.3156285058,0.464741407,0.3313291667,0.4837633237,0.319628533,0.4694535632,0.3231769422,0.473869414,0.3089319421,0.4544161037,0.3149177985,0.4645546265,0.3195858791,0.4693909153
0.3830240191,0.5419506835,0.3513449585,0.5081011729,0.3758350683,0.5325341169,0.3686111995,0.526548788,0.3068972723,0.4491126305,0.345745752,0.5004733053,0.3715424168,0.526451706
0.1966951282,0.2848362312,0.2494718374,0.3564184393,0.1933805099,0.2802264523,0.1919934768,0.2767644339,0.2693911309,0.377779844,0.1890832508,0.2733867447,0.190912577,0.2766501866
0.3113769157,0.4488394538,0.3125122494,0.4504065089,0.3106208094,0.4479850083,0.3074310057,0.4434258139,0.3042003952,0.4386872964,0.3029687064,0.4372117508,0.3100984503,0.447231649
0.3751395582,0.5158311489,0.3716731549,0.5092431587,0.375007158,0.5156465598,0.3773075778,0.5186650613,0.3737768223,0.5163708664,0.3740116647,0.5173975898,0.3754508979,0.516256716
0.4138634299,0.5592128888,0.4143127829,0.5598112868,0.4168406911,0.5627864999,0.4109654434,0.5556575735,0.4035385675,0.5477692979,0.4113500286,0.5563715255,0.4155896713,0.5610974685
0.5014011363,0.6557967727,0.4886323059,0.6359153783,0.4977349226,0.6513949108,0.5073044588,0.6629844843,0.4593912631,0.607734191,0.496559127,0.6501048686,0.498699719,0.6526575577
0.3440312933,0.4883903677,0.3217169697,0.4578470616,0.3430346948,0.4870329889,0.3479694132,0.4947975344,0.3616513449,0.5060636621,0.3571821561,0.5058558944,0.3422116025,0.4858643808
0.3831599168,0.5244826628,0.3869254189,0.5289225908,0.3825125031,0.5234022258,0.3859923088,0.5279389669,0.3800984268,0.5231267953,0.3793897253,0.5229097625,0.3825466728,0.523448981
0.4228842487,0.5619732957,0.4299206349,0.5711289512,0.4233633169,0.5628708326,0.4213113661,0.5603561807,0.4209937245,0.5616084686,0.4184166533,0.556961644,0.4227659295,0.5620765929
0.317038722,0.4605860587,0.3246932459,0.4710560176,0.3154671554,0.4586523371,0.3166682682,0.4598359667,0.3048705437,0.4459476249,0.3093951183,0.4526201043,0.3148308827,0.457727271
0.3098971095,0.462901745,0.3105694292,0.4627156459,0.3125291824,0.4660849304,0.3137122084,0.4672203519,0.3063468571,0.4519676084,0.3095391763,0.4584925022,0.3130094222,0.4668011277
0.4102330133,0.5587157796,0.3939966735,0.5376280347,0.4107785651,0.5590749909,0.4084940951,0.5552648276,0.3821819418,0.5178558714,0.3894333911,0.5268346044,0.4129888297,0.5620831899
0.3690408584,0.5109132996,0.3715760185,0.5133565008,0.3690772144,0.5108985655,0.3707688227,0.5129555844,0.3606736002,0.5055349607,0.3569846149,0.4983423983,0.3694828227,0.5114600326
0.3829252561,0.521276297,0.3807696615,0.5143226486,0.3838505852,0.5226336231,0.3822816007,0.5214243085,0.3576602417,0.4930898507,0.3633564739,0.4973077695,0.3840899666,0.5229595539
0.4010977667,0.556779352,0.4138402203,0.5726137317,0.4006137969,0.5567103923,0.3955073132,0.5503855568,0.376036755,0.5266662065,0.3985287789,0.5543725445,0.4002868117,0.5562559995
0.4774557133,0.6508132585,0.4346217496,0.5973787799,0.4772338945,0.6503065216,0.4706572079,0.6417030841,0.4063710482,0.566581388,0.417118568,0.5795773677,0.4756530363,0.6481523527
0.3320377118,0.4715363397,0.3268791606,0.46390262,0.3318176059,0.4715412406,0.3288834086,0.467167719,0.3389587933,0.484329381,0.3344267785,0.4773361141,0.3313065267,0.4708149534
0.3091564066,0.458873858,0.3136807984,0.4667378349,0.309266283,0.458911592,0.310421829,0.4599735705,0.3015161963,0.447766302,0.304296179,0.451919598,0.3089223728,0.4584012732
0.4873043057,0.6444410555,0.4883111975,0.6433779795,0.4896803152,0.6467552132,0.4892332532,0.6475437788,0.4561360917,0.6072086224,0.4918553785,0.6518287453,0.4896517068,0.646717428
0.3280109191,0.4705749025,0.3320860992,0.4757168616,0.3268903707,0.4693371623,0.3274299605,0.4695565038,0.3326914193,0.4781270038,0.3298135054,0.4746508088,0.3264708836,0.4687348781
0.3535672252,0.5031074872,0.3518186365,0.5040759242,0.3532494619,0.5027711918,0.3536790916,0.5030924689,0.3559327129,0.507066723,0.3562297079,0.5056891385,0.3530013908,0.5024181183
0.3274142487,0.4941654078,0.3378282609,0.5057738276,0.3281993194,0.4946915037,0.3371814761,0.5064977624,0.3330256248,0.4986929801,0.3275462235,0.4938162946,0.32960451,0.4968095332
0.3945129559,0.5395161069,0.3987600649,0.5452217733,0.3939680499,0.538857191,0.3954648465,0.5406833711,0.3930181106,0.5361508978,0.3888744276,0.5313349238,0.3934647103,0.5381687389
0.4145201777,0.57694654,0.3735672944,0.5312284583,0.4028413692,0.5611303699,0.3961085009,0.5557699322,0.311079857,0.4456277361,0.3599739994,0.5130718545,0.4005747997,0.5579731942
0.4298147853,0.5741870319,0.446548288,0.595271481,0.4302863674,0.5745880513,0.4243637053,0.568358296,0.4216202867,0.563863841,0.4237173102,0.5678752668,0.4300342647,0.5742514029
0.16789549,0.2702275389,0.2028197728,0.3142079455,0.1639232102,0.2603033597,0.1730289034,0.2726332001,0.2521648122,0.3761975196,0.1931835374,0.293949907,0.1737033316,0.2758337928
0.3593414233,0.4993619304,0.3575466424,0.4960059245,0.3593004331,0.4993358484,0.3603910625,0.5002961378,0.3598194735,0.501630795,0.3624135755,0.5034666508,0.3596833293,0.4998679764
0.3483062415,0.4933525172,0.327513844,0.4667982402,0.3466085663,0.4909872679,0.351569909,0.4993250928,0.3682024345,0.5148976058,0.3684260236,0.5178755966,0.3466702808,0.4910746893
0.4522324575,0.60661777,0.4453498104,0.5961139113,0.4524059276,0.6066801476,0.4499854937,0.6034436553,0.4372645857,0.5840908065,0.4732388322,0.6309364423,0.4534800831,0.6081205992
0.3960012521,0.5476437176,0.4080433007,0.5623604529,0.3948419669,0.5465501654,0.3915931073,0.542769929,0.3764628214,0.5249685658,0.3861595738,0.5387366352,0.3944305447,0.5459806643
0.3573242594,0.4965568882,0.3493874586,0.4854434366,0.3568218743,0.4960476388,0.3560656727,0.4945745849,0.3536258602,0.4930862829,0.3587400868,0.4982891912,0.3570897361,0.4964200156
0.1809832923,0.2595404615,0.2327576746,0.3258500906,0.1790601046,0.2552130558,0.169100548,0.2401879486,0.2751999848,0.3800379017,0.2157977572,0.3019031213,0.1808247807,0.2577282357
0.321425446,0.4770795635,0.3001020237,0.4468861388,0.3217753364,0.4775412597,0.3238553167,0.4814116117,0.3337157743,0.489579909,0.3303543295,0.4876638563,0.3211425757,0.4766021903
0.3718447976,0.5297547838,0.3741406725,0.5312204382,0.370764821,0.5289063524,0.3671272638,0.5242011234,0.3574694319,0.5075433376,0.3781823835,0.5369169089,0.370323937,0.5282774191
0.3995686299,0.5379870743,0.3996520368,0.5367821868,0.3987851072,0.5367629065,0.4004575226,0.5398429943,0.3904773434,0.530428105,0.3991672076,0.5375774992,0.3984915716,0.5363678089
0.4375917296,0.5947728359,0.4402217118,0.5971420027,0.4399264572,0.59772163,0.4325021685,0.5886974837,0.4226984318,0.5721297796,0.4540163457,0.6135310315,0.4398780315,0.5976558347
0.3159126302,0.462020653,0.295201884,0.4313208853,0.3173354937,0.4641142307,0.3171939161,0.4641142993,0.3329434564,0.4804453803,0.3256403977,0.4743251895,0.3168495931,0.4634035841
0.279717033,0.4035796826,0.2531396173,0.3601470575,0.2803187894,0.4031100121,0.2764852054,0.3980933522,0.3399135668,0.470893655,0.2917992228,0.4122186503,0.2866829382,0.4122619213
0.3125784653,0.4610115937,0.3333148366,0.4865677943,0.3170012832,0.4662215935,0.3211079478,0.4713843186,0.3070512378,0.4511444225,0.3162423006,0.466064462,0.3169800936,0.4661904295
0.31137563,0.4369152466,0.3200147203,0.4513091421,0.3102032076,0.4351564265,0.3076536241,0.4316025544,0.3065948806,0.4374413763,0.3220409968,0.4566498149,0.3115396811,0.4370312461
0.4297570455,0.5729679748,0.4271573611,0.5687449006,0.4307919115,0.5741588779,0.4268316657,0.5691823613,0.4137176709,0.5567131878,0.4247477995,0.5661388517,0.4301430561,0.5732940842
0.2976004813,0.4216627401,0.310988952,0.433611916,0.292069605,0.4136136183,0.2957041242,0.4184997493,0.2780076408,0.3994570025,0.2822399592,0.3994170131,0.2895385238,0.4100292342
0.333188023,0.4661146228,0.3342805386,0.4618048275,0.3322132705,0.4645350363,0.3315083463,0.4637171796,0.3189574419,0.4528043854,0.3224636064,0.4508041143,0.332126204,0.4644132909
0.3386158837,0.4966614655,0.3164074403,0.4637651972,0.3380101551,0.4959244164,0.3375704092,0.4957007611,0.3442628586,0.4987203214,0.3463269087,0.5059827127,0.3369966534,0.4944374191
0.4151006419,0.5577811625,0.417315377,0.5614922636,0.4166673513,0.5595526845,0.4132636737,0.5552681698,0.4066388989,0.5496569824,0.4065448006,0.5488123259,0.4165613267,0.5594103014
0.3783773636,0.5234129732,0.3881827256,0.5348720281,0.3777126167,0.5224569211,0.3827639497,0.5288293329,0.3828065934,0.5279721017,0.3840008372,0.5307099748,0.3781380123,0.5230453337
0.3832571487,0.5256684844,0.3691279165,0.506802244,0.3835909655,0.525827455,0.3828995194,0.5241860827,0.367279961,0.5035529373,0.3643737022,0.5028126274,0.3845898005,0.5271966605
0.3918793853,0.5309566398,0.3842730424,0.5276716709,0.3875072781,0.5245342619,0.3872140927,0.5253532929,0.3272293121,0.4615648549,0.3762056204,0.5217463997,0.3914009548,0.5298047871
0.3228575856,0.4745646654,0.3229310971,0.4758831485,0.3233025952,0.4750408814,0.325128005,0.4771355893,0.3103586723,0.4589151861,0.3165000981,0.4667055439,0.3230951603,0.4747360893
0.3869534908,0.5190571927,0.3805248621,0.5105729527,0.3898106182,0.5221697093,0.3849983136,0.5149960336,0.358770608,0.4877941987,0.3575916475,0.4857002241,0.3931983625,0.5267077526
0.4023772864,0.5392115938,0.3873070857,0.5167527966,0.4047195525,0.5418933345,0.4067913826,0.5454121051,0.3974353976,0.5374760319,0.3994116533,0.5356588564,0.4046854565,0.5418476821
0.3439702054,0.4919889193,0.3541621647,0.5043873854,0.3457434732,0.493980654,0.3499094178,0.4990692545,0.3489400125,0.4971701817,0.3454640641,0.4929246321,0.3457786056,0.4940308493
0.3768553146,0.5169140084,0.3699773196,0.5053637421,0.3767236433,0.5167618865,0.3787290255,0.5195114928,0.3750688909,0.5176128934,0.3775750609,0.5198155014,0.3773454399,0.5176148215
0.4062059144,0.5641256063,0.384732371,0.536563971,0.406943357,0.5648483145,0.4006926758,0.5565332766,0.3828577797,0.5368747407,0.4049320659,0.5643944785,0.4080838464,0.5664313444
0.3797629332,0.5253769682,0.3824300842,0.5307636489,0.3801146901,0.5257795331,0.3809416106,0.5264546147,0.3747041746,0.5192664046,0.3715467929,0.5179229545,0.3797732767,0.5253072857
0.3627713898,0.5090596642,0.3469452351,0.4898424761,0.3626549802,0.5088193708,0.3641562299,0.5116244886,0.3735322489,0.5201373334,0.3758400825,0.5238837192,0.363183115,0.5095603649
0.2638175805,0.365608727,0.2774107841,0.3809117149,0.2668407079,0.3684277421,0.2455336122,0.3401615189,0.3160872414,0.4338762936,0.2741976331,0.3795973057,0.2700205553,0.3728181666
0.3604932644,0.5135941895,0.3440918277,0.4907891952,0.3607685622,0.5138960332,0.3605077825,0.5142424134,0.3559667028,0.5053719986,0.3547404283,0.5021731201,0.3605146653,0.5135343702
0.380281484,0.5253923178,0.3828896584,0.5315860878,0.3807015107,0.5258695228,0.3807289052,0.5255216738,0.376944736,0.5219498299,0.3792041079,0.5255657417,0.3804462768,0.5255169639
0.4273491952,0.5752745122,0.4321563612,0.5804542257,0.4316097792,0.5804485036,0.4219078647,0.5689589937,0.4024213952,0.5430791976,0.4154148088,0.5592078935,0.4297230019,0.5779110795
0.3049287473,0.4341027067,0.312685791,0.441360207,0.3050953943,0.4343440686,0.3027482473,0.4306103018,0.3018942862,0.4342031579,0.3038582488,0.4325749791,0.3037201947,0.4323862881
0.3220525059,0.4618324116,0.3229426071,0.4630525606,0.3203057955,0.4598528363,0.31831582,0.4568533416,0.3321357317,0.4754973935,0.3316658227,0.474569175,0.3198774965,0.459237941
0.2970786074,0.4600305598,0.2740888378,0.4210206808,0.2942444589,0.455588816,0.2968433121,0.4573807052,0.2970889071,0.4476673987,0.2852655994,0.4369086701,0.2967440331,0.4594589927
0.3148199702,0.4448384475,0.2946866478,0.4146214452,0.3154753994,0.4456389154,0.3096191745,0.4373465792,0.3270573166,0.4661571115,0.3297202808,0.4668744727,0.3149580963,0.4449081758
0.2835524503,0.4145034831,0.3092200404,0.4511782876,0.2827224859,0.4133904082,0.2817020639,0.4114871706,0.2799089627,0.4083938581,0.2773195507,0.4035128217,0.2830737328,0.4139039934
0.4104664926,0.5518138482,0.427241326,0.5734243612,0.408999766,0.5500153081,0.4099171735,0.5515056264,0.4118432519,0.5524705634,0.4088311024,0.548360245,0.4092688412,0.5503771554
0.4643433103,0.6169606782,0.4841340122,0.6411260628,0.4720207615,0.625703428,0.4602463354,0.6135709385,0.4371418559,0.5841041055,0.4453739628,0.5958013695,0.4687659298,0.6213888734
0.4073689994,0.5511078106,0.3973434388,0.5374678755,0.4069215328,0.5506221057,0.4070649307,0.550427111,0.4032577542,0.5482399156,0.416099806,0.5629955606,0.4067253303,0.5503566162
0.3619336838,0.5034640946,0.3429274617,0.4809274316,0.3590722392,0.4998068526,0.364691331,0.5083097026,0.3814039889,0.5250539165,0.3823689168,0.5250920475,0.3592378477,0.5000373696
0.2149738633,0.333976258,0.2363493887,0.3647605763,0.2173238082,0.3366395465,0.2270467971,0.3510597621,0.2580677718,0.3872737523,0.2160013895,0.3300067151,0.2202935915,0.3412398087
0.3704133742,0.5115055442,0.3695275646,0.5086621546,0.3705453371,0.5116583813,0.3720575191,0.5135827821,0.3576676929,0.5019211893,0.3534220792,0.4951895744,0.3710221087,0.5123167195
0.2575509982,0.3885819092,0.240608642,0.3567871585,0.2570230928,0.3873238886,0.2534587751,0.3812696992,0.3237405482,0.4681126972,0.2907814556,0.4261719061,0.2597072441,0.391368801
0.2749330357,0.38979676,0.2645794982,0.370606274,0.2784378371,0.3937144601,0.2628103941,0.3719698261,0.3303710721,0.4564733602,0.2688478754,0.3775906777,0.2815350245,0.3980939204
0.395554352,0.5370228143,0.4001523208,0.5458615977,0.3949952338,0.5362806466,0.3953423625,0.5364498469,0.3876816885,0.528616343,0.3915476969,0.5321637671,0.3949219393,0.5361811354
0.3245478349,0.4796583874,0.3124180658,0.4635668854,0.324931523,0.4802245449,0.325821998,0.4816739465,0.3205412237,0.4688221775,0.3177877643,0.4662918384,0.3247497027,0.479955828
0.3194328452,0.43740496,0.338451503,0.4659842074,0.3178910862,0.435026625,0.3151009718,0.4311450139,0.3249427369,0.4461026436,0.3074419464,0.4270286604,0.3203461024,0.438386258
0.3318365575,0.4904031244,0.3246937786,0.4778441988,0.3316715434,0.49029518,0.3314177731,0.4898188629,0.3187106562,0.4703336446,0.3278677784,0.4848968362,0.3316017816,0.4901920542
0.4206637983,0.5807512352,0.4336202454,0.5975392358,0.4217000425,0.5824406317,0.4184719052,0.5787757757,0.3875011573,0.5436087078,0.4076262742,0.5661816378,0.4215610304,0.582248632
0.3062003717,0.4360989947,0.2838011271,0.4103073807,0.3077444596,0.4382423908,0.3019497851,0.4315401424,0.3517866362,0.5002274591,0.3327680639,0.4720095502,0.3052122222,0.4346363672
0.3809283641,0.5211129277,0.3716387101,0.5144063778,0.3784265139,0.5179311019,0.3796643449,0.5195889637,0.3947008357,0.5382730407,0.3941644366,0.5332427674,0.3793376959,0.5191781854
0.4143927063,0.5524019835,0.4161059356,0.5542243039,0.415047217,0.5533666075,0.4158453032,0.5542402228,0.4141349044,0.5542922768,0.4039119536,0.5397536981,0.4138390488,0.551755803
0.4136924473,0.5545590078,0.4185210002,0.5601572706,0.41270155,0.5536061508,0.4146705974,0.5559615912,0.4099328349,0.5521659393,0.4086199788,0.5488294825,0.4124599902,0.5532821175
0.3952416527,0.5410029534,0.419230535,0.5716613332,0.3928304536,0.5380572615,0.3949083516,0.5410704092,0.4000099013,0.544781515,0.3919614661,0.5365496283,0.3934765724,0.5389422461
0.3967991142,0.5480960791,0.403274378,0.5556198318,0.3969062569,0.548524924,0.3926085655,0.5434349708,0.387462565,0.5332887917,0.3964251836,0.546980017,0.3963705284,0.5477845466
0.4659868078,0.6262476411,0.4624001373,0.6205003941,0.4680670734,0.6285710188,0.4657123725,0.6260066986,0.4441149176,0.598405274,0.4746945465,0.6382101919,0.4685243857,0.6291851472
0.3492695247,0.4998312249,0.3765719387,0.5347807656,0.3465248939,0.4963937187,0.3528216337,0.5043957411,0.3501727962,0.4989323134,0.3415773265,0.4902859179,0.3474338557,0.4976957981
0.3317857382,0.4838606349,0.3201796825,0.4722222341,0.331497341,0.4837702445,0.3312791401,0.4847576055,0.3376588062,0.4893222936,0.3314457556,0.4848220115,0.3293925235,0.4806985816
0.4022250845,0.5688869292,0.3565167204,0.5171210166,0.389128141,0.5516001851,0.3806696127,0.5446222597,0.309459052,0.452229802,0.3109806786,0.4520561893,0.3821194298,0.5416651381
0.3878145043,0.5276284677,0.3722793992,0.5064433622,0.3859190664,0.5252281052,0.3902512898,0.530271391,0.387889019,0.527877324,0.4011829379,0.5433547243,0.3850977885,0.5241103624
0.3001953154,0.4495267003,0.3477023369,0.513229205,0.3041217689,0.4537758618,0.3223603631,0.4788663601,0.3285673458,0.4844087812,0.3223401968,0.4799594269,0.3048276372,0.4548290781
0.3538717655,0.5032520809,0.3885495137,0.5486036245,0.3508604448,0.499507574,0.3595962743,0.5106825446,0.3641441164,0.515414286,0.3415150731,0.4869282531,0.3521467844,0.50133889
0.5200316144,0.679661837,0.4532784232,0.6005926063,0.4916137849,0.6430595701,0.487303894,0.6385480997,0.3862282358,0.5170934361,0.4359340696,0.5808178501,0.4887955664,0.6393731755
0.1980294855,0.2954326716,0.2333569652,0.3404473941,0.1951670145,0.2906180536,0.1891669298,0.279631583,0.2415641435,0.3518884146,0.1676398729,0.2475501629,0.1927807842,0.2870647811
0.3828992435,0.5270715161,0.3896620632,0.534916954,0.382445165,0.5264090577,0.3873269099,0.5324465296,0.3818828096,0.5247847812,0.3748082759,0.5180379327,0.382519757,0.5265117284
0.3676890842,0.5324011891,0.363398122,0.524917401,0.3663281682,0.5311171641,0.3627217239,0.5262814981,0.3356610742,0.4894723211,0.3601945212,0.5267474321,0.3650409984,0.5292509741
0.4111745581,0.5646475914,0.4136837398,0.5668398022,0.4130577809,0.5672771602,0.4051732804,0.5575791545,0.3971024865,0.5417404155,0.4175062065,0.5656922539,0.4126015511,0.5666505923
0.398405101,0.5371925959,0.3961045913,0.532258841,0.3992963128,0.5380325838,0.4039816408,0.5442698452,0.3961932365,0.536515607,0.3983334303,0.5354184993,0.3985680616,0.5370513004
0.2643054817,0.3959453653,0.3005747153,0.4511416975,0.2638519533,0.3965201004,0.2753285084,0.4135023866,0.311401267,0.4561455928,0.2758094558,0.4093706576,0.2612246805,0.3925718011
0.4450841783,0.5986807482,0.4623401251,0.6200129658,0.4500776416,0.6046951865,0.4397635524,0.5931965608,0.4359938547,0.5846492508,0.4483185566,0.6005952861,0.4479906464,0.6018912349
0.3751815856,0.5213369358,0.3750784449,0.524671057,0.3759072766,0.5222258577,0.3749281322,0.5206943819,0.3742597382,0.5203964501,0.3752873348,0.5223121776,0.3756137964,0.521818143
0.2925379004,0.4185213642,0.264181675,0.3833520756,0.2932467772,0.4193561296,0.2875103073,0.412669353,0.3023295327,0.4332709016,0.290301953,0.4155054514,0.2921467555,0.4177830488
0.3260809719,0.457716534,0.2900140921,0.4135203402,0.3254465395,0.4569850098,0.3199460117,0.4500579191,0.3600204602,0.5080166346,0.327297265,0.4608896231,0.3254488404,0.4569882407
0.3838307565,0.51830605,0.368857419,0.5011241872,0.3820061544,0.5157517743,0.3856523858,0.519565405,0.4273013652,0.5731607527,0.4085308076,0.549296338,0.3850505476,0.5198620516
0.5222282594,0.6726050233,0.4619868082,0.6027569534,0.4868766304,0.6282162324,0.4857451091,0.6283769581,0.3827531396,0.5076210473,0.4644084246,0.6081545525,0.4806291117,0.6201550678
0.3675218305,0.5051145918,0.3383954898,0.4643517754,0.3679231948,0.5059873032,0.3644151594,0.5010950781,0.3565805221,0.4983830755,0.356070432,0.4943220888,0.3693078835,0.5078915997
0.3800433726,0.5277928802,0.3778995575,0.5263654227,0.3808369047,0.5287771975,0.3800051416,0.5276681761,0.3785256943,0.5244642504,0.3781786766,0.525050064,0.3806312388,0.5284916383
0.3341342395,0.4825634059,0.3116941073,0.4504337934,0.3347178765,0.4833451114,0.3367638912,0.4868642969,0.3472880518,0.4975298625,0.3425841924,0.4908307495,0.3334714861,0.4815452771
0.4212207599,0.5492960913,0.4243170109,0.5637614891,0.4068428772,0.5313445769,0.4225624279,0.554444217,0.3473094822,0.4668483563,0.3828129691,0.5125923246,0.4029042722,0.5262006834
0.4097285575,0.5439189466,0.4035431917,0.5385620761,0.4098355987,0.5439558238,0.4108720968,0.5445377745,0.4290275101,0.5708727373,0.4186578461,0.5541585072,0.4105900555,0.5449571795
0.4168897804,0.556463284,0.4050158862,0.5394380465,0.4131855835,0.5518075852,0.4188899975,0.5582142029,0.4059670475,0.5480071609,0.4194507174,0.5633889418,0.4133286269,0.551998619
0.4046077672,0.5426380207,0.4070105023,0.5448904473,0.40536834,0.543483182,0.4084459848,0.5472000616,0.4119910018,0.5531742323,0.405952626,0.544329513,0.4044692986,0.5422778242
0.3764281645,0.5219816783,0.3793537231,0.5287185655,0.3768150229,0.5224190441,0.3769214802,0.52215316,0.3747330863,0.5197151174,0.3749146226,0.5219352365,0.3766298795,0.5221623599
0.3087964527,0.4405976817,0.3070277893,0.4363495184,0.3099590095,0.4422589169,0.3054019989,0.4355816129,0.3010243659,0.4318480109,0.3064123772,0.4390625517,0.3089805699,0.4408628497
0.3103075731,0.4556334897,0.3433867744,0.4986325725,0.3127126238,0.4582572604,0.3206384378,0.4685307514,0.3073631275,0.4498313522,0.3099781842,0.4551140807,0.313079235,0.458794502
0.3965779875,0.5600741991,0.389069467,0.5493782273,0.3962379103,0.5600267376,0.3904648619,0.5525682362,0.3685275663,0.52439417,0.3820182245,0.546049898,0.3953191341,0.5587281763
0.233596778,0.3307121441,0.3062724143,0.4430735616,0.2502936555,0.3556130897,0.2723486774,0.3896572645,0.2649739879,0.3821323123,0.2391108865,0.343926287,0.2443407181,0.3471552546
0.3554133636,0.4984967453,0.359129172,0.5030741521,0.3559584765,0.4992856695,0.3571444416,0.5003313147,0.3533527808,0.4975445962,0.3556527017,0.5006930234,0.3560601318,0.4994282565
0.4016372682,0.5382039198,0.389993015,0.5204759698,0.405325928,0.5423547725,0.4085808762,0.5469453641,0.4052405147,0.5463641697,0.4062760664,0.5441820885,0.4048482804,0.5417156462
0.2777914817,0.4012126543,0.303812158,0.4353253797,0.2779862949,0.4017158924,0.2771198715,0.3997294041,0.2790101995,0.4049080344,0.2776475102,0.4010532631,0.2763724292,0.3993837074
0.2870757859,0.4384747372,0.3078175331,0.4630859889,0.2936101882,0.4462986921,0.2959165983,0.4485730297,0.3011380821,0.4505915499,0.3037132403,0.4582094207,0.2949037077,0.4482648911
0.2497646314,0.3880867696,0.2356863002,0.3607399565,0.2475379836,0.383797636,0.249744499,0.3861549379,0.296226781,0.4423036615,0.2728942043,0.4132603319,0.2536846005,0.3933277169
0.4002491135,0.5430586097,0.4016050084,0.546871409,0.4010276457,0.5440189076,0.3999852876,0.5423330504,0.3954249053,0.5379165377,0.3988500589,0.542127575,0.4008134058,0.5437282779
0.4121658034,0.5601758894,0.4072890006,0.5530397488,0.4142693439,0.5628474838,0.4092071113,0.5565296494,0.4018343745,0.5470253113,0.4116071955,0.5590978792,0.4140056515,0.5624892179
0.4016322719,0.5484379422,0.407634408,0.5558438131,0.4016162334,0.5484521639,0.3999794475,0.546732676,0.3999078765,0.5456575293,0.403974416,0.5517504197,0.4007018604,0.5472034847
0.3607630934,0.5180188193,0.3532323926,0.5062501468,0.3603819553,0.517815682,0.3578795012,0.5147985297,0.3487943623,0.5008816373,0.3525061766,0.5086199424,0.3601148288,0.5174318607
0.3456636222,0.4972883315,0.3743842974,0.5343011037,0.3430603914,0.4940621904,0.3497473864,0.5025993739,0.3512673542,0.5043162134,0.3487464669,0.501975326,0.3437486348,0.4950533717
0.3473442309,0.4979681283,0.3266278948,0.4691835355,0.3474441192,0.4979728612,0.3495289214,0.5017293879,0.3503081672,0.5009941054,0.351492181,0.5006885303,0.3466882053,0.4968894508
0.357720424,0.4969250523,0.3615444339,0.4992631637,0.3588881233,0.4984083839,0.3575584649,0.4967488312,0.353571809,0.4949416101,0.3555520572,0.4956219094,0.3597222101,0.4995667278
0.3740133257,0.5198612357,0.3769556605,0.526810516,0.3743864892,0.5202895161,0.3743984683,0.5198970663,0.3734481347,0.5190490607,0.3752323549,0.5225238267,0.3742352324,0.5200793128
0.4037440439,0.5552225738,0.3972432097,0.5457937045,0.4050038875,0.5568831598,0.4001083967,0.550817697,0.3896654396,0.5359128462,0.3950702984,0.5453550663,0.4050956836,0.5570093802
0.4054527621,0.5468447994,0.3995548401,0.5410484133,0.4056210184,0.5469459658,0.4040884486,0.5444734977,0.4043517831,0.5472064148,0.4085120623,0.5490369545,0.406001164,0.5474585603
0.3450312535,0.499620862,0.3402147445,0.4922053909,0.3448745967,0.4994844357,0.3455884299,0.5004749873,0.3421184464,0.4940706325,0.3415574397,0.4934431476,0.3454282322,0.50028627
0.2982112456,0.431290811,0.3319474307,0.4784743736,0.2970428507,0.4299909551,0.2960644831,0.4278059289,0.2973842662,0.4311024498,0.299427182,0.4316677294,0.2962311488,0.428815958
0.3704518717,0.509096866,0.3555766898,0.4881162682,0.3696671997,0.5082457442,0.370353193,0.5087122011,0.3785370457,0.5187494808,0.3749944553,0.5133165805,0.3703320543,0.5091598353
0.3607737901,0.5300106423,0.345696361,0.5075210374,0.3597508627,0.5291081008,0.3548335813,0.5221597371,0.332936314,0.4912203994,0.3550409135,0.5230116299,0.3585555295,0.5273500495
0.3898193417,0.5481733628,0.3903873,0.5477251392,0.3894880871,0.5482455766,0.3837567884,0.5409348129,0.370457918,0.521857397,0.3862016339,0.5425940166,0.3890145508,0.5475790244
0.3483302043,0.5043316853,0.3258775254,0.4769643801,0.3479049688,0.5039129688,0.3391063003,0.4933090028,0.315976419,0.4632867933,0.343286712,0.4990230534,0.3471479907,0.5028165457
0.3732111018,0.5254653569,0.3771649157,0.5296568865,0.3719670962,0.5241324491,0.3715961668,0.5238229999,0.3594400343,0.5087248306,0.3665760385,0.5149526235,0.372227227,0.5244989949
0.2834689659,0.4345266177,0.3234731533,0.4870175613,0.289422142,0.4409275765,0.3038147592,0.4606417181,0.3258004387,0.4863243633,0.3210770385,0.4848069609,0.2917911871,0.444536759
0.3240874359,0.4681446212,0.3448582473,0.495028195,0.3230860011,0.466778318,0.3283575664,0.4733500371,0.3336813161,0.4785291745,0.3299161446,0.4739866429,0.3235837569,0.4674974504
0.2689830653,0.3970989966,0.2844563776,0.4233201209,0.2718086207,0.4018747878,0.2696177178,0.400225506,0.297452949,0.4361380995,0.2756575192,0.4091458337,0.2690830779,0.3978450152
0.3337611516,0.4505516173,0.3426641061,0.4624581117,0.3371545985,0.4542057268,0.3251940303,0.4384277014,0.3442486029,0.4687545276,0.3361505477,0.4572346308,0.3404796095,0.4586850934
0.2714828583,0.4058987021,0.2889339112,0.431809236,0.2727792694,0.407852488,0.2679750426,0.4014627181,0.2764591458,0.4101582168,0.2719040016,0.404007944,0.2722589772,0.4070745606
0.3942317284,0.5334312483,0.3982749119,0.5378407323,0.3923868665,0.5308912061,0.3937466297,0.5335127347,0.379525613,0.5193472611,0.3862104081,0.5252427883,0.3922068615,0.530647663
0.345168827,0.5024804828,0.3387333674,0.4917659315,0.3448593526,0.502289512,0.3440370326,0.5012923221,0.3423946963,0.495091324,0.3459337532,0.5022323286,0.3448316147,0.5022491116
0.3549722293,0.4934121439,0.3691901074,0.5093535124,0.3556105701,0.4941583376,0.3540584931,0.492336849,0.3515205061,0.4915766293,0.3530994182,0.49103935,0.3562659823,0.4950691018
0.4316714501,0.5782301334,0.420030981,0.5616299252,0.4296673385,0.5756049786,0.4319963794,0.5776922311,0.4008563255,0.5376341135,0.4260970392,0.5674129284,0.4310910465,0.5775122528
0.303439472,0.4311853634,0.2931076777,0.4141690847,0.3033660683,0.4309945069,0.2992344966,0.4249557483,0.3002116436,0.4300406725,0.3024638148,0.4316109157,0.3024164331,0.4296453527
0.1751902223,0.2806069379,0.2077872202,0.3227625342,0.1720359557,0.2725756796,0.1835297777,0.2889823444,0.2521961562,0.3764507932,0.1901574493,0.2895785792,0.1817237306,0.2879250977
0.2796151361,0.4283157811,0.2846306944,0.4376205378,0.2823222996,0.4320098731,0.2772525105,0.4238694748,0.2900701641,0.4378527119,0.2811334319,0.4274991754,0.2826432367,0.4325009714
0.4082217276,0.5504556803,0.4278369512,0.5757515554,0.4066198629,0.5484558246,0.4075825316,0.5500983524,0.4137001893,0.5559690958,0.4077638224,0.5485340991,0.4070530936,0.5490401736
0.3165873117,0.4713360937,0.3181795865,0.4710448433,0.3185372337,0.4737044707,0.3197271139,0.4749106699,0.3143121437,0.4634158185,0.3152994062,0.466685139,0.3190101773,0.4744077966
0.3403838542,0.4889451962,0.3471699477,0.4980378573,0.3421004496,0.4909326996,0.3452725849,0.4945952644,0.3384746624,0.4858217319,0.3403143283,0.4892819101,0.3418637217,0.4905929821
0.3411630881,0.4817485658,0.3159103071,0.4487050447,0.3366029194,0.4756185292,0.3473426262,0.4924993265,0.3717308349,0.5159555059,0.372183782,0.5190907185,0.3368638551,0.4759872302
0.3060452017,0.4425588453,0.3198019016,0.4643546918,0.3048915081,0.4418612715,0.3056375439,0.4430187636,0.3204727074,0.4639710905,0.3020144421,0.4406787672,0.3027127129,0.4387036722
0.346902361,0.4876997896,0.3420594347,0.4801026106,0.3467117689,0.4877292548,0.3459075461,0.4861486038,0.3477579666,0.4901659796,0.3440704063,0.4861605092,0.3466123287,0.4875893694
0.3323017262,0.4860102316,0.3193309871,0.4700974491,0.3324094559,0.4862319473,0.3331503913,0.4878573615,0.3371897395,0.4910884647,0.3366185989,0.4920670171,0.3319630693,0.4855789953
0.3640858601,0.4978490822,0.364884385,0.5040782294,0.3621343948,0.4946328981,0.3606916578,0.4932997094,0.3232998356,0.4567423649,0.3630891508,0.5058495558,0.3662027033,0.500189728
0.3229046147,0.4821918223,0.3282575582,0.4858970038,0.3227018151,0.4818657278,0.3232362195,0.4820426491,0.3117645834,0.4614423125,0.3211622091,0.4782548929,0.3226417353,0.4817760153
0.2178196707,0.3082140617,0.2514623342,0.3501808951,0.2164026087,0.30515801,0.2004433166,0.2824556568,0.2828332915,0.3907499968,0.2467287647,0.3454270897,0.2171454086,0.306205462
0.4118341555,0.5568333211,0.4060312703,0.5489619132,0.4136314487,0.5591041833,0.409919987,0.5543035597,0.401932771,0.5460720083,0.4114828991,0.556082351,0.4131708645,0.5584816132
0.3861382517,0.527832974,0.3750281535,0.5161620135,0.385317825,0.5268201523,0.3859967315,0.5274123733,0.3921348725,0.5361852198,0.389620963,0.5322907783,0.3857250274,0.5273768939
0.3951370023,0.5397560382,0.3975932552,0.543944181,0.3953467573,0.540015821,0.3955908716,0.540147266,0.3916397089,0.534214017,0.3904822408,0.5341682682,0.3947486853,0.5391988968
0.4308083679,0.5848209872,0.4147674791,0.5634895938,0.4308310796,0.5846488524,0.4285827397,0.5810171709,0.39932927,0.5419997494,0.4168220501,0.5637989487,0.4323799159,0.5867506632
0.3539330036,0.5022624852,0.3689433067,0.5204414219,0.3532739551,0.5012672221,0.3582294134,0.5075540217,0.3524379295,0.4999756122,0.3559059694,0.503186147,0.3539205163,0.5021846402
0.3962474491,0.5524094953,0.3960898929,0.551069283,0.3966527533,0.5533171171,0.3903408094,0.5454010035,0.3651069892,0.5131094785,0.3943178583,0.5500031579,0.3964163095,0.5529872859
0.355442373,0.5107633757,0.3413720976,0.4907227091,0.3556428713,0.5110813638,0.3547943112,0.510514062,0.3493566564,0.4992621015,0.3488134675,0.4998174626,0.3555797649,0.510990676
0.4547940191,0.6041888011,0.4590461914,0.6075477238,0.4584699857,0.6083957105,0.4497512492,0.5984556299,0.4294668212,0.5725939032,0.4527374127,0.5983658419,0.4573309935,0.6068842529
0.4017589907,0.5435395532,0.4038470192,0.5486113507,0.402333179,0.5443112723,0.4015363299,0.5428300299,0.3952739114,0.536878425,0.3974914706,0.5407514757,0.4024071158,0.5444113004
0.3269279369,0.4763101547,0.3106169098,0.4552486395,0.3269731268,0.4763768634,0.3219165035,0.4701641276,0.315548461,0.4642492087,0.3270771521,0.4776337127,0.3276108075,0.4773059194
0.3061570212,0.4404831479,0.3020942368,0.4350510646,0.3059259431,0.4402574047,0.3006298689,0.4329831617,0.3025615821,0.4353392237,0.3020878186,0.4347946151,0.3053885489,0.4394840417
0.4821805759,0.6314748389,0.44507318,0.5874658518,0.475810315,0.6229978176,0.4708456695,0.6163175778,0.4372874403,0.579597652,0.4805186261,0.6316589869,0.4770298409,0.6245945924
0.3750194241,0.5111424853,0.3783219267,0.5168774878,0.3773436267,0.5133208982,0.3805000087,0.5170050141,0.4263663812,0.5733403816,0.4079574336,0.5517099606,0.378290695,0.5146092465
0.3414706027,0.4907639566,0.363929333,0.518812835,0.340542987,0.4894131161,0.3462483986,0.4966561952,0.3425269346,0.4890158421,0.3354190401,0.4811765662,0.3413027535,0.4905050185
0.2190012972,0.318286516,0.2375587243,0.3436483528,0.2195945617,0.3192794471,0.229465256,0.3330426948,0.2580567702,0.3751581548,0.2451514358,0.3554281432,0.2212984108,0.3217567579
0.4456105887,0.5790861616,0.4351402581,0.5667457199,0.4504904058,0.5846646532,0.4429705874,0.5748917974,0.3998174551,0.529205646,0.4361464509,0.5648353056,0.4537479834,0.588892469
0.4061496054,0.5485718502,0.4090966776,0.5533318225,0.4062366599,0.5487604109,0.4063329563,0.5485965456,0.4009555933,0.5430550862,0.4019413866,0.543989748,0.4060557898,0.5485160845
0.3449839586,0.4788058117,0.3169963467,0.4407429149,0.3414725741,0.4742196067,0.3533272735,0.4913581139,0.3819668421,0.5226209258,0.3858250304,0.5284589711,0.341283377,0.4739568595
0.3555867857,0.50455953,0.34549548,0.4945677466,0.3558252274,0.5048395031,0.3555350806,0.5051271677,0.3554009067,0.5072990675,0.3518295559,0.5016625239,0.3558698139,0.5049027617
0.2661422225,0.3928376434,0.2768075955,0.4104829995,0.2683030089,0.3958201189,0.2621044528,0.3883791672,0.2763853643,0.4064226106,0.2700095006,0.3988079138,0.2686588057,0.3963450161
0.2784568064,0.4216064802,0.326835128,0.4872680239,0.2835854515,0.4274218547,0.2992214414,0.4490750357,0.3169964811,0.4702339386,0.3108475437,0.4672727679,0.2841270135,0.4282381005
0.2518793769,0.3693031364,0.2738634512,0.4009136051,0.2532259491,0.3710267035,0.252203373,0.3697975156,0.271329772,0.3952848639,0.2629802294,0.3828750426,0.2555740031,0.3744670726
0.4706668942,0.6191482893,0.4816888927,0.6308098091,0.4767052105,0.6257396438,0.4646802708,0.6130660111,0.4382118705,0.5809635189,0.4506035463,0.5922726026,0.4741615634,0.6224007652
0.3805417005,0.5279371394,0.4181945835,0.5777709826,0.3786822402,0.5258468971,0.3850405859,0.5341094422,0.3881534876,0.540113675,0.3718969434,0.5174686911,0.3795164501,0.5270053002
0.3193070342,0.4561506623,0.3241372944,0.4618123291,0.3202347997,0.4575686378,0.3173472682,0.4531253529,0.3097429601,0.4429382792,0.3096582968,0.4417771029,0.3194599094,0.4564614331
0.3160105313,0.4575764767,0.3386655424,0.4886061595,0.3133495908,0.4543912511,0.3186232899,0.4610659199,0.3186260943,0.4568680938,0.3097487964,0.4456323921,0.3134079144,0.4544758269
0.3382282053,0.5009231342,0.3113792287,0.4635494626,0.3382553674,0.5013059998,0.328603182,0.4880151357,0.3116184507,0.4627923638,0.3273507207,0.4847785918,0.3372388202,0.4997994421
0.3588777196,0.5115804581,0.3517123138,0.5021238728,0.3589626645,0.5117357591,0.3588880089,0.5118599397,0.3557607361,0.5050344158,0.3574492742,0.507212876,0.3597152674,0.5128086669
0.4041976942,0.5396267245,0.390219774,0.5196499216,0.4089766145,0.5450732641,0.4108818623,0.5476765394,0.4081672409,0.5469829796,0.4068131185,0.5412445824,0.4085931772,0.5445622289
0.2913344172,0.4409075461,0.2970689303,0.4486489426,0.2945616948,0.4449251012,0.2936918978,0.4429416723,0.2882367153,0.4315503048,0.2864058289,0.4316304451,0.295324206,0.4460768475
0.3674252969,0.5147675435,0.3679977802,0.5187839561,0.3677809876,0.5152258782,0.3675664712,0.514599935,0.3646532342,0.5160489569,0.3687866645,0.5195323392,0.3675464438,0.5148973049
0.3348863031,0.4760870697,0.34308192,0.487178777,0.3352042264,0.4766809907,0.3344543497,0.4750807893,0.3350616676,0.4800888239,0.3339609714,0.4770040771,0.3349698115,0.4763476384
0.3500475865,0.493914586,0.3284076814,0.4648461266,0.3487316278,0.4921478059,0.3538829224,0.5000907363,0.3707167794,0.5174154093,0.3684479479,0.5179083916,0.348148954,0.4913255069
0.3858541543,0.5417524205,0.4070126849,0.5690724153,0.3833599227,0.5392059617,0.3835282362,0.5394661429,0.3693368091,0.5206384843,0.3793294553,0.5339736095,0.3834813995,0.539376822
0.3317077387,0.4701063732,0.3166235479,0.4487773777,0.3333490283,0.4724191468,0.3314475851,0.4695229842,0.3391682275,0.4813019285,0.3307205086,0.4729377983,0.3325801601,0.4713295138
0.2586185157,0.3799879566,0.265556488,0.3961783826,0.2666741124,0.3916618777,0.2636406666,0.3900360783,0.3058275663,0.4441053097,0.277608747,0.4049541996,0.2629247005,0.3861551501
0.3938008246,0.5349759522,0.3825051036,0.5224211866,0.394772365,0.5356068024,0.3902127739,0.5290623094,0.3746003919,0.507488159,0.3784511815,0.5096541952,0.3991630488,0.541563856
0.3353699099,0.4841147592,0.3405897842,0.494199973,0.3345627541,0.4831358774,0.3362679876,0.4848215078,0.3376840155,0.4872852325,0.3405102063,0.4925868773,0.3340508236,0.482396608
0.4070534808,0.5548139142,0.4067603378,0.5541156288,0.4098243619,0.5583059905,0.4039281747,0.5511658281,0.3990740994,0.5442404128,0.4045044651,0.5523705515,0.4088607823,0.5569933007
0.447148251,0.5929487185,0.4667716932,0.6174513465,0.4518249664,0.5980798654,0.4391523636,0.5844492485,0.4277511148,0.5703398171,0.4295787948,0.5726649545,0.4501172253,0.5958193318
0.336113801,0.4767806117,0.3507324427,0.496895144,0.3362650486,0.4770962816,0.3351964149,0.4751478157,0.3353759865,0.4791724249,0.3355214551,0.4783114163,0.3363192649,0.4771732043
0.4902767866,0.6371723823,0.4732291045,0.6114521771,0.4864136119,0.6329746453,0.4977199054,0.6456907977,0.4493835619,0.5930159609,0.4903245518,0.6384842222,0.4874950615,0.6343819458
0.2848331417,0.4043131706,0.2659411885,0.3733111333,0.2882314501,0.4080390633,0.2777853223,0.3939172252,0.3405226025,0.4710082071,0.2856855362,0.4027666538,0.2923468571,0.4138650993
0.4444120873,0.6036454353,0.4085572413,0.5612249295,0.4412411666,0.5988436593,0.4339490044,0.589801819,0.3737485644,0.5252401828,0.4021812906,0.5559441558,0.4436654993,0.602133915
0.3047256446,0.4601498931,0.2950319045,0.4465042058,0.3061879451,0.4621174041,0.3061080042,0.4616965625,0.3035892607,0.4555294549,0.2958127942,0.4469625811,0.3060889963,0.4619680646
0.3456937893,0.4934041804,0.3580816077,0.5083198934,0.3471943998,0.4950305236,0.3518344035,0.5007905984,0.3498279618,0.4973032793,0.3476223515,0.4960441888,0.3474412969,0.4953825499
0.3985723677,0.5371917358,0.4049388788,0.5452063884,0.3967019073,0.5347006159,0.3965209412,0.5355628833,0.3806921245,0.5197314035,0.3867759441,0.5239338272,0.3960648899,0.5338420024
0.323078101,0.4569842252,0.3114566373,0.4403114847,0.3249521657,0.4596883335,0.3212728311,0.4541286019,0.3405309648,0.4714116533,0.3012710621,0.4244854609,0.324300647,0.4587666731
0.4072450842,0.5453143366,0.409750301,0.5493563075,0.4067278993,0.5445132683,0.4069040534,0.5454142793,0.3993772115,0.5387183217,0.3999790204,0.535576635,0.4064968977,0.5442040114
0.3519625759,0.5118836511,0.3451040433,0.5002302026,0.3509529855,0.5109016521,0.3484464927,0.5076422419,0.3467279896,0.5004068007,0.3511802026,0.5073940378,0.3501490399,0.509731304
0.2442945497,0.3955242947,0.2164993006,0.3441654005,0.2367585433,0.3815812045,0.2462996757,0.3958056254,0.2973248646,0.4504946662,0.269195769,0.4194945682,0.2506786897,0.4040161552
0.3897668035,0.5327170539,0.382729442,0.526449087,0.3904375721,0.5334830568,0.3889908489,0.531378382,0.3891759527,0.533543487,0.394608766,0.5384159178,0.3905913507,0.5336931756
0.2891697755,0.4155427073,0.2706236405,0.3953023413,0.2918968953,0.4192453884,0.2871221645,0.4144825656,0.3171047674,0.456175953,0.2941848056,0.4236114937,0.2890493669,0.4151555431
0.432805863,0.5847065545,0.451754404,0.6084251723,0.4362274874,0.5889710039,0.4265323588,0.5779809981,0.4215971979,0.5680140674,0.4197133726,0.5706917364,0.4341162906,0.586120579
0.402603712,0.5423326618,0.4032702081,0.5476846138,0.4036012593,0.5436330194,0.4005257821,0.5390168265,0.4012548683,0.5416149822,0.4084902217,0.549921271,0.4055652878,0.5462784788
0.3021415559,0.4465283326,0.3137425904,0.4622724459,0.3011842931,0.4452642167,0.3022648074,0.4464084232,0.2931237883,0.4320202043,0.3001390264,0.4454203151,0.3005039959,0.4442584804
0.300901518,0.448298778,0.323873495,0.4772839817,0.3049514174,0.4531233988,0.3087256773,0.4578371236,0.3010437791,0.4444726042,0.3128339084,0.4626964867,0.3048292287,0.4529418402
0.4349443615,0.5919411411,0.452111583,0.6138318596,0.4377223656,0.5955262097,0.4319842114,0.5892304644,0.4290117266,0.5808661168,0.4622413204,0.6222693358,0.4370001578,0.5945436378
0.4279479025,0.5747437824,0.4374394602,0.5861291297,0.4314889754,0.5789069201,0.4222866495,0.5683625102,0.4090544401,0.5500831775,0.4203396367,0.5645633218,0.429352821,0.5760409498
0.226910517,0.3497875547,0.2371545314,0.3610458526,0.22457665,0.3453004263,0.2292860099,0.3515616024,0.2655790672,0.3938682202,0.2336089981,0.3511821612,0.2286556683,0.3515721682
0.3615945572,0.499493315,0.3610284992,0.4995514876,0.3623240368,0.5001766904,0.3627864264,0.5004102205,0.3762182685,0.5227724513,0.3537474097,0.4932967342,0.3626261959,0.5005938114
0.3879744408,0.5461092759,0.3631144348,0.5152449471,0.3882912286,0.5462795978,0.3797581572,0.5355446266,0.3749129334,0.5317490921,0.3862141859,0.5459571736,0.3896354947,0.5481708204
0.2439429352,0.351275561,0.2011535538,0.2965415094,0.2458516802,0.3540097185,0.2549541375,0.3683166747,0.2933506219,0.4233729366,0.2580885537,0.3730866575,0.2473444052,0.356159141
0.2939289476,0.4190105855,0.2780907901,0.3953232995,0.2935048322,0.4183363121,0.2888751631,0.4116466488,0.2970910662,0.4262527224,0.2944379388,0.4205214114,0.2926552165,0.4171253436
0.3848487992,0.5269379667,0.3893683019,0.5325262909,0.3849463099,0.526835428,0.3891738817,0.5320307226,0.3842567013,0.5273047512,0.3865523749,0.532006808,0.3847059754,0.5265065074
0.2557885742,0.3666243547,0.3041946938,0.4459483415,0.27058443,0.389125947,0.2841931757,0.4121208563,0.2670462313,0.3914454992,0.2571112823,0.3752557346,0.263020564,0.3782483939
0.2959786777,0.4492916771,0.2730419707,0.413098659,0.2949310474,0.4477462897,0.2948669086,0.4469440443,0.3061171982,0.4566107472,0.2988584723,0.4501713299,0.2970722184,0.4509968845
0.3020612282,0.4475217822,0.3319636837,0.4865541296,0.3038702438,0.4494837891,0.3104768867,0.4580827512,0.3026020644,0.444459824,0.3036407206,0.4483882734,0.3038547221,0.4494608294
0.32586978,0.4568933352,0.2802948957,0.3983141959,0.3252969331,0.4563588755,0.317336645,0.4456346039,0.3433561291,0.4857764586,0.3218202734,0.4531095055,0.3262253562,0.4576613597
0.2920090169,0.4230837849,0.2962303351,0.4290667097,0.2919640365,0.422974416,0.2877323311,0.4171245521,0.2945756656,0.4255202089,0.2977707166,0.4299512381,0.2918965299,0.4228766177
0.4149903524,0.5713402789,0.4285105164,0.58830901,0.4158320187,0.5728241025,0.4095275655,0.5651869196,0.3822964752,0.5338743607,0.3951488567,0.5502956501,0.4153460964,0.5721547265
0.3218639693,0.4666400752,0.3357639889,0.4844204296,0.3205351095,0.4649205998,0.3242983661,0.4695386773,0.3329080013,0.4791784008,0.3414549513,0.4907049147,0.3204675056,0.4648225436
0.249820595,0.3632506146,0.2524719057,0.3677888812,0.2499659101,0.3633105707,0.2502376171,0.3640922387,0.2714124494,0.3937781379,0.2621381096,0.3807075993,0.2520560104,0.366348407
0.3505864139,0.4962750705,0.3887299202,0.5462621782,0.3507002088,0.4962655776,0.3597052915,0.5076741522,0.3704873888,0.5213867253,0.3549610276,0.4997285765,0.3521511773,0.4983188006
0.3999996459,0.5406247132,0.4040379907,0.5491702629,0.4000569802,0.540739143,0.3991515239,0.5392309029,0.3963137642,0.537091415,0.3998363926,0.5409950072,0.4002889427,0.5410526763
0.3156967411,0.4478336872,0.3080313706,0.4349115426,0.3170209231,0.4496654918,0.3120760736,0.4425227254,0.327681187,0.4672569677,0.3345553165,0.4746798685,0.3162194868,0.4485287269
0.2784487109,0.4224667502,0.2919462588,0.444239273,0.2798368099,0.4242186564,0.2758685507,0.4178697008,0.2818246141,0.4250804151,0.2769032677,0.4191641188,0.2805774909,0.4253414918
0.3388769953,0.4903954812,0.3401352215,0.4921022649,0.3391064638,0.4905716099,0.3416659605,0.493658103,0.338551413,0.4898199015,0.3407447879,0.4937439414,0.3392796959,0.4908222178
0.2564123137,0.3774494346,0.2594824035,0.3782337417,0.2564901869,0.377738841,0.2492324513,0.3660941156,0.2840671905,0.4133832404,0.2654699429,0.3899333217,0.2551969394,0.3758342464
0.3185051323,0.479886936,0.3048694072,0.4567283012,0.3172949717,0.4781622668,0.3178304324,0.4782984419,0.3070620341,0.4581477588,0.3111788306,0.468001688,0.3175726778,0.4785807689
0.3928482412,0.5293456768,0.3838388194,0.5159672492,0.3954458716,0.5321719543,0.3991956882,0.5367386375,0.3966251453,0.5337440523,0.398513471,0.5336179526,0.3954049644,0.5321169034
0.4128763677,0.5612636269,0.4074134539,0.5532570965,0.4146223942,0.5634804565,0.4099133249,0.5575768767,0.4022761651,0.5477335808,0.4103902602,0.557531981,0.4145004162,0.5633146859
0.4276230025,0.5727544894,0.4213966842,0.5632735015,0.4270021503,0.5719791206,0.4259271293,0.5703694576,0.4137938836,0.5588478607,0.4235871948,0.5690650322,0.4270837076,0.5720883685
0.3025449236,0.4551773391,0.2755192808,0.4138367655,0.302522061,0.4551526766,0.3065852615,0.4618202923,0.3321165166,0.487364272,0.3156899258,0.4685245334,0.3031035044,0.4560274741
0.4830835002,0.6176732542,0.4549595335,0.5931170022,0.4434324083,0.5692681259,0.4604270053,0.5945593387,0.3707498484,0.4920815325,0.4261200103,0.5584599728,0.4300010959,0.5520253221
0.3515539511,0.486893497,0.3457375226,0.4730613316,0.3519924168,0.4873305755,0.350286146,0.4854855484,0.3331340793,0.4671810212,0.3417054477,0.4744531564,0.3525999549,0.4881717069
0.2843424694,0.4346570866,0.2870417073,0.4389921549,0.2878688585,0.4392351685,0.284875337,0.4340309773,0.2920205949,0.4405315012,0.2777979269,0.4233538169,0.2887578365,0.4405915862
0.2437164291,0.3578512847,0.2445056743,0.3643095927,0.250174603,0.3665469233,0.2485031234,0.3669957306,0.2873400468,0.4186294018,0.2706960921,0.3946660998,0.2511987363,0.3680474471
0.4173672042,0.5596219334,0.4248717968,0.5688828771,0.4164432887,0.5586042698,0.4163259992,0.5586264693,0.4109178189,0.5539260208,0.4124054761,0.5551145605,0.4166565087,0.5588902765
0.3240528762,0.4841603292,0.3113585868,0.4631829382,0.3234529216,0.483367611,0.3237404624,0.4834791965,0.3152211164,0.4660386188,0.3245655589,0.4825082366,0.3234448053,0.4833554821
0.2838772254,0.413599862,0.2907611006,0.4238385594,0.283820466,0.4133847691,0.2795253003,0.4076676131,0.2816964114,0.408150566,0.2802436388,0.4067335384,0.2842609635,0.4140263541
0.3942503224,0.5349684911,0.380111907,0.5166261489,0.3924308607,0.5328715782,0.3957346345,0.5365448444,0.4043795778,0.548892451,0.4005977462,0.5428659199,0.3919269373,0.5321873138
0.4882190094,0.6362422325,0.4717069198,0.6114756607,0.4844775263,0.6321066692,0.4949082946,0.6437915314,0.4473417935,0.590934148,0.4813184262,0.6291616743,0.4857335373,0.6337454097
0.3035349858,0.4652261053,0.3030373134,0.4590168891,0.3027553392,0.4633987835,0.3042709354,0.4640122324,0.3050174998,0.4582891102,0.3061636113,0.4630365047,0.3046595829,0.4663134282
0.3349083333,0.4668801036,0.2830623245,0.3977668355,0.3357886128,0.4684364017,0.3248881308,0.4532400159,0.3468982639,0.4866962987,0.341210634,0.4757981998,0.3373241,0.4705784579
0.2666758539,0.3739728739,0.2872799672,0.4011284428,0.2655569665,0.3725509363,0.2548564932,0.35707658,0.2925134313,0.4038382204,0.2555238634,0.3581115456,0.2645420151,0.3711270569
0.4012170719,0.5442560541,0.4028129102,0.5480314847,0.4019253203,0.5451291451,0.4010197104,0.5436715435,0.3976288233,0.5397742209,0.4010180296,0.5427945079,0.401616814,0.5447107196
0.3840274586,0.5325868694,0.385361113,0.5344665987,0.3841079157,0.5327411881,0.383654637,0.5322671781,0.3806459037,0.5263742387,0.3798048499,0.5274084828,0.3837702953,0.5322729231
0.3530975847,0.5026869416,0.3431084878,0.4927301311,0.3532495584,0.5028758836,0.3530745484,0.5032898312,0.3539376529,0.5055779635,0.3525534831,0.5022681606,0.3532339279,0.5028536325
0.4172950284,0.5570416446,0.4191691606,0.559476135,0.4181265742,0.5584499098,0.4179476397,0.5578721873,0.4095324995,0.5507527752,0.4144420772,0.5544936299,0.4179270833,0.5581834699
0.4026501641,0.5504995306,0.4009554344,0.5481419268,0.4051712674,0.5536989184,0.4000267879,0.5474409616,0.3970801072,0.5425198962,0.3994756557,0.5464354989,0.4044743625,0.5527465422
0.3857197226,0.533520226,0.3760377647,0.5211600028,0.3872269543,0.5354498824,0.385110545,0.5329476956,0.3891636601,0.5334582675,0.3865380065,0.5307380874,0.3875942661,0.535957794
0.3160821579,0.4688213009,0.315745136,0.4681256446,0.3177047642,0.4707443535,0.3192513589,0.4724552275,0.308003938,0.454177318,0.3078702281,0.4559163403,0.3179323208,0.4710815251
0.4773801262,0.6261192909,0.4851636739,0.6331013009,0.4809227233,0.6297494204,0.4731539782,0.6221285272,0.4408068053,0.5838816266,0.4715072285,0.6159560253,0.4793908041,0.6277434323
0.3819288157,0.5459532899,0.3813196088,0.5440945466,0.3810476501,0.5453781413,0.3772731145,0.5404454592,0.3650598199,0.5239697805,0.3811101976,0.5480066528,0.3799156183,0.5437579098
0.3385729742,0.4909957031,0.3180737288,0.4629084216,0.3387854191,0.491143405,0.3408957861,0.4952135355,0.3447221887,0.4979474537,0.3411327354,0.4924296093,0.3384495676,0.490656515
0.3837965513,0.549573566,0.354044682,0.51119013,0.3839377372,0.5499424161,0.3731727275,0.5362138665,0.3397431652,0.4958232172,0.363967995,0.5283818104,0.3834649166,0.5492651603
0.2047398937,0.2732216848,0.3219396795,0.432824088,0.2166001279,0.2895720594,0.2398294345,0.3220461744,0.2960988722,0.4028027641,0.2910056698,0.3944382604,0.2154072695,0.2879773305
0.2308215695,0.33718211,0.2973211662,0.4283255699,0.233914361,0.3422407924,0.2401476164,0.3499151954,0.2731756027,0.3994766554,0.2533939273,0.3666851906,0.2314647491,0.3386567581
0.3670299333,0.5117084013,0.3509087442,0.4921416261,0.3665545786,0.5110640375,0.3685931037,0.5143771887,0.3780136023,0.5233932794,0.3762844807,0.5229975335,0.3669820344,0.5116600123
0.2944840654,0.4449665754,0.3342932756,0.4972799206,0.2992337053,0.4502503649,0.3116787056,0.4671659437,0.3185623596,0.4734972367,0.3186177449,0.4799723798,0.3000991804,0.4515526263
0.3521079676,0.4983937388,0.3623722978,0.5107803144,0.3546913876,0.5013864867,0.3588748934,0.5064084068,0.3559385324,0.5035180639,0.3555926495,0.5016423461,0.3547930415,0.5015301831
0.371830501,0.5218539293,0.4043294551,0.5643441162,0.3680776065,0.517398886,0.3744028101,0.5255162473,0.3727034509,0.5241548682,0.3576063167,0.5041385377,0.3691927455,0.5189664133
0.3345306644,0.4677954061,0.3030484263,0.4295363705,0.3335659978,0.4666588119,0.3282906514,0.459816866,0.3645190892,0.5108701861,0.3411524734,0.4774977407,0.3337749818,0.4669511806
0.4274084791,0.5713556005,0.4119939309,0.5515847525,0.4294303887,0.573583364,0.4269033994,0.569006805,0.3851279739,0.5165397656,0.4078131333,0.5424521987,0.4330605614,0.5784321282
0.406422,0.5440927372,0.4004512358,0.5344499734,0.4080559936,0.545917502,0.411485237,0.5506530659,0.4021501739,0.5426791947,0.3996212146,0.5365967671,0.4071545745,0.5447115389
0.3092998847,0.4411591459,0.2922473968,0.4213643281,0.3100826625,0.4423699837,0.3031812038,0.4337318783,0.3297140843,0.4694576386,0.3230667634,0.460107423,0.3079836661,0.4393755143
0.47419518,0.6387828093,0.4533345702,0.6116315376,0.4757013367,0.6405707951,0.4745766275,0.6385963828,0.4229669829,0.5853856999,0.4599577215,0.6325817226,0.4757406226,0.6406236967
0.2984918867,0.4309986761,0.2864918231,0.4122158662,0.3004920561,0.4341377593,0.2961599163,0.427575693,0.3302734844,0.4752002866,0.3119033064,0.4498486523,0.2995084725,0.4327167207
0.3683840237,0.5092923896,0.3769422451,0.5184807028,0.3708481705,0.5120009412,0.3755824553,0.5177965535,0.3814740124,0.5228317733,0.3775111005,0.5190505299,0.3714993866,0.5129000242
0.3476973808,0.4846594781,0.321937368,0.4487189111,0.3487015898,0.4862784875,0.3424419895,0.4775077917,0.3472354996,0.4877697233,0.3472804334,0.4852932919,0.3490473586,0.4867606762
0.3306519378,0.463109921,0.3126774946,0.434394175,0.3312787368,0.4637457276,0.3270797065,0.4580203052,0.3287633486,0.4677865492,0.3317171313,0.4665055838,0.3314983424,0.464053146
0.4164240548,0.5591896195,0.4229121666,0.567384634,0.4160829931,0.5588116696,0.4151518561,0.5578124182,0.4112421438,0.5543889174,0.4140383291,0.5572823222,0.4161260682,0.5588695207
0.3695326661,0.5100476633,0.3522801752,0.4864491563,0.3688297414,0.5091206836,0.3719228405,0.5128889079,0.3755818123,0.5136169741,0.3726064449,0.5122929838,0.3678068415,0.5077087056
0.392840012,0.5110496436,0.4050102311,0.5267203556,0.4030359862,0.5224938267,0.3893479485,0.5062101546,0.3638444445,0.4848265676,0.3801663485,0.4956461919,0.408092626,0.529049229
0.3689633066,0.515795145,0.3698661249,0.520731716,0.3693532859,0.5162949806,0.3687021551,0.5151373845,0.3682208019,0.5134475186,0.3749075576,0.5221355554,0.3691266628,0.5159781989
0.3855098699,0.54604911,0.364832078,0.51829612,0.3855682357,0.5461366574,0.3791759656,0.5378814122,0.3662934279,0.5194943214,0.3870098913,0.549155999,0.3853375594,0.5458099169
0.2868612551,0.4228414974,0.298074079,0.4394632105,0.2861035331,0.4218783067,0.2826886843,0.4173475211,0.2773717392,0.40880322,0.2783755689,0.4111549871,0.2857755826,0.4213947224
0.2354245805,0.3511357367,0.2735009248,0.4153197742,0.2567889307,0.3841049903,0.2619871739,0.394492067,0.2629153348,0.3950282367,0.2469318717,0.3720641628,0.2466417976,0.3689269043
0.2959468932,0.4372427942,0.3102648015,0.4589657765,0.2944101378,0.4351158936,0.2940435418,0.4341862738,0.2833430004,0.4187489794,0.2884260048,0.4255844636,0.2942339863,0.4348555551
0.3622843814,0.5088039932,0.3675854913,0.5183210742,0.3627855396,0.5093877488,0.3638050329,0.5101531394,0.3560236752,0.5038131492,0.3594454942,0.5063172267,0.3628055558,0.5094158537
0.335771208,0.4688731544,0.3109363753,0.4312146809,0.3370472464,0.4704271705,0.3315458105,0.4629743931,0.3180426654,0.4510340716,0.3186168613,0.4475164672,0.3375907758,0.4711857911
0.3873812476,0.5298767854,0.3936422062,0.5417703598,0.3865077708,0.5286096875,0.3864987351,0.528463287,0.3807257038,0.5222868459,0.3847504117,0.528622723,0.3867239648,0.5289053665
0.3398220221,0.4866351337,0.3610455555,0.5128241337,0.341380197,0.4882324403,0.3471722411,0.4955306481,0.3418336565,0.4875138686,0.3378913355,0.4828538643,0.3421693287,0.4893610344
0.3424357251,0.4775062332,0.3255291187,0.4505954851,0.3440216859,0.4795411943,0.3398090196,0.4738841642,0.3430370281,0.4832625782,0.3451260013,0.483509074,0.3447628396,0.4805743087
0.3428808272,0.4859128843,0.3575298022,0.5075879751,0.3418021241,0.4845652416,0.3417410561,0.484012031,0.3367411234,0.4794332872,0.3348830128,0.4774534657,0.3424402461,0.4854698929
0.3945469673,0.5529754969,0.384041293,0.5380970388,0.3942646337,0.55274419,0.3889437082,0.5460034365,0.3692361053,0.5207029628,0.3880618197,0.5438764851,0.393811942,0.5521095332
0.2536317017,0.3630436343,0.1950083216,0.2871453911,0.2561060568,0.3667953501,0.2648838514,0.3803485338,0.2906383409,0.4163971542,0.2509969984,0.3600027519,0.2570548792,0.3681542545
0.2828105844,0.4134955284,0.2888047808,0.4230846401,0.2827033816,0.4132499747,0.2776267328,0.4067292952,0.2798190619,0.4070196042,0.2755382218,0.4010534454,0.2830481406,0.4137539363
0.2389368315,0.3542948717,0.2531705554,0.379143734,0.2470172605,0.3654317006,0.2421146321,0.3609955073,0.2800171523,0.4100745226,0.2609870333,0.3828931023,0.2487377954,0.3679770208
0.3777699477,0.5370898494,0.3737403569,0.5302323396,0.3770689084,0.5366285376,0.3721708131,0.5303744953,0.3605601044,0.5118399488,0.3781580102,0.5370307553,0.3763264222,0.5355718626
0.3484206564,0.499610682,0.3372427,0.4870449629,0.3485310402,0.4997419664,0.3488573565,0.5007643382,0.3537423973,0.5057289368,0.3523806704,0.5035090405,0.3487210495,0.5000144117
0.4052735825,0.5822266778,0.3794031831,0.54852001,0.4067241766,0.5847475118,0.401814964,0.5786345908,0.3517110402,0.5126885351,0.364553058,0.5328386806,0.4048030071,0.5819854457
0.4071729424,0.5524721773,0.4147054488,0.5617797612,0.4065873469,0.5517520465,0.4057740577,0.5510853737,0.3981734767,0.5422868549,0.4049257504,0.551098145,0.4059278381,0.5508570719
0.3802240185,0.5198614945,0.3706575487,0.5048388431,0.3800151394,0.5196342188,0.3836552589,0.5242761436,0.3798809747,0.5210742352,0.3741598196,0.5135038027,0.3802786479,0.5199945415
0.3382435768,0.4765919691,0.3353225183,0.4737877498,0.3378547445,0.476353287,0.3348527669,0.4720533512,0.3508528959,0.4930157376,0.342430896,0.4831581765,0.3371593639,0.4753728455
0.3256655384,0.4599153886,0.2991350175,0.4220201626,0.323896815,0.4576083223,0.3318111861,0.4696978689,0.3464187469,0.4804861596,0.3392114021,0.4731884173,0.3242019363,0.4580394041
0.4741561397,0.6271239175,0.4679146549,0.6165037077,0.4729755909,0.6254954602,0.4746947601,0.6276499216,0.4415948232,0.5864142804,0.4774510228,0.6289538467,0.4741937677,0.627106461
0.4198796668,0.5640224772,0.416938494,0.5598772998,0.4221627776,0.5667834627,0.4171709531,0.5605027399,0.4092236473,0.553249477,0.4112354255,0.5545384189,0.4213305471,0.5656661343
0.2847135168,0.4012665944,0.2880544857,0.4038965513,0.2860515605,0.4032506041,0.2744908256,0.3864921567,0.3105006255,0.4310566109,0.2599244561,0.3674652541,0.2853718396,0.4022923927
0.3433598386,0.4882108879,0.3502806011,0.4965659674,0.3438187624,0.4888321063,0.3469449804,0.4923922481,0.3471316077,0.4930744117,0.34335427,0.489726169,0.3437729408,0.4887669584
0.487186249,0.6468178028,0.4560574289,0.6065639346,0.4884084471,0.6484409636,0.4875631243,0.6457720722,0.4554017459,0.6070768153,0.4791815633,0.6360363816,0.488680189,0.6488017448
0.2798458782,0.4081492414,0.3029711669,0.4406388213,0.2797165394,0.4079993544,0.2781188784,0.4053610903,0.2782955542,0.4046310803,0.278439653,0.4032355928,0.2799236043,0.4083013829
0.3178985303,0.4594111928,0.3416150065,0.4918707555,0.3156283541,0.4567254005,0.3211999177,0.4637633349,0.3428577344,0.4912540919,0.3373080663,0.4838058023,0.3157411425,0.4568886092
0.3641871941,0.5099902251,0.3742901302,0.5219027131,0.365271757,0.5111390649,0.3700220458,0.5169983644,0.3605617367,0.5073441069,0.3623616289,0.5077061962,0.3656180959,0.5116237106
0.3555475294,0.4951502319,0.3469864306,0.481389362,0.3570004243,0.4972243754,0.3552609664,0.4946585233,0.3536488428,0.4948609177,0.3548278091,0.4969016879,0.3572774625,0.4976102296
0.4258347317,0.5837294857,0.4300705016,0.588397749,0.4275726441,0.5861330054,0.4201511697,0.5769864833,0.3889776021,0.5425142052,0.3989301022,0.5572573361,0.4273824719,0.58587231
0.3013248435,0.4550398001,0.3147892685,0.4698157925,0.3052394994,0.4597192747,0.3068512515,0.4612072986,0.3005558349,0.4480437875,0.3076634824,0.4639077243,0.3058857049,0.4606925208
0.5479053716,0.7059071307,0.497653389,0.6392444688,0.5470187893,0.7061114492,0.5478788392,0.7044952373,0.4704434748,0.6203494297,0.5051572807,0.6558628449,0.5398135433,0.6968106596
0.2746243424,0.3929275599,0.3053502329,0.4297922331,0.2697828852,0.3860414551,0.2749201868,0.3926779638,0.2765114792,0.3997975375,0.2834630466,0.403529393,0.2663073648,0.3810682154
0.3937978987,0.5381348524,0.3816659617,0.5222162304,0.3938939584,0.5383261286,0.3941164245,0.5384248637,0.3911155466,0.5338061375,0.3887147632,0.5293450308,0.3937935405,0.5381888896
0.4077961111,0.5542556727,0.4011557684,0.5451339787,0.4095565597,0.556503493,0.4058633946,0.5517951537,0.3975447527,0.5420954382,0.4063364776,0.5517308552,0.4093260465,0.5561902728
0.3108119852,0.4462129456,0.3422324697,0.4896382334,0.3100767221,0.4454844871,0.3085632184,0.4426761875,0.3017000991,0.4353989174,0.3015714268,0.4319191089,0.30921993,0.4442535415
0.3439777382,0.4867191223,0.3209060494,0.4555707606,0.3420549512,0.4841549711,0.348557751,0.4942793543,0.3702666523,0.516324909,0.371754969,0.5219837389,0.3415343426,0.4834180859
0.3284389913,0.4598130461,0.3236084112,0.4472280627,0.3267345711,0.4571354443,0.3261003611,0.4564430744,0.3170582064,0.4518081188,0.3181582802,0.446509966,0.3263987686,0.456665622
0.3686558429,0.5128182449,0.3617776246,0.5093977723,0.3687736915,0.5129283801,0.3672105469,0.5116113844,0.3789391645,0.5241169618,0.3825187663,0.5292409829,0.3684183103,0.5124340794
0.3390815055,0.4734179071,0.3121200137,0.4338701355,0.3409737445,0.4759566008,0.3343774499,0.4669007143,0.3436532039,0.4840512606,0.3436125109,0.4806081492,0.3415733235,0.476793538
0.3018903097,0.4418136004,0.2841545767,0.4146605018,0.303720106,0.4446225618,0.3023442871,0.4426354679,0.3337383649,0.4817950964,0.3224727421,0.4691066997,0.3032572354,0.4439449552
0.3196317855,0.4754629073,0.2962926869,0.4415499972,0.3197959787,0.4756574895,0.322462203,0.4803095044,0.3339782865,0.49020782,0.3280678481,0.4841178972,0.3192251382,0.4748084339
0.30526742,0.4625525377,0.2789139074,0.4222641397,0.3047810682,0.4618612904,0.3085397757,0.4676242017,0.3143001049,0.4688288069,0.2960901686,0.4468336064,0.3051122673,0.4623631853
0.2649197465,0.3893729571,0.2617087953,0.3810029,0.2658009933,0.3908759795,0.2584347874,0.3792195185,0.2918071635,0.4243880788,0.2656278591,0.3904386048,0.2647565212,0.3893400219
0.3146863172,0.4457504204,0.3277786638,0.4594493864,0.3145825457,0.445571738,0.3130568068,0.4430902198,0.328193298,0.4678677386,0.3387529353,0.4768926593,0.3133550155,0.4438330758
0.2503710807,0.3717832957,0.2948612942,0.4368628374,0.2520164242,0.3740110445,0.2516619785,0.3731949132,0.2790614963,0.4120178653,0.2675682563,0.395072404,0.2547167955,0.3780185954
0.4199457261,0.5606334309,0.426090602,0.5680910402,0.4195186365,0.5603949404,0.4194090406,0.5602479313,0.4141018723,0.5559330177,0.4086082285,0.547086088,0.4195752244,0.5604705308
0.2918153016,0.4242895245,0.3116976471,0.4522518078,0.2912459024,0.4235743236,0.2897293417,0.4209875859,0.2885197263,0.4197695596,0.2923244069,0.423417048,0.2911284965,0.423403574
0.3989017781,0.5403678122,0.4023021911,0.5471787289,0.3987691023,0.5402483915,0.3990459216,0.5402012274,0.3923155185,0.5335672036,0.3947709243,0.5356921483,0.3986575857,0.5400973099
0.389745373,0.5291180902,0.3843852289,0.5197922971,0.389231808,0.5283178924,0.3931772586,0.5337866844,0.3856756506,0.5261970344,0.3865299254,0.5257014052,0.3893135243,0.5284288087
0.2790179713,0.4051834044,0.2649010485,0.3808584861,0.2805992927,0.4076252259,0.2739586462,0.3975674025,0.327660184,0.4604560781,0.2709394792,0.3904850406,0.2805991762,0.4076250567
0.2302679187,0.3341032785,0.203553191,0.3021911457,0.2337659497,0.3388659165,0.2452169079,0.3573232505,0.29528649,0.4276217057,0.2586999858,0.3756213305,0.2366100375,0.3429886915
0.2376613197,0.3491650312,0.2384389392,0.3560107034,0.2451185194,0.3592422974,0.2451391611,0.3623262833,0.2863021996,0.4172724974,0.2598389305,0.3797100307,0.246556003,0.3613490535
0.3706683031,0.5076423916,0.3407218076,0.4638546638,0.3731749149,0.5111422566,0.3684826814,0.5052645573,0.3383438383,0.472838372,0.3417370705,0.4739927032,0.3748579691,0.5134475567
0.1940077219,0.2770006077,0.2509090555,0.3532266588,0.1907237059,0.2722519975,0.1873928539,0.2664268628,0.2681445543,0.3740755013,0.1989590007,0.2829352864,0.1893557207,0.2702992424
0.2169915267,0.3116621448,0.2319631684,0.3248394839,0.2174316637,0.3095029453,0.1936908738,0.2754267488,0.2994746448,0.4123992252,0.2520697609,0.3527917337,0.2217769603,0.3156882546
0.2849629753,0.4289224738,0.3335552352,0.4942462188,0.2909289489,0.4357965116,0.3059213716,0.456357617,0.3165306848,0.4679690604,0.311256601,0.465106102,0.2913077662,0.4363639604
0.3403834334,0.4905959972,0.3452537405,0.4967574733,0.3411030638,0.4913429533,0.3442918249,0.4951866572,0.3398563368,0.489127366,0.3388446875,0.4886084059,0.3411194915,0.4913666166
0.4123334985,0.5485129391,0.4018297872,0.5329320319,0.4159389058,0.5525980691,0.41577187,0.5536005048,0.4011952159,0.5404304827,0.4079386125,0.5439098126,0.4160741392,0.5527777342
0.3123951685,0.4700459222,0.3453910739,0.5135149144,0.3143224535,0.4717772797,0.3303823115,0.4939413533,0.3314024188,0.4918595971,0.3388018799,0.5075649863,0.3157021819,0.4738481611
0.4463359954,0.589366904,0.4384431142,0.5766637677,0.441199136,0.5830595098,0.4473080981,0.5901466213,0.4194260098,0.5589243129,0.4395215495,0.5783191551,0.4422681412,0.5844722362
0.3573358877,0.4986822223,0.3366346911,0.4734115244,0.3540565197,0.4944446821,0.3609599077,0.5049828403,0.3731912053,0.5162611348,0.3716247839,0.5142956005,0.3541667056,0.4945985582
0.2971970093,0.4457948751,0.3469512251,0.5127430827,0.301726672,0.4507401678,0.3214376372,0.4779605947,0.3268871285,0.4816277137,0.3165952737,0.4714385867,0.3025230979,0.4519299238
0.3667977391,0.5072998206,0.3744972386,0.516017589,0.3668413527,0.5072207601,0.3665827509,0.5071163088,0.3547494451,0.4961195603,0.3569585006,0.4954171114,0.3677289518,0.5084480173
0.1774982442,0.272705879,0.2279418035,0.3443355331,0.178352536,0.2729989129,0.1893751297,0.2887980406,0.2409006925,0.352991162,0.1858787165,0.2765070195,0.1815605759,0.2779093639
0.3799403909,0.5212011557,0.3812058152,0.5210673002,0.3807131006,0.521981116,0.3856869425,0.5282002217,0.3803902536,0.521318251,0.3760277942,0.5151904044,0.3806126855,0.5218434407
0.3058055452,0.4409334307,0.3026076934,0.4375380125,0.3047828312,0.4397676893,0.2994566418,0.4326561881,0.3009653399,0.4333144987,0.299065826,0.4314612066,0.304090286,0.4387684237
0.2677987254,0.3827979684,0.2161281328,0.3158614163,0.2683383171,0.3836236215,0.2711513049,0.3886461513,0.3080719522,0.44285248,0.2828774967,0.4060607627,0.2689647177,0.3845191404
0.2500989576,0.3694879561,0.2729932095,0.4035020754,0.2527891431,0.3728721281,0.2496920993,0.3692323403,0.27537572,0.402900011,0.2612177047,0.3826958357,0.2559180498,0.3774873662
0.3583295747,0.4842239665,0.3446123287,0.4646330108,0.3618555459,0.4881747607,0.3584971901,0.4840280913,0.3679379555,0.5003490817,0.3457579822,0.4711862276,0.3625025277,0.4890475956
0.3859857272,0.5247873511,0.3688222361,0.5025098637,0.3831191172,0.5214080437,0.3888867379,0.528322024,0.395730191,0.5383350653,0.3910170066,0.5304704854,0.382233953,0.5202033748
0.3253635128,0.4921786672,0.3364767903,0.5047242418,0.3264873389,0.4930611671,0.3363877626,0.5061126433,0.3327588355,0.4981401945,0.3293423449,0.4961622829,0.3281563654,0.4955817309
0.4232911111,0.5664496175,0.4429009207,0.5917302652,0.4222948778,0.5652072141,0.4192331236,0.5622752273,0.4237049861,0.5660510804,0.4228791581,0.5647435781,0.4226233701,0.5656468742
0.2089296569,0.3057600076,0.2372019362,0.3395307573,0.2062226179,0.3011208099,0.1935336167,0.2807622054,0.2712128866,0.3797061521,0.2368384295,0.3397232997,0.2039715015,0.2978337892
0.3941080199,0.5439613461,0.3996661141,0.5504817949,0.3939939155,0.5440108951,0.3912971965,0.5409460925,0.3858746528,0.5329487287,0.3895798096,0.5401665651,0.3934285975,0.5432303269
0.2822434828,0.4372784843,0.2532133911,0.3900184855,0.2803882396,0.4343173235,0.2861171524,0.4426284107,0.3111434456,0.4663592037,0.3029687627,0.4589863352,0.284338616,0.4404363993
0.194044695,0.2945583718,0.2337966561,0.3490139835,0.1924447542,0.2914618022,0.1967071877,0.2966208309,0.2464034609,0.3605648404,0.1741711436,0.2592471305,0.193246249,0.2926756835
0.3579335719,0.5069842056,0.3576812408,0.5091713705,0.3579154944,0.5069803782,0.3587236438,0.5076670237,0.3561340521,0.5068278338,0.3551038578,0.5034533458,0.3577586075,0.5067581509
0.3622654877,0.5021355156,0.3744860528,0.5172894312,0.3652362368,0.5054472086,0.3681472155,0.5088618796,0.368168173,0.5126556302,0.3577933875,0.5005816183,0.3658263327,0.5062638371
0.3308196095,0.4826310272,0.3263114097,0.4808257387,0.3294349679,0.4811495888,0.329707935,0.4817537572,0.3353083805,0.4872464058,0.3340158497,0.4877606572,0.3278806599,0.4788794756
0.3641123192,0.5096599447,0.3787723153,0.5271559231,0.364569368,0.5099806904,0.3699394772,0.5167461803,0.3600661775,0.5066820417,0.3666092005,0.512804015,0.365410936,0.5111579242
0.2922306316,0.4284335429,0.3097259449,0.4550083987,0.2896041591,0.4257084627,0.2910526594,0.4279529382,0.3044958884,0.4456295105,0.2981661804,0.4360790514,0.288054563,0.4234306081
0.2755418257,0.3931020674,0.2490101256,0.3549322675,0.2737656572,0.3904387757,0.2717039525,0.3873572286,0.2689556728,0.3870365923,0.2627556538,0.3757348159,0.2725033928,0.388638561
0.406872821,0.544710479,0.4052988036,0.5418991437,0.40715375,0.5448206335,0.4087229782,0.547582929,0.3944222934,0.5337261738,0.396270743,0.5344144184,0.4067928176,0.5443376625
0.3393573009,0.4847420944,0.3235954173,0.463504901,0.3403860574,0.4859852367,0.3371003741,0.4816187666,0.3480769247,0.4962337144,0.3473424564,0.4988842957,0.3409672503,0.4868150332
0.33626298,0.4740973277,0.3227795845,0.4547955579,0.3371483514,0.4755420652,0.3321150108,0.4683653697,0.3408063333,0.4829814494,0.3358012877,0.4744945542,0.3366409211,0.4748263433
0.3940943331,0.5472828659,0.3945550473,0.5468986655,0.3949344922,0.5486680005,0.3894660333,0.5419723179,0.3645657165,0.5132559138,0.3699081653,0.5195437412,0.3947987059,0.5484793576
0.3962402142,0.5403859636,0.3835238487,0.5232551213,0.3955473562,0.5395452889,0.3968024195,0.5408763271,0.391061365,0.5337126388,0.3929081941,0.5343422717,0.3953274786,0.5392453655
0.3791008683,0.5171694592,0.3577677452,0.4870489888,0.3784605825,0.5165671141,0.3794286142,0.5176170748,0.3795128955,0.520363485,0.3757218563,0.5147051898,0.3794341359,0.5178959333
0.3501369548,0.5075434692,0.3277634664,0.4759770277,0.3501013505,0.5075591811,0.345966767,0.5022674898,0.3520660705,0.5064610453,0.3519658409,0.508556644,0.3497145112,0.5069983609
0.4052410299,0.54348155,0.4085895711,0.5485141669,0.4042537817,0.542045038,0.4047405002,0.5434325924,0.3962734271,0.5360676981,0.3986107318,0.5368567349,0.4039216447,0.5415996911
0.2711346338,0.3898528702,0.2422360628,0.3525624714,0.2709891579,0.3894539092,0.2686716588,0.387210538,0.2904938136,0.4188425769,0.2866693851,0.4124991605,0.2714709565,0.3901463293
0.4005303706,0.5421409205,0.3893956607,0.5281383623,0.3997920982,0.5413660158,0.4006710674,0.5419278758,0.4044162011,0.5477198534,0.4035479123,0.5455445264,0.399592019,0.5410950848
0.2832883417,0.4277103697,0.3108404861,0.4642834526,0.2855796924,0.4304352459,0.2895211892,0.4354616904,0.2870031477,0.4273855783,0.293152571,0.4419098572,0.2855602911,0.4304060036
0.2977523971,0.4317445168,0.3100140254,0.4488521604,0.2973975745,0.4313030831,0.2951309715,0.4278281667,0.2964016638,0.4284057995,0.3006692196,0.4336343859,0.2971461096,0.4309383943
0.3163442605,0.4675922964,0.2994705353,0.4458237589,0.3165510991,0.4681012848,0.3104318609,0.4603972894,0.3049520004,0.4541078738,0.313986834,0.4651890672,0.3158056401,0.4669989341
0.3652081289,0.4783245272,0.3894270139,0.5113428628,0.3718258959,0.4855899206,0.3626355445,0.4749256371,0.3359631113,0.4509108932,0.3533371852,0.4631457151,0.3763153928,0.491453026
0.3434334396,0.5003215915,0.3436775758,0.4983843733,0.3428745665,0.499845655,0.34243061,0.4991808961,0.3424401911,0.4937667659,0.3460533497,0.5006390989,0.342802351,0.4997403786
0.385410894,0.5297734404,0.3751704568,0.5181315133,0.3862951774,0.530884512,0.3853406667,0.5296216667,0.3825288045,0.5271114611,0.3854144578,0.5316120485,0.3865538215,0.531239966
0.4065231821,0.5424827181,0.3989858895,0.5319650834,0.4091206153,0.5454308119,0.4110800679,0.5477486197,0.4114588736,0.5513070234,0.4035502625,0.5380267796,0.4082977549,0.5443337921
0.4526998003,0.5985201505,0.4355093363,0.5751399485,0.454010255,0.6001513449,0.4550005627,0.5998024951,0.4123789605,0.5509193909,0.4407648703,0.58150506,0.4566034834,0.6035793061
0.3090177682,0.4627125025,0.2828410747,0.4227272723,0.3091162853,0.4629148678,0.3120696793,0.4674998988,0.33468915,0.4899954076,0.3362873505,0.4950570362,0.3093305887,0.4632357962
0.2750228803,0.3609587353,0.3768621695,0.5032971128,0.2931380642,0.385595075,0.325540964,0.4303192143,0.3114206876,0.4176007092,0.3435960344,0.4538549083,0.2871384571,0.3777031659
0.4661509799,0.6094494599,0.4463627083,0.582684575,0.4701762112,0.6145342772,0.4688041034,0.6111607968,0.4284508023,0.5675410851,0.4445698292,0.5795166648,0.4724343784,0.6174857688
0.3109368462,0.452106372,0.3201323302,0.4647569675,0.308139481,0.4487015932,0.3084692538,0.4488896681,0.3022194136,0.4415687688,0.3059204135,0.4468096898,0.3076655904,0.448011531
0.325693788,0.4768725686,0.3348380696,0.4874132646,0.3274954496,0.4789267386,0.3306239623,0.4828082624,0.3140760512,0.4578534388,0.3226986446,0.4691161002,0.3276231567,0.4791134964
0.3622914441,0.5080147155,0.3451232477,0.4845970739,0.3628063164,0.5085156938,0.3621292641,0.5074912961,0.3571629096,0.504128918,0.3721000818,0.5223782918,0.3625173907,0.5081107305
0.3475048266,0.4897472787,0.3646536683,0.5112249665,0.349139207,0.4916020446,0.353065455,0.4962822843,0.3579293057,0.5021379901,0.3519239695,0.494011408,0.3501131569,0.4929734052
0.3651518345,0.5114303337,0.3810492277,0.5306476645,0.3646115663,0.5105612964,0.3698871384,0.5172602625,0.3568696896,0.503018501,0.3635094003,0.5087840533,0.3655190062,0.5118319738
0.440665224,0.5958764011,0.431848544,0.5832563948,0.4408255515,0.5959523831,0.4375539941,0.5915110926,0.4154694618,0.5619375141,0.4325169531,0.5847556859,0.4418298465,0.5973100902
0.3796177176,0.5308989088,0.385548652,0.5377198205,0.378262745,0.5294250686,0.3777984061,0.5290454435,0.3637848158,0.5129662765,0.3732462324,0.5232690695,0.3783327499,0.529523049
0.438476619,0.5878241763,0.4537244083,0.60636635,0.443343149,0.5936009882,0.4312880034,0.5799348646,0.4167208396,0.5603694683,0.4214349877,0.5684055912,0.4405759988,0.5898959957
0.4361061312,0.5840924053,0.462926521,0.6185934702,0.4390235334,0.5875024746,0.4302601779,0.5783305161,0.4327810453,0.5798271446,0.4351810476,0.5838779122,0.4369765851,0.5847632428
0.3543078552,0.4978766451,0.3586990437,0.5035614279,0.3548270419,0.4986261967,0.3562856632,0.4999830885,0.3529258124,0.4979697881,0.3557089024,0.5018641736,0.354902702,0.4987325193
0.3555683763,0.5034624918,0.34153666,0.4876025013,0.3555994685,0.5033966982,0.356292375,0.5053889467,0.3664081684,0.5124887779,0.3653375037,0.5148127379,0.355884608,0.5038003498
0.3716153078,0.5108874668,0.3616267964,0.498935911,0.3726866593,0.5118245824,0.3686700308,0.5058922297,0.3571740194,0.4911443936,0.3380153989,0.4677754955,0.3755483451,0.5157546429
0.3662479795,0.5122245542,0.371783664,0.5224116846,0.3664998456,0.5124747162,0.3671871446,0.5128713682,0.3597489727,0.5082999339,0.3588280916,0.5053984531,0.3666411202,0.5126722597
0.4108861454,0.5575210528,0.4112212811,0.5577573777,0.413871877,0.5611973813,0.4078100285,0.5538651009,0.3980891269,0.5431384436,0.4054241743,0.5517712355,0.4126570581,0.5595501247
0.2833911334,0.4249149459,0.3235358805,0.4804102693,0.2829397816,0.4240656291,0.2955550348,0.4414531599,0.2983939259,0.4428283439,0.2869041611,0.4331066732,0.2827964144,0.4238507527
0.3382210627,0.4737974731,0.3140616726,0.442971174,0.3377289752,0.473376659,0.3309616712,0.4641429002,0.3506513331,0.4915613711,0.3388303633,0.4759073919,0.3374885308,0.4730396409
0.3612105852,0.5043887758,0.3458210664,0.4879470164,0.3594443158,0.5020622367,0.3622822131,0.5071482303,0.3775400646,0.5224033051,0.3753228428,0.5210391791,0.3594506322,0.5020710593
0.2033733056,0.3201347639,0.209719478,0.3175170448,0.1995199758,0.3111452113,0.1926093552,0.2975630905,0.2671992392,0.3882377326,0.2440459876,0.3623974265,0.2034585355,0.3172872728
0.507879021,0.6633545849,0.4847396739,0.6306620547,0.5057056593,0.6611896581,0.5149041852,0.6712225999,0.4640055411,0.6125699846,0.5010877649,0.6532891325,0.5055253838,0.6609539552
0.2842008066,0.437051575,0.2838803987,0.4346195753,0.2894647481,0.4436772368,0.2877725487,0.4400364751,0.2964004515,0.4459833996,0.2808706132,0.4268738371,0.291286865,0.4464700874
0.437628323,0.5898325785,0.4440891269,0.5967829171,0.4417419867,0.5948825159,0.4313135314,0.5825096837,0.4200183898,0.5648701159,0.440998275,0.587994993,0.4404927634,0.5932002191
0.3795955959,0.5229735433,0.3812535921,0.5311293739,0.3802061963,0.5236719218,0.3772282723,0.5198875772,0.3798182944,0.5238444393,0.3834706168,0.5286116639,0.3803420891,0.5238590919
0.4155518259,0.5752115145,0.3785740427,0.5343864284,0.4055745904,0.5615360809,0.3994832448,0.5565244382,0.3198124747,0.4580503644,0.3567309437,0.5070203853,0.4050032638,0.5607450539
0.33936887,0.4730301083,0.3070227294,0.426133577,0.3413224035,0.4756233746,0.3339123589,0.4655012707,0.339791804,0.4782732572,0.3415011879,0.4773175868,0.3420942419,0.4766989102
0.4136144225,0.574026377,0.3805284502,0.5352975661,0.4104035491,0.5692885318,0.4015920721,0.5591110329,0.3627000524,0.5148835273,0.3890137632,0.547292017,0.4117923335,0.5712149748
0.2379761089,0.3536119495,0.2298904249,0.3326321809,0.2375505714,0.3513349584,0.2226074527,0.3273629907,0.3049135067,0.4271404138,0.2481401477,0.3563535121,0.2398456414,0.3547293443
0.3764837069,0.5230858942,0.3771047833,0.5262122001,0.3770578321,0.523784611,0.3770299319,0.5234288148,0.3741410353,0.5205542864,0.3748210933,0.5224159247,0.3767049867,0.5232944607
0.3787752167,0.5212168947,0.3846057383,0.5290370129,0.3790555682,0.5212772833,0.3822539648,0.5252064749,0.3760755694,0.5186691496,0.3710918988,0.5145075207,0.379144915,0.521400153
0.2591575856,0.3791719773,0.2772485159,0.4051062129,0.2600365455,0.3802323693,0.2581750019,0.3777960795,0.2720010176,0.3959037474,0.2674334178,0.3891915473,0.261813555,0.3828307601
0.3453265505,0.4780774176,0.2991901658,0.4208144925,0.3422609833,0.4744900122,0.3380522123,0.4685367411,0.3733567165,0.5188929925,0.347694662,0.4810241519,0.3457874626,0.4793789108
0.3354427203,0.4798547561,0.3431711165,0.4912923533,0.3347678685,0.479132532,0.3359749793,0.4800478522,0.335758217,0.4833722119,0.3344288196,0.4826631973,0.3345311009,0.4787936612
0.332648062,0.4745224891,0.3177916466,0.4539398159,0.3340626727,0.4763971856,0.3315148272,0.4727962556,0.3464679897,0.4918336893,0.3409226406,0.4830139036,0.3340196979,0.4763359004
0.2461365677,0.3564000647,0.3017265478,0.4298236042,0.2452554758,0.3555148289,0.2518021191,0.3637623749,0.2723431114,0.3967560524,0.2601347609,0.373582467,0.2413869685,0.3499071592
0.2320049326,0.3395995781,0.2575307756,0.3759351999,0.2338414948,0.3422456341,0.2374715724,0.3474338982,0.2690026179,0.3924936321,0.2504272239,0.3650266229,0.236956383,0.3468045208
0.3534886396,0.4880046806,0.3120039481,0.4350172392,0.3512459005,0.4855310813,0.3452808775,0.4770109763,0.3594732506,0.5012074555,0.3505916078,0.4854579352,0.354036021,0.4893878956
0.2981175324,0.4307176451,0.3102432892,0.4583932896,0.3052900625,0.442310801,0.3070448387,0.4487627009,0.2781749182,0.4112438967,0.2765369204,0.4072926287,0.2970260486,0.4303377202
0.3026646299,0.4361482929,0.2981153512,0.4303679707,0.3023174861,0.4357389374,0.2966226735,0.428044196,0.300155795,0.4324861329,0.2986927625,0.4303585135,0.3018390697,0.435049382
0.3582970903,0.5028210664,0.3401448253,0.4806781833,0.3570524836,0.5011311709,0.3605331122,0.5069180412,0.3757628064,0.5223961862,0.3776454226,0.5258633248,0.3573532616,0.5015533194
0.4323251064,0.5763244668,0.4372054892,0.5820924137,0.4360349521,0.5804706446,0.4275473323,0.5706148916,0.4148793673,0.5587814058,0.4173973452,0.5595948377,0.4347432182,0.5787510264
0.3071362577,0.4612639577,0.3129640422,0.4661475114,0.3104081004,0.4652339953,0.3114618408,0.4660800365,0.3062597735,0.4551010583,0.305745402,0.4580023192,0.3110273447,0.4661621073
0.3226857279,0.4861287821,0.2977698847,0.4472569661,0.3207502128,0.4836033039,0.3182914778,0.4793524526,0.30483643,0.4556932883,0.3146972995,0.4758729844,0.3209513403,0.483906549
0.2826452359,0.4338557449,0.2859789194,0.4369156615,0.2884888101,0.4412405899,0.2865090527,0.4372611019,0.2961077852,0.4451169278,0.28072426,0.4258412368,0.2902693486,0.4439639046
0.3188601721,0.4631264661,0.327391161,0.4744232688,0.3173164289,0.4612166739,0.3192634184,0.4634042733,0.3079605329,0.4503681138,0.3104084466,0.454188248,0.3167550891,0.4604007714
0.3806886372,0.5257135649,0.3833189839,0.5319652397,0.3811038804,0.5261835468,0.3811003622,0.525798186,0.3773900554,0.5223578161,0.3812336341,0.5280461414,0.3808519705,0.5258357391
0.4039858072,0.5444351335,0.4060877018,0.5474336016,0.4033337563,0.5437572292,0.4060873475,0.5469826178,0.3987725774,0.5400229564,0.4001998159,0.5398909454,0.4026553739,0.5428426633
0.2888670606,0.4310115365,0.3111917367,0.4615837185,0.2873904046,0.4291536353,0.2902195536,0.4328272396,0.2830399306,0.4193470671,0.2875266569,0.4314930802,0.2867711701,0.4282289462
0.326295525,0.4887378746,0.3043740187,0.454337965,0.3243278728,0.4861593002,0.3238416217,0.4850973087,0.3153163888,0.4670583172,0.3251888718,0.4857725962,0.3240271972,0.4857085951
0.2726996539,0.4035875137,0.2506909268,0.3660333166,0.2719179537,0.402189912,0.2709235761,0.4006295939,0.3271612116,0.4604834034,0.278079203,0.4038378231,0.2747585316,0.4063913698
0.3806454693,0.5176818303,0.3467215879,0.4698623621,0.3823884001,0.520336309,0.3787412404,0.5157403684,0.361473705,0.4965220029,0.3636909778,0.497419871,0.3841182362,0.5226901894
0.298152415,0.4472619883,0.3224849143,0.4774313284,0.3042995851,0.4546921179,0.3077080705,0.4588350661,0.2952495919,0.4369874266,0.3067767389,0.4578415271,0.3043992201,0.4548409951
0.3422771219,0.4940639287,0.3667697463,0.5250928914,0.3402793731,0.4915629685,0.345612193,0.4983218363,0.3489939397,0.5012535844,0.3469961227,0.4996808766,0.3407840944,0.492292082
0.3512859185,0.4790150756,0.3498245606,0.4776752203,0.3532025307,0.4811019086,0.3467142446,0.4717603856,0.3526539675,0.4825175186,0.3356667305,0.4628017803,0.3558080835,0.484650967
0.302604348,0.4599138254,0.3012212246,0.4538283125,0.3045803891,0.4621269335,0.3052623662,0.462118236,0.2990281646,0.447985639,0.3040217975,0.4609938541,0.3058687394,0.4640816929
0.2576038926,0.3743944695,0.2776898882,0.4015875019,0.2578865845,0.3748826279,0.2580701971,0.3747553477,0.2711890097,0.3935945853,0.2618150479,0.3795983268,0.2582055347,0.3753462769
0.4016820449,0.5581156659,0.4113718855,0.5698998975,0.4015796746,0.5585188991,0.3957460868,0.5512259021,0.3738651039,0.5241634257,0.396039784,0.5524845047,0.4012396485,0.5580459892
0.3905351109,0.5416959777,0.367624743,0.5200775964,0.3830562645,0.5314596766,0.3800711196,0.5306842679,0.3112029195,0.4451148575,0.3582266906,0.5092911776,0.3826429556,0.5308862438
0.3079724906,0.4709380008,0.3175402747,0.4796638761,0.3078942321,0.4698679839,0.3130788982,0.4758041135,0.3194930251,0.479871132,0.3236408157,0.4894538589,0.3100557208,0.4731665657
0.3729704965,0.5297450643,0.3673341718,0.5208170917,0.3727178992,0.5297599597,0.3689176371,0.5250802295,0.3578333061,0.5084034988,0.3623756722,0.5126515286,0.3724635111,0.5293983869
0.3632250381,0.5019189109,0.3636720882,0.5023819323,0.363942326,0.5026195172,0.3650758084,0.5036843667,0.3681983354,0.5121848639,0.3584293076,0.5003241256,0.3643421104,0.5031716362
0.3469065843,0.4598249714,0.3924296346,0.5338142345,0.3485711151,0.4633096234,0.376840505,0.5044455493,0.2799256502,0.3949472352,0.3012004719,0.4183998764,0.3417235481,0.4542080554
0.3063957678,0.4544180715,0.2831309008,0.4189783063,0.3074611924,0.4560400019,0.3087948556,0.4582359652,0.3299842258,0.4809929903,0.326644727,0.4798798751,0.3075398965,0.4561567392
0.3725749874,0.5069745994,0.3293978545,0.4526528283,0.3687005126,0.5027439615,0.3659806927,0.4980397857,0.3953375353,0.5369423583,0.3746338288,0.5091694432,0.3736528072,0.5094966947
0.2645220181,0.3914138626,0.2779610983,0.4125616827,0.2667918429,0.3944322878,0.2605800105,0.3867776307,0.2726743971,0.402385073,0.2720585467,0.4020175621,0.2676301901,0.395671723
0.3020151128,0.4486541871,0.274816669,0.4083557277,0.2999853803,0.4456116593,0.3072448727,0.4587487123,0.3409530051,0.4921140927,0.3205607472,0.4664122838,0.3007565324,0.4467571631
0.369564939,0.5071166744,0.3531671861,0.4806913235,0.3713584651,0.5095367084,0.3688108114,0.5066851877,0.3360054273,0.4716607766,0.3423182913,0.4755175656,0.3727641122,0.5114653808
0.3538892287,0.489931432,0.3385910315,0.4724111804,0.3527639718,0.4884493457,0.3508674507,0.4857215892,0.3801165519,0.5285411738,0.3679191059,0.5080273814,0.3533716378,0.4892907414
0.298715985,0.439545863,0.327132713,0.4792203951,0.2952759509,0.4353203896,0.3028982686,0.4455256039,0.3077102652,0.4501462326,0.3028313388,0.4431239383,0.2948485696,0.4346903085
0.4264831323,0.5732211046,0.4522380445,0.6064389435,0.4271882201,0.5740377979,0.4212801391,0.5679828787,0.4262160569,0.5727142589,0.4216448215,0.5696059181,0.42610049,0.5725761515
0.3534680647,0.52210499,0.3512087625,0.5170016635,0.3527136045,0.5214002556,0.3532670341,0.521863416,0.3257145822,0.4841978165,0.3361236859,0.502296241,0.3520891747,0.5204771898
0.3535023172,0.4840180302,0.3523670632,0.4841141513,0.3544016522,0.4847323003,0.3492339724,0.47723056,0.3521420406,0.4831853858,0.3187964123,0.4410320948,0.3575574249,0.4890486034
0.49820804,0.6530905569,0.4769414819,0.6231416439,0.4965891725,0.6514704592,0.5039898212,0.6593302506,0.4607634442,0.6097031091,0.4900735982,0.6434426015,0.4970353521,0.6520557977
0.3559790184,0.4968215608,0.3731372213,0.5183768176,0.359228035,0.5005254712,0.3625957745,0.5045150494,0.366056109,0.5107854485,0.3622086857,0.5045939538,0.3600383246,0.501654477
0.3326295977,0.4784061496,0.309359129,0.4479517422,0.3300131201,0.4746562358,0.336849444,0.4868590967,0.3644663625,0.5107551617,0.361557471,0.5149875199,0.3297713043,0.4743084333
0.3963448103,0.561086123,0.3720989315,0.5293707622,0.3968533489,0.561875545,0.3883994452,0.5509367417,0.3769903797,0.5379558969,0.3922700069,0.5605698018,0.3965883385,0.5615003363
0.3677849797,0.5080692874,0.358339249,0.4933249313,0.3680995335,0.5086440287,0.369147183,0.5097790224,0.3613375849,0.5037892786,0.3612933621,0.5008968221,0.368448751,0.5091265814
0.3400916676,0.4792715867,0.359399349,0.5045719255,0.3408123925,0.4802533723,0.3388633695,0.4773699689,0.339111067,0.4807518461,0.3358298748,0.4737394927,0.3409097202,0.480390521
0.2287710406,0.3317617038,0.2273785525,0.330379183,0.2289190061,0.3320334184,0.2360875019,0.3422920919,0.2634598142,0.3825137338,0.2527953445,0.3656239413,0.2309588602,0.3349921055
0.3907404351,0.5476431135,0.3839267197,0.5374858656,0.3908019731,0.5479628721,0.3854177149,0.5412323361,0.3632935651,0.5128354014,0.376670256,0.5279393938,0.3904732547,0.5475019596
0.3402708839,0.4743722257,0.3319217731,0.463394172,0.3416945182,0.4761382019,0.3375461349,0.4699063899,0.3494571922,0.4822953049,0.3242573235,0.4525732049,0.342477923,0.4772298464
0.2968046658,0.4270308783,0.3019955005,0.4331733888,0.2974017516,0.4279117485,0.2935828497,0.4222614045,0.2950457201,0.4254153126,0.2971493965,0.4274107683,0.2966417105,0.4268181757
0.2822205781,0.4020578254,0.2375811888,0.3421424381,0.2819602871,0.4017028731,0.2777652508,0.3960820259,0.2910484034,0.4180835816,0.2897680591,0.4141113982,0.2818131538,0.4014932554
0.3769652694,0.5245927987,0.3604335668,0.5019661217,0.376504301,0.5238381752,0.3773857064,0.5250639105,0.3762460683,0.5197363606,0.3888736259,0.5399061307,0.3759877357,0.5231194673
0.3338457866,0.4863015326,0.3287802591,0.4815623357,0.333383761,0.4857601006,0.3346506343,0.4873771184,0.3376545562,0.4902460679,0.3379547939,0.4925206521,0.333123372,0.4853806982
0.2513970195,0.3617039461,0.2456608364,0.3468312422,0.2533881902,0.3629557358,0.2341329876,0.3349969225,0.3185442232,0.4414996232,0.2601883066,0.3671427618,0.2568556797,0.3679226018
0.3105492134,0.4665435303,0.3008372856,0.4520696177,0.3118670239,0.4682295774,0.3125082232,0.46879321,0.3103835859,0.4606448737,0.3126930585,0.4655779009,0.3122162533,0.4687539019
0.2441704194,0.3625138461,0.265834232,0.3957489379,0.2490240177,0.3688741655,0.2439760901,0.3630529351,0.2764532677,0.4055908734,0.2624046308,0.3845828723,0.2524044305,0.3738815016
0.4285481801,0.5688257014,0.4353653656,0.5774551465,0.4298089585,0.5706482755,0.426095925,0.5661200555,0.4156622109,0.5568675458,0.4155403874,0.553056798,0.4305077778,0.5715760831
0.3250052696,0.4834868636,0.3012863476,0.4511172419,0.3252971317,0.4842177253,0.3161702891,0.471778118,0.3042068623,0.4530459862,0.3136882726,0.4690733723,0.3237892994,0.4819732568
0.3415052433,0.4783604697,0.32844684,0.4626538968,0.3411420646,0.4780796662,0.3365402019,0.4717601936,0.356538887,0.4991112619,0.3484482063,0.4865910801,0.3405248125,0.4772146434
0.3977153023,0.5473106153,0.3860814361,0.5312120619,0.3976476078,0.547146385,0.3960978395,0.5451833678,0.3877137225,0.5326580872,0.3919017249,0.5413327044,0.3977672172,0.5473109626
0.3648744056,0.5110317234,0.3989069503,0.5553746484,0.3637147481,0.5095486155,0.3705114768,0.5181524685,0.3713681343,0.5208308401,0.3571932798,0.5002423684,0.365078939,0.5114597879
0.3576414994,0.5021881682,0.341001951,0.4831072811,0.3563599309,0.5004389562,0.3591960873,0.5055828525,0.3728555765,0.5187710986,0.3733223104,0.5218546367,0.3565405142,0.5006925506
0.3596178936,0.5085979153,0.3564246298,0.5076930858,0.3596917582,0.508726916,0.3595269741,0.5083988845,0.3590836447,0.5107253581,0.3603024987,0.5087296987,0.3595582722,0.5085381212
0.3206328109,0.4520020079,0.3326445779,0.4631843357,0.3195274402,0.4503370636,0.3190242132,0.4494740853,0.329784232,0.4701775444,0.3344361098,0.4701416462,0.3185783604,0.4489994451
0.2858215107,0.4114520161,0.267094563,0.3882852846,0.2863063744,0.411941762,0.2800675901,0.4043584455,0.2975776654,0.4289443886,0.2919298981,0.420590906,0.2858007406,0.4112142488
0.3616000851,0.5083083008,0.3704907596,0.5189886565,0.3625152497,0.5092865584,0.366771519,0.514483277,0.3547554249,0.5011610008,0.3579256493,0.5026264445,0.3626797771,0.5095176979
0.3098332899,0.4618752995,0.3482828343,0.5125670619,0.3119936448,0.4641355111,0.3246664826,0.4812790017,0.3296709986,0.4867723445,0.3234861842,0.4813144239,0.3123790284,0.4647088248
0.3125463658,0.4627404405,0.3177000187,0.4699711236,0.3145645307,0.4651018162,0.3164547191,0.4671800162,0.3045411523,0.4493263626,0.3082298891,0.4551975027,0.3144648735,0.4649544672
0.295202657,0.4406656356,0.317130169,0.4692863894,0.2963189791,0.4419202375,0.2996501272,0.4460963365,0.2865637445,0.4258225094,0.2936772794,0.4405731691,0.2960082715,0.4414568586
0.4738729498,0.6394542067,0.43646091,0.5927071793,0.4743821392,0.6398528261,0.4686164426,0.6316935825,0.4096388258,0.5707226836,0.4270891438,0.5883150168,0.4745451247,0.640072663
0.1996815691,0.2838434424,0.2810908913,0.4020988576,0.2035264575,0.2902288883,0.2227113701,0.3176004625,0.2505023539,0.3585213202,0.2052741229,0.2922127309,0.2019004286,0.2879101698
0.3504573854,0.4915122467,0.3454246651,0.483364172,0.350909165,0.4923604067,0.350431779,0.49122537,0.3489420059,0.490840986,0.3496053537,0.4913998092,0.3507657915,0.4921592393
0.4453528294,0.589750742,0.4596216157,0.6072616553,0.4497439664,0.594473077,0.4379198822,0.5815500548,0.4210268933,0.5628684217,0.4261998207,0.5674870564,0.4488391282,0.5932770589
0.2994238348,0.458524063,0.303008531,0.4583137802,0.3002543296,0.4588738735,0.3018205415,0.4597279833,0.3005383095,0.4523027441,0.3019767693,0.4575779229,0.3021161734,0.4617192996
0.3853591823,0.5209001339,0.3654131873,0.4953492846,0.3839974148,0.5191379667,0.3860037577,0.5210307022,0.4070018259,0.548503797,0.4028481928,0.5413558432,0.386027246,0.5218821581
0.3532621454,0.5026756833,0.3331770021,0.4747277812,0.3533059865,0.5026177687,0.3550277408,0.505602225,0.3540659326,0.5029172881,0.3525188316,0.5000421223,0.352292783,0.5011763719
0.2695280086,0.4142493564,0.244458287,0.3719012661,0.2679943905,0.411500111,0.2722166011,0.4185715496,0.3261798884,0.4776358042,0.3037617097,0.4551311283,0.2729079706,0.4190448167
0.383764723,0.5243721305,0.382858031,0.52132808,0.3838518336,0.5243089536,0.3885761113,0.5303752132,0.3851930275,0.5265516928,0.3865421744,0.52804932,0.3837336279,0.5241474946
0.3489892943,0.4900332373,0.3469649181,0.4859676031,0.3500426652,0.4916189981,0.3492106079,0.4900411638,0.3452182997,0.4866439697,0.3443401781,0.4873916827,0.3498741261,0.4913822926
0.273737297,0.3980617974,0.2806515148,0.4080547846,0.2739905817,0.3982535892,0.270344049,0.3933601749,0.2744144232,0.3975981053,0.2720919482,0.3946339462,0.274772184,0.3993896718
0.3334904209,0.4923443124,0.3520955252,0.5153381986,0.3328492622,0.4915936853,0.3369240931,0.4968003976,0.3273480409,0.4805379036,0.3467400745,0.5097318808,0.33251878,0.4911055876
0.2100533609,0.3280130685,0.2233403227,0.3410347758,0.2065039724,0.3208465736,0.2093111576,0.3236822775,0.2595018286,0.3838195141,0.2270102198,0.3405244461,0.2117367763,0.3289768153
0.3517020637,0.4936821652,0.3625552061,0.508493451,0.3519115646,0.4939514469,0.3514329993,0.4930050722,0.3435070647,0.4841016869,0.3458030977,0.4880178141,0.352432401,0.4946825053
0.3590097118,0.4968419688,0.3745664238,0.5187283312,0.3640161042,0.5026094197,0.365740566,0.5046301686,0.3852711352,0.5337194576,0.3593277811,0.5008696071,0.3636015803,0.5020370725
0.4030572116,0.5689541912,0.400186589,0.5649360481,0.4032355121,0.5696812471,0.3996953714,0.5652166198,0.3804617928,0.542693639,0.3823851141,0.5455651241,0.4023265958,0.5683971525
0.5335284453,0.6895622784,0.4788177403,0.620075664,0.5291462695,0.6845902235,0.5216470823,0.6733567288,0.4626046027,0.611121353,0.5030524847,0.6524835032,0.5240466554,0.6779925279
0.404833522,0.5459246691,0.4075358613,0.5503335203,0.4044731839,0.5456470118,0.4060040089,0.5471947833,0.4001172275,0.5417280289,0.4007136266,0.5405921699,0.4041236776,0.5451755169
0.3219691586,0.4681285699,0.3610793834,0.5191864775,0.3240049965,0.4702523703,0.3343618272,0.4836697399,0.342398394,0.4927257971,0.3302186114,0.4768516503,0.3249340282,0.4716007426
0.2788780594,0.4234686208,0.3167033914,0.4737652493,0.2840772098,0.4295853284,0.2923034886,0.4406203482,0.3019077468,0.4501029882,0.3080106887,0.4641936623,0.2845564594,0.430310056
0.358089387,0.4946230268,0.3234626467,0.4465192677,0.3592731646,0.4965255858,0.3527021168,0.4874475506,0.3499883332,0.4898480928,0.3566469428,0.49375776,0.3606920254,0.4984864912
0.3676510841,0.5184030341,0.3524382199,0.4978258502,0.3681316154,0.5189539989,0.3679462321,0.5193235458,0.3601521068,0.5094515329,0.3562612849,0.5047457582,0.3682663045,0.5191438697
0.3669463744,0.5126818683,0.3733788464,0.5260197369,0.3661871541,0.5116902257,0.3654412007,0.5104838361,0.3558149615,0.5035066142,0.3464324353,0.4911764227,0.3666479426,0.5123341067
0.3688971745,0.5080395559,0.3592848771,0.4920429585,0.3697794703,0.5092360546,0.3691956754,0.508680969,0.3584341134,0.5019971089,0.3583994811,0.4973578682,0.3708964049,0.5107742238
0.2886183251,0.3972237918,0.2970880664,0.4066724153,0.2921639515,0.4011471251,0.2742841713,0.37749169,0.3283319883,0.4493825399,0.2859799731,0.3957015766,0.2945553437,0.4044305558
0.3997473059,0.5369502284,0.3833263503,0.5124042106,0.4013583227,0.5389155141,0.40252428,0.5413734691,0.3745957536,0.5082700619,0.3939850649,0.5289548159,0.4015463593,0.5391679962
0.3139514304,0.4518199649,0.2897052337,0.4161165988,0.3133584564,0.4512333989,0.3180104019,0.4587673962,0.3419806303,0.4802155832,0.3267503141,0.4671772182,0.3130952754,0.4508544205
0.2575433239,0.3783945012,0.2963646657,0.4335541984,0.2584437213,0.3797674597,0.258519523,0.3793609008,0.2773096192,0.4053871263,0.2677108255,0.3896170946,0.2595452861,0.3813861428
0.3509626296,0.493038803,0.3500827392,0.4906975241,0.3515142533,0.4939622055,0.352057573,0.4941509907,0.3485652789,0.4906255243,0.3496895143,0.4932181579,0.3513924192,0.4937909992
0.3797266508,0.5232484613,0.3878801848,0.5323461009,0.3799098807,0.5232914121,0.3855396821,0.5303059335,0.381895022,0.5251555588,0.3751479752,0.5188028098,0.380224676,0.523725014
0.3516550738,0.4910193203,0.3274949521,0.4598131873,0.3475282366,0.485689304,0.357405458,0.5003286044,0.3801285372,0.5242155459,0.3780229465,0.5223560538,0.3474391093,0.4855647438
0.2949444356,0.4405698803,0.3059539183,0.4584695974,0.293844421,0.4390133921,0.2933032623,0.4376891667,0.2835769939,0.4254511855,0.2856564365,0.430686857,0.2937390436,0.4388559546
0.4513345474,0.6086674706,0.4385805594,0.5911905906,0.4516163723,0.6088935112,0.4494858046,0.6056590447,0.4205433472,0.5675714828,0.4573607646,0.6172474069,0.4527741571,0.6104544991
0.2627909183,0.3807896957,0.2477079665,0.3627815612,0.2635216236,0.381477427,0.2611666536,0.3795735633,0.2766919558,0.4002346236,0.265055553,0.3845551906,0.2646551647,0.3831183563
0.3360490729,0.4834634347,0.3444836417,0.4987978092,0.3337255581,0.480636787,0.3350259775,0.4817725679,0.3367458174,0.4858028951,0.3347176754,0.4849291209,0.3334996708,0.4803114606
0.3957784182,0.5290925513,0.3772869189,0.5070570965,0.3965820478,0.529936274,0.3989665416,0.5318383091,0.4140726708,0.5519896483,0.4172088322,0.5545509284,0.3994447484,0.5337615829
0.3095179675,0.466293588,0.2839377474,0.4278078744,0.3093042716,0.4659899405,0.3127486646,0.4715120267,0.3170068345,0.4734572855,0.3138738645,0.4725700364,0.3092121036,0.4658510826
0.374851492,0.5215722205,0.3613463749,0.5046644138,0.3755386037,0.5224195144,0.3755359881,0.522784757,0.3838935209,0.5305167106,0.3797440955,0.5255400273,0.3760619007,0.5231474837
0.3940006704,0.5330929097,0.3791317343,0.5144644026,0.3909430057,0.5295312703,0.39558501,0.5347044555,0.4018087863,0.5445348902,0.4019426853,0.5416862652,0.3905701085,0.5290261821
0.2691833309,0.4081005429,0.2587807023,0.3900518393,0.2683754948,0.4066517825,0.2693921816,0.407609828,0.2951924932,0.4378581305,0.2824693677,0.4235321733,0.2711934573,0.4109216563
0.3190775216,0.4474695147,0.2616640131,0.3708696267,0.3201477317,0.4492082496,0.3096759673,0.4346014597,0.3256982863,0.4620053816,0.3095013292,0.4358444955,0.3211598832,0.4506284276
0.3095521346,0.4587140718,0.31645584,0.4681577768,0.311000907,0.4603753378,0.3128560156,0.4623959662,0.3005021463,0.4429813364,0.3063632117,0.4530374461,0.3108303403,0.4601228475
0.3649537769,0.4978719561,0.3554795282,0.4850456869,0.3667534527,0.4999308648,0.3634767104,0.4947589006,0.3518613621,0.4819752587,0.3542573519,0.4893117822,0.3680474531,0.5016947493
0.2828579444,0.4150258976,0.2784272578,0.4075267848,0.2833804214,0.4158654138,0.2805109193,0.4113987683,0.2978547171,0.4303258351,0.2770505119,0.4044158311,0.2835618336,0.4161316391
0.3911574722,0.5277234971,0.4025109755,0.5434681379,0.3944503099,0.5311021469,0.3973891264,0.5345815389,0.4283143111,0.5732185125,0.4097379534,0.5499920745,0.3945527537,0.5312400808
0.4030803968,0.5411693817,0.4104597316,0.5514640216,0.4013421677,0.5388714021,0.4000601422,0.5384309175,0.3930935745,0.5334533709,0.396378242,0.5343662582,0.4006006388,0.5378757711
0.3527963104,0.4952811266,0.3310288279,0.4668452622,0.3506251086,0.492433422,0.3569020832,0.5019939187,0.3724224368,0.517205183,0.376147463,0.5255368059,0.3503998757,0.4921170951
0.360279014,0.4995299981,0.3506837557,0.4839364694,0.3616596646,0.5014469476,0.3601544369,0.4993807509,0.3511440439,0.4916800297,0.3547085897,0.4943886833,0.3623597873,0.502417679
0.3597779956,0.519390024,0.3493274421,0.5032923223,0.3589028032,0.5185372401,0.355784042,0.5146613325,0.3500655506,0.504929397,0.3543308843,0.5115842669,0.3579738039,0.5171950363
0.2267771578,0.3326273332,0.2223195444,0.3333401254,0.2362615159,0.3455577363,0.2422203166,0.3576728625,0.3020698047,0.4401784241,0.2615839102,0.3822825328,0.2378765246,0.3479198592
0.3096218881,0.4548794983,0.3201240414,0.4689205709,0.3086318862,0.4535704544,0.3105816975,0.4558311989,0.302278939,0.4437039809,0.3040244683,0.4464026425,0.3079804961,0.4526131609
0.4336814037,0.5796513661,0.4313048325,0.5751200962,0.4350786649,0.5813145636,0.4303969006,0.5755471113,0.4170405248,0.5610183287,0.4200076355,0.5615796852,0.4346088868,0.5806868867
0.2965703966,0.4506417257,0.2707511539,0.409582876,0.2957771709,0.4495150688,0.2981570541,0.4524215827,0.3115765326,0.4615891082,0.3037207272,0.456586874,0.2978351829,0.4526427862
0.3231230854,0.4660974376,0.3338836663,0.4801102272,0.3208290201,0.4633080531,0.3231584767,0.4659967757,0.3329222991,0.4781823042,0.3306680882,0.4752052847,0.3207874236,0.4632479836
0.2864053021,0.4148030346,0.2796050703,0.4073981907,0.2866316474,0.4150216346,0.280115524,0.4068522442,0.2948121159,0.425975362,0.2957141184,0.427245672,0.2863598684,0.4146281184
0.33277494,0.4860024436,0.320922595,0.472254028,0.3327095705,0.4860389535,0.333285277,0.4874509016,0.3376848727,0.490818922,0.336893072,0.4908346698,0.332017605,0.4850280954
0.4224985937,0.5649079261,0.4239681303,0.5673216939,0.4246936034,0.5672811615,0.4195133401,0.5609373855,0.4103271888,0.5534560829,0.4171144658,0.5604874128,0.4245955284,0.5671501587
0.299802572,0.4436299022,0.2807094724,0.4142231346,0.3011770383,0.4457103047,0.3006772748,0.444964266,0.3278642209,0.477127413,0.3124107787,0.4590812077,0.3015247878,0.4462249374
0.316689208,0.4698910152,0.3420597705,0.5017839347,0.3180602239,0.4714315962,0.3232507379,0.4780421132,0.3191625875,0.4684765243,0.3362604909,0.4951582724,0.3180376042,0.4713980691
0.386620663,0.5317013678,0.3873843051,0.5349371301,0.3873687038,0.5326026432,0.386833121,0.5316256399,0.3818862683,0.5268589933,0.3873678996,0.5341055679,0.3868810286,0.5319321267
0.4369819676,0.5827127495,0.4537529942,0.6035744805,0.4399199209,0.5859530825,0.4301186363,0.575273429,0.4232220814,0.5658501292,0.4264014773,0.5719227665,0.4384232769,0.5839596216
0.4134261466,0.5613718187,0.4325204285,0.5854125842,0.4126325716,0.5604881223,0.4088505914,0.5565432891,0.4102713737,0.5545812163,0.4096405681,0.5559184297,0.4117323113,0.5592652785
0.370228481,0.5167026401,0.3719752728,0.5227661872,0.3705976452,0.5171642931,0.369980573,0.5160250969,0.3714429855,0.5174232616,0.3756684948,0.5233260085,0.370413681,0.5169075734
0.3418100513,0.4984389243,0.3191431646,0.4695663758,0.3417149553,0.4985141576,0.333009295,0.4876096362,0.3163683365,0.4637333764,0.3369915788,0.4909723658,0.341025565,0.4975084339
0.3570851673,0.491987528,0.320800067,0.4462890966,0.3542364154,0.4886525831,0.3500624127,0.4825476385,0.3756489714,0.5216018303,0.3565691982,0.4924360177,0.3570311651,0.4925078098
0.3688651204,0.5161791996,0.3593306775,0.5062695769,0.3696384133,0.5170956109,0.3688728976,0.5164557161,0.3719858582,0.5186194329,0.3710409238,0.5199769291,0.3700694831,0.5176986443
0.4286922924,0.5777293603,0.4486435369,0.6027969775,0.4309689565,0.5805011056,0.4222656872,0.5708466392,0.4154608833,0.5598907675,0.420062365,0.5678949502,0.4288843694,0.5776932349
0.4527089333,0.5967103155,0.442455298,0.5808078013,0.4481397076,0.5911147047,0.4552286588,0.599127784,0.4238385155,0.5639559932,0.4500301474,0.5935830099,0.4497570061,0.5932479878
0.3409641295,0.4800291622,0.3330751555,0.4693253281,0.3403300857,0.4794976183,0.3371071762,0.4747781402,0.3474049024,0.4886960895,0.3428532304,0.4831409687,0.3400241505,0.4790665803
0.3117088944,0.454751237,0.3444066176,0.4986346697,0.3107297877,0.4533725413,0.3197605565,0.4651234858,0.3105099194,0.4512961435,0.3093011907,0.4498553328,0.311141298,0.4539729583
0.3082259807,0.4625229066,0.281556961,0.4223864139,0.3081456172,0.462400238,0.3120940077,0.4689646455,0.3336958653,0.4901112872,0.3187298772,0.473296045,0.308156838,0.4624170758
0.2973029886,0.4506092499,0.2918471411,0.4455581931,0.2982509014,0.4522317331,0.2956663336,0.4485116021,0.2953652551,0.4459988184,0.2874560893,0.4390219496,0.2963340005,0.4493251755
0.423024887,0.5685485792,0.4374288323,0.5864527129,0.4233286618,0.5688118198,0.4183269693,0.5635081769,0.4044211944,0.5446764742,0.4100577384,0.5511210623,0.4224643041,0.5676504128
0.4017222518,0.5507946666,0.3933922637,0.5391799756,0.4028712937,0.5522696731,0.3995099632,0.5480788466,0.4008100516,0.5470155634,0.4122056446,0.5633838609,0.4029759645,0.5524131594
0.2806909337,0.425771646,0.2929272711,0.4461398887,0.2815700139,0.4268873123,0.2777273778,0.4207323564,0.2835714303,0.4280148761,0.2780291218,0.4211569767,0.2820020824,0.4275423699
0.3435006255,0.495497567,0.3220903428,0.4652290435,0.3436867947,0.4956467524,0.3454496294,0.4989195154,0.3457729746,0.4966327201,0.3409394521,0.4900745101,0.3427096706,0.4942375963
0.558594729,0.7161983676,0.4980226276,0.6372417156,0.5553441856,0.7134334036,0.5490130175,0.703052981,0.4694430118,0.6184824972,0.5051888222,0.6517632208,0.5456344714,0.7009596356
0.3209357522,0.4595147582,0.3274198287,0.4697176149,0.3193024583,0.4578709775,0.3179544963,0.4558438168,0.3370533732,0.4811392028,0.3257591887,0.4672472162,0.3183717833,0.4565364152
0.2884223849,0.4323792602,0.3051608217,0.4548614846,0.2889834075,0.4330823198,0.2893550138,0.4332330168,0.2800962809,0.4177630569,0.2843472266,0.4288002586,0.2885553226,0.4324407744
0.419609957,0.5687656169,0.450343691,0.6088962815,0.4199724088,0.5693805006,0.4166733581,0.5663574261,0.432141998,0.5809717563,0.4235245724,0.572982265,0.4188105853,0.5678053503
0.3903745809,0.5400577346,0.3744245197,0.5185273457,0.3900421658,0.5393773377,0.3888909711,0.5376330375,0.3684874165,0.5173533958,0.374291237,0.52340508,0.3904111345,0.5398875732
0.3556158226,0.4961194324,0.348198808,0.4847936897,0.3555948853,0.4963364144,0.3554102454,0.4956051593,0.3552847812,0.4971765252,0.3553552912,0.4963846104,0.3556698784,0.4964410891
0.2640195223,0.379402177,0.3050075219,0.4310195138,0.2601752077,0.3740553405,0.266019573,0.3815320458,0.2678240748,0.3886805286,0.2786178371,0.3976765786,0.256291129,0.368471179
0.3818900966,0.5256790072,0.3672465978,0.5070228012,0.3816629827,0.5254586226,0.3831424773,0.527373323,0.3860963871,0.5295660628,0.3875378891,0.5302438278,0.3816895302,0.5254951721
0.3826953771,0.5246207299,0.381563206,0.5293620105,0.3830772662,0.5250260995,0.380144252,0.521322095,0.3885842187,0.532360426,0.3930192719,0.5351101705,0.3835358148,0.5256545628
0.429677723,0.5682749473,0.418658971,0.5517983531,0.4246990793,0.5620712182,0.4323363697,0.5708648666,0.4087174232,0.5502725115,0.4294053657,0.57301006,0.4252917676,0.562855616
0.2710911556,0.3961635497,0.2745394893,0.4027828181,0.2718795878,0.3969890776,0.2665328896,0.3904678104,0.2751971762,0.3996696259,0.2733551761,0.398204186,0.2729693573,0.398580321
0.3381042901,0.4835147364,0.3180605021,0.4550828312,0.3390794759,0.484846076,0.3396860464,0.4859432771,0.3457793812,0.491960927,0.3459611756,0.4908531514,0.3378930364,0.4831495991
0.406128519,0.5430027257,0.4026658642,0.5376005931,0.4079476971,0.545083459,0.410497903,0.5481471932,0.4115669428,0.5511868697,0.4075055093,0.5437683011,0.4068929564,0.5436741565
0.3418257043,0.4937773805,0.3392578068,0.4913012273,0.3416093723,0.4934604277,0.3434372707,0.4956601464,0.3381886734,0.4882883313,0.3421905322,0.4936045712,0.3418205504,0.4937654779
0.3804666024,0.5258274046,0.3844144088,0.5318501953,0.3805560156,0.5258903063,0.3827517438,0.5283393444,0.3787479081,0.5224145922,0.3768233965,0.5224809833,0.3802604922,0.5254819226
0.4769588022,0.6440127546,0.4458825298,0.604559163,0.4784292422,0.6457691512,0.4750857529,0.6407517924,0.4117501972,0.5738730723,0.4360315408,0.5999694462,0.4779604683,0.6451364146
0.2498850589,0.3611159655,0.2437262618,0.3453455851,0.2514736787,0.3618955472,0.2330547867,0.3347563694,0.3186562758,0.4417577922,0.2612738832,0.368829933,0.2545332107,0.3662985169
0.4470485583,0.6031100441,0.4554524731,0.6128150358,0.4508784163,0.6077498066,0.4424444781,0.5980111263,0.4423809101,0.5932739732,0.4711071057,0.6287755316,0.4501828357,0.6068122169
0.2898790445,0.4166077905,0.2977651974,0.4257114293,0.2902395389,0.4171810389,0.2872576487,0.412546977,0.2935973679,0.4230511279,0.294507681,0.4233789629,0.2891653837,0.4156370825
0.2969850289,0.4183535552,0.2221191377,0.3211866684,0.2982302165,0.4206924354,0.2960744803,0.4179035645,0.3385253135,0.4788320019,0.2995649933,0.4234432902,0.3005028973,0.4238983468
0.4415135618,0.5944009526,0.4623784229,0.6206653372,0.4460683128,0.5999187787,0.436351078,0.5892525353,0.4305842244,0.5796708082,0.4401730877,0.593297904,0.443782531,0.596844623
0.369997162,0.5132666993,0.3773760872,0.5240366752,0.3696249469,0.5126000472,0.3713334976,0.5145861762,0.3563161716,0.5008564094,0.3551384611,0.4991937381,0.3701629163,0.5133461091
0.303634281,0.4683190301,0.2871946385,0.4387140501,0.3007590438,0.4637417445,0.3014235473,0.4626235078,0.3006082844,0.4529992337,0.2955911153,0.4502319698,0.3028339711,0.4669410843
0.3720981536,0.523017353,0.3686025163,0.5185660123,0.3722975879,0.5233430754,0.3715919443,0.5225970595,0.3633821974,0.5123440641,0.3645264027,0.5118102731,0.3727460453,0.5239734773
0.3585776691,0.4999940617,0.354721147,0.4932391964,0.3588224986,0.5004946569,0.3601656785,0.5017875257,0.3533698543,0.4951188079,0.3550957912,0.4965594426,0.3589148027,0.500623405
0.34898338,0.4868757781,0.3397302921,0.4714250464,0.3509590099,0.4895694748,0.3478358505,0.4852463583,0.3451818419,0.4859193826,0.347058698,0.4867804704,0.351423163,0.4902169442
0.3587810856,0.497638288,0.3698551689,0.5125469303,0.3616979378,0.5009566443,0.3632261478,0.5026001617,0.376405877,0.5234476403,0.3606213008,0.502260204,0.3618169138,0.5011214276
0.3204093045,0.451387131,0.2814342015,0.3990689589,0.3210000757,0.452314507,0.3114282721,0.4391379836,0.3310440724,0.4703725405,0.3272283875,0.4622268377,0.3210289338,0.4523551703
0.3379324497,0.4969447389,0.3374900669,0.4934689168,0.337241554,0.4962800902,0.33632637,0.4948466704,0.3200644656,0.4710663114,0.338132667,0.4969689009,0.3368070268,0.4956406457
0.3033533488,0.4382265044,0.3232386161,0.4658236749,0.3028649432,0.4377262698,0.3014995395,0.4351999434,0.299614618,0.4340636073,0.3031975117,0.4373532627,0.3023401078,0.4369677328
0.3661945564,0.5220602987,0.352457771,0.5023636436,0.3661203389,0.5220425154,0.3639653587,0.5197269281,0.3588504233,0.5104682022,0.3626419098,0.5150796568,0.3656202003,0.5213293793
0.4014774967,0.5593480624,0.3934786841,0.5478455578,0.4015067146,0.559539458,0.3957192252,0.5521916076,0.3674258551,0.5163833442,0.3899914576,0.5439205153,0.4012612571,0.5591973885
0.2971336618,0.4476055681,0.3183502892,0.4733459536,0.3029464081,0.4546460036,0.3055874026,0.4576627863,0.2962553417,0.440594444,0.3073479474,0.4599560479,0.3032698314,0.4551313802
0.3601182237,0.4972217296,0.3296496616,0.4556096808,0.3600143856,0.497465285,0.3549558567,0.4902973819,0.3556934813,0.4970604686,0.358420103,0.4951343595,0.3612367756,0.4991543747
0.39779225,0.5360179516,0.3908151065,0.5244808813,0.3980337622,0.5360879917,0.4012852572,0.540991776,0.3838666981,0.5231598709,0.3886734909,0.5267592718,0.3979216062,0.5359369355
0.4668389379,0.6146341068,0.4722093466,0.6188574488,0.4696720243,0.6176130427,0.4622230654,0.6097460281,0.4368298087,0.5794030207,0.4486840373,0.587855315,0.4684887003,0.6160569859
0.37441897,0.5205697378,0.3719367277,0.5211018883,0.3753155433,0.521666653,0.3738102937,0.5196146747,0.3774263212,0.5241707185,0.3836013495,0.5317136007,0.3750666701,0.5213207338
0.5044465407,0.6565647103,0.5119688724,0.6622808895,0.5063240554,0.6578485577,0.5059184301,0.6603473713,0.4483747425,0.5937051497,0.4818761542,0.6283177385,0.5050724968,0.6562224528
0.2913685807,0.4189537252,0.3000422758,0.4293055802,0.291853748,0.4197081283,0.2887616712,0.4149247838,0.2942663046,0.42397348,0.2947706282,0.4236555717,0.2908173871,0.4182177616
0.3908587078,0.5371741239,0.4202633773,0.575364402,0.388793028,0.5347159948,0.3915409942,0.5385036758,0.4136065951,0.5626406039,0.3983376355,0.5462720239,0.3894648416,0.5356399555
0.4089495521,0.5474754844,0.4108564673,0.5511664569,0.4091586761,0.5477863798,0.4091250023,0.5478741666,0.4010916488,0.5406038973,0.4047120602,0.5432668835,0.4089082649,0.5474511264
0.2994611386,0.4243347766,0.315819013,0.4523013385,0.2982035543,0.4226170277,0.3011908544,0.4280365376,0.2886031566,0.4143055582,0.3036659597,0.4357930423,0.2985417188,0.4230962778
0.3464186617,0.4825784011,0.3363654115,0.46487056,0.3479886881,0.4846002729,0.3448918025,0.4805061606,0.3428418204,0.4831809245,0.3427899608,0.480307568,0.3488034578,0.4857349007
0.3589443437,0.5110698578,0.3395247254,0.4838510054,0.3589544034,0.5109641527,0.3587042666,0.5111186004,0.3557997468,0.5053812917,0.3513562029,0.4987404201,0.3579597374,0.5095482662
0.483551468,0.6456534841,0.4725422676,0.6302341331,0.4849100468,0.6470530981,0.486393397,0.6490391227,0.4543202742,0.6076896264,0.4718431652,0.6281830588,0.4852392259,0.6474923474
0.2491829503,0.3595320318,0.2496588192,0.3541055386,0.2501069576,0.3600664607,0.232939644,0.3344994501,0.2989227475,0.416827362,0.2536061772,0.3585119717,0.250761278,0.3610084531
0.2952514148,0.4308629816,0.3086157362,0.4501624573,0.294347223,0.4296162515,0.2925649084,0.426910653,0.2879448593,0.420087037,0.2926609112,0.4289758154,0.2943435781,0.4296109315
0.3452364686,0.4978571996,0.3344706095,0.4848334709,0.34531145,0.497951808,0.3459470959,0.4991803442,0.3432774085,0.4945561624,0.33916525,0.4908527309,0.3456984179,0.4985098299
0.4569016627,0.6226253165,0.4497397637,0.6133860477,0.4591261274,0.6253479881,0.4580076828,0.6242393815,0.407627585,0.5675458801,0.4162313385,0.5762079585,0.4591058558,0.6253203775
0.3808146615,0.5173442227,0.3501291156,0.4761764976,0.3795304373,0.5160739462,0.3785339681,0.5142839368,0.3910205952,0.5299745888,0.3945666001,0.5316099463,0.3815211538,0.518780862
0.424923894,0.586021364,0.4338404237,0.5974794568,0.4262720607,0.588037914,0.4225417584,0.5836942106,0.38995245,0.5474282385,0.4096172665,0.5695864139,0.4261477939,0.5878664893
0.3978404995,0.539232462,0.4009694188,0.5436727811,0.3969242171,0.5381177882,0.4002817079,0.5421132285,0.3887508777,0.5299719481,0.388961042,0.5296601459,0.3963572724,0.5373491705
0.3895142227,0.5316390153,0.4033908095,0.5482967366,0.3886335881,0.5303499601,0.3937273274,0.5368486479,0.3985209867,0.5396231801,0.3967366574,0.5377712675,0.3893257235,0.5312944847
0.3092753153,0.436016715,0.2821813021,0.3955444709,0.3104331164,0.4370460771,0.3122157121,0.4407340941,0.3447926058,0.4776038868,0.3129384297,0.4384039927,0.3135347469,0.4414127357
0.3831615128,0.5343244447,0.3807057312,0.5307119684,0.3838639338,0.5353795775,0.3811172384,0.5321432226,0.3698787462,0.5200236624,0.3783843424,0.530659013,0.3840628967,0.5356570733
0.3034763866,0.4524493316,0.3114701128,0.4629181042,0.3056121977,0.4549867553,0.3069399533,0.4562825902,0.2935565843,0.4357637633,0.3023089832,0.4516967515,0.3056204161,0.4549989906
0.4742247019,0.6264405601,0.4866109516,0.6401122275,0.4808284391,0.6337554405,0.4703676715,0.6230647068,0.4435189865,0.5893949437,0.4804898848,0.6314364549,0.4783644627,0.6305077988
0.3004765769,0.4381759671,0.3178103243,0.4635127176,0.2988207141,0.4359763451,0.298374506,0.4348653957,0.296187612,0.4347780561,0.3008786859,0.4402216371,0.2988390302,0.4360030681
0.3607617995,0.5162206136,0.3678160786,0.5238975582,0.3590681965,0.5144659831,0.358392152,0.5135546236,0.3466198711,0.4954049454,0.358929991,0.5129095353,0.359105984,0.5145201243
0.4062842655,0.559300634,0.4090791571,0.5619096985,0.4079012502,0.5616288178,0.4006217366,0.5527031299,0.3932056968,0.5371903046,0.404105978,0.5500209464,0.4074320448,0.5609827809
0.1881745871,0.2842261462,0.2172283136,0.3165856505,0.1851131216,0.2776416699,0.1730621498,0.2566668929,0.269395117,0.3789469067,0.1942789932,0.2822381567,0.1834474784,0.2751434572
0.3189625828,0.470980312,0.3246924693,0.4771245914,0.3213176294,0.4737534255,0.3236205025,0.4764974803,0.3078066279,0.4527924569,0.3138790744,0.4630300852,0.3215512635,0.4740978976
0.3474113486,0.506476103,0.3304889385,0.4811849088,0.3466581153,0.5056061595,0.3453938259,0.50429526,0.3468560278,0.502350295,0.3472283286,0.5052489159,0.3456689857,0.5041634989
0.3864434967,0.5159171015,0.3775006809,0.5029898688,0.3893708006,0.519037737,0.3861417599,0.5143674005,0.3742822046,0.5080060467,0.3672788607,0.4989027376,0.3912719633,0.5215720184
0.3793489871,0.5451186913,0.3575669559,0.5153108648,0.3791408892,0.5451593539,0.3715161757,0.5351638352,0.3484580269,0.5000358808,0.3659072066,0.525173321,0.3781942916,0.5437982595
0.3359324323,0.4798576999,0.3463248218,0.4926585453,0.3352093068,0.4789777812,0.3385457456,0.4829040142,0.3398012068,0.4854183313,0.336212622,0.4802053403,0.3355058599,0.4794015235
0.3247540366,0.4697088943,0.3364972883,0.4884335516,0.3222980567,0.4666309148,0.3236815935,0.4678144134,0.3095664862,0.4497944657,0.3127970603,0.452266096,0.3221507022,0.4664175715
0.400341447,0.5520860561,0.4169072351,0.5728177019,0.3989475747,0.550724216,0.3956105025,0.5468814232,0.3846280139,0.5342594074,0.3901339375,0.5431989698,0.3984835051,0.5500835945
0.1827509895,0.2859993958,0.2083311933,0.3127675923,0.1791961854,0.2775479002,0.172759848,0.2645385329,0.2450107437,0.3563149602,0.1736285529,0.2581965243,0.1806863202,0.2798558946
0.3487155002,0.5070365974,0.3243201873,0.4759371675,0.3485568873,0.5070216019,0.3391791404,0.495250074,0.3166345404,0.464419089,0.3432266378,0.4989354702,0.3478648446,0.5060149352
0.3712425445,0.5137154743,0.3545563819,0.4908963006,0.3708225467,0.5130782561,0.3728256666,0.5154176979,0.3742182482,0.5135916536,0.3717462544,0.5122196569,0.370095359,0.5120721032
0.3257379652,0.4835844531,0.3026821213,0.4546868971,0.3269730832,0.4859322264,0.3158333804,0.4713775799,0.301057968,0.4488766053,0.3244472448,0.482918774,0.3222386609,0.4788961476
0.2928900537,0.4247768001,0.2944042314,0.4274343838,0.2925834,0.4243133024,0.2876728898,0.4177344608,0.2960772845,0.4279737054,0.2972447551,0.4296086798,0.2925363052,0.4242450041
0.2933672646,0.4198497793,0.3282054943,0.4641333689,0.2927479972,0.4192114391,0.2922581726,0.4177424927,0.2966736026,0.4289379915,0.2945324742,0.4210205165,0.2898631786,0.4150804152
0.4189466371,0.5575293373,0.418429828,0.5562721193,0.4204170881,0.5597110705,0.4203117206,0.5593909365,0.4119478757,0.5530806856,0.4161951757,0.5550280178,0.4194303356,0.558397384
0.3635088551,0.5185707999,0.3405321798,0.4929874483,0.3615499494,0.5159579632,0.3534036599,0.5071227103,0.3216285547,0.4697378167,0.349905686,0.5055867393,0.3606780634,0.5147137188
0.4519726376,0.5992746719,0.4646298708,0.6139935008,0.458472519,0.6066315083,0.4445040845,0.59109394,0.4258604322,0.5688581627,0.4277134254,0.5731551128,0.4555389317,0.6027499092
0.2647243234,0.4195665976,0.2346810376,0.3689126417,0.2607017604,0.4126539292,0.2681763992,0.4243962259,0.2993954637,0.4525907624,0.2824728701,0.4361525826,0.2680725768,0.4243208867
0.3654924966,0.5229524789,0.3673325989,0.5236694065,0.3643691636,0.5219990483,0.3615593206,0.5183597064,0.3486970212,0.4976682859,0.364106012,0.5208995604,0.3640342545,0.521519254
0.3986727263,0.5501792452,0.3938162782,0.5430142047,0.4003013932,0.5523806551,0.3950267124,0.545918692,0.3877997054,0.5344979973,0.393886262,0.5432362864,0.4003181837,0.5524038245
0.3724095392,0.5172780788,0.3550992737,0.4939670694,0.3717444002,0.5163766159,0.3744009701,0.5200439868,0.3865862195,0.5303913825,0.3855028222,0.5316399878,0.3711389134,0.5155355563
0.389179173,0.5344567111,0.4092554194,0.5596058572,0.3867708575,0.531430286,0.3903027558,0.5361615061,0.3928146213,0.5367812173,0.3864391576,0.5299302704,0.3876566479,0.5326473784
0.2497155214,0.3861781409,0.2354803594,0.3582969708,0.2481595181,0.3829894707,0.2484608408,0.3826119874,0.3100739828,0.4544283594,0.2779491168,0.4144518032,0.2534425762,0.3911429183
0.3638242636,0.500634339,0.3483282696,0.481434618,0.3622635629,0.498619224,0.3614331345,0.4970609708,0.3762012757,0.5218722318,0.3705391493,0.5142566082,0.3634483945,0.500250025
0.3366078191,0.4877320009,0.3340762914,0.488102761,0.3354024466,0.4863657588,0.33620478,0.4873501141,0.3378526273,0.4890299244,0.3368008133,0.4896528457,0.3345387305,0.4851132874
0.2866860503,0.377509743,0.3522315014,0.4655509851,0.29381494,0.3859360036,0.292336432,0.3862432601,0.3120631847,0.4223327276,0.3024061112,0.4061446916,0.2947938495,0.3872218348
0.3384368216,0.4648632171,0.3524389191,0.4903136018,0.3356841053,0.4608303349,0.3388478756,0.466285853,0.2965348867,0.4208735602,0.33521252,0.4697897461,0.3381674973,0.464239559
0.3324996126,0.495510361,0.3337010166,0.4936812282,0.3310006895,0.4935645619,0.3309359744,0.492941098,0.3175753683,0.4711815391,0.331685648,0.4939693397,0.3306675284,0.493067776
0.3617630152,0.528481675,0.3480752928,0.507887303,0.3603171243,0.526986886,0.3555261222,0.5204232342,0.3280602668,0.4820863094,0.3408058436,0.50097666,0.3590296683,0.5251038991
0.4441050088,0.6092817956,0.4203561021,0.579037767,0.4455213675,0.6110339383,0.4398561668,0.6033760708,0.3981693589,0.5570885356,0.4106454017,0.5700166559,0.4457429966,0.6113379033
0.3321522862,0.4671492901,0.3127550125,0.4387536013,0.3339962611,0.4697404888,0.3275402982,0.4606797703,0.3361528339,0.4779791741,0.3331369647,0.4696865949,0.3337691475,0.4694210707
0.3945828941,0.5469763342,0.3901479147,0.5403080688,0.3959242257,0.5488663577,0.3907673851,0.5425672225,0.3787065596,0.5231233727,0.3908814064,0.5387383321,0.3959725958,0.5489334127
0.3630797228,0.5096440581,0.3684800274,0.517618634,0.3642065537,0.5109645001,0.3665463305,0.5134539801,0.3588730563,0.5075732538,0.3596372096,0.506066491,0.3640781827,0.5107844017
0.2892868325,0.4347947871,0.3088937574,0.4603765676,0.2912395434,0.4371721541,0.2928983965,0.4390046393,0.2839181331,0.4232275788,0.2936990037,0.4429457425,0.2910657517,0.43691128
0.3661445425,0.5039334967,0.3718318702,0.511994162,0.3684778077,0.5063827004,0.3702694895,0.5083721833,0.4077384418,0.5553441654,0.3902862552,0.5349956513,0.3688061128,0.5068338756
0.3432498293,0.4793285625,0.3584475813,0.4952910947,0.3434821855,0.4795414798,0.3421879425,0.4779184092,0.3442851126,0.4839658436,0.3425848863,0.478055587,0.3435917569,0.4796944543
0.298868863,0.4582136287,0.2834232565,0.4324729111,0.2991786071,0.4583126464,0.3006336952,0.4592865953,0.2968360253,0.4459848848,0.2937075313,0.4464710796,0.3006853104,0.4606207699
0.362756235,0.4971968825,0.3187593753,0.4414796827,0.3594553736,0.4935458562,0.3550429162,0.4868380725,0.3881180441,0.5377130121,0.3805928135,0.5252202751,0.3636490134,0.4993038826
0.3867968569,0.511463414,0.3891915836,0.5146675018,0.3925815977,0.5178448849,0.3828249403,0.5051012925,0.3719753927,0.5013136686,0.3557944615,0.4741993217,0.3976299712,0.5245040722
0.483164349,0.6326961194,0.4711855225,0.6139327333,0.4786738454,0.6273766567,0.4876636008,0.6378188365,0.44972084,0.5947423786,0.4858371964,0.6372428389,0.4803272436,0.6295436926
0.4025732143,0.5420125623,0.4056716265,0.5507155749,0.4037333427,0.5435764624,0.4003232085,0.5386943612,0.3994413166,0.5391384456,0.4040301919,0.5445776027,0.4053687597,0.5457783469
0.5589944357,0.7084788016,0.5006591951,0.6316212991,0.5581553151,0.7085865864,0.5438376651,0.6895499994,0.4575921803,0.6014922498,0.4941273549,0.6349570519,0.5460763734,0.6932521879
0.3405220821,0.4915971651,0.3291382073,0.4800401515,0.340355608,0.4915005423,0.34037845,0.4925883735,0.345591277,0.4957996341,0.3400356359,0.4904466162,0.3393303659,0.4900200111
0.3362162108,0.4592353489,0.3390529191,0.4634575507,0.3381269018,0.4613582206,0.3298724992,0.4497665294,0.3465537336,0.4741037903,0.329598402,0.4537563747,0.3404034266,0.4644644315
0.3504248286,0.4894997801,0.3473596927,0.4856209736,0.350169201,0.4892842044,0.3488566407,0.4871199063,0.3581610012,0.4999779988,0.355075205,0.4960636085,0.3501566151,0.4892666184
0.2428351836,0.349036107,0.1931779869,0.284871073,0.245520141,0.3530156513,0.2557646413,0.3687368906,0.2864705471,0.4133331833,0.2526987545,0.3646059062,0.2467577096,0.3547950617
0.238030568,0.3286178423,0.2980152755,0.4120704956,0.2351801084,0.3251463039,0.2385191569,0.3296805652,0.2830873272,0.3886728824,0.2256058675,0.3122057251,0.2340385484,0.3235680496
0.5143389849,0.6662175347,0.4780313308,0.6177743953,0.5166660764,0.6698742195,0.5168125236,0.6678214871,0.4652833311,0.6132197326,0.5016195938,0.6513828985,0.5142411431,0.6667302153
0.3905151675,0.5401811641,0.3854472072,0.5333784162,0.3922614378,0.5424835645,0.3884862306,0.5379366555,0.3833773447,0.52884262,0.3797360769,0.5248717305,0.3923648648,0.5426266004
0.4129823524,0.553379406,0.4183708217,0.5595083579,0.4119190616,0.5523157988,0.4142849952,0.5552163052,0.4128696814,0.5550747594,0.4072713361,0.5463355783,0.4115128582,0.5517711467
0.3448110619,0.4852523663,0.3410788105,0.479514488,0.3441972017,0.4847231714,0.3431086103,0.4827806126,0.345162546,0.4865469023,0.3437992033,0.4858204695,0.3441589111,0.4846692478
0.3909306936,0.5241550881,0.383823986,0.5148434338,0.3936663057,0.527125075,0.3892271584,0.5203842553,0.3627648235,0.4927955995,0.3590296176,0.4867720374,0.3971500394,0.5317898465
0.358083055,0.5171024809,0.3645688355,0.5238503086,0.3565968187,0.5157046402,0.3547932821,0.513186224,0.3519107313,0.5052723282,0.370470837,0.5335414059,0.3559277859,0.5147370957
0.3780789862,0.4859765272,0.4152804547,0.5356096196,0.3906645463,0.5008499758,0.3853215976,0.4967079889,0.3421516424,0.4547436499,0.4053234934,0.5249818167,0.3905922115,0.5007572391
0.2583395307,0.3409291925,0.3405609118,0.4512811467,0.2668016215,0.3514454355,0.2708803132,0.3591600374,0.2994134828,0.4062155257,0.2900778032,0.3920542601,0.2666417865,0.3512348921
0.2933299419,0.4230051745,0.2752310201,0.3941845819,0.2948303415,0.4254032754,0.2916817594,0.4208494056,0.3289594438,0.4620418861,0.2886426739,0.4157130124,0.2947853331,0.4253383339
0.3329530139,0.4778182945,0.3535768343,0.5036821938,0.3340974654,0.478995301,0.339554233,0.4857768722,0.340761164,0.4863102727,0.3358939174,0.4795000492,0.3348300704,0.4800456362
0.3811338181,0.5187816999,0.3553842954,0.4810944128,0.3827099832,0.5210677278,0.3806501228,0.5188297264,0.3596277639,0.4938285791,0.3632210074,0.4965160062,0.3841319673,0.5230037892
0.2628767979,0.3884907748,0.3100956512,0.4573769146,0.2618232063,0.3871658728,0.2622763751,0.387098453,0.2783895863,0.4106155051,0.2651049836,0.3900474648,0.2633107836,0.3893655981
0.396411914,0.5318976177,0.3890780948,0.5212840933,0.4006863542,0.5366139039,0.4035757406,0.5399714075,0.415590875,0.5563209913,0.4093108569,0.5475435678,0.4006259779,0.5365330457
0.3362214262,0.4712407918,0.3255539218,0.453170223,0.3378938899,0.4734454632,0.3338787876,0.4678722259,0.3360519841,0.4772637827,0.3357704718,0.4727819733,0.3381107351,0.4737492994
0.3627711546,0.5020722708,0.3468828137,0.4788711787,0.3631653264,0.5028509116,0.3619501436,0.5009163878,0.3568441181,0.4979914101,0.3605163178,0.4991639457,0.3636075624,0.5034632464
0.2595429375,0.3783090984,0.263336639,0.3802027193,0.259771386,0.3789034506,0.2507283254,0.3647261317,0.2943241502,0.427214481,0.2449231012,0.3597506368,0.2580182491,0.3763463191
0.3952538082,0.5372614185,0.3811494813,0.5180273386,0.3934441864,0.5349781115,0.3968244953,0.5388194505,0.3883799236,0.5294657893,0.4007984263,0.544334869,0.3929689997,0.5343319857
0.2933657083,0.4503457614,0.2763218536,0.4256853639,0.2946585067,0.4523064147,0.2938046701,0.4510319603,0.2958686595,0.4475854745,0.2890158921,0.4429186519,0.2937191204,0.4508644388
0.331621776,0.475361637,0.337521703,0.4835403937,0.3309838935,0.474710264,0.3321064707,0.4755840761,0.3329945927,0.4788103109,0.3331843499,0.4810774961,0.330548535,0.4740858556
0.3669184076,0.5019270757,0.3307628301,0.4564717657,0.3633057905,0.497712153,0.360875207,0.4937015063,0.4066771619,0.5536953706,0.3875132801,0.5285128583,0.3669818928,0.5027482434
0.3552720086,0.5018772411,0.3438137505,0.4913125888,0.3550645744,0.5015708598,0.3549690444,0.5028205785,0.3703005719,0.517142271,0.365857299,0.5150377708,0.3545208458,0.5008027787
0.2348860513,0.3078153299,0.350273475,0.4629692761,0.2532793354,0.3319883713,0.2743407968,0.3620208477,0.3025911006,0.4096912416,0.2994957071,0.4021142631,0.2498934161,0.3275502444
0.1832209198,0.2867782562,0.2061915258,0.3086216737,0.1796273588,0.2779380199,0.1708494532,0.261006631,0.2417738295,0.35160476,0.199485067,0.2955713579,0.1806881235,0.2795793446
0.2905470548,0.4439468649,0.2655234211,0.4035350488,0.2893245478,0.4420910804,0.2916123612,0.4445902215,0.3096031585,0.4603288453,0.2945120111,0.443306904,0.2921833975,0.4464594341
0.3741427125,0.5151546329,0.3706269663,0.5085730699,0.37417875,0.5152132379,0.3772123709,0.5190088594,0.37508018,0.5174320234,0.3771354724,0.5197293774,0.3743990402,0.5155165593
0.3793385624,0.525216387,0.3879574755,0.5354439082,0.3783890394,0.5239626937,0.3826885726,0.5293920596,0.3826634033,0.5286650483,0.3823800405,0.5293911716,0.3785918766,0.5242435663
0.3910708083,0.5390054418,0.3771989933,0.5200026279,0.3905140747,0.5381733125,0.3907100872,0.5383836971,0.3846286939,0.528908438,0.3907171938,0.5376349451,0.3904250426,0.538050616
0.4121572863,0.5493253424,0.4108231716,0.5476295214,0.4131924403,0.5504431693,0.4124660198,0.5504023481,0.3984896976,0.5370896536,0.4042636819,0.5414310934,0.4133716315,0.5506818827
0.3876156896,0.5392162563,0.3856222296,0.5359848691,0.3885445474,0.5406023383,0.3847352353,0.536038541,0.3726750581,0.5215616487,0.3830912388,0.5361416087,0.3886261382,0.5407158599
0.3386750128,0.479429674,0.3581956476,0.5066587038,0.3383376713,0.47904083,0.3371619246,0.4770848105,0.3371875171,0.4797510307,0.3345148579,0.4740930652,0.3387141726,0.4795739054
0.4157400425,0.5681861702,0.4362587355,0.5942779677,0.4161131534,0.568968343,0.4104343374,0.5624816796,0.4030133426,0.55001179,0.3965832415,0.5456332675,0.4150565611,0.5675236216
0.3163487766,0.4378860134,0.3067774937,0.4230104409,0.3202895585,0.4428818318,0.310850154,0.4301400035,0.3473111114,0.4768594606,0.3010963632,0.4188356848,0.3211713574,0.4441011432
0.3077201407,0.4490821566,0.3320847663,0.4869255,0.3029244804,0.4428025951,0.3040270324,0.4437419347,0.3001629843,0.4430121066,0.2994629528,0.4399579395,0.303440024,0.4435561956
0.4026118268,0.5418457477,0.4017780306,0.5395893194,0.4025514234,0.5417125443,0.4067700149,0.5471396905,0.3993416815,0.5405248768,0.3997444091,0.5387659275,0.4016055584,0.540439696
0.372617074,0.5213037116,0.3766258434,0.5263617849,0.3719957871,0.5205311127,0.374068627,0.5231126204,0.3638614364,0.5118813138,0.3645529966,0.5107571769,0.3719150824,0.5204181832
0.3529614616,0.4952403014,0.3445500087,0.488920406,0.3515702788,0.4929567906,0.3479149251,0.4893396288,0.3196624983,0.4562537174,0.343577282,0.4882459434,0.3537762165,0.4960498619
0.2635060084,0.3924226245,0.3031273124,0.4516508856,0.2629226467,0.3914834259,0.2619672567,0.3896858671,0.2790430085,0.4153347704,0.2705927494,0.4017200033,0.2651087691,0.3947384923
0.1947965031,0.2839363715,0.2404954499,0.3466243325,0.1983880836,0.2893110485,0.2155587506,0.313396891,0.2521959852,0.3680410976,0.2330313365,0.3371913465,0.2000471608,0.2917304952
0.386028626,0.5322704629,0.3908225648,0.5384489167,0.3853969023,0.5314865363,0.3875349918,0.5341371677,0.3821463687,0.5258946991,0.3768687956,0.5212801135,0.3850322885,0.530983711
0.4505362372,0.5856538411,0.4325856727,0.5768557423,0.4165668677,0.5435001066,0.4388736854,0.57672354,0.3037430329,0.4254331087,0.3007518392,0.4169388077,0.4064701569,0.5303267993
0.3794898918,0.5184869934,0.3661633707,0.4986723969,0.3791119344,0.5180971336,0.3820437092,0.5217322474,0.3797349983,0.5205003027,0.3764317694,0.5167341077,0.3795536742,0.5187008184
0.3720622559,0.516447511,0.3948826937,0.5450172249,0.3717963922,0.5158791282,0.3768960373,0.5223633482,0.3702979643,0.5168790993,0.3636128021,0.5099000114,0.3731046376,0.5176943596
0.4021551411,0.5428989581,0.405425591,0.5490398228,0.401870686,0.5426400457,0.4025970234,0.5432006193,0.3946039517,0.5355524946,0.3966196406,0.5377954517,0.4016423849,0.5423317741
0.2919236854,0.4292309844,0.3106360836,0.4570489952,0.2903369501,0.4270143633,0.2895945362,0.4256046699,0.2816923768,0.4167107994,0.2813461781,0.4158369927,0.2905999488,0.4274011698
0.3326942269,0.4852523642,0.3393723088,0.4924370835,0.3332570368,0.4858555818,0.3358984805,0.4891476976,0.3403819609,0.4918166651,0.34100124,0.4950877202,0.3335090429,0.4862229816
0.2016542023,0.3007166756,0.2477437403,0.3665225102,0.20117871,0.2999666975,0.2085956675,0.3102869369,0.2485898525,0.3627706497,0.1909195576,0.2822602682,0.2009257624,0.299589541
0.3348348394,0.5020790259,0.3226658053,0.4813865579,0.3326747538,0.4992503731,0.33023322,0.4949963517,0.3112765134,0.4642546862,0.3248336795,0.4893358717,0.3323893306,0.4988220339
0.3559494092,0.4942208679,0.3462592074,0.4779386159,0.3576676878,0.4965338684,0.3552719179,0.4933544807,0.3522309395,0.4940023576,0.3536851296,0.4942124179,0.3585368242,0.4977404511
0.2622936405,0.3790312098,0.2480238766,0.3605585403,0.2619188695,0.3783198108,0.2602348135,0.3765601799,0.2726327347,0.3940107513,0.2680171233,0.3874647727,0.263050366,0.3799541625
0.3149636903,0.4587265068,0.2922826944,0.425186891,0.3159694794,0.460291003,0.3179404997,0.4637178063,0.3411392676,0.4920860876,0.3296156769,0.4745251377,0.3150780192,0.4589923615
0.4294467526,0.5764052135,0.4483495732,0.6001307482,0.4311380891,0.5783345277,0.4231857547,0.5697052692,0.4169832358,0.5603781707,0.418862936,0.5641164254,0.4295201223,0.5761641649
0.3995826968,0.558477706,0.4041534331,0.5635714928,0.3994987046,0.5588951516,0.39356984,0.5513474294,0.3779760284,0.5310990296,0.397303513,0.5571423822,0.3990763401,0.5583042673
0.3450121632,0.4848570122,0.3593926538,0.5033094675,0.3459354037,0.4860846338,0.3442436626,0.4835840999,0.3430229817,0.4831807473,0.3406665793,0.4795200432,0.3462050694,0.4864635495
0.3901774203,0.532483931,0.3948463351,0.5374656959,0.3895601205,0.5316484219,0.3949872437,0.5383376793,0.3922079598,0.5342789369,0.3904166561,0.5320455024,0.3893205514,0.5313214724
0.3903066791,0.5247173762,0.3607093311,0.4873411926,0.3887043478,0.5230052482,0.3894002019,0.5228988094,0.399571652,0.5368935678,0.3981336504,0.5345505308,0.3918771883,0.5272743341
0.3754309763,0.5162678598,0.3731124947,0.5110633729,0.3758770898,0.5167786472,0.3803574121,0.5223115938,0.3802070472,0.5235032469,0.3773717756,0.5205816414,0.3759746029,0.5169127141
0.4712154915,0.6172180963,0.4503775154,0.5888129725,0.4737829841,0.6206172971,0.4747629143,0.6200671776,0.4386407882,0.5794851952,0.4837138553,0.6298411834,0.4756511037,0.6230643824
0.3975861854,0.5463468193,0.4050262414,0.5553030198,0.3971912146,0.5459946163,0.3950382286,0.5436736027,0.3868749323,0.532458909,0.3841901493,0.5322398516,0.396443695,0.5449670466
0.315321674,0.4631423126,0.3551532838,0.5153876306,0.3172702806,0.4651706988,0.3283382131,0.4797411807,0.3139194963,0.459303798,0.3205573054,0.4710321856,0.3177967802,0.4659426343
0.226239314,0.3207143379,0.2570373224,0.3594283453,0.2243851948,0.3175590458,0.2099250316,0.2965864643,0.2930858834,0.4048924577,0.2496888996,0.3491750404,0.22377217,0.3166914683
0.3895682584,0.5316666512,0.375236656,0.5130991752,0.3885510422,0.5305180138,0.3909551083,0.5332715795,0.3961153017,0.5390260292,0.4005401604,0.5437089104,0.3882131288,0.5300566352
0.4342169076,0.5794582152,0.4386857187,0.5842954273,0.4385015737,0.5844074157,0.42907109,0.5733935085,0.415550067,0.5596518135,0.4179968143,0.5618591132,0.4366763463,0.581974867
0.3466490527,0.4807250584,0.3097328126,0.4346910424,0.3444084288,0.4780747095,0.3393371911,0.4710388336,0.366973787,0.5117762792,0.3482956611,0.4828381661,0.3464256334,0.4808747991
0.4215649095,0.5569239117,0.4131662187,0.5476825721,0.4247875727,0.5603809368,0.4192201512,0.5525078978,0.3831022212,0.5122929668,0.4092840858,0.5385428894,0.4298569278,0.567068444
0.3761177832,0.5408128611,0.3662109182,0.5261307248,0.3750213399,0.5398209821,0.3698959568,0.5330957245,0.365766796,0.5248256369,0.3777037012,0.5438937353,0.3737014625,0.5379210967
0.3099162637,0.4427364139,0.333090699,0.4725703673,0.3106909983,0.4439958364,0.3083914108,0.4401504011,0.3031045571,0.4365825421,0.3083904015,0.4403291534,0.3092044471,0.4418714667
0.3759165065,0.5203402957,0.3819415201,0.530849421,0.3757957795,0.5200309841,0.3768324001,0.52100662,0.3751064974,0.5189799043,0.3755100119,0.5224929789,0.3760154262,0.520334934
0.3174819445,0.4494518538,0.3042727518,0.4289921624,0.318779992,0.4512239447,0.3131570453,0.4432049627,0.3265619313,0.4656337109,0.3289876545,0.4657424246,0.3181321738,0.4503069766
0.3860543302,0.5248297669,0.3824965902,0.5177734492,0.3876153463,0.5265085038,0.3929381226,0.5331733792,0.3959111763,0.5383150651,0.3938516826,0.5354061175,0.3874287292,0.5262550167
0.3676436426,0.5076591322,0.3564034255,0.4905062171,0.3679147872,0.5082019986,0.3686466675,0.5089131144,0.3607846314,0.5031901404,0.3607100206,0.5006797345,0.3683076368,0.5087446433
0.245364385,0.3932566638,0.2202577903,0.3464647797,0.239241439,0.3818661025,0.2472495106,0.3936044451,0.301556815,0.4549531363,0.2670365214,0.4125888778,0.2516028121,0.4015967536
0.3321050386,0.4625920188,0.275216952,0.3901918837,0.3306337275,0.4611423148,0.3240672352,0.4520671631,0.3640389995,0.5102284162,0.3448308761,0.4806003672,0.3337328986,0.4654647986
0.3717268103,0.5224313592,0.3664982625,0.5159501574,0.3722088999,0.5230902202,0.3712953341,0.5221058147,0.3638116395,0.5131019927,0.3638395214,0.5122739527,0.3727550782,0.5238578014
0.3247721504,0.4886976914,0.2977704107,0.4486051046,0.3243294652,0.4883360567,0.3161751202,0.4760717184,0.306956408,0.4601022356,0.3163865428,0.4739161927,0.3237841986,0.4875150603
0.2109748007,0.3071867029,0.2029293051,0.2989949877,0.2144026049,0.3121578471,0.22756669,0.3318697598,0.26971685,0.3931375937,0.2447804587,0.3563341418,0.2191114537,0.3190136598
0.3339165177,0.4972853064,0.3376393853,0.4991454329,0.3325212171,0.4954705852,0.3332197583,0.4959137161,0.3197943105,0.4750089886,0.3347757419,0.5003843305,0.3322271347,0.4950323901
0.3552178932,0.4988154631,0.3360976326,0.4757127468,0.3531585851,0.4960618701,0.3578772674,0.5038546012,0.374662181,0.5201265558,0.3714863187,0.5179457379,0.3533396404,0.4963161884
0.2807659523,0.4051920363,0.3277913057,0.4681224818,0.2808890747,0.4058293724,0.2802078809,0.4038164814,0.2843788648,0.4125757917,0.2881415201,0.41466065,0.2776581565,0.4011613321
0.373245335,0.5161181989,0.3924171828,0.5395918942,0.3743388617,0.5171116703,0.3795256018,0.5236636901,0.3849639264,0.5277423215,0.3791496906,0.520641365,0.3755052995,0.5187229873
0.3198866405,0.4533088497,0.2963119459,0.4223412553,0.3201117502,0.4537525714,0.311777781,0.4424773255,0.3313092052,0.4713840628,0.3237370142,0.459336156,0.3193148221,0.4526229404
0.3722395568,0.5169499933,0.3780796784,0.5252684444,0.3731992608,0.5179911555,0.3759278518,0.5210451671,0.3660072936,0.5087980371,0.3704026165,0.5141893911,0.3732003004,0.5179925984
0.2699330623,0.4079331013,0.2879084703,0.4343012754,0.2729951793,0.4120669337,0.267875803,0.4046450288,0.2786002845,0.4169236808,0.2713758459,0.408534904,0.273178528,0.4123436856
0.3853153465,0.5214962209,0.3557276361,0.4819768376,0.3842056411,0.5203979074,0.3840775659,0.51974289,0.3945969793,0.534308292,0.3971674086,0.5334846484,0.3861419455,0.5230205883
0.3164742348,0.4705257217,0.312510103,0.4646856452,0.3177732766,0.4721042903,0.3189627087,0.4733990439,0.3108028524,0.4584542719,0.3110752982,0.4608861715,0.3180929084,0.4725791557
0.3531718425,0.5022534093,0.3330806578,0.4742297053,0.3532649736,0.5022672301,0.3548043962,0.5049184561,0.3548059591,0.5033853391,0.3477326251,0.4930643542,0.3521602728,0.5006965819
0.2826915891,0.4222828242,0.2979153863,0.4448740869,0.2831608903,0.4228145593,0.2805082633,0.4188927872,0.279323174,0.4143737668,0.2784295928,0.412569357,0.2830484115,0.4226466064
0.3836815899,0.5181441594,0.3585855353,0.4876031687,0.3805052413,0.5142715767,0.3826653651,0.516032195,0.4232644293,0.5682796543,0.4195633685,0.5630262834,0.3842188327,0.5192906784
0.1784209429,0.2519845739,0.2585066522,0.3617329189,0.1769222004,0.2501979054,0.1838606368,0.2592510824,0.2659964068,0.3686372118,0.2081130232,0.2930845458,0.1768392644,0.25008062
0.4112537513,0.5706760572,0.4280623363,0.5926472898,0.4113707079,0.5713280678,0.4096685465,0.5695376928,0.387090108,0.5429994801,0.4054029036,0.5638150508,0.4112747625,0.5711948149
0.3723688919,0.5252165289,0.393716547,0.5523436965,0.3688170048,0.5211333054,0.3709996845,0.5239103756,0.363987565,0.5129870561,0.3654699765,0.5149971903,0.3693473354,0.5218826551
0.4144539693,0.5548254598,0.4040431048,0.540582731,0.4114578075,0.5512678817,0.4148576533,0.5548557155,0.411105852,0.5555938016,0.4235611706,0.5687984524,0.4110890622,0.5507738397
0.2912629714,0.4331748343,0.3115189018,0.4657039282,0.2880065501,0.4287466335,0.2875720822,0.4276151426,0.2822796362,0.4210672344,0.2836128953,0.4224071627,0.2882553514,0.4291170165
0.4089724105,0.5514536251,0.4077941737,0.5515093065,0.4105125187,0.5531845649,0.4073959669,0.5490173414,0.4048976084,0.5476273312,0.4053144373,0.5478973462,0.4104628298,0.5531176068
0.2968472867,0.4580041916,0.2758089277,0.4229812511,0.2954133499,0.4556343789,0.2980888405,0.4580425507,0.2962869807,0.4459120848,0.2873515867,0.4390373117,0.2974100386,0.4587139961
0.4395018253,0.5854657029,0.4675185724,0.6219019114,0.4423943957,0.5887391371,0.4333486588,0.5794755782,0.4347410512,0.5795028403,0.4347098548,0.5802102599,0.4410973826,0.5870130701
0.2612688332,0.3885420754,0.278601394,0.416416371,0.2645339729,0.3935755614,0.2595135918,0.3878198118,0.2819403969,0.4169891065,0.265913572,0.3953844252,0.2634794244,0.3920065966
0.3157948537,0.4696856348,0.3050877736,0.4584946189,0.3155958532,0.4699166272,0.3147476207,0.4696415078,0.3166928059,0.4708373503,0.3130009793,0.4679512403,0.3126980728,0.4656018835
0.2493633987,0.3694568221,0.2643078655,0.3903345774,0.2481692776,0.3677095319,0.2493372937,0.3691279444,0.2670818486,0.3878817621,0.2618480561,0.3848600201,0.2482980277,0.3679002995
0.3032581478,0.4306619226,0.3101786123,0.4357543528,0.3018778188,0.4286342994,0.3010322573,0.4270816854,0.3013107191,0.4332597984,0.3040317107,0.4324315305,0.3003979056,0.4265329805
0.361968215,0.5083781183,0.3675688699,0.5171501264,0.3630809419,0.5096881731,0.3649742246,0.511565414,0.3547542801,0.5023557985,0.3571282629,0.5038878018,0.3630075402,0.5095851327
0.3833768052,0.5268207016,0.401169421,0.548677215,0.3824334889,0.5254411283,0.3873249285,0.5317326018,0.3892665767,0.5318778285,0.3785192634,0.5192875503,0.3834709028,0.5268664741
0.3085274548,0.4079367974,0.3530523161,0.4677352507,0.313763279,0.41357537,0.3046266713,0.4034372638,0.3204005596,0.4336084703,0.3273984955,0.4393391998,0.3168310206,0.4176189992
0.3483198321,0.4935002938,0.332321295,0.4720035376,0.3493885552,0.4947446203,0.3464933254,0.4908050059,0.3528493948,0.5004481355,0.3574906275,0.5067930198,0.3498499558,0.4953979773
0.3669931456,0.5203479268,0.3822889787,0.5391753106,0.3640778262,0.5170247892,0.3652838851,0.5185477872,0.35527878,0.5020034491,0.3589806358,0.5096748487,0.3644384834,0.5175369564
0.3181869311,0.459170445,0.3273636359,0.4723317993,0.3171587061,0.4579548714,0.3169621954,0.457128078,0.3062395883,0.4454842412,0.3097302323,0.4508481055,0.3167404555,0.4573509471
0.2887637177,0.4306608285,0.2755781433,0.4101381578,0.2889112016,0.4308436104,0.2882267909,0.4296843429,0.305867781,0.446262942,0.2975033658,0.4373034796,0.2904037855,0.4330694508
0.439360455,0.5932742951,0.4301421047,0.5800556349,0.4391892798,0.5929266099,0.436606965,0.589293904,0.4183990281,0.5630538924,0.4451956582,0.5962123543,0.4402948302,0.5944191561
0.3553393381,0.5029073156,0.3455876347,0.4945945865,0.3554163006,0.503007962,0.3547400385,0.503161769,0.3667851697,0.5127051754,0.3660269402,0.5153111542,0.354887579,0.5022596812
0.3564258915,0.4988012083,0.3710244873,0.5195644848,0.3557166333,0.4977575951,0.355285727,0.4970898757,0.3518991322,0.4932508959,0.3507245811,0.4937594868,0.356684508,0.4991119513
0.3874080979,0.5297777598,0.379061251,0.5221359357,0.3874560528,0.5297825111,0.3866997789,0.528565184,0.3915046972,0.536076264,0.393870198,0.5371099003,0.3877766677,0.5302208993
0.3856833147,0.5396416389,0.4008639853,0.5585537395,0.3833923191,0.5372667179,0.3816229207,0.5350997775,0.3701965633,0.5195060702,0.3892217439,0.5432276493,0.3834351565,0.5373267481
0.3725963032,0.5151136974,0.3775518442,0.5200036178,0.3744350881,0.517185447,0.3792561653,0.5230633088,0.3773331706,0.520461026,0.3791758635,0.5232370005,0.3745319192,0.5173191942
0.2974402748,0.4268510423,0.3024571719,0.4360861739,0.2966471734,0.4256950445,0.2954276684,0.4243360195,0.3082135203,0.4418942073,0.3137570119,0.4523057023,0.297309305,0.4266452176
0.3608734523,0.5035737216,0.3739663725,0.5224624561,0.3599316016,0.5021929093,0.3598892089,0.5020792231,0.3530432532,0.4946100903,0.3510754362,0.4932189107,0.3609490253,0.5036124651
0.3761264116,0.5222760183,0.3768915635,0.5262908111,0.3767628898,0.5230496334,0.3762673399,0.5220814026,0.3736834004,0.519464099,0.3744613911,0.521443857,0.3764511863,0.5226169039
0.3403225653,0.4772755145,0.3207630979,0.4514120122,0.3400588823,0.4772059747,0.3339389695,0.4686875182,0.3464111109,0.4859690655,0.3404881388,0.4775745864,0.3397584037,0.4767843119
0.2949667921,0.4301620071,0.30628383,0.4464833107,0.2941990931,0.4290967348,0.2919078611,0.4257771414,0.2873068032,0.4188998076,0.2925721174,0.4286453451,0.2941674401,0.4290505682
0.291579419,0.4276359789,0.3047253258,0.4477335757,0.289189982,0.4250331655,0.288064813,0.4237668291,0.2912808429,0.4270118175,0.290090835,0.4269803048,0.2880253746,0.4233214992
0.3643939437,0.5035949386,0.3477622681,0.4794668087,0.3645951537,0.5041244052,0.363588199,0.5024648123,0.3570669393,0.4984010274,0.3605163178,0.4992561251,0.3651020737,0.5048253217
0.3700883067,0.5089137692,0.3529028612,0.4909273408,0.3644238759,0.5017916661,0.3718984465,0.5123039308,0.3941699299,0.537335523,0.3955228902,0.5378634697,0.3649153135,0.5024683487
0.3493970953,0.4863179013,0.3314900416,0.4590171062,0.3513870237,0.4890367455,0.3470648668,0.4831482872,0.3466972057,0.4870074244,0.3485506032,0.4870351818,0.3521312991,0.4900725778
0.3850105601,0.5306990863,0.3715726613,0.5130969789,0.3853110704,0.5311005795,0.3855907961,0.5315361124,0.3888908045,0.532045066,0.3869420581,0.5307790176,0.3853728976,0.5311858002
0.3799084367,0.5183273193,0.3856027832,0.5240177865,0.3834547753,0.5221484314,0.3879568701,0.527628325,0.3978343038,0.5393721752,0.3954585441,0.5355362204,0.3836503286,0.5224147153
0.4150832786,0.5691799378,0.4378220745,0.5984978867,0.4151860249,0.5696951556,0.411172315,0.565248657,0.4010739729,0.5550737681,0.4076005294,0.5645679469,0.4145134861,0.5687723353
0.2693468373,0.378695648,0.28497933,0.3985822487,0.2689294682,0.378222621,0.2571062639,0.3611089712,0.3037134167,0.4207469954,0.2567913399,0.3619984201,0.2679504471,0.3768457249
0.3672856636,0.5125772071,0.3519824021,0.4941951206,0.3671242371,0.5123183843,0.3685529596,0.5148223963,0.3771902656,0.5237610448,0.375962117,0.5237568502,0.3676282221,0.5130216906
0.3248706166,0.4807774293,0.3025442286,0.4484254663,0.3250520339,0.480989114,0.3272961669,0.4849258341,0.3344873131,0.4896554145,0.3322051455,0.4878153348,0.324495404,0.4801654523
0.2858661781,0.4384422673,0.2601896267,0.3965458229,0.2846374614,0.4365145437,0.2880339536,0.4407429333,0.3111234874,0.4614084743,0.2966960835,0.4467812319,0.2880335868,0.4417227763
0.389858898,0.5415463396,0.3728267487,0.5187737487,0.3898305447,0.5412452305,0.387319608,0.5377842447,0.3643860316,0.5139163888,0.37874805,0.5294077379,0.3903618854,0.5419829502
0.3040287412,0.4557713631,0.3177162273,0.4714253986,0.3086198038,0.4613442111,0.3104331869,0.4632739427,0.300995507,0.4468243831,0.3049564761,0.4563718224,0.3089462897,0.4618322626
0.3944388302,0.5370341014,0.398329268,0.5421097444,0.3935223366,0.5359130141,0.3973065162,0.540434445,0.3902933978,0.5309840408,0.3897537857,0.5312477959,0.3931244922,0.5353712151
0.3179380864,0.4749383883,0.3321713991,0.4910523891,0.3186857523,0.4757438367,0.3209189555,0.4782380691,0.3107127879,0.4606360973,0.3265366784,0.4865832865,0.3187159771,0.4757889572
0.3232720747,0.4587147752,0.3169832485,0.4533945564,0.3239405176,0.4599612526,0.3191329783,0.4537519609,0.3548862742,0.5050307829,0.3236714308,0.4617719907,0.3216775631,0.4567480966
0.2987476419,0.4598834524,0.2713302025,0.4150675065,0.2961179355,0.4559882467,0.2987681772,0.4583490476,0.2980400234,0.4474103523,0.2927196264,0.4461003873,0.2984231866,0.4595380734
0.4668135331,0.6230615441,0.4660253779,0.6202145947,0.4688479133,0.6252613815,0.4651949521,0.6212545866,0.4528917499,0.6040702681,0.4847354052,0.6446573246,0.4692471598,0.6257938215
0.3278795132,0.4759167058,0.3343514706,0.4862335059,0.32741045,0.4752964625,0.3297886234,0.4778454716,0.3328660287,0.4813429431,0.333281643,0.4828537977,0.3268874661,0.4745372553
0.4102635131,0.5602139663,0.4045780201,0.5518538277,0.4118349528,0.562230251,0.4068602427,0.5560268944,0.4019524353,0.5482543274,0.4125950051,0.5628068689,0.4118506883,0.5622517327
0.3885366542,0.5501161649,0.3541508252,0.5112767822,0.3823572263,0.5418860938,0.3733332203,0.5328771123,0.3165766616,0.4632076378,0.3516819748,0.508120088,0.3794352145,0.5377449466
0.2837444613,0.4042099949,0.2350363077,0.3410532902,0.2836689163,0.4041107573,0.2815566534,0.4020603742,0.302014571,0.4329146137,0.2837812683,0.4062638358,0.2839565696,0.4045205442
0.2997325196,0.4600436114,0.2743492154,0.4193583733,0.2981805197,0.4577180156,0.3017234578,0.4619884466,0.2991585864,0.448808533,0.2877721802,0.4374110897,0.2996438813,0.4599643292
0.4024329206,0.5394792508,0.3933418206,0.5250266261,0.4055603002,0.5429362748,0.4088893893,0.5478034555,0.4011000945,0.5418468058,0.3984536887,0.5351626817,0.4050810436,0.5422946789
0.4958599348,0.6478318755,0.5030907524,0.6535721497,0.4985130485,0.6501826886,0.4958272856,0.6494130812,0.44581199,0.5907273175,0.485796481,0.6333728682,0.4972952296,0.6485943555
0.3503796555,0.5079356048,0.3336259583,0.4833586484,0.3500158405,0.507536593,0.3490330115,0.5067381453,0.3472184129,0.5013599553,0.3529001658,0.5119778439,0.3491886122,0.5063370798
0.2527646158,0.3769114291,0.2739183011,0.4115694588,0.2587910584,0.3861222999,0.2552497611,0.3828643215,0.2898692079,0.4292128904,0.2670608334,0.3966165751,0.2567021774,0.3830056406
0.3674849772,0.5300511991,0.3579343823,0.5153497462,0.3661785144,0.5287309924,0.3616984731,0.522897386,0.3561814535,0.5113166234,0.3721735909,0.5356462518,0.3649035178,0.5268900045
0.4314033252,0.5689465815,0.4200094725,0.5518577523,0.4284744139,0.5651791276,0.4346355805,0.5720191077,0.4061457674,0.5451839734,0.4180773992,0.5558411369,0.4297072487,0.5668052982
0.3938523575,0.5318048413,0.378743518,0.5090788529,0.3942185171,0.5322170648,0.3970057579,0.5363966699,0.3864654884,0.5258694077,0.3878877595,0.5245973612,0.3945631462,0.5326823333
0.3001220481,0.4634353346,0.2764880933,0.4236457769,0.2971305898,0.4588625598,0.2992890408,0.4601052852,0.3012007695,0.4534747761,0.2953390417,0.4518789386,0.2993349643,0.4622668035
0.3471425626,0.5019671491,0.327386458,0.4737154508,0.3471844166,0.5019754079,0.34770572,0.5034196882,0.3481523057,0.4988227224,0.3454213638,0.4969370457,0.3463292203,0.5007389253
0.377652361,0.5235553964,0.3793066417,0.5283601955,0.3781931368,0.5242018333,0.3781502978,0.5237780078,0.3743955422,0.5197814458,0.3717851734,0.5182555126,0.3778717526,0.5237563726
0.3989652369,0.5414760219,0.3862379223,0.52439823,0.3976917914,0.5399650493,0.3998651064,0.5422947034,0.3979445714,0.5414843395,0.4020174914,0.5440349202,0.3973207525,0.5394612722
0.3115294407,0.4478946978,0.3088723898,0.4453893256,0.3102044957,0.4464525993,0.3054379404,0.4400326258,0.3040604938,0.4355672249,0.3036167819,0.4368574625,0.3093349706,0.4452011611
0.365120961,0.5035737998,0.3438873724,0.4737342588,0.3649022699,0.5035939095,0.3630057034,0.5007056794,0.3588575482,0.500787949,0.3595115031,0.4977233164,0.3656689367,0.5046519701
0.3519458338,0.4928136261,0.3472186834,0.4852434644,0.3517732005,0.4928280562,0.3517464929,0.4922835986,0.3536135969,0.4963160815,0.3556084224,0.4990333363,0.3518297968,0.4929073466
0.2859542361,0.4424936424,0.2705746474,0.4200926478,0.2878254364,0.4452595247,0.2853778249,0.4413061073,0.294584597,0.4464042118,0.2806434481,0.4318938067,0.2869858549,0.4439607108
0.3277440096,0.4903527466,0.3122074189,0.4648823382,0.3258571,0.4878650152,0.3253412886,0.486739624,0.3147391773,0.4670369606,0.3253356005,0.4859668465,0.3255223338,0.4873638117
0.2302278677,0.3301321898,0.2502714201,0.3529720104,0.2289772203,0.3277048199,0.2125787033,0.3033111024,0.2773480565,0.3865409916,0.2373356837,0.3353252637,0.2281386759,0.3265047222
0.388600452,0.5359414676,0.3753131613,0.5179322227,0.3885672608,0.5358514702,0.3885325065,0.5358799726,0.3901345508,0.534623374,0.3985242893,0.5471707884,0.3885088119,0.5357708666
0.2614817675,0.3795123221,0.2458573489,0.3634030144,0.2655650905,0.3848681958,0.2643926918,0.3858217506,0.3040359139,0.4396304203,0.2717854156,0.3950764711,0.2645942498,0.3834612122
0.2726518146,0.4176793213,0.3152287792,0.473991839,0.2814170333,0.4280838535,0.2913187788,0.441461702,0.3120278699,0.467523858,0.3111885672,0.4698493704,0.2826700157,0.4299898558
0.3372984377,0.4917185575,0.3178306032,0.4645366946,0.3376311683,0.4920880739,0.339088176,0.4949748675,0.3351050491,0.4878098672,0.3378591714,0.4919011313,0.3373469145,0.4916737819
0.3603533277,0.501839143,0.3600698366,0.5000648719,0.3611246021,0.5029245997,0.3615988769,0.5032434254,0.3549285563,0.497430281,0.3558159815,0.4977265359,0.3613561796,0.503247109
0.305126399,0.457371613,0.303108976,0.4573492403,0.3052829206,0.4577593325,0.3044849574,0.4564651505,0.2971592045,0.4456358818,0.2981008055,0.4504359066,0.3039728197,0.4557948895
0.3777386045,0.5166188521,0.3773761301,0.5125537943,0.3780168955,0.5169868589,0.3774305104,0.5168978393,0.3725953179,0.5147659289,0.3777781679,0.5178551949,0.3788480769,0.5181236067
0.3335540369,0.467636659,0.342116754,0.4936089101,0.3350070907,0.4712201884,0.3421025642,0.4863375337,0.2804877459,0.4100397807,0.2822545678,0.4099445427,0.3261768695,0.4587996199
0.3246734991,0.486483547,0.3223735417,0.479292321,0.3234351178,0.4847705743,0.3232400695,0.4838689451,0.3120247093,0.4636865668,0.3202149193,0.4792902875,0.3233989618,0.4847163831
0.3680952477,0.5129736586,0.3795135859,0.5262706136,0.3690256574,0.5138905745,0.3743133949,0.5204912434,0.3599176701,0.5060131303,0.3602591697,0.505998826,0.3696180831,0.5147155632
0.5521202178,0.6945592051,0.4910878657,0.6189936975,0.5282461478,0.6659375655,0.5106581655,0.6457753125,0.3844512706,0.5060781902,0.4664571894,0.6001363061,0.5127921054,0.6464553083
0.4402012962,0.5931493161,0.4181561805,0.5652520399,0.4416460964,0.594693207,0.4380730944,0.5889816741,0.4049919314,0.5468088729,0.4196070532,0.5638421627,0.4443874093,0.5983844887
0.3474207293,0.4879735087,0.3234124758,0.4572025987,0.3431716798,0.4823588266,0.3529260183,0.497428934,0.3706148574,0.5136871175,0.3683488915,0.5122942055,0.3432938265,0.4825305148
0.3204565321,0.4465764867,0.3179501563,0.4429727935,0.3220583738,0.4487370639,0.3151614157,0.4386322741,0.3422460059,0.4707255052,0.2872696876,0.3998867369,0.3224033537,0.4492177386
0.2676265225,0.3825782127,0.2734513906,0.3860948708,0.262349884,0.374818472,0.2670904112,0.3811634034,0.2627341213,0.3790321266,0.2646716941,0.3783409603,0.2597641099,0.3711241845
0.3616015294,0.5149770053,0.3634759289,0.5162888542,0.3605106311,0.5137897189,0.3607834267,0.5142346353,0.355056787,0.504671737,0.3582455531,0.5077591199,0.3609311552,0.5143890382
0.3300529935,0.4691514273,0.3287867669,0.4664845628,0.3308578877,0.470450259,0.3282009463,0.4663773848,0.3327584523,0.4753191095,0.3343212273,0.4768216438,0.330225503,0.4695510647
0.4091450173,0.5434839244,0.4018155882,0.5360409968,0.4099063461,0.5442803059,0.4107927967,0.5447397383,0.4268049219,0.5681131096,0.427914268,0.5661106292,0.4103993236,0.5449348894
0.340569635,0.4775697752,0.3303737175,0.4611028106,0.3426669693,0.4804706824,0.3385383995,0.4746399554,0.3410949564,0.4829129532,0.3401755535,0.4790646157,0.342674773,0.4804816244
0.2957660703,0.4511728647,0.3019720173,0.4554250387,0.2993647665,0.4553550072,0.3001979901,0.455452277,0.2992987121,0.4484425474,0.3025210019,0.4588279398,0.3008794842,0.457659
0.3808786732,0.52512906,0.371536252,0.5156838195,0.3815579797,0.5259358813,0.3806143568,0.5247634508,0.3810426722,0.5252894775,0.3856871839,0.5310157394,0.3818103747,0.5262837802
0.3381809713,0.4983471278,0.3573922512,0.522522432,0.3374271171,0.497484131,0.342751353,0.5044950921,0.3280286158,0.4818874835,0.3474424525,0.511335823,0.3371076787,0.4970131686
0.3150325992,0.4652567065,0.3218154455,0.473816073,0.318118288,0.4689005821,0.3204774878,0.47164435,0.3049710623,0.4489986941,0.3119929195,0.4607601122,0.3180932417,0.4688636643
0.4556346608,0.6117091261,0.4472028984,0.5993750957,0.455942603,0.6119391665,0.4538320414,0.6090201177,0.4388705222,0.5863590663,0.4766675448,0.6346567095,0.4570393107,0.6134111026
0.3279873367,0.4604333441,0.3165425229,0.4405296464,0.3284445262,0.4608629076,0.3250453758,0.4561589784,0.3328739833,0.4744630611,0.3367946583,0.4747755009,0.3284419265,0.4608592598
0.400312615,0.5367229658,0.3862126234,0.5159441226,0.4035112363,0.5403454488,0.4066280804,0.5446544499,0.404197905,0.5455601766,0.4086398132,0.5476948412,0.4032180578,0.539952851
0.4047779578,0.5476160045,0.4062046145,0.5510184872,0.4057163321,0.5487471611,0.4042024634,0.5465643522,0.399266068,0.5419387389,0.4020470707,0.5447203714,0.4054942584,0.5484467977
0.343120819,0.4939133117,0.341059532,0.4939676882,0.3424763646,0.4931547524,0.3436646054,0.4944762865,0.3447939823,0.4954532339,0.3442215844,0.4952079493,0.3421630757,0.4927036266
0.3383726108,0.5049966702,0.3159303709,0.4707024112,0.3366882042,0.5029913753,0.3315615977,0.4952456036,0.3125571209,0.4644563574,0.3237823465,0.4832341779,0.3360815995,0.5020851453
0.3538581736,0.502444433,0.355625599,0.5083383276,0.3535045737,0.5020745105,0.3540369179,0.502333732,0.3550094299,0.5043422832,0.356659093,0.5057379136,0.3532115938,0.5016583978
0.2831279102,0.4375457113,0.2540942457,0.3908884468,0.2815381354,0.4350013983,0.2873344166,0.4440403649,0.3142569142,0.4698549856,0.3024041948,0.4579824029,0.2849650244,0.4402962459
0.212279123,0.316785563,0.2206716097,0.3185113147,0.2105021591,0.3118385067,0.1921965698,0.2822262269,0.281723496,0.394263959,0.2333952212,0.3341712998,0.2109136763,0.3124481293
0.40388678,0.5429090971,0.4092221734,0.5523240091,0.4030173191,0.5417571902,0.4026462296,0.5415173846,0.3979733861,0.5381906499,0.3978827222,0.5376875462,0.4028791874,0.5415715064
0.3184559102,0.4641823791,0.303563768,0.4436958082,0.3189309249,0.4648022888,0.3158240375,0.4608053587,0.3408876449,0.4922726712,0.3319354239,0.4822618893,0.3197756765,0.4660334095
0.3091631727,0.4373810021,0.309054394,0.4325053063,0.307555719,0.4349419925,0.3064913675,0.4332435191,0.3050721322,0.4356924539,0.3083005287,0.4357063441,0.3064401444,0.4333643589
0.355292102,0.5128910141,0.3651160228,0.5241255482,0.3536333522,0.5112372644,0.3529316874,0.5101409909,0.3522492256,0.5058149307,0.3658187751,0.5266183231,0.3532078202,0.5106220853
0.4008466098,0.5402726608,0.4078520363,0.5531574608,0.3999131105,0.5390205349,0.398602834,0.5375135667,0.3937666669,0.5339446554,0.3943958181,0.5341979136,0.4001030018,0.5392764789
0.3755233577,0.5313002536,0.3753921823,0.5297646028,0.3749763534,0.531029028,0.3714168231,0.5265976911,0.3567466188,0.5058861382,0.3639377895,0.5139655037,0.3749360045,0.5309718871
0.3269375291,0.4832719203,0.3034892151,0.4485465338,0.3268388456,0.4831425654,0.3288302423,0.4865079941,0.3349190786,0.4894527646,0.3279996843,0.4828001554,0.3260959912,0.4820444566
0.366804776,0.5159561276,0.3491692183,0.4927062565,0.3675493815,0.5166607594,0.363938778,0.5118469022,0.3577003368,0.5067956488,0.3630363771,0.5116518937,0.3683995994,0.5178559028
0.1908312791,0.2748498201,0.2781786346,0.4054816363,0.2049179928,0.2961402968,0.2292606705,0.3323701864,0.2564539675,0.3707802718,0.2310004221,0.3374530145,0.2024635196,0.2925931783
0.3179060485,0.4304494476,0.331925583,0.4491407347,0.3207172029,0.4333897723,0.3076015349,0.4161943154,0.3408002194,0.4646815827,0.3098997808,0.4215406497,0.3236663772,0.4373750341
0.31115432,0.448852946,0.323166564,0.4656134679,0.3106431217,0.4482993036,0.3093305443,0.4459646997,0.3010179699,0.4346682956,0.3038693219,0.4374724905,0.3102090793,0.4476729227
0.3834587736,0.5101587574,0.3954206178,0.5346876265,0.3773948875,0.5020504456,0.386937604,0.5164564844,0.3120516693,0.4370095901,0.3667436776,0.5050089289,0.3788121948,0.503935897
0.2585722725,0.4162693847,0.2281948003,0.364605463,0.2539391259,0.4081016351,0.2597086674,0.4166003882,0.2994430309,0.4543802353,0.2754382833,0.4280677425,0.2616192842,0.4204442986
0.3006225873,0.4424150627,0.3238795824,0.4793897464,0.295685937,0.4358752085,0.2965254633,0.4365084218,0.2872419293,0.4259362415,0.2864732328,0.4235111555,0.2960405124,0.4363978936
0.3645000847,0.53169757,0.3688585482,0.5364988497,0.3639985214,0.5314758242,0.3664298859,0.5348158673,0.3432510666,0.5032978989,0.3507293036,0.51556175,0.3632018305,0.5303125723
0.3435602204,0.4896822675,0.3572889515,0.5062017919,0.34669377,0.4932945017,0.351336627,0.4989806932,0.3492328496,0.49626224,0.3469785836,0.4950426155,0.3469464723,0.4936540601
0.4334957286,0.5667591647,0.4236433184,0.5517974097,0.4379210317,0.5717900758,0.4358250556,0.5684193607,0.3961009885,0.5276296896,0.4058217455,0.5309125516,0.440872834,0.5756442211
0.3599956527,0.507616504,0.3611238843,0.5141447102,0.359674147,0.5073251476,0.3586569905,0.5058424067,0.3559039935,0.5047664076,0.3541140122,0.5003016671,0.359333328,0.5068444179
0.4779211442,0.6429994081,0.4417139524,0.5974776749,0.4787546261,0.6438737442,0.4739742711,0.6368090716,0.4116345308,0.5713664868,0.4277060531,0.589052547,0.478779992,0.6439078585
0.3494605028,0.4999440451,0.3514739154,0.5028412079,0.3494322162,0.4998297114,0.3519913684,0.502874001,0.3468791499,0.4950328483,0.3448445248,0.4944395726,0.3495393942,0.4999830194
0.3193632722,0.4676474743,0.3261962657,0.4799429938,0.3173772763,0.4651157543,0.3190985973,0.46687624,0.3065412782,0.4526364153,0.3132807478,0.4604855232,0.3167399865,0.4641818074
0.3185975349,0.4691122404,0.3210619449,0.4753107272,0.3179344634,0.4682718118,0.3192497296,0.4696735676,0.3072312772,0.4556160942,0.3140667222,0.464353022,0.3171391736,0.4671004641
0.3596368879,0.4967572013,0.3423485433,0.4693759398,0.3614185121,0.4991178209,0.3582701743,0.4951912001,0.3496241865,0.4899530289,0.3570331638,0.4959810221,0.36280802,0.5010367269
0.348769535,0.5027141836,0.3295522345,0.4755693472,0.3489384902,0.502864892,0.3496481805,0.504618023,0.3487025833,0.4995608915,0.3475484428,0.5012091083,0.3482988125,0.5019430349
0.385110465,0.5256633037,0.400810333,0.5449355733,0.3864588618,0.5269265928,0.3909509218,0.5325752017,0.4036386944,0.545947068,0.3984040787,0.5407093156,0.3869977443,0.527661345
0.4108617793,0.564309104,0.4270290029,0.5845890328,0.4110917948,0.5649963165,0.405102743,0.5578791443,0.3890830831,0.5318815786,0.4208571723,0.5723435537,0.4103082421,0.5639194174
0.4047519302,0.5656905757,0.4071243271,0.5681189301,0.4048559281,0.5662977661,0.3992456433,0.5591486558,0.3782913878,0.5325778258,0.3984721328,0.5592845255,0.4043636082,0.5656091269
0.3467265932,0.481514257,0.3195518591,0.448640647,0.344983834,0.4793751466,0.341038169,0.4740038505,0.3696148402,0.5153076655,0.3548564854,0.4919545702,0.3459846066,0.4807657784
0.3424730094,0.4887169235,0.3532571522,0.5072426353,0.3401583119,0.4858751362,0.3409732394,0.4864082606,0.3381668087,0.4848328507,0.3330588382,0.4801114492,0.3405278387,0.4864029606
0.3938566717,0.5331156463,0.3787058552,0.5135381194,0.3910376398,0.529823142,0.3958509822,0.5353000497,0.4017207908,0.5443691795,0.4039114627,0.544422066,0.390363187,0.5289093152
0.2961492964,0.4211801348,0.2735120531,0.3882935622,0.2956907979,0.4204327373,0.2903995875,0.4128694748,0.2981424022,0.4269825594,0.2968758545,0.4235490783,0.2948925111,0.4192976803
0.3644467821,0.5076229114,0.3677356739,0.5110225387,0.3653413983,0.5087264567,0.3684197184,0.5122796624,0.3591274303,0.5040689905,0.3623015751,0.5068712386,0.3654632678,0.5088961562
0.2775458776,0.4282480376,0.2519278068,0.3856374695,0.2761068289,0.4258444426,0.2803911899,0.4315856659,0.3117133705,0.4648355183,0.2885497167,0.43765454,0.2806015301,0.4327766996
0.3739633775,0.5139231521,0.3658919887,0.5070549435,0.3733621572,0.5124704875,0.3693502562,0.5073679724,0.3216785498,0.4556989161,0.3536468282,0.4952680674,0.3774238303,0.5180454702
0.3449799236,0.4797671698,0.3217844684,0.4525858952,0.3437117762,0.4781845605,0.3403330867,0.4737028927,0.3728562424,0.5181835996,0.3487481871,0.4844177195,0.3441661474,0.4788166986
0.4066216844,0.5476614661,0.4041362174,0.5470717018,0.4072734445,0.548314448,0.405045254,0.5449389533,0.4009056976,0.5425273416,0.4045698133,0.5451675266,0.4082628351,0.54964647
0.3911601197,0.5508784701,0.4060332304,0.5700591985,0.3900296357,0.5500936615,0.3887187206,0.5484748392,0.3782675597,0.5342884551,0.3847164191,0.5447497933,0.3897205415,0.5496577182
0.3009799133,0.4259162151,0.2598749745,0.3688713083,0.3011477207,0.4260778841,0.293520434,0.4153542814,0.2831594664,0.4040906371,0.2928002568,0.4159960896,0.3006081168,0.4253144273
0.404811752,0.5458048459,0.4213593104,0.567033822,0.4036756417,0.5443355283,0.4057003925,0.5471000608,0.4132387229,0.5551789864,0.4072494526,0.5477044899,0.4039197022,0.5446646311
0.3442121015,0.4863902394,0.3826310567,0.5365684535,0.3502316232,0.493507652,0.3572356416,0.5022178494,0.3697700785,0.5194514082,0.3558635769,0.4997649055,0.3512384617,0.4949263774
0.3436889417,0.4905755852,0.3533018811,0.5025778074,0.3463772014,0.4937408794,0.350086328,0.4980967765,0.3478332166,0.4948544492,0.3451239413,0.4923399629,0.3462374481,0.4935416691
0.3738874218,0.5190164562,0.3788326195,0.5294344169,0.3738038276,0.5188290341,0.3734372706,0.5180335936,0.3715017502,0.5161081625,0.3705570452,0.5171666328,0.3739920265,0.5190902488
0.4016208194,0.5533778565,0.421697247,0.5788579383,0.3999398636,0.5516684802,0.3971993619,0.5486040462,0.3841595575,0.5350834179,0.3950661184,0.5522374498,0.3995493639,0.5511298333
0.3562215456,0.4969548112,0.3741956826,0.5196223226,0.3597854848,0.5010243391,0.3631479109,0.5050124466,0.3672046332,0.5124631472,0.3633499321,0.5061838274,0.3605751958,0.5021240623
0.4988704077,0.6535863187,0.49375333,0.64356833,0.4970027309,0.6509747448,0.5028871505,0.6590536254,0.4621261694,0.6115848672,0.5044666904,0.6598252167,0.4977400754,0.6519405195
0.3867298808,0.5321720167,0.3955993764,0.5427184569,0.3851606829,0.5301924338,0.3891919997,0.535363138,0.3846960584,0.5285934486,0.3804530061,0.5253224948,0.3853249769,0.5304185925
0.3823187997,0.5300107574,0.3790559035,0.5270236618,0.3834064025,0.5313634956,0.3819747498,0.5295616202,0.3798230026,0.5245305473,0.3780385552,0.5209963709,0.3832692839,0.5311734627
0.2247606201,0.3250399868,0.243345583,0.3486829333,0.2231160592,0.3226478967,0.2338533581,0.3375023703,0.2442824442,0.3550644426,0.2242580845,0.3237618449,0.2224331528,0.3216603466
0.3990562047,0.5391623668,0.3880296506,0.5265027319,0.3970773307,0.536806938,0.3988642501,0.5383026917,0.4007480316,0.5431133249,0.4013245212,0.5427025821,0.3974429291,0.5373011888
0.4144005854,0.5595190427,0.4015404576,0.5416910004,0.4129103403,0.557462929,0.4147159216,0.5589422427,0.392147639,0.5309205334,0.4123153221,0.557094946,0.41395978,0.5588797589
0.326484534,0.4693923736,0.3455313283,0.4944004498,0.3249323759,0.4674617194,0.3293991558,0.472922615,0.3406496519,0.4878679591,0.3296645603,0.4733494953,0.3254436693,0.4681972881
0.3077580772,0.4617055537,0.2991162486,0.4530128734,0.3077400001,0.4621857417,0.3062040972,0.4605462129,0.3093513569,0.4611506266,0.3043913356,0.4560329668,0.3049588664,0.4580088381
0.3577476815,0.5057952647,0.3544021694,0.506569491,0.3577198742,0.5058786293,0.3563465591,0.5043593648,0.3581805911,0.509064933,0.3535639286,0.5005470794,0.3570858934,0.5049820692
0.3300620082,0.4709097903,0.3468835649,0.4948441756,0.3293372389,0.4700953553,0.3287503324,0.4687108504,0.3318027572,0.4747184624,0.3308644512,0.4727419092,0.3294216582,0.4702158553
0.3901716496,0.5347342509,0.4090148303,0.5582081353,0.387963212,0.5319223738,0.3917755763,0.5369886363,0.3929324704,0.5353321022,0.3852311839,0.524657464,0.3888645272,0.5331581347
0.4226568523,0.5749275169,0.4415045711,0.5986702384,0.424354584,0.5772523106,0.4166867772,0.5684401919,0.4050092495,0.551446568,0.3962397971,0.5446568148,0.4228544527,0.5752116721
0.3850005226,0.5189370147,0.3530492995,0.4799446975,0.3812133765,0.5146040149,0.3826272271,0.5151397637,0.4109159593,0.551857407,0.404212476,0.5424660489,0.3859262491,0.520965972
0.4378020527,0.586919633,0.4654281367,0.6224745514,0.4413453462,0.5911150939,0.4324831126,0.5818780607,0.431013532,0.5783975342,0.4258232013,0.5746343161,0.4389539848,0.5879122282
0.2579021649,0.4152265241,0.226998909,0.3609943263,0.252078077,0.4049452047,0.2599541123,0.4153064965,0.2971601365,0.4505042116,0.2772106722,0.431850308,0.2620640668,0.4209869753
0.236651693,0.3433646943,0.2795234971,0.4002503184,0.2361009296,0.3428550972,0.2436282612,0.352698248,0.2717486105,0.396187184,0.253890831,0.3659671688,0.2343730515,0.3403459507
0.2714652763,0.4280615231,0.2414353332,0.3787074464,0.2684381105,0.4230200691,0.2747744196,0.4328663682,0.2999900561,0.4544722946,0.2819814719,0.4382381887,0.273594467,0.4311457496
0.3762351941,0.5139615506,0.3650254989,0.4984771096,0.3756427501,0.5131158247,0.3777368378,0.5153760026,0.3869175149,0.5273333763,0.376596433,0.5104853895,0.3764614145,0.5142340937
0.3526873197,0.4931991749,0.3535060346,0.4934800127,0.3525101097,0.4930588171,0.3532250711,0.4935115553,0.3545447493,0.4960219178,0.3538705439,0.4942072589,0.3528380541,0.4935175156
0.4667704426,0.6255959693,0.4636749095,0.6202057081,0.4687055259,0.6277166448,0.4660608269,0.6248007372,0.4529157711,0.6051151074,0.4855951204,0.6459205105,0.4692261452,0.6284138873
0.345062937,0.4801764806,0.3093938231,0.4305589348,0.3467033595,0.4825991508,0.338281773,0.4709368717,0.3468457819,0.4874396304,0.348247318,0.4851877124,0.3475972365,0.4838433968
0.3414881789,0.4857146843,0.3477601298,0.4931390265,0.3414154219,0.4857136837,0.3441922707,0.4888337197,0.3413304735,0.4868239863,0.3381351085,0.4845737203,0.3414125627,0.485709616
0.4299758875,0.5779441239,0.4291649391,0.5755726353,0.432768726,0.5813548857,0.4257084648,0.5727567233,0.4033802438,0.5459604106,0.4169343228,0.5594123645,0.4320499396,0.5803893123
0.356322671,0.4999617173,0.3688681892,0.5188955076,0.3552375849,0.4984779497,0.3554023903,0.4984289559,0.3509094694,0.4929450608,0.3508968367,0.4943118137,0.356221195,0.4998581751
0.2207524002,0.324272191,0.2283717947,0.3388183136,0.2252764798,0.3303020594,0.2306465825,0.3398591374,0.2737893228,0.3994736557,0.2577376514,0.3763973226,0.2311165969,0.3388648827
0.2940081566,0.4462363665,0.2992357371,0.4509271479,0.2994386283,0.4529337628,0.2995575757,0.4522645096,0.2929076684,0.4380660468,0.2882645649,0.4351320894,0.3006142118,0.4547119616
0.372121604,0.5069784298,0.3359209283,0.4616140031,0.3682049877,0.5024419292,0.3667333122,0.4995659701,0.4080236491,0.554239688,0.3869218085,0.5261219983,0.3723218574,0.5080596911
0.2567361876,0.3968936662,0.2376180657,0.3620139682,0.2552941016,0.3940084465,0.2568896663,0.3959984029,0.3237307277,0.474439848,0.2883857199,0.431821112,0.2608660881,0.4026079782
0.309568729,0.4649008511,0.2833174845,0.4244733507,0.3092888888,0.4645858581,0.3118878338,0.4683699332,0.3189021798,0.4728349257,0.3196079585,0.478028135,0.3096926273,0.4651923175
0.2947605813,0.4553838772,0.2714287215,0.4173389963,0.2934066367,0.4531916072,0.2965264345,0.4564618101,0.298045249,0.4490063575,0.2903858857,0.4442801355,0.2953399062,0.456177707
0.3501212529,0.4914001886,0.3482509889,0.4877211379,0.3498144402,0.4912149032,0.3503478457,0.4914022362,0.3512848011,0.4945143739,0.351617138,0.4948542933,0.3499447074,0.4913978265
0.399022979,0.5404447343,0.4022777464,0.5473803859,0.3991086481,0.5405977138,0.3988515363,0.5398490264,0.3924964288,0.5337496999,0.3955922201,0.538411191,0.399117417,0.5406095913
0.3513202827,0.4979445833,0.3812181367,0.5362048469,0.3505506906,0.4967742759,0.3575883481,0.5056539641,0.3596941754,0.5065857904,0.3599126265,0.5074718359,0.3519834873,0.4988047284
0.2236863678,0.3298930668,0.2286996478,0.3445790116,0.2371519471,0.348609016,0.2403658349,0.3572016967,0.3043084117,0.4436779068,0.2667210664,0.3897397179,0.2375034169,0.3491256701
0.3733339554,0.5253873358,0.3807995884,0.5340297059,0.3714626391,0.5232822663,0.3717178777,0.5237549667,0.3593610976,0.508339355,0.3683179657,0.5179000085,0.3717167193,0.5236401911
0.2913527112,0.4308531468,0.3094631721,0.4584065665,0.2896133064,0.4284093597,0.2890030749,0.4271320052,0.2825170314,0.4193833421,0.2822418411,0.4184112205,0.2898172611,0.4287110588
0.4275358037,0.5708679048,0.4345452254,0.5796990277,0.4297082934,0.5732323268,0.4235916282,0.5662332228,0.4125211793,0.5559180279,0.4139136027,0.5561932084,0.4293750953,0.5727878395
0.3766591783,0.5191535928,0.388035554,0.5365486146,0.3743697207,0.5159022547,0.3751759895,0.517207216,0.3724686514,0.5147976721,0.3707961095,0.5143811978,0.3752428004,0.517105407
0.3308698796,0.4802968299,0.3088283439,0.4512271459,0.3300009222,0.4789247565,0.3340229895,0.4867761286,0.346128253,0.4983638814,0.3410937337,0.494187233,0.3293632361,0.4779992935
0.2190035871,0.3171277853,0.2125904406,0.3087906247,0.2203733106,0.3191791883,0.2305674158,0.3336922542,0.2449773077,0.3558653938,0.2258599729,0.326327141,0.2218473953,0.3213141889
0.2943168564,0.4345771963,0.3058490592,0.4512154164,0.2931744896,0.433091455,0.2918501284,0.4311202967,0.2842940594,0.4191727732,0.2887411263,0.4264789384,0.2925603208,0.4321841753
0.3838752103,0.5454940565,0.38180055,0.541505321,0.3830616764,0.5449594437,0.3779423507,0.5383186628,0.3652747177,0.5197003271,0.3819219564,0.5452217579,0.3821045342,0.5435977733
0.4301502944,0.5760043815,0.4462730987,0.5960900562,0.4318041922,0.5778184583,0.4241577052,0.5695217731,0.4183263364,0.5609286247,0.4276996556,0.57364136,0.4305142857,0.5760923708
0.4358254429,0.5933303428,0.4372649498,0.5941959757,0.4378821049,0.5959529761,0.4307097946,0.5871590494,0.4196931355,0.5682651465,0.4563393148,0.6166720067,0.4379185075,0.5960025197
0.3117297163,0.4678325081,0.3222342969,0.4785679417,0.3134820148,0.4698678723,0.3149071382,0.471184537,0.3084926005,0.4593662096,0.3169798215,0.475209565,0.3137959461,0.4703384136
0.3515103997,0.5024519669,0.341728966,0.4917594918,0.3516251833,0.5025886583,0.3518500063,0.5033017536,0.353669713,0.5053066718,0.3533348711,0.5027642397,0.3519354656,0.5030321543
0.3658291906,0.5244066271,0.3651137578,0.5216464328,0.3648220348,0.5235934446,0.3614076616,0.5191735431,0.3497965363,0.4995562831,0.3640608387,0.5211814304,0.3642420598,0.5227610631
0.3133188214,0.4616696354,0.3305750352,0.4828407971,0.3173247624,0.4663889899,0.3210313848,0.471014451,0.3077459476,0.452388004,0.3131053083,0.4618192972,0.3172241054,0.4662410489
0.2907080968,0.4285871965,0.3098119726,0.4572379778,0.2890632892,0.426272975,0.2883458938,0.424885966,0.2793566725,0.4144162283,0.279757903,0.4136157549,0.2893628372,0.4267147094
0.3718491186,0.5074719747,0.3597428233,0.4909627775,0.3729003244,0.508617455,0.3717813017,0.5063015028,0.3556412794,0.4870327808,0.3650764972,0.5036951673,0.3735775706,0.5095411851
0.3184294865,0.4749302687,0.293729096,0.4379975847,0.31829193,0.4747446503,0.3210891266,0.4792512107,0.3212137055,0.4707843049,0.3186127126,0.469679846,0.317857685,0.4740969572
0.3897975721,0.5345079483,0.4000975441,0.546716959,0.3878762109,0.532085315,0.3923238379,0.5378255688,0.3884939137,0.5315684963,0.3958058762,0.5417393561,0.3882417851,0.5325868066
0.3573596508,0.4978869434,0.3696396814,0.5131447104,0.3595712037,0.5003883193,0.3623597099,0.5036123914,0.3660012634,0.5104778001,0.3639544301,0.5065564857,0.3602414017,0.5013209837
0.4815313638,0.6497626677,0.4280359152,0.5848918058,0.4736346883,0.6388547346,0.4652420402,0.6285094766,0.3912365369,0.5485543352,0.4108928389,0.565111746,0.4735027237,0.6386767361
0.4147296761,0.5522687367,0.4096764319,0.5447617802,0.4166330265,0.5546685392,0.4175667288,0.5561047071,0.4040567432,0.5436544443,0.4071582987,0.5435924281,0.4157493577,0.5534921004
0.3437590392,0.4837277637,0.3512028916,0.4925574037,0.3451070517,0.4855955133,0.3434388669,0.4829920177,0.343995623,0.4861304056,0.3438101636,0.4830683455,0.345120195,0.4856140071
0.3903022601,0.5309519267,0.3966829992,0.5400106537,0.3886634675,0.5285454733,0.3912292196,0.532157889,0.3829592526,0.5236144263,0.3895297991,0.5322255842,0.3885166751,0.5283458496
0.3130105333,0.4510116155,0.3222910555,0.4654388965,0.3109634424,0.4489112133,0.3102248336,0.4478206421,0.3088733767,0.4451275739,0.3036149547,0.4414792318,0.3097988084,0.4472299311
0.4013591223,0.5483269288,0.4203609616,0.5722009554,0.3989044332,0.5453814277,0.3991438384,0.546210813,0.4032611658,0.5472588619,0.4078947928,0.5542168587,0.3989601387,0.5454575882
0.3707795233,0.5143533444,0.3800688603,0.5288523131,0.3697612185,0.5128191752,0.3708251887,0.514060765,0.355653417,0.4998603713,0.350379449,0.4940447527,0.3705489325,0.51391165
0.3912356798,0.5399500964,0.3864705338,0.5338348314,0.3931093047,0.5423737014,0.3895509943,0.5380669851,0.3874618449,0.5321629438,0.3869367475,0.531223585,0.3930924221,0.5423504085
0.3989680951,0.5410404695,0.3903592781,0.5314027634,0.3991928442,0.5413310459,0.3982896675,0.5397197907,0.4013733988,0.5452255754,0.3984465279,0.5398822934,0.3992815534,0.5414513412
0.4209400813,0.5705129699,0.4254083665,0.5752801945,0.4245065417,0.5749957744,0.4154216605,0.5641216507,0.4030792952,0.5442496634,0.415725225,0.5610423727,0.423031281,0.572997528
0.2564431441,0.3709985735,0.2615321121,0.3772644064,0.2556865473,0.3699401875,0.2563180699,0.3706176156,0.2695878882,0.3901064375,0.2611911186,0.3772931752,0.2560673893,0.3704912089
0.3471608754,0.5116834888,0.3634888314,0.5326741707,0.3470638856,0.5116557536,0.355919967,0.5237889451,0.3382950343,0.4983859178,0.3493687084,0.5172375682,0.3470416633,0.5116229926
0.3145440224,0.4538201021,0.3170706592,0.4574506073,0.3126677552,0.4516121395,0.3105361576,0.4485044883,0.3059645416,0.4438274565,0.3077013141,0.447565643,0.3121702759,0.4508935886
0.2775224758,0.3771425723,0.3082712517,0.417805785,0.2791308841,0.3784246788,0.2641970675,0.3593519684,0.3068757606,0.4183363173,0.2806106035,0.3840496878,0.2814133066,0.3815190157
0.4089952211,0.5633103521,0.4030347496,0.554461437,0.4097786104,0.5643845191,0.4040329243,0.5571682129,0.3830081383,0.5246911503,0.3995792516,0.5428112362,0.4098835447,0.5645290442
0.4089645168,0.5734263314,0.3643885987,0.5240171161,0.3942611924,0.5538804635,0.3877626827,0.5497503148,0.3087305316,0.4497972297,0.3113780537,0.4513383091,0.3885017891,0.5457893274
0.3628486579,0.5095060668,0.3540796058,0.5022319785,0.3632161419,0.5099367339,0.3622700364,0.5093616779,0.3688135713,0.5151781351,0.3689986066,0.518089625,0.3630785484,0.5097435598
0.3548604839,0.5052803428,0.3533199043,0.5046024473,0.3546758198,0.5050300714,0.3560850964,0.5066229324,0.3540119614,0.5046459156,0.356351505,0.506420936,0.3548114367,0.5052231791
0.3496405455,0.4855886987,0.3229029376,0.4499778399,0.3453406554,0.4800709385,0.3572773738,0.4972273063,0.3801462958,0.522320009,0.3788178274,0.5228345822,0.344999534,0.4795967329
0.3828757719,0.5336191549,0.3828764054,0.5332143531,0.3830706622,0.5340279744,0.3811196789,0.5317801331,0.3705287839,0.52106755,0.3808826483,0.5342436076,0.3831094964,0.5340821121
0.4181126739,0.5584186669,0.4228060617,0.5639366103,0.4177867916,0.5583426485,0.4183765427,0.5589702802,0.4132644373,0.5556662336,0.4089037388,0.5476310338,0.4175534655,0.5580308247
0.2790834644,0.410114224,0.2907735776,0.427634606,0.2792473037,0.4101830978,0.2749257431,0.404563587,0.2775209247,0.407300574,0.2762059845,0.407678898,0.2798353316,0.4110468452
0.363400345,0.5050927225,0.3788967456,0.5232840204,0.3673439896,0.5094920736,0.3723046967,0.5156149617,0.3604228227,0.5030757345,0.3574800897,0.5003461075,0.3683164012,0.5108407713
0.4094769318,0.5596496461,0.4002303059,0.5465618622,0.4096081861,0.5597551104,0.4068801857,0.5562149944,0.3974989318,0.5420196547,0.4089858462,0.5570057545,0.4099287377,0.5601931641
0.3684734207,0.504805074,0.3276771342,0.4485896375,0.3699795579,0.5072557785,0.3632241868,0.4980428612,0.3394661277,0.4744223285,0.344119257,0.4768137508,0.3721181261,0.5101878353
0.3958631547,0.5384345103,0.4013995952,0.5446383006,0.3944157351,0.5366682395,0.3993972094,0.5428424058,0.3941141368,0.5365811572,0.394164059,0.5365662755,0.3942658725,0.5364643265
0.272546912,0.4082391626,0.3120644869,0.4662441988,0.2699920804,0.405447412,0.2845834868,0.426293203,0.3098604894,0.4565318845,0.28084827,0.4207772685,0.2685497123,0.4032814061
0.2822803207,0.424685396,0.2754471878,0.4160971262,0.2830367469,0.4258586455,0.2814412962,0.4240910568,0.2893951228,0.4332097164,0.2978806886,0.4528649343,0.2825692028,0.4251551761
0.3900967454,0.5153542053,0.403869472,0.5428834271,0.3828759521,0.5060233519,0.3956349939,0.5248989436,0.3207319694,0.4325486303,0.3763781254,0.5028491333,0.3826624221,0.5057411426
0.4362721936,0.5860827798,0.4576554353,0.6129821096,0.4400296879,0.590578842,0.4296743927,0.5791512005,0.4279012119,0.5749312434,0.4224304291,0.5724497972,0.4374776241,0.5871536301
0.3659957595,0.5096769834,0.3489305738,0.4862990204,0.3659982165,0.5095626139,0.3671104864,0.5108405125,0.3640024582,0.5027365408,0.3549847887,0.4952424845,0.365307854,0.5086014536
0.403910769,0.5451107127,0.4064845332,0.5504864729,0.4042354649,0.5456378269,0.4039892231,0.5448463492,0.3964396336,0.5382520198,0.3974086893,0.5400156262,0.4042869833,0.5457073666
0.3655683953,0.5295949332,0.3491024857,0.5055938758,0.3643140879,0.52825804,0.3591732858,0.5214998532,0.333122183,0.4819939048,0.3528571341,0.5091907449,0.3630320862,0.5263991284
0.3503558566,0.5149363361,0.3458283833,0.5061396544,0.3485816224,0.5129378995,0.3461993823,0.5094883899,0.3276357841,0.4814050535,0.3430703885,0.504909584,0.3475322761,0.5113937864
0.1841337632,0.2727470346,0.2329755232,0.3373793779,0.1811720179,0.2678759657,0.1779421841,0.2610287275,0.2683156762,0.3770273636,0.1917491177,0.2779994981,0.1789872005,0.2646455547
0.314996206,0.471475622,0.2895281877,0.4330766209,0.3147737072,0.4711810187,0.3178472159,0.4760268818,0.3149429557,0.4671304044,0.3108632779,0.4647160898,0.3145247087,0.4708082958
0.3454955259,0.5073137635,0.3356378827,0.4910033798,0.3440058274,0.5056171846,0.3417252682,0.5025060037,0.323792257,0.4771677481,0.3410321928,0.5012420399,0.3430272796,0.5041789226
0.2694060701,0.4036966577,0.2878271224,0.4310942131,0.2717476477,0.4068702369,0.2663307422,0.3994747182,0.2783844352,0.413906438,0.2716002867,0.4043161712,0.2717581821,0.4068860094
0.3178480059,0.4664367449,0.2923619398,0.4299932171,0.3171298326,0.4653323674,0.3223282759,0.4746564063,0.34272747,0.4948838927,0.3372180484,0.4886325879,0.3166324339,0.4646025222
0.3641302303,0.521625116,0.3939243876,0.5612833783,0.3618127138,0.519128645,0.3706186083,0.5308434507,0.3692472737,0.5289956492,0.3661270526,0.5254865166,0.3620074771,0.5194080912
0.2607685007,0.3680225033,0.2977859124,0.4221113596,0.2580689633,0.3646295413,0.2614217307,0.3692396025,0.2666208354,0.3806634647,0.2560886365,0.3626058993,0.2570475255,0.3631863363
0.3451029475,0.4907932171,0.3527352411,0.5026554544,0.3448340616,0.4905318283,0.3463405151,0.4918211442,0.3441133421,0.4911114953,0.3405280837,0.4878064282,0.3448246759,0.4905184769
0.3695208742,0.510583998,0.3789573451,0.5224419413,0.3689418842,0.5096440141,0.36909077,0.5100973509,0.3571096608,0.4993108998,0.3554204303,0.4960633656,0.3698032632,0.5108338943
0.3976517613,0.5468463468,0.4255634873,0.5829969602,0.3950550961,0.5438970667,0.3958496964,0.5453335283,0.4133589522,0.5622389971,0.3969496071,0.5440413504,0.3952028132,0.5441004381
0.3404257497,0.4771900905,0.3282659175,0.4580554536,0.3425146012,0.4800808749,0.3380780274,0.4738398133,0.3422808149,0.483339685,0.3401755535,0.4783432517,0.3425564758,0.4801395678
0.2796008587,0.4170241415,0.3205868394,0.4763310381,0.2766893135,0.4135959173,0.2928518063,0.4363440946,0.3113680878,0.4562461279,0.2824653645,0.4232627922,0.275564009,0.4119138091
0.3752315313,0.5197920438,0.3808343453,0.5272679337,0.3759717693,0.5205714761,0.3793464151,0.5244944714,0.3766800152,0.5208158625,0.3796073014,0.5267543024,0.3759083766,0.5204837025
0.4402399792,0.5855388189,0.4346598927,0.5763427961,0.438254806,0.5830466703,0.4388791358,0.5835769922,0.4187053143,0.5595511815,0.4318976504,0.5722989892,0.4387776583,0.583742264
0.3990729561,0.556906263,0.3891599471,0.5428909035,0.3989343965,0.5568324542,0.3935588282,0.5500076462,0.3696544091,0.5201690259,0.3892235951,0.5434564195,0.3986546183,0.55644194
0.3120539247,0.4656034132,0.2881937457,0.4324545546,0.3120043333,0.4655039023,0.31521081,0.4723367303,0.3341762901,0.4899012594,0.329336618,0.4896869327,0.3105343996,0.4633107922
0.307495443,0.4461494538,0.3151331619,0.4574931529,0.3047137953,0.4428902555,0.3033578801,0.4409635873,0.3004224934,0.4374974919,0.3009998762,0.439732988,0.3040639834,0.441945778
0.3133990138,0.4462269389,0.2938336346,0.4204733092,0.3136001433,0.446597708,0.3055939223,0.43580409,0.329167444,0.4683003582,0.33249542,0.471732988,0.3127356423,0.4453665728
0.5419904304,0.6917046711,0.4970149167,0.6306732949,0.5450145362,0.6967291477,0.5421384703,0.6910881671,0.4648626665,0.6112228854,0.5096299887,0.6576984216,0.5373284451,0.6869034948
0.3505283409,0.5148958015,0.3590039488,0.5245483676,0.3494676187,0.5138014686,0.3518298527,0.516853396,0.3322715731,0.4880128071,0.3501773768,0.5151314479,0.348818724,0.5128474372
0.4772366066,0.6388896992,0.4724728661,0.6316030664,0.4794391858,0.6412471542,0.4794767288,0.641881356,0.4492436857,0.6036552299,0.4698056059,0.6317058199,0.4797648708,0.6416827559
0.3623638104,0.5323066531,0.3425281508,0.503570211,0.361723173,0.5319461217,0.355128538,0.5227030009,0.3292805154,0.4874899101,0.3515002946,0.5210222114,0.3604551527,0.5300813848
0.334393381,0.4889953221,0.3283131905,0.4801766052,0.3346242646,0.4892794472,0.335856603,0.4908731985,0.3344932613,0.4857494239,0.3356251638,0.4890497114,0.3351174871,0.490000625
0.3300179184,0.4815985922,0.3068713698,0.4492188729,0.3300120384,0.4814529563,0.3332961402,0.487460701,0.3419578286,0.4951970366,0.3373013877,0.4885677305,0.3293231864,0.4804479935
0.3374249532,0.472941318,0.3127521455,0.4384818973,0.3358336302,0.4709711452,0.3431933871,0.4818053415,0.3535027107,0.4894567981,0.3477004595,0.4837779533,0.3351547641,0.4700191071
0.1954519053,0.2858336758,0.1943074015,0.2884526952,0.2020642546,0.2953870939,0.2199919835,0.3225101205,0.2741153712,0.3993492257,0.2482846829,0.3614100633,0.2090919137,0.3056604588
0.3826140969,0.524791719,0.3724529978,0.5149993634,0.3820748835,0.5240851008,0.3821950586,0.5241463467,0.3917158458,0.5366270655,0.3969556171,0.5400895804,0.3824533098,0.5246041812
0.2033546216,0.3032635475,0.2485693202,0.3679922293,0.2029811352,0.3026713834,0.2106005939,0.3133623734,0.2491517106,0.3630062203,0.1909195576,0.2816880423,0.2027886529,0.3023843671
0.3597549112,0.4969218935,0.3301892499,0.4550707573,0.3610705085,0.49893616,0.3558920533,0.4918304571,0.3508316578,0.4907027089,0.3542353057,0.4909346504,0.3623162958,0.5006576196
0.2909143317,0.4310902347,0.3135356194,0.4664836708,0.287648258,0.4266248765,0.287548896,0.425948959,0.2822122123,0.4203632429,0.2853459818,0.4239940953,0.2881497419,0.4273686513
0.3941873163,0.535973048,0.3976706781,0.5398477423,0.3933564446,0.5349219487,0.3982049811,0.5408475908,0.3909688371,0.5318675112,0.389078305,0.5297128309,0.3928726909,0.5342640962
0.3357819749,0.4733864144,0.3235448909,0.4553660628,0.3371752743,0.4754757574,0.3323153891,0.4685227211,0.3388955891,0.4811015669,0.3357882815,0.4744250867,0.3366707115,0.4747642362
0.3217239335,0.4521354215,0.2866325584,0.4022950856,0.322902313,0.4536807534,0.3145338737,0.4420102298,0.3310905915,0.4714560286,0.3333036405,0.4702741911,0.322875421,0.45364297
0.3396029857,0.4692666276,0.3203453176,0.4418909264,0.341221541,0.471378888,0.3419077303,0.4724595751,0.3545708098,0.4884672583,0.3391560505,0.4690500835,0.3406356826,0.4705695566
0.2372401029,0.3413391794,0.2597325272,0.3694098217,0.2353029624,0.3387006116,0.2242675245,0.3216623778,0.2835942046,0.3971892823,0.2340345577,0.3353956524,0.2328105316,0.3351129483
0.270087417,0.4055645172,0.3013813628,0.4542506097,0.2691088555,0.4040477404,0.2665553292,0.3999360923,0.2808194131,0.4197188996,0.2739992017,0.4080816351,0.2706749489,0.406399118
0.3827610088,0.5306974619,0.4152254843,0.5731197311,0.3800087357,0.5274698226,0.3845797908,0.5334460348,0.3836718017,0.5353180521,0.3715150702,0.5174185446,0.3808969161,0.5287026584
0.3448079143,0.4955868528,0.3408631617,0.4937763023,0.3441122691,0.4948145994,0.3446826025,0.495529975,0.3430564606,0.492890754,0.3428171702,0.4940278949,0.3436576197,0.4941608385
0.3844915764,0.5441675426,0.3715542295,0.5258296071,0.3838866446,0.5435385476,0.3788670299,0.5371997658,0.3639201564,0.5162349088,0.3725883151,0.5298380207,0.383073689,0.5423874976
0.3584971457,0.4976030912,0.3736540646,0.5153896353,0.3589193463,0.4980417342,0.3574507021,0.4963925426,0.3520939769,0.4921962518,0.3520111143,0.488865017,0.3596555585,0.499063313
0.4560681308,0.6248849156,0.4401125503,0.6047236967,0.4582008049,0.6276075467,0.4564339881,0.625436538,0.397197011,0.555455311,0.4049376884,0.5643574928,0.457665254,0.626873991
0.349629409,0.4850510397,0.3110346031,0.4326076309,0.3504146396,0.486456796,0.3419725121,0.4746984614,0.3503579092,0.4904407815,0.349940505,0.4871274641,0.3516928224,0.4882312102
0.1876421116,0.2944706256,0.2077409403,0.3125984374,0.1839096141,0.285576259,0.1767092062,0.2713164942,0.2472144892,0.359301603,0.1974326998,0.2925433377,0.1859192235,0.2886967959
0.3921448601,0.5392233376,0.3991914427,0.5478149001,0.390999203,0.5378499442,0.3919863653,0.5393195068,0.3905377507,0.5354611,0.3982014196,0.5459545914,0.3905755981,0.5372672425
0.2780900185,0.4234570496,0.2911309831,0.4465142312,0.2786601156,0.424361896,0.2729964474,0.4156916878,0.2853892802,0.4316338859,0.2759005691,0.4190855871,0.2781677067,0.4236120234
0.3422878323,0.4839547375,0.3533245292,0.4980096499,0.3420139226,0.4836677815,0.3442345499,0.4860898366,0.3501254627,0.492753369,0.3414947197,0.4832998996,0.342565127,0.4844472814
0.498300406,0.6512647718,0.4767518496,0.6206874235,0.4964691348,0.6495024679,0.5047079252,0.6582436453,0.4647572933,0.6128791136,0.5012997214,0.6548027665,0.4969173039,0.6500887821
0.3468803018,0.4873617554,0.3499576883,0.4910490518,0.3465174089,0.4870282314,0.3467778719,0.4868856557,0.3541964857,0.4965282753,0.3507692209,0.492309234,0.3467392797,0.4873400697
0.2771267184,0.4138469422,0.2540118514,0.375447614,0.2763121807,0.4125720063,0.2780838829,0.4157020382,0.3262479584,0.4711828118,0.3128624606,0.4588855753,0.2787941347,0.4162779042
0.5088469955,0.6636672688,0.481832294,0.6262594567,0.5078688868,0.6631199411,0.5154876937,0.6707878415,0.466412629,0.6151073344,0.5051009175,0.6579829434,0.5071616996,0.662196573
0.3022281873,0.459311959,0.3303745835,0.4950943916,0.3045232966,0.4613124107,0.3158656939,0.4765665279,0.3199260706,0.4783962635,0.3221667497,0.4870786907,0.3063564557,0.4640894036
0.4104961629,0.5555604357,0.3984652414,0.5387553771,0.4087779797,0.553285831,0.4106534049,0.5551042143,0.3952459461,0.5375311129,0.4151582263,0.5639171023,0.4092018679,0.5538595687
0.3976932195,0.5372673202,0.3998619949,0.5397110184,0.3968310555,0.5359429329,0.4002321979,0.5405939547,0.3846960521,0.5247908362,0.3874143257,0.5272969953,0.3962627908,0.5351754591
0.3019275546,0.463855953,0.2882555182,0.43899351,0.3004634118,0.461325058,0.3019621818,0.4619070152,0.2984590363,0.4495051367,0.2960967419,0.4531353382,0.3023318168,0.4641937668
0.3752850362,0.5282354225,0.3956382721,0.5540312193,0.3718523144,0.5243285191,0.3733667801,0.526273316,0.3680365176,0.5183281092,0.3716781034,0.52303503,0.3723088906,0.5249723121
0.4714086061,0.6181111338,0.4913919523,0.6421049988,0.4799863006,0.6273187938,0.462969289,0.609756713,0.4301612558,0.5726563957,0.4347135179,0.5775301828,0.4772365326,0.6237249805
0.3938142263,0.5344680129,0.3943699093,0.5405584977,0.394425128,0.5351996899,0.3914539802,0.5309938065,0.3921133684,0.534056834,0.3951495512,0.5373650581,0.3956414701,0.5368501575
0.3633294068,0.5039744399,0.3747824608,0.5174917538,0.3659885371,0.5069184762,0.3697702467,0.5114641433,0.3658489329,0.5097383596,0.3564831017,0.49794192,0.3667526192,0.5079767808
0.4740189068,0.6221334813,0.4778516017,0.6239574916,0.4749256437,0.6227873086,0.4708211191,0.6190280724,0.4436622402,0.5872849523,0.4791543105,0.6265954434,0.4744311274,0.6221388314
0.2628657321,0.3710288884,0.2614800025,0.3641579782,0.2662197356,0.3743165998,0.2457126052,0.3460114446,0.3250241916,0.4469067487,0.2694363483,0.374896246,0.2697222326,0.3792412639
0.3693531909,0.509320473,0.3579678931,0.491961612,0.3695050209,0.509698531,0.3705879467,0.5108869676,0.3586511035,0.5009507134,0.3543635752,0.4940890182,0.3699193314,0.5102700346
0.2936552749,0.4491863386,0.2660205799,0.4072354699,0.2929916835,0.4481826702,0.2975630001,0.4563160892,0.3142290909,0.4700503621,0.2938060562,0.4474993601,0.293509075,0.4489741122
0.3419092408,0.4835151502,0.3453444258,0.4875639388,0.3426190811,0.4846373295,0.3420211869,0.4832815745,0.3374043106,0.4805457103,0.3384121667,0.481108486,0.3423763218,0.4842939446
0.3095383177,0.4608322705,0.2836793674,0.4218425399,0.3099498938,0.4614538155,0.3131995756,0.4668678865,0.3339799522,0.4893185911,0.3189818328,0.4714059941,0.3098572352,0.4613158654
0.3083576147,0.4646208879,0.3356612705,0.4992730649,0.3101509231,0.4663195419,0.318960072,0.4780281672,0.3192153772,0.4752969817,0.3303752522,0.4960864378,0.3109952391,0.4675889917
0.3807696223,0.5303292782,0.3962322115,0.5493977515,0.3778412485,0.5268361259,0.3798489366,0.5295976046,0.3670830273,0.5132879154,0.3720757912,0.5200108446,0.378233611,0.5273832095
0.3668381979,0.5098504645,0.3713522366,0.5156272774,0.3671291572,0.51014238,0.3693082259,0.5126304358,0.3598013832,0.5052325577,0.3575698865,0.5006435123,0.3674195673,0.5105459178
0.3959886072,0.5380753356,0.4173013092,0.5654574576,0.3952304174,0.5369798462,0.3979762482,0.5406797471,0.4100946779,0.5534341706,0.4028742201,0.5468720981,0.3958297987,0.5377941957
0.3494853434,0.4907358243,0.3264198525,0.4611364077,0.3459873097,0.4861302225,0.3543653196,0.4990525412,0.3707065621,0.5147700414,0.3719575397,0.5180009252,0.3460129889,0.4861663033
0.3941004155,0.5421283637,0.3970115774,0.5457607285,0.3945367194,0.5427401249,0.3926531517,0.5406045185,0.3877187406,0.5325078759,0.3917848678,0.5391685501,0.393813826,0.5417456845
0.4134447508,0.5530041488,0.4232585949,0.5655540931,0.4127667201,0.5522892731,0.4135651851,0.5533501967,0.4227078845,0.5640703436,0.417676263,0.5586230635,0.4123433307,0.5517227705
0.3970393789,0.5337631942,0.3810909957,0.5106235822,0.3989510475,0.5359337144,0.4022481551,0.5403661123,0.4015526733,0.5429059616,0.4068593978,0.5451216224,0.3989289453,0.5359040232
0.3891269396,0.5451812786,0.4005234708,0.5591382212,0.3878093695,0.5441054267,0.3840284651,0.5393144804,0.3723627383,0.5231410728,0.3912125957,0.5474923874,0.3876215833,0.5438419584
0.4277251385,0.5720168102,0.4425098739,0.5905204855,0.4280414796,0.5722476111,0.4228085972,0.5667336284,0.4166350997,0.5582845346,0.4210450028,0.5649538537,0.4277787969,0.5718964312
0.2706444051,0.4015138029,0.2865960382,0.425541692,0.2721105321,0.4034006119,0.2668236436,0.3965424501,0.2758335974,0.408131224,0.2703840254,0.4011179275,0.2726427293,0.4041895878
0.2780799477,0.4319759353,0.2490587782,0.3844654154,0.2760371229,0.4286283644,0.282136903,0.4378841727,0.3115231165,0.4653654238,0.3025951196,0.4593370309,0.2806117948,0.4357318805
0.4547444148,0.6121220118,0.4490971735,0.603508654,0.4558661735,0.6133565861,0.4522909176,0.6088548006,0.4313104057,0.5790336934,0.4564168204,0.6094631689,0.4566459019,0.6144056912
0.355245394,0.4916881422,0.3320365327,0.4622667301,0.3536479195,0.4898032002,0.3498902638,0.4844079163,0.3602477113,0.501906131,0.35450472,0.4900113662,0.3546551057,0.4911981555
0.4148659686,0.5558527253,0.4349905208,0.5825903295,0.4142053179,0.5550467845,0.4132110769,0.5543006156,0.427428563,0.5704576828,0.4225989812,0.5639775905,0.4142921164,0.555163097
0.3489138457,0.4628045622,0.3620899921,0.4798563439,0.3557785742,0.4701929835,0.3403426396,0.4511208565,0.3506773546,0.4749507063,0.3438409378,0.4632808818,0.3608725906,0.4769251785
0.2433317823,0.3533820016,0.2299069625,0.3375834223,0.2441487737,0.3542818669,0.2471827304,0.3598518986,0.2721805567,0.3946437568,0.2581930094,0.3751506153,0.2468529653,0.3582058925
0.4102101514,0.5623557614,0.4140673649,0.5663527,0.4122867127,0.565206504,0.4045253764,0.5557616592,0.3957104373,0.5392714929,0.4099892903,0.558033962,0.4115636852,0.564215301
0.3461259971,0.4896745354,0.357977262,0.5038950208,0.3468267103,0.4904579205,0.3508372469,0.4952563214,0.3478669059,0.4918262823,0.3520029081,0.4970021097,0.3475258331,0.4914465708
0.3286149351,0.4742566752,0.3388566721,0.4871358026,0.3282631943,0.4737800102,0.3317637803,0.4779711473,0.3360297459,0.4839061464,0.3332839149,0.4807030335,0.3280310341,0.473444935
0.42153445,0.5783728273,0.4163898923,0.5706853617,0.4223142294,0.5794193379,0.41607362,0.5714872139,0.3939799125,0.5493091839,0.4114377541,0.5695206419,0.4225372393,0.5797253097
0.3507616378,0.4969734376,0.3592378502,0.5114184795,0.3499637773,0.4960031895,0.3508396821,0.4965612352,0.3439346969,0.4895982916,0.3447068208,0.4914436509,0.3502855444,0.4964592296
0.3251154533,0.4785642149,0.3060246347,0.4537704192,0.3253790632,0.4789440216,0.3268903711,0.4826645585,0.3354675329,0.4889669449,0.3318855371,0.4879387531,0.3240864105,0.4770412923
0.441953623,0.5905017838,0.4687046339,0.6247743708,0.4461982559,0.5954274508,0.4359151652,0.58464245,0.4337589232,0.5809330005,0.4298020287,0.577243513,0.4436504599,0.5920275549
0.3603741892,0.5026083628,0.3597284342,0.500365455,0.3609351792,0.5034480275,0.3628406167,0.5054921399,0.3532657645,0.495441488,0.3565480243,0.4994613559,0.3610006573,0.5035393591
0.2636116228,0.3881210109,0.2735584977,0.4072575208,0.2687683242,0.395822566,0.2647709462,0.392218346,0.3007430493,0.4394291545,0.2723915483,0.402881331,0.2661501995,0.3919667811
0.3964653981,0.5358670496,0.3818884766,0.515966149,0.3938117522,0.5325834206,0.3988003268,0.5383230782,0.3999250317,0.5436914148,0.3998055002,0.5415754459,0.3930315689,0.5315283159
0.3178266596,0.4616634169,0.3325503376,0.4808999669,0.3156419241,0.4589130778,0.3191076815,0.4631698317,0.3052761158,0.445032957,0.3112672684,0.4534316892,0.3155527271,0.458783394
0.3676483783,0.5037113011,0.3595478627,0.4953464962,0.3668276029,0.5023256889,0.368419675,0.503990521,0.4142045819,0.5616329488,0.3866140669,0.5276000801,0.3682414455,0.504261774
0.3022203542,0.428921705,0.2627456401,0.3798220165,0.3025242064,0.429285499,0.2980015301,0.4242494467,0.3411296718,0.4848766331,0.3214248393,0.4554677707,0.3017976035,0.4282544406
0.3910318968,0.5321199713,0.395112559,0.5375581519,0.3902257224,0.530885536,0.3939604614,0.5356309768,0.382997863,0.5242960407,0.386860662,0.5310952858,0.3898206528,0.530334456
0.3840674201,0.5240845318,0.3680098378,0.5022398569,0.3823657643,0.5219283912,0.3865906935,0.5269223609,0.3782514364,0.515700328,0.3831524867,0.5207521422,0.381469042,0.5207043673
0.4033989993,0.5399612775,0.4044900573,0.5414868346,0.4049381677,0.5415868614,0.4070837918,0.5440003882,0.4216680094,0.5627971881,0.4114038769,0.5474597564,0.4043437613,0.5407918693
0.2655090121,0.3913911118,0.2820607042,0.4207360105,0.2714132985,0.4006945297,0.2712675286,0.4023785035,0.3098555855,0.4502554734,0.2738184447,0.404666021,0.2666974021,0.393732329
0.4097340299,0.5525697782,0.421253984,0.5666493005,0.4074344576,0.5498046415,0.4095182532,0.5527176599,0.4023399519,0.5422763747,0.4035504162,0.5442053039,0.4077565343,0.5502392619
0.358547985,0.5282788094,0.3490621141,0.5133772619,0.3577299352,0.5276046949,0.3552511492,0.5239146902,0.3256728495,0.4827970872,0.3383135574,0.502748669,0.3567570275,0.5261697838
0.2792378954,0.4299615113,0.2971238364,0.4504768306,0.2872847198,0.4397358356,0.2882067881,0.4398195786,0.2973654204,0.4465655118,0.2924087711,0.4429147389,0.2893691316,0.4429263658
0.4059979217,0.546998507,0.4141036681,0.5564314556,0.404326283,0.5450281927,0.4081543345,0.5498588156,0.4062803324,0.546090888,0.4075674043,0.5461358137,0.4042358391,0.5449062751
0.3209764736,0.4774974968,0.3209255779,0.4744922683,0.3220241896,0.4788023362,0.3226770831,0.4793078192,0.3158163039,0.4655022454,0.3213447488,0.4763729549,0.3223371572,0.4792676727
0.4353434737,0.5883994959,0.4536161149,0.6112482902,0.4390615379,0.5930318702,0.4294875516,0.5821712076,0.4337402207,0.5823341568,0.4425464272,0.5959061722,0.4371465097,0.5904452789
0.3963613331,0.534473934,0.4035202876,0.5430982646,0.3978459796,0.5359622557,0.401367542,0.5402310016,0.4086820324,0.5493877535,0.4081495641,0.5483273259,0.3974836778,0.5354741772
0.4241821593,0.5639940858,0.4407344608,0.5865550498,0.4243150203,0.5643002138,0.420670168,0.5602472144,0.4257751298,0.567279494,0.4214161744,0.5612283543,0.4241879614,0.564131237
0.3384701238,0.4989354994,0.3451233648,0.5051625534,0.3373556575,0.4977155957,0.3372815194,0.4972786197,0.321915029,0.4730745765,0.3420969354,0.5036029405,0.3367230106,0.4967822241
0.3717005591,0.5061957302,0.3211555861,0.4410783176,0.3698092498,0.5047164532,0.3635580774,0.4953514011,0.3803155826,0.5187382425,0.3733317389,0.5070482315,0.3745138695,0.5111373283
0.332365632,0.4845978765,0.3448139064,0.4991390236,0.3326448607,0.4848543654,0.3357628778,0.4887562055,0.3407047559,0.4911768827,0.3492375236,0.5047674869,0.3328323484,0.4851276425
0.3335808404,0.4798753714,0.3576267098,0.5098129769,0.3360832998,0.4825977687,0.342128705,0.4902184064,0.3416891843,0.4878113762,0.3362261846,0.4803123514,0.3368634875,0.4837180767
0.3939387073,0.5350099723,0.3823509273,0.5215928578,0.3928508423,0.5337544732,0.3940304304,0.5346993777,0.3954877473,0.5377744613,0.3880251196,0.5271245688,0.3930475337,0.5340217118
0.4212574394,0.5677180044,0.4448173136,0.597920306,0.4209515297,0.5673335159,0.4164706804,0.5628188711,0.4143596657,0.5577151137,0.4136670633,0.5608633958,0.4202165876,0.5663430045
0.3633158464,0.5099437506,0.3838977385,0.5354368237,0.3621203895,0.5082789872,0.3675735324,0.5152129559,0.3557087242,0.4995440795,0.3597223291,0.5033523162,0.3632981375,0.5099320964
0.3397428612,0.4734514071,0.3061135437,0.4320258667,0.3382229819,0.4716407614,0.3329205634,0.464551631,0.3667264954,0.5130607979,0.3490435144,0.4863991998,0.3391812751,0.4729770695
0.4451672968,0.5827110095,0.4332362255,0.5645261179,0.4442639547,0.5814938289,0.449413707,0.5869508801,0.4090748198,0.5446277359,0.4361640826,0.5707493201,0.4461543847,0.5839681989
0.2344329196,0.3693250505,0.2260261108,0.3493632312,0.2302584242,0.3612800668,0.2346525999,0.3665997726,0.2940056859,0.4389175462,0.2707984135,0.4108025927,0.2385209482,0.3742441321
0.3998588805,0.5385190052,0.3854130893,0.5191360775,0.3964396534,0.5344206773,0.402090189,0.5408898506,0.4040492666,0.5468054472,0.4060799171,0.5461350603,0.3955575417,0.5332315462
0.4400816627,0.5804784503,0.4281647159,0.5627806921,0.4377371062,0.5775148347,0.443279754,0.5833665969,0.404830378,0.5400660606,0.4077281143,0.5382620127,0.4394722298,0.5798040159
0.3489905586,0.4927053895,0.3562569836,0.5031242276,0.3490463739,0.4928683477,0.349811832,0.4932923827,0.3445704631,0.488119131,0.3426016566,0.4866159716,0.3492282405,0.4931251511
0.3370812707,0.4734743268,0.3154526896,0.4447066398,0.3370567556,0.4737115532,0.3301495333,0.4641433324,0.3466950153,0.4873562373,0.3362065027,0.4716684636,0.336694671,0.4732026667
0.2939825848,0.4275570667,0.3094052273,0.4533064191,0.2947563557,0.4297020822,0.2962200044,0.4323854355,0.3214837315,0.4649048214,0.2928565884,0.4277418193,0.2910384556,0.4242820484
0.3051517783,0.4423978993,0.3082038852,0.4470348819,0.3037336668,0.4406661316,0.3005148912,0.4362260952,0.3006990733,0.4371667277,0.2985632649,0.4358466584,0.3032766246,0.4400030408
0.3762473996,0.5232034388,0.3872832932,0.5364133608,0.3747376553,0.5212680247,0.3788806762,0.5265985687,0.363115012,0.5106691132,0.3633268487,0.5109836002,0.375133707,0.521818941
0.4130648984,0.5631379449,0.4201668882,0.571428414,0.4152686894,0.5660372769,0.4077249529,0.5570874681,0.4009450495,0.543466524,0.4100004463,0.5562074088,0.4138903132,0.5641584636
0.3906198595,0.5361663986,0.3872839304,0.5335637913,0.3921907131,0.5380696886,0.3899757123,0.5351790492,0.3874485981,0.5318535132,0.3916677537,0.5371782226,0.3917861406,0.5375146315
0.1810231482,0.2735712018,0.2320896164,0.3443100151,0.1799346999,0.2713263005,0.1851580087,0.2776863591,0.2391361303,0.3491769763,0.1678907068,0.2493882445,0.1801959839,0.2717202947
0.483949033,0.6460757952,0.4590866011,0.6134688175,0.4849697179,0.6473460688,0.4852267521,0.6466089614,0.4447524861,0.5977151536,0.4798459598,0.6437983577,0.4851254081,0.6475538867
0.1697529904,0.2438970903,0.2448937869,0.3464687016,0.1679059669,0.2412855732,0.1727278293,0.2468673362,0.2608948054,0.3647281917,0.1980511393,0.2831155573,0.167680328,0.2409613238
0.3682623437,0.5182279478,0.3865185241,0.5409040625,0.3651455487,0.5144290391,0.368781374,0.5191296145,0.3580931076,0.5034377523,0.3600246649,0.5058946197,0.3659080347,0.5155032544
0.3991292501,0.5461105947,0.406039792,0.5545734649,0.3985608563,0.5454571488,0.3977951959,0.544824698,0.3994021416,0.5454399677,0.4026990569,0.5508127123,0.3978173874,0.5444396618
0.2676287428,0.3965848028,0.2829813008,0.4214329489,0.2695268795,0.3997585942,0.2652044641,0.3948591042,0.2844943818,0.4193691975,0.273478591,0.4054292624,0.2682632981,0.3978844675
0.2880484571,0.4095416082,0.2869322078,0.4032260209,0.283863979,0.4033594815,0.2853683447,0.4052132771,0.2706763857,0.3891183885,0.2671517332,0.3808317747,0.2818337462,0.400474601
0.3166880478,0.4520710404,0.3060167327,0.4376181701,0.3166663315,0.4522196648,0.3104228313,0.4436155197,0.328791321,0.4689261544,0.3360052822,0.4780263076,0.3159060966,0.4511340011
0.4396759907,0.585642179,0.4388425953,0.5829032116,0.4413016989,0.5875256764,0.4359563962,0.5811090332,0.4186583986,0.561155237,0.4270977976,0.5652782879,0.4406780545,0.5866953893
0.3420941408,0.4838593101,0.3181645145,0.4516619456,0.3394881864,0.4803898497,0.3472361118,0.4924494004,0.3694892481,0.5151569659,0.3725816183,0.5244596411,0.3391617431,0.479927919
0.3578989683,0.5112681005,0.3378585698,0.4832072998,0.3580086745,0.511314856,0.3563961084,0.5095404527,0.3561730466,0.5069315847,0.3604273202,0.5174564236,0.3572116049,0.5101764658
0.3730682852,0.5269093521,0.3561113243,0.5032830169,0.3727824427,0.5264263229,0.3711417001,0.5246653641,0.3617474164,0.5122836223,0.3666635148,0.5170174247,0.3720917458,0.5254509523
0.4029518206,0.5433661362,0.4049628216,0.5460805528,0.4022187474,0.5425528696,0.4053491046,0.5462990064,0.3975884234,0.5387480953,0.4007888866,0.5407287283,0.4014862533,0.5415648084
0.3366726705,0.4880954461,0.326379135,0.4785092146,0.3362877281,0.4878361678,0.3360336801,0.4885812385,0.3429783213,0.4934637709,0.3364973817,0.4885324983,0.3346077653,0.4853991279
0.3991500952,0.5454763923,0.4023812396,0.5497983148,0.3997059362,0.5461695418,0.3981101861,0.5443394404,0.3961283583,0.5409081247,0.396542523,0.5423063279,0.3988006921,0.5449325905
0.4902155506,0.6634597383,0.4292781832,0.5890684998,0.4799284409,0.6494051644,0.4705855321,0.6381314613,0.3938277758,0.5504707566,0.4014101035,0.5534417297,0.4784689287,0.6474302559
0.4005469089,0.5439093885,0.4104761305,0.5557189118,0.398228661,0.541071986,0.4021324898,0.5461478394,0.3993265877,0.5417407081,0.4008379531,0.5444615143,0.3985128697,0.5414581395
0.3368988356,0.4728503272,0.3140517447,0.4405712304,0.3383605175,0.475013064,0.3313875628,0.4652558587,0.3392144923,0.4803103267,0.3357637592,0.4735796906,0.3382026967,0.4747915046
0.3803270499,0.5190415205,0.3661387279,0.4982002285,0.3799002979,0.5185820951,0.3827902199,0.522140046,0.3829213068,0.5234885612,0.3888790008,0.5296691295,0.3803853946,0.5192442753
0.2732889966,0.3940288155,0.2534546188,0.3686862431,0.2732794739,0.3937776524,0.2693160547,0.3891613342,0.2833521436,0.4090808678,0.2876169361,0.4156125737,0.2737764627,0.3944937804
0.284558867,0.4327298768,0.2951033899,0.4459263274,0.2890913256,0.4384283773,0.2879436266,0.4359830954,0.2836490426,0.4251095958,0.2758098302,0.4179268344,0.290170281,0.440064693
0.3017749082,0.4379298305,0.3045013138,0.4427146408,0.3000898953,0.4359391143,0.2961438172,0.4306950908,0.2984755355,0.434255185,0.2962483824,0.4323721325,0.2994840316,0.4350589791
0.3201694194,0.4525663421,0.3016722008,0.4252921258,0.3215859359,0.4545179926,0.3149824495,0.4451988247,0.3286237694,0.4681651165,0.3286210877,0.4651508999,0.3210644706,0.4537809724
0.3317353518,0.4752511316,0.3366030147,0.4814561503,0.3309296124,0.4743978974,0.3322352604,0.4755822229,0.3344963285,0.4803878539,0.3341388265,0.4809265626,0.3305376976,0.4738360755
0.2702553434,0.4129644422,0.3079294982,0.4640515286,0.2741060106,0.4174469775,0.2823306812,0.4285994714,0.3010167665,0.4508419533,0.3015683494,0.4559734301,0.2749407641,0.4187182568
0.334836906,0.4843553375,0.3118504301,0.4522638089,0.3346975585,0.4840408117,0.3382481201,0.4902634193,0.3468025781,0.4997779535,0.3387101772,0.4870613777,0.3339139792,0.4829075966
0.2833597983,0.3804102092,0.3486453282,0.473462156,0.284722026,0.3824996753,0.2990143377,0.4025865901,0.3049302987,0.4157781196,0.2761988802,0.3770655714,0.2842134003,0.3818163802
0.2689449226,0.3874783187,0.2479750589,0.3600330229,0.2685407644,0.3867301137,0.2658133739,0.3835736804,0.2765314779,0.3987051856,0.2741482968,0.395291021,0.2692209127,0.3877096068
0.3062173151,0.4277622672,0.3311526838,0.4698924533,0.3054409605,0.4268882633,0.3129811286,0.4392994023,0.2769888678,0.3964044451,0.2804906068,0.3986076489,0.3049982645,0.4262695456
0.3447306406,0.492043963,0.324731448,0.4638820409,0.3454640586,0.4929759834,0.345854817,0.4938090444,0.3529613252,0.5009762198,0.3453156336,0.4876855617,0.3443724137,0.49141821
0.3550070628,0.5112122936,0.3578237184,0.513090931,0.3538803475,0.5101243544,0.3529474715,0.5088898847,0.3472746768,0.4988534184,0.3515029134,0.5056766758,0.3538511467,0.510082261
0.3707202831,0.5134602245,0.3815474733,0.5254941122,0.3731145384,0.5160690786,0.3788201539,0.5231674132,0.3782070605,0.5216500222,0.3805908862,0.5250799779,0.3737402469,0.51693452
0.3037026626,0.4408296449,0.3074203602,0.4464227161,0.3022986639,0.4390990502,0.299122141,0.4347291411,0.3004774983,0.4372693629,0.2983666674,0.4359092118,0.3018637957,0.4384673894
0.5150811613,0.6810121536,0.4520698772,0.604123854,0.5018624192,0.663614372,0.4942683301,0.6536484471,0.3810537793,0.5302252386,0.3985837989,0.5522961376,0.4999717788,0.6611143718
0.2669298008,0.3974969031,0.2952033044,0.4396957837,0.2678650852,0.3985247955,0.26511705,0.3945547871,0.2785841769,0.4137926875,0.2669740158,0.3960364807,0.2694778194,0.400924192
0.3611285515,0.5338082282,0.3289629781,0.4893685774,0.36166941,0.5351003281,0.3493313917,0.5178670613,0.3266286817,0.4872990034,0.3467746974,0.5158861933,0.359153832,0.5313784577
0.3119682514,0.4697747915,0.3396690901,0.5053003186,0.3133990528,0.4709680502,0.3244303864,0.4858816596,0.3277966356,0.4869953082,0.3333541075,0.5010672922,0.3144614898,0.4725646533
0.3699066389,0.5308493938,0.3502929192,0.5033292725,0.3693017639,0.5301783193,0.3641869844,0.5236415007,0.3568645806,0.5116944937,0.3658987302,0.5257633336,0.3683945514,0.5288759037
0.2965042341,0.423680731,0.3029105156,0.4296102042,0.2965145555,0.4237266558,0.2940231234,0.4197527163,0.2965567479,0.4263402217,0.2941474151,0.4208094593,0.2951122293,0.4217226969
0.4217540302,0.5800799751,0.4200059248,0.5769206165,0.4228154405,0.5815929402,0.4159313313,0.5729149037,0.3892970471,0.5426701356,0.4056689143,0.5646812692,0.422813892,0.5815908102
0.3103838972,0.4534559099,0.3427503494,0.4969289351,0.3092426992,0.4518718672,0.3181815061,0.4635279384,0.3094586486,0.4509403849,0.3119147579,0.4549598922,0.3095949309,0.4523865556
0.4147054847,0.5508523676,0.4106086824,0.5459508244,0.4162141707,0.5527202836,0.4159850515,0.5522123158,0.4216863139,0.5619860239,0.4190582716,0.5553117736,0.4150889626,0.5512260401
0.3949136234,0.5357510607,0.3899881338,0.5334136284,0.3946255386,0.5352944491,0.3933290971,0.5330908104,0.3984641856,0.5411313048,0.4010399624,0.5409229059,0.3956637868,0.5367027931
0.3670803734,0.5105138618,0.3493752517,0.4884244992,0.3659894602,0.5091294026,0.3693512165,0.514111393,0.376997854,0.5222450034,0.3758528653,0.5223786409,0.3661713783,0.5093824695
0.3213856811,0.4516375806,0.304599305,0.426935282,0.3233849939,0.4545692528,0.321214582,0.4514531643,0.3254159535,0.4551668376,0.3041355326,0.4317425992,0.3226089584,0.453478411
0.3714969449,0.5086207623,0.3379833991,0.4622602755,0.3718431286,0.5094869344,0.3679316524,0.5040675656,0.3700894077,0.5103121652,0.3808388801,0.5206937465,0.3736138062,0.5119130572
0.3041126338,0.4542414622,0.3155846018,0.4677441835,0.3093962162,0.4606537393,0.3112183505,0.462652836,0.3030295224,0.4482103728,0.3098770165,0.4595146574,0.3096143354,0.4609784925
0.3296937926,0.4852039067,0.3140594565,0.4636720946,0.3301042338,0.4857643365,0.3311506293,0.4876905509,0.3332354936,0.4870734982,0.3298163159,0.4840076883,0.3300433847,0.4856747942
0.3401541315,0.4759272934,0.3579738722,0.4955873986,0.3403289402,0.4760762126,0.3389819902,0.474309955,0.3393870072,0.4802745711,0.3356012787,0.4698582504,0.3402179011,0.4759208832
0.3421973753,0.4771521668,0.3239912628,0.4567619822,0.3417828863,0.4766562903,0.3385047878,0.4724275635,0.3751966397,0.5217617442,0.3482679928,0.4852475411,0.3413929146,0.4761124291
0.2374081857,0.371594351,0.2266788784,0.3475852062,0.2343583127,0.3654862274,0.2355087284,0.3660340807,0.2934155909,0.4314932946,0.2688301968,0.4043811021,0.2413996527,0.3764673306
0.2078760592,0.3027886584,0.2679560613,0.3840920032,0.209852871,0.3059235851,0.2246936045,0.3263359248,0.2629928021,0.3844078683,0.2489948128,0.359469333,0.2088902208,0.3045202333
