rp,T3,reversal_vs_xP,dominated
2,1100,0,1
2.2,1100,0,1
2.4,1100,0,1
2.6,1100,0,1
2.8,1100,0,1
3,1100,0,1
3.2,1100,0,1
3.4,1100,0,1
3.6,1100,0,1
3.8,1100,0,1
4,1100,0,1
4.2,1100,0,1
4.4,1100,0,1
4.6,1100,0,1
4.8,1100,0,1
5,1100,0,1
5.2,1100,0,1
5.4,1100,0,1
5.6,1100,0,1
5.8,1100,0,1
6,1100,0,1
6.2,1100,0,1
6.4,1100,0,1
6.6,1100,0,1
6.8,1100,0,1
7,1100,0,1
7.2,1100,0,1
7.4,1100,0,1
7.6,1100,0,1
7.8,1100,0,1
8,1100,0,1
8.2,1100,0,1
8.4,1100,0,1
8.6,1100,0,1
8.8,1100,0,1
9,1100,0,1
9.2,1100,0,1
9.4,1100,0,1
9.6,1100,0,1
9.8,1100,0,1
10,1100,0,1
10.2,1100,0,1
10.4,1100,0,1
10.6,1100,0,1
10.8,1100,0,1
11,1100,0,1
11.2,1100,0,1
11.4,1100,0,1
11.6,1100,0,1
11.8,1100,0,1
12,1100,0,1
12.2,1100,0,1
12.4,1100,0,1
12.6,1100,0,1
12.8,1100,0,1
13,1100,0,1
13.2,1100,0,1
13.4,1100,0,1
13.6,1100,0,1
13.8,1100,0,1
14,1100,0,1
14.2,1100,0,1
14.4,1100,0,1
14.6,1100,0,1
14.8,1100,0,1
15,1100,0,1
15.2,1100,0,1
15.4,1100,0,1
15.6,1100,0,1
15.8,1100,0,1
16,1100,0,1
16.2,1100,0,1
16.4,1100,0,1
16.6,1100,0,1
16.8,1100,0,1
17,1100,0,1
17.2,1100,0,1
17.4,1100,0,1
17.6,1100,0,1
17.8,1100,0,1
18,1100,0,1
18.2,1100,0,1
18.4,1100,0,1
18.6,1100,0,1
18.8,1100,0,1
19,1100,0,1
19.2,1100,0,1
19.4,1100,0,1
19.6,1100,0,1
19.8,1100,0,1
20,1100,0,1
20.2,1100,0,1
20.4,1100,0,1
20.6,1100,0,1
20.8,1100,0,1
21,1100,0,1
21.2,1100,0,1
21.4,1100,0,1
21.6,1100,0,1
21.8,1100,0,1
22,1100,0,1
22.2,1100,0,1
22.4,1100,0,1
22.6,1100,0,1
22.8,1100,0,1
23,1100,0,1
23.2,1100,0,1
23.4,1100,0,1
23.6,1100,0,1
23.8,1100,0,1
24,1100,0,1
2,1105,0,1
2.2,1105,0,1
2.4,1105,0,1
2.6,1105,0,1
2.8,1105,0,1
3,1105,0,1
3.2,1105,0,1
3.4,1105,0,1
3.6,1105,0,1
3.8,1105,0,1
4,1105,0,1
4.2,1105,0,1
4.4,1105,0,1
4.6,1105,0,1
4.8,1105,0,1
5,1105,0,1
5.2,1105,0,1
5.4,1105,0,1
5.6,1105,0,1
5.8,1105,0,1
6,1105,0,1
6.2,1105,0,1
6.4,1105,0,1
6.6,1105,0,1
6.8,1105,0,1
7,1105,0,1
7.2,1105,0,1
7.4,1105,0,1
7.6,1105,0,1
7.8,1105,0,1
8,1105,0,1
8.2,1105,0,1
8.4,1105,0,1
8.6,1105,0,1
8.8,1105,0,1
9,1105,0,1
9.2,1105,0,1
9.4,1105,0,1
9.6,1105,0,1
9.8,1105,0,1
10,1105,0,1
10.2,1105,0,1
10.4,1105,0,1
10.6,1105,0,1
10.8,1105,0,1
11,1105,0,1
11.2,1105,0,1
11.4,1105,0,1
11.6,1105,0,1
11.8,1105,0,1
12,1105,0,1
12.2,1105,0,1
12.4,1105,0,1
12.6,1105,0,1
12.8,1105,0,1
13,1105,0,1
13.2,1105,0,1
13.4,1105,0,1
13.6,1105,0,1
13.8,1105,0,1
14,1105,0,1
14.2,1105,0,1
14.4,1105,0,1
14.6,1105,0,1
14.8,1105,0,1
15,1105,0,1
15.2,1105,0,1
15.4,1105,0,1
15.6,1105,0,1
15.8,1105,0,1
16,1105,0,1
16.2,1105,0,1
16.4,1105,0,1
16.6,1105,0,1
16.8,1105,0,1
17,1105,0,1
17.2,1105,0,1
17.4,1105,0,1
17.6,1105,0,1
17.8,1105,0,1
18,1105,0,1
18.2,1105,0,1
18.4,1105,0,1
18.6,1105,0,1
18.8,1105,0,1
19,1105,0,1
19.2,1105,0,1
19.4,1105,0,1
19.6,1105,0,1
19.8,1105,0,1
20,1105,0,1
20.2,1105,0,1
20.4,1105,0,1
20.6,1105,0,1
20.8,1105,0,1
21,1105,0,1
21.2,1105,0,1
21.4,1105,0,1
21.6,1105,0,1
21.8,1105,0,1
22,1105,0,1
22.2,1105,0,1
22.4,1105,0,1
22.6,1105,0,1
22.8,1105,0,1
23,1105,0,1
23.2,1105,0,1
23.4,1105,0,1
23.6,1105,0,1
23.8,1105,0,1
24,1105,0,1
2,1110,0,1
2.2,1110,0,1
2.4,1110,0,1
2.6,1110,0,1
2.8,1110,0,1
3,1110,0,1
3.2,1110,0,1
3.4,1110,0,1
3.6,1110,0,1
3.8,1110,0,1
4,1110,0,1
4.2,1110,0,1
4.4,1110,0,1
4.6,1110,0,1
4.8,1110,0,1
5,1110,0,1
5.2,1110,0,1
5.4,1110,0,1
5.6,1110,0,1
5.8,1110,0,1
6,1110,0,1
6.2,1110,0,1
6.4,1110,0,1
6.6,1110,0,1
6.8,1110,0,1
7,1110,0,1
7.2,1110,0,1
7.4,1110,0,1
7.6,1110,0,1
7.8,1110,0,1
8,1110,0,1
8.2,1110,0,1
8.4,1110,0,1
8.6,1110,0,1
8.8,1110,0,1
9,1110,0,1
9.2,1110,0,1
9.4,1110,0,1
9.6,1110,0,1
9.8,1110,0,1
10,1110,0,1
10.2,1110,0,1
10.4,1110,0,1
10.6,1110,0,1
10.8,1110,0,1
11,1110,0,1
11.2,1110,0,1
11.4,1110,0,1
11.6,1110,0,1
11.8,1110,0,1
12,1110,0,1
12.2,1110,0,1
12.4,1110,0,1
12.6,1110,0,1
12.8,1110,0,1
13,1110,0,1
13.2,1110,0,1
13.4,1110,0,1
13.6,1110,0,1
13.8,1110,0,1
14,1110,0,1
14.2,1110,0,1
14.4,1110,0,1
14.6,1110,0,1
14.8,1110,0,1
15,1110,0,1
15.2,1110,0,1
15.4,1110,0,1
15.6,1110,0,1
15.8,1110,0,1
16,1110,0,1
16.2,1110,0,1
16.4,1110,0,1
16.6,1110,0,1
16.8,1110,0,1
17,1110,0,1
17.2,1110,0,1
17.4,1110,0,1
17.6,1110,0,1
17.8,1110,0,1
18,1110,0,1
18.2,1110,0,1
18.4,1110,0,1
18.6,1110,0,1
18.8,1110,0,1
19,1110,0,1
19.2,1110,0,1
19.4,1110,0,1
19.6,1110,0,1
19.8,1110,0,1
20,1110,0,1
20.2,1110,0,1
20.4,1110,0,1
20.6,1110,0,1
20.8,1110,0,1
21,1110,0,1
21.2,1110,0,1
21.4,1110,0,1
21.6,1110,0,1
21.8,1110,0,1
22,1110,0,1
22.2,1110,0,1
22.4,1110,0,1
22.6,1110,0,1
22.8,1110,0,1
23,1110,0,1
23.2,1110,0,1
23.4,1110,0,1
23.6,1110,0,1
23.8,1110,0,1
24,1110,0,1
2,1115,0,1
2.2,1115,0,1
2.4,1115,0,1
2.6,1115,0,1
2.8,1115,0,1
3,1115,0,1
3.2,1115,0,1
3.4,1115,0,1
3.6,1115,0,1
3.8,1115,0,1
4,1115,0,1
4.2,1115,0,1
4.4,1115,0,1
4.6,1115,0,1
4.8,1115,0,1
5,1115,0,1
5.2,1115,0,1
5.4,1115,0,1
5.6,1115,0,1
5.8,1115,0,1
6,1115,0,1
6.2,1115,0,1
6.4,1115,0,1
6.6,1115,0,1
6.8,1115,0,1
7,1115,0,1
7.2,1115,0,1
7.4,1115,0,1
7.6,1115,0,1
7.8,1115,0,1
8,1115,0,1
8.2,1115,0,1
8.4,1115,0,1
8.6,1115,0,1
8.8,1115,0,1
9,1115,0,1
9.2,1115,0,1
9.4,1115,0,1
9.6,1115,0,1
9.8,1115,0,1
10,1115,0,1
10.2,1115,0,1
10.4,1115,0,1
10.6,1115,0,1
10.8,1115,0,1
11,1115,0,1
11.2,1115,0,1
11.4,1115,0,1
11.6,1115,0,1
11.8,1115,0,1
12,1115,0,1
12.2,1115,0,1
12.4,1115,0,1
12.6,1115,0,1
12.8,1115,0,1
13,1115,0,1
13.2,1115,0,1
13.4,1115,0,1
13.6,1115,0,1
13.8,1115,0,1
14,1115,0,1
14.2,1115,0,1
14.4,1115,0,1
14.6,1115,0,1
14.8,1115,0,1
15,1115,0,1
15.2,1115,0,1
15.4,1115,0,1
15.6,1115,0,1
15.8,1115,0,1
16,1115,0,1
16.2,1115,0,1
16.4,1115,0,1
16.6,1115,0,1
16.8,1115,0,1
17,1115,0,1
17.2,1115,0,1
17.4,1115,0,1
17.6,1115,0,1
17.8,1115,0,1
18,1115,0,1
18.2,1115,0,1
18.4,1115,0,1
18.6,1115,0,1
18.8,1115,0,1
19,1115,0,1
19.2,1115,0,1
19.4,1115,0,1
19.6,1115,0,1
19.8,1115,0,1
20,1115,0,1
20.2,1115,0,1
20.4,1115,0,1
20.6,1115,0,1
20.8,1115,0,1
21,1115,0,1
21.2,1115,0,1
21.4,1115,0,1
21.6,1115,0,1
21.8,1115,0,1
22,1115,0,1
22.2,1115,0,1
22.4,1115,0,1
22.6,1115,0,1
22.8,1115,0,1
23,1115,0,1
23.2,1115,0,1
23.4,1115,0,1
23.6,1115,0,1
23.8,1115,0,1
24,1115,0,1
2,1120,0,1
2.2,1120,0,1
2.4,1120,0,1
2.6,1120,0,1
2.8,1120,0,1
3,1120,0,1
3.2,1120,0,1
3.4,1120,0,1
3.6,1120,0,1
3.8,1120,0,1
4,1120,0,1
4.2,1120,0,1
4.4,1120,0,1
4.6,1120,0,1
4.8,1120,0,1
5,1120,0,1
5.2,1120,0,1
5.4,1120,0,1
5.6,1120,0,1
5.8,1120,0,1
6,1120,0,1
6.2,1120,0,1
6.4,1120,0,1
6.6,1120,0,1
6.8,1120,0,1
7,1120,0,1
7.2,1120,0,1
7.4,1120,0,1
7.6,1120,0,1
7.8,1120,0,1
8,1120,0,1
8.2,1120,0,1
8.4,1120,0,1
8.6,1120,0,1
8.8,1120,0,1
9,1120,0,1
9.2,1120,0,1
9.4,1120,0,1
9.6,1120,0,1
9.8,1120,0,1
10,1120,0,1
10.2,1120,0,1
10.4,1120,0,1
10.6,1120,0,1
10.8,1120,0,1
11,1120,0,1
11.2,1120,0,1
11.4,1120,0,1
11.6,1120,0,1
11.8,1120,0,1
12,1120,0,1
12.2,1120,0,1
12.4,1120,0,1
12.6,1120,0,1
12.8,1120,0,1
13,1120,0,1
13.2,1120,0,1
13.4,1120,0,1
13.6,1120,0,1
13.8,1120,0,1
14,1120,0,1
14.2,1120,0,1
14.4,1120,0,1
14.6,1120,0,1
14.8,1120,0,1
15,1120,0,1
15.2,1120,0,1
15.4,1120,0,1
15.6,1120,0,1
15.8,1120,0,1
16,1120,0,1
16.2,1120,0,1
16.4,1120,0,1
16.6,1120,0,1
16.8,1120,0,1
17,1120,0,1
17.2,1120,0,1
17.4,1120,0,1
17.6,1120,0,1
17.8,1120,0,1
18,1120,0,1
18.2,1120,0,1
18.4,1120,0,1
18.6,1120,0,1
18.8,1120,0,1
19,1120,0,1
19.2,1120,0,1
19.4,1120,0,1
19.6,1120,0,1
19.8,1120,0,1
20,1120,0,1
20.2,1120,0,1
20.4,1120,0,1
20.6,1120,0,1
20.8,1120,0,1
21,1120,0,1
21.2,1120,0,1
21.4,1120,0,1
21.6,1120,0,1
21.8,1120,0,1
22,1120,0,1
22.2,1120,0,1
22.4,1120,0,1
22.6,1120,0,1
22.8,1120,0,1
23,1120,0,1
23.2,1120,0,1
23.4,1120,0,1
23.6,1120,0,1
23.8,1120,0,1
24,1120,0,1
2,1125,0,1
2.2,1125,0,1
2.4,1125,0,1
2.6,1125,0,1
2.8,1125,0,1
3,1125,0,1
3.2,1125,0,1
3.4,1125,0,1
3.6,1125,0,1
3.8,1125,0,1
4,1125,0,1
4.2,1125,0,1
4.4,1125,0,1
4.6,1125,0,1
4.8,1125,0,1
5,1125,0,1
5.2,1125,0,1
5.4,1125,0,1
5.6,1125,0,1
5.8,1125,0,1
6,1125,0,1
6.2,1125,0,1
6.4,1125,0,1
6.6,1125,0,1
6.8,1125,0,1
7,1125,0,1
7.2,1125,0,1
7.4,1125,0,1
7.6,1125,0,1
7.8,1125,0,1
8,1125,0,1
8.2,1125,0,1
8.4,1125,0,1
8.6,1125,0,1
8.8,1125,0,1
9,1125,0,1
9.2,1125,0,1
9.4,1125,0,1
9.6,1125,0,1
9.8,1125,0,1
10,1125,0,1
10.2,1125,0,1
10.4,1125,0,1
10.6,1125,0,1
10.8,1125,0,1
11,1125,0,1
11.2,1125,0,1
11.4,1125,0,1
11.6,1125,0,1
11.8,1125,0,1
12,1125,0,1
12.2,1125,0,1
12.4,1125,0,1
12.6,1125,0,1
12.8,1125,0,1
13,1125,0,1
13.2,1125,0,1
13.4,1125,0,1
13.6,1125,0,1
13.8,1125,0,1
14,1125,0,1
14.2,1125,0,1
14.4,1125,0,1
14.6,1125,0,1
14.8,1125,0,1
15,1125,0,1
15.2,1125,0,1
15.4,1125,0,1
15.6,1125,0,1
15.8,1125,0,1
16,1125,0,1
16.2,1125,0,1
16.4,1125,0,1
16.6,1125,0,1
16.8,1125,0,1
17,1125,0,1
17.2,1125,0,1
17.4,1125,0,1
17.6,1125,0,1
17.8,1125,0,1
18,1125,0,1
18.2,1125,0,1
18.4,1125,0,1
18.6,1125,0,1
18.8,1125,0,1
19,1125,0,1
19.2,1125,0,1
19.4,1125,0,1
19.6,1125,0,1
19.8,1125,0,1
20,1125,0,1
20.2,1125,0,1
20.4,1125,0,1
20.6,1125,0,1
20.8,1125,0,1
21,1125,0,1
21.2,1125,0,1
21.4,1125,0,1
21.6,1125,0,1
21.8,1125,0,1
22,1125,0,1
22.2,1125,0,1
22.4,1125,0,1
22.6,1125,0,1
22.8,1125,0,1
23,1125,0,1
23.2,1125,0,1
23.4,1125,0,1
23.6,1125,0,1
23.8,1125,0,1
24,1125,0,1
2,1130,0,1
2.2,1130,0,1
2.4,1130,0,1
2.6,1130,0,1
2.8,1130,0,1
3,1130,0,1
3.2,1130,0,1
3.4,1130,0,1
3.6,1130,0,1
3.8,1130,0,1
4,1130,0,1
4.2,1130,0,1
4.4,1130,0,1
4.6,1130,0,1
4.8,1130,0,1
5,1130,0,1
5.2,1130,0,1
5.4,1130,0,1
5.6,1130,0,1
5.8,1130,0,1
6,1130,0,1
6.2,1130,0,1
6.4,1130,0,1
6.6,1130,0,1
6.8,1130,0,1
7,1130,0,1
7.2,1130,0,1
7.4,1130,0,1
7.6,1130,0,1
7.8,1130,0,1
8,1130,0,1
8.2,1130,0,1
8.4,1130,0,1
8.6,1130,0,1
8.8,1130,0,1
9,1130,0,1
9.2,1130,0,1
9.4,1130,0,1
9.6,1130,0,1
9.8,1130,0,1
10,1130,0,1
10.2,1130,0,1
10.4,1130,0,1
10.6,1130,0,1
10.8,1130,0,1
11,1130,0,1
11.2,1130,0,1
11.4,1130,0,1
11.6,1130,0,1
11.8,1130,0,1
12,1130,0,1
12.2,1130,0,1
12.4,1130,0,1
12.6,1130,0,1
12.8,1130,0,1
13,1130,0,1
13.2,1130,0,1
13.4,1130,0,1
13.6,1130,0,1
13.8,1130,0,1
14,1130,0,1
14.2,1130,0,1
14.4,1130,0,1
14.6,1130,0,1
14.8,1130,0,1
15,1130,0,1
15.2,1130,0,1
15.4,1130,0,1
15.6,1130,0,1
15.8,1130,0,1
16,1130,0,1
16.2,1130,0,1
16.4,1130,0,1
16.6,1130,0,1
16.8,1130,0,1
17,1130,0,1
17.2,1130,0,1
17.4,1130,0,1
17.6,1130,0,1
17.8,1130,0,1
18,1130,0,1
18.2,1130,0,1
18.4,1130,0,1
18.6,1130,0,1
18.8,1130,0,1
19,1130,0,1
19.2,1130,0,1
19.4,1130,0,1
19.6,1130,0,1
19.8,1130,0,1
20,1130,0,1
20.2,1130,0,1
20.4,1130,0,1
20.6,1130,0,1
20.8,1130,0,1
21,1130,0,1
21.2,1130,0,1
21.4,1130,0,1
21.6,1130,0,1
21.8,1130,0,1
22,1130,0,1
22.2,1130,0,1
22.4,1130,0,1
22.6,1130,0,1
22.8,1130,0,1
23,1130,0,1
23.2,1130,0,1
23.4,1130,0,1
23.6,1130,0,1
23.8,1130,0,1
24,1130,0,1
2,1135,0,1
2.2,1135,0,1
2.4,1135,0,1
2.6,1135,0,1
2.8,1135,0,1
3,1135,0,1
3.2,1135,0,1
3.4,1135,0,1
3.6,1135,0,1
3.8,1135,0,1
4,1135,0,1
4.2,1135,0,1
4.4,1135,0,1
4.6,1135,0,1
4.8,1135,0,1
5,1135,0,1
5.2,1135,0,1
5.4,1135,0,1
5.6,1135,0,1
5.8,1135,0,1
6,1135,0,1
6.2,1135,0,1
6.4,1135,0,1
6.6,1135,0,1
6.8,1135,0,1
7,1135,0,1
7.2,1135,0,1
7.4,1135,0,1
7.6,1135,0,1
7.8,1135,0,1
8,1135,0,1
8.2,1135,0,1
8.4,1135,0,1
8.6,1135,0,1
8.8,1135,0,1
9,1135,0,1
9.2,1135,0,1
9.4,1135,0,1
9.6,1135,0,1
9.8,1135,0,1
10,1135,0,1
10.2,1135,0,1
10.4,1135,0,1
10.6,1135,0,1
10.8,1135,0,1
11,1135,0,1
11.2,1135,0,1
11.4,1135,0,1
11.6,1135,0,1
11.8,1135,0,1
12,1135,0,1
12.2,1135,0,1
12.4,1135,0,1
12.6,1135,0,1
12.8,1135,0,1
13,1135,0,1
13.2,1135,0,1
13.4,1135,0,1
13.6,1135,0,1
13.8,1135,0,1
14,1135,0,1
14.2,1135,0,1
14.4,1135,0,1
14.6,1135,0,1
14.8,1135,0,1
15,1135,0,1
15.2,1135,0,1
15.4,1135,0,1
15.6,1135,0,1
15.8,1135,0,1
16,1135,0,1
16.2,1135,0,1
16.4,1135,0,1
16.6,1135,0,1
16.8,1135,0,1
17,1135,0,1
17.2,1135,0,1
17.4,1135,0,1
17.6,1135,0,1
17.8,1135,0,1
18,1135,0,1
18.2,1135,0,1
18.4,1135,0,1
18.6,1135,0,1
18.8,1135,0,1
19,1135,0,1
19.2,1135,0,1
19.4,1135,0,1
19.6,1135,0,1
19.8,1135,0,1
20,1135,0,1
20.2,1135,0,1
20.4,1135,0,1
20.6,1135,0,1
20.8,1135,0,1
21,1135,0,1
21.2,1135,0,1
21.4,1135,0,1
21.6,1135,0,1
21.8,1135,0,1
22,1135,0,1
22.2,1135,0,1
22.4,1135,0,1
22.6,1135,0,1
22.8,1135,0,1
23,1135,0,1
23.2,1135,0,1
23.4,1135,0,1
23.6,1135,0,1
23.8,1135,0,1
24,1135,0,1
2,1140,0,1
2.2,1140,0,1
2.4,1140,0,1
2.6,1140,0,1
2.8,1140,0,1
3,1140,0,1
3.2,1140,0,1
3.4,1140,0,1
3.6,1140,0,1
3.8,1140,0,1
4,1140,0,1
4.2,1140,0,1
4.4,1140,0,1
4.6,1140,0,1
4.8,1140,0,1
5,1140,0,1
5.2,1140,0,1
5.4,1140,0,1
5.6,1140,0,1
5.8,1140,0,1
6,1140,0,1
6.2,1140,0,1
6.4,1140,0,1
6.6,1140,0,1
6.8,1140,0,1
7,1140,0,1
7.2,1140,0,1
7.4,1140,0,1
7.6,1140,0,1
7.8,1140,0,1
8,1140,0,1
8.2,1140,0,1
8.4,1140,0,1
8.6,1140,0,1
8.8,1140,0,1
9,1140,0,1
9.2,1140,0,1
9.4,1140,0,1
9.6,1140,0,1
9.8,1140,0,1
10,1140,0,1
10.2,1140,0,1
10.4,1140,0,1
10.6,1140,0,1
10.8,1140,0,1
11,1140,0,1
11.2,1140,0,1
11.4,1140,0,1
11.6,1140,0,1
11.8,1140,0,1
12,1140,0,1
12.2,1140,0,1
12.4,1140,0,1
12.6,1140,0,1
12.8,1140,0,1
13,1140,0,1
13.2,1140,0,1
13.4,1140,0,1
13.6,1140,0,1
13.8,1140,0,1
14,1140,0,1
14.2,1140,0,1
14.4,1140,0,1
14.6,1140,0,1
14.8,1140,0,1
15,1140,0,1
15.2,1140,0,1
15.4,1140,0,1
15.6,1140,0,1
15.8,1140,0,1
16,1140,0,1
16.2,1140,0,1
16.4,1140,0,1
16.6,1140,0,1
16.8,1140,0,1
17,1140,0,1
17.2,1140,0,1
17.4,1140,0,1
17.6,1140,0,1
17.8,1140,0,1
18,1140,0,1
18.2,1140,0,1
18.4,1140,0,1
18.6,1140,0,1
18.8,1140,0,1
19,1140,0,1
19.2,1140,0,1
19.4,1140,0,1
19.6,1140,0,1
19.8,1140,0,1
20,1140,0,1
20.2,1140,0,1
20.4,1140,0,1
20.6,1140,0,1
20.8,1140,0,1
21,1140,0,1
21.2,1140,0,1
21.4,1140,0,1
21.6,1140,0,1
21.8,1140,0,1
22,1140,0,1
22.2,1140,0,1
22.4,1140,0,1
22.6,1140,0,1
22.8,1140,0,1
23,1140,0,1
23.2,1140,0,1
23.4,1140,0,1
23.6,1140,0,1
23.8,1140,0,1
24,1140,0,1
2,1145,0,1
2.2,1145,0,1
2.4,1145,0,1
2.6,1145,0,1
2.8,1145,0,1
3,1145,0,1
3.2,1145,0,1
3.4,1145,0,1
3.6,1145,0,1
3.8,1145,0,1
4,1145,0,1
4.2,1145,0,1
4.4,1145,0,1
4.6,1145,0,1
4.8,1145,0,1
5,1145,0,1
5.2,1145,0,1
5.4,1145,0,1
5.6,1145,0,1
5.8,1145,0,1
6,1145,0,1
6.2,1145,0,1
6.4,1145,0,1
6.6,1145,0,1
6.8,1145,0,1
7,1145,0,1
7.2,1145,0,1
7.4,1145,0,1
7.6,1145,0,1
7.8,1145,0,1
8,1145,0,1
8.2,1145,0,1
8.4,1145,0,1
8.6,1145,0,1
8.8,1145,0,1
9,1145,0,1
9.2,1145,0,1
9.4,1145,0,1
9.6,1145,0,1
9.8,1145,0,1
10,1145,0,1
10.2,1145,0,1
10.4,1145,0,1
10.6,1145,0,1
10.8,1145,0,1
11,1145,0,1
11.2,1145,0,1
11.4,1145,0,1
11.6,1145,0,1
11.8,1145,0,1
12,1145,0,1
12.2,1145,0,1
12.4,1145,0,1
12.6,1145,0,1
12.8,1145,0,1
13,1145,0,1
13.2,1145,0,1
13.4,1145,0,1
13.6,1145,0,1
13.8,1145,0,1
14,1145,0,1
14.2,1145,0,1
14.4,1145,0,1
14.6,1145,0,1
14.8,1145,0,1
15,1145,0,1
15.2,1145,0,1
15.4,1145,0,1
15.6,1145,0,1
15.8,1145,0,1
16,1145,0,1
16.2,1145,0,1
16.4,1145,0,1
16.6,1145,0,1
16.8,1145,0,1
17,1145,0,1
17.2,1145,0,1
17.4,1145,0,1
17.6,1145,0,1
17.8,1145,0,1
18,1145,0,1
18.2,1145,0,1
18.4,1145,0,1
18.6,1145,0,1
18.8,1145,0,1
19,1145,0,1
19.2,1145,0,1
19.4,1145,0,1
19.6,1145,0,1
19.8,1145,0,1
20,1145,0,1
20.2,1145,0,1
20.4,1145,0,1
20.6,1145,0,1
20.8,1145,0,1
21,1145,0,1
21.2,1145,0,1
21.4,1145,0,1
21.6,1145,0,1
21.8,1145,0,1
22,1145,0,1
22.2,1145,0,1
22.4,1145,0,1
22.6,1145,0,1
22.8,1145,0,1
23,1145,0,1
23.2,1145,0,1
23.4,1145,0,1
23.6,1145,0,1
23.8,1145,0,1
24,1145,0,1
2,1150,0,1
2.2,1150,0,1
2.4,1150,0,1
2.6,1150,0,1
2.8,1150,0,1
3,1150,0,1
3.2,1150,0,1
3.4,1150,0,1
3.6,1150,0,1
3.8,1150,0,1
4,1150,0,1
4.2,1150,0,1
4.4,1150,0,1
4.6,1150,0,1
4.8,1150,0,1
5,1150,0,1
5.2,1150,0,1
5.4,1150,0,1
5.6,1150,0,1
5.8,1150,0,1
6,1150,0,1
6.2,1150,0,1
6.4,1150,0,1
6.6,1150,0,1
6.8,1150,0,1
7,1150,0,1
7.2,1150,0,1
7.4,1150,0,1
7.6,1150,0,1
7.8,1150,0,1
8,1150,0,1
8.2,1150,0,1
8.4,1150,0,1
8.6,1150,0,1
8.8,1150,0,1
9,1150,0,1
9.2,1150,0,1
9.4,1150,0,1
9.6,1150,0,1
9.8,1150,0,1
10,1150,0,1
10.2,1150,0,1
10.4,1150,0,1
10.6,1150,0,1
10.8,1150,0,1
11,1150,0,1
11.2,1150,0,1
11.4,1150,0,1
11.6,1150,0,1
11.8,1150,0,1
12,1150,0,1
12.2,1150,0,1
12.4,1150,0,1
12.6,1150,0,1
12.8,1150,0,1
13,1150,0,1
13.2,1150,0,1
13.4,1150,0,1
13.6,1150,0,1
13.8,1150,0,1
14,1150,0,1
14.2,1150,0,1
14.4,1150,0,1
14.6,1150,0,1
14.8,1150,0,1
15,1150,0,1
15.2,1150,0,1
15.4,1150,0,1
15.6,1150,0,1
15.8,1150,0,1
16,1150,0,1
16.2,1150,0,1
16.4,1150,0,1
16.6,1150,0,1
16.8,1150,0,1
17,1150,0,1
17.2,1150,0,1
17.4,1150,0,1
17.6,1150,0,1
17.8,1150,0,1
18,1150,0,1
18.2,1150,0,1
18.4,1150,0,1
18.6,1150,0,1
18.8,1150,0,1
19,1150,0,1
19.2,1150,0,1
19.4,1150,0,1
19.6,1150,0,1
19.8,1150,0,1
20,1150,0,1
20.2,1150,0,1
20.4,1150,0,1
20.6,1150,0,1
20.8,1150,0,1
21,1150,0,1
21.2,1150,0,1
21.4,1150,0,1
21.6,1150,0,1
21.8,1150,0,1
22,1150,0,1
22.2,1150,0,1
22.4,1150,0,1
22.6,1150,0,1
22.8,1150,0,1
23,1150,0,1
23.2,1150,0,1
23.4,1150,0,1
23.6,1150,0,1
23.8,1150,0,1
24,1150,0,1
2,1155,0,1
2.2,1155,0,1
2.4,1155,0,1
2.6,1155,0,1
2.8,1155,0,1
3,1155,0,1
3.2,1155,0,1
3.4,1155,0,1
3.6,1155,0,1
3.8,1155,0,1
4,1155,0,1
4.2,1155,0,1
4.4,1155,0,1
4.6,1155,0,1
4.8,1155,0,1
5,1155,0,1
5.2,1155,0,1
5.4,1155,0,1
5.6,1155,0,1
5.8,1155,0,1
6,1155,0,1
6.2,1155,0,1
6.4,1155,0,1
6.6,1155,0,1
6.8,1155,0,1
7,1155,0,1
7.2,1155,0,1
7.4,1155,0,1
7.6,1155,0,1
7.8,1155,0,1
8,1155,0,1
8.2,1155,0,1
8.4,1155,0,1
8.6,1155,0,1
8.8,1155,0,1
9,1155,0,1
9.2,1155,0,1
9.4,1155,0,1
9.6,1155,0,1
9.8,1155,0,1
10,1155,0,1
10.2,1155,0,1
10.4,1155,0,1
10.6,1155,0,1
10.8,1155,0,1
11,1155,0,1
11.2,1155,0,1
11.4,1155,0,1
11.6,1155,0,1
11.8,1155,0,1
12,1155,0,1
12.2,1155,0,1
12.4,1155,0,1
12.6,1155,0,1
12.8,1155,0,1
13,1155,0,1
13.2,1155,0,1
13.4,1155,0,1
13.6,1155,0,1
13.8,1155,0,1
14,1155,0,1
14.2,1155,0,1
14.4,1155,0,1
14.6,1155,0,1
14.8,1155,0,1
15,1155,0,1
15.2,1155,0,1
15.4,1155,0,1
15.6,1155,0,1
15.8,1155,0,1
16,1155,0,1
16.2,1155,0,1
16.4,1155,0,1
16.6,1155,0,1
16.8,1155,0,1
17,1155,0,1
17.2,1155,0,1
17.4,1155,0,1
17.6,1155,0,1
17.8,1155,0,1
18,1155,0,1
18.2,1155,0,1
18.4,1155,0,1
18.6,1155,0,1
18.8,1155,0,1
19,1155,0,1
19.2,1155,0,1
19.4,1155,0,1
19.6,1155,0,1
19.8,1155,0,1
20,1155,0,1
20.2,1155,0,1
20.4,1155,0,1
20.6,1155,0,1
20.8,1155,0,1
21,1155,0,1
21.2,1155,0,1
21.4,1155,0,1
21.6,1155,0,1
21.8,1155,0,1
22,1155,0,1
22.2,1155,0,1
22.4,1155,0,1
22.6,1155,0,1
22.8,1155,0,1
23,1155,0,1
23.2,1155,0,1
23.4,1155,0,1
23.6,1155,0,1
23.8,1155,0,1
24,1155,0,1
2,1160,0,1
2.2,1160,0,1
2.4,1160,0,1
2.6,1160,0,1
2.8,1160,0,1
3,1160,0,1
3.2,1160,0,1
3.4,1160,0,1
3.6,1160,0,1
3.8,1160,0,1
4,1160,0,1
4.2,1160,0,1
4.4,1160,0,1
4.6,1160,0,1
4.8,1160,0,1
5,1160,0,1
5.2,1160,0,1
5.4,1160,0,1
5.6,1160,0,1
5.8,1160,0,1
6,1160,0,1
6.2,1160,0,1
6.4,1160,0,1
6.6,1160,0,1
6.8,1160,0,1
7,1160,0,1
7.2,1160,0,1
7.4,1160,0,1
7.6,1160,0,1
7.8,1160,0,1
8,1160,0,1
8.2,1160,0,1
8.4,1160,0,1
8.6,1160,0,1
8.8,1160,0,1
9,1160,0,1
9.2,1160,0,1
9.4,1160,0,1
9.6,1160,0,1
9.8,1160,0,1
10,1160,0,1
10.2,1160,0,1
10.4,1160,0,1
10.6,1160,0,1
10.8,1160,0,1
11,1160,0,1
11.2,1160,0,1
11.4,1160,0,1
11.6,1160,0,1
11.8,1160,0,1
12,1160,0,1
12.2,1160,0,1
12.4,1160,0,1
12.6,1160,0,1
12.8,1160,0,1
13,1160,0,1
13.2,1160,0,1
13.4,1160,0,1
13.6,1160,0,1
13.8,1160,0,1
14,1160,0,1
14.2,1160,0,1
14.4,1160,0,1
14.6,1160,0,1
14.8,1160,0,1
15,1160,0,1
15.2,1160,0,1
15.4,1160,0,1
15.6,1160,0,1
15.8,1160,0,1
16,1160,0,1
16.2,1160,0,1
16.4,1160,0,1
16.6,1160,0,1
16.8,1160,0,1
17,1160,0,1
17.2,1160,0,1
17.4,1160,0,1
17.6,1160,0,1
17.8,1160,0,1
18,1160,0,1
18.2,1160,0,1
18.4,1160,0,1
18.6,1160,0,1
18.8,1160,0,1
19,1160,0,1
19.2,1160,0,1
19.4,1160,0,1
19.6,1160,0,1
19.8,1160,0,1
20,1160,0,1
20.2,1160,0,1
20.4,1160,0,1
20.6,1160,0,1
20.8,1160,0,1
21,1160,0,1
21.2,1160,0,1
21.4,1160,0,1
21.6,1160,0,1
21.8,1160,0,1
22,1160,0,1
22.2,1160,0,1
22.4,1160,0,1
22.6,1160,0,1
22.8,1160,0,1
23,1160,0,1
23.2,1160,0,1
23.4,1160,0,1
23.6,1160,0,1
23.8,1160,0,1
24,1160,0,1
2,1165,0,1
2.2,1165,0,1
2.4,1165,0,1
2.6,1165,0,1
2.8,1165,0,1
3,1165,0,1
3.2,1165,0,1
3.4,1165,0,1
3.6,1165,0,1
3.8,1165,0,1
4,1165,0,1
4.2,1165,0,1
4.4,1165,0,1
4.6,1165,0,1
4.8,1165,0,1
5,1165,0,1
5.2,1165,0,1
5.4,1165,0,1
5.6,1165,0,1
5.8,1165,0,1
6,1165,0,1
6.2,1165,0,1
6.4,1165,0,1
6.6,1165,0,1
6.8,1165,0,1
7,1165,0,1
7.2,1165,0,1
7.4,1165,0,1
7.6,1165,0,1
7.8,1165,0,1
8,1165,0,1
8.2,1165,0,1
8.4,1165,0,1
8.6,1165,0,1
8.8,1165,0,1
9,1165,0,1
9.2,1165,0,1
9.4,1165,0,1
9.6,1165,0,1
9.8,1165,0,1
10,1165,0,1
10.2,1165,0,1
10.4,1165,0,1
10.6,1165,0,1
10.8,1165,0,1
11,1165,0,1
11.2,1165,0,1
11.4,1165,0,1
11.6,1165,0,1
11.8,1165,0,1
12,1165,0,1
12.2,1165,0,1
12.4,1165,0,1
12.6,1165,0,1
12.8,1165,0,1
13,1165,0,1
13.2,1165,0,1
13.4,1165,0,1
13.6,1165,0,1
13.8,1165,0,1
14,1165,0,1
14.2,1165,0,1
14.4,1165,0,1
14.6,1165,0,1
14.8,1165,0,1
15,1165,0,1
15.2,1165,0,1
15.4,1165,0,1
15.6,1165,0,1
15.8,1165,0,1
16,1165,0,1
16.2,1165,0,1
16.4,1165,0,1
16.6,1165,0,1
16.8,1165,0,1
17,1165,0,1
17.2,1165,0,1
17.4,1165,0,1
17.6,1165,0,1
17.8,1165,0,1
18,1165,0,1
18.2,1165,0,1
18.4,1165,0,1
18.6,1165,0,1
18.8,1165,0,1
19,1165,0,1
19.2,1165,0,1
19.4,1165,0,1
19.6,1165,0,1
19.8,1165,0,1
20,1165,0,1
20.2,1165,0,1
20.4,1165,0,1
20.6,1165,0,1
20.8,1165,0,1
21,1165,0,1
21.2,1165,0,1
21.4,1165,0,1
21.6,1165,0,1
21.8,1165,0,1
22,1165,0,1
22.2,1165,0,1
22.4,1165,0,1
22.6,1165,0,1
22.8,1165,0,1
23,1165,0,1
23.2,1165,0,1
23.4,1165,0,1
23.6,1165,0,1
23.8,1165,0,1
24,1165,0,1
2,1170,0,1
2.2,1170,0,1
2.4,1170,0,1
2.6,1170,0,1
2.8,1170,0,1
3,1170,0,1
3.2,1170,0,1
3.4,1170,0,1
3.6,1170,0,1
3.8,1170,0,1
4,1170,0,1
4.2,1170,0,1
4.4,1170,0,1
4.6,1170,0,1
4.8,1170,0,1
5,1170,0,1
5.2,1170,0,1
5.4,1170,0,1
5.6,1170,0,1
5.8,1170,0,1
6,1170,0,1
6.2,1170,0,1
6.4,1170,0,1
6.6,1170,0,1
6.8,1170,0,1
7,1170,0,1
7.2,1170,0,1
7.4,1170,0,1
7.6,1170,0,1
7.8,1170,0,1
8,1170,0,1
8.2,1170,0,1
8.4,1170,0,1
8.6,1170,0,1
8.8,1170,0,1
9,1170,0,1
9.2,1170,0,1
9.4,1170,0,1
9.6,1170,0,1
9.8,1170,0,1
10,1170,0,1
10.2,1170,0,1
10.4,1170,0,1
10.6,1170,0,1
10.8,1170,0,1
11,1170,0,1
11.2,1170,0,1
11.4,1170,0,1
11.6,1170,0,1
11.8,1170,0,1
12,1170,0,1
12.2,1170,0,1
12.4,1170,0,1
12.6,1170,0,1
12.8,1170,0,1
13,1170,0,1
13.2,1170,0,1
13.4,1170,0,1
13.6,1170,0,1
13.8,1170,0,1
14,1170,0,1
14.2,1170,0,1
14.4,1170,0,1
14.6,1170,0,1
14.8,1170,0,1
15,1170,0,1
15.2,1170,0,1
15.4,1170,0,1
15.6,1170,0,1
15.8,1170,0,1
16,1170,0,1
16.2,1170,0,1
16.4,1170,0,1
16.6,1170,0,1
16.8,1170,0,1
17,1170,0,1
17.2,1170,0,1
17.4,1170,0,1
17.6,1170,0,1
17.8,1170,0,1
18,1170,0,1
18.2,1170,0,1
18.4,1170,0,1
18.6,1170,0,1
18.8,1170,0,1
19,1170,0,1
19.2,1170,0,1
19.4,1170,0,1
19.6,1170,0,1
19.8,1170,0,1
20,1170,0,1
20.2,1170,0,1
20.4,1170,0,1
20.6,1170,0,1
20.8,1170,0,1
21,1170,0,1
21.2,1170,0,1
21.4,1170,0,1
21.6,1170,0,1
21.8,1170,0,1
22,1170,0,1
22.2,1170,0,1
22.4,1170,0,1
22.6,1170,0,1
22.8,1170,0,1
23,1170,0,1
23.2,1170,0,1
23.4,1170,0,1
23.6,1170,0,1
23.8,1170,0,1
24,1170,0,1
2,1175,0,1
2.2,1175,0,1
2.4,1175,0,1
2.6,1175,0,1
2.8,1175,0,1
3,1175,0,1
3.2,1175,0,1
3.4,1175,0,1
3.6,1175,0,1
3.8,1175,0,1
4,1175,0,1
4.2,1175,0,1
4.4,1175,0,1
4.6,1175,0,1
4.8,1175,0,1
5,1175,0,1
5.2,1175,0,1
5.4,1175,0,1
5.6,1175,0,1
5.8,1175,0,1
6,1175,0,1
6.2,1175,0,1
6.4,1175,0,1
6.6,1175,0,1
6.8,1175,0,1
7,1175,0,1
7.2,1175,0,1
7.4,1175,0,1
7.6,1175,0,1
7.8,1175,0,1
8,1175,0,1
8.2,1175,0,1
8.4,1175,0,1
8.6,1175,0,1
8.8,1175,0,1
9,1175,0,1
9.2,1175,0,1
9.4,1175,0,1
9.6,1175,0,1
9.8,1175,0,1
10,1175,0,1
10.2,1175,0,1
10.4,1175,0,1
10.6,1175,0,1
10.8,1175,0,1
11,1175,0,1
11.2,1175,0,1
11.4,1175,0,1
11.6,1175,0,1
11.8,1175,0,1
12,1175,0,1
12.2,1175,0,1
12.4,1175,0,1
12.6,1175,0,1
12.8,1175,0,1
13,1175,0,1
13.2,1175,0,1
13.4,1175,0,1
13.6,1175,0,1
13.8,1175,0,1
14,1175,0,1
14.2,1175,0,1
14.4,1175,0,1
14.6,1175,0,1
14.8,1175,0,1
15,1175,0,1
15.2,1175,0,1
15.4,1175,0,1
15.6,1175,0,1
15.8,1175,0,1
16,1175,0,1
16.2,1175,0,1
16.4,1175,0,1
16.6,1175,0,1
16.8,1175,0,1
17,1175,0,1
17.2,1175,0,1
17.4,1175,0,1
17.6,1175,0,1
17.8,1175,0,1
18,1175,0,1
18.2,1175,0,1
18.4,1175,0,1
18.6,1175,0,1
18.8,1175,0,1
19,1175,0,1
19.2,1175,0,1
19.4,1175,0,1
19.6,1175,0,1
19.8,1175,0,1
20,1175,0,1
20.2,1175,0,1
20.4,1175,0,1
20.6,1175,0,1
20.8,1175,0,1
21,1175,0,1
21.2,1175,0,1
21.4,1175,0,1
21.6,1175,0,1
21.8,1175,0,1
22,1175,0,1
22.2,1175,0,1
22.4,1175,0,1
22.6,1175,0,1
22.8,1175,0,1
23,1175,0,1
23.2,1175,0,1
23.4,1175,0,1
23.6,1175,0,1
23.8,1175,0,1
24,1175,0,1
2,1180,0,1
2.2,1180,0,1
2.4,1180,0,1
2.6,1180,0,1
2.8,1180,0,1
3,1180,0,1
3.2,1180,0,1
3.4,1180,0,1
3.6,1180,0,1
3.8,1180,0,1
4,1180,0,1
4.2,1180,0,1
4.4,1180,0,1
4.6,1180,0,1
4.8,1180,0,1
5,1180,0,1
5.2,1180,0,1
5.4,1180,0,1
5.6,1180,0,1
5.8,1180,0,1
6,1180,0,1
6.2,1180,0,1
6.4,1180,0,1
6.6,1180,0,1
6.8,1180,0,1
7,1180,0,1
7.2,1180,0,1
7.4,1180,0,1
7.6,1180,0,1
7.8,1180,0,1
8,1180,0,1
8.2,1180,0,1
8.4,1180,0,1
8.6,1180,0,1
8.8,1180,0,1
9,1180,0,1
9.2,1180,0,1
9.4,1180,0,1
9.6,1180,0,1
9.8,1180,0,1
10,1180,0,1
10.2,1180,0,1
10.4,1180,0,1
10.6,1180,0,1
10.8,1180,0,1
11,1180,0,1
11.2,1180,0,1
11.4,1180,0,1
11.6,1180,0,1
11.8,1180,0,1
12,1180,0,1
12.2,1180,0,1
12.4,1180,0,1
12.6,1180,0,1
12.8,1180,0,1
13,1180,0,1
13.2,1180,0,1
13.4,1180,0,1
13.6,1180,0,1
13.8,1180,0,1
14,1180,0,1
14.2,1180,0,1
14.4,1180,0,1
14.6,1180,0,1
14.8,1180,0,1
15,1180,0,1
15.2,1180,0,1
15.4,1180,0,1
15.6,1180,0,1
15.8,1180,0,1
16,1180,0,1
16.2,1180,0,1
16.4,1180,0,1
16.6,1180,0,1
16.8,1180,0,1
17,1180,0,1
17.2,1180,0,1
17.4,1180,0,1
17.6,1180,0,1
17.8,1180,0,1
18,1180,0,1
18.2,1180,0,1
18.4,1180,0,1
18.6,1180,0,1
18.8,1180,0,1
19,1180,0,1
19.2,1180,0,1
19.4,1180,0,1
19.6,1180,0,1
19.8,1180,0,1
20,1180,0,1
20.2,1180,0,1
20.4,1180,0,1
20.6,1180,0,1
20.8,1180,0,1
21,1180,0,1
21.2,1180,0,1
21.4,1180,0,1
21.6,1180,0,1
21.8,1180,0,1
22,1180,0,1
22.2,1180,0,1
22.4,1180,0,1
22.6,1180,0,1
22.8,1180,0,1
23,1180,0,1
23.2,1180,0,1
23.4,1180,0,1
23.6,1180,0,1
23.8,1180,0,1
24,1180,0,1
2,1185,0,1
2.2,1185,0,1
2.4,1185,0,1
2.6,1185,0,1
2.8,1185,0,1
3,1185,0,1
3.2,1185,0,1
3.4,1185,0,1
3.6,1185,0,1
3.8,1185,0,1
4,1185,0,1
4.2,1185,0,1
4.4,1185,0,1
4.6,1185,0,1
4.8,1185,0,1
5,1185,0,1
5.2,1185,0,1
5.4,1185,0,1
5.6,1185,0,1
5.8,1185,0,1
6,1185,0,1
6.2,1185,0,1
6.4,1185,0,1
6.6,1185,0,1
6.8,1185,0,1
7,1185,0,1
7.2,1185,0,1
7.4,1185,0,1
7.6,1185,0,1
7.8,1185,0,1
8,1185,0,1
8.2,1185,0,1
8.4,1185,0,1
8.6,1185,0,1
8.8,1185,0,1
9,1185,0,1
9.2,1185,0,1
9.4,1185,0,1
9.6,1185,0,1
9.8,1185,0,1
10,1185,0,1
10.2,1185,0,1
10.4,1185,0,1
10.6,1185,0,1
10.8,1185,0,1
11,1185,0,1
11.2,1185,0,1
11.4,1185,0,1
11.6,1185,0,1
11.8,1185,0,1
12,1185,0,1
12.2,1185,0,1
12.4,1185,0,1
12.6,1185,0,1
12.8,1185,0,1
13,1185,0,1
13.2,1185,0,1
13.4,1185,0,1
13.6,1185,0,1
13.8,1185,0,1
14,1185,0,1
14.2,1185,0,1
14.4,1185,0,1
14.6,1185,0,1
14.8,1185,0,1
15,1185,0,1
15.2,1185,0,1
15.4,1185,0,1
15.6,1185,0,1
15.8,1185,0,1
16,1185,0,1
16.2,1185,0,1
16.4,1185,0,1
16.6,1185,0,1
16.8,1185,0,1
17,1185,0,1
17.2,1185,0,1
17.4,1185,0,1
17.6,1185,0,1
17.8,1185,0,1
18,1185,0,1
18.2,1185,0,1
18.4,1185,0,1
18.6,1185,0,1
18.8,1185,0,1
19,1185,0,1
19.2,1185,0,1
19.4,1185,0,1
19.6,1185,0,1
19.8,1185,0,1
20,1185,0,1
20.2,1185,0,1
20.4,1185,0,1
20.6,1185,0,1
20.8,1185,0,1
21,1185,0,1
21.2,1185,0,1
21.4,1185,0,1
21.6,1185,0,1
21.8,1185,0,1
22,1185,0,1
22.2,1185,0,1
22.4,1185,0,1
22.6,1185,0,1
22.8,1185,0,1
23,1185,0,1
23.2,1185,0,1
23.4,1185,0,1
23.6,1185,0,1
23.8,1185,0,1
24,1185,0,1
2,1190,0,1
2.2,1190,0,1
2.4,1190,0,1
2.6,1190,0,1
2.8,1190,0,1
3,1190,0,1
3.2,1190,0,1
3.4,1190,0,1
3.6,1190,0,1
3.8,1190,0,1
4,1190,0,1
4.2,1190,0,1
4.4,1190,0,1
4.6,1190,0,1
4.8,1190,0,1
5,1190,0,1
5.2,1190,0,1
5.4,1190,0,1
5.6,1190,0,1
5.8,1190,0,1
6,1190,0,1
6.2,1190,0,1
6.4,1190,0,1
6.6,1190,0,1
6.8,1190,0,1
7,1190,0,1
7.2,1190,0,1
7.4,1190,0,1
7.6,1190,0,1
7.8,1190,0,1
8,1190,0,1
8.2,1190,0,1
8.4,1190,0,1
8.6,1190,0,1
8.8,1190,0,1
9,1190,0,1
9.2,1190,0,1
9.4,1190,0,1
9.6,1190,0,1
9.8,1190,0,1
10,1190,0,1
10.2,1190,0,1
10.4,1190,0,1
10.6,1190,0,1
10.8,1190,0,1
11,1190,0,1
11.2,1190,0,1
11.4,1190,0,1
11.6,1190,0,1
11.8,1190,0,1
12,1190,0,1
12.2,1190,0,1
12.4,1190,0,1
12.6,1190,0,1
12.8,1190,0,1
13,1190,0,1
13.2,1190,0,1
13.4,1190,0,1
13.6,1190,0,1
13.8,1190,0,1
14,1190,0,1
14.2,1190,0,1
14.4,1190,0,1
14.6,1190,0,1
14.8,1190,0,1
15,1190,0,1
15.2,1190,0,1
15.4,1190,0,1
15.6,1190,0,1
15.8,1190,0,1
16,1190,0,1
16.2,1190,0,1
16.4,1190,0,1
16.6,1190,0,1
16.8,1190,0,1
17,1190,0,1
17.2,1190,0,1
17.4,1190,0,1
17.6,1190,0,1
17.8,1190,0,1
18,1190,0,1
18.2,1190,0,1
18.4,1190,0,1
18.6,1190,0,1
18.8,1190,0,1
19,1190,0,1
19.2,1190,0,1
19.4,1190,0,1
19.6,1190,0,1
19.8,1190,0,1
20,1190,0,1
20.2,1190,0,1
20.4,1190,0,1
20.6,1190,0,1
20.8,1190,0,1
21,1190,0,1
21.2,1190,0,1
21.4,1190,0,1
21.6,1190,0,1
21.8,1190,0,1
22,1190,0,1
22.2,1190,0,1
22.4,1190,0,1
22.6,1190,0,1
22.8,1190,0,1
23,1190,0,1
23.2,1190,0,1
23.4,1190,0,1
23.6,1190,0,1
23.8,1190,0,1
24,1190,0,1
2,1195,0,1
2.2,1195,0,1
2.4,1195,0,1
2.6,1195,0,1
2.8,1195,0,1
3,1195,0,1
3.2,1195,0,1
3.4,1195,0,1
3.6,1195,0,1
3.8,1195,0,1
4,1195,0,1
4.2,1195,0,1
4.4,1195,0,1
4.6,1195,0,1
4.8,1195,0,1
5,1195,0,1
5.2,1195,0,1
5.4,1195,0,1
5.6,1195,0,1
5.8,1195,0,1
6,1195,0,1
6.2,1195,0,1
6.4,1195,0,1
6.6,1195,0,1
6.8,1195,0,1
7,1195,0,1
7.2,1195,0,1
7.4,1195,0,1
7.6,1195,0,1
7.8,1195,0,1
8,1195,0,1
8.2,1195,0,1
8.4,1195,0,1
8.6,1195,0,1
8.8,1195,0,1
9,1195,0,1
9.2,1195,0,1
9.4,1195,0,1
9.6,1195,0,1
9.8,1195,0,1
10,1195,0,1
10.2,1195,0,1
10.4,1195,0,1
10.6,1195,0,1
10.8,1195,0,1
11,1195,0,1
11.2,1195,0,1
11.4,1195,0,1
11.6,1195,0,1
11.8,1195,0,1
12,1195,0,1
12.2,1195,0,1
12.4,1195,0,1
12.6,1195,0,1
12.8,1195,0,1
13,1195,0,1
13.2,1195,0,1
13.4,1195,0,1
13.6,1195,0,1
13.8,1195,0,1
14,1195,0,1
14.2,1195,0,1
14.4,1195,0,1
14.6,1195,0,1
14.8,1195,0,1
15,1195,0,1
15.2,1195,0,1
15.4,1195,0,1
15.6,1195,0,1
15.8,1195,0,1
16,1195,0,1
16.2,1195,0,1
16.4,1195,0,1
16.6,1195,0,1
16.8,1195,0,1
17,1195,0,1
17.2,1195,0,1
17.4,1195,0,1
17.6,1195,0,1
17.8,1195,0,1
18,1195,0,1
18.2,1195,0,1
18.4,1195,0,1
18.6,1195,0,1
18.8,1195,0,1
19,1195,0,1
19.2,1195,0,1
19.4,1195,0,1
19.6,1195,0,1
19.8,1195,0,1
20,1195,0,1
20.2,1195,0,1
20.4,1195,0,1
20.6,1195,0,1
20.8,1195,0,1
21,1195,0,1
21.2,1195,0,1
21.4,1195,0,1
21.6,1195,0,1
21.8,1195,0,1
22,1195,0,1
22.2,1195,0,1
22.4,1195,0,1
22.6,1195,0,1
22.8,1195,0,1
23,1195,0,1
23.2,1195,0,1
23.4,1195,0,1
23.6,1195,0,1
23.8,1195,0,1
24,1195,0,1
2,1200,0,1
2.2,1200,0,1
2.4,1200,0,1
2.6,1200,0,1
2.8,1200,0,1
3,1200,0,1
3.2,1200,0,1
3.4,1200,0,1
3.6,1200,0,1
3.8,1200,0,1
4,1200,0,1
4.2,1200,0,1
4.4,1200,0,1
4.6,1200,0,1
4.8,1200,0,1
5,1200,0,1
5.2,1200,0,1
5.4,1200,0,1
5.6,1200,0,1
5.8,1200,0,1
6,1200,0,1
6.2,1200,0,1
6.4,1200,0,1
6.6,1200,0,1
6.8,1200,0,1
7,1200,0,1
7.2,1200,0,1
7.4,1200,0,1
7.6,1200,0,1
7.8,1200,0,1
8,1200,0,1
8.2,1200,0,1
8.4,1200,0,1
8.6,1200,0,1
8.8,1200,0,1
9,1200,0,1
9.2,1200,0,1
9.4,1200,0,1
9.6,1200,0,1
9.8,1200,0,1
10,1200,0,1
10.2,1200,0,1
10.4,1200,0,1
10.6,1200,0,1
10.8,1200,0,1
11,1200,0,1
11.2,1200,0,1
11.4,1200,0,1
11.6,1200,0,1
11.8,1200,0,1
12,1200,0,1
12.2,1200,0,1
12.4,1200,0,1
12.6,1200,0,1
12.8,1200,0,1
13,1200,0,1
13.2,1200,0,1
13.4,1200,0,1
13.6,1200,0,1
13.8,1200,0,1
14,1200,0,1
14.2,1200,0,1
14.4,1200,0,1
14.6,1200,0,1
14.8,1200,0,1
15,1200,0,1
15.2,1200,0,1
15.4,1200,0,1
15.6,1200,0,1
15.8,1200,0,1
16,1200,0,1
16.2,1200,0,1
16.4,1200,0,1
16.6,1200,0,1
16.8,1200,0,1
17,1200,0,1
17.2,1200,0,1
17.4,1200,0,1
17.6,1200,0,1
17.8,1200,0,1
18,1200,0,1
18.2,1200,0,1
18.4,1200,0,1
18.6,1200,0,1
18.8,1200,0,1
19,1200,0,1
19.2,1200,0,1
19.4,1200,0,1
19.6,1200,0,1
19.8,1200,0,1
20,1200,0,1
20.2,1200,0,1
20.4,1200,0,1
20.6,1200,0,1
20.8,1200,0,1
21,1200,0,1
21.2,1200,0,1
21.4,1200,0,1
21.6,1200,0,1
21.8,1200,0,1
22,1200,0,1
22.2,1200,0,1
22.4,1200,0,1
22.6,1200,0,1
22.8,1200,0,1
23,1200,0,1
23.2,1200,0,1
23.4,1200,0,1
23.6,1200,0,1
23.8,1200,0,1
24,1200,0,1
2,1205,0,1
2.2,1205,0,1
2.4,1205,0,1
2.6,1205,0,1
2.8,1205,0,1
3,1205,0,1
3.2,1205,0,1
3.4,1205,0,1
3.6,1205,0,1
3.8,1205,0,1
4,1205,0,1
4.2,1205,0,1
4.4,1205,0,1
4.6,1205,0,1
4.8,1205,0,1
5,1205,0,1
5.2,1205,0,1
5.4,1205,0,1
5.6,1205,0,1
5.8,1205,0,1
6,1205,0,1
6.2,1205,0,1
6.4,1205,0,1
6.6,1205,0,1
6.8,1205,0,1
7,1205,0,1
7.2,1205,0,1
7.4,1205,0,1
7.6,1205,0,1
7.8,1205,0,1
8,1205,0,1
8.2,1205,0,1
8.4,1205,0,1
8.6,1205,0,1
8.8,1205,0,1
9,1205,0,1
9.2,1205,0,1
9.4,1205,0,1
9.6,1205,0,1
9.8,1205,0,1
10,1205,0,1
10.2,1205,0,1
10.4,1205,0,1
10.6,1205,0,1
10.8,1205,0,1
11,1205,0,1
11.2,1205,0,1
11.4,1205,0,1
11.6,1205,0,1
11.8,1205,0,1
12,1205,0,1
12.2,1205,0,1
12.4,1205,0,1
12.6,1205,0,1
12.8,1205,0,1
13,1205,0,1
13.2,1205,0,1
13.4,1205,0,1
13.6,1205,0,1
13.8,1205,0,1
14,1205,0,1
14.2,1205,0,1
14.4,1205,0,1
14.6,1205,0,1
14.8,1205,0,1
15,1205,0,1
15.2,1205,0,1
15.4,1205,0,1
15.6,1205,0,1
15.8,1205,0,1
16,1205,0,1
16.2,1205,0,1
16.4,1205,0,1
16.6,1205,0,1
16.8,1205,0,1
17,1205,0,1
17.2,1205,0,1
17.4,1205,0,1
17.6,1205,0,1
17.8,1205,0,1
18,1205,0,1
18.2,1205,0,1
18.4,1205,0,1
18.6,1205,0,1
18.8,1205,0,1
19,1205,0,1
19.2,1205,0,1
19.4,1205,0,1
19.6,1205,0,1
19.8,1205,0,1
20,1205,0,1
20.2,1205,0,1
20.4,1205,0,1
20.6,1205,0,1
20.8,1205,0,1
21,1205,0,1
21.2,1205,0,1
21.4,1205,0,1
21.6,1205,0,1
21.8,1205,0,1
22,1205,0,1
22.2,1205,0,1
22.4,1205,0,1
22.6,1205,0,1
22.8,1205,0,1
23,1205,0,1
23.2,1205,0,1
23.4,1205,0,1
23.6,1205,0,1
23.8,1205,0,1
24,1205,0,1
2,1210,0,1
2.2,1210,0,1
2.4,1210,0,1
2.6,1210,0,1
2.8,1210,0,1
3,1210,0,1
3.2,1210,0,1
3.4,1210,0,1
3.6,1210,0,1
3.8,1210,0,1
4,1210,0,1
4.2,1210,0,1
4.4,1210,0,1
4.6,1210,0,1
4.8,1210,0,1
5,1210,0,1
5.2,1210,0,1
5.4,1210,0,1
5.6,1210,0,1
5.8,1210,0,1
6,1210,0,1
6.2,1210,0,1
6.4,1210,0,1
6.6,1210,0,1
6.8,1210,0,1
7,1210,0,1
7.2,1210,0,1
7.4,1210,0,1
7.6,1210,0,1
7.8,1210,0,1
8,1210,0,1
8.2,1210,0,1
8.4,1210,0,1
8.6,1210,0,1
8.8,1210,0,1
9,1210,0,1
9.2,1210,0,1
9.4,1210,0,1
9.6,1210,0,1
9.8,1210,0,1
10,1210,0,1
10.2,1210,0,1
10.4,1210,0,1
10.6,1210,0,1
10.8,1210,0,1
11,1210,0,1
11.2,1210,0,1
11.4,1210,0,1
11.6,1210,0,1
11.8,1210,0,1
12,1210,0,1
12.2,1210,0,1
12.4,1210,0,1
12.6,1210,0,1
12.8,1210,0,1
13,1210,0,1
13.2,1210,0,1
13.4,1210,0,1
13.6,1210,0,1
13.8,1210,0,1
14,1210,0,1
14.2,1210,0,1
14.4,1210,0,1
14.6,1210,0,1
14.8,1210,0,1
15,1210,0,1
15.2,1210,0,1
15.4,1210,0,1
15.6,1210,0,1
15.8,1210,0,1
16,1210,0,1
16.2,1210,0,1
16.4,1210,0,1
16.6,1210,0,1
16.8,1210,0,1
17,1210,0,1
17.2,1210,0,1
17.4,1210,0,1
17.6,1210,0,1
17.8,1210,0,1
18,1210,0,1
18.2,1210,0,1
18.4,1210,0,1
18.6,1210,0,1
18.8,1210,0,1
19,1210,0,1
19.2,1210,0,1
19.4,1210,0,1
19.6,1210,0,1
19.8,1210,0,1
20,1210,0,1
20.2,1210,0,1
20.4,1210,0,1
20.6,1210,0,1
20.8,1210,0,1
21,1210,0,1
21.2,1210,0,1
21.4,1210,0,1
21.6,1210,0,1
21.8,1210,0,1
22,1210,0,1
22.2,1210,0,1
22.4,1210,0,1
22.6,1210,0,1
22.8,1210,0,1
23,1210,0,1
23.2,1210,0,1
23.4,1210,0,1
23.6,1210,0,1
23.8,1210,0,1
24,1210,0,1
2,1215,0,1
2.2,1215,0,1
2.4,1215,0,1
2.6,1215,0,1
2.8,1215,0,1
3,1215,0,1
3.2,1215,0,1
3.4,1215,0,1
3.6,1215,0,1
3.8,1215,0,1
4,1215,0,1
4.2,1215,0,1
4.4,1215,0,1
4.6,1215,0,1
4.8,1215,0,1
5,1215,0,1
5.2,1215,0,1
5.4,1215,0,1
5.6,1215,0,1
5.8,1215,0,1
6,1215,0,1
6.2,1215,0,1
6.4,1215,0,1
6.6,1215,0,1
6.8,1215,0,1
7,1215,0,1
7.2,1215,0,1
7.4,1215,0,1
7.6,1215,0,1
7.8,1215,0,1
8,1215,0,1
8.2,1215,0,1
8.4,1215,0,1
8.6,1215,0,1
8.8,1215,0,1
9,1215,0,1
9.2,1215,0,1
9.4,1215,0,1
9.6,1215,0,1
9.8,1215,0,1
10,1215,0,1
10.2,1215,0,1
10.4,1215,0,1
10.6,1215,0,1
10.8,1215,0,1
11,1215,0,1
11.2,1215,0,1
11.4,1215,0,1
11.6,1215,0,1
11.8,1215,0,1
12,1215,0,1
12.2,1215,0,1
12.4,1215,0,1
12.6,1215,0,1
12.8,1215,0,1
13,1215,0,1
13.2,1215,0,1
13.4,1215,0,1
13.6,1215,0,1
13.8,1215,0,1
14,1215,0,1
14.2,1215,0,1
14.4,1215,0,1
14.6,1215,0,1
14.8,1215,0,1
15,1215,0,1
15.2,1215,0,1
15.4,1215,0,1
15.6,1215,0,1
15.8,1215,0,1
16,1215,0,1
16.2,1215,0,1
16.4,1215,0,1
16.6,1215,0,1
16.8,1215,0,1
17,1215,0,1
17.2,1215,0,1
17.4,1215,0,1
17.6,1215,0,1
17.8,1215,0,1
18,1215,0,1
18.2,1215,0,1
18.4,1215,0,1
18.6,1215,0,1
18.8,1215,0,1
19,1215,0,1
19.2,1215,0,1
19.4,1215,0,1
19.6,1215,0,1
19.8,1215,0,1
20,1215,0,1
20.2,1215,0,1
20.4,1215,0,1
20.6,1215,0,1
20.8,1215,0,1
21,1215,0,1
21.2,1215,0,1
21.4,1215,0,1
21.6,1215,0,1
21.8,1215,0,1
22,1215,0,1
22.2,1215,0,1
22.4,1215,0,1
22.6,1215,0,1
22.8,1215,0,1
23,1215,0,1
23.2,1215,0,1
23.4,1215,0,1
23.6,1215,0,1
23.8,1215,0,1
24,1215,0,1
2,1220,0,1
2.2,1220,0,1
2.4,1220,0,1
2.6,1220,0,1
2.8,1220,0,1
3,1220,0,1
3.2,1220,0,1
3.4,1220,0,1
3.6,1220,0,1
3.8,1220,0,1
4,1220,0,1
4.2,1220,0,1
4.4,1220,0,1
4.6,1220,0,1
4.8,1220,0,1
5,1220,0,1
5.2,1220,0,1
5.4,1220,0,1
5.6,1220,0,1
5.8,1220,0,1
6,1220,0,1
6.2,1220,0,1
6.4,1220,0,1
6.6,1220,0,1
6.8,1220,0,1
7,1220,0,1
7.2,1220,0,1
7.4,1220,0,1
7.6,1220,0,1
7.8,1220,0,1
8,1220,0,1
8.2,1220,0,1
8.4,1220,0,1
8.6,1220,0,1
8.8,1220,0,1
9,1220,0,1
9.2,1220,0,1
9.4,1220,0,1
9.6,1220,0,1
9.8,1220,0,1
10,1220,0,1
10.2,1220,0,1
10.4,1220,0,1
10.6,1220,0,1
10.8,1220,0,1
11,1220,0,1
11.2,1220,0,1
11.4,1220,0,1
11.6,1220,0,1
11.8,1220,0,1
12,1220,0,1
12.2,1220,0,1
12.4,1220,0,1
12.6,1220,0,1
12.8,1220,0,1
13,1220,0,1
13.2,1220,0,1
13.4,1220,0,1
13.6,1220,0,1
13.8,1220,0,1
14,1220,0,1
14.2,1220,0,1
14.4,1220,0,1
14.6,1220,0,1
14.8,1220,0,1
15,1220,0,1
15.2,1220,0,1
15.4,1220,0,1
15.6,1220,0,1
15.8,1220,0,1
16,1220,0,1
16.2,1220,0,1
16.4,1220,0,1
16.6,1220,0,1
16.8,1220,0,1
17,1220,0,1
17.2,1220,0,1
17.4,1220,0,1
17.6,1220,0,1
17.8,1220,0,1
18,1220,0,1
18.2,1220,0,1
18.4,1220,0,1
18.6,1220,0,1
18.8,1220,0,1
19,1220,0,1
19.2,1220,0,1
19.4,1220,0,1
19.6,1220,0,1
19.8,1220,0,1
20,1220,0,1
20.2,1220,0,1
20.4,1220,0,1
20.6,1220,0,1
20.8,1220,0,1
21,1220,0,1
21.2,1220,0,1
21.4,1220,0,1
21.6,1220,0,1
21.8,1220,0,1
22,1220,0,1
22.2,1220,0,1
22.4,1220,0,1
22.6,1220,0,1
22.8,1220,0,1
23,1220,0,1
23.2,1220,0,1
23.4,1220,0,1
23.6,1220,0,1
23.8,1220,0,1
24,1220,0,1
2,1225,0,1
2.2,1225,0,1
2.4,1225,0,1
2.6,1225,0,1
2.8,1225,0,1
3,1225,0,1
3.2,1225,0,1
3.4,1225,0,1
3.6,1225,0,1
3.8,1225,0,1
4,1225,0,1
4.2,1225,0,1
4.4,1225,0,1
4.6,1225,0,1
4.8,1225,0,1
5,1225,0,1
5.2,1225,0,1
5.4,1225,0,1
5.6,1225,0,1
5.8,1225,0,1
6,1225,0,1
6.2,1225,0,1
6.4,1225,0,1
6.6,1225,0,1
6.8,1225,0,1
7,1225,0,1
7.2,1225,0,1
7.4,1225,0,1
7.6,1225,0,1
7.8,1225,0,1
8,1225,0,1
8.2,1225,0,1
8.4,1225,0,1
8.6,1225,0,1
8.8,1225,0,1
9,1225,0,1
9.2,1225,0,1
9.4,1225,0,1
9.6,1225,0,1
9.8,1225,0,1
10,1225,0,1
10.2,1225,0,1
10.4,1225,0,1
10.6,1225,0,1
10.8,1225,0,1
11,1225,0,1
11.2,1225,0,1
11.4,1225,0,1
11.6,1225,0,1
11.8,1225,0,1
12,1225,0,1
12.2,1225,0,1
12.4,1225,0,1
12.6,1225,0,1
12.8,1225,0,1
13,1225,0,1
13.2,1225,0,1
13.4,1225,0,1
13.6,1225,0,1
13.8,1225,0,1
14,1225,0,1
14.2,1225,0,1
14.4,1225,0,1
14.6,1225,0,1
14.8,1225,0,1
15,1225,0,1
15.2,1225,0,1
15.4,1225,0,1
15.6,1225,0,1
15.8,1225,0,1
16,1225,0,1
16.2,1225,0,1
16.4,1225,0,1
16.6,1225,0,1
16.8,1225,0,1
17,1225,0,1
17.2,1225,0,1
17.4,1225,0,1
17.6,1225,0,1
17.8,1225,0,1
18,1225,0,1
18.2,1225,0,1
18.4,1225,0,1
18.6,1225,0,1
18.8,1225,0,1
19,1225,0,1
19.2,1225,0,1
19.4,1225,0,1
19.6,1225,0,1
19.8,1225,0,1
20,1225,0,1
20.2,1225,0,1
20.4,1225,0,1
20.6,1225,0,1
20.8,1225,0,1
21,1225,0,1
21.2,1225,0,1
21.4,1225,0,1
21.6,1225,0,1
21.8,1225,0,1
22,1225,0,1
22.2,1225,0,1
22.4,1225,0,1
22.6,1225,0,1
22.8,1225,0,1
23,1225,0,1
23.2,1225,0,1
23.4,1225,0,1
23.6,1225,0,1
23.8,1225,0,1
24,1225,0,1
2,1230,0,1
2.2,1230,0,1
2.4,1230,0,1
2.6,1230,0,1
2.8,1230,0,1
3,1230,0,1
3.2,1230,0,1
3.4,1230,0,1
3.6,1230,0,1
3.8,1230,0,1
4,1230,0,1
4.2,1230,0,1
4.4,1230,0,1
4.6,1230,0,1
4.8,1230,0,1
5,1230,0,1
5.2,1230,0,1
5.4,1230,0,1
5.6,1230,0,1
5.8,1230,0,1
6,1230,0,1
6.2,1230,0,1
6.4,1230,0,1
6.6,1230,0,1
6.8,1230,0,1
7,1230,0,1
7.2,1230,0,1
7.4,1230,0,1
7.6,1230,0,1
7.8,1230,0,1
8,1230,0,1
8.2,1230,0,1
8.4,1230,0,1
8.6,1230,0,1
8.8,1230,0,1
9,1230,0,1
9.2,1230,0,1
9.4,1230,0,1
9.6,1230,0,1
9.8,1230,0,1
10,1230,0,1
10.2,1230,0,1
10.4,1230,0,1
10.6,1230,0,1
10.8,1230,0,1
11,1230,0,1
11.2,1230,0,1
11.4,1230,0,1
11.6,1230,0,1
11.8,1230,0,1
12,1230,0,1
12.2,1230,0,1
12.4,1230,0,1
12.6,1230,0,1
12.8,1230,0,1
13,1230,0,1
13.2,1230,0,1
13.4,1230,0,1
13.6,1230,0,1
13.8,1230,0,1
14,1230,0,1
14.2,1230,0,1
14.4,1230,0,1
14.6,1230,0,1
14.8,1230,0,1
15,1230,0,1
15.2,1230,0,1
15.4,1230,0,1
15.6,1230,0,1
15.8,1230,0,1
16,1230,0,1
16.2,1230,0,1
16.4,1230,0,1
16.6,1230,0,1
16.8,1230,0,1
17,1230,0,1
17.2,1230,0,1
17.4,1230,0,1
17.6,1230,0,1
17.8,1230,0,1
18,1230,0,1
18.2,1230,0,1
18.4,1230,0,1
18.6,1230,0,1
18.8,1230,0,1
19,1230,0,1
19.2,1230,0,1
19.4,1230,0,1
19.6,1230,0,1
19.8,1230,0,1
20,1230,0,1
20.2,1230,0,1
20.4,1230,0,1
20.6,1230,0,1
20.8,1230,0,1
21,1230,0,1
21.2,1230,0,1
21.4,1230,0,1
21.6,1230,0,1
21.8,1230,0,1
22,1230,0,1
22.2,1230,0,1
22.4,1230,0,1
22.6,1230,0,1
22.8,1230,0,1
23,1230,0,1
23.2,1230,0,1
23.4,1230,0,1
23.6,1230,0,1
23.8,1230,0,1
24,1230,0,1
2,1235,0,1
2.2,1235,0,1
2.4,1235,0,1
2.6,1235,0,1
2.8,1235,0,1
3,1235,0,1
3.2,1235,0,1
3.4,1235,0,1
3.6,1235,0,1
3.8,1235,0,1
4,1235,0,1
4.2,1235,0,1
4.4,1235,0,1
4.6,1235,0,1
4.8,1235,0,1
5,1235,0,1
5.2,1235,0,1
5.4,1235,0,1
5.6,1235,0,1
5.8,1235,0,1
6,1235,0,1
6.2,1235,0,1
6.4,1235,0,1
6.6,1235,0,1
6.8,1235,0,1
7,1235,0,1
7.2,1235,0,1
7.4,1235,0,1
7.6,1235,0,1
7.8,1235,0,1
8,1235,0,1
8.2,1235,0,1
8.4,1235,0,1
8.6,1235,0,1
8.8,1235,0,1
9,1235,0,1
9.2,1235,0,1
9.4,1235,0,1
9.6,1235,0,1
9.8,1235,0,1
10,1235,0,1
10.2,1235,0,1
10.4,1235,0,1
10.6,1235,0,1
10.8,1235,0,1
11,1235,0,1
11.2,1235,0,1
11.4,1235,0,1
11.6,1235,0,1
11.8,1235,0,1
12,1235,0,1
12.2,1235,0,1
12.4,1235,0,1
12.6,1235,0,1
12.8,1235,0,1
13,1235,0,1
13.2,1235,0,1
13.4,1235,0,1
13.6,1235,0,1
13.8,1235,0,1
14,1235,0,1
14.2,1235,0,1
14.4,1235,0,1
14.6,1235,0,1
14.8,1235,0,1
15,1235,0,1
15.2,1235,0,1
15.4,1235,0,1
15.6,1235,0,1
15.8,1235,0,1
16,1235,0,1
16.2,1235,0,1
16.4,1235,0,1
16.6,1235,0,1
16.8,1235,0,1
17,1235,0,1
17.2,1235,0,1
17.4,1235,0,1
17.6,1235,0,1
17.8,1235,0,1
18,1235,0,1
18.2,1235,0,1
18.4,1235,0,1
18.6,1235,0,1
18.8,1235,0,1
19,1235,0,1
19.2,1235,0,1
19.4,1235,0,1
19.6,1235,0,1
19.8,1235,0,1
20,1235,0,1
20.2,1235,0,1
20.4,1235,0,1
20.6,1235,0,1
20.8,1235,0,1
21,1235,0,1
21.2,1235,0,1
21.4,1235,0,1
21.6,1235,0,1
21.8,1235,0,1
22,1235,0,1
22.2,1235,0,1
22.4,1235,0,1
22.6,1235,0,1
22.8,1235,0,1
23,1235,0,1
23.2,1235,0,1
23.4,1235,0,1
23.6,1235,0,1
23.8,1235,0,1
24,1235,0,1
2,1240,0,1
2.2,1240,0,1
2.4,1240,0,1
2.6,1240,0,1
2.8,1240,0,1
3,1240,0,1
3.2,1240,0,1
3.4,1240,0,1
3.6,1240,0,1
3.8,1240,0,1
4,1240,0,1
4.2,1240,0,1
4.4,1240,0,1
4.6,1240,0,1
4.8,1240,0,1
5,1240,0,1
5.2,1240,0,1
5.4,1240,0,1
5.6,1240,0,1
5.8,1240,0,1
6,1240,0,1
6.2,1240,0,1
6.4,1240,0,1
6.6,1240,0,1
6.8,1240,0,1
7,1240,0,1
7.2,1240,0,1
7.4,1240,0,1
7.6,1240,0,1
7.8,1240,0,1
8,1240,0,1
8.2,1240,0,1
8.4,1240,0,1
8.6,1240,0,1
8.8,1240,0,1
9,1240,0,1
9.2,1240,0,1
9.4,1240,0,1
9.6,1240,0,1
9.8,1240,0,1
10,1240,0,1
10.2,1240,0,1
10.4,1240,0,1
10.6,1240,0,1
10.8,1240,0,1
11,1240,0,1
11.2,1240,0,1
11.4,1240,0,1
11.6,1240,0,1
11.8,1240,0,1
12,1240,0,1
12.2,1240,0,1
12.4,1240,0,1
12.6,1240,0,1
12.8,1240,0,1
13,1240,0,1
13.2,1240,0,1
13.4,1240,0,1
13.6,1240,0,1
13.8,1240,0,1
14,1240,0,1
14.2,1240,0,1
14.4,1240,0,1
14.6,1240,0,1
14.8,1240,0,1
15,1240,0,1
15.2,1240,0,1
15.4,1240,0,1
15.6,1240,0,1
15.8,1240,0,1
16,1240,0,1
16.2,1240,0,1
16.4,1240,0,1
16.6,1240,0,1
16.8,1240,0,1
17,1240,0,1
17.2,1240,0,1
17.4,1240,0,1
17.6,1240,0,1
17.8,1240,0,1
18,1240,0,1
18.2,1240,0,1
18.4,1240,0,1
18.6,1240,0,1
18.8,1240,0,1
19,1240,0,1
19.2,1240,0,1
19.4,1240,0,1
19.6,1240,0,1
19.8,1240,0,1
20,1240,0,1
20.2,1240,0,1
20.4,1240,0,1
20.6,1240,0,1
20.8,1240,0,1
21,1240,0,1
21.2,1240,0,1
21.4,1240,0,1
21.6,1240,0,1
21.8,1240,0,1
22,1240,0,1
22.2,1240,0,1
22.4,1240,0,1
22.6,1240,0,1
22.8,1240,0,1
23,1240,0,1
23.2,1240,0,1
23.4,1240,0,1
23.6,1240,0,1
23.8,1240,0,1
24,1240,0,1
2,1245,0,1
2.2,1245,0,1
2.4,1245,0,1
2.6,1245,0,1
2.8,1245,0,1
3,1245,0,1
3.2,1245,0,1
3.4,1245,0,1
3.6,1245,0,1
3.8,1245,0,1
4,1245,0,1
4.2,1245,0,1
4.4,1245,0,1
4.6,1245,0,1
4.8,1245,0,1
5,1245,0,1
5.2,1245,0,1
5.4,1245,0,1
5.6,1245,0,1
5.8,1245,0,1
6,1245,0,1
6.2,1245,0,1
6.4,1245,0,1
6.6,1245,0,1
6.8,1245,0,1
7,1245,0,1
7.2,1245,0,1
7.4,1245,0,1
7.6,1245,0,1
7.8,1245,0,1
8,1245,0,1
8.2,1245,0,1
8.4,1245,0,1
8.6,1245,0,1
8.8,1245,0,1
9,1245,0,1
9.2,1245,0,1
9.4,1245,0,1
9.6,1245,0,1
9.8,1245,0,1
10,1245,0,1
10.2,1245,0,1
10.4,1245,0,1
10.6,1245,0,1
10.8,1245,0,1
11,1245,0,1
11.2,1245,0,1
11.4,1245,0,1
11.6,1245,0,1
11.8,1245,0,1
12,1245,0,1
12.2,1245,0,1
12.4,1245,0,1
12.6,1245,0,1
12.8,1245,0,1
13,1245,0,1
13.2,1245,0,1
13.4,1245,0,1
13.6,1245,0,1
13.8,1245,0,1
14,1245,0,1
14.2,1245,0,1
14.4,1245,0,1
14.6,1245,0,1
14.8,1245,0,1
15,1245,0,1
15.2,1245,0,1
15.4,1245,0,1
15.6,1245,0,1
15.8,1245,0,1
16,1245,0,1
16.2,1245,0,1
16.4,1245,0,1
16.6,1245,0,1
16.8,1245,0,1
17,1245,0,1
17.2,1245,0,1
17.4,1245,0,1
17.6,1245,0,1
17.8,1245,0,1
18,1245,0,1
18.2,1245,0,1
18.4,1245,0,1
18.6,1245,0,1
18.8,1245,0,1
19,1245,0,1
19.2,1245,0,1
19.4,1245,0,1
19.6,1245,0,1
19.8,1245,0,1
20,1245,0,1
20.2,1245,0,1
20.4,1245,0,1
20.6,1245,0,1
20.8,1245,0,1
21,1245,0,1
21.2,1245,0,1
21.4,1245,0,1
21.6,1245,0,1
21.8,1245,0,1
22,1245,0,1
22.2,1245,0,1
22.4,1245,0,1
22.6,1245,0,1
22.8,1245,0,1
23,1245,0,1
23.2,1245,0,1
23.4,1245,0,1
23.6,1245,0,1
23.8,1245,0,1
24,1245,0,1
2,1250,0,1
2.2,1250,0,1
2.4,1250,0,1
2.6,1250,0,1
2.8,1250,0,1
3,1250,0,1
3.2,1250,0,1
3.4,1250,0,1
3.6,1250,0,1
3.8,1250,0,1
4,1250,0,1
4.2,1250,0,1
4.4,1250,0,1
4.6,1250,0,1
4.8,1250,0,1
5,1250,0,1
5.2,1250,0,1
5.4,1250,0,1
5.6,1250,0,1
5.8,1250,0,1
6,1250,0,1
6.2,1250,0,1
6.4,1250,0,1
6.6,1250,0,1
6.8,1250,0,1
7,1250,0,1
7.2,1250,0,1
7.4,1250,0,1
7.6,1250,0,1
7.8,1250,0,1
8,1250,0,1
8.2,1250,0,1
8.4,1250,0,1
8.6,1250,0,1
8.8,1250,0,1
9,1250,0,1
9.2,1250,0,1
9.4,1250,0,1
9.6,1250,0,1
9.8,1250,0,1
10,1250,0,1
10.2,1250,0,1
10.4,1250,0,1
10.6,1250,0,1
10.8,1250,0,1
11,1250,0,1
11.2,1250,0,1
11.4,1250,0,1
11.6,1250,0,1
11.8,1250,0,1
12,1250,0,1
12.2,1250,0,1
12.4,1250,0,1
12.6,1250,0,1
12.8,1250,0,1
13,1250,0,1
13.2,1250,0,1
13.4,1250,0,1
13.6,1250,0,1
13.8,1250,0,1
14,1250,0,1
14.2,1250,0,1
14.4,1250,0,1
14.6,1250,0,1
14.8,1250,0,1
15,1250,0,1
15.2,1250,0,1
15.4,1250,0,1
15.6,1250,0,1
15.8,1250,0,1
16,1250,0,1
16.2,1250,0,1
16.4,1250,0,1
16.6,1250,0,1
16.8,1250,0,1
17,1250,0,1
17.2,1250,0,1
17.4,1250,0,1
17.6,1250,0,1
17.8,1250,0,1
18,1250,0,1
18.2,1250,0,1
18.4,1250,0,1
18.6,1250,0,1
18.8,1250,0,1
19,1250,0,1
19.2,1250,0,1
19.4,1250,0,1
19.6,1250,0,1
19.8,1250,0,1
20,1250,0,1
20.2,1250,0,1
20.4,1250,0,1
20.6,1250,0,1
20.8,1250,0,1
21,1250,0,1
21.2,1250,0,1
21.4,1250,0,1
21.6,1250,0,1
21.8,1250,0,1
22,1250,0,1
22.2,1250,0,1
22.4,1250,0,1
22.6,1250,0,1
22.8,1250,0,1
23,1250,0,1
23.2,1250,0,1
23.4,1250,0,1
23.6,1250,0,1
23.8,1250,0,1
24,1250,0,1
2,1255,0,1
2.2,1255,0,1
2.4,1255,0,1
2.6,1255,0,1
2.8,1255,0,1
3,1255,0,1
3.2,1255,0,1
3.4,1255,0,1
3.6,1255,0,1
3.8,1255,0,1
4,1255,0,1
4.2,1255,0,1
4.4,1255,0,1
4.6,1255,0,1
4.8,1255,0,1
5,1255,0,1
5.2,1255,0,1
5.4,1255,0,1
5.6,1255,0,1
5.8,1255,0,1
6,1255,0,1
6.2,1255,0,1
6.4,1255,0,1
6.6,1255,0,1
6.8,1255,0,1
7,1255,0,1
7.2,1255,0,1
7.4,1255,0,1
7.6,1255,0,1
7.8,1255,0,1
8,1255,0,1
8.2,1255,0,1
8.4,1255,0,1
8.6,1255,0,1
8.8,1255,0,1
9,1255,0,1
9.2,1255,0,1
9.4,1255,0,1
9.6,1255,0,1
9.8,1255,0,1
10,1255,0,1
10.2,1255,0,1
10.4,1255,0,1
10.6,1255,0,1
10.8,1255,0,1
11,1255,0,1
11.2,1255,0,1
11.4,1255,0,1
11.6,1255,0,1
11.8,1255,0,1
12,1255,0,1
12.2,1255,0,1
12.4,1255,0,1
12.6,1255,0,1
12.8,1255,0,1
13,1255,0,1
13.2,1255,0,1
13.4,1255,0,1
13.6,1255,0,1
13.8,1255,0,1
14,1255,0,1
14.2,1255,0,1
14.4,1255,0,1
14.6,1255,0,1
14.8,1255,0,1
15,1255,0,1
15.2,1255,0,1
15.4,1255,0,1
15.6,1255,0,1
15.8,1255,0,1
16,1255,0,1
16.2,1255,0,1
16.4,1255,0,1
16.6,1255,0,1
16.8,1255,0,1
17,1255,0,1
17.2,1255,0,1
17.4,1255,0,1
17.6,1255,0,1
17.8,1255,0,1
18,1255,0,1
18.2,1255,0,1
18.4,1255,0,1
18.6,1255,0,1
18.8,1255,0,1
19,1255,0,1
19.2,1255,0,1
19.4,1255,0,1
19.6,1255,0,1
19.8,1255,0,1
20,1255,0,1
20.2,1255,0,1
20.4,1255,0,1
20.6,1255,0,1
20.8,1255,0,1
21,1255,0,1
21.2,1255,0,1
21.4,1255,0,1
21.6,1255,0,1
21.8,1255,0,1
22,1255,0,1
22.2,1255,0,1
22.4,1255,0,1
22.6,1255,0,1
22.8,1255,0,1
23,1255,0,1
23.2,1255,0,1
23.4,1255,0,1
23.6,1255,0,1
23.8,1255,0,1
24,1255,0,1
2,1260,0,1
2.2,1260,0,1
2.4,1260,0,1
2.6,1260,0,1
2.8,1260,0,1
3,1260,0,1
3.2,1260,0,1
3.4,1260,0,1
3.6,1260,0,1
3.8,1260,0,1
4,1260,0,1
4.2,1260,0,1
4.4,1260,0,1
4.6,1260,0,1
4.8,1260,0,1
5,1260,0,1
5.2,1260,0,1
5.4,1260,0,1
5.6,1260,0,1
5.8,1260,0,1
6,1260,0,1
6.2,1260,0,1
6.4,1260,0,1
6.6,1260,0,1
6.8,1260,0,1
7,1260,0,1
7.2,1260,0,1
7.4,1260,0,1
7.6,1260,0,1
7.8,1260,0,1
8,1260,0,1
8.2,1260,0,1
8.4,1260,0,1
8.6,1260,0,1
8.8,1260,0,1
9,1260,0,1
9.2,1260,0,1
9.4,1260,0,1
9.6,1260,0,1
9.8,1260,0,1
10,1260,0,1
10.2,1260,0,1
10.4,1260,0,1
10.6,1260,0,1
10.8,1260,0,1
11,1260,0,1
11.2,1260,0,1
11.4,1260,0,1
11.6,1260,0,1
11.8,1260,0,1
12,1260,0,1
12.2,1260,0,1
12.4,1260,0,1
12.6,1260,0,1
12.8,1260,0,1
13,1260,0,1
13.2,1260,0,1
13.4,1260,0,1
13.6,1260,0,1
13.8,1260,0,1
14,1260,0,1
14.2,1260,0,1
14.4,1260,0,1
14.6,1260,0,1
14.8,1260,0,1
15,1260,0,1
15.2,1260,0,1
15.4,1260,0,1
15.6,1260,0,1
15.8,1260,0,1
16,1260,0,1
16.2,1260,0,1
16.4,1260,0,1
16.6,1260,0,1
16.8,1260,0,1
17,1260,0,1
17.2,1260,0,1
17.4,1260,0,1
17.6,1260,0,1
17.8,1260,0,1
18,1260,0,1
18.2,1260,0,1
18.4,1260,0,1
18.6,1260,0,1
18.8,1260,0,1
19,1260,0,1
19.2,1260,0,1
19.4,1260,0,1
19.6,1260,0,1
19.8,1260,0,1
20,1260,0,1
20.2,1260,0,1
20.4,1260,0,1
20.6,1260,0,1
20.8,1260,0,1
21,1260,0,1
21.2,1260,0,1
21.4,1260,0,1
21.6,1260,0,1
21.8,1260,0,1
22,1260,0,1
22.2,1260,0,1
22.4,1260,0,1
22.6,1260,0,1
22.8,1260,0,1
23,1260,0,1
23.2,1260,0,1
23.4,1260,0,1
23.6,1260,0,1
23.8,1260,0,1
24,1260,0,1
2,1265,0,1
2.2,1265,0,1
2.4,1265,0,1
2.6,1265,0,1
2.8,1265,0,1
3,1265,0,1
3.2,1265,0,1
3.4,1265,0,1
3.6,1265,0,1
3.8,1265,0,1
4,1265,0,1
4.2,1265,0,1
4.4,1265,0,1
4.6,1265,0,1
4.8,1265,0,1
5,1265,0,1
5.2,1265,0,1
5.4,1265,0,1
5.6,1265,0,1
5.8,1265,0,1
6,1265,0,1
6.2,1265,0,1
6.4,1265,0,1
6.6,1265,0,1
6.8,1265,0,1
7,1265,0,1
7.2,1265,0,1
7.4,1265,0,1
7.6,1265,0,1
7.8,1265,0,1
8,1265,0,1
8.2,1265,0,1
8.4,1265,0,1
8.6,1265,0,1
8.8,1265,0,1
9,1265,0,1
9.2,1265,0,1
9.4,1265,0,1
9.6,1265,0,1
9.8,1265,0,1
10,1265,0,1
10.2,1265,0,1
10.4,1265,0,1
10.6,1265,0,1
10.8,1265,0,1
11,1265,0,1
11.2,1265,0,1
11.4,1265,0,1
11.6,1265,0,1
11.8,1265,0,1
12,1265,0,1
12.2,1265,0,1
12.4,1265,0,1
12.6,1265,0,1
12.8,1265,0,1
13,1265,0,1
13.2,1265,0,1
13.4,1265,0,1
13.6,1265,0,1
13.8,1265,0,1
14,1265,0,1
14.2,1265,0,1
14.4,1265,0,1
14.6,1265,0,1
14.8,1265,0,1
15,1265,0,1
15.2,1265,0,1
15.4,1265,0,1
15.6,1265,0,1
15.8,1265,0,1
16,1265,0,1
16.2,1265,0,1
16.4,1265,0,1
16.6,1265,0,1
16.8,1265,0,1
17,1265,0,1
17.2,1265,0,1
17.4,1265,0,1
17.6,1265,0,1
17.8,1265,0,1
18,1265,0,1
18.2,1265,0,1
18.4,1265,0,1
18.6,1265,0,1
18.8,1265,0,1
19,1265,0,1
19.2,1265,0,1
19.4,1265,0,1
19.6,1265,0,1
19.8,1265,0,1
20,1265,0,1
20.2,1265,0,1
20.4,1265,0,1
20.6,1265,0,1
20.8,1265,0,1
21,1265,0,1
21.2,1265,0,1
21.4,1265,0,1
21.6,1265,0,1
21.8,1265,0,1
22,1265,0,1
22.2,1265,0,1
22.4,1265,0,1
22.6,1265,0,1
22.8,1265,0,1
23,1265,0,1
23.2,1265,0,1
23.4,1265,0,1
23.6,1265,0,1
23.8,1265,0,1
24,1265,0,1
2,1270,0,1
2.2,1270,0,1
2.4,1270,0,1
2.6,1270,0,1
2.8,1270,0,1
3,1270,0,1
3.2,1270,0,1
3.4,1270,0,1
3.6,1270,0,1
3.8,1270,0,1
4,1270,0,1
4.2,1270,0,1
4.4,1270,0,1
4.6,1270,0,1
4.8,1270,0,1
5,1270,0,1
5.2,1270,0,1
5.4,1270,0,1
5.6,1270,0,1
5.8,1270,0,1
6,1270,0,1
6.2,1270,0,1
6.4,1270,0,1
6.6,1270,0,1
6.8,1270,0,1
7,1270,0,1
7.2,1270,0,1
7.4,1270,0,1
7.6,1270,0,1
7.8,1270,0,1
8,1270,0,1
8.2,1270,0,1
8.4,1270,0,1
8.6,1270,0,1
8.8,1270,0,1
9,1270,0,1
9.2,1270,0,1
9.4,1270,0,1
9.6,1270,0,1
9.8,1270,0,1
10,1270,0,1
10.2,1270,0,1
10.4,1270,0,1
10.6,1270,0,1
10.8,1270,0,1
11,1270,0,1
11.2,1270,0,1
11.4,1270,0,1
11.6,1270,0,1
11.8,1270,0,1
12,1270,0,1
12.2,1270,0,1
12.4,1270,0,1
12.6,1270,0,1
12.8,1270,0,1
13,1270,0,1
13.2,1270,0,1
13.4,1270,0,1
13.6,1270,0,1
13.8,1270,0,1
14,1270,0,1
14.2,1270,0,1
14.4,1270,0,1
14.6,1270,0,1
14.8,1270,0,1
15,1270,0,1
15.2,1270,0,1
15.4,1270,0,1
15.6,1270,0,1
15.8,1270,0,1
16,1270,0,1
16.2,1270,0,1
16.4,1270,0,1
16.6,1270,0,1
16.8,1270,0,1
17,1270,0,1
17.2,1270,0,1
17.4,1270,0,1
17.6,1270,0,1
17.8,1270,0,1
18,1270,0,1
18.2,1270,0,1
18.4,1270,0,1
18.6,1270,0,1
18.8,1270,0,1
19,1270,0,1
19.2,1270,0,1
19.4,1270,0,1
19.6,1270,0,1
19.8,1270,0,1
20,1270,0,1
20.2,1270,0,1
20.4,1270,0,1
20.6,1270,0,1
20.8,1270,0,1
21,1270,0,1
21.2,1270,0,1
21.4,1270,0,1
21.6,1270,0,1
21.8,1270,0,1
22,1270,0,1
22.2,1270,0,1
22.4,1270,0,1
22.6,1270,0,1
22.8,1270,0,1
23,1270,0,1
23.2,1270,0,1
23.4,1270,0,1
23.6,1270,0,1
23.8,1270,0,1
24,1270,0,1
2,1275,0,1
2.2,1275,0,1
2.4,1275,0,1
2.6,1275,0,1
2.8,1275,0,1
3,1275,0,1
3.2,1275,0,1
3.4,1275,0,1
3.6,1275,0,1
3.8,1275,0,1
4,1275,0,1
4.2,1275,0,1
4.4,1275,0,1
4.6,1275,0,1
4.8,1275,0,1
5,1275,0,1
5.2,1275,0,1
5.4,1275,0,1
5.6,1275,0,1
5.8,1275,0,1
6,1275,0,1
6.2,1275,0,1
6.4,1275,0,1
6.6,1275,0,1
6.8,1275,0,1
7,1275,0,1
7.2,1275,0,1
7.4,1275,0,1
7.6,1275,0,1
7.8,1275,0,1
8,1275,0,1
8.2,1275,0,1
8.4,1275,0,1
8.6,1275,0,1
8.8,1275,0,1
9,1275,0,1
9.2,1275,0,1
9.4,1275,0,1
9.6,1275,0,1
9.8,1275,0,1
10,1275,0,1
10.2,1275,0,1
10.4,1275,0,1
10.6,1275,0,1
10.8,1275,0,1
11,1275,0,1
11.2,1275,0,1
11.4,1275,0,1
11.6,1275,0,1
11.8,1275,0,1
12,1275,0,1
12.2,1275,0,1
12.4,1275,0,1
12.6,1275,0,1
12.8,1275,0,1
13,1275,0,1
13.2,1275,0,1
13.4,1275,0,1
13.6,1275,0,1
13.8,1275,0,1
14,1275,0,1
14.2,1275,0,1
14.4,1275,0,1
14.6,1275,0,1
14.8,1275,0,1
15,1275,0,1
15.2,1275,0,1
15.4,1275,0,1
15.6,1275,0,1
15.8,1275,0,1
16,1275,0,1
16.2,1275,0,1
16.4,1275,0,1
16.6,1275,0,1
16.8,1275,0,1
17,1275,0,1
17.2,1275,0,1
17.4,1275,0,1
17.6,1275,0,1
17.8,1275,0,1
18,1275,0,1
18.2,1275,0,1
18.4,1275,0,1
18.6,1275,0,1
18.8,1275,0,1
19,1275,0,1
19.2,1275,0,1
19.4,1275,0,1
19.6,1275,0,1
19.8,1275,0,1
20,1275,0,1
20.2,1275,0,1
20.4,1275,0,1
20.6,1275,0,1
20.8,1275,0,1
21,1275,0,1
21.2,1275,0,1
21.4,1275,0,1
21.6,1275,0,1
21.8,1275,0,1
22,1275,0,1
22.2,1275,0,1
22.4,1275,0,1
22.6,1275,0,1
22.8,1275,0,1
23,1275,0,1
23.2,1275,0,1
23.4,1275,0,1
23.6,1275,0,1
23.8,1275,0,1
24,1275,0,1
2,1280,0,1
2.2,1280,0,1
2.4,1280,0,1
2.6,1280,0,1
2.8,1280,0,1
3,1280,0,1
3.2,1280,0,1
3.4,1280,0,1
3.6,1280,0,1
3.8,1280,0,1
4,1280,0,1
4.2,1280,0,1
4.4,1280,0,1
4.6,1280,0,1
4.8,1280,0,1
5,1280,0,1
5.2,1280,0,1
5.4,1280,0,1
5.6,1280,0,1
5.8,1280,0,1
6,1280,0,1
6.2,1280,0,1
6.4,1280,0,1
6.6,1280,0,1
6.8,1280,0,1
7,1280,0,1
7.2,1280,0,1
7.4,1280,0,1
7.6,1280,0,1
7.8,1280,0,1
8,1280,0,1
8.2,1280,0,1
8.4,1280,0,1
8.6,1280,0,1
8.8,1280,0,1
9,1280,0,1
9.2,1280,0,1
9.4,1280,0,1
9.6,1280,0,1
9.8,1280,0,1
10,1280,0,1
10.2,1280,0,1
10.4,1280,0,1
10.6,1280,0,1
10.8,1280,0,1
11,1280,0,1
11.2,1280,0,1
11.4,1280,0,1
11.6,1280,0,1
11.8,1280,0,1
12,1280,0,1
12.2,1280,0,1
12.4,1280,0,1
12.6,1280,0,1
12.8,1280,0,1
13,1280,0,1
13.2,1280,0,1
13.4,1280,0,1
13.6,1280,0,1
13.8,1280,0,1
14,1280,0,1
14.2,1280,0,1
14.4,1280,0,1
14.6,1280,0,1
14.8,1280,0,1
15,1280,0,1
15.2,1280,0,1
15.4,1280,0,1
15.6,1280,0,1
15.8,1280,0,1
16,1280,0,1
16.2,1280,0,1
16.4,1280,0,1
16.6,1280,0,1
16.8,1280,0,1
17,1280,0,1
17.2,1280,0,1
17.4,1280,0,1
17.6,1280,0,1
17.8,1280,0,1
18,1280,0,1
18.2,1280,0,1
18.4,1280,0,1
18.6,1280,0,1
18.8,1280,0,1
19,1280,0,1
19.2,1280,0,1
19.4,1280,0,1
19.6,1280,0,1
19.8,1280,0,1
20,1280,0,1
20.2,1280,0,1
20.4,1280,0,1
20.6,1280,0,1
20.8,1280,0,1
21,1280,0,1
21.2,1280,0,1
21.4,1280,0,1
21.6,1280,0,1
21.8,1280,0,1
22,1280,0,1
22.2,1280,0,1
22.4,1280,0,1
22.6,1280,0,1
22.8,1280,0,1
23,1280,0,1
23.2,1280,0,1
23.4,1280,0,1
23.6,1280,0,1
23.8,1280,0,1
24,1280,0,1
2,1285,0,1
2.2,1285,0,1
2.4,1285,0,1
2.6,1285,0,1
2.8,1285,1,0
3,1285,1,0
3.2,1285,0,1
3.4,1285,0,1
3.6,1285,0,1
3.8,1285,0,1
4,1285,0,1
4.2,1285,0,1
4.4,1285,0,1
4.6,1285,0,1
4.8,1285,0,1
5,1285,0,1
5.2,1285,0,1
5.4,1285,0,1
5.6,1285,0,1
5.8,1285,0,1
6,1285,0,1
6.2,1285,0,1
6.4,1285,0,1
6.6,1285,0,1
6.8,1285,0,1
7,1285,0,1
7.2,1285,0,1
7.4,1285,0,1
7.6,1285,0,1
7.8,1285,0,1
8,1285,0,1
8.2,1285,0,1
8.4,1285,0,1
8.6,1285,0,1
8.8,1285,0,1
9,1285,0,1
9.2,1285,0,1
9.4,1285,0,1
9.6,1285,0,1
9.8,1285,0,1
10,1285,0,1
10.2,1285,0,1
10.4,1285,0,1
10.6,1285,0,1
10.8,1285,0,1
11,1285,0,1
11.2,1285,0,1
11.4,1285,0,1
11.6,1285,0,1
11.8,1285,0,1
12,1285,0,1
12.2,1285,0,1
12.4,1285,0,1
12.6,1285,0,1
12.8,1285,0,1
13,1285,0,1
13.2,1285,0,1
13.4,1285,0,1
13.6,1285,0,1
13.8,1285,0,1
14,1285,0,1
14.2,1285,0,1
14.4,1285,0,1
14.6,1285,0,1
14.8,1285,0,1
15,1285,0,1
15.2,1285,0,1
15.4,1285,0,1
15.6,1285,0,1
15.8,1285,0,1
16,1285,0,1
16.2,1285,0,1
16.4,1285,0,1
16.6,1285,0,1
16.8,1285,0,1
17,1285,0,1
17.2,1285,0,1
17.4,1285,0,1
17.6,1285,0,1
17.8,1285,0,1
18,1285,0,1
18.2,1285,0,1
18.4,1285,0,1
18.6,1285,0,1
18.8,1285,0,1
19,1285,0,1
19.2,1285,0,1
19.4,1285,0,1
19.6,1285,0,1
19.8,1285,0,1
20,1285,0,1
20.2,1285,0,1
20.4,1285,0,1
20.6,1285,0,1
20.8,1285,0,1
21,1285,0,1
21.2,1285,0,1
21.4,1285,0,1
21.6,1285,0,1
21.8,1285,0,1
22,1285,0,1
22.2,1285,0,1
22.4,1285,0,1
22.6,1285,0,1
22.8,1285,0,1
23,1285,0,1
23.2,1285,0,1
23.4,1285,0,1
23.6,1285,0,1
23.8,1285,0,1
24,1285,0,1
2,1290,0,1
2.2,1290,0,1
2.4,1290,0,1
2.6,1290,1,0
2.8,1290,1,0
3,1290,1,0
3.2,1290,1,0
3.4,1290,0,1
3.6,1290,0,1
3.8,1290,0,1
4,1290,0,1
4.2,1290,0,1
4.4,1290,0,1
4.6,1290,0,1
4.8,1290,0,1
5,1290,0,1
5.2,1290,0,1
5.4,1290,0,1
5.6,1290,0,1
5.8,1290,0,1
6,1290,0,1
6.2,1290,0,1
6.4,1290,0,1
6.6,1290,0,1
6.8,1290,0,1
7,1290,0,1
7.2,1290,0,1
7.4,1290,0,1
7.6,1290,0,1
7.8,1290,0,1
8,1290,0,1
8.2,1290,0,1
8.4,1290,0,1
8.6,1290,0,1
8.8,1290,0,1
9,1290,0,1
9.2,1290,0,1
9.4,1290,0,1
9.6,1290,0,1
9.8,1290,0,1
10,1290,0,1
10.2,1290,0,1
10.4,1290,0,1
10.6,1290,0,1
10.8,1290,0,1
11,1290,0,1
11.2,1290,0,1
11.4,1290,0,1
11.6,1290,0,1
11.8,1290,0,1
12,1290,0,1
12.2,1290,0,1
12.4,1290,0,1
12.6,1290,0,1
12.8,1290,0,1
13,1290,0,1
13.2,1290,0,1
13.4,1290,0,1
13.6,1290,0,1
13.8,1290,0,1
14,1290,0,1
14.2,1290,0,1
14.4,1290,0,1
14.6,1290,0,1
14.8,1290,0,1
15,1290,0,1
15.2,1290,0,1
15.4,1290,0,1
15.6,1290,0,1
15.8,1290,0,1
16,1290,0,1
16.2,1290,0,1
16.4,1290,0,1
16.6,1290,0,1
16.8,1290,0,1
17,1290,0,1
17.2,1290,0,1
17.4,1290,0,1
17.6,1290,0,1
17.8,1290,0,1
18,1290,0,1
18.2,1290,0,1
18.4,1290,0,1
18.6,1290,0,1
18.8,1290,0,1
19,1290,0,1
19.2,1290,0,1
19.4,1290,0,1
19.6,1290,0,1
19.8,1290,0,1
20,1290,0,1
20.2,1290,0,1
20.4,1290,0,1
20.6,1290,0,1
20.8,1290,0,1
21,1290,0,1
21.2,1290,0,1
21.4,1290,0,1
21.6,1290,0,1
21.8,1290,0,1
22,1290,0,1
22.2,1290,0,1
22.4,1290,0,1
22.6,1290,0,1
22.8,1290,0,1
23,1290,0,1
23.2,1290,0,1
23.4,1290,0,1
23.6,1290,0,1
23.8,1290,0,1
24,1290,0,1
2,1295,0,1
2.2,1295,0,1
2.4,1295,0,1
2.6,1295,1,0
2.8,1295,1,0
3,1295,1,0
3.2,1295,1,0
3.4,1295,0,1
3.6,1295,0,1
3.8,1295,0,1
4,1295,0,1
4.2,1295,0,1
4.4,1295,0,1
4.6,1295,0,1
4.8,1295,0,1
5,1295,0,1
5.2,1295,0,1
5.4,1295,0,1
5.6,1295,0,1
5.8,1295,0,1
6,1295,0,1
6.2,1295,0,1
6.4,1295,0,1
6.6,1295,0,1
6.8,1295,0,1
7,1295,0,1
7.2,1295,0,1
7.4,1295,0,1
7.6,1295,0,1
7.8,1295,0,1
8,1295,0,1
8.2,1295,0,1
8.4,1295,0,1
8.6,1295,0,1
8.8,1295,0,1
9,1295,0,1
9.2,1295,0,1
9.4,1295,0,1
9.6,1295,0,1
9.8,1295,0,1
10,1295,0,1
10.2,1295,0,1
10.4,1295,0,1
10.6,1295,0,1
10.8,1295,0,1
11,1295,0,1
11.2,1295,0,1
11.4,1295,0,1
11.6,1295,0,1
11.8,1295,0,1
12,1295,0,1
12.2,1295,0,1
12.4,1295,0,1
12.6,1295,0,1
12.8,1295,0,1
13,1295,0,1
13.2,1295,0,1
13.4,1295,0,1
13.6,1295,0,1
13.8,1295,0,1
14,1295,0,1
14.2,1295,0,1
14.4,1295,0,1
14.6,1295,0,1
14.8,1295,0,1
15,1295,0,1
15.2,1295,0,1
15.4,1295,0,1
15.6,1295,0,1
15.8,1295,0,1
16,1295,0,1
16.2,1295,0,1
16.4,1295,0,1
16.6,1295,0,1
16.8,1295,0,1
17,1295,0,1
17.2,1295,0,1
17.4,1295,0,1
17.6,1295,0,1
17.8,1295,0,1
18,1295,0,1
18.2,1295,0,1
18.4,1295,0,1
18.6,1295,0,1
18.8,1295,0,1
19,1295,0,1
19.2,1295,0,1
19.4,1295,0,1
19.6,1295,0,1
19.8,1295,0,1
20,1295,0,1
20.2,1295,0,1
20.4,1295,0,1
20.6,1295,0,1
20.8,1295,0,1
21,1295,0,1
21.2,1295,0,1
21.4,1295,0,1
21.6,1295,0,1
21.8,1295,0,1
22,1295,0,1
22.2,1295,0,1
22.4,1295,0,1
22.6,1295,0,1
22.8,1295,0,1
23,1295,0,1
23.2,1295,0,1
23.4,1295,0,1
23.6,1295,0,1
23.8,1295,0,1
24,1295,0,1
2,1300,0,1
2.2,1300,0,1
2.4,1300,0,1
2.6,1300,1,0
2.8,1300,1,0
3,1300,1,0
3.2,1300,1,0
3.4,1300,1,0
3.6,1300,0,1
3.8,1300,0,1
4,1300,0,1
4.2,1300,0,1
4.4,1300,0,1
4.6,1300,0,1
4.8,1300,0,1
5,1300,0,1
5.2,1300,0,1
5.4,1300,0,1
5.6,1300,0,1
5.8,1300,0,1
6,1300,0,1
6.2,1300,0,1
6.4,1300,0,1
6.6,1300,0,1
6.8,1300,0,1
7,1300,0,1
7.2,1300,0,1
7.4,1300,0,1
7.6,1300,0,1
7.8,1300,0,1
8,1300,0,1
8.2,1300,0,1
8.4,1300,0,1
8.6,1300,0,1
8.8,1300,0,1
9,1300,0,1
9.2,1300,0,1
9.4,1300,0,1
9.6,1300,0,1
9.8,1300,0,1
10,1300,0,1
10.2,1300,0,1
10.4,1300,0,1
10.6,1300,0,1
10.8,1300,0,1
11,1300,0,1
11.2,1300,0,1
11.4,1300,0,1
11.6,1300,0,1
11.8,1300,0,1
12,1300,0,1
12.2,1300,0,1
12.4,1300,0,1
12.6,1300,0,1
12.8,1300,0,1
13,1300,0,1
13.2,1300,0,1
13.4,1300,0,1
13.6,1300,0,1
13.8,1300,0,1
14,1300,0,1
14.2,1300,0,1
14.4,1300,0,1
14.6,1300,0,1
14.8,1300,0,1
15,1300,0,1
15.2,1300,0,1
15.4,1300,0,1
15.6,1300,0,1
15.8,1300,0,1
16,1300,0,1
16.2,1300,0,1
16.4,1300,0,1
16.6,1300,0,1
16.8,1300,0,1
17,1300,0,1
17.2,1300,0,1
17.4,1300,0,1
17.6,1300,0,1
17.8,1300,0,1
18,1300,0,1
18.2,1300,0,1
18.4,1300,0,1
18.6,1300,0,1
18.8,1300,0,1
19,1300,0,1
19.2,1300,0,1
19.4,1300,0,1
19.6,1300,0,1
19.8,1300,0,1
20,1300,0,1
20.2,1300,0,1
20.4,1300,0,1
20.6,1300,0,1
20.8,1300,0,1
21,1300,0,1
21.2,1300,0,1
21.4,1300,0,1
21.6,1300,0,1
21.8,1300,0,1
22,1300,0,1
22.2,1300,0,1
22.4,1300,0,1
22.6,1300,0,1
22.8,1300,0,1
23,1300,0,1
23.2,1300,0,1
23.4,1300,0,1
23.6,1300,0,1
23.8,1300,0,1
24,1300,0,1
2,1305,0,1
2.2,1305,0,1
2.4,1305,0,1
2.6,1305,1,0
2.8,1305,1,0
3,1305,1,0
3.2,1305,1,0
3.4,1305,1,0
3.6,1305,0,1
3.8,1305,0,1
4,1305,0,1
4.2,1305,0,1
4.4,1305,0,1
4.6,1305,0,1
4.8,1305,0,1
5,1305,0,1
5.2,1305,0,1
5.4,1305,0,1
5.6,1305,0,1
5.8,1305,0,1
6,1305,0,1
6.2,1305,0,1
6.4,1305,0,1
6.6,1305,0,1
6.8,1305,0,1
7,1305,0,1
7.2,1305,0,1
7.4,1305,0,1
7.6,1305,0,1
7.8,1305,0,1
8,1305,0,1
8.2,1305,0,1
8.4,1305,0,1
8.6,1305,0,1
8.8,1305,0,1
9,1305,0,1
9.2,1305,0,1
9.4,1305,0,1
9.6,1305,0,1
9.8,1305,0,1
10,1305,0,1
10.2,1305,0,1
10.4,1305,0,1
10.6,1305,0,1
10.8,1305,0,1
11,1305,0,1
11.2,1305,0,1
11.4,1305,0,1
11.6,1305,0,1
11.8,1305,0,1
12,1305,0,1
12.2,1305,0,1
12.4,1305,0,1
12.6,1305,0,1
12.8,1305,0,1
13,1305,0,1
13.2,1305,0,1
13.4,1305,0,1
13.6,1305,0,1
13.8,1305,0,1
14,1305,0,1
14.2,1305,0,1
14.4,1305,0,1
14.6,1305,0,1
14.8,1305,0,1
15,1305,0,1
15.2,1305,0,1
15.4,1305,0,1
15.6,1305,0,1
15.8,1305,0,1
16,1305,0,1
16.2,1305,0,1
16.4,1305,0,1
16.6,1305,0,1
16.8,1305,0,1
17,1305,0,1
17.2,1305,0,1
17.4,1305,0,1
17.6,1305,0,1
17.8,1305,0,1
18,1305,0,1
18.2,1305,0,1
18.4,1305,0,1
18.6,1305,0,1
18.8,1305,0,1
19,1305,0,1
19.2,1305,0,1
19.4,1305,0,1
19.6,1305,0,1
19.8,1305,0,1
20,1305,0,1
20.2,1305,0,1
20.4,1305,0,1
20.6,1305,0,1
20.8,1305,0,1
21,1305,0,1
21.2,1305,0,1
21.4,1305,0,1
21.6,1305,0,1
21.8,1305,0,1
22,1305,0,1
22.2,1305,0,1
22.4,1305,0,1
22.6,1305,0,1
22.8,1305,0,1
23,1305,0,1
23.2,1305,0,1
23.4,1305,0,1
23.6,1305,0,1
23.8,1305,0,1
24,1305,0,1
2,1310,0,1
2.2,1310,0,1
2.4,1310,0,1
2.6,1310,1,0
2.8,1310,1,0
3,1310,1,0
3.2,1310,1,0
3.4,1310,1,0
3.6,1310,1,0
3.8,1310,0,1
4,1310,0,1
4.2,1310,0,1
4.4,1310,0,1
4.6,1310,0,1
4.8,1310,0,1
5,1310,0,1
5.2,1310,0,1
5.4,1310,0,1
5.6,1310,0,1
5.8,1310,0,1
6,1310,0,1
6.2,1310,0,1
6.4,1310,0,1
6.6,1310,0,1
6.8,1310,0,1
7,1310,0,1
7.2,1310,0,1
7.4,1310,0,1
7.6,1310,0,1
7.8,1310,0,1
8,1310,0,1
8.2,1310,0,1
8.4,1310,0,1
8.6,1310,0,1
8.8,1310,0,1
9,1310,0,1
9.2,1310,0,1
9.4,1310,0,1
9.6,1310,0,1
9.8,1310,0,1
10,1310,0,1
10.2,1310,0,1
10.4,1310,0,1
10.6,1310,0,1
10.8,1310,0,1
11,1310,0,1
11.2,1310,0,1
11.4,1310,0,1
11.6,1310,0,1
11.8,1310,0,1
12,1310,0,1
12.2,1310,0,1
12.4,1310,0,1
12.6,1310,0,1
12.8,1310,0,1
13,1310,0,1
13.2,1310,0,1
13.4,1310,0,1
13.6,1310,0,1
13.8,1310,0,1
14,1310,0,1
14.2,1310,0,1
14.4,1310,0,1
14.6,1310,0,1
14.8,1310,0,1
15,1310,0,1
15.2,1310,0,1
15.4,1310,0,1
15.6,1310,0,1
15.8,1310,0,1
16,1310,0,1
16.2,1310,0,1
16.4,1310,0,1
16.6,1310,0,1
16.8,1310,0,1
17,1310,0,1
17.2,1310,0,1
17.4,1310,0,1
17.6,1310,0,1
17.8,1310,0,1
18,1310,0,1
18.2,1310,0,1
18.4,1310,0,1
18.6,1310,0,1
18.8,1310,0,1
19,1310,0,1
19.2,1310,0,1
19.4,1310,0,1
19.6,1310,0,1
19.8,1310,0,1
20,1310,0,1
20.2,1310,0,1
20.4,1310,0,1
20.6,1310,0,1
20.8,1310,0,1
21,1310,0,1
21.2,1310,0,1
21.4,1310,0,1
21.6,1310,0,1
21.8,1310,0,1
22,1310,0,1
22.2,1310,0,1
22.4,1310,0,1
22.6,1310,0,1
22.8,1310,0,1
23,1310,0,1
23.2,1310,0,1
23.4,1310,0,1
23.6,1310,0,1
23.8,1310,0,1
24,1310,0,1
2,1315,0,1
2.2,1315,0,1
2.4,1315,1,0
2.6,1315,1,0
2.8,1315,1,0
3,1315,1,0
3.2,1315,1,0
3.4,1315,1,0
3.6,1315,1,0
3.8,1315,0,1
4,1315,0,1
4.2,1315,0,1
4.4,1315,0,1
4.6,1315,0,1
4.8,1315,0,1
5,1315,0,1
5.2,1315,0,1
5.4,1315,0,1
5.6,1315,0,1
5.8,1315,0,1
6,1315,0,1
6.2,1315,0,1
6.4,1315,0,1
6.6,1315,0,1
6.8,1315,0,1
7,1315,0,1
7.2,1315,0,1
7.4,1315,0,1
7.6,1315,0,1
7.8,1315,0,1
8,1315,0,1
8.2,1315,0,1
8.4,1315,0,1
8.6,1315,0,1
8.8,1315,0,1
9,1315,0,1
9.2,1315,0,1
9.4,1315,0,1
9.6,1315,0,1
9.8,1315,0,1
10,1315,0,1
10.2,1315,0,1
10.4,1315,0,1
10.6,1315,0,1
10.8,1315,0,1
11,1315,0,1
11.2,1315,0,1
11.4,1315,0,1
11.6,1315,0,1
11.8,1315,0,1
12,1315,0,1
12.2,1315,0,1
12.4,1315,0,1
12.6,1315,0,1
12.8,1315,0,1
13,1315,0,1
13.2,1315,0,1
13.4,1315,0,1
13.6,1315,0,1
13.8,1315,0,1
14,1315,0,1
14.2,1315,0,1
14.4,1315,0,1
14.6,1315,0,1
14.8,1315,0,1
15,1315,0,1
15.2,1315,0,1
15.4,1315,0,1
15.6,1315,0,1
15.8,1315,0,1
16,1315,0,1
16.2,1315,0,1
16.4,1315,0,1
16.6,1315,0,1
16.8,1315,0,1
17,1315,0,1
17.2,1315,0,1
17.4,1315,0,1
17.6,1315,0,1
17.8,1315,0,1
18,1315,0,1
18.2,1315,0,1
18.4,1315,0,1
18.6,1315,0,1
18.8,1315,0,1
19,1315,0,1
19.2,1315,0,1
19.4,1315,0,1
19.6,1315,0,1
19.8,1315,0,1
20,1315,0,1
20.2,1315,0,1
20.4,1315,0,1
20.6,1315,0,1
20.8,1315,0,1
21,1315,0,1
21.2,1315,0,1
21.4,1315,0,1
21.6,1315,0,1
21.8,1315,0,1
22,1315,0,1
22.2,1315,0,1
22.4,1315,0,1
22.6,1315,0,1
22.8,1315,0,1
23,1315,0,1
23.2,1315,0,1
23.4,1315,0,1
23.6,1315,0,1
23.8,1315,0,1
24,1315,0,1
2,1320,0,1
2.2,1320,0,1
2.4,1320,1,0
2.6,1320,1,0
2.8,1320,1,0
3,1320,1,0
3.2,1320,1,0
3.4,1320,1,0
3.6,1320,1,0
3.8,1320,1,0
4,1320,0,1
4.2,1320,0,1
4.4,1320,0,1
4.6,1320,0,1
4.8,1320,0,1
5,1320,0,1
5.2,1320,0,1
5.4,1320,0,1
5.6,1320,0,1
5.8,1320,0,1
6,1320,0,1
6.2,1320,0,1
6.4,1320,0,1
6.6,1320,0,1
6.8,1320,0,1
7,1320,0,1
7.2,1320,0,1
7.4,1320,0,1
7.6,1320,0,1
7.8,1320,0,1
8,1320,0,1
8.2,1320,0,1
8.4,1320,0,1
8.6,1320,0,1
8.8,1320,0,1
9,1320,0,1
9.2,1320,0,1
9.4,1320,0,1
9.6,1320,0,1
9.8,1320,0,1
10,1320,0,1
10.2,1320,0,1
10.4,1320,0,1
10.6,1320,0,1
10.8,1320,0,1
11,1320,0,1
11.2,1320,0,1
11.4,1320,0,1
11.6,1320,0,1
11.8,1320,0,1
12,1320,0,1
12.2,1320,0,1
12.4,1320,0,1
12.6,1320,0,1
12.8,1320,0,1
13,1320,0,1
13.2,1320,0,1
13.4,1320,0,1
13.6,1320,0,1
13.8,1320,0,1
14,1320,0,1
14.2,1320,0,1
14.4,1320,0,1
14.6,1320,0,1
14.8,1320,0,1
15,1320,0,1
15.2,1320,0,1
15.4,1320,0,1
15.6,1320,0,1
15.8,1320,0,1
16,1320,0,1
16.2,1320,0,1
16.4,1320,0,1
16.6,1320,0,1
16.8,1320,0,1
17,1320,0,1
17.2,1320,0,1
17.4,1320,0,1
17.6,1320,0,1
17.8,1320,0,1
18,1320,0,1
18.2,1320,0,1
18.4,1320,0,1
18.6,1320,0,1
18.8,1320,0,1
19,1320,0,1
19.2,1320,0,1
19.4,1320,0,1
19.6,1320,0,1
19.8,1320,0,1
20,1320,0,1
20.2,1320,0,1
20.4,1320,0,1
20.6,1320,0,1
20.8,1320,0,1
21,1320,0,1
21.2,1320,0,1
21.4,1320,0,1
21.6,1320,0,1
21.8,1320,0,1
22,1320,0,1
22.2,1320,0,1
22.4,1320,0,1
22.6,1320,0,1
22.8,1320,0,1
23,1320,0,1
23.2,1320,0,1
23.4,1320,0,1
23.6,1320,0,1
23.8,1320,0,1
24,1320,0,1
2,1325,0,1
2.2,1325,0,1
2.4,1325,1,0
2.6,1325,1,0
2.8,1325,1,0
3,1325,1,0
3.2,1325,1,0
3.4,1325,1,0
3.6,1325,1,0
3.8,1325,1,0
4,1325,0,1
4.2,1325,0,1
4.4,1325,0,1
4.6,1325,0,1
4.8,1325,0,1
5,1325,0,1
5.2,1325,0,1
5.4,1325,0,1
5.6,1325,0,1
5.8,1325,0,1
6,1325,0,1
6.2,1325,0,1
6.4,1325,0,1
6.6,1325,0,1
6.8,1325,0,1
7,1325,0,1
7.2,1325,0,1
7.4,1325,0,1
7.6,1325,0,1
7.8,1325,0,1
8,1325,0,1
8.2,1325,0,1
8.4,1325,0,1
8.6,1325,0,1
8.8,1325,0,1
9,1325,0,1
9.2,1325,0,1
9.4,1325,0,1
9.6,1325,0,1
9.8,1325,0,1
10,1325,0,1
10.2,1325,0,1
10.4,1325,0,1
10.6,1325,0,1
10.8,1325,0,1
11,1325,0,1
11.2,1325,0,1
11.4,1325,0,1
11.6,1325,0,1
11.8,1325,0,1
12,1325,0,1
12.2,1325,0,1
12.4,1325,0,1
12.6,1325,0,1
12.8,1325,0,1
13,1325,0,1
13.2,1325,0,1
13.4,1325,0,1
13.6,1325,0,1
13.8,1325,0,1
14,1325,0,1
14.2,1325,0,1
14.4,1325,0,1
14.6,1325,0,1
14.8,1325,0,1
15,1325,0,1
15.2,1325,0,1
15.4,1325,0,1
15.6,1325,0,1
15.8,1325,0,1
16,1325,0,1
16.2,1325,0,1
16.4,1325,0,1
16.6,1325,0,1
16.8,1325,0,1
17,1325,0,1
17.2,1325,0,1
17.4,1325,0,1
17.6,1325,0,1
17.8,1325,0,1
18,1325,0,1
18.2,1325,0,1
18.4,1325,0,1
18.6,1325,0,1
18.8,1325,0,1
19,1325,0,1
19.2,1325,0,1
19.4,1325,0,1
19.6,1325,0,1
19.8,1325,0,1
20,1325,0,1
20.2,1325,0,1
20.4,1325,0,1
20.6,1325,0,1
20.8,1325,0,1
21,1325,0,1
21.2,1325,0,1
21.4,1325,0,1
21.6,1325,0,1
21.8,1325,0,1
22,1325,0,1
22.2,1325,0,1
22.4,1325,0,1
22.6,1325,0,1
22.8,1325,0,1
23,1325,0,1
23.2,1325,0,1
23.4,1325,0,1
23.6,1325,0,1
23.8,1325,0,1
24,1325,0,1
2,1330,0,1
2.2,1330,0,1
2.4,1330,1,0
2.6,1330,1,0
2.8,1330,1,0
3,1330,1,0
3.2,1330,1,0
3.4,1330,1,0
3.6,1330,1,0
3.8,1330,1,0
4,1330,0,1
4.2,1330,0,1
4.4,1330,0,1
4.6,1330,0,1
4.8,1330,0,1
5,1330,0,1
5.2,1330,0,1
5.4,1330,0,1
5.6,1330,0,1
5.8,1330,0,1
6,1330,0,1
6.2,1330,0,1
6.4,1330,0,1
6.6,1330,0,1
6.8,1330,0,1
7,1330,0,1
7.2,1330,0,1
7.4,1330,0,1
7.6,1330,0,1
7.8,1330,0,1
8,1330,0,1
8.2,1330,0,1
8.4,1330,0,1
8.6,1330,0,1
8.8,1330,0,1
9,1330,0,1
9.2,1330,0,1
9.4,1330,0,1
9.6,1330,0,1
9.8,1330,0,1
10,1330,0,1
10.2,1330,0,1
10.4,1330,0,1
10.6,1330,0,1
10.8,1330,0,1
11,1330,0,1
11.2,1330,0,1
11.4,1330,0,1
11.6,1330,0,1
11.8,1330,0,1
12,1330,0,1
12.2,1330,0,1
12.4,1330,0,1
12.6,1330,0,1
12.8,1330,0,1
13,1330,0,1
13.2,1330,0,1
13.4,1330,0,1
13.6,1330,0,1
13.8,1330,0,1
14,1330,0,1
14.2,1330,0,1
14.4,1330,0,1
14.6,1330,0,1
14.8,1330,0,1
15,1330,0,1
15.2,1330,0,1
15.4,1330,0,1
15.6,1330,0,1
15.8,1330,0,1
16,1330,0,1
16.2,1330,0,1
16.4,1330,0,1
16.6,1330,0,1
16.8,1330,0,1
17,1330,0,1
17.2,1330,0,1
17.4,1330,0,1
17.6,1330,0,1
17.8,1330,0,1
18,1330,0,1
18.2,1330,0,1
18.4,1330,0,1
18.6,1330,0,1
18.8,1330,0,1
19,1330,0,1
19.2,1330,0,1
19.4,1330,0,1
19.6,1330,0,1
19.8,1330,0,1
20,1330,0,1
20.2,1330,0,1
20.4,1330,0,1
20.6,1330,0,1
20.8,1330,0,1
21,1330,0,1
21.2,1330,0,1
21.4,1330,0,1
21.6,1330,0,1
21.8,1330,0,1
22,1330,0,1
22.2,1330,0,1
22.4,1330,0,1
22.6,1330,0,1
22.8,1330,0,1
23,1330,0,1
23.2,1330,0,1
23.4,1330,0,1
23.6,1330,0,1
23.8,1330,0,1
24,1330,0,1
2,1335,0,1
2.2,1335,0,1
2.4,1335,1,0
2.6,1335,1,0
2.8,1335,1,0
3,1335,1,0
3.2,1335,1,0
3.4,1335,1,0
3.6,1335,1,0
3.8,1335,1,0
4,1335,1,0
4.2,1335,0,1
4.4,1335,0,1
4.6,1335,0,1
4.8,1335,0,1
5,1335,0,1
5.2,1335,0,1
5.4,1335,0,1
5.6,1335,0,1
5.8,1335,0,1
6,1335,0,1
6.2,1335,0,1
6.4,1335,0,1
6.6,1335,0,1
6.8,1335,0,1
7,1335,0,1
7.2,1335,0,1
7.4,1335,0,1
7.6,1335,0,1
7.8,1335,0,1
8,1335,0,1
8.2,1335,0,1
8.4,1335,0,1
8.6,1335,0,1
8.8,1335,0,1
9,1335,0,1
9.2,1335,0,1
9.4,1335,0,1
9.6,1335,0,1
9.8,1335,0,1
10,1335,0,1
10.2,1335,0,1
10.4,1335,0,1
10.6,1335,0,1
10.8,1335,0,1
11,1335,0,1
11.2,1335,0,1
11.4,1335,0,1
11.6,1335,0,1
11.8,1335,0,1
12,1335,0,1
12.2,1335,0,1
12.4,1335,0,1
12.6,1335,0,1
12.8,1335,0,1
13,1335,0,1
13.2,1335,0,1
13.4,1335,0,1
13.6,1335,0,1
13.8,1335,0,1
14,1335,0,1
14.2,1335,0,1
14.4,1335,0,1
14.6,1335,0,1
14.8,1335,0,1
15,1335,0,1
15.2,1335,0,1
15.4,1335,0,1
15.6,1335,0,1
15.8,1335,0,1
16,1335,0,1
16.2,1335,0,1
16.4,1335,0,1
16.6,1335,0,1
16.8,1335,0,1
17,1335,0,1
17.2,1335,0,1
17.4,1335,0,1
17.6,1335,0,1
17.8,1335,0,1
18,1335,0,1
18.2,1335,0,1
18.4,1335,0,1
18.6,1335,0,1
18.8,1335,0,1
19,1335,0,1
19.2,1335,0,1
19.4,1335,0,1
19.6,1335,0,1
19.8,1335,0,1
20,1335,0,1
20.2,1335,0,1
20.4,1335,0,1
20.6,1335,0,1
20.8,1335,0,1
21,1335,0,1
21.2,1335,0,1
21.4,1335,0,1
21.6,1335,0,1
21.8,1335,0,1
22,1335,0,1
22.2,1335,0,1
22.4,1335,0,1
22.6,1335,0,1
22.8,1335,0,1
23,1335,0,1
23.2,1335,0,1
23.4,1335,0,1
23.6,1335,0,1
23.8,1335,0,1
24,1335,0,1
2,1340,0,1
2.2,1340,0,1
2.4,1340,1,0
2.6,1340,1,0
2.8,1340,1,0
3,1340,1,0
3.2,1340,1,0
3.4,1340,1,0
3.6,1340,1,0
3.8,1340,1,0
4,1340,1,0
4.2,1340,0,1
4.4,1340,0,1
4.6,1340,0,1
4.8,1340,0,1
5,1340,0,1
5.2,1340,0,1
5.4,1340,0,1
5.6,1340,0,1
5.8,1340,0,1
6,1340,0,1
6.2,1340,0,1
6.4,1340,0,1
6.6,1340,0,1
6.8,1340,0,1
7,1340,0,1
7.2,1340,0,1
7.4,1340,0,1
7.6,1340,0,1
7.8,1340,0,1
8,1340,0,1
8.2,1340,0,1
8.4,1340,0,1
8.6,1340,0,1
8.8,1340,0,1
9,1340,0,1
9.2,1340,0,1
9.4,1340,0,1
9.6,1340,0,1
9.8,1340,0,1
10,1340,0,1
10.2,1340,0,1
10.4,1340,0,1
10.6,1340,0,1
10.8,1340,0,1
11,1340,0,1
11.2,1340,0,1
11.4,1340,0,1
11.6,1340,0,1
11.8,1340,0,1
12,1340,0,1
12.2,1340,0,1
12.4,1340,0,1
12.6,1340,0,1
12.8,1340,0,1
13,1340,0,1
13.2,1340,0,1
13.4,1340,0,1
13.6,1340,0,1
13.8,1340,0,1
14,1340,0,1
14.2,1340,0,1
14.4,1340,0,1
14.6,1340,0,1
14.8,1340,0,1
15,1340,0,1
15.2,1340,0,1
15.4,1340,0,1
15.6,1340,0,1
15.8,1340,0,1
16,1340,0,1
16.2,1340,0,1
16.4,1340,0,1
16.6,1340,0,1
16.8,1340,0,1
17,1340,0,1
17.2,1340,0,1
17.4,1340,0,1
17.6,1340,0,1
17.8,1340,0,1
18,1340,0,1
18.2,1340,0,1
18.4,1340,0,1
18.6,1340,0,1
18.8,1340,0,1
19,1340,0,1
19.2,1340,0,1
19.4,1340,0,1
19.6,1340,0,1
19.8,1340,0,1
20,1340,0,1
20.2,1340,0,1
20.4,1340,0,1
20.6,1340,0,1
20.8,1340,0,1
21,1340,0,1
21.2,1340,0,1
21.4,1340,0,1
21.6,1340,0,1
21.8,1340,0,1
22,1340,0,1
22.2,1340,0,1
22.4,1340,0,1
22.6,1340,0,1
22.8,1340,0,1
23,1340,0,1
23.2,1340,0,1
23.4,1340,0,1
23.6,1340,0,1
23.8,1340,0,1
24,1340,0,1
2,1345,0,1
2.2,1345,0,1
2.4,1345,1,0
2.6,1345,1,0
2.8,1345,1,0
3,1345,1,0
3.2,1345,1,0
3.4,1345,1,0
3.6,1345,1,0
3.8,1345,1,0
4,1345,1,0
4.2,1345,0,1
4.4,1345,0,1
4.6,1345,0,1
4.8,1345,0,1
5,1345,0,1
5.2,1345,0,1
5.4,1345,0,1
5.6,1345,0,1
5.8,1345,0,1
6,1345,0,1
6.2,1345,0,1
6.4,1345,0,1
6.6,1345,0,1
6.8,1345,0,1
7,1345,0,1
7.2,1345,0,1
7.4,1345,0,1
7.6,1345,0,1
7.8,1345,0,1
8,1345,0,1
8.2,1345,0,1
8.4,1345,0,1
8.6,1345,0,1
8.8,1345,0,1
9,1345,0,1
9.2,1345,0,1
9.4,1345,0,1
9.6,1345,0,1
9.8,1345,0,1
10,1345,0,1
10.2,1345,0,1
10.4,1345,0,1
10.6,1345,0,1
10.8,1345,0,1
11,1345,0,1
11.2,1345,0,1
11.4,1345,0,1
11.6,1345,0,1
11.8,1345,0,1
12,1345,0,1
12.2,1345,0,1
12.4,1345,0,1
12.6,1345,0,1
12.8,1345,0,1
13,1345,0,1
13.2,1345,0,1
13.4,1345,0,1
13.6,1345,0,1
13.8,1345,0,1
14,1345,0,1
14.2,1345,0,1
14.4,1345,0,1
14.6,1345,0,1
14.8,1345,0,1
15,1345,0,1
15.2,1345,0,1
15.4,1345,0,1
15.6,1345,0,1
15.8,1345,0,1
16,1345,0,1
16.2,1345,0,1
16.4,1345,0,1
16.6,1345,0,1
16.8,1345,0,1
17,1345,0,1
17.2,1345,0,1
17.4,1345,0,1
17.6,1345,0,1
17.8,1345,0,1
18,1345,0,1
18.2,1345,0,1
18.4,1345,0,1
18.6,1345,0,1
18.8,1345,0,1
19,1345,0,1
19.2,1345,0,1
19.4,1345,0,1
19.6,1345,0,1
19.8,1345,0,1
20,1345,0,1
20.2,1345,0,1
20.4,1345,0,1
20.6,1345,0,1
20.8,1345,0,1
21,1345,0,1
21.2,1345,0,1
21.4,1345,0,1
21.6,1345,0,1
21.8,1345,0,1
22,1345,0,1
22.2,1345,0,1
22.4,1345,0,1
22.6,1345,0,1
22.8,1345,0,1
23,1345,0,1
23.2,1345,0,1
23.4,1345,0,1
23.6,1345,0,1
23.8,1345,0,1
24,1345,0,1
2,1350,0,1
2.2,1350,0,1
2.4,1350,1,0
2.6,1350,1,0
2.8,1350,1,0
3,1350,1,0
3.2,1350,1,0
3.4,1350,1,0
3.6,1350,1,0
3.8,1350,1,0
4,1350,1,0
4.2,1350,1,0
4.4,1350,0,1
4.6,1350,0,1
4.8,1350,0,1
5,1350,0,1
5.2,1350,0,1
5.4,1350,0,1
5.6,1350,0,1
5.8,1350,0,1
6,1350,0,1
6.2,1350,0,1
6.4,1350,0,1
6.6,1350,0,1
6.8,1350,0,1
7,1350,0,1
7.2,1350,0,1
7.4,1350,0,1
7.6,1350,0,1
7.8,1350,0,1
8,1350,0,1
8.2,1350,0,1
8.4,1350,0,1
8.6,1350,0,1
8.8,1350,0,1
9,1350,0,1
9.2,1350,0,1
9.4,1350,0,1
9.6,1350,0,1
9.8,1350,0,1
10,1350,0,1
10.2,1350,0,1
10.4,1350,0,1
10.6,1350,0,1
10.8,1350,0,1
11,1350,0,1
11.2,1350,0,1
11.4,1350,0,1
11.6,1350,0,1
11.8,1350,0,1
12,1350,0,1
12.2,1350,0,1
12.4,1350,0,1
12.6,1350,0,1
12.8,1350,0,1
13,1350,0,1
13.2,1350,0,1
13.4,1350,0,1
13.6,1350,0,1
13.8,1350,0,1
14,1350,0,1
14.2,1350,0,1
14.4,1350,0,1
14.6,1350,0,1
14.8,1350,0,1
15,1350,0,1
15.2,1350,0,1
15.4,1350,0,1
15.6,1350,0,1
15.8,1350,0,1
16,1350,0,1
16.2,1350,0,1
16.4,1350,0,1
16.6,1350,0,1
16.8,1350,0,1
17,1350,0,1
17.2,1350,0,1
17.4,1350,0,1
17.6,1350,0,1
17.8,1350,0,1
18,1350,0,1
18.2,1350,0,1
18.4,1350,0,1
18.6,1350,0,1
18.8,1350,0,1
19,1350,0,1
19.2,1350,0,1
19.4,1350,0,1
19.6,1350,0,1
19.8,1350,0,1
20,1350,0,1
20.2,1350,0,1
20.4,1350,0,1
20.6,1350,0,1
20.8,1350,0,1
21,1350,0,1
21.2,1350,0,1
21.4,1350,0,1
21.6,1350,0,1
21.8,1350,0,1
22,1350,0,1
22.2,1350,0,1
22.4,1350,0,1
22.6,1350,0,1
22.8,1350,0,1
23,1350,0,1
23.2,1350,0,1
23.4,1350,0,1
23.6,1350,0,1
23.8,1350,0,1
24,1350,0,1
2,1355,0,1
2.2,1355,0,1
2.4,1355,1,0
2.6,1355,1,0
2.8,1355,1,0
3,1355,1,0
3.2,1355,1,0
3.4,1355,1,0
3.6,1355,1,0
3.8,1355,1,0
4,1355,1,0
4.2,1355,1,0
4.4,1355,0,1
4.6,1355,0,1
4.8,1355,0,1
5,1355,0,1
5.2,1355,0,1
5.4,1355,0,1
5.6,1355,0,1
5.8,1355,0,1
6,1355,0,1
6.2,1355,0,1
6.4,1355,0,1
6.6,1355,0,1
6.8,1355,0,1
7,1355,0,1
7.2,1355,0,1
7.4,1355,0,1
7.6,1355,0,1
7.8,1355,0,1
8,1355,0,1
8.2,1355,0,1
8.4,1355,0,1
8.6,1355,0,1
8.8,1355,0,1
9,1355,0,1
9.2,1355,0,1
9.4,1355,0,1
9.6,1355,0,1
9.8,1355,0,1
10,1355,0,1
10.2,1355,0,1
10.4,1355,0,1
10.6,1355,0,1
10.8,1355,0,1
11,1355,0,1
11.2,1355,0,1
11.4,1355,0,1
11.6,1355,0,1
11.8,1355,0,1
12,1355,0,1
12.2,1355,0,1
12.4,1355,0,1
12.6,1355,0,1
12.8,1355,0,1
13,1355,0,1
13.2,1355,0,1
13.4,1355,0,1
13.6,1355,0,1
13.8,1355,0,1
14,1355,0,1
14.2,1355,0,1
14.4,1355,0,1
14.6,1355,0,1
14.8,1355,0,1
15,1355,0,1
15.2,1355,0,1
15.4,1355,0,1
15.6,1355,0,1
15.8,1355,0,1
16,1355,0,1
16.2,1355,0,1
16.4,1355,0,1
16.6,1355,0,1
16.8,1355,0,1
17,1355,0,1
17.2,1355,0,1
17.4,1355,0,1
17.6,1355,0,1
17.8,1355,0,1
18,1355,0,1
18.2,1355,0,1
18.4,1355,0,1
18.6,1355,0,1
18.8,1355,0,1
19,1355,0,1
19.2,1355,0,1
19.4,1355,0,1
19.6,1355,0,1
19.8,1355,0,1
20,1355,0,1
20.2,1355,0,1
20.4,1355,0,1
20.6,1355,0,1
20.8,1355,0,1
21,1355,0,1
21.2,1355,0,1
21.4,1355,0,1
21.6,1355,0,1
21.8,1355,0,1
22,1355,0,1
22.2,1355,0,1
22.4,1355,0,1
22.6,1355,0,1
22.8,1355,0,1
23,1355,0,1
23.2,1355,0,1
23.4,1355,0,1
23.6,1355,0,1
23.8,1355,0,1
24,1355,0,1
2,1360,0,1
2.2,1360,0,1
2.4,1360,1,0
2.6,1360,1,0
2.8,1360,1,0
3,1360,1,0
3.2,1360,1,0
3.4,1360,1,0
3.6,1360,1,0
3.8,1360,1,0
4,1360,1,0
4.2,1360,1,0
4.4,1360,0,1
4.6,1360,0,1
4.8,1360,0,1
5,1360,0,1
5.2,1360,0,1
5.4,1360,0,1
5.6,1360,0,1
5.8,1360,0,1
6,1360,0,1
6.2,1360,0,1
6.4,1360,0,1
6.6,1360,0,1
6.8,1360,0,1
7,1360,0,1
7.2,1360,0,1
7.4,1360,0,1
7.6,1360,0,1
7.8,1360,0,1
8,1360,0,1
8.2,1360,0,1
8.4,1360,0,1
8.6,1360,0,1
8.8,1360,0,1
9,1360,0,1
9.2,1360,0,1
9.4,1360,0,1
9.6,1360,0,1
9.8,1360,0,1
10,1360,0,1
10.2,1360,0,1
10.4,1360,0,1
10.6,1360,0,1
10.8,1360,0,1
11,1360,0,1
11.2,1360,0,1
11.4,1360,0,1
11.6,1360,0,1
11.8,1360,0,1
12,1360,0,1
12.2,1360,0,1
12.4,1360,0,1
12.6,1360,0,1
12.8,1360,0,1
13,1360,0,1
13.2,1360,0,1
13.4,1360,0,1
13.6,1360,0,1
13.8,1360,0,1
14,1360,0,1
14.2,1360,0,1
14.4,1360,0,1
14.6,1360,0,1
14.8,1360,0,1
15,1360,0,1
15.2,1360,0,1
15.4,1360,0,1
15.6,1360,0,1
15.8,1360,0,1
16,1360,0,1
16.2,1360,0,1
16.4,1360,0,1
16.6,1360,0,1
16.8,1360,0,1
17,1360,0,1
17.2,1360,0,1
17.4,1360,0,1
17.6,1360,0,1
17.8,1360,0,1
18,1360,0,1
18.2,1360,0,1
18.4,1360,0,1
18.6,1360,0,1
18.8,1360,0,1
19,1360,0,1
19.2,1360,0,1
19.4,1360,0,1
19.6,1360,0,1
19.8,1360,0,1
20,1360,0,1
20.2,1360,0,1
20.4,1360,0,1
20.6,1360,0,1
20.8,1360,0,1
21,1360,0,1
21.2,1360,0,1
21.4,1360,0,1
21.6,1360,0,1
21.8,1360,0,1
22,1360,0,1
22.2,1360,0,1
22.4,1360,0,1
22.6,1360,0,1
22.8,1360,0,1
23,1360,0,1
23.2,1360,0,1
23.4,1360,0,1
23.6,1360,0,1
23.8,1360,0,1
24,1360,0,1
2,1365,0,1
2.2,1365,1,0
2.4,1365,1,0
2.6,1365,1,0
2.8,1365,1,0
3,1365,1,0
3.2,1365,1,0
3.4,1365,1,0
3.6,1365,1,0
3.8,1365,1,0
4,1365,1,0
4.2,1365,1,0
4.4,1365,1,0
4.6,1365,0,1
4.8,1365,0,1
5,1365,0,1
5.2,1365,0,1
5.4,1365,0,1
5.6,1365,0,1
5.8,1365,0,1
6,1365,0,1
6.2,1365,0,1
6.4,1365,0,1
6.6,1365,0,1
6.8,1365,0,1
7,1365,0,1
7.2,1365,0,1
7.4,1365,0,1
7.6,1365,0,1
7.8,1365,0,1
8,1365,0,1
8.2,1365,0,1
8.4,1365,0,1
8.6,1365,0,1
8.8,1365,0,1
9,1365,0,1
9.2,1365,0,1
9.4,1365,0,1
9.6,1365,0,1
9.8,1365,0,1
10,1365,0,1
10.2,1365,0,1
10.4,1365,0,1
10.6,1365,0,1
10.8,1365,0,1
11,1365,0,1
11.2,1365,0,1
11.4,1365,0,1
11.6,1365,0,1
11.8,1365,0,1
12,1365,0,1
12.2,1365,0,1
12.4,1365,0,1
12.6,1365,0,1
12.8,1365,0,1
13,1365,0,1
13.2,1365,0,1
13.4,1365,0,1
13.6,1365,0,1
13.8,1365,0,1
14,1365,0,1
14.2,1365,0,1
14.4,1365,0,1
14.6,1365,0,1
14.8,1365,0,1
15,1365,0,1
15.2,1365,0,1
15.4,1365,0,1
15.6,1365,0,1
15.8,1365,0,1
16,1365,0,1
16.2,1365,0,1
16.4,1365,0,1
16.6,1365,0,1
16.8,1365,0,1
17,1365,0,1
17.2,1365,0,1
17.4,1365,0,1
17.6,1365,0,1
17.8,1365,0,1
18,1365,0,1
18.2,1365,0,1
18.4,1365,0,1
18.6,1365,0,1
18.8,1365,0,1
19,1365,0,1
19.2,1365,0,1
19.4,1365,0,1
19.6,1365,0,1
19.8,1365,0,1
20,1365,0,1
20.2,1365,0,1
20.4,1365,0,1
20.6,1365,0,1
20.8,1365,0,1
21,1365,0,1
21.2,1365,0,1
21.4,1365,0,1
21.6,1365,0,1
21.8,1365,0,1
22,1365,0,1
22.2,1365,0,1
22.4,1365,0,1
22.6,1365,0,1
22.8,1365,0,1
23,1365,0,1
23.2,1365,0,1
23.4,1365,0,1
23.6,1365,0,1
23.8,1365,0,1
24,1365,0,1
2,1370,0,1
2.2,1370,1,0
2.4,1370,1,0
2.6,1370,1,0
2.8,1370,1,0
3,1370,1,0
3.2,1370,1,0
3.4,1370,1,0
3.6,1370,1,0
3.8,1370,1,0
4,1370,1,0
4.2,1370,1,0
4.4,1370,1,0
4.6,1370,0,1
4.8,1370,0,1
5,1370,0,1
5.2,1370,0,1
5.4,1370,0,1
5.6,1370,0,1
5.8,1370,0,1
6,1370,0,1
6.2,1370,0,1
6.4,1370,0,1
6.6,1370,0,1
6.8,1370,0,1
7,1370,0,1
7.2,1370,0,1
7.4,1370,0,1
7.6,1370,0,1
7.8,1370,0,1
8,1370,0,1
8.2,1370,0,1
8.4,1370,0,1
8.6,1370,0,1
8.8,1370,0,1
9,1370,0,1
9.2,1370,0,1
9.4,1370,0,1
9.6,1370,0,1
9.8,1370,0,1
10,1370,0,1
10.2,1370,0,1
10.4,1370,0,1
10.6,1370,0,1
10.8,1370,0,1
11,1370,0,1
11.2,1370,0,1
11.4,1370,0,1
11.6,1370,0,1
11.8,1370,0,1
12,1370,0,1
12.2,1370,0,1
12.4,1370,0,1
12.6,1370,0,1
12.8,1370,0,1
13,1370,0,1
13.2,1370,0,1
13.4,1370,0,1
13.6,1370,0,1
13.8,1370,0,1
14,1370,0,1
14.2,1370,0,1
14.4,1370,0,1
14.6,1370,0,1
14.8,1370,0,1
15,1370,0,1
15.2,1370,0,1
15.4,1370,0,1
15.6,1370,0,1
15.8,1370,0,1
16,1370,0,1
16.2,1370,0,1
16.4,1370,0,1
16.6,1370,0,1
16.8,1370,0,1
17,1370,0,1
17.2,1370,0,1
17.4,1370,0,1
17.6,1370,0,1
17.8,1370,0,1
18,1370,0,1
18.2,1370,0,1
18.4,1370,0,1
18.6,1370,0,1
18.8,1370,0,1
19,1370,0,1
19.2,1370,0,1
19.4,1370,0,1
19.6,1370,0,1
19.8,1370,0,1
20,1370,0,1
20.2,1370,0,1
20.4,1370,0,1
20.6,1370,0,1
20.8,1370,0,1
21,1370,0,1
21.2,1370,0,1
21.4,1370,0,1
21.6,1370,0,1
21.8,1370,0,1
22,1370,0,1
22.2,1370,0,1
22.4,1370,0,1
22.6,1370,0,1
22.8,1370,0,1
23,1370,0,1
23.2,1370,0,1
23.4,1370,0,1
23.6,1370,0,1
23.8,1370,0,1
24,1370,0,1
2,1375,0,1
2.2,1375,1,0
2.4,1375,1,0
2.6,1375,1,0
2.8,1375,1,0
3,1375,1,0
3.2,1375,1,0
3.4,1375,1,0
3.6,1375,1,0
3.8,1375,1,0
4,1375,1,0
4.2,1375,1,0
4.4,1375,1,0
4.6,1375,1,0
4.8,1375,0,1
5,1375,0,1
5.2,1375,0,1
5.4,1375,0,1
5.6,1375,0,1
5.8,1375,0,1
6,1375,0,1
6.2,1375,0,1
6.4,1375,0,1
6.6,1375,0,1
6.8,1375,0,1
7,1375,0,1
7.2,1375,0,1
7.4,1375,0,1
7.6,1375,0,1
7.8,1375,0,1
8,1375,0,1
8.2,1375,0,1
8.4,1375,0,1
8.6,1375,0,1
8.8,1375,0,1
9,1375,0,1
9.2,1375,0,1
9.4,1375,0,1
9.6,1375,0,1
9.8,1375,0,1
10,1375,0,1
10.2,1375,0,1
10.4,1375,0,1
10.6,1375,0,1
10.8,1375,0,1
11,1375,0,1
11.2,1375,0,1
11.4,1375,0,1
11.6,1375,0,1
11.8,1375,0,1
12,1375,0,1
12.2,1375,0,1
12.4,1375,0,1
12.6,1375,0,1
12.8,1375,0,1
13,1375,0,1
13.2,1375,0,1
13.4,1375,0,1
13.6,1375,0,1
13.8,1375,0,1
14,1375,0,1
14.2,1375,0,1
14.4,1375,0,1
14.6,1375,0,1
14.8,1375,0,1
15,1375,0,1
15.2,1375,0,1
15.4,1375,0,1
15.6,1375,0,1
15.8,1375,0,1
16,1375,0,1
16.2,1375,0,1
16.4,1375,0,1
16.6,1375,0,1
16.8,1375,0,1
17,1375,0,1
17.2,1375,0,1
17.4,1375,0,1
17.6,1375,0,1
17.8,1375,0,1
18,1375,0,1
18.2,1375,0,1
18.4,1375,0,1
18.6,1375,0,1
18.8,1375,0,1
19,1375,0,1
19.2,1375,0,1
19.4,1375,0,1
19.6,1375,0,1
19.8,1375,0,1
20,1375,0,1
20.2,1375,0,1
20.4,1375,0,1
20.6,1375,0,1
20.8,1375,0,1
21,1375,0,1
21.2,1375,0,1
21.4,1375,0,1
21.6,1375,0,1
21.8,1375,0,1
22,1375,0,1
22.2,1375,0,1
22.4,1375,0,1
22.6,1375,0,1
22.8,1375,0,1
23,1375,0,1
23.2,1375,0,1
23.4,1375,0,1
23.6,1375,0,1
23.8,1375,0,1
24,1375,0,1
2,1380,0,1
2.2,1380,1,0
2.4,1380,1,0
2.6,1380,1,0
2.8,1380,1,0
3,1380,1,0
3.2,1380,1,0
3.4,1380,1,0
3.6,1380,1,0
3.8,1380,1,0
4,1380,1,0
4.2,1380,1,0
4.4,1380,1,0
4.6,1380,1,0
4.8,1380,0,1
5,1380,0,1
5.2,1380,0,1
5.4,1380,0,1
5.6,1380,0,1
5.8,1380,0,1
6,1380,0,1
6.2,1380,0,1
6.4,1380,0,1
6.6,1380,0,1
6.8,1380,0,1
7,1380,0,1
7.2,1380,0,1
7.4,1380,0,1
7.6,1380,0,1
7.8,1380,0,1
8,1380,0,1
8.2,1380,0,1
8.4,1380,0,1
8.6,1380,0,1
8.8,1380,0,1
9,1380,0,1
9.2,1380,0,1
9.4,1380,0,1
9.6,1380,0,1
9.8,1380,0,1
10,1380,0,1
10.2,1380,0,1
10.4,1380,0,1
10.6,1380,0,1
10.8,1380,0,1
11,1380,0,1
11.2,1380,0,1
11.4,1380,0,1
11.6,1380,0,1
11.8,1380,0,1
12,1380,0,1
12.2,1380,0,1
12.4,1380,0,1
12.6,1380,0,1
12.8,1380,0,1
13,1380,0,1
13.2,1380,0,1
13.4,1380,0,1
13.6,1380,0,1
13.8,1380,0,1
14,1380,0,1
14.2,1380,0,1
14.4,1380,0,1
14.6,1380,0,1
14.8,1380,0,1
15,1380,0,1
15.2,1380,0,1
15.4,1380,0,1
15.6,1380,0,1
15.8,1380,0,1
16,1380,0,1
16.2,1380,0,1
16.4,1380,0,1
16.6,1380,0,1
16.8,1380,0,1
17,1380,0,1
17.2,1380,0,1
17.4,1380,0,1
17.6,1380,0,1
17.8,1380,0,1
18,1380,0,1
18.2,1380,0,1
18.4,1380,0,1
18.6,1380,0,1
18.8,1380,0,1
19,1380,0,1
19.2,1380,0,1
19.4,1380,0,1
19.6,1380,0,1
19.8,1380,0,1
20,1380,0,1
20.2,1380,0,1
20.4,1380,0,1
20.6,1380,0,1
20.8,1380,0,1
21,1380,0,1
21.2,1380,0,1
21.4,1380,0,1
21.6,1380,0,1
21.8,1380,0,1
22,1380,0,1
22.2,1380,0,1
22.4,1380,0,1
22.6,1380,0,1
22.8,1380,0,1
23,1380,0,1
23.2,1380,0,1
23.4,1380,0,1
23.6,1380,0,1
23.8,1380,0,1
24,1380,0,1
2,1385,0,1
2.2,1385,1,0
2.4,1385,1,0
2.6,1385,1,0
2.8,1385,1,0
3,1385,1,0
3.2,1385,1,0
3.4,1385,1,0
3.6,1385,1,0
3.8,1385,1,0
4,1385,1,0
4.2,1385,1,0
4.4,1385,1,0
4.6,1385,1,0
4.8,1385,0,1
5,1385,0,1
5.2,1385,0,1
5.4,1385,0,1
5.6,1385,0,1
5.8,1385,0,1
6,1385,0,1
6.2,1385,0,1
6.4,1385,0,1
6.6,1385,0,1
6.8,1385,0,1
7,1385,0,1
7.2,1385,0,1
7.4,1385,0,1
7.6,1385,0,1
7.8,1385,0,1
8,1385,0,1
8.2,1385,0,1
8.4,1385,0,1
8.6,1385,0,1
8.8,1385,0,1
9,1385,0,1
9.2,1385,0,1
9.4,1385,0,1
9.6,1385,0,1
9.8,1385,0,1
10,1385,0,1
10.2,1385,0,1
10.4,1385,0,1
10.6,1385,0,1
10.8,1385,0,1
11,1385,0,1
11.2,1385,0,1
11.4,1385,0,1
11.6,1385,0,1
11.8,1385,0,1
12,1385,0,1
12.2,1385,0,1
12.4,1385,0,1
12.6,1385,0,1
12.8,1385,0,1
13,1385,0,1
13.2,1385,0,1
13.4,1385,0,1
13.6,1385,0,1
13.8,1385,0,1
14,1385,0,1
14.2,1385,0,1
14.4,1385,0,1
14.6,1385,0,1
14.8,1385,0,1
15,1385,0,1
15.2,1385,0,1
15.4,1385,0,1
15.6,1385,0,1
15.8,1385,0,1
16,1385,0,1
16.2,1385,0,1
16.4,1385,0,1
16.6,1385,0,1
16.8,1385,0,1
17,1385,0,1
17.2,1385,0,1
17.4,1385,0,1
17.6,1385,0,1
17.8,1385,0,1
18,1385,0,1
18.2,1385,0,1
18.4,1385,0,1
18.6,1385,0,1
18.8,1385,0,1
19,1385,0,1
19.2,1385,0,1
19.4,1385,0,1
19.6,1385,0,1
19.8,1385,0,1
20,1385,0,1
20.2,1385,0,1
20.4,1385,0,1
20.6,1385,0,1
20.8,1385,0,1
21,1385,0,1
21.2,1385,0,1
21.4,1385,0,1
21.6,1385,0,1
21.8,1385,0,1
22,1385,0,1
22.2,1385,0,1
22.4,1385,0,1
22.6,1385,0,1
22.8,1385,0,1
23,1385,0,1
23.2,1385,0,1
23.4,1385,0,1
23.6,1385,0,1
23.8,1385,0,1
24,1385,0,1
2,1390,0,1
2.2,1390,1,0
2.4,1390,1,0
2.6,1390,1,0
2.8,1390,1,0
3,1390,1,0
3.2,1390,1,0
3.4,1390,1,0
3.6,1390,1,0
3.8,1390,1,0
4,1390,1,0
4.2,1390,1,0
4.4,1390,1,0
4.6,1390,1,0
4.8,1390,1,0
5,1390,0,1
5.2,1390,0,1
5.4,1390,0,1
5.6,1390,0,1
5.8,1390,0,1
6,1390,0,1
6.2,1390,0,1
6.4,1390,0,1
6.6,1390,0,1
6.8,1390,0,1
7,1390,0,1
7.2,1390,0,1
7.4,1390,0,1
7.6,1390,0,1
7.8,1390,0,1
8,1390,0,1
8.2,1390,0,1
8.4,1390,0,1
8.6,1390,0,1
8.8,1390,0,1
9,1390,0,1
9.2,1390,0,1
9.4,1390,0,1
9.6,1390,0,1
9.8,1390,0,1
10,1390,0,1
10.2,1390,0,1
10.4,1390,0,1
10.6,1390,0,1
10.8,1390,0,1
11,1390,0,1
11.2,1390,0,1
11.4,1390,0,1
11.6,1390,0,1
11.8,1390,0,1
12,1390,0,1
12.2,1390,0,1
12.4,1390,0,1
12.6,1390,0,1
12.8,1390,0,1
13,1390,0,1
13.2,1390,0,1
13.4,1390,0,1
13.6,1390,0,1
13.8,1390,0,1
14,1390,0,1
14.2,1390,0,1
14.4,1390,0,1
14.6,1390,0,1
14.8,1390,0,1
15,1390,0,1
15.2,1390,0,1
15.4,1390,0,1
15.6,1390,0,1
15.8,1390,0,1
16,1390,0,1
16.2,1390,0,1
16.4,1390,0,1
16.6,1390,0,1
16.8,1390,0,1
17,1390,0,1
17.2,1390,0,1
17.4,1390,0,1
17.6,1390,0,1
17.8,1390,0,1
18,1390,0,1
18.2,1390,0,1
18.4,1390,0,1
18.6,1390,0,1
18.8,1390,0,1
19,1390,0,1
19.2,1390,0,1
19.4,1390,0,1
19.6,1390,0,1
19.8,1390,0,1
20,1390,0,1
20.2,1390,0,1
20.4,1390,0,1
20.6,1390,0,1
20.8,1390,0,1
21,1390,0,1
21.2,1390,0,1
21.4,1390,0,1
21.6,1390,0,1
21.8,1390,0,1
22,1390,0,1
22.2,1390,0,1
22.4,1390,0,1
22.6,1390,0,1
22.8,1390,0,1
23,1390,0,1
23.2,1390,0,1
23.4,1390,0,1
23.6,1390,0,1
23.8,1390,0,1
24,1390,0,1
2,1395,0,1
2.2,1395,1,0
2.4,1395,1,0
2.6,1395,1,0
2.8,1395,1,0
3,1395,0,0
3.2,1395,1,0
3.4,1395,1,0
3.6,1395,1,0
3.8,1395,1,0
4,1395,1,0
4.2,1395,1,0
4.4,1395,1,0
4.6,1395,1,0
4.8,1395,1,0
5,1395,0,1
5.2,1395,0,1
5.4,1395,0,1
5.6,1395,0,1
5.8,1395,0,1
6,1395,0,1
6.2,1395,0,1
6.4,1395,0,1
6.6,1395,0,1
6.8,1395,0,1
7,1395,0,1
7.2,1395,0,1
7.4,1395,0,1
7.6,1395,0,1
7.8,1395,0,1
8,1395,0,1
8.2,1395,0,1
8.4,1395,0,1
8.6,1395,0,1
8.8,1395,0,1
9,1395,0,1
9.2,1395,0,1
9.4,1395,0,1
9.6,1395,0,1
9.8,1395,0,1
10,1395,0,1
10.2,1395,0,1
10.4,1395,0,1
10.6,1395,0,1
10.8,1395,0,1
11,1395,0,1
11.2,1395,0,1
11.4,1395,0,1
11.6,1395,0,1
11.8,1395,0,1
12,1395,0,1
12.2,1395,0,1
12.4,1395,0,1
12.6,1395,0,1
12.8,1395,0,1
13,1395,0,1
13.2,1395,0,1
13.4,1395,0,1
13.6,1395,0,1
13.8,1395,0,1
14,1395,0,1
14.2,1395,0,1
14.4,1395,0,1
14.6,1395,0,1
14.8,1395,0,1
15,1395,0,1
15.2,1395,0,1
15.4,1395,0,1
15.6,1395,0,1
15.8,1395,0,1
16,1395,0,1
16.2,1395,0,1
16.4,1395,0,1
16.6,1395,0,1
16.8,1395,0,1
17,1395,0,1
17.2,1395,0,1
17.4,1395,0,1
17.6,1395,0,1
17.8,1395,0,1
18,1395,0,1
18.2,1395,0,1
18.4,1395,0,1
18.6,1395,0,1
18.8,1395,0,1
19,1395,0,1
19.2,1395,0,1
19.4,1395,0,1
19.6,1395,0,1
19.8,1395,0,1
20,1395,0,1
20.2,1395,0,1
20.4,1395,0,1
20.6,1395,0,1
20.8,1395,0,1
21,1395,0,1
21.2,1395,0,1
21.4,1395,0,1
21.6,1395,0,1
21.8,1395,0,1
22,1395,0,1
22.2,1395,0,1
22.4,1395,0,1
22.6,1395,0,1
22.8,1395,0,1
23,1395,0,1
23.2,1395,0,1
23.4,1395,0,1
23.6,1395,0,1
23.8,1395,0,1
24,1395,0,1
2,1400,0,1
2.2,1400,1,0
2.4,1400,1,0
2.6,1400,1,0
2.8,1400,0,0
3,1400,0,0
3.2,1400,0,0
3.4,1400,1,0
3.6,1400,1,0
3.8,1400,1,0
4,1400,1,0
4.2,1400,1,0
4.4,1400,1,0
4.6,1400,1,0
4.8,1400,1,0
5,1400,0,1
5.2,1400,0,1
5.4,1400,0,1
5.6,1400,0,1
5.8,1400,0,1
6,1400,0,1
6.2,1400,0,1
6.4,1400,0,1
6.6,1400,0,1
6.8,1400,0,1
7,1400,0,1
7.2,1400,0,1
7.4,1400,0,1
7.6,1400,0,1
7.8,1400,0,1
8,1400,0,1
8.2,1400,0,1
8.4,1400,0,1
8.6,1400,0,1
8.8,1400,0,1
9,1400,0,1
9.2,1400,0,1
9.4,1400,0,1
9.6,1400,0,1
9.8,1400,0,1
10,1400,0,1
10.2,1400,0,1
10.4,1400,0,1
10.6,1400,0,1
10.8,1400,0,1
11,1400,0,1
11.2,1400,0,1
11.4,1400,0,1
11.6,1400,0,1
11.8,1400,0,1
12,1400,0,1
12.2,1400,0,1
12.4,1400,0,1
12.6,1400,0,1
12.8,1400,0,1
13,1400,0,1
13.2,1400,0,1
13.4,1400,0,1
13.6,1400,0,1
13.8,1400,0,1
14,1400,0,1
14.2,1400,0,1
14.4,1400,0,1
14.6,1400,0,1
14.8,1400,0,1
15,1400,0,1
15.2,1400,0,1
15.4,1400,0,1
15.6,1400,0,1
15.8,1400,0,1
16,1400,0,1
16.2,1400,0,1
16.4,1400,0,1
16.6,1400,0,1
16.8,1400,0,1
17,1400,0,1
17.2,1400,0,1
17.4,1400,0,1
17.6,1400,0,1
17.8,1400,0,1
18,1400,0,1
18.2,1400,0,1
18.4,1400,0,1
18.6,1400,0,1
18.8,1400,0,1
19,1400,0,1
19.2,1400,0,1
19.4,1400,0,1
19.6,1400,0,1
19.8,1400,0,1
20,1400,0,1
20.2,1400,0,1
20.4,1400,0,1
20.6,1400,0,1
20.8,1400,0,1
21,1400,0,1
21.2,1400,0,1
21.4,1400,0,1
21.6,1400,0,1
21.8,1400,0,1
22,1400,0,1
22.2,1400,0,1
22.4,1400,0,1
22.6,1400,0,1
22.8,1400,0,1
23,1400,0,1
23.2,1400,0,1
23.4,1400,0,1
23.6,1400,0,1
23.8,1400,0,1
24,1400,0,1
2,1405,0,1
2.2,1405,1,0
2.4,1405,1,0
2.6,1405,1,0
2.8,1405,0,0
3,1405,0,0
3.2,1405,0,0
3.4,1405,0,0
3.6,1405,1,0
3.8,1405,1,0
4,1405,1,0
4.2,1405,1,0
4.4,1405,1,0
4.6,1405,1,0
4.8,1405,1,0
5,1405,1,0
5.2,1405,0,1
5.4,1405,0,1
5.6,1405,0,1
5.8,1405,0,1
6,1405,0,1
6.2,1405,0,1
6.4,1405,0,1
6.6,1405,0,1
6.8,1405,0,1
7,1405,0,1
7.2,1405,0,1
7.4,1405,0,1
7.6,1405,0,1
7.8,1405,0,1
8,1405,0,1
8.2,1405,0,1
8.4,1405,0,1
8.6,1405,0,1
8.8,1405,0,1
9,1405,0,1
9.2,1405,0,1
9.4,1405,0,1
9.6,1405,0,1
9.8,1405,0,1
10,1405,0,1
10.2,1405,0,1
10.4,1405,0,1
10.6,1405,0,1
10.8,1405,0,1
11,1405,0,1
11.2,1405,0,1
11.4,1405,0,1
11.6,1405,0,1
11.8,1405,0,1
12,1405,0,1
12.2,1405,0,1
12.4,1405,0,1
12.6,1405,0,1
12.8,1405,0,1
13,1405,0,1
13.2,1405,0,1
13.4,1405,0,1
13.6,1405,0,1
13.8,1405,0,1
14,1405,0,1
14.2,1405,0,1
14.4,1405,0,1
14.6,1405,0,1
14.8,1405,0,1
15,1405,0,1
15.2,1405,0,1
15.4,1405,0,1
15.6,1405,0,1
15.8,1405,0,1
16,1405,0,1
16.2,1405,0,1
16.4,1405,0,1
16.6,1405,0,1
16.8,1405,0,1
17,1405,0,1
17.2,1405,0,1
17.4,1405,0,1
17.6,1405,0,1
17.8,1405,0,1
18,1405,0,1
18.2,1405,0,1
18.4,1405,0,1
18.6,1405,0,1
18.8,1405,0,1
19,1405,0,1
19.2,1405,0,1
19.4,1405,0,1
19.6,1405,0,1
19.8,1405,0,1
20,1405,0,1
20.2,1405,0,1
20.4,1405,0,1
20.6,1405,0,1
20.8,1405,0,1
21,1405,0,1
21.2,1405,0,1
21.4,1405,0,1
21.6,1405,0,1
21.8,1405,0,1
22,1405,0,1
22.2,1405,0,1
22.4,1405,0,1
22.6,1405,0,1
22.8,1405,0,1
23,1405,0,1
23.2,1405,0,1
23.4,1405,0,1
23.6,1405,0,1
23.8,1405,0,1
24,1405,0,1
2,1410,0,1
2.2,1410,1,0
2.4,1410,1,0
2.6,1410,0,0
2.8,1410,0,0
3,1410,0,0
3.2,1410,0,0
3.4,1410,0,0
3.6,1410,0,0
3.8,1410,1,0
4,1410,1,0
4.2,1410,1,0
4.4,1410,1,0
4.6,1410,1,0
4.8,1410,1,0
5,1410,1,0
5.2,1410,0,1
5.4,1410,0,1
5.6,1410,0,1
5.8,1410,0,1
6,1410,0,1
6.2,1410,0,1
6.4,1410,0,1
6.6,1410,0,1
6.8,1410,0,1
7,1410,0,1
7.2,1410,0,1
7.4,1410,0,1
7.6,1410,0,1
7.8,1410,0,1
8,1410,0,1
8.2,1410,0,1
8.4,1410,0,1
8.6,1410,0,1
8.8,1410,0,1
9,1410,0,1
9.2,1410,0,1
9.4,1410,0,1
9.6,1410,0,1
9.8,1410,0,1
10,1410,0,1
10.2,1410,0,1
10.4,1410,0,1
10.6,1410,0,1
10.8,1410,0,1
11,1410,0,1
11.2,1410,0,1
11.4,1410,0,1
11.6,1410,0,1
11.8,1410,0,1
12,1410,0,1
12.2,1410,0,1
12.4,1410,0,1
12.6,1410,0,1
12.8,1410,0,1
13,1410,0,1
13.2,1410,0,1
13.4,1410,0,1
13.6,1410,0,1
13.8,1410,0,1
14,1410,0,1
14.2,1410,0,1
14.4,1410,0,1
14.6,1410,0,1
14.8,1410,0,1
15,1410,0,1
15.2,1410,0,1
15.4,1410,0,1
15.6,1410,0,1
15.8,1410,0,1
16,1410,0,1
16.2,1410,0,1
16.4,1410,0,1
16.6,1410,0,1
16.8,1410,0,1
17,1410,0,1
17.2,1410,0,1
17.4,1410,0,1
17.6,1410,0,1
17.8,1410,0,1
18,1410,0,1
18.2,1410,0,1
18.4,1410,0,1
18.6,1410,0,1
18.8,1410,0,1
19,1410,0,1
19.2,1410,0,1
19.4,1410,0,1
19.6,1410,0,1
19.8,1410,0,1
20,1410,0,1
20.2,1410,0,1
20.4,1410,0,1
20.6,1410,0,1
20.8,1410,0,1
21,1410,0,1
21.2,1410,0,1
21.4,1410,0,1
21.6,1410,0,1
21.8,1410,0,1
22,1410,0,1
22.2,1410,0,1
22.4,1410,0,1
22.6,1410,0,1
22.8,1410,0,1
23,1410,0,1
23.2,1410,0,1
23.4,1410,0,1
23.6,1410,0,1
23.8,1410,0,1
24,1410,0,1
2,1415,0,1
2.2,1415,1,0
2.4,1415,1,0
2.6,1415,0,0
2.8,1415,0,0
3,1415,0,0
3.2,1415,0,0
3.4,1415,0,0
3.6,1415,0,0
3.8,1415,0,0
4,1415,1,0
4.2,1415,1,0
4.4,1415,1,0
4.6,1415,1,0
4.8,1415,1,0
5,1415,1,0
5.2,1415,0,1
5.4,1415,0,1
5.6,1415,0,1
5.8,1415,0,1
6,1415,0,1
6.2,1415,0,1
6.4,1415,0,1
6.6,1415,0,1
6.8,1415,0,1
7,1415,0,1
7.2,1415,0,1
7.4,1415,0,1
7.6,1415,0,1
7.8,1415,0,1
8,1415,0,1
8.2,1415,0,1
8.4,1415,0,1
8.6,1415,0,1
8.8,1415,0,1
9,1415,0,1
9.2,1415,0,1
9.4,1415,0,1
9.6,1415,0,1
9.8,1415,0,1
10,1415,0,1
10.2,1415,0,1
10.4,1415,0,1
10.6,1415,0,1
10.8,1415,0,1
11,1415,0,1
11.2,1415,0,1
11.4,1415,0,1
11.6,1415,0,1
11.8,1415,0,1
12,1415,0,1
12.2,1415,0,1
12.4,1415,0,1
12.6,1415,0,1
12.8,1415,0,1
13,1415,0,1
13.2,1415,0,1
13.4,1415,0,1
13.6,1415,0,1
13.8,1415,0,1
14,1415,0,1
14.2,1415,0,1
14.4,1415,0,1
14.6,1415,0,1
14.8,1415,0,1
15,1415,0,1
15.2,1415,0,1
15.4,1415,0,1
15.6,1415,0,1
15.8,1415,0,1
16,1415,0,1
16.2,1415,0,1
16.4,1415,0,1
16.6,1415,0,1
16.8,1415,0,1
17,1415,0,1
17.2,1415,0,1
17.4,1415,0,1
17.6,1415,0,1
17.8,1415,0,1
18,1415,0,1
18.2,1415,0,1
18.4,1415,0,1
18.6,1415,0,1
18.8,1415,0,1
19,1415,0,1
19.2,1415,0,1
19.4,1415,0,1
19.6,1415,0,1
19.8,1415,0,1
20,1415,0,1
20.2,1415,0,1
20.4,1415,0,1
20.6,1415,0,1
20.8,1415,0,1
21,1415,0,1
21.2,1415,0,1
21.4,1415,0,1
21.6,1415,0,1
21.8,1415,0,1
22,1415,0,1
22.2,1415,0,1
22.4,1415,0,1
22.6,1415,0,1
22.8,1415,0,1
23,1415,0,1
23.2,1415,0,1
23.4,1415,0,1
23.6,1415,0,1
23.8,1415,0,1
24,1415,0,1
2,1420,0,1
2.2,1420,1,0
2.4,1420,1,0
2.6,1420,0,0
2.8,1420,0,0
3,1420,0,0
3.2,1420,0,0
3.4,1420,0,0
3.6,1420,0,0
3.8,1420,0,0
4,1420,1,0
4.2,1420,1,0
4.4,1420,1,0
4.6,1420,1,0
4.8,1420,1,0
5,1420,1,0
5.2,1420,1,0
5.4,1420,0,1
5.6,1420,0,1
5.8,1420,0,1
6,1420,0,1
6.2,1420,0,1
6.4,1420,0,1
6.6,1420,0,1
6.8,1420,0,1
7,1420,0,1
7.2,1420,0,1
7.4,1420,0,1
7.6,1420,0,1
7.8,1420,0,1
8,1420,0,1
8.2,1420,0,1
8.4,1420,0,1
8.6,1420,0,1
8.8,1420,0,1
9,1420,0,1
9.2,1420,0,1
9.4,1420,0,1
9.6,1420,0,1
9.8,1420,0,1
10,1420,0,1
10.2,1420,0,1
10.4,1420,0,1
10.6,1420,0,1
10.8,1420,0,1
11,1420,0,1
11.2,1420,0,1
11.4,1420,0,1
11.6,1420,0,1
11.8,1420,0,1
12,1420,0,1
12.2,1420,0,1
12.4,1420,0,1
12.6,1420,0,1
12.8,1420,0,1
13,1420,0,1
13.2,1420,0,1
13.4,1420,0,1
13.6,1420,0,1
13.8,1420,0,1
14,1420,0,1
14.2,1420,0,1
14.4,1420,0,1
14.6,1420,0,1
14.8,1420,0,1
15,1420,0,1
15.2,1420,0,1
15.4,1420,0,1
15.6,1420,0,1
15.8,1420,0,1
16,1420,0,1
16.2,1420,0,1
16.4,1420,0,1
16.6,1420,0,1
16.8,1420,0,1
17,1420,0,1
17.2,1420,0,1
17.4,1420,0,1
17.6,1420,0,1
17.8,1420,0,1
18,1420,0,1
18.2,1420,0,1
18.4,1420,0,1
18.6,1420,0,1
18.8,1420,0,1
19,1420,0,1
19.2,1420,0,1
19.4,1420,0,1
19.6,1420,0,1
19.8,1420,0,1
20,1420,0,1
20.2,1420,0,1
20.4,1420,0,1
20.6,1420,0,1
20.8,1420,0,1
21,1420,0,1
21.2,1420,0,1
21.4,1420,0,1
21.6,1420,0,1
21.8,1420,0,1
22,1420,0,1
22.2,1420,0,1
22.4,1420,0,1
22.6,1420,0,1
22.8,1420,0,1
23,1420,0,1
23.2,1420,0,1
23.4,1420,0,1
23.6,1420,0,1
23.8,1420,0,1
24,1420,0,1
2,1425,0,1
2.2,1425,1,0
2.4,1425,1,0
2.6,1425,0,0
2.8,1425,0,0
3,1425,0,0
3.2,1425,0,0
3.4,1425,0,0
3.6,1425,0,0
3.8,1425,0,0
4,1425,0,0
4.2,1425,1,0
4.4,1425,1,0
4.6,1425,1,0
4.8,1425,1,0
5,1425,1,0
5.2,1425,1,0
5.4,1425,0,1
5.6,1425,0,1
5.8,1425,0,1
6,1425,0,1
6.2,1425,0,1
6.4,1425,0,1
6.6,1425,0,1
6.8,1425,0,1
7,1425,0,1
7.2,1425,0,1
7.4,1425,0,1
7.6,1425,0,1
7.8,1425,0,1
8,1425,0,1
8.2,1425,0,1
8.4,1425,0,1
8.6,1425,0,1
8.8,1425,0,1
9,1425,0,1
9.2,1425,0,1
9.4,1425,0,1
9.6,1425,0,1
9.8,1425,0,1
10,1425,0,1
10.2,1425,0,1
10.4,1425,0,1
10.6,1425,0,1
10.8,1425,0,1
11,1425,0,1
11.2,1425,0,1
11.4,1425,0,1
11.6,1425,0,1
11.8,1425,0,1
12,1425,0,1
12.2,1425,0,1
12.4,1425,0,1
12.6,1425,0,1
12.8,1425,0,1
13,1425,0,1
13.2,1425,0,1
13.4,1425,0,1
13.6,1425,0,1
13.8,1425,0,1
14,1425,0,1
14.2,1425,0,1
14.4,1425,0,1
14.6,1425,0,1
14.8,1425,0,1
15,1425,0,1
15.2,1425,0,1
15.4,1425,0,1
15.6,1425,0,1
15.8,1425,0,1
16,1425,0,1
16.2,1425,0,1
16.4,1425,0,1
16.6,1425,0,1
16.8,1425,0,1
17,1425,0,1
17.2,1425,0,1
17.4,1425,0,1
17.6,1425,0,1
17.8,1425,0,1
18,1425,0,1
18.2,1425,0,1
18.4,1425,0,1
18.6,1425,0,1
18.8,1425,0,1
19,1425,0,1
19.2,1425,0,1
19.4,1425,0,1
19.6,1425,0,1
19.8,1425,0,1
20,1425,0,1
20.2,1425,0,1
20.4,1425,0,1
20.6,1425,0,1
20.8,1425,0,1
21,1425,0,1
21.2,1425,0,1
21.4,1425,0,1
21.6,1425,0,1
21.8,1425,0,1
22,1425,0,1
22.2,1425,0,1
22.4,1425,0,1
22.6,1425,0,1
22.8,1425,0,1
23,1425,0,1
23.2,1425,0,1
23.4,1425,0,1
23.6,1425,0,1
23.8,1425,0,1
24,1425,0,1
2,1430,0,1
2.2,1430,1,0
2.4,1430,0,0
2.6,1430,0,0
2.8,1430,0,0
3,1430,0,0
3.2,1430,0,0
3.4,1430,0,0
3.6,1430,0,0
3.8,1430,0,0
4,1430,0,0
4.2,1430,0,0
4.4,1430,1,0
4.6,1430,1,0
4.8,1430,1,0
5,1430,1,0
5.2,1430,1,0
5.4,1430,0,1
5.6,1430,0,1
5.8,1430,0,1
6,1430,0,1
6.2,1430,0,1
6.4,1430,0,1
6.6,1430,0,1
6.8,1430,0,1
7,1430,0,1
7.2,1430,0,1
7.4,1430,0,1
7.6,1430,0,1
7.8,1430,0,1
8,1430,0,1
8.2,1430,0,1
8.4,1430,0,1
8.6,1430,0,1
8.8,1430,0,1
9,1430,0,1
9.2,1430,0,1
9.4,1430,0,1
9.6,1430,0,1
9.8,1430,0,1
10,1430,0,1
10.2,1430,0,1
10.4,1430,0,1
10.6,1430,0,1
10.8,1430,0,1
11,1430,0,1
11.2,1430,0,1
11.4,1430,0,1
11.6,1430,0,1
11.8,1430,0,1
12,1430,0,1
12.2,1430,0,1
12.4,1430,0,1
12.6,1430,0,1
12.8,1430,0,1
13,1430,0,1
13.2,1430,0,1
13.4,1430,0,1
13.6,1430,0,1
13.8,1430,0,1
14,1430,0,1
14.2,1430,0,1
14.4,1430,0,1
14.6,1430,0,1
14.8,1430,0,1
15,1430,0,1
15.2,1430,0,1
15.4,1430,0,1
15.6,1430,0,1
15.8,1430,0,1
16,1430,0,1
16.2,1430,0,1
16.4,1430,0,1
16.6,1430,0,1
16.8,1430,0,1
17,1430,0,1
17.2,1430,0,1
17.4,1430,0,1
17.6,1430,0,1
17.8,1430,0,1
18,1430,0,1
18.2,1430,0,1
18.4,1430,0,1
18.6,1430,0,1
18.8,1430,0,1
19,1430,0,1
19.2,1430,0,1
19.4,1430,0,1
19.6,1430,0,1
19.8,1430,0,1
20,1430,0,1
20.2,1430,0,1
20.4,1430,0,1
20.6,1430,0,1
20.8,1430,0,1
21,1430,0,1
21.2,1430,0,1
21.4,1430,0,1
21.6,1430,0,1
21.8,1430,0,1
22,1430,0,1
22.2,1430,0,1
22.4,1430,0,1
22.6,1430,0,1
22.8,1430,0,1
23,1430,0,1
23.2,1430,0,1
23.4,1430,0,1
23.6,1430,0,1
23.8,1430,0,1
24,1430,0,1
2,1435,0,1
2.2,1435,1,0
2.4,1435,0,0
2.6,1435,0,0
2.8,1435,0,0
3,1435,0,0
3.2,1435,0,0
3.4,1435,0,0
3.6,1435,0,0
3.8,1435,0,0
4,1435,0,0
4.2,1435,0,0
4.4,1435,1,0
4.6,1435,1,0
4.8,1435,1,0
5,1435,1,0
5.2,1435,1,0
5.4,1435,1,0
5.6,1435,0,1
5.8,1435,0,1
6,1435,0,1
6.2,1435,0,1
6.4,1435,0,1
6.6,1435,0,1
6.8,1435,0,1
7,1435,0,1
7.2,1435,0,1
7.4,1435,0,1
7.6,1435,0,1
7.8,1435,0,1
8,1435,0,1
8.2,1435,0,1
8.4,1435,0,1
8.6,1435,0,1
8.8,1435,0,1
9,1435,0,1
9.2,1435,0,1
9.4,1435,0,1
9.6,1435,0,1
9.8,1435,0,1
10,1435,0,1
10.2,1435,0,1
10.4,1435,0,1
10.6,1435,0,1
10.8,1435,0,1
11,1435,0,1
11.2,1435,0,1
11.4,1435,0,1
11.6,1435,0,1
11.8,1435,0,1
12,1435,0,1
12.2,1435,0,1
12.4,1435,0,1
12.6,1435,0,1
12.8,1435,0,1
13,1435,0,1
13.2,1435,0,1
13.4,1435,0,1
13.6,1435,0,1
13.8,1435,0,1
14,1435,0,1
14.2,1435,0,1
14.4,1435,0,1
14.6,1435,0,1
14.8,1435,0,1
15,1435,0,1
15.2,1435,0,1
15.4,1435,0,1
15.6,1435,0,1
15.8,1435,0,1
16,1435,0,1
16.2,1435,0,1
16.4,1435,0,1
16.6,1435,0,1
16.8,1435,0,1
17,1435,0,1
17.2,1435,0,1
17.4,1435,0,1
17.6,1435,0,1
17.8,1435,0,1
18,1435,0,1
18.2,1435,0,1
18.4,1435,0,1
18.6,1435,0,1
18.8,1435,0,1
19,1435,0,1
19.2,1435,0,1
19.4,1435,0,1
19.6,1435,0,1
19.8,1435,0,1
20,1435,0,1
20.2,1435,0,1
20.4,1435,0,1
20.6,1435,0,1
20.8,1435,0,1
21,1435,0,1
21.2,1435,0,1
21.4,1435,0,1
21.6,1435,0,1
21.8,1435,0,1
22,1435,0,1
22.2,1435,0,1
22.4,1435,0,1
22.6,1435,0,1
22.8,1435,0,1
23,1435,0,1
23.2,1435,0,1
23.4,1435,0,1
23.6,1435,0,1
23.8,1435,0,1
24,1435,0,1
2,1440,0,1
2.2,1440,1,0
2.4,1440,0,0
2.6,1440,0,0
2.8,1440,0,0
3,1440,0,0
3.2,1440,0,0
3.4,1440,0,0
3.6,1440,0,0
3.8,1440,0,0
4,1440,0,0
4.2,1440,0,0
4.4,1440,0,0
4.6,1440,1,0
4.8,1440,1,0
5,1440,1,0
5.2,1440,1,0
5.4,1440,1,0
5.6,1440,0,1
5.8,1440,0,1
6,1440,0,1
6.2,1440,0,1
6.4,1440,0,1
6.6,1440,0,1
6.8,1440,0,1
7,1440,0,1
7.2,1440,0,1
7.4,1440,0,1
7.6,1440,0,1
7.8,1440,0,1
8,1440,0,1
8.2,1440,0,1
8.4,1440,0,1
8.6,1440,0,1
8.8,1440,0,1
9,1440,0,1
9.2,1440,0,1
9.4,1440,0,1
9.6,1440,0,1
9.8,1440,0,1
10,1440,0,1
10.2,1440,0,1
10.4,1440,0,1
10.6,1440,0,1
10.8,1440,0,1
11,1440,0,1
11.2,1440,0,1
11.4,1440,0,1
11.6,1440,0,1
11.8,1440,0,1
12,1440,0,1
12.2,1440,0,1
12.4,1440,0,1
12.6,1440,0,1
12.8,1440,0,1
13,1440,0,1
13.2,1440,0,1
13.4,1440,0,1
13.6,1440,0,1
13.8,1440,0,1
14,1440,0,1
14.2,1440,0,1
14.4,1440,0,1
14.6,1440,0,1
14.8,1440,0,1
15,1440,0,1
15.2,1440,0,1
15.4,1440,0,1
15.6,1440,0,1
15.8,1440,0,1
16,1440,0,1
16.2,1440,0,1
16.4,1440,0,1
16.6,1440,0,1
16.8,1440,0,1
17,1440,0,1
17.2,1440,0,1
17.4,1440,0,1
17.6,1440,0,1
17.8,1440,0,1
18,1440,0,1
18.2,1440,0,1
18.4,1440,0,1
18.6,1440,0,1
18.8,1440,0,1
19,1440,0,1
19.2,1440,0,1
19.4,1440,0,1
19.6,1440,0,1
19.8,1440,0,1
20,1440,0,1
20.2,1440,0,1
20.4,1440,0,1
20.6,1440,0,1
20.8,1440,0,1
21,1440,0,1
21.2,1440,0,1
21.4,1440,0,1
21.6,1440,0,1
21.8,1440,0,1
22,1440,0,1
22.2,1440,0,1
22.4,1440,0,1
22.6,1440,0,1
22.8,1440,0,1
23,1440,0,1
23.2,1440,0,1
23.4,1440,0,1
23.6,1440,0,1
23.8,1440,0,1
24,1440,0,1
2,1445,0,1
2.2,1445,1,0
2.4,1445,0,0
2.6,1445,0,0
2.8,1445,0,0
3,1445,0,0
3.2,1445,0,0
3.4,1445,0,0
3.6,1445,0,0
3.8,1445,0,0
4,1445,0,0
4.2,1445,0,0
4.4,1445,0,0
4.6,1445,1,0
4.8,1445,1,0
5,1445,1,0
5.2,1445,1,0
5.4,1445,1,0
5.6,1445,0,1
5.8,1445,0,1
6,1445,0,1
6.2,1445,0,1
6.4,1445,0,1
6.6,1445,0,1
6.8,1445,0,1
7,1445,0,1
7.2,1445,0,1
7.4,1445,0,1
7.6,1445,0,1
7.8,1445,0,1
8,1445,0,1
8.2,1445,0,1
8.4,1445,0,1
8.6,1445,0,1
8.8,1445,0,1
9,1445,0,1
9.2,1445,0,1
9.4,1445,0,1
9.6,1445,0,1
9.8,1445,0,1
10,1445,0,1
10.2,1445,0,1
10.4,1445,0,1
10.6,1445,0,1
10.8,1445,0,1
11,1445,0,1
11.2,1445,0,1
11.4,1445,0,1
11.6,1445,0,1
11.8,1445,0,1
12,1445,0,1
12.2,1445,0,1
12.4,1445,0,1
12.6,1445,0,1
12.8,1445,0,1
13,1445,0,1
13.2,1445,0,1
13.4,1445,0,1
13.6,1445,0,1
13.8,1445,0,1
14,1445,0,1
14.2,1445,0,1
14.4,1445,0,1
14.6,1445,0,1
14.8,1445,0,1
15,1445,0,1
15.2,1445,0,1
15.4,1445,0,1
15.6,1445,0,1
15.8,1445,0,1
16,1445,0,1
16.2,1445,0,1
16.4,1445,0,1
16.6,1445,0,1
16.8,1445,0,1
17,1445,0,1
17.2,1445,0,1
17.4,1445,0,1
17.6,1445,0,1
17.8,1445,0,1
18,1445,0,1
18.2,1445,0,1
18.4,1445,0,1
18.6,1445,0,1
18.8,1445,0,1
19,1445,0,1
19.2,1445,0,1
19.4,1445,0,1
19.6,1445,0,1
19.8,1445,0,1
20,1445,0,1
20.2,1445,0,1
20.4,1445,0,1
20.6,1445,0,1
20.8,1445,0,1
21,1445,0,1
21.2,1445,0,1
21.4,1445,0,1
21.6,1445,0,1
21.8,1445,0,1
22,1445,0,1
22.2,1445,0,1
22.4,1445,0,1
22.6,1445,0,1
22.8,1445,0,1
23,1445,0,1
23.2,1445,0,1
23.4,1445,0,1
23.6,1445,0,1
23.8,1445,0,1
24,1445,0,1
2,1450,0,1
2.2,1450,1,0
2.4,1450,0,0
2.6,1450,0,0
2.8,1450,0,0
3,1450,0,0
3.2,1450,0,0
3.4,1450,0,0
3.6,1450,0,0
3.8,1450,0,0
4,1450,0,0
4.2,1450,0,0
4.4,1450,0,0
4.6,1450,0,0
4.8,1450,1,0
5,1450,1,0
5.2,1450,1,0
5.4,1450,1,0
5.6,1450,1,0
5.8,1450,0,1
6,1450,0,1
6.2,1450,0,1
6.4,1450,0,1
6.6,1450,0,1
6.8,1450,0,1
7,1450,0,1
7.2,1450,0,1
7.4,1450,0,1
7.6,1450,0,1
7.8,1450,0,1
8,1450,0,1
8.2,1450,0,1
8.4,1450,0,1
8.6,1450,0,1
8.8,1450,0,1
9,1450,0,1
9.2,1450,0,1
9.4,1450,0,1
9.6,1450,0,1
9.8,1450,0,1
10,1450,0,1
10.2,1450,0,1
10.4,1450,0,1
10.6,1450,0,1
10.8,1450,0,1
11,1450,0,1
11.2,1450,0,1
11.4,1450,0,1
11.6,1450,0,1
11.8,1450,0,1
12,1450,0,1
12.2,1450,0,1
12.4,1450,0,1
12.6,1450,0,1
12.8,1450,0,1
13,1450,0,1
13.2,1450,0,1
13.4,1450,0,1
13.6,1450,0,1
13.8,1450,0,1
14,1450,0,1
14.2,1450,0,1
14.4,1450,0,1
14.6,1450,0,1
14.8,1450,0,1
15,1450,0,1
15.2,1450,0,1
15.4,1450,0,1
15.6,1450,0,1
15.8,1450,0,1
16,1450,0,1
16.2,1450,0,1
16.4,1450,0,1
16.6,1450,0,1
16.8,1450,0,1
17,1450,0,1
17.2,1450,0,1
17.4,1450,0,1
17.6,1450,0,1
17.8,1450,0,1
18,1450,0,1
18.2,1450,0,1
18.4,1450,0,1
18.6,1450,0,1
18.8,1450,0,1
19,1450,0,1
19.2,1450,0,1
19.4,1450,0,1
19.6,1450,0,1
19.8,1450,0,1
20,1450,0,1
20.2,1450,0,1
20.4,1450,0,1
20.6,1450,0,1
20.8,1450,0,1
21,1450,0,1
21.2,1450,0,1
21.4,1450,0,1
21.6,1450,0,1
21.8,1450,0,1
22,1450,0,1
22.2,1450,0,1
22.4,1450,0,1
22.6,1450,0,1
22.8,1450,0,1
23,1450,0,1
23.2,1450,0,1
23.4,1450,0,1
23.6,1450,0,1
23.8,1450,0,1
24,1450,0,1
2,1455,0,1
2.2,1455,1,0
2.4,1455,0,0
2.6,1455,0,0
2.8,1455,0,0
3,1455,0,0
3.2,1455,0,0
3.4,1455,0,0
3.6,1455,0,0
3.8,1455,0,0
4,1455,0,0
4.2,1455,0,0
4.4,1455,0,0
4.6,1455,0,0
4.8,1455,1,0
5,1455,1,0
5.2,1455,1,0
5.4,1455,1,0
5.6,1455,1,0
5.8,1455,0,1
6,1455,0,1
6.2,1455,0,1
6.4,1455,0,1
6.6,1455,0,1
6.8,1455,0,1
7,1455,0,1
7.2,1455,0,1
7.4,1455,0,1
7.6,1455,0,1
7.8,1455,0,1
8,1455,0,1
8.2,1455,0,1
8.4,1455,0,1
8.6,1455,0,1
8.8,1455,0,1
9,1455,0,1
9.2,1455,0,1
9.4,1455,0,1
9.6,1455,0,1
9.8,1455,0,1
10,1455,0,1
10.2,1455,0,1
10.4,1455,0,1
10.6,1455,0,1
10.8,1455,0,1
11,1455,0,1
11.2,1455,0,1
11.4,1455,0,1
11.6,1455,0,1
11.8,1455,0,1
12,1455,0,1
12.2,1455,0,1
12.4,1455,0,1
12.6,1455,0,1
12.8,1455,0,1
13,1455,0,1
13.2,1455,0,1
13.4,1455,0,1
13.6,1455,0,1
13.8,1455,0,1
14,1455,0,1
14.2,1455,0,1
14.4,1455,0,1
14.6,1455,0,1
14.8,1455,0,1
15,1455,0,1
15.2,1455,0,1
15.4,1455,0,1
15.6,1455,0,1
15.8,1455,0,1
16,1455,0,1
16.2,1455,0,1
16.4,1455,0,1
16.6,1455,0,1
16.8,1455,0,1
17,1455,0,1
17.2,1455,0,1
17.4,1455,0,1
17.6,1455,0,1
17.8,1455,0,1
18,1455,0,1
18.2,1455,0,1
18.4,1455,0,1
18.6,1455,0,1
18.8,1455,0,1
19,1455,0,1
19.2,1455,0,1
19.4,1455,0,1
19.6,1455,0,1
19.8,1455,0,1
20,1455,0,1
20.2,1455,0,1
20.4,1455,0,1
20.6,1455,0,1
20.8,1455,0,1
21,1455,0,1
21.2,1455,0,1
21.4,1455,0,1
21.6,1455,0,1
21.8,1455,0,1
22,1455,0,1
22.2,1455,0,1
22.4,1455,0,1
22.6,1455,0,1
22.8,1455,0,1
23,1455,0,1
23.2,1455,0,1
23.4,1455,0,1
23.6,1455,0,1
23.8,1455,0,1
24,1455,0,1
2,1460,0,1
2.2,1460,1,0
2.4,1460,0,0
2.6,1460,0,0
2.8,1460,0,0
3,1460,0,0
3.2,1460,0,0
3.4,1460,0,0
3.6,1460,0,0
3.8,1460,0,0
4,1460,0,0
4.2,1460,0,0
4.4,1460,0,0
4.6,1460,0,0
4.8,1460,0,0
5,1460,1,0
5.2,1460,1,0
5.4,1460,1,0
5.6,1460,1,0
5.8,1460,0,1
6,1460,0,1
6.2,1460,0,1
6.4,1460,0,1
6.6,1460,0,1
6.8,1460,0,1
7,1460,0,1
7.2,1460,0,1
7.4,1460,0,1
7.6,1460,0,1
7.8,1460,0,1
8,1460,0,1
8.2,1460,0,1
8.4,1460,0,1
8.6,1460,0,1
8.8,1460,0,1
9,1460,0,1
9.2,1460,0,1
9.4,1460,0,1
9.6,1460,0,1
9.8,1460,0,1
10,1460,0,1
10.2,1460,0,1
10.4,1460,0,1
10.6,1460,0,1
10.8,1460,0,1
11,1460,0,1
11.2,1460,0,1
11.4,1460,0,1
11.6,1460,0,1
11.8,1460,0,1
12,1460,0,1
12.2,1460,0,1
12.4,1460,0,1
12.6,1460,0,1
12.8,1460,0,1
13,1460,0,1
13.2,1460,0,1
13.4,1460,0,1
13.6,1460,0,1
13.8,1460,0,1
14,1460,0,1
14.2,1460,0,1
14.4,1460,0,1
14.6,1460,0,1
14.8,1460,0,1
15,1460,0,1
15.2,1460,0,1
15.4,1460,0,1
15.6,1460,0,1
15.8,1460,0,1
16,1460,0,1
16.2,1460,0,1
16.4,1460,0,1
16.6,1460,0,1
16.8,1460,0,1
17,1460,0,1
17.2,1460,0,1
17.4,1460,0,1
17.6,1460,0,1
17.8,1460,0,1
18,1460,0,1
18.2,1460,0,1
18.4,1460,0,1
18.6,1460,0,1
18.8,1460,0,1
19,1460,0,1
19.2,1460,0,1
19.4,1460,0,1
19.6,1460,0,1
19.8,1460,0,1
20,1460,0,1
20.2,1460,0,1
20.4,1460,0,1
20.6,1460,0,1
20.8,1460,0,1
21,1460,0,1
21.2,1460,0,1
21.4,1460,0,1
21.6,1460,0,1
21.8,1460,0,1
22,1460,0,1
22.2,1460,0,1
22.4,1460,0,1
22.6,1460,0,1
22.8,1460,0,1
23,1460,0,1
23.2,1460,0,1
23.4,1460,0,1
23.6,1460,0,1
23.8,1460,0,1
24,1460,0,1
2,1465,0,1
2.2,1465,1,0
2.4,1465,0,0
2.6,1465,0,0
2.8,1465,0,0
3,1465,0,0
3.2,1465,0,0
3.4,1465,0,0
3.6,1465,0,0
3.8,1465,0,0
4,1465,0,0
4.2,1465,0,0
4.4,1465,0,0
4.6,1465,0,0
4.8,1465,0,0
5,1465,1,0
5.2,1465,1,0
5.4,1465,1,0
5.6,1465,1,0
5.8,1465,1,0
6,1465,0,1
6.2,1465,0,1
6.4,1465,0,1
6.6,1465,0,1
6.8,1465,0,1
7,1465,0,1
7.2,1465,0,1
7.4,1465,0,1
7.6,1465,0,1
7.8,1465,0,1
8,1465,0,1
8.2,1465,0,1
8.4,1465,0,1
8.6,1465,0,1
8.8,1465,0,1
9,1465,0,1
9.2,1465,0,1
9.4,1465,0,1
9.6,1465,0,1
9.8,1465,0,1
10,1465,0,1
10.2,1465,0,1
10.4,1465,0,1
10.6,1465,0,1
10.8,1465,0,1
11,1465,0,1
11.2,1465,0,1
11.4,1465,0,1
11.6,1465,0,1
11.8,1465,0,1
12,1465,0,1
12.2,1465,0,1
12.4,1465,0,1
12.6,1465,0,1
12.8,1465,0,1
13,1465,0,1
13.2,1465,0,1
13.4,1465,0,1
13.6,1465,0,1
13.8,1465,0,1
14,1465,0,1
14.2,1465,0,1
14.4,1465,0,1
14.6,1465,0,1
14.8,1465,0,1
15,1465,0,1
15.2,1465,0,1
15.4,1465,0,1
15.6,1465,0,1
15.8,1465,0,1
16,1465,0,1
16.2,1465,0,1
16.4,1465,0,1
16.6,1465,0,1
16.8,1465,0,1
17,1465,0,1
17.2,1465,0,1
17.4,1465,0,1
17.6,1465,0,1
17.8,1465,0,1
18,1465,0,1
18.2,1465,0,1
18.4,1465,0,1
18.6,1465,0,1
18.8,1465,0,1
19,1465,0,1
19.2,1465,0,1
19.4,1465,0,1
19.6,1465,0,1
19.8,1465,0,1
20,1465,0,1
20.2,1465,0,1
20.4,1465,0,1
20.6,1465,0,1
20.8,1465,0,1
21,1465,0,1
21.2,1465,0,1
21.4,1465,0,1
21.6,1465,0,1
21.8,1465,0,1
22,1465,0,1
22.2,1465,0,1
22.4,1465,0,1
22.6,1465,0,1
22.8,1465,0,1
23,1465,0,1
23.2,1465,0,1
23.4,1465,0,1
23.6,1465,0,1
23.8,1465,0,1
24,1465,0,1
2,1470,0,1
2.2,1470,0,0
2.4,1470,0,0
2.6,1470,0,0
2.8,1470,0,0
3,1470,0,0
3.2,1470,0,0
3.4,1470,0,0
3.6,1470,0,0
3.8,1470,0,0
4,1470,0,0
4.2,1470,0,0
4.4,1470,0,0
4.6,1470,0,0
4.8,1470,0,0
5,1470,0,0
5.2,1470,1,0
5.4,1470,1,0
5.6,1470,1,0
5.8,1470,1,0
6,1470,0,1
6.2,1470,0,1
6.4,1470,0,1
6.6,1470,0,1
6.8,1470,0,1
7,1470,0,1
7.2,1470,0,1
7.4,1470,0,1
7.6,1470,0,1
7.8,1470,0,1
8,1470,0,1
8.2,1470,0,1
8.4,1470,0,1
8.6,1470,0,1
8.8,1470,0,1
9,1470,0,1
9.2,1470,0,1
9.4,1470,0,1
9.6,1470,0,1
9.8,1470,0,1
10,1470,0,1
10.2,1470,0,1
10.4,1470,0,1
10.6,1470,0,1
10.8,1470,0,1
11,1470,0,1
11.2,1470,0,1
11.4,1470,0,1
11.6,1470,0,1
11.8,1470,0,1
12,1470,0,1
12.2,1470,0,1
12.4,1470,0,1
12.6,1470,0,1
12.8,1470,0,1
13,1470,0,1
13.2,1470,0,1
13.4,1470,0,1
13.6,1470,0,1
13.8,1470,0,1
14,1470,0,1
14.2,1470,0,1
14.4,1470,0,1
14.6,1470,0,1
14.8,1470,0,1
15,1470,0,1
15.2,1470,0,1
15.4,1470,0,1
15.6,1470,0,1
15.8,1470,0,1
16,1470,0,1
16.2,1470,0,1
16.4,1470,0,1
16.6,1470,0,1
16.8,1470,0,1
17,1470,0,1
17.2,1470,0,1
17.4,1470,0,1
17.6,1470,0,1
17.8,1470,0,1
18,1470,0,1
18.2,1470,0,1
18.4,1470,0,1
18.6,1470,0,1
18.8,1470,0,1
19,1470,0,1
19.2,1470,0,1
19.4,1470,0,1
19.6,1470,0,1
19.8,1470,0,1
20,1470,0,1
20.2,1470,0,1
20.4,1470,0,1
20.6,1470,0,1
20.8,1470,0,1
21,1470,0,1
21.2,1470,0,1
21.4,1470,0,1
21.6,1470,0,1
21.8,1470,0,1
22,1470,0,1
22.2,1470,0,1
22.4,1470,0,1
22.6,1470,0,1
22.8,1470,0,1
23,1470,0,1
23.2,1470,0,1
23.4,1470,0,1
23.6,1470,0,1
23.8,1470,0,1
24,1470,0,1
2,1475,0,1
2.2,1475,0,0
2.4,1475,0,0
2.6,1475,0,0
2.8,1475,0,0
3,1475,0,0
3.2,1475,0,0
3.4,1475,0,0
3.6,1475,0,0
3.8,1475,0,0
4,1475,0,0
4.2,1475,0,0
4.4,1475,0,0
4.6,1475,0,0
4.8,1475,0,0
5,1475,0,0
5.2,1475,1,0
5.4,1475,1,0
5.6,1475,1,0
5.8,1475,1,0
6,1475,1,0
6.2,1475,0,1
6.4,1475,0,1
6.6,1475,0,1
6.8,1475,0,1
7,1475,0,1
7.2,1475,0,1
7.4,1475,0,1
7.6,1475,0,1
7.8,1475,0,1
8,1475,0,1
8.2,1475,0,1
8.4,1475,0,1
8.6,1475,0,1
8.8,1475,0,1
9,1475,0,1
9.2,1475,0,1
9.4,1475,0,1
9.6,1475,0,1
9.8,1475,0,1
10,1475,0,1
10.2,1475,0,1
10.4,1475,0,1
10.6,1475,0,1
10.8,1475,0,1
11,1475,0,1
11.2,1475,0,1
11.4,1475,0,1
11.6,1475,0,1
11.8,1475,0,1
12,1475,0,1
12.2,1475,0,1
12.4,1475,0,1
12.6,1475,0,1
12.8,1475,0,1
13,1475,0,1
13.2,1475,0,1
13.4,1475,0,1
13.6,1475,0,1
13.8,1475,0,1
14,1475,0,1
14.2,1475,0,1
14.4,1475,0,1
14.6,1475,0,1
14.8,1475,0,1
15,1475,0,1
15.2,1475,0,1
15.4,1475,0,1
15.6,1475,0,1
15.8,1475,0,1
16,1475,0,1
16.2,1475,0,1
16.4,1475,0,1
16.6,1475,0,1
16.8,1475,0,1
17,1475,0,1
17.2,1475,0,1
17.4,1475,0,1
17.6,1475,0,1
17.8,1475,0,1
18,1475,0,1
18.2,1475,0,1
18.4,1475,0,1
18.6,1475,0,1
18.8,1475,0,1
19,1475,0,1
19.2,1475,0,1
19.4,1475,0,1
19.6,1475,0,1
19.8,1475,0,1
20,1475,0,1
20.2,1475,0,1
20.4,1475,0,1
20.6,1475,0,1
20.8,1475,0,1
21,1475,0,1
21.2,1475,0,1
21.4,1475,0,1
21.6,1475,0,1
21.8,1475,0,1
22,1475,0,1
22.2,1475,0,1
22.4,1475,0,1
22.6,1475,0,1
22.8,1475,0,1
23,1475,0,1
23.2,1475,0,1
23.4,1475,0,1
23.6,1475,0,1
23.8,1475,0,1
24,1475,0,1
2,1480,0,1
2.2,1480,0,0
2.4,1480,0,0
2.6,1480,0,0
2.8,1480,0,0
3,1480,0,0
3.2,1480,0,0
3.4,1480,0,0
3.6,1480,0,0
3.8,1480,0,0
4,1480,0,0
4.2,1480,0,0
4.4,1480,0,0
4.6,1480,0,0
4.8,1480,0,0
5,1480,0,0
5.2,1480,0,0
5.4,1480,1,0
5.6,1480,1,0
5.8,1480,1,0
6,1480,1,0
6.2,1480,0,1
6.4,1480,0,1
6.6,1480,0,1
6.8,1480,0,1
7,1480,0,1
7.2,1480,0,1
7.4,1480,0,1
7.6,1480,0,1
7.8,1480,0,1
8,1480,0,1
8.2,1480,0,1
8.4,1480,0,1
8.6,1480,0,1
8.8,1480,0,1
9,1480,0,1
9.2,1480,0,1
9.4,1480,0,1
9.6,1480,0,1
9.8,1480,0,1
10,1480,0,1
10.2,1480,0,1
10.4,1480,0,1
10.6,1480,0,1
10.8,1480,0,1
11,1480,0,1
11.2,1480,0,1
11.4,1480,0,1
11.6,1480,0,1
11.8,1480,0,1
12,1480,0,1
12.2,1480,0,1
12.4,1480,0,1
12.6,1480,0,1
12.8,1480,0,1
13,1480,0,1
13.2,1480,0,1
13.4,1480,0,1
13.6,1480,0,1
13.8,1480,0,1
14,1480,0,1
14.2,1480,0,1
14.4,1480,0,1
14.6,1480,0,1
14.8,1480,0,1
15,1480,0,1
15.2,1480,0,1
15.4,1480,0,1
15.6,1480,0,1
15.8,1480,0,1
16,1480,0,1
16.2,1480,0,1
16.4,1480,0,1
16.6,1480,0,1
16.8,1480,0,1
17,1480,0,1
17.2,1480,0,1
17.4,1480,0,1
17.6,1480,0,1
17.8,1480,0,1
18,1480,0,1
18.2,1480,0,1
18.4,1480,0,1
18.6,1480,0,1
18.8,1480,0,1
19,1480,0,1
19.2,1480,0,1
19.4,1480,0,1
19.6,1480,0,1
19.8,1480,0,1
20,1480,0,1
20.2,1480,0,1
20.4,1480,0,1
20.6,1480,0,1
20.8,1480,0,1
21,1480,0,1
21.2,1480,0,1
21.4,1480,0,1
21.6,1480,0,1
21.8,1480,0,1
22,1480,0,1
22.2,1480,0,1
22.4,1480,0,1
22.6,1480,0,1
22.8,1480,0,1
23,1480,0,1
23.2,1480,0,1
23.4,1480,0,1
23.6,1480,0,1
23.8,1480,0,1
24,1480,0,1
2,1485,1,0
2.2,1485,0,0
2.4,1485,0,0
2.6,1485,0,0
2.8,1485,0,0
3,1485,0,0
3.2,1485,0,0
3.4,1485,0,0
3.6,1485,0,0
3.8,1485,0,0
4,1485,0,0
4.2,1485,0,0
4.4,1485,0,0
4.6,1485,0,0
4.8,1485,0,0
5,1485,0,0
5.2,1485,0,0
5.4,1485,1,0
5.6,1485,1,0
5.8,1485,1,0
6,1485,1,0
6.2,1485,0,1
6.4,1485,0,1
6.6,1485,0,1
6.8,1485,0,1
7,1485,0,1
7.2,1485,0,1
7.4,1485,0,1
7.6,1485,0,1
7.8,1485,0,1
8,1485,0,1
8.2,1485,0,1
8.4,1485,0,1
8.6,1485,0,1
8.8,1485,0,1
9,1485,0,1
9.2,1485,0,1
9.4,1485,0,1
9.6,1485,0,1
9.8,1485,0,1
10,1485,0,1
10.2,1485,0,1
10.4,1485,0,1
10.6,1485,0,1
10.8,1485,0,1
11,1485,0,1
11.2,1485,0,1
11.4,1485,0,1
11.6,1485,0,1
11.8,1485,0,1
12,1485,0,1
12.2,1485,0,1
12.4,1485,0,1
12.6,1485,0,1
12.8,1485,0,1
13,1485,0,1
13.2,1485,0,1
13.4,1485,0,1
13.6,1485,0,1
13.8,1485,0,1
14,1485,0,1
14.2,1485,0,1
14.4,1485,0,1
14.6,1485,0,1
14.8,1485,0,1
15,1485,0,1
15.2,1485,0,1
15.4,1485,0,1
15.6,1485,0,1
15.8,1485,0,1
16,1485,0,1
16.2,1485,0,1
16.4,1485,0,1
16.6,1485,0,1
16.8,1485,0,1
17,1485,0,1
17.2,1485,0,1
17.4,1485,0,1
17.6,1485,0,1
17.8,1485,0,1
18,1485,0,1
18.2,1485,0,1
18.4,1485,0,1
18.6,1485,0,1
18.8,1485,0,1
19,1485,0,1
19.2,1485,0,1
19.4,1485,0,1
19.6,1485,0,1
19.8,1485,0,1
20,1485,0,1
20.2,1485,0,1
20.4,1485,0,1
20.6,1485,0,1
20.8,1485,0,1
21,1485,0,1
21.2,1485,0,1
21.4,1485,0,1
21.6,1485,0,1
21.8,1485,0,1
22,1485,0,1
22.2,1485,0,1
22.4,1485,0,1
22.6,1485,0,1
22.8,1485,0,1
23,1485,0,1
23.2,1485,0,1
23.4,1485,0,1
23.6,1485,0,1
23.8,1485,0,1
24,1485,0,1
2,1490,1,0
2.2,1490,0,0
2.4,1490,0,0
2.6,1490,0,0
2.8,1490,0,0
3,1490,0,0
3.2,1490,0,0
3.4,1490,0,0
3.6,1490,0,0
3.8,1490,0,0
4,1490,0,0
4.2,1490,0,0
4.4,1490,0,0
4.6,1490,0,0
4.8,1490,0,0
5,1490,0,0
5.2,1490,0,0
5.4,1490,0,0
5.6,1490,1,0
5.8,1490,1,0
6,1490,1,0
6.2,1490,1,0
6.4,1490,0,1
6.6,1490,0,1
6.8,1490,0,1
7,1490,0,1
7.2,1490,0,1
7.4,1490,0,1
7.6,1490,0,1
7.8,1490,0,1
8,1490,0,1
8.2,1490,0,1
8.4,1490,0,1
8.6,1490,0,1
8.8,1490,0,1
9,1490,0,1
9.2,1490,0,1
9.4,1490,0,1
9.6,1490,0,1
9.8,1490,0,1
10,1490,0,1
10.2,1490,0,1
10.4,1490,0,1
10.6,1490,0,1
10.8,1490,0,1
11,1490,0,1
11.2,1490,0,1
11.4,1490,0,1
11.6,1490,0,1
11.8,1490,0,1
12,1490,0,1
12.2,1490,0,1
12.4,1490,0,1
12.6,1490,0,1
12.8,1490,0,1
13,1490,0,1
13.2,1490,0,1
13.4,1490,0,1
13.6,1490,0,1
13.8,1490,0,1
14,1490,0,1
14.2,1490,0,1
14.4,1490,0,1
14.6,1490,0,1
14.8,1490,0,1
15,1490,0,1
15.2,1490,0,1
15.4,1490,0,1
15.6,1490,0,1
15.8,1490,0,1
16,1490,0,1
16.2,1490,0,1
16.4,1490,0,1
16.6,1490,0,1
16.8,1490,0,1
17,1490,0,1
17.2,1490,0,1
17.4,1490,0,1
17.6,1490,0,1
17.8,1490,0,1
18,1490,0,1
18.2,1490,0,1
18.4,1490,0,1
18.6,1490,0,1
18.8,1490,0,1
19,1490,0,1
19.2,1490,0,1
19.4,1490,0,1
19.6,1490,0,1
19.8,1490,0,1
20,1490,0,1
20.2,1490,0,1
20.4,1490,0,1
20.6,1490,0,1
20.8,1490,0,1
21,1490,0,1
21.2,1490,0,1
21.4,1490,0,1
21.6,1490,0,1
21.8,1490,0,1
22,1490,0,1
22.2,1490,0,1
22.4,1490,0,1
22.6,1490,0,1
22.8,1490,0,1
23,1490,0,1
23.2,1490,0,1
23.4,1490,0,1
23.6,1490,0,1
23.8,1490,0,1
24,1490,0,1
2,1495,1,0
2.2,1495,0,0
2.4,1495,0,0
2.6,1495,0,0
2.8,1495,0,0
3,1495,0,0
3.2,1495,0,0
3.4,1495,0,0
3.6,1495,0,0
3.8,1495,0,0
4,1495,0,0
4.2,1495,0,0
4.4,1495,0,0
4.6,1495,0,0
4.8,1495,0,0
5,1495,0,0
5.2,1495,0,0
5.4,1495,0,0
5.6,1495,1,0
5.8,1495,1,0
6,1495,1,0
6.2,1495,1,0
6.4,1495,0,1
6.6,1495,0,1
6.8,1495,0,1
7,1495,0,1
7.2,1495,0,1
7.4,1495,0,1
7.6,1495,0,1
7.8,1495,0,1
8,1495,0,1
8.2,1495,0,1
8.4,1495,0,1
8.6,1495,0,1
8.8,1495,0,1
9,1495,0,1
9.2,1495,0,1
9.4,1495,0,1
9.6,1495,0,1
9.8,1495,0,1
10,1495,0,1
10.2,1495,0,1
10.4,1495,0,1
10.6,1495,0,1
10.8,1495,0,1
11,1495,0,1
11.2,1495,0,1
11.4,1495,0,1
11.6,1495,0,1
11.8,1495,0,1
12,1495,0,1
12.2,1495,0,1
12.4,1495,0,1
12.6,1495,0,1
12.8,1495,0,1
13,1495,0,1
13.2,1495,0,1
13.4,1495,0,1
13.6,1495,0,1
13.8,1495,0,1
14,1495,0,1
14.2,1495,0,1
14.4,1495,0,1
14.6,1495,0,1
14.8,1495,0,1
15,1495,0,1
15.2,1495,0,1
15.4,1495,0,1
15.6,1495,0,1
15.8,1495,0,1
16,1495,0,1
16.2,1495,0,1
16.4,1495,0,1
16.6,1495,0,1
16.8,1495,0,1
17,1495,0,1
17.2,1495,0,1
17.4,1495,0,1
17.6,1495,0,1
17.8,1495,0,1
18,1495,0,1
18.2,1495,0,1
18.4,1495,0,1
18.6,1495,0,1
18.8,1495,0,1
19,1495,0,1
19.2,1495,0,1
19.4,1495,0,1
19.6,1495,0,1
19.8,1495,0,1
20,1495,0,1
20.2,1495,0,1
20.4,1495,0,1
20.6,1495,0,1
20.8,1495,0,1
21,1495,0,1
21.2,1495,0,1
21.4,1495,0,1
21.6,1495,0,1
21.8,1495,0,1
22,1495,0,1
22.2,1495,0,1
22.4,1495,0,1
22.6,1495,0,1
22.8,1495,0,1
23,1495,0,1
23.2,1495,0,1
23.4,1495,0,1
23.6,1495,0,1
23.8,1495,0,1
24,1495,0,1
2,1500,1,0
2.2,1500,0,0
2.4,1500,0,0
2.6,1500,0,0
2.8,1500,0,0
3,1500,0,0
3.2,1500,0,0
3.4,1500,0,0
3.6,1500,0,0
3.8,1500,0,0
4,1500,0,0
4.2,1500,0,0
4.4,1500,0,0
4.6,1500,0,0
4.8,1500,0,0
5,1500,0,0
5.2,1500,0,0
5.4,1500,0,0
5.6,1500,0,0
5.8,1500,1,0
6,1500,1,0
6.2,1500,1,0
6.4,1500,0,1
6.6,1500,0,1
6.8,1500,0,1
7,1500,0,1
7.2,1500,0,1
7.4,1500,0,1
7.6,1500,0,1
7.8,1500,0,1
8,1500,0,1
8.2,1500,0,1
8.4,1500,0,1
8.6,1500,0,1
8.8,1500,0,1
9,1500,0,1
9.2,1500,0,1
9.4,1500,0,1
9.6,1500,0,1
9.8,1500,0,1
10,1500,0,1
10.2,1500,0,1
10.4,1500,0,1
10.6,1500,0,1
10.8,1500,0,1
11,1500,0,1
11.2,1500,0,1
11.4,1500,0,1
11.6,1500,0,1
11.8,1500,0,1
12,1500,0,1
12.2,1500,0,1
12.4,1500,0,1
12.6,1500,0,1
12.8,1500,0,1
13,1500,0,1
13.2,1500,0,1
13.4,1500,0,1
13.6,1500,0,1
13.8,1500,0,1
14,1500,0,1
14.2,1500,0,1
14.4,1500,0,1
14.6,1500,0,1
14.8,1500,0,1
15,1500,0,1
15.2,1500,0,1
15.4,1500,0,1
15.6,1500,0,1
15.8,1500,0,1
16,1500,0,1
16.2,1500,0,1
16.4,1500,0,1
16.6,1500,0,1
16.8,1500,0,1
17,1500,0,1
17.2,1500,0,1
17.4,1500,0,1
17.6,1500,0,1
17.8,1500,0,1
18,1500,0,1
18.2,1500,0,1
18.4,1500,0,1
18.6,1500,0,1
18.8,1500,0,1
19,1500,0,1
19.2,1500,0,1
19.4,1500,0,1
19.6,1500,0,1
19.8,1500,0,1
20,1500,0,1
20.2,1500,0,1
20.4,1500,0,1
20.6,1500,0,1
20.8,1500,0,1
21,1500,0,1
21.2,1500,0,1
21.4,1500,0,1
21.6,1500,0,1
21.8,1500,0,1
22,1500,0,1
22.2,1500,0,1
22.4,1500,0,1
22.6,1500,0,1
22.8,1500,0,1
23,1500,0,1
23.2,1500,0,1
23.4,1500,0,1
23.6,1500,0,1
23.8,1500,0,1
24,1500,0,1
2,1505,1,0
2.2,1505,0,0
2.4,1505,0,0
2.6,1505,0,0
2.8,1505,0,0
3,1505,0,0
3.2,1505,0,0
3.4,1505,0,0
3.6,1505,0,0
3.8,1505,0,0
4,1505,0,0
4.2,1505,0,0
4.4,1505,0,0
4.6,1505,0,0
4.8,1505,0,0
5,1505,0,0
5.2,1505,0,0
5.4,1505,0,0
5.6,1505,0,0
5.8,1505,1,0
6,1505,1,0
6.2,1505,1,0
6.4,1505,1,0
6.6,1505,0,1
6.8,1505,0,1
7,1505,0,1
7.2,1505,0,1
7.4,1505,0,1
7.6,1505,0,1
7.8,1505,0,1
8,1505,0,1
8.2,1505,0,1
8.4,1505,0,1
8.6,1505,0,1
8.8,1505,0,1
9,1505,0,1
9.2,1505,0,1
9.4,1505,0,1
9.6,1505,0,1
9.8,1505,0,1
10,1505,0,1
10.2,1505,0,1
10.4,1505,0,1
10.6,1505,0,1
10.8,1505,0,1
11,1505,0,1
11.2,1505,0,1
11.4,1505,0,1
11.6,1505,0,1
11.8,1505,0,1
12,1505,0,1
12.2,1505,0,1
12.4,1505,0,1
12.6,1505,0,1
12.8,1505,0,1
13,1505,0,1
13.2,1505,0,1
13.4,1505,0,1
13.6,1505,0,1
13.8,1505,0,1
14,1505,0,1
14.2,1505,0,1
14.4,1505,0,1
14.6,1505,0,1
14.8,1505,0,1
15,1505,0,1
15.2,1505,0,1
15.4,1505,0,1
15.6,1505,0,1
15.8,1505,0,1
16,1505,0,1
16.2,1505,0,1
16.4,1505,0,1
16.6,1505,0,1
16.8,1505,0,1
17,1505,0,1
17.2,1505,0,1
17.4,1505,0,1
17.6,1505,0,1
17.8,1505,0,1
18,1505,0,1
18.2,1505,0,1
18.4,1505,0,1
18.6,1505,0,1
18.8,1505,0,1
19,1505,0,1
19.2,1505,0,1
19.4,1505,0,1
19.6,1505,0,1
19.8,1505,0,1
20,1505,0,1
20.2,1505,0,1
20.4,1505,0,1
20.6,1505,0,1
20.8,1505,0,1
21,1505,0,1
21.2,1505,0,1
21.4,1505,0,1
21.6,1505,0,1
21.8,1505,0,1
22,1505,0,1
22.2,1505,0,1
22.4,1505,0,1
22.6,1505,0,1
22.8,1505,0,1
23,1505,0,1
23.2,1505,0,1
23.4,1505,0,1
23.6,1505,0,1
23.8,1505,0,1
24,1505,0,1
2,1510,1,0
2.2,1510,0,0
2.4,1510,0,0
2.6,1510,0,0
2.8,1510,0,0
3,1510,0,0
3.2,1510,0,0
3.4,1510,0,0
3.6,1510,0,0
3.8,1510,0,0
4,1510,0,0
4.2,1510,0,0
4.4,1510,0,0
4.6,1510,0,0
4.8,1510,0,0
5,1510,0,0
5.2,1510,0,0
5.4,1510,0,0
5.6,1510,0,0
5.8,1510,0,0
6,1510,1,0
6.2,1510,1,0
6.4,1510,1,0
6.6,1510,0,1
6.8,1510,0,1
7,1510,0,1
7.2,1510,0,1
7.4,1510,0,1
7.6,1510,0,1
7.8,1510,0,1
8,1510,0,1
8.2,1510,0,1
8.4,1510,0,1
8.6,1510,0,1
8.8,1510,0,1
9,1510,0,1
9.2,1510,0,1
9.4,1510,0,1
9.6,1510,0,1
9.8,1510,0,1
10,1510,0,1
10.2,1510,0,1
10.4,1510,0,1
10.6,1510,0,1
10.8,1510,0,1
11,1510,0,1
11.2,1510,0,1
11.4,1510,0,1
11.6,1510,0,1
11.8,1510,0,1
12,1510,0,1
12.2,1510,0,1
12.4,1510,0,1
12.6,1510,0,1
12.8,1510,0,1
13,1510,0,1
13.2,1510,0,1
13.4,1510,0,1
13.6,1510,0,1
13.8,1510,0,1
14,1510,0,1
14.2,1510,0,1
14.4,1510,0,1
14.6,1510,0,1
14.8,1510,0,1
15,1510,0,1
15.2,1510,0,1
15.4,1510,0,1
15.6,1510,0,1
15.8,1510,0,1
16,1510,0,1
16.2,1510,0,1
16.4,1510,0,1
16.6,1510,0,1
16.8,1510,0,1
17,1510,0,1
17.2,1510,0,1
17.4,1510,0,1
17.6,1510,0,1
17.8,1510,0,1
18,1510,0,1
18.2,1510,0,1
18.4,1510,0,1
18.6,1510,0,1
18.8,1510,0,1
19,1510,0,1
19.2,1510,0,1
19.4,1510,0,1
19.6,1510,0,1
19.8,1510,0,1
20,1510,0,1
20.2,1510,0,1
20.4,1510,0,1
20.6,1510,0,1
20.8,1510,0,1
21,1510,0,1
21.2,1510,0,1
21.4,1510,0,1
21.6,1510,0,1
21.8,1510,0,1
22,1510,0,1
22.2,1510,0,1
22.4,1510,0,1
22.6,1510,0,1
22.8,1510,0,1
23,1510,0,1
23.2,1510,0,1
23.4,1510,0,1
23.6,1510,0,1
23.8,1510,0,1
24,1510,0,1
2,1515,1,0
2.2,1515,0,0
2.4,1515,0,0
2.6,1515,0,0
2.8,1515,0,0
3,1515,0,0
3.2,1515,0,0
3.4,1515,0,0
3.6,1515,0,0
3.8,1515,0,0
4,1515,0,0
4.2,1515,0,0
4.4,1515,0,0
4.6,1515,0,0
4.8,1515,0,0
5,1515,0,0
5.2,1515,0,0
5.4,1515,0,0
5.6,1515,0,0
5.8,1515,0,0
6,1515,1,0
6.2,1515,1,0
6.4,1515,1,0
6.6,1515,0,1
6.8,1515,0,1
7,1515,0,1
7.2,1515,0,1
7.4,1515,0,1
7.6,1515,0,1
7.8,1515,0,1
8,1515,0,1
8.2,1515,0,1
8.4,1515,0,1
8.6,1515,0,1
8.8,1515,0,1
9,1515,0,1
9.2,1515,0,1
9.4,1515,0,1
9.6,1515,0,1
9.8,1515,0,1
10,1515,0,1
10.2,1515,0,1
10.4,1515,0,1
10.6,1515,0,1
10.8,1515,0,1
11,1515,0,1
11.2,1515,0,1
11.4,1515,0,1
11.6,1515,0,1
11.8,1515,0,1
12,1515,0,1
12.2,1515,0,1
12.4,1515,0,1
12.6,1515,0,1
12.8,1515,0,1
13,1515,0,1
13.2,1515,0,1
13.4,1515,0,1
13.6,1515,0,1
13.8,1515,0,1
14,1515,0,1
14.2,1515,0,1
14.4,1515,0,1
14.6,1515,0,1
14.8,1515,0,1
15,1515,0,1
15.2,1515,0,1
15.4,1515,0,1
15.6,1515,0,1
15.8,1515,0,1
16,1515,0,1
16.2,1515,0,1
16.4,1515,0,1
16.6,1515,0,1
16.8,1515,0,1
17,1515,0,1
17.2,1515,0,1
17.4,1515,0,1
17.6,1515,0,1
17.8,1515,0,1
18,1515,0,1
18.2,1515,0,1
18.4,1515,0,1
18.6,1515,0,1
18.8,1515,0,1
19,1515,0,1
19.2,1515,0,1
19.4,1515,0,1
19.6,1515,0,1
19.8,1515,0,1
20,1515,0,1
20.2,1515,0,1
20.4,1515,0,1
20.6,1515,0,1
20.8,1515,0,1
21,1515,0,1
21.2,1515,0,1
21.4,1515,0,1
21.6,1515,0,1
21.8,1515,0,1
22,1515,0,1
22.2,1515,0,1
22.4,1515,0,1
22.6,1515,0,1
22.8,1515,0,1
23,1515,0,1
23.2,1515,0,1
23.4,1515,0,1
23.6,1515,0,1
23.8,1515,0,1
24,1515,0,1
2,1520,1,0
2.2,1520,0,0
2.4,1520,0,0
2.6,1520,0,0
2.8,1520,0,0
3,1520,0,0
3.2,1520,0,0
3.4,1520,0,0
3.6,1520,0,0
3.8,1520,0,0
4,1520,0,0
4.2,1520,0,0
4.4,1520,0,0
4.6,1520,0,0
4.8,1520,0,0
5,1520,0,0
5.2,1520,0,0
5.4,1520,0,0
5.6,1520,0,0
5.8,1520,0,0
6,1520,0,0
6.2,1520,1,0
6.4,1520,1,0
6.6,1520,1,0
6.8,1520,0,1
7,1520,0,1
7.2,1520,0,1
7.4,1520,0,1
7.6,1520,0,1
7.8,1520,0,1
8,1520,0,1
8.2,1520,0,1
8.4,1520,0,1
8.6,1520,0,1
8.8,1520,0,1
9,1520,0,1
9.2,1520,0,1
9.4,1520,0,1
9.6,1520,0,1
9.8,1520,0,1
10,1520,0,1
10.2,1520,0,1
10.4,1520,0,1
10.6,1520,0,1
10.8,1520,0,1
11,1520,0,1
11.2,1520,0,1
11.4,1520,0,1
11.6,1520,0,1
11.8,1520,0,1
12,1520,0,1
12.2,1520,0,1
12.4,1520,0,1
12.6,1520,0,1
12.8,1520,0,1
13,1520,0,1
13.2,1520,0,1
13.4,1520,0,1
13.6,1520,0,1
13.8,1520,0,1
14,1520,0,1
14.2,1520,0,1
14.4,1520,0,1
14.6,1520,0,1
14.8,1520,0,1
15,1520,0,1
15.2,1520,0,1
15.4,1520,0,1
15.6,1520,0,1
15.8,1520,0,1
16,1520,0,1
16.2,1520,0,1
16.4,1520,0,1
16.6,1520,0,1
16.8,1520,0,1
17,1520,0,1
17.2,1520,0,1
17.4,1520,0,1
17.6,1520,0,1
17.8,1520,0,1
18,1520,0,1
18.2,1520,0,1
18.4,1520,0,1
18.6,1520,0,1
18.8,1520,0,1
19,1520,0,1
19.2,1520,0,1
19.4,1520,0,1
19.6,1520,0,1
19.8,1520,0,1
20,1520,0,1
20.2,1520,0,1
20.4,1520,0,1
20.6,1520,0,1
20.8,1520,0,1
21,1520,0,1
21.2,1520,0,1
21.4,1520,0,1
21.6,1520,0,1
21.8,1520,0,1
22,1520,0,1
22.2,1520,0,1
22.4,1520,0,1
22.6,1520,0,1
22.8,1520,0,1
23,1520,0,1
23.2,1520,0,1
23.4,1520,0,1
23.6,1520,0,1
23.8,1520,0,1
24,1520,0,1
2,1525,1,0
2.2,1525,0,0
2.4,1525,0,0
2.6,1525,0,0
2.8,1525,0,0
3,1525,0,0
3.2,1525,0,0
3.4,1525,0,0
3.6,1525,0,0
3.8,1525,0,0
4,1525,0,0
4.2,1525,0,0
4.4,1525,0,0
4.6,1525,0,0
4.8,1525,0,0
5,1525,0,0
5.2,1525,0,0
5.4,1525,0,0
5.6,1525,0,0
5.8,1525,0,0
6,1525,0,0
6.2,1525,1,0
6.4,1525,1,0
6.6,1525,1,0
6.8,1525,0,1
7,1525,0,1
7.2,1525,0,1
7.4,1525,0,1
7.6,1525,0,1
7.8,1525,0,1
8,1525,0,1
8.2,1525,0,1
8.4,1525,0,1
8.6,1525,0,1
8.8,1525,0,1
9,1525,0,1
9.2,1525,0,1
9.4,1525,0,1
9.6,1525,0,1
9.8,1525,0,1
10,1525,0,1
10.2,1525,0,1
10.4,1525,0,1
10.6,1525,0,1
10.8,1525,0,1
11,1525,0,1
11.2,1525,0,1
11.4,1525,0,1
11.6,1525,0,1
11.8,1525,0,1
12,1525,0,1
12.2,1525,0,1
12.4,1525,0,1
12.6,1525,0,1
12.8,1525,0,1
13,1525,0,1
13.2,1525,0,1
13.4,1525,0,1
13.6,1525,0,1
13.8,1525,0,1
14,1525,0,1
14.2,1525,0,1
14.4,1525,0,1
14.6,1525,0,1
14.8,1525,0,1
15,1525,0,1
15.2,1525,0,1
15.4,1525,0,1
15.6,1525,0,1
15.8,1525,0,1
16,1525,0,1
16.2,1525,0,1
16.4,1525,0,1
16.6,1525,0,1
16.8,1525,0,1
17,1525,0,1
17.2,1525,0,1
17.4,1525,0,1
17.6,1525,0,1
17.8,1525,0,1
18,1525,0,1
18.2,1525,0,1
18.4,1525,0,1
18.6,1525,0,1
18.8,1525,0,1
19,1525,0,1
19.2,1525,0,1
19.4,1525,0,1
19.6,1525,0,1
19.8,1525,0,1
20,1525,0,1
20.2,1525,0,1
20.4,1525,0,1
20.6,1525,0,1
20.8,1525,0,1
21,1525,0,1
21.2,1525,0,1
21.4,1525,0,1
21.6,1525,0,1
21.8,1525,0,1
22,1525,0,1
22.2,1525,0,1
22.4,1525,0,1
22.6,1525,0,1
22.8,1525,0,1
23,1525,0,1
23.2,1525,0,1
23.4,1525,0,1
23.6,1525,0,1
23.8,1525,0,1
24,1525,0,1
2,1530,1,0
2.2,1530,0,0
2.4,1530,0,0
2.6,1530,0,0
2.8,1530,0,0
3,1530,0,0
3.2,1530,0,0
3.4,1530,0,0
3.6,1530,0,0
3.8,1530,0,0
4,1530,0,0
4.2,1530,0,0
4.4,1530,0,0
4.6,1530,0,0
4.8,1530,0,0
5,1530,0,0
5.2,1530,0,0
5.4,1530,0,0
5.6,1530,0,0
5.8,1530,0,0
6,1530,0,0
6.2,1530,0,0
6.4,1530,1,0
6.6,1530,1,0
6.8,1530,1,0
7,1530,0,1
7.2,1530,0,1
7.4,1530,0,1
7.6,1530,0,1
7.8,1530,0,1
8,1530,0,1
8.2,1530,0,1
8.4,1530,0,1
8.6,1530,0,1
8.8,1530,0,1
9,1530,0,1
9.2,1530,0,1
9.4,1530,0,1
9.6,1530,0,1
9.8,1530,0,1
10,1530,0,1
10.2,1530,0,1
10.4,1530,0,1
10.6,1530,0,1
10.8,1530,0,1
11,1530,0,1
11.2,1530,0,1
11.4,1530,0,1
11.6,1530,0,1
11.8,1530,0,1
12,1530,0,1
12.2,1530,0,1
12.4,1530,0,1
12.6,1530,0,1
12.8,1530,0,1
13,1530,0,1
13.2,1530,0,1
13.4,1530,0,1
13.6,1530,0,1
13.8,1530,0,1
14,1530,0,1
14.2,1530,0,1
14.4,1530,0,1
14.6,1530,0,1
14.8,1530,0,1
15,1530,0,1
15.2,1530,0,1
15.4,1530,0,1
15.6,1530,0,1
15.8,1530,0,1
16,1530,0,1
16.2,1530,0,1
16.4,1530,0,1
16.6,1530,0,1
16.8,1530,0,1
17,1530,0,1
17.2,1530,0,1
17.4,1530,0,1
17.6,1530,0,1
17.8,1530,0,1
18,1530,0,1
18.2,1530,0,1
18.4,1530,0,1
18.6,1530,0,1
18.8,1530,0,1
19,1530,0,1
19.2,1530,0,1
19.4,1530,0,1
19.6,1530,0,1
19.8,1530,0,1
20,1530,0,1
20.2,1530,0,1
20.4,1530,0,1
20.6,1530,0,1
20.8,1530,0,1
21,1530,0,1
21.2,1530,0,1
21.4,1530,0,1
21.6,1530,0,1
21.8,1530,0,1
22,1530,0,1
22.2,1530,0,1
22.4,1530,0,1
22.6,1530,0,1
22.8,1530,0,1
23,1530,0,1
23.2,1530,0,1
23.4,1530,0,1
23.6,1530,0,1
23.8,1530,0,1
24,1530,0,1
2,1535,1,0
2.2,1535,0,0
2.4,1535,0,0
2.6,1535,0,0
2.8,1535,0,0
3,1535,0,0
3.2,1535,0,0
3.4,1535,0,0
3.6,1535,0,0
3.8,1535,0,0
4,1535,0,0
4.2,1535,0,0
4.4,1535,0,0
4.6,1535,0,0
4.8,1535,0,0
5,1535,0,0
5.2,1535,0,0
5.4,1535,0,0
5.6,1535,0,0
5.8,1535,0,0
6,1535,0,0
6.2,1535,0,0
6.4,1535,1,0
6.6,1535,1,0
6.8,1535,1,0
7,1535,0,1
7.2,1535,0,1
7.4,1535,0,1
7.6,1535,0,1
7.8,1535,0,1
8,1535,0,1
8.2,1535,0,1
8.4,1535,0,1
8.6,1535,0,1
8.8,1535,0,1
9,1535,0,1
9.2,1535,0,1
9.4,1535,0,1
9.6,1535,0,1
9.8,1535,0,1
10,1535,0,1
10.2,1535,0,1
10.4,1535,0,1
10.6,1535,0,1
10.8,1535,0,1
11,1535,0,1
11.2,1535,0,1
11.4,1535,0,1
11.6,1535,0,1
11.8,1535,0,1
12,1535,0,1
12.2,1535,0,1
12.4,1535,0,1
12.6,1535,0,1
12.8,1535,0,1
13,1535,0,1
13.2,1535,0,1
13.4,1535,0,1
13.6,1535,0,1
13.8,1535,0,1
14,1535,0,1
14.2,1535,0,1
14.4,1535,0,1
14.6,1535,0,1
14.8,1535,0,1
15,1535,0,1
15.2,1535,0,1
15.4,1535,0,1
15.6,1535,0,1
15.8,1535,0,1
16,1535,0,1
16.2,1535,0,1
16.4,1535,0,1
16.6,1535,0,1
16.8,1535,0,1
17,1535,0,1
17.2,1535,0,1
17.4,1535,0,1
17.6,1535,0,1
17.8,1535,0,1
18,1535,0,1
18.2,1535,0,1
18.4,1535,0,1
18.6,1535,0,1
18.8,1535,0,1
19,1535,0,1
19.2,1535,0,1
19.4,1535,0,1
19.6,1535,0,1
19.8,1535,0,1
20,1535,0,1
20.2,1535,0,1
20.4,1535,0,1
20.6,1535,0,1
20.8,1535,0,1
21,1535,0,1
21.2,1535,0,1
21.4,1535,0,1
21.6,1535,0,1
21.8,1535,0,1
22,1535,0,1
22.2,1535,0,1
22.4,1535,0,1
22.6,1535,0,1
22.8,1535,0,1
23,1535,0,1
23.2,1535,0,1
23.4,1535,0,1
23.6,1535,0,1
23.8,1535,0,1
24,1535,0,1
2,1540,1,0
2.2,1540,0,0
2.4,1540,0,0
2.6,1540,0,0
2.8,1540,0,0
3,1540,0,0
3.2,1540,0,0
3.4,1540,0,0
3.6,1540,0,0
3.8,1540,0,0
4,1540,0,0
4.2,1540,0,0
4.4,1540,0,0
4.6,1540,0,0
4.8,1540,0,0
5,1540,0,0
5.2,1540,0,0
5.4,1540,0,0
5.6,1540,0,0
5.8,1540,0,0
6,1540,0,0
6.2,1540,0,0
6.4,1540,0,0
6.6,1540,1,0
6.8,1540,1,0
7,1540,0,1
7.2,1540,0,1
7.4,1540,0,1
7.6,1540,0,1
7.8,1540,0,1
8,1540,0,1
8.2,1540,0,1
8.4,1540,0,1
8.6,1540,0,1
8.8,1540,0,1
9,1540,0,1
9.2,1540,0,1
9.4,1540,0,1
9.6,1540,0,1
9.8,1540,0,1
10,1540,0,1
10.2,1540,0,1
10.4,1540,0,1
10.6,1540,0,1
10.8,1540,0,1
11,1540,0,1
11.2,1540,0,1
11.4,1540,0,1
11.6,1540,0,1
11.8,1540,0,1
12,1540,0,1
12.2,1540,0,1
12.4,1540,0,1
12.6,1540,0,1
12.8,1540,0,1
13,1540,0,1
13.2,1540,0,1
13.4,1540,0,1
13.6,1540,0,1
13.8,1540,0,1
14,1540,0,1
14.2,1540,0,1
14.4,1540,0,1
14.6,1540,0,1
14.8,1540,0,1
15,1540,0,1
15.2,1540,0,1
15.4,1540,0,1
15.6,1540,0,1
15.8,1540,0,1
16,1540,0,1
16.2,1540,0,1
16.4,1540,0,1
16.6,1540,0,1
16.8,1540,0,1
17,1540,0,1
17.2,1540,0,1
17.4,1540,0,1
17.6,1540,0,1
17.8,1540,0,1
18,1540,0,1
18.2,1540,0,1
18.4,1540,0,1
18.6,1540,0,1
18.8,1540,0,1
19,1540,0,1
19.2,1540,0,1
19.4,1540,0,1
19.6,1540,0,1
19.8,1540,0,1
20,1540,0,1
20.2,1540,0,1
20.4,1540,0,1
20.6,1540,0,1
20.8,1540,0,1
21,1540,0,1
21.2,1540,0,1
21.4,1540,0,1
21.6,1540,0,1
21.8,1540,0,1
22,1540,0,1
22.2,1540,0,1
22.4,1540,0,1
22.6,1540,0,1
22.8,1540,0,1
23,1540,0,1
23.2,1540,0,1
23.4,1540,0,1
23.6,1540,0,1
23.8,1540,0,1
24,1540,0,1
2,1545,1,0
2.2,1545,0,0
2.4,1545,0,0
2.6,1545,0,0
2.8,1545,0,0
3,1545,0,0
3.2,1545,0,0
3.4,1545,0,0
3.6,1545,0,0
3.8,1545,0,0
4,1545,0,0
4.2,1545,0,0
4.4,1545,0,0
4.6,1545,0,0
4.8,1545,0,0
5,1545,0,0
5.2,1545,0,0
5.4,1545,0,0
5.6,1545,0,0
5.8,1545,0,0
6,1545,0,0
6.2,1545,0,0
6.4,1545,0,0
6.6,1545,1,0
6.8,1545,1,0
7,1545,1,0
7.2,1545,0,1
7.4,1545,0,1
7.6,1545,0,1
7.8,1545,0,1
8,1545,0,1
8.2,1545,0,1
8.4,1545,0,1
8.6,1545,0,1
8.8,1545,0,1
9,1545,0,1
9.2,1545,0,1
9.4,1545,0,1
9.6,1545,0,1
9.8,1545,0,1
10,1545,0,1
10.2,1545,0,1
10.4,1545,0,1
10.6,1545,0,1
10.8,1545,0,1
11,1545,0,1
11.2,1545,0,1
11.4,1545,0,1
11.6,1545,0,1
11.8,1545,0,1
12,1545,0,1
12.2,1545,0,1
12.4,1545,0,1
12.6,1545,0,1
12.8,1545,0,1
13,1545,0,1
13.2,1545,0,1
13.4,1545,0,1
13.6,1545,0,1
13.8,1545,0,1
14,1545,0,1
14.2,1545,0,1
14.4,1545,0,1
14.6,1545,0,1
14.8,1545,0,1
15,1545,0,1
15.2,1545,0,1
15.4,1545,0,1
15.6,1545,0,1
15.8,1545,0,1
16,1545,0,1
16.2,1545,0,1
16.4,1545,0,1
16.6,1545,0,1
16.8,1545,0,1
17,1545,0,1
17.2,1545,0,1
17.4,1545,0,1
17.6,1545,0,1
17.8,1545,0,1
18,1545,0,1
18.2,1545,0,1
18.4,1545,0,1
18.6,1545,0,1
18.8,1545,0,1
19,1545,0,1
19.2,1545,0,1
19.4,1545,0,1
19.6,1545,0,1
19.8,1545,0,1
20,1545,0,1
20.2,1545,0,1
20.4,1545,0,1
20.6,1545,0,1
20.8,1545,0,1
21,1545,0,1
21.2,1545,0,1
21.4,1545,0,1
21.6,1545,0,1
21.8,1545,0,1
22,1545,0,1
22.2,1545,0,1
22.4,1545,0,1
22.6,1545,0,1
22.8,1545,0,1
23,1545,0,1
23.2,1545,0,1
23.4,1545,0,1
23.6,1545,0,1
23.8,1545,0,1
24,1545,0,1
2,1550,0,0
2.2,1550,0,0
2.4,1550,0,0
2.6,1550,0,0
2.8,1550,0,0
3,1550,0,0
3.2,1550,0,0
3.4,1550,0,0
3.6,1550,0,0
3.8,1550,0,0
4,1550,0,0
4.2,1550,0,0
4.4,1550,0,0
4.6,1550,0,0
4.8,1550,0,0
5,1550,0,0
5.2,1550,0,0
5.4,1550,0,0
5.6,1550,0,0
5.8,1550,0,0
6,1550,0,0
6.2,1550,0,0
6.4,1550,0,0
6.6,1550,0,0
6.8,1550,1,0
7,1550,1,0
7.2,1550,0,1
7.4,1550,0,1
7.6,1550,0,1
7.8,1550,0,1
8,1550,0,1
8.2,1550,0,1
8.4,1550,0,1
8.6,1550,0,1
8.8,1550,0,1
9,1550,0,1
9.2,1550,0,1
9.4,1550,0,1
9.6,1550,0,1
9.8,1550,0,1
10,1550,0,1
10.2,1550,0,1
10.4,1550,0,1
10.6,1550,0,1
10.8,1550,0,1
11,1550,0,1
11.2,1550,0,1
11.4,1550,0,1
11.6,1550,0,1
11.8,1550,0,1
12,1550,0,1
12.2,1550,0,1
12.4,1550,0,1
12.6,1550,0,1
12.8,1550,0,1
13,1550,0,1
13.2,1550,0,1
13.4,1550,0,1
13.6,1550,0,1
13.8,1550,0,1
14,1550,0,1
14.2,1550,0,1
14.4,1550,0,1
14.6,1550,0,1
14.8,1550,0,1
15,1550,0,1
15.2,1550,0,1
15.4,1550,0,1
15.6,1550,0,1
15.8,1550,0,1
16,1550,0,1
16.2,1550,0,1
16.4,1550,0,1
16.6,1550,0,1
16.8,1550,0,1
17,1550,0,1
17.2,1550,0,1
17.4,1550,0,1
17.6,1550,0,1
17.8,1550,0,1
18,1550,0,1
18.2,1550,0,1
18.4,1550,0,1
18.6,1550,0,1
18.8,1550,0,1
19,1550,0,1
19.2,1550,0,1
19.4,1550,0,1
19.6,1550,0,1
19.8,1550,0,1
20,1550,0,1
20.2,1550,0,1
20.4,1550,0,1
20.6,1550,0,1
20.8,1550,0,1
21,1550,0,1
21.2,1550,0,1
21.4,1550,0,1
21.6,1550,0,1
21.8,1550,0,1
22,1550,0,1
22.2,1550,0,1
22.4,1550,0,1
22.6,1550,0,1
22.8,1550,0,1
23,1550,0,1
23.2,1550,0,1
23.4,1550,0,1
23.6,1550,0,1
23.8,1550,0,1
24,1550,0,1
2,1555,0,0
2.2,1555,0,0
2.4,1555,0,0
2.6,1555,0,0
2.8,1555,0,0
3,1555,0,0
3.2,1555,0,0
3.4,1555,0,0
3.6,1555,0,0
3.8,1555,0,0
4,1555,0,0
4.2,1555,0,0
4.4,1555,0,0
4.6,1555,0,0
4.8,1555,0,0
5,1555,0,0
5.2,1555,0,0
5.4,1555,0,0
5.6,1555,0,0
5.8,1555,0,0
6,1555,0,0
6.2,1555,0,0
6.4,1555,0,0
6.6,1555,0,0
6.8,1555,1,0
7,1555,1,0
7.2,1555,0,1
7.4,1555,0,1
7.6,1555,0,1
7.8,1555,0,1
8,1555,0,1
8.2,1555,0,1
8.4,1555,0,1
8.6,1555,0,1
8.8,1555,0,1
9,1555,0,1
9.2,1555,0,1
9.4,1555,0,1
9.6,1555,0,1
9.8,1555,0,1
10,1555,0,1
10.2,1555,0,1
10.4,1555,0,1
10.6,1555,0,1
10.8,1555,0,1
11,1555,0,1
11.2,1555,0,1
11.4,1555,0,1
11.6,1555,0,1
11.8,1555,0,1
12,1555,0,1
12.2,1555,0,1
12.4,1555,0,1
12.6,1555,0,1
12.8,1555,0,1
13,1555,0,1
13.2,1555,0,1
13.4,1555,0,1
13.6,1555,0,1
13.8,1555,0,1
14,1555,0,1
14.2,1555,0,1
14.4,1555,0,1
14.6,1555,0,1
14.8,1555,0,1
15,1555,0,1
15.2,1555,0,1
15.4,1555,0,1
15.6,1555,0,1
15.8,1555,0,1
16,1555,0,1
16.2,1555,0,1
16.4,1555,0,1
16.6,1555,0,1
16.8,1555,0,1
17,1555,0,1
17.2,1555,0,1
17.4,1555,0,1
17.6,1555,0,1
17.8,1555,0,1
18,1555,0,1
18.2,1555,0,1
18.4,1555,0,1
18.6,1555,0,1
18.8,1555,0,1
19,1555,0,1
19.2,1555,0,1
19.4,1555,0,1
19.6,1555,0,1
19.8,1555,0,1
20,1555,0,1
20.2,1555,0,1
20.4,1555,0,1
20.6,1555,0,1
20.8,1555,0,1
21,1555,0,1
21.2,1555,0,1
21.4,1555,0,1
21.6,1555,0,1
21.8,1555,0,1
22,1555,0,1
22.2,1555,0,1
22.4,1555,0,1
22.6,1555,0,1
22.8,1555,0,1
23,1555,0,1
23.2,1555,0,1
23.4,1555,0,1
23.6,1555,0,1
23.8,1555,0,1
24,1555,0,1
2,1560,0,0
2.2,1560,0,0
2.4,1560,0,0
2.6,1560,0,0
2.8,1560,0,0
3,1560,0,0
3.2,1560,0,0
3.4,1560,0,0
3.6,1560,0,0
3.8,1560,0,0
4,1560,0,0
4.2,1560,0,0
4.4,1560,0,0
4.6,1560,0,0
4.8,1560,0,0
5,1560,0,0
5.2,1560,0,0
5.4,1560,0,0
5.6,1560,0,0
5.8,1560,0,0
6,1560,0,0
6.2,1560,0,0
6.4,1560,0,0
6.6,1560,0,0
6.8,1560,0,0
7,1560,1,0
7.2,1560,1,0
7.4,1560,0,1
7.6,1560,0,1
7.8,1560,0,1
8,1560,0,1
8.2,1560,0,1
8.4,1560,0,1
8.6,1560,0,1
8.8,1560,0,1
9,1560,0,1
9.2,1560,0,1
9.4,1560,0,1
9.6,1560,0,1
9.8,1560,0,1
10,1560,0,1
10.2,1560,0,1
10.4,1560,0,1
10.6,1560,0,1
10.8,1560,0,1
11,1560,0,1
11.2,1560,0,1
11.4,1560,0,1
11.6,1560,0,1
11.8,1560,0,1
12,1560,0,1
12.2,1560,0,1
12.4,1560,0,1
12.6,1560,0,1
12.8,1560,0,1
13,1560,0,1
13.2,1560,0,1
13.4,1560,0,1
13.6,1560,0,1
13.8,1560,0,1
14,1560,0,1
14.2,1560,0,1
14.4,1560,0,1
14.6,1560,0,1
14.8,1560,0,1
15,1560,0,1
15.2,1560,0,1
15.4,1560,0,1
15.6,1560,0,1
15.8,1560,0,1
16,1560,0,1
16.2,1560,0,1
16.4,1560,0,1
16.6,1560,0,1
16.8,1560,0,1
17,1560,0,1
17.2,1560,0,1
17.4,1560,0,1
17.6,1560,0,1
17.8,1560,0,1
18,1560,0,1
18.2,1560,0,1
18.4,1560,0,1
18.6,1560,0,1
18.8,1560,0,1
19,1560,0,1
19.2,1560,0,1
19.4,1560,0,1
19.6,1560,0,1
19.8,1560,0,1
20,1560,0,1
20.2,1560,0,1
20.4,1560,0,1
20.6,1560,0,1
20.8,1560,0,1
21,1560,0,1
21.2,1560,0,1
21.4,1560,0,1
21.6,1560,0,1
21.8,1560,0,1
22,1560,0,1
22.2,1560,0,1
22.4,1560,0,1
22.6,1560,0,1
22.8,1560,0,1
23,1560,0,1
23.2,1560,0,1
23.4,1560,0,1
23.6,1560,0,1
23.8,1560,0,1
24,1560,0,1
2,1565,0,0
2.2,1565,0,0
2.4,1565,0,0
2.6,1565,0,0
2.8,1565,0,0
3,1565,0,0
3.2,1565,0,0
3.4,1565,0,0
3.6,1565,0,0
3.8,1565,0,0
4,1565,0,0
4.2,1565,0,0
4.4,1565,0,0
4.6,1565,0,0
4.8,1565,0,0
5,1565,0,0
5.2,1565,0,0
5.4,1565,0,0
5.6,1565,0,0
5.8,1565,0,0
6,1565,0,0
6.2,1565,0,0
6.4,1565,0,0
6.6,1565,0,0
6.8,1565,0,0
7,1565,1,0
7.2,1565,1,0
7.4,1565,0,1
7.6,1565,0,1
7.8,1565,0,1
8,1565,0,1
8.2,1565,0,1
8.4,1565,0,1
8.6,1565,0,1
8.8,1565,0,1
9,1565,0,1
9.2,1565,0,1
9.4,1565,0,1
9.6,1565,0,1
9.8,1565,0,1
10,1565,0,1
10.2,1565,0,1
10.4,1565,0,1
10.6,1565,0,1
10.8,1565,0,1
11,1565,0,1
11.2,1565,0,1
11.4,1565,0,1
11.6,1565,0,1
11.8,1565,0,1
12,1565,0,1
12.2,1565,0,1
12.4,1565,0,1
12.6,1565,0,1
12.8,1565,0,1
13,1565,0,1
13.2,1565,0,1
13.4,1565,0,1
13.6,1565,0,1
13.8,1565,0,1
14,1565,0,1
14.2,1565,0,1
14.4,1565,0,1
14.6,1565,0,1
14.8,1565,0,1
15,1565,0,1
15.2,1565,0,1
15.4,1565,0,1
15.6,1565,0,1
15.8,1565,0,1
16,1565,0,1
16.2,1565,0,1
16.4,1565,0,1
16.6,1565,0,1
16.8,1565,0,1
17,1565,0,1
17.2,1565,0,1
17.4,1565,0,1
17.6,1565,0,1
17.8,1565,0,1
18,1565,0,1
18.2,1565,0,1
18.4,1565,0,1
18.6,1565,0,1
18.8,1565,0,1
19,1565,0,1
19.2,1565,0,1
19.4,1565,0,1
19.6,1565,0,1
19.8,1565,0,1
20,1565,0,1
20.2,1565,0,1
20.4,1565,0,1
20.6,1565,0,1
20.8,1565,0,1
21,1565,0,1
21.2,1565,0,1
21.4,1565,0,1
21.6,1565,0,1
21.8,1565,0,1
22,1565,0,1
22.2,1565,0,1
22.4,1565,0,1
22.6,1565,0,1
22.8,1565,0,1
23,1565,0,1
23.2,1565,0,1
23.4,1565,0,1
23.6,1565,0,1
23.8,1565,0,1
24,1565,0,1
2,1570,0,0
2.2,1570,0,0
2.4,1570,0,0
2.6,1570,0,0
2.8,1570,0,0
3,1570,0,0
3.2,1570,0,0
3.4,1570,0,0
3.6,1570,0,0
3.8,1570,0,0
4,1570,0,0
4.2,1570,0,0
4.4,1570,0,0
4.6,1570,0,0
4.8,1570,0,0
5,1570,0,0
5.2,1570,0,0
5.4,1570,0,0
5.6,1570,0,0
5.8,1570,0,0
6,1570,0,0
6.2,1570,0,0
6.4,1570,0,0
6.6,1570,0,0
6.8,1570,0,0
7,1570,0,0
7.2,1570,1,0
7.4,1570,1,0
7.6,1570,0,1
7.8,1570,0,1
8,1570,0,1
8.2,1570,0,1
8.4,1570,0,1
8.6,1570,0,1
8.8,1570,0,1
9,1570,0,1
9.2,1570,0,1
9.4,1570,0,1
9.6,1570,0,1
9.8,1570,0,1
10,1570,0,1
10.2,1570,0,1
10.4,1570,0,1
10.6,1570,0,1
10.8,1570,0,1
11,1570,0,1
11.2,1570,0,1
11.4,1570,0,1
11.6,1570,0,1
11.8,1570,0,1
12,1570,0,1
12.2,1570,0,1
12.4,1570,0,1
12.6,1570,0,1
12.8,1570,0,1
13,1570,0,1
13.2,1570,0,1
13.4,1570,0,1
13.6,1570,0,1
13.8,1570,0,1
14,1570,0,1
14.2,1570,0,1
14.4,1570,0,1
14.6,1570,0,1
14.8,1570,0,1
15,1570,0,1
15.2,1570,0,1
15.4,1570,0,1
15.6,1570,0,1
15.8,1570,0,1
16,1570,0,1
16.2,1570,0,1
16.4,1570,0,1
16.6,1570,0,1
16.8,1570,0,1
17,1570,0,1
17.2,1570,0,1
17.4,1570,0,1
17.6,1570,0,1
17.8,1570,0,1
18,1570,0,1
18.2,1570,0,1
18.4,1570,0,1
18.6,1570,0,1
18.8,1570,0,1
19,1570,0,1
19.2,1570,0,1
19.4,1570,0,1
19.6,1570,0,1
19.8,1570,0,1
20,1570,0,1
20.2,1570,0,1
20.4,1570,0,1
20.6,1570,0,1
20.8,1570,0,1
21,1570,0,1
21.2,1570,0,1
21.4,1570,0,1
21.6,1570,0,1
21.8,1570,0,1
22,1570,0,1
22.2,1570,0,1
22.4,1570,0,1
22.6,1570,0,1
22.8,1570,0,1
23,1570,0,1
23.2,1570,0,1
23.4,1570,0,1
23.6,1570,0,1
23.8,1570,0,1
24,1570,0,1
2,1575,0,0
2.2,1575,0,0
2.4,1575,0,0
2.6,1575,0,0
2.8,1575,0,0
3,1575,0,0
3.2,1575,0,0
3.4,1575,0,0
3.6,1575,0,0
3.8,1575,0,0
4,1575,0,0
4.2,1575,0,0
4.4,1575,0,0
4.6,1575,0,0
4.8,1575,0,0
5,1575,0,0
5.2,1575,0,0
5.4,1575,0,0
5.6,1575,0,0
5.8,1575,0,0
6,1575,0,0
6.2,1575,0,0
6.4,1575,0,0
6.6,1575,0,0
6.8,1575,0,0
7,1575,0,0
7.2,1575,1,0
7.4,1575,1,0
7.6,1575,0,1
7.8,1575,0,1
8,1575,0,1
8.2,1575,0,1
8.4,1575,0,1
8.6,1575,0,1
8.8,1575,0,1
9,1575,0,1
9.2,1575,0,1
9.4,1575,0,1
9.6,1575,0,1
9.8,1575,0,1
10,1575,0,1
10.2,1575,0,1
10.4,1575,0,1
10.6,1575,0,1
10.8,1575,0,1
11,1575,0,1
11.2,1575,0,1
11.4,1575,0,1
11.6,1575,0,1
11.8,1575,0,1
12,1575,0,1
12.2,1575,0,1
12.4,1575,0,1
12.6,1575,0,1
12.8,1575,0,1
13,1575,0,1
13.2,1575,0,1
13.4,1575,0,1
13.6,1575,0,1
13.8,1575,0,1
14,1575,0,1
14.2,1575,0,1
14.4,1575,0,1
14.6,1575,0,1
14.8,1575,0,1
15,1575,0,1
15.2,1575,0,1
15.4,1575,0,1
15.6,1575,0,1
15.8,1575,0,1
16,1575,0,1
16.2,1575,0,1
16.4,1575,0,1
16.6,1575,0,1
16.8,1575,0,1
17,1575,0,1
17.2,1575,0,1
17.4,1575,0,1
17.6,1575,0,1
17.8,1575,0,1
18,1575,0,1
18.2,1575,0,1
18.4,1575,0,1
18.6,1575,0,1
18.8,1575,0,1
19,1575,0,1
19.2,1575,0,1
19.4,1575,0,1
19.6,1575,0,1
19.8,1575,0,1
20,1575,0,1
20.2,1575,0,1
20.4,1575,0,1
20.6,1575,0,1
20.8,1575,0,1
21,1575,0,1
21.2,1575,0,1
21.4,1575,0,1
21.6,1575,0,1
21.8,1575,0,1
22,1575,0,1
22.2,1575,0,1
22.4,1575,0,1
22.6,1575,0,1
22.8,1575,0,1
23,1575,0,1
23.2,1575,0,1
23.4,1575,0,1
23.6,1575,0,1
23.8,1575,0,1
24,1575,0,1
2,1580,0,0
2.2,1580,0,0
2.4,1580,0,0
2.6,1580,0,0
2.8,1580,0,0
3,1580,0,0
3.2,1580,0,0
3.4,1580,0,0
3.6,1580,0,0
3.8,1580,0,0
4,1580,0,0
4.2,1580,0,0
4.4,1580,0,0
4.6,1580,0,0
4.8,1580,0,0
5,1580,0,0
5.2,1580,0,0
5.4,1580,0,0
5.6,1580,0,0
5.8,1580,0,0
6,1580,0,0
6.2,1580,0,0
6.4,1580,0,0
6.6,1580,0,0
6.8,1580,0,0
7,1580,0,0
7.2,1580,0,0
7.4,1580,1,0
7.6,1580,0,1
7.8,1580,0,1
8,1580,0,1
8.2,1580,0,1
8.4,1580,0,1
8.6,1580,0,1
8.8,1580,0,1
9,1580,0,1
9.2,1580,0,1
9.4,1580,0,1
9.6,1580,0,1
9.8,1580,0,1
10,1580,0,1
10.2,1580,0,1
10.4,1580,0,1
10.6,1580,0,1
10.8,1580,0,1
11,1580,0,1
11.2,1580,0,1
11.4,1580,0,1
11.6,1580,0,1
11.8,1580,0,1
12,1580,0,1
12.2,1580,0,1
12.4,1580,0,1
12.6,1580,0,1
12.8,1580,0,1
13,1580,0,1
13.2,1580,0,1
13.4,1580,0,1
13.6,1580,0,1
13.8,1580,0,1
14,1580,0,1
14.2,1580,0,1
14.4,1580,0,1
14.6,1580,0,1
14.8,1580,0,1
15,1580,0,1
15.2,1580,0,1
15.4,1580,0,1
15.6,1580,0,1
15.8,1580,0,1
16,1580,0,1
16.2,1580,0,1
16.4,1580,0,1
16.6,1580,0,1
16.8,1580,0,1
17,1580,0,1
17.2,1580,0,1
17.4,1580,0,1
17.6,1580,0,1
17.8,1580,0,1
18,1580,0,1
18.2,1580,0,1
18.4,1580,0,1
18.6,1580,0,1
18.8,1580,0,1
19,1580,0,1
19.2,1580,0,1
19.4,1580,0,1
19.6,1580,0,1
19.8,1580,0,1
20,1580,0,1
20.2,1580,0,1
20.4,1580,0,1
20.6,1580,0,1
20.8,1580,0,1
21,1580,0,1
21.2,1580,0,1
21.4,1580,0,1
21.6,1580,0,1
21.8,1580,0,1
22,1580,0,1
22.2,1580,0,1
22.4,1580,0,1
22.6,1580,0,1
22.8,1580,0,1
23,1580,0,1
23.2,1580,0,1
23.4,1580,0,1
23.6,1580,0,1
23.8,1580,0,1
24,1580,0,1
2,1585,0,0
2.2,1585,0,0
2.4,1585,0,0
2.6,1585,0,0
2.8,1585,0,0
3,1585,0,0
3.2,1585,0,0
3.4,1585,0,0
3.6,1585,0,0
3.8,1585,0,0
4,1585,0,0
4.2,1585,0,0
4.4,1585,0,0
4.6,1585,0,0
4.8,1585,0,0
5,1585,0,0
5.2,1585,0,0
5.4,1585,0,0
5.6,1585,0,0
5.8,1585,0,0
6,1585,0,0
6.2,1585,0,0
6.4,1585,0,0
6.6,1585,0,0
6.8,1585,0,0
7,1585,0,0
7.2,1585,0,0
7.4,1585,0,0
7.6,1585,1,0
7.8,1585,0,1
8,1585,0,1
8.2,1585,0,1
8.4,1585,0,1
8.6,1585,0,1
8.8,1585,0,1
9,1585,0,1
9.2,1585,0,1
9.4,1585,0,1
9.6,1585,0,1
9.8,1585,0,1
10,1585,0,1
10.2,1585,0,1
10.4,1585,0,1
10.6,1585,0,1
10.8,1585,0,1
11,1585,0,1
11.2,1585,0,1
11.4,1585,0,1
11.6,1585,0,1
11.8,1585,0,1
12,1585,0,1
12.2,1585,0,1
12.4,1585,0,1
12.6,1585,0,1
12.8,1585,0,1
13,1585,0,1
13.2,1585,0,1
13.4,1585,0,1
13.6,1585,0,1
13.8,1585,0,1
14,1585,0,1
14.2,1585,0,1
14.4,1585,0,1
14.6,1585,0,1
14.8,1585,0,1
15,1585,0,1
15.2,1585,0,1
15.4,1585,0,1
15.6,1585,0,1
15.8,1585,0,1
16,1585,0,1
16.2,1585,0,1
16.4,1585,0,1
16.6,1585,0,1
16.8,1585,0,1
17,1585,0,1
17.2,1585,0,1
17.4,1585,0,1
17.6,1585,0,1
17.8,1585,0,1
18,1585,0,1
18.2,1585,0,1
18.4,1585,0,1
18.6,1585,0,1
18.8,1585,0,1
19,1585,0,1
19.2,1585,0,1
19.4,1585,0,1
19.6,1585,0,1
19.8,1585,0,1
20,1585,0,1
20.2,1585,0,1
20.4,1585,0,1
20.6,1585,0,1
20.8,1585,0,1
21,1585,0,1
21.2,1585,0,1
21.4,1585,0,1
21.6,1585,0,1
21.8,1585,0,1
22,1585,0,1
22.2,1585,0,1
22.4,1585,0,1
22.6,1585,0,1
22.8,1585,0,1
23,1585,0,1
23.2,1585,0,1
23.4,1585,0,1
23.6,1585,0,1
23.8,1585,0,1
24,1585,0,1
2,1590,0,0
2.2,1590,0,0
2.4,1590,0,0
2.6,1590,0,0
2.8,1590,0,0
3,1590,0,0
3.2,1590,0,0
3.4,1590,0,0
3.6,1590,0,0
3.8,1590,0,0
4,1590,0,0
4.2,1590,0,0
4.4,1590,0,0
4.6,1590,0,0
4.8,1590,0,0
5,1590,0,0
5.2,1590,0,0
5.4,1590,0,0
5.6,1590,0,0
5.8,1590,0,0
6,1590,0,0
6.2,1590,0,0
6.4,1590,0,0
6.6,1590,0,0
6.8,1590,0,0
7,1590,0,0
7.2,1590,0,0
7.4,1590,0,0
7.6,1590,1,0
7.8,1590,0,1
8,1590,0,1
8.2,1590,0,1
8.4,1590,0,1
8.6,1590,0,1
8.8,1590,0,1
9,1590,0,1
9.2,1590,0,1
9.4,1590,0,1
9.6,1590,0,1
9.8,1590,0,1
10,1590,0,1
10.2,1590,0,1
10.4,1590,0,1
10.6,1590,0,1
10.8,1590,0,1
11,1590,0,1
11.2,1590,0,1
11.4,1590,0,1
11.6,1590,0,1
11.8,1590,0,1
12,1590,0,1
12.2,1590,0,1
12.4,1590,0,1
12.6,1590,0,1
12.8,1590,0,1
13,1590,0,1
13.2,1590,0,1
13.4,1590,0,1
13.6,1590,0,1
13.8,1590,0,1
14,1590,0,1
14.2,1590,0,1
14.4,1590,0,1
14.6,1590,0,1
14.8,1590,0,1
15,1590,0,1
15.2,1590,0,1
15.4,1590,0,1
15.6,1590,0,1
15.8,1590,0,1
16,1590,0,1
16.2,1590,0,1
16.4,1590,0,1
16.6,1590,0,1
16.8,1590,0,1
17,1590,0,1
17.2,1590,0,1
17.4,1590,0,1
17.6,1590,0,1
17.8,1590,0,1
18,1590,0,1
18.2,1590,0,1
18.4,1590,0,1
18.6,1590,0,1
18.8,1590,0,1
19,1590,0,1
19.2,1590,0,1
19.4,1590,0,1
19.6,1590,0,1
19.8,1590,0,1
20,1590,0,1
20.2,1590,0,1
20.4,1590,0,1
20.6,1590,0,1
20.8,1590,0,1
21,1590,0,1
21.2,1590,0,1
21.4,1590,0,1
21.6,1590,0,1
21.8,1590,0,1
22,1590,0,1
22.2,1590,0,1
22.4,1590,0,1
22.6,1590,0,1
22.8,1590,0,1
23,1590,0,1
23.2,1590,0,1
23.4,1590,0,1
23.6,1590,0,1
23.8,1590,0,1
24,1590,0,1
2,1595,0,0
2.2,1595,0,0
2.4,1595,0,0
2.6,1595,0,0
2.8,1595,0,0
3,1595,0,0
3.2,1595,0,0
3.4,1595,0,0
3.6,1595,0,0
3.8,1595,0,0
4,1595,0,0
4.2,1595,0,0
4.4,1595,0,0
4.6,1595,0,0
4.8,1595,0,0
5,1595,0,0
5.2,1595,0,0
5.4,1595,0,0
5.6,1595,0,0
5.8,1595,0,0
6,1595,0,0
6.2,1595,0,0
6.4,1595,0,0
6.6,1595,0,0
6.8,1595,0,0
7,1595,0,0
7.2,1595,0,0
7.4,1595,0,0
7.6,1595,0,0
7.8,1595,1,0
8,1595,0,1
8.2,1595,0,1
8.4,1595,0,1
8.6,1595,0,1
8.8,1595,0,1
9,1595,0,1
9.2,1595,0,1
9.4,1595,0,1
9.6,1595,0,1
9.8,1595,0,1
10,1595,0,1
10.2,1595,0,1
10.4,1595,0,1
10.6,1595,0,1
10.8,1595,0,1
11,1595,0,1
11.2,1595,0,1
11.4,1595,0,1
11.6,1595,0,1
11.8,1595,0,1
12,1595,0,1
12.2,1595,0,1
12.4,1595,0,1
12.6,1595,0,1
12.8,1595,0,1
13,1595,0,1
13.2,1595,0,1
13.4,1595,0,1
13.6,1595,0,1
13.8,1595,0,1
14,1595,0,1
14.2,1595,0,1
14.4,1595,0,1
14.6,1595,0,1
14.8,1595,0,1
15,1595,0,1
15.2,1595,0,1
15.4,1595,0,1
15.6,1595,0,1
15.8,1595,0,1
16,1595,0,1
16.2,1595,0,1
16.4,1595,0,1
16.6,1595,0,1
16.8,1595,0,1
17,1595,0,1
17.2,1595,0,1
17.4,1595,0,1
17.6,1595,0,1
17.8,1595,0,1
18,1595,0,1
18.2,1595,0,1
18.4,1595,0,1
18.6,1595,0,1
18.8,1595,0,1
19,1595,0,1
19.2,1595,0,1
19.4,1595,0,1
19.6,1595,0,1
19.8,1595,0,1
20,1595,0,1
20.2,1595,0,1
20.4,1595,0,1
20.6,1595,0,1
20.8,1595,0,1
21,1595,0,1
21.2,1595,0,1
21.4,1595,0,1
21.6,1595,0,1
21.8,1595,0,1
22,1595,0,1
22.2,1595,0,1
22.4,1595,0,1
22.6,1595,0,1
22.8,1595,0,1
23,1595,0,1
23.2,1595,0,1
23.4,1595,0,1
23.6,1595,0,1
23.8,1595,0,1
24,1595,0,1
2,1600,0,0
2.2,1600,0,0
2.4,1600,0,0
2.6,1600,0,0
2.8,1600,0,0
3,1600,0,0
3.2,1600,0,0
3.4,1600,0,0
3.6,1600,0,0
3.8,1600,0,0
4,1600,0,0
4.2,1600,0,0
4.4,1600,0,0
4.6,1600,0,0
4.8,1600,0,0
5,1600,0,0
5.2,1600,0,0
5.4,1600,0,0
5.6,1600,0,0
5.8,1600,0,0
6,1600,0,0
6.2,1600,0,0
6.4,1600,0,0
6.6,1600,0,0
6.8,1600,0,0
7,1600,0,0
7.2,1600,0,0
7.4,1600,0,0
7.6,1600,0,0
7.8,1600,1,0
8,1600,0,1
8.2,1600,0,1
8.4,1600,0,1
8.6,1600,0,1
8.8,1600,0,1
9,1600,0,1
9.2,1600,0,1
9.4,1600,0,1
9.6,1600,0,1
9.8,1600,0,1
10,1600,0,1
10.2,1600,0,1
10.4,1600,0,1
10.6,1600,0,1
10.8,1600,0,1
11,1600,0,1
11.2,1600,0,1
11.4,1600,0,1
11.6,1600,0,1
11.8,1600,0,1
12,1600,0,1
12.2,1600,0,1
12.4,1600,0,1
12.6,1600,0,1
12.8,1600,0,1
13,1600,0,1
13.2,1600,0,1
13.4,1600,0,1
13.6,1600,0,1
13.8,1600,0,1
14,1600,0,1
14.2,1600,0,1
14.4,1600,0,1
14.6,1600,0,1
14.8,1600,0,1
15,1600,0,1
15.2,1600,0,1
15.4,1600,0,1
15.6,1600,0,1
15.8,1600,0,1
16,1600,0,1
16.2,1600,0,1
16.4,1600,0,1
16.6,1600,0,1
16.8,1600,0,1
17,1600,0,1
17.2,1600,0,1
17.4,1600,0,1
17.6,1600,0,1
17.8,1600,0,1
18,1600,0,1
18.2,1600,0,1
18.4,1600,0,1
18.6,1600,0,1
18.8,1600,0,1
19,1600,0,1
19.2,1600,0,1
19.4,1600,0,1
19.6,1600,0,1
19.8,1600,0,1
20,1600,0,1
20.2,1600,0,1
20.4,1600,0,1
20.6,1600,0,1
20.8,1600,0,1
21,1600,0,1
21.2,1600,0,1
21.4,1600,0,1
21.6,1600,0,1
21.8,1600,0,1
22,1600,0,1
22.2,1600,0,1
22.4,1600,0,1
22.6,1600,0,1
22.8,1600,0,1
23,1600,0,1
23.2,1600,0,1
23.4,1600,0,1
23.6,1600,0,1
23.8,1600,0,1
24,1600,0,1
2,1605,0,0
2.2,1605,0,0
2.4,1605,0,0
2.6,1605,0,0
2.8,1605,0,0
3,1605,0,0
3.2,1605,0,0
3.4,1605,0,0
3.6,1605,0,0
3.8,1605,0,0
4,1605,0,0
4.2,1605,0,0
4.4,1605,0,0
4.6,1605,0,0
4.8,1605,0,0
5,1605,0,0
5.2,1605,0,0
5.4,1605,0,0
5.6,1605,0,0
5.8,1605,0,0
6,1605,0,0
6.2,1605,0,0
6.4,1605,0,0
6.6,1605,0,0
6.8,1605,0,0
7,1605,0,0
7.2,1605,0,0
7.4,1605,0,0
7.6,1605,0,0
7.8,1605,0,0
8,1605,0,1
8.2,1605,0,1
8.4,1605,0,1
8.6,1605,0,1
8.8,1605,0,1
9,1605,0,1
9.2,1605,0,1
9.4,1605,0,1
9.6,1605,0,1
9.8,1605,0,1
10,1605,0,1
10.2,1605,0,1
10.4,1605,0,1
10.6,1605,0,1
10.8,1605,0,1
11,1605,0,1
11.2,1605,0,1
11.4,1605,0,1
11.6,1605,0,1
11.8,1605,0,1
12,1605,0,1
12.2,1605,0,1
12.4,1605,0,1
12.6,1605,0,1
12.8,1605,0,1
13,1605,0,1
13.2,1605,0,1
13.4,1605,0,1
13.6,1605,0,1
13.8,1605,0,1
14,1605,0,1
14.2,1605,0,1
14.4,1605,0,1
14.6,1605,0,1
14.8,1605,0,1
15,1605,0,1
15.2,1605,0,1
15.4,1605,0,1
15.6,1605,0,1
15.8,1605,0,1
16,1605,0,1
16.2,1605,0,1
16.4,1605,0,1
16.6,1605,0,1
16.8,1605,0,1
17,1605,0,1
17.2,1605,0,1
17.4,1605,0,1
17.6,1605,0,1
17.8,1605,0,1
18,1605,0,1
18.2,1605,0,1
18.4,1605,0,1
18.6,1605,0,1
18.8,1605,0,1
19,1605,0,1
19.2,1605,0,1
19.4,1605,0,1
19.6,1605,0,1
19.8,1605,0,1
20,1605,0,1
20.2,1605,0,1
20.4,1605,0,1
20.6,1605,0,1
20.8,1605,0,1
21,1605,0,1
21.2,1605,0,1
21.4,1605,0,1
21.6,1605,0,1
21.8,1605,0,1
22,1605,0,1
22.2,1605,0,1
22.4,1605,0,1
22.6,1605,0,1
22.8,1605,0,1
23,1605,0,1
23.2,1605,0,1
23.4,1605,0,1
23.6,1605,0,1
23.8,1605,0,1
24,1605,0,1
2,1610,0,0
2.2,1610,0,0
2.4,1610,0,0
2.6,1610,0,0
2.8,1610,0,0
3,1610,0,0
3.2,1610,0,0
3.4,1610,0,0
3.6,1610,0,0
3.8,1610,0,0
4,1610,0,0
4.2,1610,0,0
4.4,1610,0,0
4.6,1610,0,0
4.8,1610,0,0
5,1610,0,0
5.2,1610,0,0
5.4,1610,0,0
5.6,1610,0,0
5.8,1610,0,0
6,1610,0,0
6.2,1610,0,0
6.4,1610,0,0
6.6,1610,0,0
6.8,1610,0,0
7,1610,0,0
7.2,1610,0,0
7.4,1610,0,0
7.6,1610,0,0
7.8,1610,0,0
8,1610,1,0
8.2,1610,0,1
8.4,1610,0,1
8.6,1610,0,1
8.8,1610,0,1
9,1610,0,1
9.2,1610,0,1
9.4,1610,0,1
9.6,1610,0,1
9.8,1610,0,1
10,1610,0,1
10.2,1610,0,1
10.4,1610,0,1
10.6,1610,0,1
10.8,1610,0,1
11,1610,0,1
11.2,1610,0,1
11.4,1610,0,1
11.6,1610,0,1
11.8,1610,0,1
12,1610,0,1
12.2,1610,0,1
12.4,1610,0,1
12.6,1610,0,1
12.8,1610,0,1
13,1610,0,1
13.2,1610,0,1
13.4,1610,0,1
13.6,1610,0,1
13.8,1610,0,1
14,1610,0,1
14.2,1610,0,1
14.4,1610,0,1
14.6,1610,0,1
14.8,1610,0,1
15,1610,0,1
15.2,1610,0,1
15.4,1610,0,1
15.6,1610,0,1
15.8,1610,0,1
16,1610,0,1
16.2,1610,0,1
16.4,1610,0,1
16.6,1610,0,1
16.8,1610,0,1
17,1610,0,1
17.2,1610,0,1
17.4,1610,0,1
17.6,1610,0,1
17.8,1610,0,1
18,1610,0,1
18.2,1610,0,1
18.4,1610,0,1
18.6,1610,0,1
18.8,1610,0,1
19,1610,0,1
19.2,1610,0,1
19.4,1610,0,1
19.6,1610,0,1
19.8,1610,0,1
20,1610,0,1
20.2,1610,0,1
20.4,1610,0,1
20.6,1610,0,1
20.8,1610,0,1
21,1610,0,1
21.2,1610,0,1
21.4,1610,0,1
21.6,1610,0,1
21.8,1610,0,1
22,1610,0,1
22.2,1610,0,1
22.4,1610,0,1
22.6,1610,0,1
22.8,1610,0,1
23,1610,0,1
23.2,1610,0,1
23.4,1610,0,1
23.6,1610,0,1
23.8,1610,0,1
24,1610,0,1
2,1615,0,0
2.2,1615,0,0
2.4,1615,0,0
2.6,1615,0,0
2.8,1615,0,0
3,1615,0,0
3.2,1615,0,0
3.4,1615,0,0
3.6,1615,0,0
3.8,1615,0,0
4,1615,0,0
4.2,1615,0,0
4.4,1615,0,0
4.6,1615,0,0
4.8,1615,0,0
5,1615,0,0
5.2,1615,0,0
5.4,1615,0,0
5.6,1615,0,0
5.8,1615,0,0
6,1615,0,0
6.2,1615,0,0
6.4,1615,0,0
6.6,1615,0,0
6.8,1615,0,0
7,1615,0,0
7.2,1615,0,0
7.4,1615,0,0
7.6,1615,0,0
7.8,1615,0,0
8,1615,0,0
8.2,1615,0,1
8.4,1615,0,1
8.6,1615,0,1
8.8,1615,0,1
9,1615,0,1
9.2,1615,0,1
9.4,1615,0,1
9.6,1615,0,1
9.8,1615,0,1
10,1615,0,1
10.2,1615,0,1
10.4,1615,0,1
10.6,1615,0,1
10.8,1615,0,1
11,1615,0,1
11.2,1615,0,1
11.4,1615,0,1
11.6,1615,0,1
11.8,1615,0,1
12,1615,0,1
12.2,1615,0,1
12.4,1615,0,1
12.6,1615,0,1
12.8,1615,0,1
13,1615,0,1
13.2,1615,0,1
13.4,1615,0,1
13.6,1615,0,1
13.8,1615,0,1
14,1615,0,1
14.2,1615,0,1
14.4,1615,0,1
14.6,1615,0,1
14.8,1615,0,1
15,1615,0,1
15.2,1615,0,1
15.4,1615,0,1
15.6,1615,0,1
15.8,1615,0,1
16,1615,0,1
16.2,1615,0,1
16.4,1615,0,1
16.6,1615,0,1
16.8,1615,0,1
17,1615,0,1
17.2,1615,0,1
17.4,1615,0,1
17.6,1615,0,1
17.8,1615,0,1
18,1615,0,1
18.2,1615,0,1
18.4,1615,0,1
18.6,1615,0,1
18.8,1615,0,1
19,1615,0,1
19.2,1615,0,1
19.4,1615,0,1
19.6,1615,0,1
19.8,1615,0,1
20,1615,0,1
20.2,1615,0,1
20.4,1615,0,1
20.6,1615,0,1
20.8,1615,0,1
21,1615,0,1
21.2,1615,0,1
21.4,1615,0,1
21.6,1615,0,1
21.8,1615,0,1
22,1615,0,1
22.2,1615,0,1
22.4,1615,0,1
22.6,1615,0,1
22.8,1615,0,1
23,1615,0,1
23.2,1615,0,1
23.4,1615,0,1
23.6,1615,0,1
23.8,1615,0,1
24,1615,0,1
2,1620,0,0
2.2,1620,0,0
2.4,1620,0,0
2.6,1620,0,0
2.8,1620,0,0
3,1620,0,0
3.2,1620,0,0
3.4,1620,0,0
3.6,1620,0,0
3.8,1620,0,0
4,1620,0,0
4.2,1620,0,0
4.4,1620,0,0
4.6,1620,0,0
4.8,1620,0,0
5,1620,0,0
5.2,1620,0,0
5.4,1620,0,0
5.6,1620,0,0
5.8,1620,0,0
6,1620,0,0
6.2,1620,0,0
6.4,1620,0,0
6.6,1620,0,0
6.8,1620,0,0
7,1620,0,0
7.2,1620,0,0
7.4,1620,0,0
7.6,1620,0,0
7.8,1620,0,0
8,1620,0,0
8.2,1620,1,0
8.4,1620,0,1
8.6,1620,0,1
8.8,1620,0,1
9,1620,0,1
9.2,1620,0,1
9.4,1620,0,1
9.6,1620,0,1
9.8,1620,0,1
10,1620,0,1
10.2,1620,0,1
10.4,1620,0,1
10.6,1620,0,1
10.8,1620,0,1
11,1620,0,1
11.2,1620,0,1
11.4,1620,0,1
11.6,1620,0,1
11.8,1620,0,1
12,1620,0,1
12.2,1620,0,1
12.4,1620,0,1
12.6,1620,0,1
12.8,1620,0,1
13,1620,0,1
13.2,1620,0,1
13.4,1620,0,1
13.6,1620,0,1
13.8,1620,0,1
14,1620,0,1
14.2,1620,0,1
14.4,1620,0,1
14.6,1620,0,1
14.8,1620,0,1
15,1620,0,1
15.2,1620,0,1
15.4,1620,0,1
15.6,1620,0,1
15.8,1620,0,1
16,1620,0,1
16.2,1620,0,1
16.4,1620,0,1
16.6,1620,0,1
16.8,1620,0,1
17,1620,0,1
17.2,1620,0,1
17.4,1620,0,1
17.6,1620,0,1
17.8,1620,0,1
18,1620,0,1
18.2,1620,0,1
18.4,1620,0,1
18.6,1620,0,1
18.8,1620,0,1
19,1620,0,1
19.2,1620,0,1
19.4,1620,0,1
19.6,1620,0,1
19.8,1620,0,1
20,1620,0,1
20.2,1620,0,1
20.4,1620,0,1
20.6,1620,0,1
20.8,1620,0,1
21,1620,0,1
21.2,1620,0,1
21.4,1620,0,1
21.6,1620,0,1
21.8,1620,0,1
22,1620,0,1
22.2,1620,0,1
22.4,1620,0,1
22.6,1620,0,1
22.8,1620,0,1
23,1620,0,1
23.2,1620,0,1
23.4,1620,0,1
23.6,1620,0,1
23.8,1620,0,1
24,1620,0,1
2,1625,0,0
2.2,1625,0,0
2.4,1625,0,0
2.6,1625,0,0
2.8,1625,0,0
3,1625,0,0
3.2,1625,0,0
3.4,1625,0,0
3.6,1625,0,0
3.8,1625,0,0
4,1625,0,0
4.2,1625,0,0
4.4,1625,0,0
4.6,1625,0,0
4.8,1625,0,0
5,1625,0,0
5.2,1625,0,0
5.4,1625,0,0
5.6,1625,0,0
5.8,1625,0,0
6,1625,0,0
6.2,1625,0,0
6.4,1625,0,0
6.6,1625,0,0
6.8,1625,0,0
7,1625,0,0
7.2,1625,0,0
7.4,1625,0,0
7.6,1625,0,0
7.8,1625,0,0
8,1625,0,0
8.2,1625,0,0
8.4,1625,0,1
8.6,1625,0,1
8.8,1625,0,1
9,1625,0,1
9.2,1625,0,1
9.4,1625,0,1
9.6,1625,0,1
9.8,1625,0,1
10,1625,0,1
10.2,1625,0,1
10.4,1625,0,1
10.6,1625,0,1
10.8,1625,0,1
11,1625,0,1
11.2,1625,0,1
11.4,1625,0,1
11.6,1625,0,1
11.8,1625,0,1
12,1625,0,1
12.2,1625,0,1
12.4,1625,0,1
12.6,1625,0,1
12.8,1625,0,1
13,1625,0,1
13.2,1625,0,1
13.4,1625,0,1
13.6,1625,0,1
13.8,1625,0,1
14,1625,0,1
14.2,1625,0,1
14.4,1625,0,1
14.6,1625,0,1
14.8,1625,0,1
15,1625,0,1
15.2,1625,0,1
15.4,1625,0,1
15.6,1625,0,1
15.8,1625,0,1
16,1625,0,1
16.2,1625,0,1
16.4,1625,0,1
16.6,1625,0,1
16.8,1625,0,1
17,1625,0,1
17.2,1625,0,1
17.4,1625,0,1
17.6,1625,0,1
17.8,1625,0,1
18,1625,0,1
18.2,1625,0,1
18.4,1625,0,1
18.6,1625,0,1
18.8,1625,0,1
19,1625,0,1
19.2,1625,0,1
19.4,1625,0,1
19.6,1625,0,1
19.8,1625,0,1
20,1625,0,1
20.2,1625,0,1
20.4,1625,0,1
20.6,1625,0,1
20.8,1625,0,1
21,1625,0,1
21.2,1625,0,1
21.4,1625,0,1
21.6,1625,0,1
21.8,1625,0,1
22,1625,0,1
22.2,1625,0,1
22.4,1625,0,1
22.6,1625,0,1
22.8,1625,0,1
23,1625,0,1
23.2,1625,0,1
23.4,1625,0,1
23.6,1625,0,1
23.8,1625,0,1
24,1625,0,1
2,1630,0,0
2.2,1630,0,0
2.4,1630,0,0
2.6,1630,0,0
2.8,1630,0,0
3,1630,0,0
3.2,1630,0,0
3.4,1630,0,0
3.6,1630,0,0
3.8,1630,0,0
4,1630,0,0
4.2,1630,0,0
4.4,1630,0,0
4.6,1630,0,0
4.8,1630,0,0
5,1630,0,0
5.2,1630,0,0
5.4,1630,0,0
5.6,1630,0,0
5.8,1630,0,0
6,1630,0,0
6.2,1630,0,0
6.4,1630,0,0
6.6,1630,0,0
6.8,1630,0,0
7,1630,0,0
7.2,1630,0,0
7.4,1630,0,0
7.6,1630,0,0
7.8,1630,0,0
8,1630,0,0
8.2,1630,0,0
8.4,1630,0,0
8.6,1630,0,1
8.8,1630,0,1
9,1630,0,1
9.2,1630,0,1
9.4,1630,0,1
9.6,1630,0,1
9.8,1630,0,1
10,1630,0,1
10.2,1630,0,1
10.4,1630,0,1
10.6,1630,0,1
10.8,1630,0,1
11,1630,0,1
11.2,1630,0,1
11.4,1630,0,1
11.6,1630,0,1
11.8,1630,0,1
12,1630,0,1
12.2,1630,0,1
12.4,1630,0,1
12.6,1630,0,1
12.8,1630,0,1
13,1630,0,1
13.2,1630,0,1
13.4,1630,0,1
13.6,1630,0,1
13.8,1630,0,1
14,1630,0,1
14.2,1630,0,1
14.4,1630,0,1
14.6,1630,0,1
14.8,1630,0,1
15,1630,0,1
15.2,1630,0,1
15.4,1630,0,1
15.6,1630,0,1
15.8,1630,0,1
16,1630,0,1
16.2,1630,0,1
16.4,1630,0,1
16.6,1630,0,1
16.8,1630,0,1
17,1630,0,1
17.2,1630,0,1
17.4,1630,0,1
17.6,1630,0,1
17.8,1630,0,1
18,1630,0,1
18.2,1630,0,1
18.4,1630,0,1
18.6,1630,0,1
18.8,1630,0,1
19,1630,0,1
19.2,1630,0,1
19.4,1630,0,1
19.6,1630,0,1
19.8,1630,0,1
20,1630,0,1
20.2,1630,0,1
20.4,1630,0,1
20.6,1630,0,1
20.8,1630,0,1
21,1630,0,1
21.2,1630,0,1
21.4,1630,0,1
21.6,1630,0,1
21.8,1630,0,1
22,1630,0,1
22.2,1630,0,1
22.4,1630,0,1
22.6,1630,0,1
22.8,1630,0,1
23,1630,0,1
23.2,1630,0,1
23.4,1630,0,1
23.6,1630,0,1
23.8,1630,0,1
24,1630,0,1
2,1635,0,0
2.2,1635,0,0
2.4,1635,0,0
2.6,1635,0,0
2.8,1635,0,0
3,1635,0,0
3.2,1635,0,0
3.4,1635,0,0
3.6,1635,0,0
3.8,1635,0,0
4,1635,0,0
4.2,1635,0,0
4.4,1635,0,0
4.6,1635,0,0
4.8,1635,0,0
5,1635,0,0
5.2,1635,0,0
5.4,1635,0,0
5.6,1635,0,0
5.8,1635,0,0
6,1635,0,0
6.2,1635,0,0
6.4,1635,0,0
6.6,1635,0,0
6.8,1635,0,0
7,1635,0,0
7.2,1635,0,0
7.4,1635,0,0
7.6,1635,0,0
7.8,1635,0,0
8,1635,0,0
8.2,1635,0,0
8.4,1635,0,0
8.6,1635,0,1
8.8,1635,0,1
9,1635,0,1
9.2,1635,0,1
9.4,1635,0,1
9.6,1635,0,1
9.8,1635,0,1
10,1635,0,1
10.2,1635,0,1
10.4,1635,0,1
10.6,1635,0,1
10.8,1635,0,1
11,1635,0,1
11.2,1635,0,1
11.4,1635,0,1
11.6,1635,0,1
11.8,1635,0,1
12,1635,0,1
12.2,1635,0,1
12.4,1635,0,1
12.6,1635,0,1
12.8,1635,0,1
13,1635,0,1
13.2,1635,0,1
13.4,1635,0,1
13.6,1635,0,1
13.8,1635,0,1
14,1635,0,1
14.2,1635,0,1
14.4,1635,0,1
14.6,1635,0,1
14.8,1635,0,1
15,1635,0,1
15.2,1635,0,1
15.4,1635,0,1
15.6,1635,0,1
15.8,1635,0,1
16,1635,0,1
16.2,1635,0,1
16.4,1635,0,1
16.6,1635,0,1
16.8,1635,0,1
17,1635,0,1
17.2,1635,0,1
17.4,1635,0,1
17.6,1635,0,1
17.8,1635,0,1
18,1635,0,1
18.2,1635,0,1
18.4,1635,0,1
18.6,1635,0,1
18.8,1635,0,1
19,1635,0,1
19.2,1635,0,1
19.4,1635,0,1
19.6,1635,0,1
19.8,1635,0,1
20,1635,0,1
20.2,1635,0,1
20.4,1635,0,1
20.6,1635,0,1
20.8,1635,0,1
21,1635,0,1
21.2,1635,0,1
21.4,1635,0,1
21.6,1635,0,1
21.8,1635,0,1
22,1635,0,1
22.2,1635,0,1
22.4,1635,0,1
22.6,1635,0,1
22.8,1635,0,1
23,1635,0,1
23.2,1635,0,1
23.4,1635,0,1
23.6,1635,0,1
23.8,1635,0,1
24,1635,0,1
2,1640,0,0
2.2,1640,0,0
2.4,1640,0,0
2.6,1640,0,0
2.8,1640,0,0
3,1640,0,0
3.2,1640,0,0
3.4,1640,0,0
3.6,1640,0,0
3.8,1640,0,0
4,1640,0,0
4.2,1640,0,0
4.4,1640,0,0
4.6,1640,0,0
4.8,1640,0,0
5,1640,0,0
5.2,1640,0,0
5.4,1640,0,0
5.6,1640,0,0
5.8,1640,0,0
6,1640,0,0
6.2,1640,0,0
6.4,1640,0,0
6.6,1640,0,0
6.8,1640,0,0
7,1640,0,0
7.2,1640,0,0
7.4,1640,0,0
7.6,1640,0,0
7.8,1640,0,0
8,1640,0,0
8.2,1640,0,0
8.4,1640,0,0
8.6,1640,0,0
8.8,1640,0,1
9,1640,0,1
9.2,1640,0,1
9.4,1640,0,1
9.6,1640,0,1
9.8,1640,0,1
10,1640,0,1
10.2,1640,0,1
10.4,1640,0,1
10.6,1640,0,1
10.8,1640,0,1
11,1640,0,1
11.2,1640,0,1
11.4,1640,0,1
11.6,1640,0,1
11.8,1640,0,1
12,1640,0,1
12.2,1640,0,1
12.4,1640,0,1
12.6,1640,0,1
12.8,1640,0,1
13,1640,0,1
13.2,1640,0,1
13.4,1640,0,1
13.6,1640,0,1
13.8,1640,0,1
14,1640,0,1
14.2,1640,0,1
14.4,1640,0,1
14.6,1640,0,1
14.8,1640,0,1
15,1640,0,1
15.2,1640,0,1
15.4,1640,0,1
15.6,1640,0,1
15.8,1640,0,1
16,1640,0,1
16.2,1640,0,1
16.4,1640,0,1
16.6,1640,0,1
16.8,1640,0,1
17,1640,0,1
17.2,1640,0,1
17.4,1640,0,1
17.6,1640,0,1
17.8,1640,0,1
18,1640,0,1
18.2,1640,0,1
18.4,1640,0,1
18.6,1640,0,1
18.8,1640,0,1
19,1640,0,1
19.2,1640,0,1
19.4,1640,0,1
19.6,1640,0,1
19.8,1640,0,1
20,1640,0,1
20.2,1640,0,1
20.4,1640,0,1
20.6,1640,0,1
20.8,1640,0,1
21,1640,0,1
21.2,1640,0,1
21.4,1640,0,1
21.6,1640,0,1
21.8,1640,0,1
22,1640,0,1
22.2,1640,0,1
22.4,1640,0,1
22.6,1640,0,1
22.8,1640,0,1
23,1640,0,1
23.2,1640,0,1
23.4,1640,0,1
23.6,1640,0,1
23.8,1640,0,1
24,1640,0,1
2,1645,0,0
2.2,1645,0,0
2.4,1645,0,0
2.6,1645,0,0
2.8,1645,0,0
3,1645,0,0
3.2,1645,0,0
3.4,1645,0,0
3.6,1645,0,0
3.8,1645,0,0
4,1645,0,0
4.2,1645,0,0
4.4,1645,0,0
4.6,1645,0,0
4.8,1645,0,0
5,1645,0,0
5.2,1645,0,0
5.4,1645,0,0
5.6,1645,0,0
5.8,1645,0,0
6,1645,0,0
6.2,1645,0,0
6.4,1645,0,0
6.6,1645,0,0
6.8,1645,0,0
7,1645,0,0
7.2,1645,0,0
7.4,1645,0,0
7.6,1645,0,0
7.8,1645,0,0
8,1645,0,0
8.2,1645,0,0
8.4,1645,0,0
8.6,1645,0,0
8.8,1645,0,1
9,1645,0,1
9.2,1645,0,1
9.4,1645,0,1
9.6,1645,0,1
9.8,1645,0,1
10,1645,0,1
10.2,1645,0,1
10.4,1645,0,1
10.6,1645,0,1
10.8,1645,0,1
11,1645,0,1
11.2,1645,0,1
11.4,1645,0,1
11.6,1645,0,1
11.8,1645,0,1
12,1645,0,1
12.2,1645,0,1
12.4,1645,0,1
12.6,1645,0,1
12.8,1645,0,1
13,1645,0,1
13.2,1645,0,1
13.4,1645,0,1
13.6,1645,0,1
13.8,1645,0,1
14,1645,0,1
14.2,1645,0,1
14.4,1645,0,1
14.6,1645,0,1
14.8,1645,0,1
15,1645,0,1
15.2,1645,0,1
15.4,1645,0,1
15.6,1645,0,1
15.8,1645,0,1
16,1645,0,1
16.2,1645,0,1
16.4,1645,0,1
16.6,1645,0,1
16.8,1645,0,1
17,1645,0,1
17.2,1645,0,1
17.4,1645,0,1
17.6,1645,0,1
17.8,1645,0,1
18,1645,0,1
18.2,1645,0,1
18.4,1645,0,1
18.6,1645,0,1
18.8,1645,0,1
19,1645,0,1
19.2,1645,0,1
19.4,1645,0,1
19.6,1645,0,1
19.8,1645,0,1
20,1645,0,1
20.2,1645,0,1
20.4,1645,0,1
20.6,1645,0,1
20.8,1645,0,1
21,1645,0,1
21.2,1645,0,1
21.4,1645,0,1
21.6,1645,0,1
21.8,1645,0,1
22,1645,0,1
22.2,1645,0,1
22.4,1645,0,1
22.6,1645,0,1
22.8,1645,0,1
23,1645,0,1
23.2,1645,0,1
23.4,1645,0,1
23.6,1645,0,1
23.8,1645,0,1
24,1645,0,1
2,1650,0,0
2.2,1650,0,0
2.4,1650,0,0
2.6,1650,0,0
2.8,1650,0,0
3,1650,0,0
3.2,1650,0,0
3.4,1650,0,0
3.6,1650,0,0
3.8,1650,0,0
4,1650,0,0
4.2,1650,0,0
4.4,1650,0,0
4.6,1650,0,0
4.8,1650,0,0
5,1650,0,0
5.2,1650,0,0
5.4,1650,0,0
5.6,1650,0,0
5.8,1650,0,0
6,1650,0,0
6.2,1650,0,0
6.4,1650,0,0
6.6,1650,0,0
6.8,1650,0,0
7,1650,0,0
7.2,1650,0,0
7.4,1650,0,0
7.6,1650,0,0
7.8,1650,0,0
8,1650,0,0
8.2,1650,0,0
8.4,1650,0,0
8.6,1650,0,0
8.8,1650,0,0
9,1650,0,1
9.2,1650,0,1
9.4,1650,0,1
9.6,1650,0,1
9.8,1650,0,1
10,1650,0,1
10.2,1650,0,1
10.4,1650,0,1
10.6,1650,0,1
10.8,1650,0,1
11,1650,0,1
11.2,1650,0,1
11.4,1650,0,1
11.6,1650,0,1
11.8,1650,0,1
12,1650,0,1
12.2,1650,0,1
12.4,1650,0,1
12.6,1650,0,1
12.8,1650,0,1
13,1650,0,1
13.2,1650,0,1
13.4,1650,0,1
13.6,1650,0,1
13.8,1650,0,1
14,1650,0,1
14.2,1650,0,1
14.4,1650,0,1
14.6,1650,0,1
14.8,1650,0,1
15,1650,0,1
15.2,1650,0,1
15.4,1650,0,1
15.6,1650,0,1
15.8,1650,0,1
16,1650,0,1
16.2,1650,0,1
16.4,1650,0,1
16.6,1650,0,1
16.8,1650,0,1
17,1650,0,1
17.2,1650,0,1
17.4,1650,0,1
17.6,1650,0,1
17.8,1650,0,1
18,1650,0,1
18.2,1650,0,1
18.4,1650,0,1
18.6,1650,0,1
18.8,1650,0,1
19,1650,0,1
19.2,1650,0,1
19.4,1650,0,1
19.6,1650,0,1
19.8,1650,0,1
20,1650,0,1
20.2,1650,0,1
20.4,1650,0,1
20.6,1650,0,1
20.8,1650,0,1
21,1650,0,1
21.2,1650,0,1
21.4,1650,0,1
21.6,1650,0,1
21.8,1650,0,1
22,1650,0,1
22.2,1650,0,1
22.4,1650,0,1
22.6,1650,0,1
22.8,1650,0,1
23,1650,0,1
23.2,1650,0,1
23.4,1650,0,1
23.6,1650,0,1
23.8,1650,0,1
24,1650,0,1
2,1655,0,0
2.2,1655,0,0
2.4,1655,0,0
2.6,1655,0,0
2.8,1655,0,0
3,1655,0,0
3.2,1655,0,0
3.4,1655,0,0
3.6,1655,0,0
3.8,1655,0,0
4,1655,0,0
4.2,1655,0,0
4.4,1655,0,0
4.6,1655,0,0
4.8,1655,0,0
5,1655,0,0
5.2,1655,0,0
5.4,1655,0,0
5.6,1655,0,0
5.8,1655,0,0
6,1655,0,0
6.2,1655,0,0
6.4,1655,0,0
6.6,1655,0,0
6.8,1655,0,0
7,1655,0,0
7.2,1655,0,0
7.4,1655,0,0
7.6,1655,0,0
7.8,1655,0,0
8,1655,0,0
8.2,1655,0,0
8.4,1655,0,0
8.6,1655,0,0
8.8,1655,0,0
9,1655,0,0
9.2,1655,0,1
9.4,1655,0,1
9.6,1655,0,1
9.8,1655,0,1
10,1655,0,1
10.2,1655,0,1
10.4,1655,0,1
10.6,1655,0,1
10.8,1655,0,1
11,1655,0,1
11.2,1655,0,1
11.4,1655,0,1
11.6,1655,0,1
11.8,1655,0,1
12,1655,0,1
12.2,1655,0,1
12.4,1655,0,1
12.6,1655,0,1
12.8,1655,0,1
13,1655,0,1
13.2,1655,0,1
13.4,1655,0,1
13.6,1655,0,1
13.8,1655,0,1
14,1655,0,1
14.2,1655,0,1
14.4,1655,0,1
14.6,1655,0,1
14.8,1655,0,1
15,1655,0,1
15.2,1655,0,1
15.4,1655,0,1
15.6,1655,0,1
15.8,1655,0,1
16,1655,0,1
16.2,1655,0,1
16.4,1655,0,1
16.6,1655,0,1
16.8,1655,0,1
17,1655,0,1
17.2,1655,0,1
17.4,1655,0,1
17.6,1655,0,1
17.8,1655,0,1
18,1655,0,1
18.2,1655,0,1
18.4,1655,0,1
18.6,1655,0,1
18.8,1655,0,1
19,1655,0,1
19.2,1655,0,1
19.4,1655,0,1
19.6,1655,0,1
19.8,1655,0,1
20,1655,0,1
20.2,1655,0,1
20.4,1655,0,1
20.6,1655,0,1
20.8,1655,0,1
21,1655,0,1
21.2,1655,0,1
21.4,1655,0,1
21.6,1655,0,1
21.8,1655,0,1
22,1655,0,1
22.2,1655,0,1
22.4,1655,0,1
22.6,1655,0,1
22.8,1655,0,1
23,1655,0,1
23.2,1655,0,1
23.4,1655,0,1
23.6,1655,0,1
23.8,1655,0,1
24,1655,0,1
2,1660,0,0
2.2,1660,0,0
2.4,1660,0,0
2.6,1660,0,0
2.8,1660,0,0
3,1660,0,0
3.2,1660,0,0
3.4,1660,0,0
3.6,1660,0,0
3.8,1660,0,0
4,1660,0,0
4.2,1660,0,0
4.4,1660,0,0
4.6,1660,0,0
4.8,1660,0,0
5,1660,0,0
5.2,1660,0,0
5.4,1660,0,0
5.6,1660,0,0
5.8,1660,0,0
6,1660,0,0
6.2,1660,0,0
6.4,1660,0,0
6.6,1660,0,0
6.8,1660,0,0
7,1660,0,0
7.2,1660,0,0
7.4,1660,0,0
7.6,1660,0,0
7.8,1660,0,0
8,1660,0,0
8.2,1660,0,0
8.4,1660,0,0
8.6,1660,0,0
8.8,1660,0,0
9,1660,0,0
9.2,1660,0,1
9.4,1660,0,1
9.6,1660,0,1
9.8,1660,0,1
10,1660,0,1
10.2,1660,0,1
10.4,1660,0,1
10.6,1660,0,1
10.8,1660,0,1
11,1660,0,1
11.2,1660,0,1
11.4,1660,0,1
11.6,1660,0,1
11.8,1660,0,1
12,1660,0,1
12.2,1660,0,1
12.4,1660,0,1
12.6,1660,0,1
12.8,1660,0,1
13,1660,0,1
13.2,1660,0,1
13.4,1660,0,1
13.6,1660,0,1
13.8,1660,0,1
14,1660,0,1
14.2,1660,0,1
14.4,1660,0,1
14.6,1660,0,1
14.8,1660,0,1
15,1660,0,1
15.2,1660,0,1
15.4,1660,0,1
15.6,1660,0,1
15.8,1660,0,1
16,1660,0,1
16.2,1660,0,1
16.4,1660,0,1
16.6,1660,0,1
16.8,1660,0,1
17,1660,0,1
17.2,1660,0,1
17.4,1660,0,1
17.6,1660,0,1
17.8,1660,0,1
18,1660,0,1
18.2,1660,0,1
18.4,1660,0,1
18.6,1660,0,1
18.8,1660,0,1
19,1660,0,1
19.2,1660,0,1
19.4,1660,0,1
19.6,1660,0,1
19.8,1660,0,1
20,1660,0,1
20.2,1660,0,1
20.4,1660,0,1
20.6,1660,0,1
20.8,1660,0,1
21,1660,0,1
21.2,1660,0,1
21.4,1660,0,1
21.6,1660,0,1
21.8,1660,0,1
22,1660,0,1
22.2,1660,0,1
22.4,1660,0,1
22.6,1660,0,1
22.8,1660,0,1
23,1660,0,1
23.2,1660,0,1
23.4,1660,0,1
23.6,1660,0,1
23.8,1660,0,1
24,1660,0,1
2,1665,0,0
2.2,1665,0,0
2.4,1665,0,0
2.6,1665,0,0
2.8,1665,0,0
3,1665,0,0
3.2,1665,0,0
3.4,1665,0,0
3.6,1665,0,0
3.8,1665,0,0
4,1665,0,0
4.2,1665,0,0
4.4,1665,0,0
4.6,1665,0,0
4.8,1665,0,0
5,1665,0,0
5.2,1665,0,0
5.4,1665,0,0
5.6,1665,0,0
5.8,1665,0,0
6,1665,0,0
6.2,1665,0,0
6.4,1665,0,0
6.6,1665,0,0
6.8,1665,0,0
7,1665,0,0
7.2,1665,0,0
7.4,1665,0,0
7.6,1665,0,0
7.8,1665,0,0
8,1665,0,0
8.2,1665,0,0
8.4,1665,0,0
8.6,1665,0,0
8.8,1665,0,0
9,1665,0,0
9.2,1665,0,0
9.4,1665,0,1
9.6,1665,0,1
9.8,1665,0,1
10,1665,0,1
10.2,1665,0,1
10.4,1665,0,1
10.6,1665,0,1
10.8,1665,0,1
11,1665,0,1
11.2,1665,0,1
11.4,1665,0,1
11.6,1665,0,1
11.8,1665,0,1
12,1665,0,1
12.2,1665,0,1
12.4,1665,0,1
12.6,1665,0,1
12.8,1665,0,1
13,1665,0,1
13.2,1665,0,1
13.4,1665,0,1
13.6,1665,0,1
13.8,1665,0,1
14,1665,0,1
14.2,1665,0,1
14.4,1665,0,1
14.6,1665,0,1
14.8,1665,0,1
15,1665,0,1
15.2,1665,0,1
15.4,1665,0,1
15.6,1665,0,1
15.8,1665,0,1
16,1665,0,1
16.2,1665,0,1
16.4,1665,0,1
16.6,1665,0,1
16.8,1665,0,1
17,1665,0,1
17.2,1665,0,1
17.4,1665,0,1
17.6,1665,0,1
17.8,1665,0,1
18,1665,0,1
18.2,1665,0,1
18.4,1665,0,1
18.6,1665,0,1
18.8,1665,0,1
19,1665,0,1
19.2,1665,0,1
19.4,1665,0,1
19.6,1665,0,1
19.8,1665,0,1
20,1665,0,1
20.2,1665,0,1
20.4,1665,0,1
20.6,1665,0,1
20.8,1665,0,1
21,1665,0,1
21.2,1665,0,1
21.4,1665,0,1
21.6,1665,0,1
21.8,1665,0,1
22,1665,0,1
22.2,1665,0,1
22.4,1665,0,1
22.6,1665,0,1
22.8,1665,0,1
23,1665,0,1
23.2,1665,0,1
23.4,1665,0,1
23.6,1665,0,1
23.8,1665,0,1
24,1665,0,1
2,1670,0,0
2.2,1670,0,0
2.4,1670,0,0
2.6,1670,0,0
2.8,1670,0,0
3,1670,0,0
3.2,1670,0,0
3.4,1670,0,0
3.6,1670,0,0
3.8,1670,0,0
4,1670,0,0
4.2,1670,0,0
4.4,1670,0,0
4.6,1670,0,0
4.8,1670,0,0
5,1670,0,0
5.2,1670,0,0
5.4,1670,0,0
5.6,1670,0,0
5.8,1670,0,0
6,1670,0,0
6.2,1670,0,0
6.4,1670,0,0
6.6,1670,0,0
6.8,1670,0,0
7,1670,0,0
7.2,1670,0,0
7.4,1670,0,0
7.6,1670,0,0
7.8,1670,0,0
8,1670,0,0
8.2,1670,0,0
8.4,1670,0,0
8.6,1670,0,0
8.8,1670,0,0
9,1670,0,0
9.2,1670,0,0
9.4,1670,0,1
9.6,1670,0,1
9.8,1670,0,1
10,1670,0,1
10.2,1670,0,1
10.4,1670,0,1
10.6,1670,0,1
10.8,1670,0,1
11,1670,0,1
11.2,1670,0,1
11.4,1670,0,1
11.6,1670,0,1
11.8,1670,0,1
12,1670,0,1
12.2,1670,0,1
12.4,1670,0,1
12.6,1670,0,1
12.8,1670,0,1
13,1670,0,1
13.2,1670,0,1
13.4,1670,0,1
13.6,1670,0,1
13.8,1670,0,1
14,1670,0,1
14.2,1670,0,1
14.4,1670,0,1
14.6,1670,0,1
14.8,1670,0,1
15,1670,0,1
15.2,1670,0,1
15.4,1670,0,1
15.6,1670,0,1
15.8,1670,0,1
16,1670,0,1
16.2,1670,0,1
16.4,1670,0,1
16.6,1670,0,1
16.8,1670,0,1
17,1670,0,1
17.2,1670,0,1
17.4,1670,0,1
17.6,1670,0,1
17.8,1670,0,1
18,1670,0,1
18.2,1670,0,1
18.4,1670,0,1
18.6,1670,0,1
18.8,1670,0,1
19,1670,0,1
19.2,1670,0,1
19.4,1670,0,1
19.6,1670,0,1
19.8,1670,0,1
20,1670,0,1
20.2,1670,0,1
20.4,1670,0,1
20.6,1670,0,1
20.8,1670,0,1
21,1670,0,1
21.2,1670,0,1
21.4,1670,0,1
21.6,1670,0,1
21.8,1670,0,1
22,1670,0,1
22.2,1670,0,1
22.4,1670,0,1
22.6,1670,0,1
22.8,1670,0,1
23,1670,0,1
23.2,1670,0,1
23.4,1670,0,1
23.6,1670,0,1
23.8,1670,0,1
24,1670,0,1
2,1675,0,0
2.2,1675,0,0
2.4,1675,0,0
2.6,1675,0,0
2.8,1675,0,0
3,1675,0,0
3.2,1675,0,0
3.4,1675,0,0
3.6,1675,0,0
3.8,1675,0,0
4,1675,0,0
4.2,1675,0,0
4.4,1675,0,0
4.6,1675,0,0
4.8,1675,0,0
5,1675,0,0
5.2,1675,0,0
5.4,1675,0,0
5.6,1675,0,0
5.8,1675,0,0
6,1675,0,0
6.2,1675,0,0
6.4,1675,0,0
6.6,1675,0,0
6.8,1675,0,0
7,1675,0,0
7.2,1675,0,0
7.4,1675,0,0
7.6,1675,0,0
7.8,1675,0,0
8,1675,0,0
8.2,1675,0,0
8.4,1675,0,0
8.6,1675,0,0
8.8,1675,0,0
9,1675,0,0
9.2,1675,0,0
9.4,1675,0,0
9.6,1675,0,1
9.8,1675,0,1
10,1675,0,1
10.2,1675,0,1
10.4,1675,0,1
10.6,1675,0,1
10.8,1675,0,1
11,1675,0,1
11.2,1675,0,1
11.4,1675,0,1
11.6,1675,0,1
11.8,1675,0,1
12,1675,0,1
12.2,1675,0,1
12.4,1675,0,1
12.6,1675,0,1
12.8,1675,0,1
13,1675,0,1
13.2,1675,0,1
13.4,1675,0,1
13.6,1675,0,1
13.8,1675,0,1
14,1675,0,1
14.2,1675,0,1
14.4,1675,0,1
14.6,1675,0,1
14.8,1675,0,1
15,1675,0,1
15.2,1675,0,1
15.4,1675,0,1
15.6,1675,0,1
15.8,1675,0,1
16,1675,0,1
16.2,1675,0,1
16.4,1675,0,1
16.6,1675,0,1
16.8,1675,0,1
17,1675,0,1
17.2,1675,0,1
17.4,1675,0,1
17.6,1675,0,1
17.8,1675,0,1
18,1675,0,1
18.2,1675,0,1
18.4,1675,0,1
18.6,1675,0,1
18.8,1675,0,1
19,1675,0,1
19.2,1675,0,1
19.4,1675,0,1
19.6,1675,0,1
19.8,1675,0,1
20,1675,0,1
20.2,1675,0,1
20.4,1675,0,1
20.6,1675,0,1
20.8,1675,0,1
21,1675,0,1
21.2,1675,0,1
21.4,1675,0,1
21.6,1675,0,1
21.8,1675,0,1
22,1675,0,1
22.2,1675,0,1
22.4,1675,0,1
22.6,1675,0,1
22.8,1675,0,1
23,1675,0,1
23.2,1675,0,1
23.4,1675,0,1
23.6,1675,0,1
23.8,1675,0,1
24,1675,0,1
2,1680,0,0
2.2,1680,0,0
2.4,1680,0,0
2.6,1680,0,0
2.8,1680,0,0
3,1680,0,0
3.2,1680,0,0
3.4,1680,0,0
3.6,1680,0,0
3.8,1680,0,0
4,1680,0,0
4.2,1680,0,0
4.4,1680,0,0
4.6,1680,0,0
4.8,1680,0,0
5,1680,0,0
5.2,1680,0,0
5.4,1680,0,0
5.6,1680,0,0
5.8,1680,0,0
6,1680,0,0
6.2,1680,0,0
6.4,1680,0,0
6.6,1680,0,0
6.8,1680,0,0
7,1680,0,0
7.2,1680,0,0
7.4,1680,0,0
7.6,1680,0,0
7.8,1680,0,0
8,1680,0,0
8.2,1680,0,0
8.4,1680,0,0
8.6,1680,0,0
8.8,1680,0,0
9,1680,0,0
9.2,1680,0,0
9.4,1680,0,0
9.6,1680,0,0
9.8,1680,0,1
10,1680,0,1
10.2,1680,0,1
10.4,1680,0,1
10.6,1680,0,1
10.8,1680,0,1
11,1680,0,1
11.2,1680,0,1
11.4,1680,0,1
11.6,1680,0,1
11.8,1680,0,1
12,1680,0,1
12.2,1680,0,1
12.4,1680,0,1
12.6,1680,0,1
12.8,1680,0,1
13,1680,0,1
13.2,1680,0,1
13.4,1680,0,1
13.6,1680,0,1
13.8,1680,0,1
14,1680,0,1
14.2,1680,0,1
14.4,1680,0,1
14.6,1680,0,1
14.8,1680,0,1
15,1680,0,1
15.2,1680,0,1
15.4,1680,0,1
15.6,1680,0,1
15.8,1680,0,1
16,1680,0,1
16.2,1680,0,1
16.4,1680,0,1
16.6,1680,0,1
16.8,1680,0,1
17,1680,0,1
17.2,1680,0,1
17.4,1680,0,1
17.6,1680,0,1
17.8,1680,0,1
18,1680,0,1
18.2,1680,0,1
18.4,1680,0,1
18.6,1680,0,1
18.8,1680,0,1
19,1680,0,1
19.2,1680,0,1
19.4,1680,0,1
19.6,1680,0,1
19.8,1680,0,1
20,1680,0,1
20.2,1680,0,1
20.4,1680,0,1
20.6,1680,0,1
20.8,1680,0,1
21,1680,0,1
21.2,1680,0,1
21.4,1680,0,1
21.6,1680,0,1
21.8,1680,0,1
22,1680,0,1
22.2,1680,0,1
22.4,1680,0,1
22.6,1680,0,1
22.8,1680,0,1
23,1680,0,1
23.2,1680,0,1
23.4,1680,0,1
23.6,1680,0,1
23.8,1680,0,1
24,1680,0,1
2,1685,0,0
2.2,1685,0,0
2.4,1685,0,0
2.6,1685,0,0
2.8,1685,0,0
3,1685,0,0
3.2,1685,0,0
3.4,1685,0,0
3.6,1685,0,0
3.8,1685,0,0
4,1685,0,0
4.2,1685,0,0
4.4,1685,0,0
4.6,1685,0,0
4.8,1685,0,0
5,1685,0,0
5.2,1685,0,0
5.4,1685,0,0
5.6,1685,0,0
5.8,1685,0,0
6,1685,0,0
6.2,1685,0,0
6.4,1685,0,0
6.6,1685,0,0
6.8,1685,0,0
7,1685,0,0
7.2,1685,0,0
7.4,1685,0,0
7.6,1685,0,0
7.8,1685,0,0
8,1685,0,0
8.2,1685,0,0
8.4,1685,0,0
8.6,1685,0,0
8.8,1685,0,0
9,1685,0,0
9.2,1685,0,0
9.4,1685,0,0
9.6,1685,0,0
9.8,1685,0,1
10,1685,0,1
10.2,1685,0,1
10.4,1685,0,1
10.6,1685,0,1
10.8,1685,0,1
11,1685,0,1
11.2,1685,0,1
11.4,1685,0,1
11.6,1685,0,1
11.8,1685,0,1
12,1685,0,1
12.2,1685,0,1
12.4,1685,0,1
12.6,1685,0,1
12.8,1685,0,1
13,1685,0,1
13.2,1685,0,1
13.4,1685,0,1
13.6,1685,0,1
13.8,1685,0,1
14,1685,0,1
14.2,1685,0,1
14.4,1685,0,1
14.6,1685,0,1
14.8,1685,0,1
15,1685,0,1
15.2,1685,0,1
15.4,1685,0,1
15.6,1685,0,1
15.8,1685,0,1
16,1685,0,1
16.2,1685,0,1
16.4,1685,0,1
16.6,1685,0,1
16.8,1685,0,1
17,1685,0,1
17.2,1685,0,1
17.4,1685,0,1
17.6,1685,0,1
17.8,1685,0,1
18,1685,0,1
18.2,1685,0,1
18.4,1685,0,1
18.6,1685,0,1
18.8,1685,0,1
19,1685,0,1
19.2,1685,0,1
19.4,1685,0,1
19.6,1685,0,1
19.8,1685,0,1
20,1685,0,1
20.2,1685,0,1
20.4,1685,0,1
20.6,1685,0,1
20.8,1685,0,1
21,1685,0,1
21.2,1685,0,1
21.4,1685,0,1
21.6,1685,0,1
21.8,1685,0,1
22,1685,0,1
22.2,1685,0,1
22.4,1685,0,1
22.6,1685,0,1
22.8,1685,0,1
23,1685,0,1
23.2,1685,0,1
23.4,1685,0,1
23.6,1685,0,1
23.8,1685,0,1
24,1685,0,1
2,1690,0,0
2.2,1690,0,0
2.4,1690,0,0
2.6,1690,0,0
2.8,1690,0,0
3,1690,0,0
3.2,1690,0,0
3.4,1690,0,0
3.6,1690,0,0
3.8,1690,0,0
4,1690,0,0
4.2,1690,0,0
4.4,1690,0,0
4.6,1690,0,0
4.8,1690,0,0
5,1690,0,0
5.2,1690,0,0
5.4,1690,0,0
5.6,1690,0,0
5.8,1690,0,0
6,1690,0,0
6.2,1690,0,0
6.4,1690,0,0
6.6,1690,0,0
6.8,1690,0,0
7,1690,0,0
7.2,1690,0,0
7.4,1690,0,0
7.6,1690,0,0
7.8,1690,0,0
8,1690,0,0
8.2,1690,0,0
8.4,1690,0,0
8.6,1690,0,0
8.8,1690,0,0
9,1690,0,0
9.2,1690,0,0
9.4,1690,0,0
9.6,1690,0,0
9.8,1690,0,0
10,1690,0,1
10.2,1690,0,1
10.4,1690,0,1
10.6,1690,0,1
10.8,1690,0,1
11,1690,0,1
11.2,1690,0,1
11.4,1690,0,1
11.6,1690,0,1
11.8,1690,0,1
12,1690,0,1
12.2,1690,0,1
12.4,1690,0,1
12.6,1690,0,1
12.8,1690,0,1
13,1690,0,1
13.2,1690,0,1
13.4,1690,0,1
13.6,1690,0,1
13.8,1690,0,1
14,1690,0,1
14.2,1690,0,1
14.4,1690,0,1
14.6,1690,0,1
14.8,1690,0,1
15,1690,0,1
15.2,1690,0,1
15.4,1690,0,1
15.6,1690,0,1
15.8,1690,0,1
16,1690,0,1
16.2,1690,0,1
16.4,1690,0,1
16.6,1690,0,1
16.8,1690,0,1
17,1690,0,1
17.2,1690,0,1
17.4,1690,0,1
17.6,1690,0,1
17.8,1690,0,1
18,1690,0,1
18.2,1690,0,1
18.4,1690,0,1
18.6,1690,0,1
18.8,1690,0,1
19,1690,0,1
19.2,1690,0,1
19.4,1690,0,1
19.6,1690,0,1
19.8,1690,0,1
20,1690,0,1
20.2,1690,0,1
20.4,1690,0,1
20.6,1690,0,1
20.8,1690,0,1
21,1690,0,1
21.2,1690,0,1
21.4,1690,0,1
21.6,1690,0,1
21.8,1690,0,1
22,1690,0,1
22.2,1690,0,1
22.4,1690,0,1
22.6,1690,0,1
22.8,1690,0,1
23,1690,0,1
23.2,1690,0,1
23.4,1690,0,1
23.6,1690,0,1
23.8,1690,0,1
24,1690,0,1
2,1695,0,0
2.2,1695,0,0
2.4,1695,0,0
2.6,1695,0,0
2.8,1695,0,0
3,1695,0,0
3.2,1695,0,0
3.4,1695,0,0
3.6,1695,0,0
3.8,1695,0,0
4,1695,0,0
4.2,1695,0,0
4.4,1695,0,0
4.6,1695,0,0
4.8,1695,0,0
5,1695,0,0
5.2,1695,0,0
5.4,1695,0,0
5.6,1695,0,0
5.8,1695,0,0
6,1695,0,0
6.2,1695,0,0
6.4,1695,0,0
6.6,1695,0,0
6.8,1695,0,0
7,1695,0,0
7.2,1695,0,0
7.4,1695,0,0
7.6,1695,0,0
7.8,1695,0,0
8,1695,0,0
8.2,1695,0,0
8.4,1695,0,0
8.6,1695,0,0
8.8,1695,0,0
9,1695,0,0
9.2,1695,0,0
9.4,1695,0,0
9.6,1695,0,0
9.8,1695,0,0
10,1695,0,1
10.2,1695,0,1
10.4,1695,0,1
10.6,1695,0,1
10.8,1695,0,1
11,1695,0,1
11.2,1695,0,1
11.4,1695,0,1
11.6,1695,0,1
11.8,1695,0,1
12,1695,0,1
12.2,1695,0,1
12.4,1695,0,1
12.6,1695,0,1
12.8,1695,0,1
13,1695,0,1
13.2,1695,0,1
13.4,1695,0,1
13.6,1695,0,1
13.8,1695,0,1
14,1695,0,1
14.2,1695,0,1
14.4,1695,0,1
14.6,1695,0,1
14.8,1695,0,1
15,1695,0,1
15.2,1695,0,1
15.4,1695,0,1
15.6,1695,0,1
15.8,1695,0,1
16,1695,0,1
16.2,1695,0,1
16.4,1695,0,1
16.6,1695,0,1
16.8,1695,0,1
17,1695,0,1
17.2,1695,0,1
17.4,1695,0,1
17.6,1695,0,1
17.8,1695,0,1
18,1695,0,1
18.2,1695,0,1
18.4,1695,0,1
18.6,1695,0,1
18.8,1695,0,1
19,1695,0,1
19.2,1695,0,1
19.4,1695,0,1
19.6,1695,0,1
19.8,1695,0,1
20,1695,0,1
20.2,1695,0,1
20.4,1695,0,1
20.6,1695,0,1
20.8,1695,0,1
21,1695,0,1
21.2,1695,0,1
21.4,1695,0,1
21.6,1695,0,1
21.8,1695,0,1
22,1695,0,1
22.2,1695,0,1
22.4,1695,0,1
22.6,1695,0,1
22.8,1695,0,1
23,1695,0,1
23.2,1695,0,1
23.4,1695,0,1
23.6,1695,0,1
23.8,1695,0,1
24,1695,0,1
2,1700,0,0
2.2,1700,0,0
2.4,1700,0,0
2.6,1700,0,0
2.8,1700,0,0
3,1700,0,0
3.2,1700,0,0
3.4,1700,0,0
3.6,1700,0,0
3.8,1700,0,0
4,1700,0,0
4.2,1700,0,0
4.4,1700,0,0
4.6,1700,0,0
4.8,1700,0,0
5,1700,0,0
5.2,1700,0,0
5.4,1700,0,0
5.6,1700,0,0
5.8,1700,0,0
6,1700,0,0
6.2,1700,0,0
6.4,1700,0,0
6.6,1700,0,0
6.8,1700,0,0
7,1700,0,0
7.2,1700,0,0
7.4,1700,0,0
7.6,1700,0,0
7.8,1700,0,0
8,1700,0,0
8.2,1700,0,0
8.4,1700,0,0
8.6,1700,0,0
8.8,1700,0,0
9,1700,0,0
9.2,1700,0,0
9.4,1700,0,0
9.6,1700,0,0
9.8,1700,0,0
10,1700,0,0
10.2,1700,0,1
10.4,1700,0,1
10.6,1700,0,1
10.8,1700,0,1
11,1700,0,1
11.2,1700,0,1
11.4,1700,0,1
11.6,1700,0,1
11.8,1700,0,1
12,1700,0,1
12.2,1700,0,1
12.4,1700,0,1
12.6,1700,0,1
12.8,1700,0,1
13,1700,0,1
13.2,1700,0,1
13.4,1700,0,1
13.6,1700,0,1
13.8,1700,0,1
14,1700,0,1
14.2,1700,0,1
14.4,1700,0,1
14.6,1700,0,1
14.8,1700,0,1
15,1700,0,1
15.2,1700,0,1
15.4,1700,0,1
15.6,1700,0,1
15.8,1700,0,1
16,1700,0,1
16.2,1700,0,1
16.4,1700,0,1
16.6,1700,0,1
16.8,1700,0,1
17,1700,0,1
17.2,1700,0,1
17.4,1700,0,1
17.6,1700,0,1
17.8,1700,0,1
18,1700,0,1
18.2,1700,0,1
18.4,1700,0,1
18.6,1700,0,1
18.8,1700,0,1
19,1700,0,1
19.2,1700,0,1
19.4,1700,0,1
19.6,1700,0,1
19.8,1700,0,1
20,1700,0,1
20.2,1700,0,1
20.4,1700,0,1
20.6,1700,0,1
20.8,1700,0,1
21,1700,0,1
21.2,1700,0,1
21.4,1700,0,1
21.6,1700,0,1
21.8,1700,0,1
22,1700,0,1
22.2,1700,0,1
22.4,1700,0,1
22.6,1700,0,1
22.8,1700,0,1
23,1700,0,1
23.2,1700,0,1
23.4,1700,0,1
23.6,1700,0,1
23.8,1700,0,1
24,1700,0,1
